{"type":"FeatureCollection","metadata":{"title":"Detroit structure loss and rebuild, by ~0.5 mile hex","years":[2014,2015,2016,2017,2018,2019,2020,2021,2022,2023,2024,2025,2026],"demolition_years":[2014,2026],"newbuild_years":[2019,2026],"demolitions_through":"2026-08-13","newbuilds_through":"2026-08-20","cell_width_miles":0.5,"citywide_totals":{"2014":{"demolitions":3546,"newbuilds":0},"2015":{"demolitions":3966,"newbuilds":0},"2016":{"demolitions":3178,"newbuilds":0},"2017":{"demolitions":2489,"newbuilds":0},"2018":{"demolitions":3171,"newbuilds":0},"2019":{"demolitions":3498,"newbuilds":169},"2020":{"demolitions":1267,"newbuilds":97},"2021":{"demolitions":1481,"newbuilds":97},"2022":{"demolitions":2304,"newbuilds":116},"2023":{"demolitions":2558,"newbuilds":102},"2024":{"demolitions":2361,"newbuilds":114},"2025":{"demolitions":1500,"newbuilds":161},"2026":{"demolitions":261,"newbuilds":86}},"sources":{"demolitions":"City of Detroit Completed Demolitions (data.detroitmi.gov, rv44-e9di)","newbuilds":"Building Permits \u2014 BSEED (data.detroitmi.gov), permit_type in (New, Foundation Only)","boundary":"US Census TIGERweb incorporated places"}},"features":[{"type":"Feature","properties":{"id":0,"q":-26,"r":14,"demolitions_2014":0,"newbuilds_2014":0,"net_2014":0,"demolitions_2015":2,"newbuilds_2015":0,"net_2015":-2,"demolitions_2016":1,"newbuilds_2016":0,"net_2016":-1,"demolitions_2017":2,"newbuilds_2017":0,"net_2017":-2,"demolitions_2018":0,"newbuilds_2018":0,"net_2018":0,"demolitions_2019":1,"newbuilds_2019":0,"net_2019":-1,"demolitions_2020":1,"newbuilds_2020":0,"net_2020":-1,"demolitions_2021":0,"newbuilds_2021":0,"net_2021":0,"demolitions_2022":0,"newbuilds_2022":0,"net_2022":0,"demolitions_2023":1,"newbuilds_2023":0,"net_2023":-1,"demolitions_2024":2,"newbuilds_2024":0,"net_2024":-2,"demolitions_2025":4,"newbuilds_2025":0,"net_2025":-4,"demolitions_2026":0,"newbuilds_2026":0,"net_2026":0},"geometry":{"type":"Polygon","coordinates":[[[-83.280945,42.436131],[-83.280945,42.440332],[-83.285836,42.442433],[-83.290726,42.440332],[-83.290726,42.436131],[-83.285836,42.43403],[-83.280945,42.436131]]]}},{"type":"Feature","properties":{"id":1,"q":-25,"r":12,"demolitions_2014":0,"newbuilds_2014":0,"net_2014":0,"demolitions_2015":0,"newbuilds_2015":0,"net_2015":0,"demolitions_2016":1,"newbuilds_2016":0,"net_2016":-1,"demolitions_2017":0,"newbuilds_2017":0,"net_2017":0,"demolitions_2018":1,"newbuilds_2018":0,"net_2018":-1,"demolitions_2019":0,"newbuilds_2019":0,"net_2019":0,"demolitions_2020":1,"newbuilds_2020":0,"net_2020":-1,"demolitions_2021":0,"newbuilds_2021":0,"net_2021":0,"demolitions_2022":0,"newbuilds_2022":0,"net_2022":0,"demolitions_2023":0,"newbuilds_2023":0,"net_2023":0,"demolitions_2024":0,"newbuilds_2024":0,"net_2024":0,"demolitions_2025":0,"newbuilds_2025":0,"net_2025":0,"demolitions_2026":0,"newbuilds_2026":0,"net_2026":0},"geometry":{"type":"Polygon","coordinates":[[[-83.280945,42.423526],[-83.280945,42.427728],[-83.285836,42.429829],[-83.290726,42.427728],[-83.290726,42.423526],[-83.285836,42.421426],[-83.280945,42.423526]]]}},{"type":"Feature","properties":{"id":2,"q":-25,"r":13,"demolitions_2014":1,"newbuilds_2014":0,"net_2014":-1,"demolitions_2015":8,"newbuilds_2015":0,"net_2015":-8,"demolitions_2016":5,"newbuilds_2016":0,"net_2016":-5,"demolitions_2017":4,"newbuilds_2017":0,"net_2017":-4,"demolitions_2018":3,"newbuilds_2018":0,"net_2018":-3,"demolitions_2019":0,"newbuilds_2019":0,"net_2019":0,"demolitions_2020":2,"newbuilds_2020":0,"net_2020":-2,"demolitions_2021":0,"newbuilds_2021":0,"net_2021":0,"demolitions_2022":1,"newbuilds_2022":0,"net_2022":-1,"demolitions_2023":1,"newbuilds_2023":0,"net_2023":-1,"demolitions_2024":0,"newbuilds_2024":0,"net_2024":0,"demolitions_2025":0,"newbuilds_2025":0,"net_2025":0,"demolitions_2026":0,"newbuilds_2026":0,"net_2026":0},"geometry":{"type":"Polygon","coordinates":[[[-83.276055,42.429829],[-83.276055,42.43403],[-83.280945,42.436131],[-83.285836,42.43403],[-83.285836,42.429829],[-83.280945,42.427728],[-83.276055,42.429829]]]}},{"type":"Feature","properties":{"id":3,"q":-25,"r":14,"demolitions_2014":0,"newbuilds_2014":0,"net_2014":0,"demolitions_2015":0,"newbuilds_2015":0,"net_2015":0,"demolitions_2016":0,"newbuilds_2016":0,"net_2016":0,"demolitions_2017":0,"newbuilds_2017":0,"net_2017":0,"demolitions_2018":0,"newbuilds_2018":0,"net_2018":0,"demolitions_2019":0,"newbuilds_2019":0,"net_2019":0,"demolitions_2020":0,"newbuilds_2020":0,"net_2020":0,"demolitions_2021":0,"newbuilds_2021":0,"net_2021":0,"demolitions_2022":0,"newbuilds_2022":0,"net_2022":0,"demolitions_2023":0,"newbuilds_2023":0,"net_2023":0,"demolitions_2024":0,"newbuilds_2024":0,"net_2024":0,"demolitions_2025":1,"newbuilds_2025":0,"net_2025":-1,"demolitions_2026":0,"newbuilds_2026":0,"net_2026":0},"geometry":{"type":"Polygon","coordinates":[[[-83.271165,42.436131],[-83.271165,42.440332],[-83.276055,42.442433],[-83.280945,42.440332],[-83.280945,42.436131],[-83.276055,42.43403],[-83.271165,42.436131]]]}},{"type":"Feature","properties":{"id":4,"q":-24,"r":10,"demolitions_2014":0,"newbuilds_2014":0,"net_2014":0,"demolitions_2015":4,"newbuilds_2015":0,"net_2015":-4,"demolitions_2016":1,"newbuilds_2016":0,"net_2016":-1,"demolitions_2017":0,"newbuilds_2017":0,"net_2017":0,"demolitions_2018":2,"newbuilds_2018":0,"net_2018":-2,"demolitions_2019":0,"newbuilds_2019":0,"net_2019":0,"demolitions_2020":0,"newbuilds_2020":0,"net_2020":0,"demolitions_2021":0,"newbuilds_2021":0,"net_2021":0,"demolitions_2022":0,"newbuilds_2022":0,"net_2022":0,"demolitions_2023":1,"newbuilds_2023":0,"net_2023":-1,"demolitions_2024":1,"newbuilds_2024":0,"net_2024":-1,"demolitions_2025":1,"newbuilds_2025":0,"net_2025":-1,"demolitions_2026":0,"newbuilds_2026":0,"net_2026":0},"geometry":{"type":"Polygon","coordinates":[[[-83.280945,42.410922],[-83.280945,42.415123],[-83.285836,42.417224],[-83.290726,42.415123],[-83.290726,42.410922],[-83.285836,42.408821],[-83.280945,42.410922]]]}},{"type":"Feature","properties":{"id":5,"q":-24,"r":11,"demolitions_2014":1,"newbuilds_2014":0,"net_2014":-1,"demolitions_2015":2,"newbuilds_2015":0,"net_2015":-2,"demolitions_2016":3,"newbuilds_2016":0,"net_2016":-3,"demolitions_2017":1,"newbuilds_2017":0,"net_2017":-1,"demolitions_2018":1,"newbuilds_2018":0,"net_2018":-1,"demolitions_2019":1,"newbuilds_2019":0,"net_2019":-1,"demolitions_2020":0,"newbuilds_2020":0,"net_2020":0,"demolitions_2021":0,"newbuilds_2021":0,"net_2021":0,"demolitions_2022":0,"newbuilds_2022":0,"net_2022":0,"demolitions_2023":0,"newbuilds_2023":0,"net_2023":0,"demolitions_2024":1,"newbuilds_2024":0,"net_2024":-1,"demolitions_2025":0,"newbuilds_2025":0,"net_2025":0,"demolitions_2026":0,"newbuilds_2026":0,"net_2026":0},"geometry":{"type":"Polygon","coordinates":[[[-83.276055,42.417224],[-83.276055,42.421426],[-83.280945,42.423526],[-83.285836,42.421426],[-83.285836,42.417224],[-83.280945,42.415123],[-83.276055,42.417224]]]}},{"type":"Feature","properties":{"id":6,"q":-24,"r":12,"demolitions_2014":1,"newbuilds_2014":0,"net_2014":-1,"demolitions_2015":10,"newbuilds_2015":0,"net_2015":-10,"demolitions_2016":2,"newbuilds_2016":0,"net_2016":-2,"demolitions_2017":1,"newbuilds_2017":0,"net_2017":-1,"demolitions_2018":6,"newbuilds_2018":0,"net_2018":-6,"demolitions_2019":4,"newbuilds_2019":0,"net_2019":-4,"demolitions_2020":2,"newbuilds_2020":0,"net_2020":-2,"demolitions_2021":0,"newbuilds_2021":0,"net_2021":0,"demolitions_2022":0,"newbuilds_2022":1,"net_2022":1,"demolitions_2023":2,"newbuilds_2023":0,"net_2023":-2,"demolitions_2024":2,"newbuilds_2024":0,"net_2024":-2,"demolitions_2025":2,"newbuilds_2025":0,"net_2025":-2,"demolitions_2026":0,"newbuilds_2026":0,"net_2026":0},"geometry":{"type":"Polygon","coordinates":[[[-83.271165,42.423526],[-83.271165,42.427728],[-83.276055,42.429829],[-83.280945,42.427728],[-83.280945,42.423526],[-83.276055,42.421426],[-83.271165,42.423526]]]}},{"type":"Feature","properties":{"id":7,"q":-24,"r":13,"demolitions_2014":0,"newbuilds_2014":0,"net_2014":0,"demolitions_2015":2,"newbuilds_2015":0,"net_2015":-2,"demolitions_2016":0,"newbuilds_2016":0,"net_2016":0,"demolitions_2017":1,"newbuilds_2017":0,"net_2017":-1,"demolitions_2018":0,"newbuilds_2018":0,"net_2018":0,"demolitions_2019":0,"newbuilds_2019":0,"net_2019":0,"demolitions_2020":0,"newbuilds_2020":0,"net_2020":0,"demolitions_2021":0,"newbuilds_2021":0,"net_2021":0,"demolitions_2022":0,"newbuilds_2022":0,"net_2022":0,"demolitions_2023":0,"newbuilds_2023":0,"net_2023":0,"demolitions_2024":0,"newbuilds_2024":0,"net_2024":0,"demolitions_2025":0,"newbuilds_2025":0,"net_2025":0,"demolitions_2026":0,"newbuilds_2026":0,"net_2026":0},"geometry":{"type":"Polygon","coordinates":[[[-83.266274,42.429829],[-83.266274,42.43403],[-83.271165,42.436131],[-83.276055,42.43403],[-83.276055,42.429829],[-83.271165,42.427728],[-83.266274,42.429829]]]}},{"type":"Feature","properties":{"id":8,"q":-24,"r":14,"demolitions_2014":0,"newbuilds_2014":0,"net_2014":0,"demolitions_2015":0,"newbuilds_2015":0,"net_2015":0,"demolitions_2016":0,"newbuilds_2016":0,"net_2016":0,"demolitions_2017":0,"newbuilds_2017":0,"net_2017":0,"demolitions_2018":0,"newbuilds_2018":0,"net_2018":0,"demolitions_2019":0,"newbuilds_2019":0,"net_2019":0,"demolitions_2020":0,"newbuilds_2020":0,"net_2020":0,"demolitions_2021":0,"newbuilds_2021":0,"net_2021":0,"demolitions_2022":1,"newbuilds_2022":0,"net_2022":-1,"demolitions_2023":0,"newbuilds_2023":0,"net_2023":0,"demolitions_2024":0,"newbuilds_2024":0,"net_2024":0,"demolitions_2025":0,"newbuilds_2025":0,"net_2025":0,"demolitions_2026":0,"newbuilds_2026":0,"net_2026":0},"geometry":{"type":"Polygon","coordinates":[[[-83.261384,42.436131],[-83.261384,42.440332],[-83.266274,42.442433],[-83.271165,42.440332],[-83.271165,42.436131],[-83.266274,42.43403],[-83.261384,42.436131]]]}},{"type":"Feature","properties":{"id":9,"q":-23,"r":10,"demolitions_2014":1,"newbuilds_2014":0,"net_2014":-1,"demolitions_2015":1,"newbuilds_2015":0,"net_2015":-1,"demolitions_2016":3,"newbuilds_2016":0,"net_2016":-3,"demolitions_2017":1,"newbuilds_2017":0,"net_2017":-1,"demolitions_2018":3,"newbuilds_2018":0,"net_2018":-3,"demolitions_2019":0,"newbuilds_2019":0,"net_2019":0,"demolitions_2020":0,"newbuilds_2020":0,"net_2020":0,"demolitions_2021":1,"newbuilds_2021":0,"net_2021":-1,"demolitions_2022":0,"newbuilds_2022":0,"net_2022":0,"demolitions_2023":0,"newbuilds_2023":0,"net_2023":0,"demolitions_2024":2,"newbuilds_2024":0,"net_2024":-2,"demolitions_2025":0,"newbuilds_2025":0,"net_2025":0,"demolitions_2026":0,"newbuilds_2026":0,"net_2026":0},"geometry":{"type":"Polygon","coordinates":[[[-83.271165,42.410922],[-83.271165,42.415123],[-83.276055,42.417224],[-83.280945,42.415123],[-83.280945,42.410922],[-83.276055,42.408821],[-83.271165,42.410922]]]}},{"type":"Feature","properties":{"id":10,"q":-23,"r":11,"demolitions_2014":0,"newbuilds_2014":0,"net_2014":0,"demolitions_2015":3,"newbuilds_2015":0,"net_2015":-3,"demolitions_2016":2,"newbuilds_2016":0,"net_2016":-2,"demolitions_2017":1,"newbuilds_2017":0,"net_2017":-1,"demolitions_2018":1,"newbuilds_2018":0,"net_2018":-1,"demolitions_2019":0,"newbuilds_2019":0,"net_2019":0,"demolitions_2020":0,"newbuilds_2020":0,"net_2020":0,"demolitions_2021":0,"newbuilds_2021":0,"net_2021":0,"demolitions_2022":1,"newbuilds_2022":0,"net_2022":-1,"demolitions_2023":1,"newbuilds_2023":0,"net_2023":-1,"demolitions_2024":0,"newbuilds_2024":0,"net_2024":0,"demolitions_2025":0,"newbuilds_2025":0,"net_2025":0,"demolitions_2026":0,"newbuilds_2026":0,"net_2026":0},"geometry":{"type":"Polygon","coordinates":[[[-83.266274,42.417224],[-83.266274,42.421426],[-83.271165,42.423526],[-83.276055,42.421426],[-83.276055,42.417224],[-83.271165,42.415123],[-83.266274,42.417224]]]}},{"type":"Feature","properties":{"id":11,"q":-23,"r":12,"demolitions_2014":0,"newbuilds_2014":0,"net_2014":0,"demolitions_2015":0,"newbuilds_2015":0,"net_2015":0,"demolitions_2016":1,"newbuilds_2016":0,"net_2016":-1,"demolitions_2017":0,"newbuilds_2017":0,"net_2017":0,"demolitions_2018":0,"newbuilds_2018":0,"net_2018":0,"demolitions_2019":0,"newbuilds_2019":0,"net_2019":0,"demolitions_2020":0,"newbuilds_2020":0,"net_2020":0,"demolitions_2021":0,"newbuilds_2021":0,"net_2021":0,"demolitions_2022":0,"newbuilds_2022":0,"net_2022":0,"demolitions_2023":0,"newbuilds_2023":0,"net_2023":0,"demolitions_2024":0,"newbuilds_2024":0,"net_2024":0,"demolitions_2025":1,"newbuilds_2025":0,"net_2025":-1,"demolitions_2026":0,"newbuilds_2026":0,"net_2026":0},"geometry":{"type":"Polygon","coordinates":[[[-83.261384,42.423526],[-83.261384,42.427728],[-83.266274,42.429829],[-83.271165,42.427728],[-83.271165,42.423526],[-83.266274,42.421426],[-83.261384,42.423526]]]}},{"type":"Feature","properties":{"id":12,"q":-23,"r":13,"demolitions_2014":0,"newbuilds_2014":0,"net_2014":0,"demolitions_2015":10,"newbuilds_2015":0,"net_2015":-10,"demolitions_2016":0,"newbuilds_2016":0,"net_2016":0,"demolitions_2017":0,"newbuilds_2017":0,"net_2017":0,"demolitions_2018":1,"newbuilds_2018":0,"net_2018":-1,"demolitions_2019":2,"newbuilds_2019":0,"net_2019":-2,"demolitions_2020":1,"newbuilds_2020":0,"net_2020":-1,"demolitions_2021":0,"newbuilds_2021":0,"net_2021":0,"demolitions_2022":0,"newbuilds_2022":0,"net_2022":0,"demolitions_2023":1,"newbuilds_2023":0,"net_2023":-1,"demolitions_2024":0,"newbuilds_2024":0,"net_2024":0,"demolitions_2025":1,"newbuilds_2025":0,"net_2025":-1,"demolitions_2026":0,"newbuilds_2026":2,"net_2026":2},"geometry":{"type":"Polygon","coordinates":[[[-83.256493,42.429829],[-83.256493,42.43403],[-83.261384,42.436131],[-83.266274,42.43403],[-83.266274,42.429829],[-83.261384,42.427728],[-83.256493,42.429829]]]}},{"type":"Feature","properties":{"id":13,"q":-23,"r":14,"demolitions_2014":4,"newbuilds_2014":0,"net_2014":-4,"demolitions_2015":4,"newbuilds_2015":0,"net_2015":-4,"demolitions_2016":1,"newbuilds_2016":0,"net_2016":-1,"demolitions_2017":1,"newbuilds_2017":0,"net_2017":-1,"demolitions_2018":6,"newbuilds_2018":0,"net_2018":-6,"demolitions_2019":2,"newbuilds_2019":0,"net_2019":-2,"demolitions_2020":1,"newbuilds_2020":0,"net_2020":-1,"demolitions_2021":0,"newbuilds_2021":0,"net_2021":0,"demolitions_2022":1,"newbuilds_2022":0,"net_2022":-1,"demolitions_2023":0,"newbuilds_2023":0,"net_2023":0,"demolitions_2024":1,"newbuilds_2024":0,"net_2024":-1,"demolitions_2025":0,"newbuilds_2025":0,"net_2025":0,"demolitions_2026":0,"newbuilds_2026":0,"net_2026":0},"geometry":{"type":"Polygon","coordinates":[[[-83.251603,42.436131],[-83.251603,42.440332],[-83.256493,42.442433],[-83.261384,42.440332],[-83.261384,42.436131],[-83.256493,42.43403],[-83.251603,42.436131]]]}},{"type":"Feature","properties":{"id":14,"q":-22,"r":9,"demolitions_2014":3,"newbuilds_2014":0,"net_2014":-3,"demolitions_2015":4,"newbuilds_2015":0,"net_2015":-4,"demolitions_2016":0,"newbuilds_2016":0,"net_2016":0,"demolitions_2017":5,"newbuilds_2017":0,"net_2017":-5,"demolitions_2018":6,"newbuilds_2018":0,"net_2018":-6,"demolitions_2019":0,"newbuilds_2019":0,"net_2019":0,"demolitions_2020":4,"newbuilds_2020":0,"net_2020":-4,"demolitions_2021":6,"newbuilds_2021":0,"net_2021":-6,"demolitions_2022":7,"newbuilds_2022":0,"net_2022":-7,"demolitions_2023":26,"newbuilds_2023":0,"net_2023":-26,"demolitions_2024":19,"newbuilds_2024":0,"net_2024":-19,"demolitions_2025":4,"newbuilds_2025":0,"net_2025":-4,"demolitions_2026":1,"newbuilds_2026":0,"net_2026":-1},"geometry":{"type":"Polygon","coordinates":[[[-83.266274,42.40462],[-83.266274,42.408821],[-83.271165,42.410922],[-83.276055,42.408821],[-83.276055,42.40462],[-83.271165,42.402519],[-83.266274,42.40462]]]}},{"type":"Feature","properties":{"id":15,"q":-22,"r":10,"demolitions_2014":1,"newbuilds_2014":0,"net_2014":-1,"demolitions_2015":3,"newbuilds_2015":0,"net_2015":-3,"demolitions_2016":2,"newbuilds_2016":0,"net_2016":-2,"demolitions_2017":0,"newbuilds_2017":0,"net_2017":0,"demolitions_2018":12,"newbuilds_2018":0,"net_2018":-12,"demolitions_2019":11,"newbuilds_2019":0,"net_2019":-11,"demolitions_2020":1,"newbuilds_2020":0,"net_2020":-1,"demolitions_2021":1,"newbuilds_2021":0,"net_2021":-1,"demolitions_2022":4,"newbuilds_2022":0,"net_2022":-4,"demolitions_2023":3,"newbuilds_2023":0,"net_2023":-3,"demolitions_2024":5,"newbuilds_2024":0,"net_2024":-5,"demolitions_2025":2,"newbuilds_2025":0,"net_2025":-2,"demolitions_2026":0,"newbuilds_2026":0,"net_2026":0},"geometry":{"type":"Polygon","coordinates":[[[-83.261384,42.410922],[-83.261384,42.415123],[-83.266274,42.417224],[-83.271165,42.415123],[-83.271165,42.410922],[-83.266274,42.408821],[-83.261384,42.410922]]]}},{"type":"Feature","properties":{"id":16,"q":-22,"r":11,"demolitions_2014":2,"newbuilds_2014":0,"net_2014":-2,"demolitions_2015":4,"newbuilds_2015":0,"net_2015":-4,"demolitions_2016":3,"newbuilds_2016":0,"net_2016":-3,"demolitions_2017":1,"newbuilds_2017":0,"net_2017":-1,"demolitions_2018":3,"newbuilds_2018":0,"net_2018":-3,"demolitions_2019":3,"newbuilds_2019":0,"net_2019":-3,"demolitions_2020":0,"newbuilds_2020":0,"net_2020":0,"demolitions_2021":0,"newbuilds_2021":0,"net_2021":0,"demolitions_2022":4,"newbuilds_2022":0,"net_2022":-4,"demolitions_2023":0,"newbuilds_2023":0,"net_2023":0,"demolitions_2024":2,"newbuilds_2024":1,"net_2024":-1,"demolitions_2025":1,"newbuilds_2025":0,"net_2025":-1,"demolitions_2026":0,"newbuilds_2026":1,"net_2026":1},"geometry":{"type":"Polygon","coordinates":[[[-83.256493,42.417224],[-83.256493,42.421426],[-83.261384,42.423526],[-83.266274,42.421426],[-83.266274,42.417224],[-83.261384,42.415123],[-83.256493,42.417224]]]}},{"type":"Feature","properties":{"id":17,"q":-22,"r":12,"demolitions_2014":37,"newbuilds_2014":0,"net_2014":-37,"demolitions_2015":11,"newbuilds_2015":0,"net_2015":-11,"demolitions_2016":5,"newbuilds_2016":0,"net_2016":-5,"demolitions_2017":1,"newbuilds_2017":0,"net_2017":-1,"demolitions_2018":9,"newbuilds_2018":0,"net_2018":-9,"demolitions_2019":3,"newbuilds_2019":0,"net_2019":-3,"demolitions_2020":1,"newbuilds_2020":0,"net_2020":-1,"demolitions_2021":0,"newbuilds_2021":0,"net_2021":0,"demolitions_2022":2,"newbuilds_2022":0,"net_2022":-2,"demolitions_2023":2,"newbuilds_2023":0,"net_2023":-2,"demolitions_2024":2,"newbuilds_2024":0,"net_2024":-2,"demolitions_2025":1,"newbuilds_2025":0,"net_2025":-1,"demolitions_2026":0,"newbuilds_2026":0,"net_2026":0},"geometry":{"type":"Polygon","coordinates":[[[-83.251603,42.423526],[-83.251603,42.427728],[-83.256493,42.429829],[-83.261384,42.427728],[-83.261384,42.423526],[-83.256493,42.421426],[-83.251603,42.423526]]]}},{"type":"Feature","properties":{"id":18,"q":-22,"r":13,"demolitions_2014":19,"newbuilds_2014":0,"net_2014":-19,"demolitions_2015":14,"newbuilds_2015":0,"net_2015":-14,"demolitions_2016":3,"newbuilds_2016":0,"net_2016":-3,"demolitions_2017":3,"newbuilds_2017":0,"net_2017":-3,"demolitions_2018":8,"newbuilds_2018":0,"net_2018":-8,"demolitions_2019":2,"newbuilds_2019":0,"net_2019":-2,"demolitions_2020":2,"newbuilds_2020":0,"net_2020":-2,"demolitions_2021":0,"newbuilds_2021":0,"net_2021":0,"demolitions_2022":1,"newbuilds_2022":0,"net_2022":-1,"demolitions_2023":3,"newbuilds_2023":0,"net_2023":-3,"demolitions_2024":0,"newbuilds_2024":0,"net_2024":0,"demolitions_2025":3,"newbuilds_2025":0,"net_2025":-3,"demolitions_2026":0,"newbuilds_2026":0,"net_2026":0},"geometry":{"type":"Polygon","coordinates":[[[-83.246712,42.429829],[-83.246712,42.43403],[-83.251603,42.436131],[-83.256493,42.43403],[-83.256493,42.429829],[-83.251603,42.427728],[-83.246712,42.429829]]]}},{"type":"Feature","properties":{"id":19,"q":-22,"r":14,"demolitions_2014":1,"newbuilds_2014":0,"net_2014":-1,"demolitions_2015":4,"newbuilds_2015":0,"net_2015":-4,"demolitions_2016":2,"newbuilds_2016":0,"net_2016":-2,"demolitions_2017":0,"newbuilds_2017":0,"net_2017":0,"demolitions_2018":1,"newbuilds_2018":0,"net_2018":-1,"demolitions_2019":2,"newbuilds_2019":1,"net_2019":-1,"demolitions_2020":0,"newbuilds_2020":1,"net_2020":1,"demolitions_2021":0,"newbuilds_2021":0,"net_2021":0,"demolitions_2022":0,"newbuilds_2022":0,"net_2022":0,"demolitions_2023":0,"newbuilds_2023":0,"net_2023":0,"demolitions_2024":0,"newbuilds_2024":0,"net_2024":0,"demolitions_2025":1,"newbuilds_2025":0,"net_2025":-1,"demolitions_2026":0,"newbuilds_2026":0,"net_2026":0},"geometry":{"type":"Polygon","coordinates":[[[-83.241822,42.436131],[-83.241822,42.440332],[-83.246712,42.442433],[-83.251603,42.440332],[-83.251603,42.436131],[-83.246712,42.43403],[-83.241822,42.436131]]]}},{"type":"Feature","properties":{"id":20,"q":-21,"r":7,"demolitions_2014":0,"newbuilds_2014":0,"net_2014":0,"demolitions_2015":0,"newbuilds_2015":0,"net_2015":0,"demolitions_2016":0,"newbuilds_2016":0,"net_2016":0,"demolitions_2017":0,"newbuilds_2017":0,"net_2017":0,"demolitions_2018":0,"newbuilds_2018":0,"net_2018":0,"demolitions_2019":0,"newbuilds_2019":0,"net_2019":0,"demolitions_2020":0,"newbuilds_2020":0,"net_2020":0,"demolitions_2021":0,"newbuilds_2021":0,"net_2021":0,"demolitions_2022":0,"newbuilds_2022":0,"net_2022":0,"demolitions_2023":0,"newbuilds_2023":0,"net_2023":0,"demolitions_2024":0,"newbuilds_2024":0,"net_2024":0,"demolitions_2025":0,"newbuilds_2025":0,"net_2025":0,"demolitions_2026":0,"newbuilds_2026":0,"net_2026":0},"geometry":{"type":"Polygon","coordinates":[[[-83.266274,42.392015],[-83.266274,42.396217],[-83.271165,42.398317],[-83.276055,42.396217],[-83.276055,42.392015],[-83.271165,42.389914],[-83.266274,42.392015]]]}},{"type":"Feature","properties":{"id":21,"q":-21,"r":8,"demolitions_2014":5,"newbuilds_2014":0,"net_2014":-5,"demolitions_2015":18,"newbuilds_2015":0,"net_2015":-18,"demolitions_2016":5,"newbuilds_2016":0,"net_2016":-5,"demolitions_2017":4,"newbuilds_2017":0,"net_2017":-4,"demolitions_2018":12,"newbuilds_2018":0,"net_2018":-12,"demolitions_2019":1,"newbuilds_2019":0,"net_2019":-1,"demolitions_2020":0,"newbuilds_2020":0,"net_2020":0,"demolitions_2021":2,"newbuilds_2021":0,"net_2021":-2,"demolitions_2022":6,"newbuilds_2022":0,"net_2022":-6,"demolitions_2023":26,"newbuilds_2023":0,"net_2023":-26,"demolitions_2024":13,"newbuilds_2024":0,"net_2024":-13,"demolitions_2025":3,"newbuilds_2025":0,"net_2025":-3,"demolitions_2026":0,"newbuilds_2026":0,"net_2026":0},"geometry":{"type":"Polygon","coordinates":[[[-83.261384,42.398317],[-83.261384,42.402519],[-83.266274,42.40462],[-83.271165,42.402519],[-83.271165,42.398317],[-83.266274,42.396217],[-83.261384,42.398317]]]}},{"type":"Feature","properties":{"id":22,"q":-21,"r":9,"demolitions_2014":3,"newbuilds_2014":0,"net_2014":-3,"demolitions_2015":5,"newbuilds_2015":0,"net_2015":-5,"demolitions_2016":5,"newbuilds_2016":0,"net_2016":-5,"demolitions_2017":3,"newbuilds_2017":0,"net_2017":-3,"demolitions_2018":18,"newbuilds_2018":0,"net_2018":-18,"demolitions_2019":14,"newbuilds_2019":0,"net_2019":-14,"demolitions_2020":13,"newbuilds_2020":0,"net_2020":-13,"demolitions_2021":1,"newbuilds_2021":0,"net_2021":-1,"demolitions_2022":46,"newbuilds_2022":0,"net_2022":-46,"demolitions_2023":28,"newbuilds_2023":0,"net_2023":-28,"demolitions_2024":6,"newbuilds_2024":0,"net_2024":-6,"demolitions_2025":15,"newbuilds_2025":0,"net_2025":-15,"demolitions_2026":1,"newbuilds_2026":0,"net_2026":-1},"geometry":{"type":"Polygon","coordinates":[[[-83.256493,42.40462],[-83.256493,42.408821],[-83.261384,42.410922],[-83.266274,42.408821],[-83.266274,42.40462],[-83.261384,42.402519],[-83.256493,42.40462]]]}},{"type":"Feature","properties":{"id":23,"q":-21,"r":10,"demolitions_2014":1,"newbuilds_2014":0,"net_2014":-1,"demolitions_2015":2,"newbuilds_2015":0,"net_2015":-2,"demolitions_2016":3,"newbuilds_2016":0,"net_2016":-3,"demolitions_2017":5,"newbuilds_2017":0,"net_2017":-5,"demolitions_2018":4,"newbuilds_2018":0,"net_2018":-4,"demolitions_2019":1,"newbuilds_2019":0,"net_2019":-1,"demolitions_2020":11,"newbuilds_2020":0,"net_2020":-11,"demolitions_2021":0,"newbuilds_2021":0,"net_2021":0,"demolitions_2022":2,"newbuilds_2022":1,"net_2022":-1,"demolitions_2023":2,"newbuilds_2023":0,"net_2023":-2,"demolitions_2024":2,"newbuilds_2024":0,"net_2024":-2,"demolitions_2025":4,"newbuilds_2025":0,"net_2025":-4,"demolitions_2026":0,"newbuilds_2026":0,"net_2026":0},"geometry":{"type":"Polygon","coordinates":[[[-83.251603,42.410922],[-83.251603,42.415123],[-83.256493,42.417224],[-83.261384,42.415123],[-83.261384,42.410922],[-83.256493,42.408821],[-83.251603,42.410922]]]}},{"type":"Feature","properties":{"id":24,"q":-21,"r":11,"demolitions_2014":42,"newbuilds_2014":0,"net_2014":-42,"demolitions_2015":23,"newbuilds_2015":0,"net_2015":-23,"demolitions_2016":14,"newbuilds_2016":0,"net_2016":-14,"demolitions_2017":1,"newbuilds_2017":0,"net_2017":-1,"demolitions_2018":6,"newbuilds_2018":0,"net_2018":-6,"demolitions_2019":13,"newbuilds_2019":0,"net_2019":-13,"demolitions_2020":1,"newbuilds_2020":0,"net_2020":-1,"demolitions_2021":4,"newbuilds_2021":0,"net_2021":-4,"demolitions_2022":4,"newbuilds_2022":0,"net_2022":-4,"demolitions_2023":3,"newbuilds_2023":2,"net_2023":-1,"demolitions_2024":2,"newbuilds_2024":0,"net_2024":-2,"demolitions_2025":3,"newbuilds_2025":0,"net_2025":-3,"demolitions_2026":0,"newbuilds_2026":0,"net_2026":0},"geometry":{"type":"Polygon","coordinates":[[[-83.246712,42.417224],[-83.246712,42.421426],[-83.251603,42.423526],[-83.256493,42.421426],[-83.256493,42.417224],[-83.251603,42.415123],[-83.246712,42.417224]]]}},{"type":"Feature","properties":{"id":25,"q":-21,"r":12,"demolitions_2014":70,"newbuilds_2014":0,"net_2014":-70,"demolitions_2015":35,"newbuilds_2015":0,"net_2015":-35,"demolitions_2016":20,"newbuilds_2016":0,"net_2016":-20,"demolitions_2017":5,"newbuilds_2017":0,"net_2017":-5,"demolitions_2018":14,"newbuilds_2018":0,"net_2018":-14,"demolitions_2019":15,"newbuilds_2019":0,"net_2019":-15,"demolitions_2020":1,"newbuilds_2020":0,"net_2020":-1,"demolitions_2021":0,"newbuilds_2021":0,"net_2021":0,"demolitions_2022":1,"newbuilds_2022":0,"net_2022":-1,"demolitions_2023":5,"newbuilds_2023":0,"net_2023":-5,"demolitions_2024":3,"newbuilds_2024":0,"net_2024":-3,"demolitions_2025":3,"newbuilds_2025":0,"net_2025":-3,"demolitions_2026":0,"newbuilds_2026":0,"net_2026":0},"geometry":{"type":"Polygon","coordinates":[[[-83.241822,42.423526],[-83.241822,42.427728],[-83.246712,42.429829],[-83.251603,42.427728],[-83.251603,42.423526],[-83.246712,42.421426],[-83.241822,42.423526]]]}},{"type":"Feature","properties":{"id":26,"q":-21,"r":13,"demolitions_2014":15,"newbuilds_2014":0,"net_2014":-15,"demolitions_2015":9,"newbuilds_2015":0,"net_2015":-9,"demolitions_2016":4,"newbuilds_2016":0,"net_2016":-4,"demolitions_2017":3,"newbuilds_2017":0,"net_2017":-3,"demolitions_2018":8,"newbuilds_2018":0,"net_2018":-8,"demolitions_2019":9,"newbuilds_2019":0,"net_2019":-9,"demolitions_2020":2,"newbuilds_2020":0,"net_2020":-2,"demolitions_2021":0,"newbuilds_2021":0,"net_2021":0,"demolitions_2022":0,"newbuilds_2022":0,"net_2022":0,"demolitions_2023":3,"newbuilds_2023":0,"net_2023":-3,"demolitions_2024":0,"newbuilds_2024":0,"net_2024":0,"demolitions_2025":1,"newbuilds_2025":0,"net_2025":-1,"demolitions_2026":0,"newbuilds_2026":0,"net_2026":0},"geometry":{"type":"Polygon","coordinates":[[[-83.236932,42.429829],[-83.236932,42.43403],[-83.241822,42.436131],[-83.246712,42.43403],[-83.246712,42.429829],[-83.241822,42.427728],[-83.236932,42.429829]]]}},{"type":"Feature","properties":{"id":27,"q":-21,"r":14,"demolitions_2014":1,"newbuilds_2014":0,"net_2014":-1,"demolitions_2015":3,"newbuilds_2015":0,"net_2015":-3,"demolitions_2016":1,"newbuilds_2016":0,"net_2016":-1,"demolitions_2017":0,"newbuilds_2017":0,"net_2017":0,"demolitions_2018":1,"newbuilds_2018":0,"net_2018":-1,"demolitions_2019":0,"newbuilds_2019":0,"net_2019":0,"demolitions_2020":0,"newbuilds_2020":0,"net_2020":0,"demolitions_2021":0,"newbuilds_2021":0,"net_2021":0,"demolitions_2022":0,"newbuilds_2022":0,"net_2022":0,"demolitions_2023":0,"newbuilds_2023":0,"net_2023":0,"demolitions_2024":0,"newbuilds_2024":0,"net_2024":0,"demolitions_2025":0,"newbuilds_2025":0,"net_2025":0,"demolitions_2026":0,"newbuilds_2026":0,"net_2026":0},"geometry":{"type":"Polygon","coordinates":[[[-83.232041,42.436131],[-83.232041,42.440332],[-83.236932,42.442433],[-83.241822,42.440332],[-83.241822,42.436131],[-83.236932,42.43403],[-83.232041,42.436131]]]}},{"type":"Feature","properties":{"id":28,"q":-20,"r":5,"demolitions_2014":0,"newbuilds_2014":0,"net_2014":0,"demolitions_2015":0,"newbuilds_2015":0,"net_2015":0,"demolitions_2016":0,"newbuilds_2016":0,"net_2016":0,"demolitions_2017":5,"newbuilds_2017":0,"net_2017":-5,"demolitions_2018":2,"newbuilds_2018":0,"net_2018":-2,"demolitions_2019":0,"newbuilds_2019":0,"net_2019":0,"demolitions_2020":0,"newbuilds_2020":0,"net_2020":0,"demolitions_2021":0,"newbuilds_2021":0,"net_2021":0,"demolitions_2022":0,"newbuilds_2022":0,"net_2022":0,"demolitions_2023":1,"newbuilds_2023":0,"net_2023":-1,"demolitions_2024":0,"newbuilds_2024":0,"net_2024":0,"demolitions_2025":0,"newbuilds_2025":0,"net_2025":0,"demolitions_2026":0,"newbuilds_2026":0,"net_2026":0},"geometry":{"type":"Polygon","coordinates":[[[-83.266274,42.379411],[-83.266274,42.383612],[-83.271165,42.385713],[-83.276055,42.383612],[-83.276055,42.379411],[-83.271165,42.37731],[-83.266274,42.379411]]]}},{"type":"Feature","properties":{"id":29,"q":-20,"r":6,"demolitions_2014":1,"newbuilds_2014":0,"net_2014":-1,"demolitions_2015":0,"newbuilds_2015":0,"net_2015":0,"demolitions_2016":0,"newbuilds_2016":0,"net_2016":0,"demolitions_2017":0,"newbuilds_2017":0,"net_2017":0,"demolitions_2018":0,"newbuilds_2018":0,"net_2018":0,"demolitions_2019":0,"newbuilds_2019":0,"net_2019":0,"demolitions_2020":0,"newbuilds_2020":0,"net_2020":0,"demolitions_2021":0,"newbuilds_2021":0,"net_2021":0,"demolitions_2022":0,"newbuilds_2022":0,"net_2022":0,"demolitions_2023":0,"newbuilds_2023":0,"net_2023":0,"demolitions_2024":0,"newbuilds_2024":0,"net_2024":0,"demolitions_2025":0,"newbuilds_2025":0,"net_2025":0,"demolitions_2026":0,"newbuilds_2026":0,"net_2026":0},"geometry":{"type":"Polygon","coordinates":[[[-83.261384,42.385713],[-83.261384,42.389914],[-83.266274,42.392015],[-83.271165,42.389914],[-83.271165,42.385713],[-83.266274,42.383612],[-83.261384,42.385713]]]}},{"type":"Feature","properties":{"id":30,"q":-20,"r":7,"demolitions_2014":29,"newbuilds_2014":0,"net_2014":-29,"demolitions_2015":33,"newbuilds_2015":0,"net_2015":-33,"demolitions_2016":11,"newbuilds_2016":0,"net_2016":-11,"demolitions_2017":10,"newbuilds_2017":0,"net_2017":-10,"demolitions_2018":5,"newbuilds_2018":0,"net_2018":-5,"demolitions_2019":5,"newbuilds_2019":0,"net_2019":-5,"demolitions_2020":1,"newbuilds_2020":0,"net_2020":-1,"demolitions_2021":0,"newbuilds_2021":0,"net_2021":0,"demolitions_2022":0,"newbuilds_2022":0,"net_2022":0,"demolitions_2023":3,"newbuilds_2023":0,"net_2023":-3,"demolitions_2024":10,"newbuilds_2024":0,"net_2024":-10,"demolitions_2025":2,"newbuilds_2025":0,"net_2025":-2,"demolitions_2026":0,"newbuilds_2026":0,"net_2026":0},"geometry":{"type":"Polygon","coordinates":[[[-83.256493,42.392015],[-83.256493,42.396217],[-83.261384,42.398317],[-83.266274,42.396217],[-83.266274,42.392015],[-83.261384,42.389914],[-83.256493,42.392015]]]}},{"type":"Feature","properties":{"id":31,"q":-20,"r":8,"demolitions_2014":4,"newbuilds_2014":0,"net_2014":-4,"demolitions_2015":23,"newbuilds_2015":0,"net_2015":-23,"demolitions_2016":10,"newbuilds_2016":0,"net_2016":-10,"demolitions_2017":6,"newbuilds_2017":0,"net_2017":-6,"demolitions_2018":16,"newbuilds_2018":0,"net_2018":-16,"demolitions_2019":24,"newbuilds_2019":0,"net_2019":-24,"demolitions_2020":6,"newbuilds_2020":0,"net_2020":-6,"demolitions_2021":3,"newbuilds_2021":0,"net_2021":-3,"demolitions_2022":4,"newbuilds_2022":0,"net_2022":-4,"demolitions_2023":16,"newbuilds_2023":0,"net_2023":-16,"demolitions_2024":12,"newbuilds_2024":0,"net_2024":-12,"demolitions_2025":5,"newbuilds_2025":0,"net_2025":-5,"demolitions_2026":1,"newbuilds_2026":0,"net_2026":-1},"geometry":{"type":"Polygon","coordinates":[[[-83.251603,42.398317],[-83.251603,42.402519],[-83.256493,42.40462],[-83.261384,42.402519],[-83.261384,42.398317],[-83.256493,42.396217],[-83.251603,42.398317]]]}},{"type":"Feature","properties":{"id":32,"q":-20,"r":9,"demolitions_2014":2,"newbuilds_2014":0,"net_2014":-2,"demolitions_2015":7,"newbuilds_2015":0,"net_2015":-7,"demolitions_2016":4,"newbuilds_2016":0,"net_2016":-4,"demolitions_2017":1,"newbuilds_2017":0,"net_2017":-1,"demolitions_2018":9,"newbuilds_2018":0,"net_2018":-9,"demolitions_2019":17,"newbuilds_2019":0,"net_2019":-17,"demolitions_2020":18,"newbuilds_2020":0,"net_2020":-18,"demolitions_2021":1,"newbuilds_2021":0,"net_2021":-1,"demolitions_2022":13,"newbuilds_2022":0,"net_2022":-13,"demolitions_2023":10,"newbuilds_2023":0,"net_2023":-10,"demolitions_2024":3,"newbuilds_2024":0,"net_2024":-3,"demolitions_2025":3,"newbuilds_2025":0,"net_2025":-3,"demolitions_2026":0,"newbuilds_2026":0,"net_2026":0},"geometry":{"type":"Polygon","coordinates":[[[-83.246712,42.40462],[-83.246712,42.408821],[-83.251603,42.410922],[-83.256493,42.408821],[-83.256493,42.40462],[-83.251603,42.402519],[-83.246712,42.40462]]]}},{"type":"Feature","properties":{"id":33,"q":-20,"r":10,"demolitions_2014":5,"newbuilds_2014":0,"net_2014":-5,"demolitions_2015":5,"newbuilds_2015":0,"net_2015":-5,"demolitions_2016":0,"newbuilds_2016":0,"net_2016":0,"demolitions_2017":0,"newbuilds_2017":0,"net_2017":0,"demolitions_2018":0,"newbuilds_2018":0,"net_2018":0,"demolitions_2019":1,"newbuilds_2019":0,"net_2019":-1,"demolitions_2020":2,"newbuilds_2020":0,"net_2020":-2,"demolitions_2021":0,"newbuilds_2021":0,"net_2021":0,"demolitions_2022":0,"newbuilds_2022":3,"net_2022":3,"demolitions_2023":0,"newbuilds_2023":1,"net_2023":1,"demolitions_2024":1,"newbuilds_2024":0,"net_2024":-1,"demolitions_2025":0,"newbuilds_2025":0,"net_2025":0,"demolitions_2026":0,"newbuilds_2026":0,"net_2026":0},"geometry":{"type":"Polygon","coordinates":[[[-83.241822,42.410922],[-83.241822,42.415123],[-83.246712,42.417224],[-83.251603,42.415123],[-83.251603,42.410922],[-83.246712,42.408821],[-83.241822,42.410922]]]}},{"type":"Feature","properties":{"id":34,"q":-20,"r":11,"demolitions_2014":76,"newbuilds_2014":0,"net_2014":-76,"demolitions_2015":36,"newbuilds_2015":0,"net_2015":-36,"demolitions_2016":8,"newbuilds_2016":0,"net_2016":-8,"demolitions_2017":4,"newbuilds_2017":0,"net_2017":-4,"demolitions_2018":14,"newbuilds_2018":0,"net_2018":-14,"demolitions_2019":34,"newbuilds_2019":0,"net_2019":-34,"demolitions_2020":2,"newbuilds_2020":0,"net_2020":-2,"demolitions_2021":0,"newbuilds_2021":0,"net_2021":0,"demolitions_2022":3,"newbuilds_2022":0,"net_2022":-3,"demolitions_2023":5,"newbuilds_2023":0,"net_2023":-5,"demolitions_2024":1,"newbuilds_2024":0,"net_2024":-1,"demolitions_2025":3,"newbuilds_2025":0,"net_2025":-3,"demolitions_2026":0,"newbuilds_2026":0,"net_2026":0},"geometry":{"type":"Polygon","coordinates":[[[-83.236932,42.417224],[-83.236932,42.421426],[-83.241822,42.423526],[-83.246712,42.421426],[-83.246712,42.417224],[-83.241822,42.415123],[-83.236932,42.417224]]]}},{"type":"Feature","properties":{"id":35,"q":-20,"r":12,"demolitions_2014":42,"newbuilds_2014":0,"net_2014":-42,"demolitions_2015":31,"newbuilds_2015":0,"net_2015":-31,"demolitions_2016":17,"newbuilds_2016":0,"net_2016":-17,"demolitions_2017":4,"newbuilds_2017":0,"net_2017":-4,"demolitions_2018":7,"newbuilds_2018":0,"net_2018":-7,"demolitions_2019":22,"newbuilds_2019":0,"net_2019":-22,"demolitions_2020":1,"newbuilds_2020":0,"net_2020":-1,"demolitions_2021":2,"newbuilds_2021":0,"net_2021":-2,"demolitions_2022":0,"newbuilds_2022":0,"net_2022":0,"demolitions_2023":5,"newbuilds_2023":0,"net_2023":-5,"demolitions_2024":1,"newbuilds_2024":0,"net_2024":-1,"demolitions_2025":1,"newbuilds_2025":0,"net_2025":-1,"demolitions_2026":0,"newbuilds_2026":0,"net_2026":0},"geometry":{"type":"Polygon","coordinates":[[[-83.232041,42.423526],[-83.232041,42.427728],[-83.236932,42.429829],[-83.241822,42.427728],[-83.241822,42.423526],[-83.236932,42.421426],[-83.232041,42.423526]]]}},{"type":"Feature","properties":{"id":36,"q":-20,"r":13,"demolitions_2014":0,"newbuilds_2014":0,"net_2014":0,"demolitions_2015":6,"newbuilds_2015":0,"net_2015":-6,"demolitions_2016":4,"newbuilds_2016":0,"net_2016":-4,"demolitions_2017":0,"newbuilds_2017":0,"net_2017":0,"demolitions_2018":4,"newbuilds_2018":0,"net_2018":-4,"demolitions_2019":3,"newbuilds_2019":0,"net_2019":-3,"demolitions_2020":1,"newbuilds_2020":0,"net_2020":-1,"demolitions_2021":0,"newbuilds_2021":0,"net_2021":0,"demolitions_2022":0,"newbuilds_2022":0,"net_2022":0,"demolitions_2023":0,"newbuilds_2023":0,"net_2023":0,"demolitions_2024":0,"newbuilds_2024":0,"net_2024":0,"demolitions_2025":1,"newbuilds_2025":0,"net_2025":-1,"demolitions_2026":0,"newbuilds_2026":0,"net_2026":0},"geometry":{"type":"Polygon","coordinates":[[[-83.227151,42.429829],[-83.227151,42.43403],[-83.232041,42.436131],[-83.236932,42.43403],[-83.236932,42.429829],[-83.232041,42.427728],[-83.227151,42.429829]]]}},{"type":"Feature","properties":{"id":37,"q":-20,"r":14,"demolitions_2014":9,"newbuilds_2014":0,"net_2014":-9,"demolitions_2015":22,"newbuilds_2015":0,"net_2015":-22,"demolitions_2016":6,"newbuilds_2016":0,"net_2016":-6,"demolitions_2017":1,"newbuilds_2017":0,"net_2017":-1,"demolitions_2018":8,"newbuilds_2018":0,"net_2018":-8,"demolitions_2019":11,"newbuilds_2019":0,"net_2019":-11,"demolitions_2020":2,"newbuilds_2020":0,"net_2020":-2,"demolitions_2021":0,"newbuilds_2021":0,"net_2021":0,"demolitions_2022":5,"newbuilds_2022":0,"net_2022":-5,"demolitions_2023":0,"newbuilds_2023":0,"net_2023":0,"demolitions_2024":1,"newbuilds_2024":1,"net_2024":0,"demolitions_2025":0,"newbuilds_2025":0,"net_2025":0,"demolitions_2026":0,"newbuilds_2026":0,"net_2026":0},"geometry":{"type":"Polygon","coordinates":[[[-83.22226,42.436131],[-83.22226,42.440332],[-83.227151,42.442433],[-83.232041,42.440332],[-83.232041,42.436131],[-83.227151,42.43403],[-83.22226,42.436131]]]}},{"type":"Feature","properties":{"id":38,"q":-19,"r":4,"demolitions_2014":0,"newbuilds_2014":0,"net_2014":0,"demolitions_2015":0,"newbuilds_2015":0,"net_2015":0,"demolitions_2016":1,"newbuilds_2016":0,"net_2016":-1,"demolitions_2017":0,"newbuilds_2017":0,"net_2017":0,"demolitions_2018":0,"newbuilds_2018":0,"net_2018":0,"demolitions_2019":0,"newbuilds_2019":0,"net_2019":0,"demolitions_2020":0,"newbuilds_2020":0,"net_2020":0,"demolitions_2021":0,"newbuilds_2021":0,"net_2021":0,"demolitions_2022":0,"newbuilds_2022":0,"net_2022":0,"demolitions_2023":0,"newbuilds_2023":0,"net_2023":0,"demolitions_2024":0,"newbuilds_2024":0,"net_2024":0,"demolitions_2025":0,"newbuilds_2025":0,"net_2025":0,"demolitions_2026":0,"newbuilds_2026":0,"net_2026":0},"geometry":{"type":"Polygon","coordinates":[[[-83.261384,42.373108],[-83.261384,42.37731],[-83.266274,42.379411],[-83.271165,42.37731],[-83.271165,42.373108],[-83.266274,42.371008],[-83.261384,42.373108]]]}},{"type":"Feature","properties":{"id":39,"q":-19,"r":5,"demolitions_2014":0,"newbuilds_2014":0,"net_2014":0,"demolitions_2015":0,"newbuilds_2015":0,"net_2015":0,"demolitions_2016":0,"newbuilds_2016":0,"net_2016":0,"demolitions_2017":0,"newbuilds_2017":0,"net_2017":0,"demolitions_2018":0,"newbuilds_2018":0,"net_2018":0,"demolitions_2019":0,"newbuilds_2019":0,"net_2019":0,"demolitions_2020":0,"newbuilds_2020":0,"net_2020":0,"demolitions_2021":0,"newbuilds_2021":0,"net_2021":0,"demolitions_2022":0,"newbuilds_2022":0,"net_2022":0,"demolitions_2023":0,"newbuilds_2023":0,"net_2023":0,"demolitions_2024":0,"newbuilds_2024":0,"net_2024":0,"demolitions_2025":0,"newbuilds_2025":0,"net_2025":0,"demolitions_2026":0,"newbuilds_2026":0,"net_2026":0},"geometry":{"type":"Polygon","coordinates":[[[-83.256493,42.379411],[-83.256493,42.383612],[-83.261384,42.385713],[-83.266274,42.383612],[-83.266274,42.379411],[-83.261384,42.37731],[-83.256493,42.379411]]]}},{"type":"Feature","properties":{"id":40,"q":-19,"r":6,"demolitions_2014":5,"newbuilds_2014":0,"net_2014":-5,"demolitions_2015":20,"newbuilds_2015":0,"net_2015":-20,"demolitions_2016":11,"newbuilds_2016":0,"net_2016":-11,"demolitions_2017":8,"newbuilds_2017":0,"net_2017":-8,"demolitions_2018":12,"newbuilds_2018":0,"net_2018":-12,"demolitions_2019":11,"newbuilds_2019":0,"net_2019":-11,"demolitions_2020":2,"newbuilds_2020":0,"net_2020":-2,"demolitions_2021":0,"newbuilds_2021":1,"net_2021":1,"demolitions_2022":2,"newbuilds_2022":0,"net_2022":-2,"demolitions_2023":10,"newbuilds_2023":0,"net_2023":-10,"demolitions_2024":4,"newbuilds_2024":0,"net_2024":-4,"demolitions_2025":1,"newbuilds_2025":0,"net_2025":-1,"demolitions_2026":1,"newbuilds_2026":0,"net_2026":-1},"geometry":{"type":"Polygon","coordinates":[[[-83.251603,42.385713],[-83.251603,42.389914],[-83.256493,42.392015],[-83.261384,42.389914],[-83.261384,42.385713],[-83.256493,42.383612],[-83.251603,42.385713]]]}},{"type":"Feature","properties":{"id":41,"q":-19,"r":7,"demolitions_2014":48,"newbuilds_2014":0,"net_2014":-48,"demolitions_2015":5,"newbuilds_2015":0,"net_2015":-5,"demolitions_2016":3,"newbuilds_2016":0,"net_2016":-3,"demolitions_2017":0,"newbuilds_2017":0,"net_2017":0,"demolitions_2018":5,"newbuilds_2018":0,"net_2018":-5,"demolitions_2019":17,"newbuilds_2019":0,"net_2019":-17,"demolitions_2020":3,"newbuilds_2020":0,"net_2020":-3,"demolitions_2021":2,"newbuilds_2021":0,"net_2021":-2,"demolitions_2022":4,"newbuilds_2022":0,"net_2022":-4,"demolitions_2023":2,"newbuilds_2023":0,"net_2023":-2,"demolitions_2024":4,"newbuilds_2024":0,"net_2024":-4,"demolitions_2025":3,"newbuilds_2025":0,"net_2025":-3,"demolitions_2026":2,"newbuilds_2026":0,"net_2026":-2},"geometry":{"type":"Polygon","coordinates":[[[-83.246712,42.392015],[-83.246712,42.396217],[-83.251603,42.398317],[-83.256493,42.396217],[-83.256493,42.392015],[-83.251603,42.389914],[-83.246712,42.392015]]]}},{"type":"Feature","properties":{"id":42,"q":-19,"r":8,"demolitions_2014":7,"newbuilds_2014":0,"net_2014":-7,"demolitions_2015":11,"newbuilds_2015":0,"net_2015":-11,"demolitions_2016":7,"newbuilds_2016":0,"net_2016":-7,"demolitions_2017":2,"newbuilds_2017":0,"net_2017":-2,"demolitions_2018":7,"newbuilds_2018":0,"net_2018":-7,"demolitions_2019":27,"newbuilds_2019":0,"net_2019":-27,"demolitions_2020":8,"newbuilds_2020":0,"net_2020":-8,"demolitions_2021":5,"newbuilds_2021":0,"net_2021":-5,"demolitions_2022":13,"newbuilds_2022":0,"net_2022":-13,"demolitions_2023":7,"newbuilds_2023":0,"net_2023":-7,"demolitions_2024":5,"newbuilds_2024":0,"net_2024":-5,"demolitions_2025":9,"newbuilds_2025":0,"net_2025":-9,"demolitions_2026":1,"newbuilds_2026":0,"net_2026":-1},"geometry":{"type":"Polygon","coordinates":[[[-83.241822,42.398317],[-83.241822,42.402519],[-83.246712,42.40462],[-83.251603,42.402519],[-83.251603,42.398317],[-83.246712,42.396217],[-83.241822,42.398317]]]}},{"type":"Feature","properties":{"id":43,"q":-19,"r":9,"demolitions_2014":2,"newbuilds_2014":0,"net_2014":-2,"demolitions_2015":6,"newbuilds_2015":0,"net_2015":-6,"demolitions_2016":6,"newbuilds_2016":0,"net_2016":-6,"demolitions_2017":1,"newbuilds_2017":0,"net_2017":-1,"demolitions_2018":6,"newbuilds_2018":0,"net_2018":-6,"demolitions_2019":4,"newbuilds_2019":0,"net_2019":-4,"demolitions_2020":8,"newbuilds_2020":0,"net_2020":-8,"demolitions_2021":12,"newbuilds_2021":0,"net_2021":-12,"demolitions_2022":8,"newbuilds_2022":0,"net_2022":-8,"demolitions_2023":3,"newbuilds_2023":0,"net_2023":-3,"demolitions_2024":2,"newbuilds_2024":0,"net_2024":-2,"demolitions_2025":2,"newbuilds_2025":0,"net_2025":-2,"demolitions_2026":1,"newbuilds_2026":0,"net_2026":-1},"geometry":{"type":"Polygon","coordinates":[[[-83.236932,42.40462],[-83.236932,42.408821],[-83.241822,42.410922],[-83.246712,42.408821],[-83.246712,42.40462],[-83.241822,42.402519],[-83.236932,42.40462]]]}},{"type":"Feature","properties":{"id":44,"q":-19,"r":10,"demolitions_2014":4,"newbuilds_2014":0,"net_2014":-4,"demolitions_2015":1,"newbuilds_2015":0,"net_2015":-1,"demolitions_2016":3,"newbuilds_2016":0,"net_2016":-3,"demolitions_2017":0,"newbuilds_2017":0,"net_2017":0,"demolitions_2018":1,"newbuilds_2018":0,"net_2018":-1,"demolitions_2019":0,"newbuilds_2019":0,"net_2019":0,"demolitions_2020":0,"newbuilds_2020":0,"net_2020":0,"demolitions_2021":0,"newbuilds_2021":0,"net_2021":0,"demolitions_2022":0,"newbuilds_2022":0,"net_2022":0,"demolitions_2023":0,"newbuilds_2023":0,"net_2023":0,"demolitions_2024":0,"newbuilds_2024":0,"net_2024":0,"demolitions_2025":0,"newbuilds_2025":0,"net_2025":0,"demolitions_2026":0,"newbuilds_2026":0,"net_2026":0},"geometry":{"type":"Polygon","coordinates":[[[-83.232041,42.410922],[-83.232041,42.415123],[-83.236932,42.417224],[-83.241822,42.415123],[-83.241822,42.410922],[-83.236932,42.408821],[-83.232041,42.410922]]]}},{"type":"Feature","properties":{"id":45,"q":-19,"r":11,"demolitions_2014":0,"newbuilds_2014":0,"net_2014":0,"demolitions_2015":1,"newbuilds_2015":0,"net_2015":-1,"demolitions_2016":1,"newbuilds_2016":0,"net_2016":-1,"demolitions_2017":0,"newbuilds_2017":0,"net_2017":0,"demolitions_2018":0,"newbuilds_2018":0,"net_2018":0,"demolitions_2019":1,"newbuilds_2019":1,"net_2019":0,"demolitions_2020":0,"newbuilds_2020":0,"net_2020":0,"demolitions_2021":0,"newbuilds_2021":0,"net_2021":0,"demolitions_2022":0,"newbuilds_2022":0,"net_2022":0,"demolitions_2023":0,"newbuilds_2023":0,"net_2023":0,"demolitions_2024":0,"newbuilds_2024":0,"net_2024":0,"demolitions_2025":0,"newbuilds_2025":0,"net_2025":0,"demolitions_2026":0,"newbuilds_2026":0,"net_2026":0},"geometry":{"type":"Polygon","coordinates":[[[-83.227151,42.417224],[-83.227151,42.421426],[-83.232041,42.423526],[-83.236932,42.421426],[-83.236932,42.417224],[-83.232041,42.415123],[-83.227151,42.417224]]]}},{"type":"Feature","properties":{"id":46,"q":-19,"r":12,"demolitions_2014":6,"newbuilds_2014":0,"net_2014":-6,"demolitions_2015":10,"newbuilds_2015":0,"net_2015":-10,"demolitions_2016":5,"newbuilds_2016":0,"net_2016":-5,"demolitions_2017":2,"newbuilds_2017":0,"net_2017":-2,"demolitions_2018":5,"newbuilds_2018":0,"net_2018":-5,"demolitions_2019":8,"newbuilds_2019":0,"net_2019":-8,"demolitions_2020":0,"newbuilds_2020":0,"net_2020":0,"demolitions_2021":0,"newbuilds_2021":0,"net_2021":0,"demolitions_2022":0,"newbuilds_2022":0,"net_2022":0,"demolitions_2023":5,"newbuilds_2023":0,"net_2023":-5,"demolitions_2024":0,"newbuilds_2024":0,"net_2024":0,"demolitions_2025":1,"newbuilds_2025":0,"net_2025":-1,"demolitions_2026":0,"newbuilds_2026":0,"net_2026":0},"geometry":{"type":"Polygon","coordinates":[[[-83.22226,42.423526],[-83.22226,42.427728],[-83.227151,42.429829],[-83.232041,42.427728],[-83.232041,42.423526],[-83.227151,42.421426],[-83.22226,42.423526]]]}},{"type":"Feature","properties":{"id":47,"q":-19,"r":13,"demolitions_2014":10,"newbuilds_2014":0,"net_2014":-10,"demolitions_2015":19,"newbuilds_2015":0,"net_2015":-19,"demolitions_2016":4,"newbuilds_2016":0,"net_2016":-4,"demolitions_2017":1,"newbuilds_2017":0,"net_2017":-1,"demolitions_2018":6,"newbuilds_2018":0,"net_2018":-6,"demolitions_2019":16,"newbuilds_2019":0,"net_2019":-16,"demolitions_2020":1,"newbuilds_2020":0,"net_2020":-1,"demolitions_2021":0,"newbuilds_2021":1,"net_2021":1,"demolitions_2022":1,"newbuilds_2022":1,"net_2022":0,"demolitions_2023":1,"newbuilds_2023":0,"net_2023":-1,"demolitions_2024":0,"newbuilds_2024":1,"net_2024":1,"demolitions_2025":4,"newbuilds_2025":1,"net_2025":-3,"demolitions_2026":0,"newbuilds_2026":0,"net_2026":0},"geometry":{"type":"Polygon","coordinates":[[[-83.21737,42.429829],[-83.21737,42.43403],[-83.22226,42.436131],[-83.227151,42.43403],[-83.227151,42.429829],[-83.22226,42.427728],[-83.21737,42.429829]]]}},{"type":"Feature","properties":{"id":48,"q":-19,"r":14,"demolitions_2014":6,"newbuilds_2014":0,"net_2014":-6,"demolitions_2015":9,"newbuilds_2015":0,"net_2015":-9,"demolitions_2016":4,"newbuilds_2016":0,"net_2016":-4,"demolitions_2017":4,"newbuilds_2017":0,"net_2017":-4,"demolitions_2018":4,"newbuilds_2018":0,"net_2018":-4,"demolitions_2019":48,"newbuilds_2019":0,"net_2019":-48,"demolitions_2020":2,"newbuilds_2020":1,"net_2020":-1,"demolitions_2021":0,"newbuilds_2021":0,"net_2021":0,"demolitions_2022":9,"newbuilds_2022":0,"net_2022":-9,"demolitions_2023":5,"newbuilds_2023":0,"net_2023":-5,"demolitions_2024":0,"newbuilds_2024":0,"net_2024":0,"demolitions_2025":5,"newbuilds_2025":0,"net_2025":-5,"demolitions_2026":0,"newbuilds_2026":0,"net_2026":0},"geometry":{"type":"Polygon","coordinates":[[[-83.21248,42.436131],[-83.21248,42.440332],[-83.21737,42.442433],[-83.22226,42.440332],[-83.22226,42.436131],[-83.21737,42.43403],[-83.21248,42.436131]]]}},{"type":"Feature","properties":{"id":49,"q":-18,"r":3,"demolitions_2014":0,"newbuilds_2014":0,"net_2014":0,"demolitions_2015":0,"newbuilds_2015":0,"net_2015":0,"demolitions_2016":0,"newbuilds_2016":0,"net_2016":0,"demolitions_2017":1,"newbuilds_2017":0,"net_2017":-1,"demolitions_2018":0,"newbuilds_2018":0,"net_2018":0,"demolitions_2019":0,"newbuilds_2019":0,"net_2019":0,"demolitions_2020":0,"newbuilds_2020":0,"net_2020":0,"demolitions_2021":0,"newbuilds_2021":0,"net_2021":0,"demolitions_2022":0,"newbuilds_2022":0,"net_2022":0,"demolitions_2023":0,"newbuilds_2023":0,"net_2023":0,"demolitions_2024":1,"newbuilds_2024":0,"net_2024":-1,"demolitions_2025":0,"newbuilds_2025":0,"net_2025":0,"demolitions_2026":0,"newbuilds_2026":0,"net_2026":0},"geometry":{"type":"Polygon","coordinates":[[[-83.256493,42.366806],[-83.256493,42.371008],[-83.261384,42.373108],[-83.266274,42.371008],[-83.266274,42.366806],[-83.261384,42.364705],[-83.256493,42.366806]]]}},{"type":"Feature","properties":{"id":50,"q":-18,"r":4,"demolitions_2014":0,"newbuilds_2014":0,"net_2014":0,"demolitions_2015":0,"newbuilds_2015":0,"net_2015":0,"demolitions_2016":0,"newbuilds_2016":0,"net_2016":0,"demolitions_2017":0,"newbuilds_2017":0,"net_2017":0,"demolitions_2018":0,"newbuilds_2018":0,"net_2018":0,"demolitions_2019":0,"newbuilds_2019":0,"net_2019":0,"demolitions_2020":0,"newbuilds_2020":0,"net_2020":0,"demolitions_2021":0,"newbuilds_2021":0,"net_2021":0,"demolitions_2022":0,"newbuilds_2022":0,"net_2022":0,"demolitions_2023":0,"newbuilds_2023":0,"net_2023":0,"demolitions_2024":0,"newbuilds_2024":0,"net_2024":0,"demolitions_2025":0,"newbuilds_2025":0,"net_2025":0,"demolitions_2026":0,"newbuilds_2026":0,"net_2026":0},"geometry":{"type":"Polygon","coordinates":[[[-83.251603,42.373108],[-83.251603,42.37731],[-83.256493,42.379411],[-83.261384,42.37731],[-83.261384,42.373108],[-83.256493,42.371008],[-83.251603,42.373108]]]}},{"type":"Feature","properties":{"id":51,"q":-18,"r":5,"demolitions_2014":0,"newbuilds_2014":0,"net_2014":0,"demolitions_2015":6,"newbuilds_2015":0,"net_2015":-6,"demolitions_2016":2,"newbuilds_2016":0,"net_2016":-2,"demolitions_2017":1,"newbuilds_2017":0,"net_2017":-1,"demolitions_2018":5,"newbuilds_2018":0,"net_2018":-5,"demolitions_2019":11,"newbuilds_2019":0,"net_2019":-11,"demolitions_2020":1,"newbuilds_2020":0,"net_2020":-1,"demolitions_2021":1,"newbuilds_2021":0,"net_2021":-1,"demolitions_2022":6,"newbuilds_2022":0,"net_2022":-6,"demolitions_2023":27,"newbuilds_2023":0,"net_2023":-27,"demolitions_2024":2,"newbuilds_2024":0,"net_2024":-2,"demolitions_2025":2,"newbuilds_2025":0,"net_2025":-2,"demolitions_2026":0,"newbuilds_2026":0,"net_2026":0},"geometry":{"type":"Polygon","coordinates":[[[-83.246712,42.379411],[-83.246712,42.383612],[-83.251603,42.385713],[-83.256493,42.383612],[-83.256493,42.379411],[-83.251603,42.37731],[-83.246712,42.379411]]]}},{"type":"Feature","properties":{"id":52,"q":-18,"r":6,"demolitions_2014":1,"newbuilds_2014":0,"net_2014":-1,"demolitions_2015":6,"newbuilds_2015":0,"net_2015":-6,"demolitions_2016":5,"newbuilds_2016":0,"net_2016":-5,"demolitions_2017":2,"newbuilds_2017":0,"net_2017":-2,"demolitions_2018":2,"newbuilds_2018":0,"net_2018":-2,"demolitions_2019":42,"newbuilds_2019":0,"net_2019":-42,"demolitions_2020":0,"newbuilds_2020":0,"net_2020":0,"demolitions_2021":0,"newbuilds_2021":0,"net_2021":0,"demolitions_2022":1,"newbuilds_2022":0,"net_2022":-1,"demolitions_2023":11,"newbuilds_2023":0,"net_2023":-11,"demolitions_2024":8,"newbuilds_2024":0,"net_2024":-8,"demolitions_2025":3,"newbuilds_2025":0,"net_2025":-3,"demolitions_2026":3,"newbuilds_2026":0,"net_2026":-3},"geometry":{"type":"Polygon","coordinates":[[[-83.241822,42.385713],[-83.241822,42.389914],[-83.246712,42.392015],[-83.251603,42.389914],[-83.251603,42.385713],[-83.246712,42.383612],[-83.241822,42.385713]]]}},{"type":"Feature","properties":{"id":53,"q":-18,"r":7,"demolitions_2014":2,"newbuilds_2014":0,"net_2014":-2,"demolitions_2015":20,"newbuilds_2015":0,"net_2015":-20,"demolitions_2016":13,"newbuilds_2016":0,"net_2016":-13,"demolitions_2017":0,"newbuilds_2017":0,"net_2017":0,"demolitions_2018":8,"newbuilds_2018":0,"net_2018":-8,"demolitions_2019":8,"newbuilds_2019":0,"net_2019":-8,"demolitions_2020":1,"newbuilds_2020":0,"net_2020":-1,"demolitions_2021":0,"newbuilds_2021":0,"net_2021":0,"demolitions_2022":1,"newbuilds_2022":0,"net_2022":-1,"demolitions_2023":7,"newbuilds_2023":0,"net_2023":-7,"demolitions_2024":7,"newbuilds_2024":0,"net_2024":-7,"demolitions_2025":7,"newbuilds_2025":0,"net_2025":-7,"demolitions_2026":1,"newbuilds_2026":0,"net_2026":-1},"geometry":{"type":"Polygon","coordinates":[[[-83.236932,42.392015],[-83.236932,42.396217],[-83.241822,42.398317],[-83.246712,42.396217],[-83.246712,42.392015],[-83.241822,42.389914],[-83.236932,42.392015]]]}},{"type":"Feature","properties":{"id":54,"q":-18,"r":8,"demolitions_2014":1,"newbuilds_2014":0,"net_2014":-1,"demolitions_2015":5,"newbuilds_2015":0,"net_2015":-5,"demolitions_2016":4,"newbuilds_2016":0,"net_2016":-4,"demolitions_2017":1,"newbuilds_2017":0,"net_2017":-1,"demolitions_2018":3,"newbuilds_2018":0,"net_2018":-3,"demolitions_2019":0,"newbuilds_2019":0,"net_2019":0,"demolitions_2020":0,"newbuilds_2020":0,"net_2020":0,"demolitions_2021":1,"newbuilds_2021":0,"net_2021":-1,"demolitions_2022":0,"newbuilds_2022":0,"net_2022":0,"demolitions_2023":1,"newbuilds_2023":0,"net_2023":-1,"demolitions_2024":0,"newbuilds_2024":0,"net_2024":0,"demolitions_2025":1,"newbuilds_2025":0,"net_2025":-1,"demolitions_2026":0,"newbuilds_2026":0,"net_2026":0},"geometry":{"type":"Polygon","coordinates":[[[-83.232041,42.398317],[-83.232041,42.402519],[-83.236932,42.40462],[-83.241822,42.402519],[-83.241822,42.398317],[-83.236932,42.396217],[-83.232041,42.398317]]]}},{"type":"Feature","properties":{"id":55,"q":-18,"r":9,"demolitions_2014":0,"newbuilds_2014":0,"net_2014":0,"demolitions_2015":0,"newbuilds_2015":0,"net_2015":0,"demolitions_2016":0,"newbuilds_2016":0,"net_2016":0,"demolitions_2017":0,"newbuilds_2017":0,"net_2017":0,"demolitions_2018":0,"newbuilds_2018":0,"net_2018":0,"demolitions_2019":0,"newbuilds_2019":0,"net_2019":0,"demolitions_2020":0,"newbuilds_2020":0,"net_2020":0,"demolitions_2021":0,"newbuilds_2021":0,"net_2021":0,"demolitions_2022":0,"newbuilds_2022":0,"net_2022":0,"demolitions_2023":0,"newbuilds_2023":0,"net_2023":0,"demolitions_2024":0,"newbuilds_2024":1,"net_2024":1,"demolitions_2025":1,"newbuilds_2025":1,"net_2025":0,"demolitions_2026":0,"newbuilds_2026":0,"net_2026":0},"geometry":{"type":"Polygon","coordinates":[[[-83.227151,42.40462],[-83.227151,42.408821],[-83.232041,42.410922],[-83.236932,42.408821],[-83.236932,42.40462],[-83.232041,42.402519],[-83.227151,42.40462]]]}},{"type":"Feature","properties":{"id":56,"q":-18,"r":10,"demolitions_2014":5,"newbuilds_2014":0,"net_2014":-5,"demolitions_2015":0,"newbuilds_2015":0,"net_2015":0,"demolitions_2016":2,"newbuilds_2016":0,"net_2016":-2,"demolitions_2017":0,"newbuilds_2017":0,"net_2017":0,"demolitions_2018":2,"newbuilds_2018":0,"net_2018":-2,"demolitions_2019":0,"newbuilds_2019":2,"net_2019":2,"demolitions_2020":0,"newbuilds_2020":0,"net_2020":0,"demolitions_2021":0,"newbuilds_2021":0,"net_2021":0,"demolitions_2022":0,"newbuilds_2022":0,"net_2022":0,"demolitions_2023":0,"newbuilds_2023":0,"net_2023":0,"demolitions_2024":0,"newbuilds_2024":0,"net_2024":0,"demolitions_2025":0,"newbuilds_2025":0,"net_2025":0,"demolitions_2026":0,"newbuilds_2026":0,"net_2026":0},"geometry":{"type":"Polygon","coordinates":[[[-83.22226,42.410922],[-83.22226,42.415123],[-83.227151,42.417224],[-83.232041,42.415123],[-83.232041,42.410922],[-83.227151,42.408821],[-83.22226,42.410922]]]}},{"type":"Feature","properties":{"id":57,"q":-18,"r":11,"demolitions_2014":0,"newbuilds_2014":0,"net_2014":0,"demolitions_2015":0,"newbuilds_2015":0,"net_2015":0,"demolitions_2016":0,"newbuilds_2016":0,"net_2016":0,"demolitions_2017":0,"newbuilds_2017":0,"net_2017":0,"demolitions_2018":0,"newbuilds_2018":0,"net_2018":0,"demolitions_2019":1,"newbuilds_2019":0,"net_2019":-1,"demolitions_2020":0,"newbuilds_2020":0,"net_2020":0,"demolitions_2021":0,"newbuilds_2021":0,"net_2021":0,"demolitions_2022":0,"newbuilds_2022":0,"net_2022":0,"demolitions_2023":0,"newbuilds_2023":0,"net_2023":0,"demolitions_2024":0,"newbuilds_2024":0,"net_2024":0,"demolitions_2025":0,"newbuilds_2025":0,"net_2025":0,"demolitions_2026":0,"newbuilds_2026":0,"net_2026":0},"geometry":{"type":"Polygon","coordinates":[[[-83.21737,42.417224],[-83.21737,42.421426],[-83.22226,42.423526],[-83.227151,42.421426],[-83.227151,42.417224],[-83.22226,42.415123],[-83.21737,42.417224]]]}},{"type":"Feature","properties":{"id":58,"q":-18,"r":12,"demolitions_2014":1,"newbuilds_2014":0,"net_2014":-1,"demolitions_2015":1,"newbuilds_2015":0,"net_2015":-1,"demolitions_2016":4,"newbuilds_2016":0,"net_2016":-4,"demolitions_2017":2,"newbuilds_2017":0,"net_2017":-2,"demolitions_2018":3,"newbuilds_2018":0,"net_2018":-3,"demolitions_2019":1,"newbuilds_2019":0,"net_2019":-1,"demolitions_2020":0,"newbuilds_2020":0,"net_2020":0,"demolitions_2021":0,"newbuilds_2021":0,"net_2021":0,"demolitions_2022":0,"newbuilds_2022":0,"net_2022":0,"demolitions_2023":0,"newbuilds_2023":0,"net_2023":0,"demolitions_2024":0,"newbuilds_2024":0,"net_2024":0,"demolitions_2025":1,"newbuilds_2025":0,"net_2025":-1,"demolitions_2026":0,"newbuilds_2026":0,"net_2026":0},"geometry":{"type":"Polygon","coordinates":[[[-83.21248,42.423526],[-83.21248,42.427728],[-83.21737,42.429829],[-83.22226,42.427728],[-83.22226,42.423526],[-83.21737,42.421426],[-83.21248,42.423526]]]}},{"type":"Feature","properties":{"id":59,"q":-18,"r":13,"demolitions_2014":2,"newbuilds_2014":0,"net_2014":-2,"demolitions_2015":5,"newbuilds_2015":0,"net_2015":-5,"demolitions_2016":2,"newbuilds_2016":0,"net_2016":-2,"demolitions_2017":3,"newbuilds_2017":0,"net_2017":-3,"demolitions_2018":5,"newbuilds_2018":0,"net_2018":-5,"demolitions_2019":29,"newbuilds_2019":0,"net_2019":-29,"demolitions_2020":7,"newbuilds_2020":0,"net_2020":-7,"demolitions_2021":0,"newbuilds_2021":1,"net_2021":1,"demolitions_2022":16,"newbuilds_2022":0,"net_2022":-16,"demolitions_2023":7,"newbuilds_2023":0,"net_2023":-7,"demolitions_2024":3,"newbuilds_2024":0,"net_2024":-3,"demolitions_2025":2,"newbuilds_2025":0,"net_2025":-2,"demolitions_2026":1,"newbuilds_2026":0,"net_2026":-1},"geometry":{"type":"Polygon","coordinates":[[[-83.207589,42.429829],[-83.207589,42.43403],[-83.21248,42.436131],[-83.21737,42.43403],[-83.21737,42.429829],[-83.21248,42.427728],[-83.207589,42.429829]]]}},{"type":"Feature","properties":{"id":60,"q":-18,"r":14,"demolitions_2014":1,"newbuilds_2014":0,"net_2014":-1,"demolitions_2015":2,"newbuilds_2015":0,"net_2015":-2,"demolitions_2016":0,"newbuilds_2016":0,"net_2016":0,"demolitions_2017":2,"newbuilds_2017":0,"net_2017":-2,"demolitions_2018":0,"newbuilds_2018":0,"net_2018":0,"demolitions_2019":7,"newbuilds_2019":0,"net_2019":-7,"demolitions_2020":1,"newbuilds_2020":0,"net_2020":-1,"demolitions_2021":2,"newbuilds_2021":0,"net_2021":-2,"demolitions_2022":5,"newbuilds_2022":0,"net_2022":-5,"demolitions_2023":1,"newbuilds_2023":0,"net_2023":-1,"demolitions_2024":0,"newbuilds_2024":0,"net_2024":0,"demolitions_2025":1,"newbuilds_2025":0,"net_2025":-1,"demolitions_2026":1,"newbuilds_2026":0,"net_2026":-1},"geometry":{"type":"Polygon","coordinates":[[[-83.202699,42.436131],[-83.202699,42.440332],[-83.207589,42.442433],[-83.21248,42.440332],[-83.21248,42.436131],[-83.207589,42.43403],[-83.202699,42.436131]]]}},{"type":"Feature","properties":{"id":61,"q":-18,"r":15,"demolitions_2014":0,"newbuilds_2014":0,"net_2014":0,"demolitions_2015":1,"newbuilds_2015":0,"net_2015":-1,"demolitions_2016":0,"newbuilds_2016":0,"net_2016":0,"demolitions_2017":0,"newbuilds_2017":0,"net_2017":0,"demolitions_2018":2,"newbuilds_2018":0,"net_2018":-2,"demolitions_2019":2,"newbuilds_2019":0,"net_2019":-2,"demolitions_2020":0,"newbuilds_2020":0,"net_2020":0,"demolitions_2021":0,"newbuilds_2021":0,"net_2021":0,"demolitions_2022":0,"newbuilds_2022":0,"net_2022":0,"demolitions_2023":0,"newbuilds_2023":0,"net_2023":0,"demolitions_2024":0,"newbuilds_2024":0,"net_2024":0,"demolitions_2025":1,"newbuilds_2025":0,"net_2025":-1,"demolitions_2026":0,"newbuilds_2026":0,"net_2026":0},"geometry":{"type":"Polygon","coordinates":[[[-83.197808,42.442433],[-83.197808,42.446635],[-83.202699,42.448735],[-83.207589,42.446635],[-83.207589,42.442433],[-83.202699,42.440332],[-83.197808,42.442433]]]}},{"type":"Feature","properties":{"id":62,"q":-17,"r":1,"demolitions_2014":0,"newbuilds_2014":0,"net_2014":0,"demolitions_2015":0,"newbuilds_2015":0,"net_2015":0,"demolitions_2016":0,"newbuilds_2016":0,"net_2016":0,"demolitions_2017":0,"newbuilds_2017":0,"net_2017":0,"demolitions_2018":0,"newbuilds_2018":0,"net_2018":0,"demolitions_2019":0,"newbuilds_2019":0,"net_2019":0,"demolitions_2020":0,"newbuilds_2020":0,"net_2020":0,"demolitions_2021":0,"newbuilds_2021":0,"net_2021":0,"demolitions_2022":0,"newbuilds_2022":0,"net_2022":0,"demolitions_2023":0,"newbuilds_2023":0,"net_2023":0,"demolitions_2024":0,"newbuilds_2024":0,"net_2024":0,"demolitions_2025":0,"newbuilds_2025":0,"net_2025":0,"demolitions_2026":0,"newbuilds_2026":0,"net_2026":0},"geometry":{"type":"Polygon","coordinates":[[[-83.256493,42.354202],[-83.256493,42.358403],[-83.261384,42.360504],[-83.266274,42.358403],[-83.266274,42.354202],[-83.261384,42.352101],[-83.256493,42.354202]]]}},{"type":"Feature","properties":{"id":63,"q":-17,"r":2,"demolitions_2014":0,"newbuilds_2014":0,"net_2014":0,"demolitions_2015":0,"newbuilds_2015":0,"net_2015":0,"demolitions_2016":0,"newbuilds_2016":0,"net_2016":0,"demolitions_2017":0,"newbuilds_2017":0,"net_2017":0,"demolitions_2018":0,"newbuilds_2018":0,"net_2018":0,"demolitions_2019":0,"newbuilds_2019":1,"net_2019":1,"demolitions_2020":0,"newbuilds_2020":0,"net_2020":0,"demolitions_2021":0,"newbuilds_2021":0,"net_2021":0,"demolitions_2022":0,"newbuilds_2022":0,"net_2022":0,"demolitions_2023":0,"newbuilds_2023":0,"net_2023":0,"demolitions_2024":0,"newbuilds_2024":0,"net_2024":0,"demolitions_2025":0,"newbuilds_2025":1,"net_2025":1,"demolitions_2026":0,"newbuilds_2026":0,"net_2026":0},"geometry":{"type":"Polygon","coordinates":[[[-83.251603,42.360504],[-83.251603,42.364705],[-83.256493,42.366806],[-83.261384,42.364705],[-83.261384,42.360504],[-83.256493,42.358403],[-83.251603,42.360504]]]}},{"type":"Feature","properties":{"id":64,"q":-17,"r":3,"demolitions_2014":0,"newbuilds_2014":0,"net_2014":0,"demolitions_2015":0,"newbuilds_2015":0,"net_2015":0,"demolitions_2016":0,"newbuilds_2016":0,"net_2016":0,"demolitions_2017":0,"newbuilds_2017":0,"net_2017":0,"demolitions_2018":0,"newbuilds_2018":0,"net_2018":0,"demolitions_2019":0,"newbuilds_2019":0,"net_2019":0,"demolitions_2020":0,"newbuilds_2020":0,"net_2020":0,"demolitions_2021":0,"newbuilds_2021":0,"net_2021":0,"demolitions_2022":0,"newbuilds_2022":0,"net_2022":0,"demolitions_2023":0,"newbuilds_2023":0,"net_2023":0,"demolitions_2024":0,"newbuilds_2024":0,"net_2024":0,"demolitions_2025":0,"newbuilds_2025":0,"net_2025":0,"demolitions_2026":0,"newbuilds_2026":0,"net_2026":0},"geometry":{"type":"Polygon","coordinates":[[[-83.246712,42.366806],[-83.246712,42.371008],[-83.251603,42.373108],[-83.256493,42.371008],[-83.256493,42.366806],[-83.251603,42.364705],[-83.246712,42.366806]]]}},{"type":"Feature","properties":{"id":65,"q":-17,"r":4,"demolitions_2014":13,"newbuilds_2014":0,"net_2014":-13,"demolitions_2015":1,"newbuilds_2015":0,"net_2015":-1,"demolitions_2016":3,"newbuilds_2016":0,"net_2016":-3,"demolitions_2017":3,"newbuilds_2017":0,"net_2017":-3,"demolitions_2018":6,"newbuilds_2018":0,"net_2018":-6,"demolitions_2019":0,"newbuilds_2019":0,"net_2019":0,"demolitions_2020":0,"newbuilds_2020":0,"net_2020":0,"demolitions_2021":0,"newbuilds_2021":0,"net_2021":0,"demolitions_2022":0,"newbuilds_2022":0,"net_2022":0,"demolitions_2023":2,"newbuilds_2023":0,"net_2023":-2,"demolitions_2024":0,"newbuilds_2024":0,"net_2024":0,"demolitions_2025":0,"newbuilds_2025":0,"net_2025":0,"demolitions_2026":0,"newbuilds_2026":0,"net_2026":0},"geometry":{"type":"Polygon","coordinates":[[[-83.241822,42.373108],[-83.241822,42.37731],[-83.246712,42.379411],[-83.251603,42.37731],[-83.251603,42.373108],[-83.246712,42.371008],[-83.241822,42.373108]]]}},{"type":"Feature","properties":{"id":66,"q":-17,"r":5,"demolitions_2014":0,"newbuilds_2014":0,"net_2014":0,"demolitions_2015":9,"newbuilds_2015":0,"net_2015":-9,"demolitions_2016":6,"newbuilds_2016":0,"net_2016":-6,"demolitions_2017":1,"newbuilds_2017":0,"net_2017":-1,"demolitions_2018":8,"newbuilds_2018":0,"net_2018":-8,"demolitions_2019":37,"newbuilds_2019":1,"net_2019":-36,"demolitions_2020":1,"newbuilds_2020":0,"net_2020":-1,"demolitions_2021":0,"newbuilds_2021":0,"net_2021":0,"demolitions_2022":1,"newbuilds_2022":0,"net_2022":-1,"demolitions_2023":1,"newbuilds_2023":0,"net_2023":-1,"demolitions_2024":6,"newbuilds_2024":0,"net_2024":-6,"demolitions_2025":1,"newbuilds_2025":0,"net_2025":-1,"demolitions_2026":2,"newbuilds_2026":0,"net_2026":-2},"geometry":{"type":"Polygon","coordinates":[[[-83.236932,42.379411],[-83.236932,42.383612],[-83.241822,42.385713],[-83.246712,42.383612],[-83.246712,42.379411],[-83.241822,42.37731],[-83.236932,42.379411]]]}},{"type":"Feature","properties":{"id":67,"q":-17,"r":6,"demolitions_2014":40,"newbuilds_2014":0,"net_2014":-40,"demolitions_2015":21,"newbuilds_2015":0,"net_2015":-21,"demolitions_2016":13,"newbuilds_2016":0,"net_2016":-13,"demolitions_2017":3,"newbuilds_2017":0,"net_2017":-3,"demolitions_2018":25,"newbuilds_2018":0,"net_2018":-25,"demolitions_2019":8,"newbuilds_2019":0,"net_2019":-8,"demolitions_2020":0,"newbuilds_2020":0,"net_2020":0,"demolitions_2021":1,"newbuilds_2021":0,"net_2021":-1,"demolitions_2022":0,"newbuilds_2022":0,"net_2022":0,"demolitions_2023":8,"newbuilds_2023":0,"net_2023":-8,"demolitions_2024":7,"newbuilds_2024":0,"net_2024":-7,"demolitions_2025":5,"newbuilds_2025":0,"net_2025":-5,"demolitions_2026":0,"newbuilds_2026":0,"net_2026":0},"geometry":{"type":"Polygon","coordinates":[[[-83.232041,42.385713],[-83.232041,42.389914],[-83.236932,42.392015],[-83.241822,42.389914],[-83.241822,42.385713],[-83.236932,42.383612],[-83.232041,42.385713]]]}},{"type":"Feature","properties":{"id":68,"q":-17,"r":7,"demolitions_2014":27,"newbuilds_2014":0,"net_2014":-27,"demolitions_2015":15,"newbuilds_2015":0,"net_2015":-15,"demolitions_2016":9,"newbuilds_2016":0,"net_2016":-9,"demolitions_2017":4,"newbuilds_2017":0,"net_2017":-4,"demolitions_2018":11,"newbuilds_2018":0,"net_2018":-11,"demolitions_2019":1,"newbuilds_2019":0,"net_2019":-1,"demolitions_2020":0,"newbuilds_2020":0,"net_2020":0,"demolitions_2021":0,"newbuilds_2021":0,"net_2021":0,"demolitions_2022":0,"newbuilds_2022":0,"net_2022":0,"demolitions_2023":0,"newbuilds_2023":1,"net_2023":1,"demolitions_2024":0,"newbuilds_2024":0,"net_2024":0,"demolitions_2025":1,"newbuilds_2025":0,"net_2025":-1,"demolitions_2026":0,"newbuilds_2026":0,"net_2026":0},"geometry":{"type":"Polygon","coordinates":[[[-83.227151,42.392015],[-83.227151,42.396217],[-83.232041,42.398317],[-83.236932,42.396217],[-83.236932,42.392015],[-83.232041,42.389914],[-83.227151,42.392015]]]}},{"type":"Feature","properties":{"id":69,"q":-17,"r":8,"demolitions_2014":0,"newbuilds_2014":0,"net_2014":0,"demolitions_2015":0,"newbuilds_2015":0,"net_2015":0,"demolitions_2016":0,"newbuilds_2016":0,"net_2016":0,"demolitions_2017":0,"newbuilds_2017":0,"net_2017":0,"demolitions_2018":0,"newbuilds_2018":0,"net_2018":0,"demolitions_2019":0,"newbuilds_2019":1,"net_2019":1,"demolitions_2020":0,"newbuilds_2020":0,"net_2020":0,"demolitions_2021":0,"newbuilds_2021":0,"net_2021":0,"demolitions_2022":0,"newbuilds_2022":0,"net_2022":0,"demolitions_2023":0,"newbuilds_2023":0,"net_2023":0,"demolitions_2024":0,"newbuilds_2024":0,"net_2024":0,"demolitions_2025":0,"newbuilds_2025":0,"net_2025":0,"demolitions_2026":0,"newbuilds_2026":1,"net_2026":1},"geometry":{"type":"Polygon","coordinates":[[[-83.22226,42.398317],[-83.22226,42.402519],[-83.227151,42.40462],[-83.232041,42.402519],[-83.232041,42.398317],[-83.227151,42.396217],[-83.22226,42.398317]]]}},{"type":"Feature","properties":{"id":70,"q":-17,"r":9,"demolitions_2014":1,"newbuilds_2014":0,"net_2014":-1,"demolitions_2015":0,"newbuilds_2015":0,"net_2015":0,"demolitions_2016":0,"newbuilds_2016":0,"net_2016":0,"demolitions_2017":0,"newbuilds_2017":0,"net_2017":0,"demolitions_2018":0,"newbuilds_2018":0,"net_2018":0,"demolitions_2019":0,"newbuilds_2019":0,"net_2019":0,"demolitions_2020":1,"newbuilds_2020":0,"net_2020":-1,"demolitions_2021":0,"newbuilds_2021":0,"net_2021":0,"demolitions_2022":0,"newbuilds_2022":0,"net_2022":0,"demolitions_2023":0,"newbuilds_2023":0,"net_2023":0,"demolitions_2024":0,"newbuilds_2024":0,"net_2024":0,"demolitions_2025":0,"newbuilds_2025":0,"net_2025":0,"demolitions_2026":0,"newbuilds_2026":0,"net_2026":0},"geometry":{"type":"Polygon","coordinates":[[[-83.21737,42.40462],[-83.21737,42.408821],[-83.22226,42.410922],[-83.227151,42.408821],[-83.227151,42.40462],[-83.22226,42.402519],[-83.21737,42.40462]]]}},{"type":"Feature","properties":{"id":71,"q":-17,"r":10,"demolitions_2014":4,"newbuilds_2014":0,"net_2014":-4,"demolitions_2015":0,"newbuilds_2015":0,"net_2015":0,"demolitions_2016":0,"newbuilds_2016":0,"net_2016":0,"demolitions_2017":1,"newbuilds_2017":0,"net_2017":-1,"demolitions_2018":0,"newbuilds_2018":0,"net_2018":0,"demolitions_2019":3,"newbuilds_2019":0,"net_2019":-3,"demolitions_2020":0,"newbuilds_2020":0,"net_2020":0,"demolitions_2021":0,"newbuilds_2021":0,"net_2021":0,"demolitions_2022":0,"newbuilds_2022":0,"net_2022":0,"demolitions_2023":0,"newbuilds_2023":0,"net_2023":0,"demolitions_2024":0,"newbuilds_2024":0,"net_2024":0,"demolitions_2025":0,"newbuilds_2025":0,"net_2025":0,"demolitions_2026":0,"newbuilds_2026":0,"net_2026":0},"geometry":{"type":"Polygon","coordinates":[[[-83.21248,42.410922],[-83.21248,42.415123],[-83.21737,42.417224],[-83.22226,42.415123],[-83.22226,42.410922],[-83.21737,42.408821],[-83.21248,42.410922]]]}},{"type":"Feature","properties":{"id":72,"q":-17,"r":11,"demolitions_2014":22,"newbuilds_2014":0,"net_2014":-22,"demolitions_2015":13,"newbuilds_2015":0,"net_2015":-13,"demolitions_2016":9,"newbuilds_2016":0,"net_2016":-9,"demolitions_2017":2,"newbuilds_2017":0,"net_2017":-2,"demolitions_2018":3,"newbuilds_2018":0,"net_2018":-3,"demolitions_2019":9,"newbuilds_2019":0,"net_2019":-9,"demolitions_2020":1,"newbuilds_2020":0,"net_2020":-1,"demolitions_2021":1,"newbuilds_2021":0,"net_2021":-1,"demolitions_2022":1,"newbuilds_2022":0,"net_2022":-1,"demolitions_2023":1,"newbuilds_2023":0,"net_2023":-1,"demolitions_2024":2,"newbuilds_2024":0,"net_2024":-2,"demolitions_2025":3,"newbuilds_2025":0,"net_2025":-3,"demolitions_2026":0,"newbuilds_2026":0,"net_2026":0},"geometry":{"type":"Polygon","coordinates":[[[-83.207589,42.417224],[-83.207589,42.421426],[-83.21248,42.423526],[-83.21737,42.421426],[-83.21737,42.417224],[-83.21248,42.415123],[-83.207589,42.417224]]]}},{"type":"Feature","properties":{"id":73,"q":-17,"r":12,"demolitions_2014":4,"newbuilds_2014":0,"net_2014":-4,"demolitions_2015":5,"newbuilds_2015":0,"net_2015":-5,"demolitions_2016":4,"newbuilds_2016":0,"net_2016":-4,"demolitions_2017":1,"newbuilds_2017":0,"net_2017":-1,"demolitions_2018":2,"newbuilds_2018":0,"net_2018":-2,"demolitions_2019":5,"newbuilds_2019":0,"net_2019":-5,"demolitions_2020":0,"newbuilds_2020":0,"net_2020":0,"demolitions_2021":0,"newbuilds_2021":0,"net_2021":0,"demolitions_2022":0,"newbuilds_2022":0,"net_2022":0,"demolitions_2023":0,"newbuilds_2023":0,"net_2023":0,"demolitions_2024":0,"newbuilds_2024":0,"net_2024":0,"demolitions_2025":1,"newbuilds_2025":0,"net_2025":-1,"demolitions_2026":0,"newbuilds_2026":0,"net_2026":0},"geometry":{"type":"Polygon","coordinates":[[[-83.202699,42.423526],[-83.202699,42.427728],[-83.207589,42.429829],[-83.21248,42.427728],[-83.21248,42.423526],[-83.207589,42.421426],[-83.202699,42.423526]]]}},{"type":"Feature","properties":{"id":74,"q":-17,"r":13,"demolitions_2014":0,"newbuilds_2014":0,"net_2014":0,"demolitions_2015":3,"newbuilds_2015":0,"net_2015":-3,"demolitions_2016":1,"newbuilds_2016":0,"net_2016":-1,"demolitions_2017":1,"newbuilds_2017":0,"net_2017":-1,"demolitions_2018":4,"newbuilds_2018":0,"net_2018":-4,"demolitions_2019":1,"newbuilds_2019":0,"net_2019":-1,"demolitions_2020":1,"newbuilds_2020":1,"net_2020":0,"demolitions_2021":2,"newbuilds_2021":0,"net_2021":-2,"demolitions_2022":2,"newbuilds_2022":0,"net_2022":-2,"demolitions_2023":2,"newbuilds_2023":0,"net_2023":-2,"demolitions_2024":1,"newbuilds_2024":0,"net_2024":-1,"demolitions_2025":2,"newbuilds_2025":0,"net_2025":-2,"demolitions_2026":0,"newbuilds_2026":0,"net_2026":0},"geometry":{"type":"Polygon","coordinates":[[[-83.197808,42.429829],[-83.197808,42.43403],[-83.202699,42.436131],[-83.207589,42.43403],[-83.207589,42.429829],[-83.202699,42.427728],[-83.197808,42.429829]]]}},{"type":"Feature","properties":{"id":75,"q":-17,"r":14,"demolitions_2014":0,"newbuilds_2014":0,"net_2014":0,"demolitions_2015":1,"newbuilds_2015":0,"net_2015":-1,"demolitions_2016":0,"newbuilds_2016":0,"net_2016":0,"demolitions_2017":2,"newbuilds_2017":0,"net_2017":-2,"demolitions_2018":0,"newbuilds_2018":0,"net_2018":0,"demolitions_2019":1,"newbuilds_2019":0,"net_2019":-1,"demolitions_2020":1,"newbuilds_2020":0,"net_2020":-1,"demolitions_2021":0,"newbuilds_2021":0,"net_2021":0,"demolitions_2022":0,"newbuilds_2022":0,"net_2022":0,"demolitions_2023":0,"newbuilds_2023":0,"net_2023":0,"demolitions_2024":0,"newbuilds_2024":0,"net_2024":0,"demolitions_2025":2,"newbuilds_2025":0,"net_2025":-2,"demolitions_2026":0,"newbuilds_2026":0,"net_2026":0},"geometry":{"type":"Polygon","coordinates":[[[-83.192918,42.436131],[-83.192918,42.440332],[-83.197808,42.442433],[-83.202699,42.440332],[-83.202699,42.436131],[-83.197808,42.43403],[-83.192918,42.436131]]]}},{"type":"Feature","properties":{"id":76,"q":-17,"r":15,"demolitions_2014":0,"newbuilds_2014":0,"net_2014":0,"demolitions_2015":0,"newbuilds_2015":0,"net_2015":0,"demolitions_2016":0,"newbuilds_2016":0,"net_2016":0,"demolitions_2017":0,"newbuilds_2017":0,"net_2017":0,"demolitions_2018":0,"newbuilds_2018":0,"net_2018":0,"demolitions_2019":0,"newbuilds_2019":0,"net_2019":0,"demolitions_2020":0,"newbuilds_2020":0,"net_2020":0,"demolitions_2021":0,"newbuilds_2021":0,"net_2021":0,"demolitions_2022":0,"newbuilds_2022":0,"net_2022":0,"demolitions_2023":0,"newbuilds_2023":0,"net_2023":0,"demolitions_2024":0,"newbuilds_2024":0,"net_2024":0,"demolitions_2025":0,"newbuilds_2025":0,"net_2025":0,"demolitions_2026":0,"newbuilds_2026":0,"net_2026":0},"geometry":{"type":"Polygon","coordinates":[[[-83.188027,42.442433],[-83.188027,42.446635],[-83.192918,42.448735],[-83.197808,42.446635],[-83.197808,42.442433],[-83.192918,42.440332],[-83.188027,42.442433]]]}},{"type":"Feature","properties":{"id":77,"q":-16,"r":-1,"demolitions_2014":0,"newbuilds_2014":0,"net_2014":0,"demolitions_2015":1,"newbuilds_2015":0,"net_2015":-1,"demolitions_2016":1,"newbuilds_2016":0,"net_2016":-1,"demolitions_2017":1,"newbuilds_2017":0,"net_2017":-1,"demolitions_2018":0,"newbuilds_2018":0,"net_2018":0,"demolitions_2019":0,"newbuilds_2019":0,"net_2019":0,"demolitions_2020":0,"newbuilds_2020":0,"net_2020":0,"demolitions_2021":0,"newbuilds_2021":0,"net_2021":0,"demolitions_2022":0,"newbuilds_2022":0,"net_2022":0,"demolitions_2023":0,"newbuilds_2023":0,"net_2023":0,"demolitions_2024":0,"newbuilds_2024":0,"net_2024":0,"demolitions_2025":1,"newbuilds_2025":0,"net_2025":-1,"demolitions_2026":0,"newbuilds_2026":0,"net_2026":0},"geometry":{"type":"Polygon","coordinates":[[[-83.256493,42.341597],[-83.256493,42.345798],[-83.261384,42.347899],[-83.266274,42.345798],[-83.266274,42.341597],[-83.261384,42.339496],[-83.256493,42.341597]]]}},{"type":"Feature","properties":{"id":78,"q":-16,"r":0,"demolitions_2014":0,"newbuilds_2014":0,"net_2014":0,"demolitions_2015":0,"newbuilds_2015":0,"net_2015":0,"demolitions_2016":0,"newbuilds_2016":0,"net_2016":0,"demolitions_2017":0,"newbuilds_2017":0,"net_2017":0,"demolitions_2018":0,"newbuilds_2018":0,"net_2018":0,"demolitions_2019":0,"newbuilds_2019":0,"net_2019":0,"demolitions_2020":0,"newbuilds_2020":0,"net_2020":0,"demolitions_2021":0,"newbuilds_2021":0,"net_2021":0,"demolitions_2022":0,"newbuilds_2022":0,"net_2022":0,"demolitions_2023":0,"newbuilds_2023":0,"net_2023":0,"demolitions_2024":0,"newbuilds_2024":0,"net_2024":0,"demolitions_2025":0,"newbuilds_2025":0,"net_2025":0,"demolitions_2026":1,"newbuilds_2026":0,"net_2026":-1},"geometry":{"type":"Polygon","coordinates":[[[-83.251603,42.347899],[-83.251603,42.352101],[-83.256493,42.354202],[-83.261384,42.352101],[-83.261384,42.347899],[-83.256493,42.345798],[-83.251603,42.347899]]]}},{"type":"Feature","properties":{"id":79,"q":-16,"r":1,"demolitions_2014":0,"newbuilds_2014":0,"net_2014":0,"demolitions_2015":0,"newbuilds_2015":0,"net_2015":0,"demolitions_2016":0,"newbuilds_2016":0,"net_2016":0,"demolitions_2017":0,"newbuilds_2017":0,"net_2017":0,"demolitions_2018":0,"newbuilds_2018":0,"net_2018":0,"demolitions_2019":0,"newbuilds_2019":0,"net_2019":0,"demolitions_2020":0,"newbuilds_2020":0,"net_2020":0,"demolitions_2021":0,"newbuilds_2021":1,"net_2021":1,"demolitions_2022":0,"newbuilds_2022":1,"net_2022":1,"demolitions_2023":0,"newbuilds_2023":0,"net_2023":0,"demolitions_2024":0,"newbuilds_2024":0,"net_2024":0,"demolitions_2025":0,"newbuilds_2025":0,"net_2025":0,"demolitions_2026":0,"newbuilds_2026":0,"net_2026":0},"geometry":{"type":"Polygon","coordinates":[[[-83.246712,42.354202],[-83.246712,42.358403],[-83.251603,42.360504],[-83.256493,42.358403],[-83.256493,42.354202],[-83.251603,42.352101],[-83.246712,42.354202]]]}},{"type":"Feature","properties":{"id":80,"q":-16,"r":2,"demolitions_2014":23,"newbuilds_2014":0,"net_2014":-23,"demolitions_2015":5,"newbuilds_2015":0,"net_2015":-5,"demolitions_2016":2,"newbuilds_2016":0,"net_2016":-2,"demolitions_2017":1,"newbuilds_2017":0,"net_2017":-1,"demolitions_2018":13,"newbuilds_2018":0,"net_2018":-13,"demolitions_2019":0,"newbuilds_2019":0,"net_2019":0,"demolitions_2020":1,"newbuilds_2020":0,"net_2020":-1,"demolitions_2021":0,"newbuilds_2021":0,"net_2021":0,"demolitions_2022":2,"newbuilds_2022":0,"net_2022":-2,"demolitions_2023":4,"newbuilds_2023":0,"net_2023":-4,"demolitions_2024":3,"newbuilds_2024":0,"net_2024":-3,"demolitions_2025":0,"newbuilds_2025":0,"net_2025":0,"demolitions_2026":0,"newbuilds_2026":0,"net_2026":0},"geometry":{"type":"Polygon","coordinates":[[[-83.241822,42.360504],[-83.241822,42.364705],[-83.246712,42.366806],[-83.251603,42.364705],[-83.251603,42.360504],[-83.246712,42.358403],[-83.241822,42.360504]]]}},{"type":"Feature","properties":{"id":81,"q":-16,"r":3,"demolitions_2014":1,"newbuilds_2014":0,"net_2014":-1,"demolitions_2015":0,"newbuilds_2015":0,"net_2015":0,"demolitions_2016":0,"newbuilds_2016":0,"net_2016":0,"demolitions_2017":0,"newbuilds_2017":0,"net_2017":0,"demolitions_2018":0,"newbuilds_2018":0,"net_2018":0,"demolitions_2019":0,"newbuilds_2019":0,"net_2019":0,"demolitions_2020":1,"newbuilds_2020":1,"net_2020":0,"demolitions_2021":0,"newbuilds_2021":0,"net_2021":0,"demolitions_2022":0,"newbuilds_2022":0,"net_2022":0,"demolitions_2023":0,"newbuilds_2023":0,"net_2023":0,"demolitions_2024":0,"newbuilds_2024":0,"net_2024":0,"demolitions_2025":0,"newbuilds_2025":0,"net_2025":0,"demolitions_2026":0,"newbuilds_2026":0,"net_2026":0},"geometry":{"type":"Polygon","coordinates":[[[-83.236932,42.366806],[-83.236932,42.371008],[-83.241822,42.373108],[-83.246712,42.371008],[-83.246712,42.366806],[-83.241822,42.364705],[-83.236932,42.366806]]]}},{"type":"Feature","properties":{"id":82,"q":-16,"r":4,"demolitions_2014":31,"newbuilds_2014":0,"net_2014":-31,"demolitions_2015":15,"newbuilds_2015":0,"net_2015":-15,"demolitions_2016":13,"newbuilds_2016":0,"net_2016":-13,"demolitions_2017":2,"newbuilds_2017":0,"net_2017":-2,"demolitions_2018":18,"newbuilds_2018":0,"net_2018":-18,"demolitions_2019":2,"newbuilds_2019":0,"net_2019":-2,"demolitions_2020":2,"newbuilds_2020":0,"net_2020":-2,"demolitions_2021":0,"newbuilds_2021":0,"net_2021":0,"demolitions_2022":0,"newbuilds_2022":0,"net_2022":0,"demolitions_2023":2,"newbuilds_2023":0,"net_2023":-2,"demolitions_2024":2,"newbuilds_2024":0,"net_2024":-2,"demolitions_2025":0,"newbuilds_2025":0,"net_2025":0,"demolitions_2026":0,"newbuilds_2026":0,"net_2026":0},"geometry":{"type":"Polygon","coordinates":[[[-83.232041,42.373108],[-83.232041,42.37731],[-83.236932,42.379411],[-83.241822,42.37731],[-83.241822,42.373108],[-83.236932,42.371008],[-83.232041,42.373108]]]}},{"type":"Feature","properties":{"id":83,"q":-16,"r":5,"demolitions_2014":9,"newbuilds_2014":0,"net_2014":-9,"demolitions_2015":6,"newbuilds_2015":0,"net_2015":-6,"demolitions_2016":4,"newbuilds_2016":0,"net_2016":-4,"demolitions_2017":0,"newbuilds_2017":0,"net_2017":0,"demolitions_2018":4,"newbuilds_2018":0,"net_2018":-4,"demolitions_2019":0,"newbuilds_2019":1,"net_2019":1,"demolitions_2020":0,"newbuilds_2020":0,"net_2020":0,"demolitions_2021":0,"newbuilds_2021":0,"net_2021":0,"demolitions_2022":0,"newbuilds_2022":0,"net_2022":0,"demolitions_2023":1,"newbuilds_2023":1,"net_2023":0,"demolitions_2024":0,"newbuilds_2024":0,"net_2024":0,"demolitions_2025":0,"newbuilds_2025":0,"net_2025":0,"demolitions_2026":0,"newbuilds_2026":0,"net_2026":0},"geometry":{"type":"Polygon","coordinates":[[[-83.227151,42.379411],[-83.227151,42.383612],[-83.232041,42.385713],[-83.236932,42.383612],[-83.236932,42.379411],[-83.232041,42.37731],[-83.227151,42.379411]]]}},{"type":"Feature","properties":{"id":84,"q":-16,"r":6,"demolitions_2014":18,"newbuilds_2014":0,"net_2014":-18,"demolitions_2015":9,"newbuilds_2015":0,"net_2015":-9,"demolitions_2016":16,"newbuilds_2016":0,"net_2016":-16,"demolitions_2017":2,"newbuilds_2017":0,"net_2017":-2,"demolitions_2018":8,"newbuilds_2018":0,"net_2018":-8,"demolitions_2019":4,"newbuilds_2019":0,"net_2019":-4,"demolitions_2020":0,"newbuilds_2020":1,"net_2020":1,"demolitions_2021":0,"newbuilds_2021":1,"net_2021":1,"demolitions_2022":0,"newbuilds_2022":0,"net_2022":0,"demolitions_2023":0,"newbuilds_2023":0,"net_2023":0,"demolitions_2024":2,"newbuilds_2024":0,"net_2024":-2,"demolitions_2025":1,"newbuilds_2025":0,"net_2025":-1,"demolitions_2026":0,"newbuilds_2026":0,"net_2026":0},"geometry":{"type":"Polygon","coordinates":[[[-83.22226,42.385713],[-83.22226,42.389914],[-83.227151,42.392015],[-83.232041,42.389914],[-83.232041,42.385713],[-83.227151,42.383612],[-83.22226,42.385713]]]}},{"type":"Feature","properties":{"id":85,"q":-16,"r":7,"demolitions_2014":0,"newbuilds_2014":0,"net_2014":0,"demolitions_2015":0,"newbuilds_2015":0,"net_2015":0,"demolitions_2016":0,"newbuilds_2016":0,"net_2016":0,"demolitions_2017":0,"newbuilds_2017":0,"net_2017":0,"demolitions_2018":0,"newbuilds_2018":0,"net_2018":0,"demolitions_2019":0,"newbuilds_2019":0,"net_2019":0,"demolitions_2020":0,"newbuilds_2020":0,"net_2020":0,"demolitions_2021":0,"newbuilds_2021":0,"net_2021":0,"demolitions_2022":0,"newbuilds_2022":1,"net_2022":1,"demolitions_2023":0,"newbuilds_2023":0,"net_2023":0,"demolitions_2024":0,"newbuilds_2024":0,"net_2024":0,"demolitions_2025":0,"newbuilds_2025":0,"net_2025":0,"demolitions_2026":0,"newbuilds_2026":0,"net_2026":0},"geometry":{"type":"Polygon","coordinates":[[[-83.21737,42.392015],[-83.21737,42.396217],[-83.22226,42.398317],[-83.227151,42.396217],[-83.227151,42.392015],[-83.22226,42.389914],[-83.21737,42.392015]]]}},{"type":"Feature","properties":{"id":86,"q":-16,"r":8,"demolitions_2014":2,"newbuilds_2014":0,"net_2014":-2,"demolitions_2015":0,"newbuilds_2015":0,"net_2015":0,"demolitions_2016":2,"newbuilds_2016":0,"net_2016":-2,"demolitions_2017":1,"newbuilds_2017":0,"net_2017":-1,"demolitions_2018":0,"newbuilds_2018":0,"net_2018":0,"demolitions_2019":0,"newbuilds_2019":0,"net_2019":0,"demolitions_2020":0,"newbuilds_2020":0,"net_2020":0,"demolitions_2021":0,"newbuilds_2021":0,"net_2021":0,"demolitions_2022":0,"newbuilds_2022":0,"net_2022":0,"demolitions_2023":1,"newbuilds_2023":0,"net_2023":-1,"demolitions_2024":0,"newbuilds_2024":0,"net_2024":0,"demolitions_2025":0,"newbuilds_2025":0,"net_2025":0,"demolitions_2026":0,"newbuilds_2026":0,"net_2026":0},"geometry":{"type":"Polygon","coordinates":[[[-83.21248,42.398317],[-83.21248,42.402519],[-83.21737,42.40462],[-83.22226,42.402519],[-83.22226,42.398317],[-83.21737,42.396217],[-83.21248,42.398317]]]}},{"type":"Feature","properties":{"id":87,"q":-16,"r":9,"demolitions_2014":0,"newbuilds_2014":0,"net_2014":0,"demolitions_2015":0,"newbuilds_2015":0,"net_2015":0,"demolitions_2016":2,"newbuilds_2016":0,"net_2016":-2,"demolitions_2017":1,"newbuilds_2017":0,"net_2017":-1,"demolitions_2018":1,"newbuilds_2018":0,"net_2018":-1,"demolitions_2019":0,"newbuilds_2019":0,"net_2019":0,"demolitions_2020":0,"newbuilds_2020":1,"net_2020":1,"demolitions_2021":0,"newbuilds_2021":0,"net_2021":0,"demolitions_2022":0,"newbuilds_2022":0,"net_2022":0,"demolitions_2023":1,"newbuilds_2023":0,"net_2023":-1,"demolitions_2024":0,"newbuilds_2024":0,"net_2024":0,"demolitions_2025":0,"newbuilds_2025":0,"net_2025":0,"demolitions_2026":0,"newbuilds_2026":0,"net_2026":0},"geometry":{"type":"Polygon","coordinates":[[[-83.207589,42.40462],[-83.207589,42.408821],[-83.21248,42.410922],[-83.21737,42.408821],[-83.21737,42.40462],[-83.21248,42.402519],[-83.207589,42.40462]]]}},{"type":"Feature","properties":{"id":88,"q":-16,"r":10,"demolitions_2014":1,"newbuilds_2014":0,"net_2014":-1,"demolitions_2015":5,"newbuilds_2015":0,"net_2015":-5,"demolitions_2016":1,"newbuilds_2016":0,"net_2016":-1,"demolitions_2017":0,"newbuilds_2017":0,"net_2017":0,"demolitions_2018":2,"newbuilds_2018":0,"net_2018":-2,"demolitions_2019":3,"newbuilds_2019":0,"net_2019":-3,"demolitions_2020":1,"newbuilds_2020":0,"net_2020":-1,"demolitions_2021":0,"newbuilds_2021":0,"net_2021":0,"demolitions_2022":0,"newbuilds_2022":1,"net_2022":1,"demolitions_2023":0,"newbuilds_2023":0,"net_2023":0,"demolitions_2024":0,"newbuilds_2024":0,"net_2024":0,"demolitions_2025":0,"newbuilds_2025":0,"net_2025":0,"demolitions_2026":0,"newbuilds_2026":0,"net_2026":0},"geometry":{"type":"Polygon","coordinates":[[[-83.202699,42.410922],[-83.202699,42.415123],[-83.207589,42.417224],[-83.21248,42.415123],[-83.21248,42.410922],[-83.207589,42.408821],[-83.202699,42.410922]]]}},{"type":"Feature","properties":{"id":89,"q":-16,"r":11,"demolitions_2014":1,"newbuilds_2014":0,"net_2014":-1,"demolitions_2015":3,"newbuilds_2015":0,"net_2015":-3,"demolitions_2016":0,"newbuilds_2016":0,"net_2016":0,"demolitions_2017":0,"newbuilds_2017":0,"net_2017":0,"demolitions_2018":0,"newbuilds_2018":0,"net_2018":0,"demolitions_2019":4,"newbuilds_2019":0,"net_2019":-4,"demolitions_2020":0,"newbuilds_2020":0,"net_2020":0,"demolitions_2021":0,"newbuilds_2021":0,"net_2021":0,"demolitions_2022":0,"newbuilds_2022":0,"net_2022":0,"demolitions_2023":1,"newbuilds_2023":0,"net_2023":-1,"demolitions_2024":1,"newbuilds_2024":0,"net_2024":-1,"demolitions_2025":0,"newbuilds_2025":0,"net_2025":0,"demolitions_2026":0,"newbuilds_2026":0,"net_2026":0},"geometry":{"type":"Polygon","coordinates":[[[-83.197808,42.417224],[-83.197808,42.421426],[-83.202699,42.423526],[-83.207589,42.421426],[-83.207589,42.417224],[-83.202699,42.415123],[-83.197808,42.417224]]]}},{"type":"Feature","properties":{"id":90,"q":-16,"r":12,"demolitions_2014":2,"newbuilds_2014":0,"net_2014":-2,"demolitions_2015":0,"newbuilds_2015":0,"net_2015":0,"demolitions_2016":1,"newbuilds_2016":0,"net_2016":-1,"demolitions_2017":2,"newbuilds_2017":0,"net_2017":-2,"demolitions_2018":3,"newbuilds_2018":0,"net_2018":-3,"demolitions_2019":3,"newbuilds_2019":1,"net_2019":-2,"demolitions_2020":0,"newbuilds_2020":1,"net_2020":1,"demolitions_2021":0,"newbuilds_2021":0,"net_2021":0,"demolitions_2022":0,"newbuilds_2022":0,"net_2022":0,"demolitions_2023":0,"newbuilds_2023":0,"net_2023":0,"demolitions_2024":0,"newbuilds_2024":0,"net_2024":0,"demolitions_2025":0,"newbuilds_2025":0,"net_2025":0,"demolitions_2026":0,"newbuilds_2026":0,"net_2026":0},"geometry":{"type":"Polygon","coordinates":[[[-83.192918,42.423526],[-83.192918,42.427728],[-83.197808,42.429829],[-83.202699,42.427728],[-83.202699,42.423526],[-83.197808,42.421426],[-83.192918,42.423526]]]}},{"type":"Feature","properties":{"id":91,"q":-16,"r":13,"demolitions_2014":0,"newbuilds_2014":0,"net_2014":0,"demolitions_2015":3,"newbuilds_2015":0,"net_2015":-3,"demolitions_2016":0,"newbuilds_2016":0,"net_2016":0,"demolitions_2017":1,"newbuilds_2017":0,"net_2017":-1,"demolitions_2018":1,"newbuilds_2018":0,"net_2018":-1,"demolitions_2019":1,"newbuilds_2019":0,"net_2019":-1,"demolitions_2020":0,"newbuilds_2020":0,"net_2020":0,"demolitions_2021":0,"newbuilds_2021":0,"net_2021":0,"demolitions_2022":0,"newbuilds_2022":1,"net_2022":1,"demolitions_2023":0,"newbuilds_2023":0,"net_2023":0,"demolitions_2024":1,"newbuilds_2024":0,"net_2024":-1,"demolitions_2025":0,"newbuilds_2025":0,"net_2025":0,"demolitions_2026":0,"newbuilds_2026":0,"net_2026":0},"geometry":{"type":"Polygon","coordinates":[[[-83.188027,42.429829],[-83.188027,42.43403],[-83.192918,42.436131],[-83.197808,42.43403],[-83.197808,42.429829],[-83.192918,42.427728],[-83.188027,42.429829]]]}},{"type":"Feature","properties":{"id":92,"q":-16,"r":14,"demolitions_2014":0,"newbuilds_2014":0,"net_2014":0,"demolitions_2015":0,"newbuilds_2015":0,"net_2015":0,"demolitions_2016":1,"newbuilds_2016":0,"net_2016":-1,"demolitions_2017":0,"newbuilds_2017":0,"net_2017":0,"demolitions_2018":1,"newbuilds_2018":0,"net_2018":-1,"demolitions_2019":0,"newbuilds_2019":0,"net_2019":0,"demolitions_2020":0,"newbuilds_2020":0,"net_2020":0,"demolitions_2021":0,"newbuilds_2021":0,"net_2021":0,"demolitions_2022":0,"newbuilds_2022":0,"net_2022":0,"demolitions_2023":0,"newbuilds_2023":0,"net_2023":0,"demolitions_2024":0,"newbuilds_2024":0,"net_2024":0,"demolitions_2025":0,"newbuilds_2025":0,"net_2025":0,"demolitions_2026":0,"newbuilds_2026":0,"net_2026":0},"geometry":{"type":"Polygon","coordinates":[[[-83.183137,42.436131],[-83.183137,42.440332],[-83.188027,42.442433],[-83.192918,42.440332],[-83.192918,42.436131],[-83.188027,42.43403],[-83.183137,42.436131]]]}},{"type":"Feature","properties":{"id":93,"q":-16,"r":15,"demolitions_2014":0,"newbuilds_2014":0,"net_2014":0,"demolitions_2015":0,"newbuilds_2015":0,"net_2015":0,"demolitions_2016":0,"newbuilds_2016":0,"net_2016":0,"demolitions_2017":1,"newbuilds_2017":0,"net_2017":-1,"demolitions_2018":0,"newbuilds_2018":0,"net_2018":0,"demolitions_2019":0,"newbuilds_2019":0,"net_2019":0,"demolitions_2020":0,"newbuilds_2020":0,"net_2020":0,"demolitions_2021":0,"newbuilds_2021":0,"net_2021":0,"demolitions_2022":0,"newbuilds_2022":0,"net_2022":0,"demolitions_2023":0,"newbuilds_2023":0,"net_2023":0,"demolitions_2024":0,"newbuilds_2024":0,"net_2024":0,"demolitions_2025":0,"newbuilds_2025":0,"net_2025":0,"demolitions_2026":0,"newbuilds_2026":0,"net_2026":0},"geometry":{"type":"Polygon","coordinates":[[[-83.178247,42.442433],[-83.178247,42.446635],[-83.183137,42.448735],[-83.188027,42.446635],[-83.188027,42.442433],[-83.183137,42.440332],[-83.178247,42.442433]]]}},{"type":"Feature","properties":{"id":94,"q":-15,"r":-1,"demolitions_2014":0,"newbuilds_2014":0,"net_2014":0,"demolitions_2015":0,"newbuilds_2015":0,"net_2015":0,"demolitions_2016":0,"newbuilds_2016":0,"net_2016":0,"demolitions_2017":0,"newbuilds_2017":0,"net_2017":0,"demolitions_2018":0,"newbuilds_2018":0,"net_2018":0,"demolitions_2019":0,"newbuilds_2019":0,"net_2019":0,"demolitions_2020":0,"newbuilds_2020":0,"net_2020":0,"demolitions_2021":0,"newbuilds_2021":0,"net_2021":0,"demolitions_2022":0,"newbuilds_2022":0,"net_2022":0,"demolitions_2023":0,"newbuilds_2023":1,"net_2023":1,"demolitions_2024":0,"newbuilds_2024":0,"net_2024":0,"demolitions_2025":0,"newbuilds_2025":0,"net_2025":0,"demolitions_2026":0,"newbuilds_2026":0,"net_2026":0},"geometry":{"type":"Polygon","coordinates":[[[-83.246712,42.341597],[-83.246712,42.345798],[-83.251603,42.347899],[-83.256493,42.345798],[-83.256493,42.341597],[-83.251603,42.339496],[-83.246712,42.341597]]]}},{"type":"Feature","properties":{"id":95,"q":-15,"r":0,"demolitions_2014":5,"newbuilds_2014":0,"net_2014":-5,"demolitions_2015":16,"newbuilds_2015":0,"net_2015":-16,"demolitions_2016":2,"newbuilds_2016":0,"net_2016":-2,"demolitions_2017":1,"newbuilds_2017":0,"net_2017":-1,"demolitions_2018":12,"newbuilds_2018":0,"net_2018":-12,"demolitions_2019":0,"newbuilds_2019":0,"net_2019":0,"demolitions_2020":0,"newbuilds_2020":0,"net_2020":0,"demolitions_2021":0,"newbuilds_2021":0,"net_2021":0,"demolitions_2022":2,"newbuilds_2022":0,"net_2022":-2,"demolitions_2023":2,"newbuilds_2023":0,"net_2023":-2,"demolitions_2024":0,"newbuilds_2024":0,"net_2024":0,"demolitions_2025":0,"newbuilds_2025":0,"net_2025":0,"demolitions_2026":0,"newbuilds_2026":0,"net_2026":0},"geometry":{"type":"Polygon","coordinates":[[[-83.241822,42.347899],[-83.241822,42.352101],[-83.246712,42.354202],[-83.251603,42.352101],[-83.251603,42.347899],[-83.246712,42.345798],[-83.241822,42.347899]]]}},{"type":"Feature","properties":{"id":96,"q":-15,"r":1,"demolitions_2014":22,"newbuilds_2014":0,"net_2014":-22,"demolitions_2015":33,"newbuilds_2015":0,"net_2015":-33,"demolitions_2016":3,"newbuilds_2016":0,"net_2016":-3,"demolitions_2017":3,"newbuilds_2017":0,"net_2017":-3,"demolitions_2018":23,"newbuilds_2018":0,"net_2018":-23,"demolitions_2019":2,"newbuilds_2019":0,"net_2019":-2,"demolitions_2020":3,"newbuilds_2020":0,"net_2020":-3,"demolitions_2021":0,"newbuilds_2021":0,"net_2021":0,"demolitions_2022":1,"newbuilds_2022":0,"net_2022":-1,"demolitions_2023":0,"newbuilds_2023":0,"net_2023":0,"demolitions_2024":1,"newbuilds_2024":1,"net_2024":0,"demolitions_2025":1,"newbuilds_2025":0,"net_2025":-1,"demolitions_2026":0,"newbuilds_2026":0,"net_2026":0},"geometry":{"type":"Polygon","coordinates":[[[-83.236932,42.354202],[-83.236932,42.358403],[-83.241822,42.360504],[-83.246712,42.358403],[-83.246712,42.354202],[-83.241822,42.352101],[-83.236932,42.354202]]]}},{"type":"Feature","properties":{"id":97,"q":-15,"r":2,"demolitions_2014":34,"newbuilds_2014":0,"net_2014":-34,"demolitions_2015":9,"newbuilds_2015":0,"net_2015":-9,"demolitions_2016":7,"newbuilds_2016":0,"net_2016":-7,"demolitions_2017":5,"newbuilds_2017":0,"net_2017":-5,"demolitions_2018":19,"newbuilds_2018":0,"net_2018":-19,"demolitions_2019":0,"newbuilds_2019":0,"net_2019":0,"demolitions_2020":13,"newbuilds_2020":0,"net_2020":-13,"demolitions_2021":1,"newbuilds_2021":0,"net_2021":-1,"demolitions_2022":1,"newbuilds_2022":0,"net_2022":-1,"demolitions_2023":0,"newbuilds_2023":0,"net_2023":0,"demolitions_2024":2,"newbuilds_2024":0,"net_2024":-2,"demolitions_2025":1,"newbuilds_2025":0,"net_2025":-1,"demolitions_2026":1,"newbuilds_2026":0,"net_2026":-1},"geometry":{"type":"Polygon","coordinates":[[[-83.232041,42.360504],[-83.232041,42.364705],[-83.236932,42.366806],[-83.241822,42.364705],[-83.241822,42.360504],[-83.236932,42.358403],[-83.232041,42.360504]]]}},{"type":"Feature","properties":{"id":98,"q":-15,"r":3,"demolitions_2014":9,"newbuilds_2014":0,"net_2014":-9,"demolitions_2015":4,"newbuilds_2015":0,"net_2015":-4,"demolitions_2016":0,"newbuilds_2016":0,"net_2016":0,"demolitions_2017":0,"newbuilds_2017":0,"net_2017":0,"demolitions_2018":11,"newbuilds_2018":0,"net_2018":-11,"demolitions_2019":5,"newbuilds_2019":1,"net_2019":-4,"demolitions_2020":3,"newbuilds_2020":0,"net_2020":-3,"demolitions_2021":0,"newbuilds_2021":0,"net_2021":0,"demolitions_2022":0,"newbuilds_2022":0,"net_2022":0,"demolitions_2023":0,"newbuilds_2023":0,"net_2023":0,"demolitions_2024":1,"newbuilds_2024":0,"net_2024":-1,"demolitions_2025":2,"newbuilds_2025":0,"net_2025":-2,"demolitions_2026":0,"newbuilds_2026":0,"net_2026":0},"geometry":{"type":"Polygon","coordinates":[[[-83.227151,42.366806],[-83.227151,42.371008],[-83.232041,42.373108],[-83.236932,42.371008],[-83.236932,42.366806],[-83.232041,42.364705],[-83.227151,42.366806]]]}},{"type":"Feature","properties":{"id":99,"q":-15,"r":4,"demolitions_2014":1,"newbuilds_2014":0,"net_2014":-1,"demolitions_2015":7,"newbuilds_2015":0,"net_2015":-7,"demolitions_2016":4,"newbuilds_2016":0,"net_2016":-4,"demolitions_2017":1,"newbuilds_2017":0,"net_2017":-1,"demolitions_2018":3,"newbuilds_2018":0,"net_2018":-3,"demolitions_2019":1,"newbuilds_2019":0,"net_2019":-1,"demolitions_2020":0,"newbuilds_2020":0,"net_2020":0,"demolitions_2021":1,"newbuilds_2021":0,"net_2021":-1,"demolitions_2022":1,"newbuilds_2022":0,"net_2022":-1,"demolitions_2023":0,"newbuilds_2023":1,"net_2023":1,"demolitions_2024":1,"newbuilds_2024":0,"net_2024":-1,"demolitions_2025":1,"newbuilds_2025":0,"net_2025":-1,"demolitions_2026":0,"newbuilds_2026":0,"net_2026":0},"geometry":{"type":"Polygon","coordinates":[[[-83.22226,42.373108],[-83.22226,42.37731],[-83.227151,42.379411],[-83.232041,42.37731],[-83.232041,42.373108],[-83.227151,42.371008],[-83.22226,42.373108]]]}},{"type":"Feature","properties":{"id":100,"q":-15,"r":5,"demolitions_2014":13,"newbuilds_2014":0,"net_2014":-13,"demolitions_2015":3,"newbuilds_2015":0,"net_2015":-3,"demolitions_2016":8,"newbuilds_2016":0,"net_2016":-8,"demolitions_2017":0,"newbuilds_2017":0,"net_2017":0,"demolitions_2018":5,"newbuilds_2018":0,"net_2018":-5,"demolitions_2019":2,"newbuilds_2019":0,"net_2019":-2,"demolitions_2020":0,"newbuilds_2020":0,"net_2020":0,"demolitions_2021":0,"newbuilds_2021":1,"net_2021":1,"demolitions_2022":0,"newbuilds_2022":0,"net_2022":0,"demolitions_2023":0,"newbuilds_2023":0,"net_2023":0,"demolitions_2024":1,"newbuilds_2024":1,"net_2024":0,"demolitions_2025":2,"newbuilds_2025":1,"net_2025":-1,"demolitions_2026":0,"newbuilds_2026":0,"net_2026":0},"geometry":{"type":"Polygon","coordinates":[[[-83.21737,42.379411],[-83.21737,42.383612],[-83.22226,42.385713],[-83.227151,42.383612],[-83.227151,42.379411],[-83.22226,42.37731],[-83.21737,42.379411]]]}},{"type":"Feature","properties":{"id":101,"q":-15,"r":6,"demolitions_2014":0,"newbuilds_2014":0,"net_2014":0,"demolitions_2015":6,"newbuilds_2015":0,"net_2015":-6,"demolitions_2016":3,"newbuilds_2016":0,"net_2016":-3,"demolitions_2017":0,"newbuilds_2017":0,"net_2017":0,"demolitions_2018":3,"newbuilds_2018":0,"net_2018":-3,"demolitions_2019":1,"newbuilds_2019":0,"net_2019":-1,"demolitions_2020":0,"newbuilds_2020":0,"net_2020":0,"demolitions_2021":0,"newbuilds_2021":0,"net_2021":0,"demolitions_2022":0,"newbuilds_2022":0,"net_2022":0,"demolitions_2023":1,"newbuilds_2023":0,"net_2023":-1,"demolitions_2024":1,"newbuilds_2024":0,"net_2024":-1,"demolitions_2025":0,"newbuilds_2025":0,"net_2025":0,"demolitions_2026":0,"newbuilds_2026":0,"net_2026":0},"geometry":{"type":"Polygon","coordinates":[[[-83.21248,42.385713],[-83.21248,42.389914],[-83.21737,42.392015],[-83.22226,42.389914],[-83.22226,42.385713],[-83.21737,42.383612],[-83.21248,42.385713]]]}},{"type":"Feature","properties":{"id":102,"q":-15,"r":7,"demolitions_2014":2,"newbuilds_2014":0,"net_2014":-2,"demolitions_2015":1,"newbuilds_2015":0,"net_2015":-1,"demolitions_2016":0,"newbuilds_2016":0,"net_2016":0,"demolitions_2017":0,"newbuilds_2017":0,"net_2017":0,"demolitions_2018":0,"newbuilds_2018":0,"net_2018":0,"demolitions_2019":0,"newbuilds_2019":0,"net_2019":0,"demolitions_2020":0,"newbuilds_2020":0,"net_2020":0,"demolitions_2021":0,"newbuilds_2021":0,"net_2021":0,"demolitions_2022":0,"newbuilds_2022":0,"net_2022":0,"demolitions_2023":0,"newbuilds_2023":0,"net_2023":0,"demolitions_2024":0,"newbuilds_2024":0,"net_2024":0,"demolitions_2025":0,"newbuilds_2025":0,"net_2025":0,"demolitions_2026":0,"newbuilds_2026":1,"net_2026":1},"geometry":{"type":"Polygon","coordinates":[[[-83.207589,42.392015],[-83.207589,42.396217],[-83.21248,42.398317],[-83.21737,42.396217],[-83.21737,42.392015],[-83.21248,42.389914],[-83.207589,42.392015]]]}},{"type":"Feature","properties":{"id":103,"q":-15,"r":8,"demolitions_2014":14,"newbuilds_2014":0,"net_2014":-14,"demolitions_2015":4,"newbuilds_2015":0,"net_2015":-4,"demolitions_2016":4,"newbuilds_2016":0,"net_2016":-4,"demolitions_2017":4,"newbuilds_2017":0,"net_2017":-4,"demolitions_2018":4,"newbuilds_2018":0,"net_2018":-4,"demolitions_2019":1,"newbuilds_2019":0,"net_2019":-1,"demolitions_2020":0,"newbuilds_2020":0,"net_2020":0,"demolitions_2021":0,"newbuilds_2021":0,"net_2021":0,"demolitions_2022":1,"newbuilds_2022":0,"net_2022":-1,"demolitions_2023":0,"newbuilds_2023":0,"net_2023":0,"demolitions_2024":1,"newbuilds_2024":0,"net_2024":-1,"demolitions_2025":3,"newbuilds_2025":0,"net_2025":-3,"demolitions_2026":1,"newbuilds_2026":0,"net_2026":-1},"geometry":{"type":"Polygon","coordinates":[[[-83.202699,42.398317],[-83.202699,42.402519],[-83.207589,42.40462],[-83.21248,42.402519],[-83.21248,42.398317],[-83.207589,42.396217],[-83.202699,42.398317]]]}},{"type":"Feature","properties":{"id":104,"q":-15,"r":9,"demolitions_2014":2,"newbuilds_2014":0,"net_2014":-2,"demolitions_2015":3,"newbuilds_2015":0,"net_2015":-3,"demolitions_2016":4,"newbuilds_2016":0,"net_2016":-4,"demolitions_2017":1,"newbuilds_2017":0,"net_2017":-1,"demolitions_2018":6,"newbuilds_2018":0,"net_2018":-6,"demolitions_2019":1,"newbuilds_2019":0,"net_2019":-1,"demolitions_2020":0,"newbuilds_2020":0,"net_2020":0,"demolitions_2021":1,"newbuilds_2021":0,"net_2021":-1,"demolitions_2022":0,"newbuilds_2022":0,"net_2022":0,"demolitions_2023":1,"newbuilds_2023":0,"net_2023":-1,"demolitions_2024":0,"newbuilds_2024":0,"net_2024":0,"demolitions_2025":0,"newbuilds_2025":0,"net_2025":0,"demolitions_2026":0,"newbuilds_2026":0,"net_2026":0},"geometry":{"type":"Polygon","coordinates":[[[-83.197808,42.40462],[-83.197808,42.408821],[-83.202699,42.410922],[-83.207589,42.408821],[-83.207589,42.40462],[-83.202699,42.402519],[-83.197808,42.40462]]]}},{"type":"Feature","properties":{"id":105,"q":-15,"r":10,"demolitions_2014":0,"newbuilds_2014":0,"net_2014":0,"demolitions_2015":5,"newbuilds_2015":0,"net_2015":-5,"demolitions_2016":1,"newbuilds_2016":0,"net_2016":-1,"demolitions_2017":0,"newbuilds_2017":0,"net_2017":0,"demolitions_2018":0,"newbuilds_2018":0,"net_2018":0,"demolitions_2019":0,"newbuilds_2019":0,"net_2019":0,"demolitions_2020":0,"newbuilds_2020":0,"net_2020":0,"demolitions_2021":0,"newbuilds_2021":0,"net_2021":0,"demolitions_2022":0,"newbuilds_2022":0,"net_2022":0,"demolitions_2023":1,"newbuilds_2023":0,"net_2023":-1,"demolitions_2024":1,"newbuilds_2024":0,"net_2024":-1,"demolitions_2025":0,"newbuilds_2025":0,"net_2025":0,"demolitions_2026":0,"newbuilds_2026":0,"net_2026":0},"geometry":{"type":"Polygon","coordinates":[[[-83.192918,42.410922],[-83.192918,42.415123],[-83.197808,42.417224],[-83.202699,42.415123],[-83.202699,42.410922],[-83.197808,42.408821],[-83.192918,42.410922]]]}},{"type":"Feature","properties":{"id":106,"q":-15,"r":11,"demolitions_2014":0,"newbuilds_2014":0,"net_2014":0,"demolitions_2015":0,"newbuilds_2015":0,"net_2015":0,"demolitions_2016":0,"newbuilds_2016":0,"net_2016":0,"demolitions_2017":0,"newbuilds_2017":0,"net_2017":0,"demolitions_2018":0,"newbuilds_2018":0,"net_2018":0,"demolitions_2019":0,"newbuilds_2019":0,"net_2019":0,"demolitions_2020":0,"newbuilds_2020":1,"net_2020":1,"demolitions_2021":0,"newbuilds_2021":0,"net_2021":0,"demolitions_2022":0,"newbuilds_2022":1,"net_2022":1,"demolitions_2023":0,"newbuilds_2023":0,"net_2023":0,"demolitions_2024":0,"newbuilds_2024":0,"net_2024":0,"demolitions_2025":0,"newbuilds_2025":0,"net_2025":0,"demolitions_2026":0,"newbuilds_2026":0,"net_2026":0},"geometry":{"type":"Polygon","coordinates":[[[-83.188027,42.417224],[-83.188027,42.421426],[-83.192918,42.423526],[-83.197808,42.421426],[-83.197808,42.417224],[-83.192918,42.415123],[-83.188027,42.417224]]]}},{"type":"Feature","properties":{"id":107,"q":-15,"r":12,"demolitions_2014":0,"newbuilds_2014":0,"net_2014":0,"demolitions_2015":2,"newbuilds_2015":0,"net_2015":-2,"demolitions_2016":0,"newbuilds_2016":0,"net_2016":0,"demolitions_2017":1,"newbuilds_2017":0,"net_2017":-1,"demolitions_2018":2,"newbuilds_2018":0,"net_2018":-2,"demolitions_2019":0,"newbuilds_2019":0,"net_2019":0,"demolitions_2020":0,"newbuilds_2020":0,"net_2020":0,"demolitions_2021":0,"newbuilds_2021":0,"net_2021":0,"demolitions_2022":0,"newbuilds_2022":0,"net_2022":0,"demolitions_2023":0,"newbuilds_2023":0,"net_2023":0,"demolitions_2024":0,"newbuilds_2024":0,"net_2024":0,"demolitions_2025":0,"newbuilds_2025":0,"net_2025":0,"demolitions_2026":0,"newbuilds_2026":0,"net_2026":0},"geometry":{"type":"Polygon","coordinates":[[[-83.183137,42.423526],[-83.183137,42.427728],[-83.188027,42.429829],[-83.192918,42.427728],[-83.192918,42.423526],[-83.188027,42.421426],[-83.183137,42.423526]]]}},{"type":"Feature","properties":{"id":108,"q":-15,"r":13,"demolitions_2014":0,"newbuilds_2014":0,"net_2014":0,"demolitions_2015":0,"newbuilds_2015":0,"net_2015":0,"demolitions_2016":0,"newbuilds_2016":0,"net_2016":0,"demolitions_2017":0,"newbuilds_2017":0,"net_2017":0,"demolitions_2018":1,"newbuilds_2018":0,"net_2018":-1,"demolitions_2019":0,"newbuilds_2019":0,"net_2019":0,"demolitions_2020":0,"newbuilds_2020":1,"net_2020":1,"demolitions_2021":0,"newbuilds_2021":1,"net_2021":1,"demolitions_2022":0,"newbuilds_2022":0,"net_2022":0,"demolitions_2023":0,"newbuilds_2023":0,"net_2023":0,"demolitions_2024":0,"newbuilds_2024":0,"net_2024":0,"demolitions_2025":0,"newbuilds_2025":0,"net_2025":0,"demolitions_2026":0,"newbuilds_2026":0,"net_2026":0},"geometry":{"type":"Polygon","coordinates":[[[-83.178247,42.429829],[-83.178247,42.43403],[-83.183137,42.436131],[-83.188027,42.43403],[-83.188027,42.429829],[-83.183137,42.427728],[-83.178247,42.429829]]]}},{"type":"Feature","properties":{"id":109,"q":-15,"r":14,"demolitions_2014":0,"newbuilds_2014":0,"net_2014":0,"demolitions_2015":0,"newbuilds_2015":0,"net_2015":0,"demolitions_2016":0,"newbuilds_2016":0,"net_2016":0,"demolitions_2017":1,"newbuilds_2017":0,"net_2017":-1,"demolitions_2018":0,"newbuilds_2018":0,"net_2018":0,"demolitions_2019":0,"newbuilds_2019":0,"net_2019":0,"demolitions_2020":0,"newbuilds_2020":0,"net_2020":0,"demolitions_2021":0,"newbuilds_2021":0,"net_2021":0,"demolitions_2022":0,"newbuilds_2022":0,"net_2022":0,"demolitions_2023":0,"newbuilds_2023":0,"net_2023":0,"demolitions_2024":0,"newbuilds_2024":0,"net_2024":0,"demolitions_2025":1,"newbuilds_2025":0,"net_2025":-1,"demolitions_2026":0,"newbuilds_2026":0,"net_2026":0},"geometry":{"type":"Polygon","coordinates":[[[-83.173356,42.436131],[-83.173356,42.440332],[-83.178247,42.442433],[-83.183137,42.440332],[-83.183137,42.436131],[-83.178247,42.43403],[-83.173356,42.436131]]]}},{"type":"Feature","properties":{"id":110,"q":-15,"r":15,"demolitions_2014":0,"newbuilds_2014":0,"net_2014":0,"demolitions_2015":4,"newbuilds_2015":0,"net_2015":-4,"demolitions_2016":2,"newbuilds_2016":0,"net_2016":-2,"demolitions_2017":0,"newbuilds_2017":0,"net_2017":0,"demolitions_2018":1,"newbuilds_2018":0,"net_2018":-1,"demolitions_2019":1,"newbuilds_2019":0,"net_2019":-1,"demolitions_2020":0,"newbuilds_2020":0,"net_2020":0,"demolitions_2021":0,"newbuilds_2021":0,"net_2021":0,"demolitions_2022":0,"newbuilds_2022":0,"net_2022":0,"demolitions_2023":0,"newbuilds_2023":0,"net_2023":0,"demolitions_2024":0,"newbuilds_2024":0,"net_2024":0,"demolitions_2025":0,"newbuilds_2025":0,"net_2025":0,"demolitions_2026":0,"newbuilds_2026":0,"net_2026":0},"geometry":{"type":"Polygon","coordinates":[[[-83.168466,42.442433],[-83.168466,42.446635],[-83.173356,42.448735],[-83.178247,42.446635],[-83.178247,42.442433],[-83.173356,42.440332],[-83.168466,42.442433]]]}},{"type":"Feature","properties":{"id":111,"q":-14,"r":-1,"demolitions_2014":0,"newbuilds_2014":0,"net_2014":0,"demolitions_2015":3,"newbuilds_2015":0,"net_2015":-3,"demolitions_2016":0,"newbuilds_2016":0,"net_2016":0,"demolitions_2017":0,"newbuilds_2017":0,"net_2017":0,"demolitions_2018":1,"newbuilds_2018":0,"net_2018":-1,"demolitions_2019":0,"newbuilds_2019":0,"net_2019":0,"demolitions_2020":0,"newbuilds_2020":0,"net_2020":0,"demolitions_2021":1,"newbuilds_2021":0,"net_2021":-1,"demolitions_2022":0,"newbuilds_2022":0,"net_2022":0,"demolitions_2023":0,"newbuilds_2023":0,"net_2023":0,"demolitions_2024":1,"newbuilds_2024":0,"net_2024":-1,"demolitions_2025":0,"newbuilds_2025":0,"net_2025":0,"demolitions_2026":1,"newbuilds_2026":0,"net_2026":-1},"geometry":{"type":"Polygon","coordinates":[[[-83.236932,42.341597],[-83.236932,42.345798],[-83.241822,42.347899],[-83.246712,42.345798],[-83.246712,42.341597],[-83.241822,42.339496],[-83.236932,42.341597]]]}},{"type":"Feature","properties":{"id":112,"q":-14,"r":0,"demolitions_2014":29,"newbuilds_2014":0,"net_2014":-29,"demolitions_2015":35,"newbuilds_2015":0,"net_2015":-35,"demolitions_2016":11,"newbuilds_2016":0,"net_2016":-11,"demolitions_2017":3,"newbuilds_2017":0,"net_2017":-3,"demolitions_2018":31,"newbuilds_2018":0,"net_2018":-31,"demolitions_2019":7,"newbuilds_2019":0,"net_2019":-7,"demolitions_2020":2,"newbuilds_2020":0,"net_2020":-2,"demolitions_2021":2,"newbuilds_2021":0,"net_2021":-2,"demolitions_2022":1,"newbuilds_2022":0,"net_2022":-1,"demolitions_2023":4,"newbuilds_2023":0,"net_2023":-4,"demolitions_2024":2,"newbuilds_2024":0,"net_2024":-2,"demolitions_2025":0,"newbuilds_2025":0,"net_2025":0,"demolitions_2026":0,"newbuilds_2026":0,"net_2026":0},"geometry":{"type":"Polygon","coordinates":[[[-83.232041,42.347899],[-83.232041,42.352101],[-83.236932,42.354202],[-83.241822,42.352101],[-83.241822,42.347899],[-83.236932,42.345798],[-83.232041,42.347899]]]}},{"type":"Feature","properties":{"id":113,"q":-14,"r":1,"demolitions_2014":26,"newbuilds_2014":0,"net_2014":-26,"demolitions_2015":23,"newbuilds_2015":0,"net_2015":-23,"demolitions_2016":18,"newbuilds_2016":0,"net_2016":-18,"demolitions_2017":7,"newbuilds_2017":0,"net_2017":-7,"demolitions_2018":21,"newbuilds_2018":0,"net_2018":-21,"demolitions_2019":4,"newbuilds_2019":1,"net_2019":-3,"demolitions_2020":2,"newbuilds_2020":0,"net_2020":-2,"demolitions_2021":1,"newbuilds_2021":0,"net_2021":-1,"demolitions_2022":2,"newbuilds_2022":0,"net_2022":-2,"demolitions_2023":1,"newbuilds_2023":0,"net_2023":-1,"demolitions_2024":1,"newbuilds_2024":0,"net_2024":-1,"demolitions_2025":0,"newbuilds_2025":0,"net_2025":0,"demolitions_2026":0,"newbuilds_2026":0,"net_2026":0},"geometry":{"type":"Polygon","coordinates":[[[-83.227151,42.354202],[-83.227151,42.358403],[-83.232041,42.360504],[-83.236932,42.358403],[-83.236932,42.354202],[-83.232041,42.352101],[-83.227151,42.354202]]]}},{"type":"Feature","properties":{"id":114,"q":-14,"r":2,"demolitions_2014":5,"newbuilds_2014":0,"net_2014":-5,"demolitions_2015":1,"newbuilds_2015":0,"net_2015":-1,"demolitions_2016":0,"newbuilds_2016":0,"net_2016":0,"demolitions_2017":0,"newbuilds_2017":0,"net_2017":0,"demolitions_2018":3,"newbuilds_2018":0,"net_2018":-3,"demolitions_2019":3,"newbuilds_2019":0,"net_2019":-3,"demolitions_2020":0,"newbuilds_2020":0,"net_2020":0,"demolitions_2021":1,"newbuilds_2021":0,"net_2021":-1,"demolitions_2022":0,"newbuilds_2022":0,"net_2022":0,"demolitions_2023":0,"newbuilds_2023":0,"net_2023":0,"demolitions_2024":0,"newbuilds_2024":0,"net_2024":0,"demolitions_2025":0,"newbuilds_2025":0,"net_2025":0,"demolitions_2026":0,"newbuilds_2026":0,"net_2026":0},"geometry":{"type":"Polygon","coordinates":[[[-83.22226,42.360504],[-83.22226,42.364705],[-83.227151,42.366806],[-83.232041,42.364705],[-83.232041,42.360504],[-83.227151,42.358403],[-83.22226,42.360504]]]}},{"type":"Feature","properties":{"id":115,"q":-14,"r":3,"demolitions_2014":7,"newbuilds_2014":0,"net_2014":-7,"demolitions_2015":3,"newbuilds_2015":0,"net_2015":-3,"demolitions_2016":1,"newbuilds_2016":0,"net_2016":-1,"demolitions_2017":0,"newbuilds_2017":0,"net_2017":0,"demolitions_2018":2,"newbuilds_2018":0,"net_2018":-2,"demolitions_2019":0,"newbuilds_2019":0,"net_2019":0,"demolitions_2020":0,"newbuilds_2020":0,"net_2020":0,"demolitions_2021":1,"newbuilds_2021":0,"net_2021":-1,"demolitions_2022":0,"newbuilds_2022":0,"net_2022":0,"demolitions_2023":0,"newbuilds_2023":0,"net_2023":0,"demolitions_2024":0,"newbuilds_2024":0,"net_2024":0,"demolitions_2025":0,"newbuilds_2025":0,"net_2025":0,"demolitions_2026":1,"newbuilds_2026":0,"net_2026":-1},"geometry":{"type":"Polygon","coordinates":[[[-83.21737,42.366806],[-83.21737,42.371008],[-83.22226,42.373108],[-83.227151,42.371008],[-83.227151,42.366806],[-83.22226,42.364705],[-83.21737,42.366806]]]}},{"type":"Feature","properties":{"id":116,"q":-14,"r":4,"demolitions_2014":5,"newbuilds_2014":0,"net_2014":-5,"demolitions_2015":9,"newbuilds_2015":0,"net_2015":-9,"demolitions_2016":1,"newbuilds_2016":0,"net_2016":-1,"demolitions_2017":24,"newbuilds_2017":0,"net_2017":-24,"demolitions_2018":7,"newbuilds_2018":0,"net_2018":-7,"demolitions_2019":18,"newbuilds_2019":0,"net_2019":-18,"demolitions_2020":4,"newbuilds_2020":0,"net_2020":-4,"demolitions_2021":0,"newbuilds_2021":0,"net_2021":0,"demolitions_2022":1,"newbuilds_2022":0,"net_2022":-1,"demolitions_2023":0,"newbuilds_2023":0,"net_2023":0,"demolitions_2024":8,"newbuilds_2024":0,"net_2024":-8,"demolitions_2025":1,"newbuilds_2025":0,"net_2025":-1,"demolitions_2026":1,"newbuilds_2026":0,"net_2026":-1},"geometry":{"type":"Polygon","coordinates":[[[-83.21248,42.373108],[-83.21248,42.37731],[-83.21737,42.379411],[-83.22226,42.37731],[-83.22226,42.373108],[-83.21737,42.371008],[-83.21248,42.373108]]]}},{"type":"Feature","properties":{"id":117,"q":-14,"r":5,"demolitions_2014":2,"newbuilds_2014":0,"net_2014":-2,"demolitions_2015":1,"newbuilds_2015":0,"net_2015":-1,"demolitions_2016":3,"newbuilds_2016":0,"net_2016":-3,"demolitions_2017":0,"newbuilds_2017":0,"net_2017":0,"demolitions_2018":2,"newbuilds_2018":0,"net_2018":-2,"demolitions_2019":0,"newbuilds_2019":0,"net_2019":0,"demolitions_2020":0,"newbuilds_2020":0,"net_2020":0,"demolitions_2021":0,"newbuilds_2021":0,"net_2021":0,"demolitions_2022":0,"newbuilds_2022":0,"net_2022":0,"demolitions_2023":0,"newbuilds_2023":0,"net_2023":0,"demolitions_2024":0,"newbuilds_2024":0,"net_2024":0,"demolitions_2025":0,"newbuilds_2025":0,"net_2025":0,"demolitions_2026":0,"newbuilds_2026":0,"net_2026":0},"geometry":{"type":"Polygon","coordinates":[[[-83.207589,42.379411],[-83.207589,42.383612],[-83.21248,42.385713],[-83.21737,42.383612],[-83.21737,42.379411],[-83.21248,42.37731],[-83.207589,42.379411]]]}},{"type":"Feature","properties":{"id":118,"q":-14,"r":6,"demolitions_2014":1,"newbuilds_2014":0,"net_2014":-1,"demolitions_2015":2,"newbuilds_2015":0,"net_2015":-2,"demolitions_2016":1,"newbuilds_2016":0,"net_2016":-1,"demolitions_2017":1,"newbuilds_2017":0,"net_2017":-1,"demolitions_2018":1,"newbuilds_2018":0,"net_2018":-1,"demolitions_2019":1,"newbuilds_2019":0,"net_2019":-1,"demolitions_2020":0,"newbuilds_2020":0,"net_2020":0,"demolitions_2021":0,"newbuilds_2021":0,"net_2021":0,"demolitions_2022":1,"newbuilds_2022":0,"net_2022":-1,"demolitions_2023":0,"newbuilds_2023":0,"net_2023":0,"demolitions_2024":0,"newbuilds_2024":0,"net_2024":0,"demolitions_2025":0,"newbuilds_2025":0,"net_2025":0,"demolitions_2026":0,"newbuilds_2026":0,"net_2026":0},"geometry":{"type":"Polygon","coordinates":[[[-83.202699,42.385713],[-83.202699,42.389914],[-83.207589,42.392015],[-83.21248,42.389914],[-83.21248,42.385713],[-83.207589,42.383612],[-83.202699,42.385713]]]}},{"type":"Feature","properties":{"id":119,"q":-14,"r":7,"demolitions_2014":6,"newbuilds_2014":0,"net_2014":-6,"demolitions_2015":4,"newbuilds_2015":0,"net_2015":-4,"demolitions_2016":4,"newbuilds_2016":0,"net_2016":-4,"demolitions_2017":2,"newbuilds_2017":0,"net_2017":-2,"demolitions_2018":5,"newbuilds_2018":0,"net_2018":-5,"demolitions_2019":0,"newbuilds_2019":1,"net_2019":1,"demolitions_2020":0,"newbuilds_2020":0,"net_2020":0,"demolitions_2021":1,"newbuilds_2021":1,"net_2021":0,"demolitions_2022":1,"newbuilds_2022":0,"net_2022":-1,"demolitions_2023":1,"newbuilds_2023":0,"net_2023":-1,"demolitions_2024":2,"newbuilds_2024":0,"net_2024":-2,"demolitions_2025":0,"newbuilds_2025":0,"net_2025":0,"demolitions_2026":0,"newbuilds_2026":0,"net_2026":0},"geometry":{"type":"Polygon","coordinates":[[[-83.197808,42.392015],[-83.197808,42.396217],[-83.202699,42.398317],[-83.207589,42.396217],[-83.207589,42.392015],[-83.202699,42.389914],[-83.197808,42.392015]]]}},{"type":"Feature","properties":{"id":120,"q":-14,"r":8,"demolitions_2014":5,"newbuilds_2014":0,"net_2014":-5,"demolitions_2015":1,"newbuilds_2015":0,"net_2015":-1,"demolitions_2016":5,"newbuilds_2016":0,"net_2016":-5,"demolitions_2017":4,"newbuilds_2017":0,"net_2017":-4,"demolitions_2018":7,"newbuilds_2018":0,"net_2018":-7,"demolitions_2019":11,"newbuilds_2019":0,"net_2019":-11,"demolitions_2020":1,"newbuilds_2020":0,"net_2020":-1,"demolitions_2021":0,"newbuilds_2021":0,"net_2021":0,"demolitions_2022":2,"newbuilds_2022":0,"net_2022":-2,"demolitions_2023":0,"newbuilds_2023":0,"net_2023":0,"demolitions_2024":1,"newbuilds_2024":0,"net_2024":-1,"demolitions_2025":1,"newbuilds_2025":0,"net_2025":-1,"demolitions_2026":0,"newbuilds_2026":0,"net_2026":0},"geometry":{"type":"Polygon","coordinates":[[[-83.192918,42.398317],[-83.192918,42.402519],[-83.197808,42.40462],[-83.202699,42.402519],[-83.202699,42.398317],[-83.197808,42.396217],[-83.192918,42.398317]]]}},{"type":"Feature","properties":{"id":121,"q":-14,"r":9,"demolitions_2014":1,"newbuilds_2014":0,"net_2014":-1,"demolitions_2015":4,"newbuilds_2015":0,"net_2015":-4,"demolitions_2016":2,"newbuilds_2016":0,"net_2016":-2,"demolitions_2017":7,"newbuilds_2017":0,"net_2017":-7,"demolitions_2018":0,"newbuilds_2018":0,"net_2018":0,"demolitions_2019":5,"newbuilds_2019":0,"net_2019":-5,"demolitions_2020":4,"newbuilds_2020":0,"net_2020":-4,"demolitions_2021":1,"newbuilds_2021":0,"net_2021":-1,"demolitions_2022":0,"newbuilds_2022":0,"net_2022":0,"demolitions_2023":0,"newbuilds_2023":0,"net_2023":0,"demolitions_2024":3,"newbuilds_2024":0,"net_2024":-3,"demolitions_2025":2,"newbuilds_2025":0,"net_2025":-2,"demolitions_2026":0,"newbuilds_2026":0,"net_2026":0},"geometry":{"type":"Polygon","coordinates":[[[-83.188027,42.40462],[-83.188027,42.408821],[-83.192918,42.410922],[-83.197808,42.408821],[-83.197808,42.40462],[-83.192918,42.402519],[-83.188027,42.40462]]]}},{"type":"Feature","properties":{"id":122,"q":-14,"r":10,"demolitions_2014":1,"newbuilds_2014":0,"net_2014":-1,"demolitions_2015":8,"newbuilds_2015":0,"net_2015":-8,"demolitions_2016":5,"newbuilds_2016":0,"net_2016":-5,"demolitions_2017":1,"newbuilds_2017":0,"net_2017":-1,"demolitions_2018":2,"newbuilds_2018":0,"net_2018":-2,"demolitions_2019":3,"newbuilds_2019":0,"net_2019":-3,"demolitions_2020":0,"newbuilds_2020":0,"net_2020":0,"demolitions_2021":0,"newbuilds_2021":0,"net_2021":0,"demolitions_2022":1,"newbuilds_2022":0,"net_2022":-1,"demolitions_2023":0,"newbuilds_2023":0,"net_2023":0,"demolitions_2024":3,"newbuilds_2024":0,"net_2024":-3,"demolitions_2025":4,"newbuilds_2025":0,"net_2025":-4,"demolitions_2026":0,"newbuilds_2026":0,"net_2026":0},"geometry":{"type":"Polygon","coordinates":[[[-83.183137,42.410922],[-83.183137,42.415123],[-83.188027,42.417224],[-83.192918,42.415123],[-83.192918,42.410922],[-83.188027,42.408821],[-83.183137,42.410922]]]}},{"type":"Feature","properties":{"id":123,"q":-14,"r":11,"demolitions_2014":0,"newbuilds_2014":0,"net_2014":0,"demolitions_2015":1,"newbuilds_2015":0,"net_2015":-1,"demolitions_2016":1,"newbuilds_2016":0,"net_2016":-1,"demolitions_2017":0,"newbuilds_2017":0,"net_2017":0,"demolitions_2018":1,"newbuilds_2018":0,"net_2018":-1,"demolitions_2019":1,"newbuilds_2019":1,"net_2019":0,"demolitions_2020":0,"newbuilds_2020":0,"net_2020":0,"demolitions_2021":0,"newbuilds_2021":0,"net_2021":0,"demolitions_2022":0,"newbuilds_2022":0,"net_2022":0,"demolitions_2023":0,"newbuilds_2023":0,"net_2023":0,"demolitions_2024":1,"newbuilds_2024":0,"net_2024":-1,"demolitions_2025":0,"newbuilds_2025":0,"net_2025":0,"demolitions_2026":0,"newbuilds_2026":0,"net_2026":0},"geometry":{"type":"Polygon","coordinates":[[[-83.178247,42.417224],[-83.178247,42.421426],[-83.183137,42.423526],[-83.188027,42.421426],[-83.188027,42.417224],[-83.183137,42.415123],[-83.178247,42.417224]]]}},{"type":"Feature","properties":{"id":124,"q":-14,"r":12,"demolitions_2014":0,"newbuilds_2014":0,"net_2014":0,"demolitions_2015":1,"newbuilds_2015":0,"net_2015":-1,"demolitions_2016":0,"newbuilds_2016":0,"net_2016":0,"demolitions_2017":0,"newbuilds_2017":0,"net_2017":0,"demolitions_2018":0,"newbuilds_2018":0,"net_2018":0,"demolitions_2019":0,"newbuilds_2019":1,"net_2019":1,"demolitions_2020":0,"newbuilds_2020":0,"net_2020":0,"demolitions_2021":0,"newbuilds_2021":0,"net_2021":0,"demolitions_2022":0,"newbuilds_2022":0,"net_2022":0,"demolitions_2023":0,"newbuilds_2023":0,"net_2023":0,"demolitions_2024":0,"newbuilds_2024":0,"net_2024":0,"demolitions_2025":0,"newbuilds_2025":0,"net_2025":0,"demolitions_2026":0,"newbuilds_2026":0,"net_2026":0},"geometry":{"type":"Polygon","coordinates":[[[-83.173356,42.423526],[-83.173356,42.427728],[-83.178247,42.429829],[-83.183137,42.427728],[-83.183137,42.423526],[-83.178247,42.421426],[-83.173356,42.423526]]]}},{"type":"Feature","properties":{"id":125,"q":-14,"r":13,"demolitions_2014":0,"newbuilds_2014":0,"net_2014":0,"demolitions_2015":0,"newbuilds_2015":0,"net_2015":0,"demolitions_2016":2,"newbuilds_2016":0,"net_2016":-2,"demolitions_2017":0,"newbuilds_2017":0,"net_2017":0,"demolitions_2018":3,"newbuilds_2018":0,"net_2018":-3,"demolitions_2019":0,"newbuilds_2019":0,"net_2019":0,"demolitions_2020":0,"newbuilds_2020":0,"net_2020":0,"demolitions_2021":0,"newbuilds_2021":0,"net_2021":0,"demolitions_2022":0,"newbuilds_2022":0,"net_2022":0,"demolitions_2023":0,"newbuilds_2023":0,"net_2023":0,"demolitions_2024":0,"newbuilds_2024":1,"net_2024":1,"demolitions_2025":0,"newbuilds_2025":0,"net_2025":0,"demolitions_2026":0,"newbuilds_2026":0,"net_2026":0},"geometry":{"type":"Polygon","coordinates":[[[-83.168466,42.429829],[-83.168466,42.43403],[-83.173356,42.436131],[-83.178247,42.43403],[-83.178247,42.429829],[-83.173356,42.427728],[-83.168466,42.429829]]]}},{"type":"Feature","properties":{"id":126,"q":-14,"r":14,"demolitions_2014":0,"newbuilds_2014":0,"net_2014":0,"demolitions_2015":2,"newbuilds_2015":0,"net_2015":-2,"demolitions_2016":1,"newbuilds_2016":0,"net_2016":-1,"demolitions_2017":0,"newbuilds_2017":0,"net_2017":0,"demolitions_2018":2,"newbuilds_2018":0,"net_2018":-2,"demolitions_2019":0,"newbuilds_2019":0,"net_2019":0,"demolitions_2020":1,"newbuilds_2020":1,"net_2020":0,"demolitions_2021":0,"newbuilds_2021":0,"net_2021":0,"demolitions_2022":1,"newbuilds_2022":0,"net_2022":-1,"demolitions_2023":0,"newbuilds_2023":0,"net_2023":0,"demolitions_2024":1,"newbuilds_2024":0,"net_2024":-1,"demolitions_2025":1,"newbuilds_2025":0,"net_2025":-1,"demolitions_2026":0,"newbuilds_2026":0,"net_2026":0},"geometry":{"type":"Polygon","coordinates":[[[-83.163575,42.436131],[-83.163575,42.440332],[-83.168466,42.442433],[-83.173356,42.440332],[-83.173356,42.436131],[-83.168466,42.43403],[-83.163575,42.436131]]]}},{"type":"Feature","properties":{"id":127,"q":-14,"r":15,"demolitions_2014":0,"newbuilds_2014":0,"net_2014":0,"demolitions_2015":8,"newbuilds_2015":0,"net_2015":-8,"demolitions_2016":4,"newbuilds_2016":0,"net_2016":-4,"demolitions_2017":3,"newbuilds_2017":0,"net_2017":-3,"demolitions_2018":4,"newbuilds_2018":0,"net_2018":-4,"demolitions_2019":2,"newbuilds_2019":0,"net_2019":-2,"demolitions_2020":0,"newbuilds_2020":0,"net_2020":0,"demolitions_2021":0,"newbuilds_2021":0,"net_2021":0,"demolitions_2022":1,"newbuilds_2022":0,"net_2022":-1,"demolitions_2023":0,"newbuilds_2023":0,"net_2023":0,"demolitions_2024":1,"newbuilds_2024":0,"net_2024":-1,"demolitions_2025":0,"newbuilds_2025":0,"net_2025":0,"demolitions_2026":0,"newbuilds_2026":0,"net_2026":0},"geometry":{"type":"Polygon","coordinates":[[[-83.158685,42.442433],[-83.158685,42.446635],[-83.163575,42.448735],[-83.168466,42.446635],[-83.168466,42.442433],[-83.163575,42.440332],[-83.158685,42.442433]]]}},{"type":"Feature","properties":{"id":128,"q":-13,"r":-2,"demolitions_2014":6,"newbuilds_2014":0,"net_2014":-6,"demolitions_2015":12,"newbuilds_2015":0,"net_2015":-12,"demolitions_2016":4,"newbuilds_2016":0,"net_2016":-4,"demolitions_2017":3,"newbuilds_2017":0,"net_2017":-3,"demolitions_2018":8,"newbuilds_2018":0,"net_2018":-8,"demolitions_2019":2,"newbuilds_2019":0,"net_2019":-2,"demolitions_2020":0,"newbuilds_2020":0,"net_2020":0,"demolitions_2021":2,"newbuilds_2021":0,"net_2021":-2,"demolitions_2022":3,"newbuilds_2022":0,"net_2022":-3,"demolitions_2023":1,"newbuilds_2023":0,"net_2023":-1,"demolitions_2024":0,"newbuilds_2024":0,"net_2024":0,"demolitions_2025":1,"newbuilds_2025":0,"net_2025":-1,"demolitions_2026":0,"newbuilds_2026":0,"net_2026":0},"geometry":{"type":"Polygon","coordinates":[[[-83.232041,42.335295],[-83.232041,42.339496],[-83.236932,42.341597],[-83.241822,42.339496],[-83.241822,42.335295],[-83.236932,42.333194],[-83.232041,42.335295]]]}},{"type":"Feature","properties":{"id":129,"q":-13,"r":-1,"demolitions_2014":16,"newbuilds_2014":0,"net_2014":-16,"demolitions_2015":19,"newbuilds_2015":0,"net_2015":-19,"demolitions_2016":17,"newbuilds_2016":0,"net_2016":-17,"demolitions_2017":8,"newbuilds_2017":0,"net_2017":-8,"demolitions_2018":27,"newbuilds_2018":0,"net_2018":-27,"demolitions_2019":6,"newbuilds_2019":0,"net_2019":-6,"demolitions_2020":7,"newbuilds_2020":0,"net_2020":-7,"demolitions_2021":0,"newbuilds_2021":0,"net_2021":0,"demolitions_2022":1,"newbuilds_2022":0,"net_2022":-1,"demolitions_2023":2,"newbuilds_2023":0,"net_2023":-2,"demolitions_2024":3,"newbuilds_2024":0,"net_2024":-3,"demolitions_2025":2,"newbuilds_2025":0,"net_2025":-2,"demolitions_2026":0,"newbuilds_2026":0,"net_2026":0},"geometry":{"type":"Polygon","coordinates":[[[-83.227151,42.341597],[-83.227151,42.345798],[-83.232041,42.347899],[-83.236932,42.345798],[-83.236932,42.341597],[-83.232041,42.339496],[-83.227151,42.341597]]]}},{"type":"Feature","properties":{"id":130,"q":-13,"r":0,"demolitions_2014":20,"newbuilds_2014":0,"net_2014":-20,"demolitions_2015":29,"newbuilds_2015":0,"net_2015":-29,"demolitions_2016":8,"newbuilds_2016":0,"net_2016":-8,"demolitions_2017":4,"newbuilds_2017":0,"net_2017":-4,"demolitions_2018":12,"newbuilds_2018":0,"net_2018":-12,"demolitions_2019":7,"newbuilds_2019":0,"net_2019":-7,"demolitions_2020":2,"newbuilds_2020":1,"net_2020":-1,"demolitions_2021":1,"newbuilds_2021":0,"net_2021":-1,"demolitions_2022":1,"newbuilds_2022":0,"net_2022":-1,"demolitions_2023":3,"newbuilds_2023":0,"net_2023":-3,"demolitions_2024":2,"newbuilds_2024":0,"net_2024":-2,"demolitions_2025":0,"newbuilds_2025":0,"net_2025":0,"demolitions_2026":2,"newbuilds_2026":0,"net_2026":-2},"geometry":{"type":"Polygon","coordinates":[[[-83.22226,42.347899],[-83.22226,42.352101],[-83.227151,42.354202],[-83.232041,42.352101],[-83.232041,42.347899],[-83.227151,42.345798],[-83.22226,42.347899]]]}},{"type":"Feature","properties":{"id":131,"q":-13,"r":1,"demolitions_2014":36,"newbuilds_2014":0,"net_2014":-36,"demolitions_2015":48,"newbuilds_2015":0,"net_2015":-48,"demolitions_2016":20,"newbuilds_2016":0,"net_2016":-20,"demolitions_2017":5,"newbuilds_2017":0,"net_2017":-5,"demolitions_2018":11,"newbuilds_2018":0,"net_2018":-11,"demolitions_2019":15,"newbuilds_2019":0,"net_2019":-15,"demolitions_2020":5,"newbuilds_2020":0,"net_2020":-5,"demolitions_2021":0,"newbuilds_2021":1,"net_2021":1,"demolitions_2022":2,"newbuilds_2022":0,"net_2022":-2,"demolitions_2023":4,"newbuilds_2023":0,"net_2023":-4,"demolitions_2024":5,"newbuilds_2024":0,"net_2024":-5,"demolitions_2025":5,"newbuilds_2025":0,"net_2025":-5,"demolitions_2026":3,"newbuilds_2026":0,"net_2026":-3},"geometry":{"type":"Polygon","coordinates":[[[-83.21737,42.354202],[-83.21737,42.358403],[-83.22226,42.360504],[-83.227151,42.358403],[-83.227151,42.354202],[-83.22226,42.352101],[-83.21737,42.354202]]]}},{"type":"Feature","properties":{"id":132,"q":-13,"r":2,"demolitions_2014":2,"newbuilds_2014":0,"net_2014":-2,"demolitions_2015":5,"newbuilds_2015":0,"net_2015":-5,"demolitions_2016":3,"newbuilds_2016":0,"net_2016":-3,"demolitions_2017":1,"newbuilds_2017":0,"net_2017":-1,"demolitions_2018":1,"newbuilds_2018":0,"net_2018":-1,"demolitions_2019":1,"newbuilds_2019":0,"net_2019":-1,"demolitions_2020":5,"newbuilds_2020":0,"net_2020":-5,"demolitions_2021":0,"newbuilds_2021":0,"net_2021":0,"demolitions_2022":2,"newbuilds_2022":0,"net_2022":-2,"demolitions_2023":2,"newbuilds_2023":0,"net_2023":-2,"demolitions_2024":4,"newbuilds_2024":0,"net_2024":-4,"demolitions_2025":0,"newbuilds_2025":1,"net_2025":1,"demolitions_2026":0,"newbuilds_2026":0,"net_2026":0},"geometry":{"type":"Polygon","coordinates":[[[-83.21248,42.360504],[-83.21248,42.364705],[-83.21737,42.366806],[-83.22226,42.364705],[-83.22226,42.360504],[-83.21737,42.358403],[-83.21248,42.360504]]]}},{"type":"Feature","properties":{"id":133,"q":-13,"r":3,"demolitions_2014":2,"newbuilds_2014":0,"net_2014":-2,"demolitions_2015":13,"newbuilds_2015":0,"net_2015":-13,"demolitions_2016":3,"newbuilds_2016":0,"net_2016":-3,"demolitions_2017":32,"newbuilds_2017":0,"net_2017":-32,"demolitions_2018":7,"newbuilds_2018":0,"net_2018":-7,"demolitions_2019":17,"newbuilds_2019":0,"net_2019":-17,"demolitions_2020":10,"newbuilds_2020":0,"net_2020":-10,"demolitions_2021":7,"newbuilds_2021":0,"net_2021":-7,"demolitions_2022":1,"newbuilds_2022":0,"net_2022":-1,"demolitions_2023":12,"newbuilds_2023":0,"net_2023":-12,"demolitions_2024":5,"newbuilds_2024":0,"net_2024":-5,"demolitions_2025":4,"newbuilds_2025":0,"net_2025":-4,"demolitions_2026":0,"newbuilds_2026":0,"net_2026":0},"geometry":{"type":"Polygon","coordinates":[[[-83.207589,42.366806],[-83.207589,42.371008],[-83.21248,42.373108],[-83.21737,42.371008],[-83.21737,42.366806],[-83.21248,42.364705],[-83.207589,42.366806]]]}},{"type":"Feature","properties":{"id":134,"q":-13,"r":4,"demolitions_2014":8,"newbuilds_2014":0,"net_2014":-8,"demolitions_2015":4,"newbuilds_2015":0,"net_2015":-4,"demolitions_2016":2,"newbuilds_2016":0,"net_2016":-2,"demolitions_2017":73,"newbuilds_2017":0,"net_2017":-73,"demolitions_2018":15,"newbuilds_2018":0,"net_2018":-15,"demolitions_2019":11,"newbuilds_2019":0,"net_2019":-11,"demolitions_2020":22,"newbuilds_2020":0,"net_2020":-22,"demolitions_2021":1,"newbuilds_2021":0,"net_2021":-1,"demolitions_2022":6,"newbuilds_2022":0,"net_2022":-6,"demolitions_2023":1,"newbuilds_2023":0,"net_2023":-1,"demolitions_2024":11,"newbuilds_2024":0,"net_2024":-11,"demolitions_2025":5,"newbuilds_2025":0,"net_2025":-5,"demolitions_2026":2,"newbuilds_2026":0,"net_2026":-2},"geometry":{"type":"Polygon","coordinates":[[[-83.202699,42.373108],[-83.202699,42.37731],[-83.207589,42.379411],[-83.21248,42.37731],[-83.21248,42.373108],[-83.207589,42.371008],[-83.202699,42.373108]]]}},{"type":"Feature","properties":{"id":135,"q":-13,"r":5,"demolitions_2014":10,"newbuilds_2014":0,"net_2014":-10,"demolitions_2015":1,"newbuilds_2015":0,"net_2015":-1,"demolitions_2016":3,"newbuilds_2016":0,"net_2016":-3,"demolitions_2017":3,"newbuilds_2017":0,"net_2017":-3,"demolitions_2018":3,"newbuilds_2018":0,"net_2018":-3,"demolitions_2019":2,"newbuilds_2019":0,"net_2019":-2,"demolitions_2020":0,"newbuilds_2020":0,"net_2020":0,"demolitions_2021":0,"newbuilds_2021":0,"net_2021":0,"demolitions_2022":0,"newbuilds_2022":0,"net_2022":0,"demolitions_2023":0,"newbuilds_2023":0,"net_2023":0,"demolitions_2024":1,"newbuilds_2024":0,"net_2024":-1,"demolitions_2025":0,"newbuilds_2025":0,"net_2025":0,"demolitions_2026":0,"newbuilds_2026":0,"net_2026":0},"geometry":{"type":"Polygon","coordinates":[[[-83.197808,42.379411],[-83.197808,42.383612],[-83.202699,42.385713],[-83.207589,42.383612],[-83.207589,42.379411],[-83.202699,42.37731],[-83.197808,42.379411]]]}},{"type":"Feature","properties":{"id":136,"q":-13,"r":6,"demolitions_2014":9,"newbuilds_2014":0,"net_2014":-9,"demolitions_2015":6,"newbuilds_2015":0,"net_2015":-6,"demolitions_2016":7,"newbuilds_2016":0,"net_2016":-7,"demolitions_2017":11,"newbuilds_2017":0,"net_2017":-11,"demolitions_2018":10,"newbuilds_2018":0,"net_2018":-10,"demolitions_2019":2,"newbuilds_2019":0,"net_2019":-2,"demolitions_2020":3,"newbuilds_2020":1,"net_2020":-2,"demolitions_2021":2,"newbuilds_2021":0,"net_2021":-2,"demolitions_2022":3,"newbuilds_2022":0,"net_2022":-3,"demolitions_2023":2,"newbuilds_2023":0,"net_2023":-2,"demolitions_2024":5,"newbuilds_2024":0,"net_2024":-5,"demolitions_2025":2,"newbuilds_2025":0,"net_2025":-2,"demolitions_2026":0,"newbuilds_2026":0,"net_2026":0},"geometry":{"type":"Polygon","coordinates":[[[-83.192918,42.385713],[-83.192918,42.389914],[-83.197808,42.392015],[-83.202699,42.389914],[-83.202699,42.385713],[-83.197808,42.383612],[-83.192918,42.385713]]]}},{"type":"Feature","properties":{"id":137,"q":-13,"r":7,"demolitions_2014":6,"newbuilds_2014":0,"net_2014":-6,"demolitions_2015":12,"newbuilds_2015":0,"net_2015":-12,"demolitions_2016":19,"newbuilds_2016":0,"net_2016":-19,"demolitions_2017":29,"newbuilds_2017":0,"net_2017":-29,"demolitions_2018":17,"newbuilds_2018":0,"net_2018":-17,"demolitions_2019":11,"newbuilds_2019":0,"net_2019":-11,"demolitions_2020":13,"newbuilds_2020":0,"net_2020":-13,"demolitions_2021":3,"newbuilds_2021":0,"net_2021":-3,"demolitions_2022":10,"newbuilds_2022":0,"net_2022":-10,"demolitions_2023":2,"newbuilds_2023":0,"net_2023":-2,"demolitions_2024":3,"newbuilds_2024":0,"net_2024":-3,"demolitions_2025":3,"newbuilds_2025":0,"net_2025":-3,"demolitions_2026":1,"newbuilds_2026":0,"net_2026":-1},"geometry":{"type":"Polygon","coordinates":[[[-83.188027,42.392015],[-83.188027,42.396217],[-83.192918,42.398317],[-83.197808,42.396217],[-83.197808,42.392015],[-83.192918,42.389914],[-83.188027,42.392015]]]}},{"type":"Feature","properties":{"id":138,"q":-13,"r":8,"demolitions_2014":2,"newbuilds_2014":0,"net_2014":-2,"demolitions_2015":1,"newbuilds_2015":0,"net_2015":-1,"demolitions_2016":3,"newbuilds_2016":0,"net_2016":-3,"demolitions_2017":10,"newbuilds_2017":0,"net_2017":-10,"demolitions_2018":3,"newbuilds_2018":0,"net_2018":-3,"demolitions_2019":9,"newbuilds_2019":0,"net_2019":-9,"demolitions_2020":9,"newbuilds_2020":0,"net_2020":-9,"demolitions_2021":0,"newbuilds_2021":0,"net_2021":0,"demolitions_2022":3,"newbuilds_2022":0,"net_2022":-3,"demolitions_2023":1,"newbuilds_2023":0,"net_2023":-1,"demolitions_2024":3,"newbuilds_2024":0,"net_2024":-3,"demolitions_2025":5,"newbuilds_2025":0,"net_2025":-5,"demolitions_2026":0,"newbuilds_2026":0,"net_2026":0},"geometry":{"type":"Polygon","coordinates":[[[-83.183137,42.398317],[-83.183137,42.402519],[-83.188027,42.40462],[-83.192918,42.402519],[-83.192918,42.398317],[-83.188027,42.396217],[-83.183137,42.398317]]]}},{"type":"Feature","properties":{"id":139,"q":-13,"r":9,"demolitions_2014":0,"newbuilds_2014":0,"net_2014":0,"demolitions_2015":5,"newbuilds_2015":0,"net_2015":-5,"demolitions_2016":4,"newbuilds_2016":0,"net_2016":-4,"demolitions_2017":22,"newbuilds_2017":0,"net_2017":-22,"demolitions_2018":7,"newbuilds_2018":0,"net_2018":-7,"demolitions_2019":14,"newbuilds_2019":1,"net_2019":-13,"demolitions_2020":11,"newbuilds_2020":0,"net_2020":-11,"demolitions_2021":1,"newbuilds_2021":0,"net_2021":-1,"demolitions_2022":3,"newbuilds_2022":0,"net_2022":-3,"demolitions_2023":4,"newbuilds_2023":0,"net_2023":-4,"demolitions_2024":8,"newbuilds_2024":0,"net_2024":-8,"demolitions_2025":4,"newbuilds_2025":0,"net_2025":-4,"demolitions_2026":1,"newbuilds_2026":0,"net_2026":-1},"geometry":{"type":"Polygon","coordinates":[[[-83.178247,42.40462],[-83.178247,42.408821],[-83.183137,42.410922],[-83.188027,42.408821],[-83.188027,42.40462],[-83.183137,42.402519],[-83.178247,42.40462]]]}},{"type":"Feature","properties":{"id":140,"q":-13,"r":10,"demolitions_2014":0,"newbuilds_2014":0,"net_2014":0,"demolitions_2015":1,"newbuilds_2015":0,"net_2015":-1,"demolitions_2016":2,"newbuilds_2016":0,"net_2016":-2,"demolitions_2017":0,"newbuilds_2017":0,"net_2017":0,"demolitions_2018":4,"newbuilds_2018":0,"net_2018":-4,"demolitions_2019":1,"newbuilds_2019":0,"net_2019":-1,"demolitions_2020":0,"newbuilds_2020":0,"net_2020":0,"demolitions_2021":0,"newbuilds_2021":0,"net_2021":0,"demolitions_2022":0,"newbuilds_2022":0,"net_2022":0,"demolitions_2023":0,"newbuilds_2023":0,"net_2023":0,"demolitions_2024":3,"newbuilds_2024":0,"net_2024":-3,"demolitions_2025":0,"newbuilds_2025":0,"net_2025":0,"demolitions_2026":0,"newbuilds_2026":0,"net_2026":0},"geometry":{"type":"Polygon","coordinates":[[[-83.173356,42.410922],[-83.173356,42.415123],[-83.178247,42.417224],[-83.183137,42.415123],[-83.183137,42.410922],[-83.178247,42.408821],[-83.173356,42.410922]]]}},{"type":"Feature","properties":{"id":141,"q":-13,"r":11,"demolitions_2014":0,"newbuilds_2014":0,"net_2014":0,"demolitions_2015":0,"newbuilds_2015":0,"net_2015":0,"demolitions_2016":1,"newbuilds_2016":0,"net_2016":-1,"demolitions_2017":1,"newbuilds_2017":0,"net_2017":-1,"demolitions_2018":1,"newbuilds_2018":0,"net_2018":-1,"demolitions_2019":0,"newbuilds_2019":0,"net_2019":0,"demolitions_2020":0,"newbuilds_2020":0,"net_2020":0,"demolitions_2021":0,"newbuilds_2021":0,"net_2021":0,"demolitions_2022":0,"newbuilds_2022":0,"net_2022":0,"demolitions_2023":0,"newbuilds_2023":1,"net_2023":1,"demolitions_2024":0,"newbuilds_2024":0,"net_2024":0,"demolitions_2025":1,"newbuilds_2025":0,"net_2025":-1,"demolitions_2026":0,"newbuilds_2026":0,"net_2026":0},"geometry":{"type":"Polygon","coordinates":[[[-83.168466,42.417224],[-83.168466,42.421426],[-83.173356,42.423526],[-83.178247,42.421426],[-83.178247,42.417224],[-83.173356,42.415123],[-83.168466,42.417224]]]}},{"type":"Feature","properties":{"id":142,"q":-13,"r":12,"demolitions_2014":0,"newbuilds_2014":0,"net_2014":0,"demolitions_2015":0,"newbuilds_2015":0,"net_2015":0,"demolitions_2016":0,"newbuilds_2016":0,"net_2016":0,"demolitions_2017":0,"newbuilds_2017":0,"net_2017":0,"demolitions_2018":0,"newbuilds_2018":0,"net_2018":0,"demolitions_2019":0,"newbuilds_2019":0,"net_2019":0,"demolitions_2020":0,"newbuilds_2020":1,"net_2020":1,"demolitions_2021":1,"newbuilds_2021":3,"net_2021":2,"demolitions_2022":0,"newbuilds_2022":0,"net_2022":0,"demolitions_2023":0,"newbuilds_2023":0,"net_2023":0,"demolitions_2024":0,"newbuilds_2024":0,"net_2024":0,"demolitions_2025":0,"newbuilds_2025":0,"net_2025":0,"demolitions_2026":0,"newbuilds_2026":0,"net_2026":0},"geometry":{"type":"Polygon","coordinates":[[[-83.163575,42.423526],[-83.163575,42.427728],[-83.168466,42.429829],[-83.173356,42.427728],[-83.173356,42.423526],[-83.168466,42.421426],[-83.163575,42.423526]]]}},{"type":"Feature","properties":{"id":143,"q":-13,"r":13,"demolitions_2014":0,"newbuilds_2014":0,"net_2014":0,"demolitions_2015":1,"newbuilds_2015":0,"net_2015":-1,"demolitions_2016":1,"newbuilds_2016":0,"net_2016":-1,"demolitions_2017":0,"newbuilds_2017":0,"net_2017":0,"demolitions_2018":0,"newbuilds_2018":0,"net_2018":0,"demolitions_2019":0,"newbuilds_2019":0,"net_2019":0,"demolitions_2020":0,"newbuilds_2020":0,"net_2020":0,"demolitions_2021":0,"newbuilds_2021":0,"net_2021":0,"demolitions_2022":0,"newbuilds_2022":0,"net_2022":0,"demolitions_2023":0,"newbuilds_2023":0,"net_2023":0,"demolitions_2024":0,"newbuilds_2024":0,"net_2024":0,"demolitions_2025":0,"newbuilds_2025":0,"net_2025":0,"demolitions_2026":0,"newbuilds_2026":0,"net_2026":0},"geometry":{"type":"Polygon","coordinates":[[[-83.158685,42.429829],[-83.158685,42.43403],[-83.163575,42.436131],[-83.168466,42.43403],[-83.168466,42.429829],[-83.163575,42.427728],[-83.158685,42.429829]]]}},{"type":"Feature","properties":{"id":144,"q":-13,"r":14,"demolitions_2014":0,"newbuilds_2014":0,"net_2014":0,"demolitions_2015":3,"newbuilds_2015":0,"net_2015":-3,"demolitions_2016":1,"newbuilds_2016":0,"net_2016":-1,"demolitions_2017":2,"newbuilds_2017":0,"net_2017":-2,"demolitions_2018":3,"newbuilds_2018":0,"net_2018":-3,"demolitions_2019":0,"newbuilds_2019":0,"net_2019":0,"demolitions_2020":0,"newbuilds_2020":0,"net_2020":0,"demolitions_2021":0,"newbuilds_2021":0,"net_2021":0,"demolitions_2022":0,"newbuilds_2022":0,"net_2022":0,"demolitions_2023":0,"newbuilds_2023":0,"net_2023":0,"demolitions_2024":0,"newbuilds_2024":1,"net_2024":1,"demolitions_2025":0,"newbuilds_2025":0,"net_2025":0,"demolitions_2026":0,"newbuilds_2026":0,"net_2026":0},"geometry":{"type":"Polygon","coordinates":[[[-83.153795,42.436131],[-83.153795,42.440332],[-83.158685,42.442433],[-83.163575,42.440332],[-83.163575,42.436131],[-83.158685,42.43403],[-83.153795,42.436131]]]}},{"type":"Feature","properties":{"id":145,"q":-13,"r":15,"demolitions_2014":1,"newbuilds_2014":0,"net_2014":-1,"demolitions_2015":6,"newbuilds_2015":0,"net_2015":-6,"demolitions_2016":4,"newbuilds_2016":0,"net_2016":-4,"demolitions_2017":2,"newbuilds_2017":0,"net_2017":-2,"demolitions_2018":5,"newbuilds_2018":0,"net_2018":-5,"demolitions_2019":0,"newbuilds_2019":0,"net_2019":0,"demolitions_2020":0,"newbuilds_2020":0,"net_2020":0,"demolitions_2021":0,"newbuilds_2021":0,"net_2021":0,"demolitions_2022":1,"newbuilds_2022":0,"net_2022":-1,"demolitions_2023":0,"newbuilds_2023":0,"net_2023":0,"demolitions_2024":2,"newbuilds_2024":0,"net_2024":-2,"demolitions_2025":0,"newbuilds_2025":0,"net_2025":0,"demolitions_2026":0,"newbuilds_2026":0,"net_2026":0},"geometry":{"type":"Polygon","coordinates":[[[-83.148904,42.442433],[-83.148904,42.446635],[-83.153795,42.448735],[-83.158685,42.446635],[-83.158685,42.442433],[-83.153795,42.440332],[-83.148904,42.442433]]]}},{"type":"Feature","properties":{"id":146,"q":-12,"r":-3,"demolitions_2014":1,"newbuilds_2014":0,"net_2014":-1,"demolitions_2015":2,"newbuilds_2015":0,"net_2015":-2,"demolitions_2016":3,"newbuilds_2016":0,"net_2016":-3,"demolitions_2017":0,"newbuilds_2017":0,"net_2017":0,"demolitions_2018":2,"newbuilds_2018":0,"net_2018":-2,"demolitions_2019":0,"newbuilds_2019":0,"net_2019":0,"demolitions_2020":0,"newbuilds_2020":0,"net_2020":0,"demolitions_2021":0,"newbuilds_2021":0,"net_2021":0,"demolitions_2022":0,"newbuilds_2022":0,"net_2022":0,"demolitions_2023":0,"newbuilds_2023":0,"net_2023":0,"demolitions_2024":0,"newbuilds_2024":0,"net_2024":0,"demolitions_2025":0,"newbuilds_2025":0,"net_2025":0,"demolitions_2026":0,"newbuilds_2026":0,"net_2026":0},"geometry":{"type":"Polygon","coordinates":[[[-83.227151,42.328992],[-83.227151,42.333194],[-83.232041,42.335295],[-83.236932,42.333194],[-83.236932,42.328992],[-83.232041,42.326892],[-83.227151,42.328992]]]}},{"type":"Feature","properties":{"id":147,"q":-12,"r":-2,"demolitions_2014":12,"newbuilds_2014":0,"net_2014":-12,"demolitions_2015":11,"newbuilds_2015":0,"net_2015":-11,"demolitions_2016":4,"newbuilds_2016":0,"net_2016":-4,"demolitions_2017":6,"newbuilds_2017":0,"net_2017":-6,"demolitions_2018":11,"newbuilds_2018":0,"net_2018":-11,"demolitions_2019":0,"newbuilds_2019":0,"net_2019":0,"demolitions_2020":0,"newbuilds_2020":0,"net_2020":0,"demolitions_2021":3,"newbuilds_2021":0,"net_2021":-3,"demolitions_2022":1,"newbuilds_2022":0,"net_2022":-1,"demolitions_2023":1,"newbuilds_2023":0,"net_2023":-1,"demolitions_2024":2,"newbuilds_2024":0,"net_2024":-2,"demolitions_2025":1,"newbuilds_2025":0,"net_2025":-1,"demolitions_2026":0,"newbuilds_2026":0,"net_2026":0},"geometry":{"type":"Polygon","coordinates":[[[-83.22226,42.335295],[-83.22226,42.339496],[-83.227151,42.341597],[-83.232041,42.339496],[-83.232041,42.335295],[-83.227151,42.333194],[-83.22226,42.335295]]]}},{"type":"Feature","properties":{"id":148,"q":-12,"r":-1,"demolitions_2014":9,"newbuilds_2014":0,"net_2014":-9,"demolitions_2015":18,"newbuilds_2015":0,"net_2015":-18,"demolitions_2016":9,"newbuilds_2016":0,"net_2016":-9,"demolitions_2017":5,"newbuilds_2017":0,"net_2017":-5,"demolitions_2018":16,"newbuilds_2018":0,"net_2018":-16,"demolitions_2019":0,"newbuilds_2019":0,"net_2019":0,"demolitions_2020":2,"newbuilds_2020":0,"net_2020":-2,"demolitions_2021":1,"newbuilds_2021":0,"net_2021":-1,"demolitions_2022":2,"newbuilds_2022":0,"net_2022":-2,"demolitions_2023":4,"newbuilds_2023":0,"net_2023":-4,"demolitions_2024":1,"newbuilds_2024":0,"net_2024":-1,"demolitions_2025":0,"newbuilds_2025":0,"net_2025":0,"demolitions_2026":0,"newbuilds_2026":0,"net_2026":0},"geometry":{"type":"Polygon","coordinates":[[[-83.21737,42.341597],[-83.21737,42.345798],[-83.22226,42.347899],[-83.227151,42.345798],[-83.227151,42.341597],[-83.22226,42.339496],[-83.21737,42.341597]]]}},{"type":"Feature","properties":{"id":149,"q":-12,"r":0,"demolitions_2014":30,"newbuilds_2014":0,"net_2014":-30,"demolitions_2015":22,"newbuilds_2015":0,"net_2015":-22,"demolitions_2016":13,"newbuilds_2016":0,"net_2016":-13,"demolitions_2017":4,"newbuilds_2017":0,"net_2017":-4,"demolitions_2018":30,"newbuilds_2018":0,"net_2018":-30,"demolitions_2019":1,"newbuilds_2019":0,"net_2019":-1,"demolitions_2020":5,"newbuilds_2020":0,"net_2020":-5,"demolitions_2021":0,"newbuilds_2021":0,"net_2021":0,"demolitions_2022":2,"newbuilds_2022":0,"net_2022":-2,"demolitions_2023":2,"newbuilds_2023":0,"net_2023":-2,"demolitions_2024":1,"newbuilds_2024":0,"net_2024":-1,"demolitions_2025":2,"newbuilds_2025":0,"net_2025":-2,"demolitions_2026":0,"newbuilds_2026":7,"net_2026":7},"geometry":{"type":"Polygon","coordinates":[[[-83.21248,42.347899],[-83.21248,42.352101],[-83.21737,42.354202],[-83.22226,42.352101],[-83.22226,42.347899],[-83.21737,42.345798],[-83.21248,42.347899]]]}},{"type":"Feature","properties":{"id":150,"q":-12,"r":1,"demolitions_2014":7,"newbuilds_2014":0,"net_2014":-7,"demolitions_2015":3,"newbuilds_2015":0,"net_2015":-3,"demolitions_2016":2,"newbuilds_2016":0,"net_2016":-2,"demolitions_2017":3,"newbuilds_2017":0,"net_2017":-3,"demolitions_2018":0,"newbuilds_2018":0,"net_2018":0,"demolitions_2019":3,"newbuilds_2019":0,"net_2019":-3,"demolitions_2020":1,"newbuilds_2020":0,"net_2020":-1,"demolitions_2021":0,"newbuilds_2021":0,"net_2021":0,"demolitions_2022":0,"newbuilds_2022":1,"net_2022":1,"demolitions_2023":1,"newbuilds_2023":0,"net_2023":-1,"demolitions_2024":0,"newbuilds_2024":0,"net_2024":0,"demolitions_2025":0,"newbuilds_2025":1,"net_2025":1,"demolitions_2026":0,"newbuilds_2026":0,"net_2026":0},"geometry":{"type":"Polygon","coordinates":[[[-83.207589,42.354202],[-83.207589,42.358403],[-83.21248,42.360504],[-83.21737,42.358403],[-83.21737,42.354202],[-83.21248,42.352101],[-83.207589,42.354202]]]}},{"type":"Feature","properties":{"id":151,"q":-12,"r":2,"demolitions_2014":0,"newbuilds_2014":0,"net_2014":0,"demolitions_2015":4,"newbuilds_2015":0,"net_2015":-4,"demolitions_2016":1,"newbuilds_2016":0,"net_2016":-1,"demolitions_2017":7,"newbuilds_2017":0,"net_2017":-7,"demolitions_2018":18,"newbuilds_2018":0,"net_2018":-18,"demolitions_2019":4,"newbuilds_2019":0,"net_2019":-4,"demolitions_2020":7,"newbuilds_2020":0,"net_2020":-7,"demolitions_2021":1,"newbuilds_2021":0,"net_2021":-1,"demolitions_2022":2,"newbuilds_2022":0,"net_2022":-2,"demolitions_2023":5,"newbuilds_2023":0,"net_2023":-5,"demolitions_2024":7,"newbuilds_2024":0,"net_2024":-7,"demolitions_2025":9,"newbuilds_2025":0,"net_2025":-9,"demolitions_2026":0,"newbuilds_2026":0,"net_2026":0},"geometry":{"type":"Polygon","coordinates":[[[-83.202699,42.360504],[-83.202699,42.364705],[-83.207589,42.366806],[-83.21248,42.364705],[-83.21248,42.360504],[-83.207589,42.358403],[-83.202699,42.360504]]]}},{"type":"Feature","properties":{"id":152,"q":-12,"r":3,"demolitions_2014":2,"newbuilds_2014":0,"net_2014":-2,"demolitions_2015":2,"newbuilds_2015":0,"net_2015":-2,"demolitions_2016":14,"newbuilds_2016":0,"net_2016":-14,"demolitions_2017":27,"newbuilds_2017":0,"net_2017":-27,"demolitions_2018":35,"newbuilds_2018":0,"net_2018":-35,"demolitions_2019":2,"newbuilds_2019":0,"net_2019":-2,"demolitions_2020":9,"newbuilds_2020":0,"net_2020":-9,"demolitions_2021":2,"newbuilds_2021":1,"net_2021":-1,"demolitions_2022":10,"newbuilds_2022":0,"net_2022":-10,"demolitions_2023":8,"newbuilds_2023":0,"net_2023":-8,"demolitions_2024":6,"newbuilds_2024":0,"net_2024":-6,"demolitions_2025":2,"newbuilds_2025":0,"net_2025":-2,"demolitions_2026":1,"newbuilds_2026":0,"net_2026":-1},"geometry":{"type":"Polygon","coordinates":[[[-83.197808,42.366806],[-83.197808,42.371008],[-83.202699,42.373108],[-83.207589,42.371008],[-83.207589,42.366806],[-83.202699,42.364705],[-83.197808,42.366806]]]}},{"type":"Feature","properties":{"id":153,"q":-12,"r":4,"demolitions_2014":2,"newbuilds_2014":0,"net_2014":-2,"demolitions_2015":0,"newbuilds_2015":0,"net_2015":0,"demolitions_2016":0,"newbuilds_2016":0,"net_2016":0,"demolitions_2017":22,"newbuilds_2017":0,"net_2017":-22,"demolitions_2018":5,"newbuilds_2018":0,"net_2018":-5,"demolitions_2019":8,"newbuilds_2019":0,"net_2019":-8,"demolitions_2020":7,"newbuilds_2020":0,"net_2020":-7,"demolitions_2021":0,"newbuilds_2021":1,"net_2021":1,"demolitions_2022":3,"newbuilds_2022":0,"net_2022":-3,"demolitions_2023":3,"newbuilds_2023":0,"net_2023":-3,"demolitions_2024":7,"newbuilds_2024":0,"net_2024":-7,"demolitions_2025":2,"newbuilds_2025":1,"net_2025":-1,"demolitions_2026":1,"newbuilds_2026":0,"net_2026":-1},"geometry":{"type":"Polygon","coordinates":[[[-83.192918,42.373108],[-83.192918,42.37731],[-83.197808,42.379411],[-83.202699,42.37731],[-83.202699,42.373108],[-83.197808,42.371008],[-83.192918,42.373108]]]}},{"type":"Feature","properties":{"id":154,"q":-12,"r":5,"demolitions_2014":3,"newbuilds_2014":0,"net_2014":-3,"demolitions_2015":1,"newbuilds_2015":0,"net_2015":-1,"demolitions_2016":1,"newbuilds_2016":0,"net_2016":-1,"demolitions_2017":32,"newbuilds_2017":0,"net_2017":-32,"demolitions_2018":22,"newbuilds_2018":0,"net_2018":-22,"demolitions_2019":4,"newbuilds_2019":0,"net_2019":-4,"demolitions_2020":0,"newbuilds_2020":0,"net_2020":0,"demolitions_2021":6,"newbuilds_2021":0,"net_2021":-6,"demolitions_2022":2,"newbuilds_2022":0,"net_2022":-2,"demolitions_2023":5,"newbuilds_2023":0,"net_2023":-5,"demolitions_2024":2,"newbuilds_2024":0,"net_2024":-2,"demolitions_2025":3,"newbuilds_2025":0,"net_2025":-3,"demolitions_2026":0,"newbuilds_2026":0,"net_2026":0},"geometry":{"type":"Polygon","coordinates":[[[-83.188027,42.379411],[-83.188027,42.383612],[-83.192918,42.385713],[-83.197808,42.383612],[-83.197808,42.379411],[-83.192918,42.37731],[-83.188027,42.379411]]]}},{"type":"Feature","properties":{"id":155,"q":-12,"r":6,"demolitions_2014":5,"newbuilds_2014":0,"net_2014":-5,"demolitions_2015":13,"newbuilds_2015":0,"net_2015":-13,"demolitions_2016":7,"newbuilds_2016":0,"net_2016":-7,"demolitions_2017":22,"newbuilds_2017":0,"net_2017":-22,"demolitions_2018":16,"newbuilds_2018":0,"net_2018":-16,"demolitions_2019":3,"newbuilds_2019":0,"net_2019":-3,"demolitions_2020":6,"newbuilds_2020":0,"net_2020":-6,"demolitions_2021":6,"newbuilds_2021":0,"net_2021":-6,"demolitions_2022":6,"newbuilds_2022":0,"net_2022":-6,"demolitions_2023":9,"newbuilds_2023":0,"net_2023":-9,"demolitions_2024":6,"newbuilds_2024":0,"net_2024":-6,"demolitions_2025":8,"newbuilds_2025":0,"net_2025":-8,"demolitions_2026":0,"newbuilds_2026":0,"net_2026":0},"geometry":{"type":"Polygon","coordinates":[[[-83.183137,42.385713],[-83.183137,42.389914],[-83.188027,42.392015],[-83.192918,42.389914],[-83.192918,42.385713],[-83.188027,42.383612],[-83.183137,42.385713]]]}},{"type":"Feature","properties":{"id":156,"q":-12,"r":7,"demolitions_2014":3,"newbuilds_2014":0,"net_2014":-3,"demolitions_2015":5,"newbuilds_2015":0,"net_2015":-5,"demolitions_2016":11,"newbuilds_2016":0,"net_2016":-11,"demolitions_2017":19,"newbuilds_2017":0,"net_2017":-19,"demolitions_2018":10,"newbuilds_2018":0,"net_2018":-10,"demolitions_2019":2,"newbuilds_2019":0,"net_2019":-2,"demolitions_2020":13,"newbuilds_2020":0,"net_2020":-13,"demolitions_2021":7,"newbuilds_2021":0,"net_2021":-7,"demolitions_2022":1,"newbuilds_2022":0,"net_2022":-1,"demolitions_2023":2,"newbuilds_2023":0,"net_2023":-2,"demolitions_2024":3,"newbuilds_2024":0,"net_2024":-3,"demolitions_2025":1,"newbuilds_2025":0,"net_2025":-1,"demolitions_2026":0,"newbuilds_2026":0,"net_2026":0},"geometry":{"type":"Polygon","coordinates":[[[-83.178247,42.392015],[-83.178247,42.396217],[-83.183137,42.398317],[-83.188027,42.396217],[-83.188027,42.392015],[-83.183137,42.389914],[-83.178247,42.392015]]]}},{"type":"Feature","properties":{"id":157,"q":-12,"r":8,"demolitions_2014":1,"newbuilds_2014":0,"net_2014":-1,"demolitions_2015":4,"newbuilds_2015":0,"net_2015":-4,"demolitions_2016":1,"newbuilds_2016":0,"net_2016":-1,"demolitions_2017":16,"newbuilds_2017":0,"net_2017":-16,"demolitions_2018":6,"newbuilds_2018":0,"net_2018":-6,"demolitions_2019":14,"newbuilds_2019":0,"net_2019":-14,"demolitions_2020":10,"newbuilds_2020":0,"net_2020":-10,"demolitions_2021":5,"newbuilds_2021":0,"net_2021":-5,"demolitions_2022":1,"newbuilds_2022":0,"net_2022":-1,"demolitions_2023":4,"newbuilds_2023":0,"net_2023":-4,"demolitions_2024":2,"newbuilds_2024":0,"net_2024":-2,"demolitions_2025":4,"newbuilds_2025":0,"net_2025":-4,"demolitions_2026":0,"newbuilds_2026":0,"net_2026":0},"geometry":{"type":"Polygon","coordinates":[[[-83.173356,42.398317],[-83.173356,42.402519],[-83.178247,42.40462],[-83.183137,42.402519],[-83.183137,42.398317],[-83.178247,42.396217],[-83.173356,42.398317]]]}},{"type":"Feature","properties":{"id":158,"q":-12,"r":9,"demolitions_2014":2,"newbuilds_2014":0,"net_2014":-2,"demolitions_2015":3,"newbuilds_2015":0,"net_2015":-3,"demolitions_2016":1,"newbuilds_2016":0,"net_2016":-1,"demolitions_2017":6,"newbuilds_2017":0,"net_2017":-6,"demolitions_2018":0,"newbuilds_2018":0,"net_2018":0,"demolitions_2019":14,"newbuilds_2019":0,"net_2019":-14,"demolitions_2020":6,"newbuilds_2020":0,"net_2020":-6,"demolitions_2021":0,"newbuilds_2021":0,"net_2021":0,"demolitions_2022":1,"newbuilds_2022":0,"net_2022":-1,"demolitions_2023":4,"newbuilds_2023":0,"net_2023":-4,"demolitions_2024":3,"newbuilds_2024":0,"net_2024":-3,"demolitions_2025":2,"newbuilds_2025":0,"net_2025":-2,"demolitions_2026":0,"newbuilds_2026":0,"net_2026":0},"geometry":{"type":"Polygon","coordinates":[[[-83.168466,42.40462],[-83.168466,42.408821],[-83.173356,42.410922],[-83.178247,42.408821],[-83.178247,42.40462],[-83.173356,42.402519],[-83.168466,42.40462]]]}},{"type":"Feature","properties":{"id":159,"q":-12,"r":10,"demolitions_2014":0,"newbuilds_2014":0,"net_2014":0,"demolitions_2015":3,"newbuilds_2015":0,"net_2015":-3,"demolitions_2016":0,"newbuilds_2016":0,"net_2016":0,"demolitions_2017":1,"newbuilds_2017":0,"net_2017":-1,"demolitions_2018":2,"newbuilds_2018":0,"net_2018":-2,"demolitions_2019":1,"newbuilds_2019":0,"net_2019":-1,"demolitions_2020":1,"newbuilds_2020":0,"net_2020":-1,"demolitions_2021":0,"newbuilds_2021":0,"net_2021":0,"demolitions_2022":1,"newbuilds_2022":0,"net_2022":-1,"demolitions_2023":1,"newbuilds_2023":0,"net_2023":-1,"demolitions_2024":0,"newbuilds_2024":0,"net_2024":0,"demolitions_2025":0,"newbuilds_2025":0,"net_2025":0,"demolitions_2026":0,"newbuilds_2026":0,"net_2026":0},"geometry":{"type":"Polygon","coordinates":[[[-83.163575,42.410922],[-83.163575,42.415123],[-83.168466,42.417224],[-83.173356,42.415123],[-83.173356,42.410922],[-83.168466,42.408821],[-83.163575,42.410922]]]}},{"type":"Feature","properties":{"id":160,"q":-12,"r":11,"demolitions_2014":2,"newbuilds_2014":0,"net_2014":-2,"demolitions_2015":6,"newbuilds_2015":0,"net_2015":-6,"demolitions_2016":1,"newbuilds_2016":0,"net_2016":-1,"demolitions_2017":1,"newbuilds_2017":0,"net_2017":-1,"demolitions_2018":0,"newbuilds_2018":0,"net_2018":0,"demolitions_2019":2,"newbuilds_2019":0,"net_2019":-2,"demolitions_2020":0,"newbuilds_2020":0,"net_2020":0,"demolitions_2021":0,"newbuilds_2021":0,"net_2021":0,"demolitions_2022":1,"newbuilds_2022":0,"net_2022":-1,"demolitions_2023":0,"newbuilds_2023":0,"net_2023":0,"demolitions_2024":1,"newbuilds_2024":0,"net_2024":-1,"demolitions_2025":0,"newbuilds_2025":0,"net_2025":0,"demolitions_2026":0,"newbuilds_2026":0,"net_2026":0},"geometry":{"type":"Polygon","coordinates":[[[-83.158685,42.417224],[-83.158685,42.421426],[-83.163575,42.423526],[-83.168466,42.421426],[-83.168466,42.417224],[-83.163575,42.415123],[-83.158685,42.417224]]]}},{"type":"Feature","properties":{"id":161,"q":-12,"r":12,"demolitions_2014":0,"newbuilds_2014":0,"net_2014":0,"demolitions_2015":1,"newbuilds_2015":0,"net_2015":-1,"demolitions_2016":0,"newbuilds_2016":0,"net_2016":0,"demolitions_2017":0,"newbuilds_2017":0,"net_2017":0,"demolitions_2018":0,"newbuilds_2018":0,"net_2018":0,"demolitions_2019":0,"newbuilds_2019":1,"net_2019":1,"demolitions_2020":0,"newbuilds_2020":0,"net_2020":0,"demolitions_2021":0,"newbuilds_2021":1,"net_2021":1,"demolitions_2022":0,"newbuilds_2022":0,"net_2022":0,"demolitions_2023":0,"newbuilds_2023":0,"net_2023":0,"demolitions_2024":0,"newbuilds_2024":0,"net_2024":0,"demolitions_2025":0,"newbuilds_2025":0,"net_2025":0,"demolitions_2026":0,"newbuilds_2026":0,"net_2026":0},"geometry":{"type":"Polygon","coordinates":[[[-83.153795,42.423526],[-83.153795,42.427728],[-83.158685,42.429829],[-83.163575,42.427728],[-83.163575,42.423526],[-83.158685,42.421426],[-83.153795,42.423526]]]}},{"type":"Feature","properties":{"id":162,"q":-12,"r":13,"demolitions_2014":0,"newbuilds_2014":0,"net_2014":0,"demolitions_2015":0,"newbuilds_2015":0,"net_2015":0,"demolitions_2016":0,"newbuilds_2016":0,"net_2016":0,"demolitions_2017":0,"newbuilds_2017":0,"net_2017":0,"demolitions_2018":0,"newbuilds_2018":0,"net_2018":0,"demolitions_2019":0,"newbuilds_2019":0,"net_2019":0,"demolitions_2020":0,"newbuilds_2020":1,"net_2020":1,"demolitions_2021":0,"newbuilds_2021":0,"net_2021":0,"demolitions_2022":0,"newbuilds_2022":0,"net_2022":0,"demolitions_2023":0,"newbuilds_2023":0,"net_2023":0,"demolitions_2024":0,"newbuilds_2024":0,"net_2024":0,"demolitions_2025":0,"newbuilds_2025":0,"net_2025":0,"demolitions_2026":0,"newbuilds_2026":0,"net_2026":0},"geometry":{"type":"Polygon","coordinates":[[[-83.148904,42.429829],[-83.148904,42.43403],[-83.153795,42.436131],[-83.158685,42.43403],[-83.158685,42.429829],[-83.153795,42.427728],[-83.148904,42.429829]]]}},{"type":"Feature","properties":{"id":163,"q":-12,"r":14,"demolitions_2014":0,"newbuilds_2014":0,"net_2014":0,"demolitions_2015":7,"newbuilds_2015":0,"net_2015":-7,"demolitions_2016":3,"newbuilds_2016":0,"net_2016":-3,"demolitions_2017":3,"newbuilds_2017":0,"net_2017":-3,"demolitions_2018":5,"newbuilds_2018":0,"net_2018":-5,"demolitions_2019":1,"newbuilds_2019":0,"net_2019":-1,"demolitions_2020":0,"newbuilds_2020":0,"net_2020":0,"demolitions_2021":0,"newbuilds_2021":0,"net_2021":0,"demolitions_2022":0,"newbuilds_2022":0,"net_2022":0,"demolitions_2023":0,"newbuilds_2023":0,"net_2023":0,"demolitions_2024":0,"newbuilds_2024":0,"net_2024":0,"demolitions_2025":0,"newbuilds_2025":0,"net_2025":0,"demolitions_2026":1,"newbuilds_2026":0,"net_2026":-1},"geometry":{"type":"Polygon","coordinates":[[[-83.144014,42.436131],[-83.144014,42.440332],[-83.148904,42.442433],[-83.153795,42.440332],[-83.153795,42.436131],[-83.148904,42.43403],[-83.144014,42.436131]]]}},{"type":"Feature","properties":{"id":164,"q":-12,"r":15,"demolitions_2014":0,"newbuilds_2014":0,"net_2014":0,"demolitions_2015":7,"newbuilds_2015":0,"net_2015":-7,"demolitions_2016":2,"newbuilds_2016":0,"net_2016":-2,"demolitions_2017":3,"newbuilds_2017":0,"net_2017":-3,"demolitions_2018":6,"newbuilds_2018":0,"net_2018":-6,"demolitions_2019":1,"newbuilds_2019":0,"net_2019":-1,"demolitions_2020":0,"newbuilds_2020":2,"net_2020":2,"demolitions_2021":1,"newbuilds_2021":0,"net_2021":-1,"demolitions_2022":0,"newbuilds_2022":0,"net_2022":0,"demolitions_2023":0,"newbuilds_2023":0,"net_2023":0,"demolitions_2024":0,"newbuilds_2024":0,"net_2024":0,"demolitions_2025":3,"newbuilds_2025":0,"net_2025":-3,"demolitions_2026":0,"newbuilds_2026":0,"net_2026":0},"geometry":{"type":"Polygon","coordinates":[[[-83.139123,42.442433],[-83.139123,42.446635],[-83.144014,42.448735],[-83.148904,42.446635],[-83.148904,42.442433],[-83.144014,42.440332],[-83.139123,42.442433]]]}},{"type":"Feature","properties":{"id":165,"q":-11,"r":-3,"demolitions_2014":1,"newbuilds_2014":0,"net_2014":-1,"demolitions_2015":2,"newbuilds_2015":0,"net_2015":-2,"demolitions_2016":1,"newbuilds_2016":0,"net_2016":-1,"demolitions_2017":0,"newbuilds_2017":0,"net_2017":0,"demolitions_2018":4,"newbuilds_2018":0,"net_2018":-4,"demolitions_2019":1,"newbuilds_2019":0,"net_2019":-1,"demolitions_2020":0,"newbuilds_2020":0,"net_2020":0,"demolitions_2021":1,"newbuilds_2021":0,"net_2021":-1,"demolitions_2022":0,"newbuilds_2022":1,"net_2022":1,"demolitions_2023":0,"newbuilds_2023":0,"net_2023":0,"demolitions_2024":0,"newbuilds_2024":0,"net_2024":0,"demolitions_2025":0,"newbuilds_2025":0,"net_2025":0,"demolitions_2026":0,"newbuilds_2026":0,"net_2026":0},"geometry":{"type":"Polygon","coordinates":[[[-83.21737,42.328992],[-83.21737,42.333194],[-83.22226,42.335295],[-83.227151,42.333194],[-83.227151,42.328992],[-83.22226,42.326892],[-83.21737,42.328992]]]}},{"type":"Feature","properties":{"id":166,"q":-11,"r":-2,"demolitions_2014":2,"newbuilds_2014":0,"net_2014":-2,"demolitions_2015":7,"newbuilds_2015":0,"net_2015":-7,"demolitions_2016":6,"newbuilds_2016":0,"net_2016":-6,"demolitions_2017":3,"newbuilds_2017":0,"net_2017":-3,"demolitions_2018":9,"newbuilds_2018":0,"net_2018":-9,"demolitions_2019":0,"newbuilds_2019":0,"net_2019":0,"demolitions_2020":0,"newbuilds_2020":0,"net_2020":0,"demolitions_2021":2,"newbuilds_2021":0,"net_2021":-2,"demolitions_2022":0,"newbuilds_2022":1,"net_2022":1,"demolitions_2023":0,"newbuilds_2023":0,"net_2023":0,"demolitions_2024":0,"newbuilds_2024":0,"net_2024":0,"demolitions_2025":0,"newbuilds_2025":0,"net_2025":0,"demolitions_2026":0,"newbuilds_2026":0,"net_2026":0},"geometry":{"type":"Polygon","coordinates":[[[-83.21248,42.335295],[-83.21248,42.339496],[-83.21737,42.341597],[-83.22226,42.339496],[-83.22226,42.335295],[-83.21737,42.333194],[-83.21248,42.335295]]]}},{"type":"Feature","properties":{"id":167,"q":-11,"r":-1,"demolitions_2014":9,"newbuilds_2014":0,"net_2014":-9,"demolitions_2015":10,"newbuilds_2015":0,"net_2015":-10,"demolitions_2016":4,"newbuilds_2016":0,"net_2016":-4,"demolitions_2017":5,"newbuilds_2017":0,"net_2017":-5,"demolitions_2018":5,"newbuilds_2018":0,"net_2018":-5,"demolitions_2019":1,"newbuilds_2019":0,"net_2019":-1,"demolitions_2020":2,"newbuilds_2020":0,"net_2020":-2,"demolitions_2021":2,"newbuilds_2021":0,"net_2021":-2,"demolitions_2022":2,"newbuilds_2022":0,"net_2022":-2,"demolitions_2023":3,"newbuilds_2023":0,"net_2023":-3,"demolitions_2024":1,"newbuilds_2024":0,"net_2024":-1,"demolitions_2025":0,"newbuilds_2025":0,"net_2025":0,"demolitions_2026":0,"newbuilds_2026":2,"net_2026":2},"geometry":{"type":"Polygon","coordinates":[[[-83.207589,42.341597],[-83.207589,42.345798],[-83.21248,42.347899],[-83.21737,42.345798],[-83.21737,42.341597],[-83.21248,42.339496],[-83.207589,42.341597]]]}},{"type":"Feature","properties":{"id":168,"q":-11,"r":0,"demolitions_2014":3,"newbuilds_2014":0,"net_2014":-3,"demolitions_2015":11,"newbuilds_2015":0,"net_2015":-11,"demolitions_2016":5,"newbuilds_2016":0,"net_2016":-5,"demolitions_2017":14,"newbuilds_2017":0,"net_2017":-14,"demolitions_2018":6,"newbuilds_2018":0,"net_2018":-6,"demolitions_2019":2,"newbuilds_2019":0,"net_2019":-2,"demolitions_2020":4,"newbuilds_2020":0,"net_2020":-4,"demolitions_2021":0,"newbuilds_2021":0,"net_2021":0,"demolitions_2022":2,"newbuilds_2022":0,"net_2022":-2,"demolitions_2023":2,"newbuilds_2023":0,"net_2023":-2,"demolitions_2024":3,"newbuilds_2024":0,"net_2024":-3,"demolitions_2025":0,"newbuilds_2025":1,"net_2025":1,"demolitions_2026":1,"newbuilds_2026":2,"net_2026":1},"geometry":{"type":"Polygon","coordinates":[[[-83.202699,42.347899],[-83.202699,42.352101],[-83.207589,42.354202],[-83.21248,42.352101],[-83.21248,42.347899],[-83.207589,42.345798],[-83.202699,42.347899]]]}},{"type":"Feature","properties":{"id":169,"q":-11,"r":1,"demolitions_2014":4,"newbuilds_2014":0,"net_2014":-4,"demolitions_2015":0,"newbuilds_2015":0,"net_2015":0,"demolitions_2016":0,"newbuilds_2016":0,"net_2016":0,"demolitions_2017":7,"newbuilds_2017":0,"net_2017":-7,"demolitions_2018":9,"newbuilds_2018":0,"net_2018":-9,"demolitions_2019":0,"newbuilds_2019":0,"net_2019":0,"demolitions_2020":4,"newbuilds_2020":0,"net_2020":-4,"demolitions_2021":0,"newbuilds_2021":0,"net_2021":0,"demolitions_2022":1,"newbuilds_2022":0,"net_2022":-1,"demolitions_2023":2,"newbuilds_2023":0,"net_2023":-2,"demolitions_2024":1,"newbuilds_2024":1,"net_2024":0,"demolitions_2025":0,"newbuilds_2025":0,"net_2025":0,"demolitions_2026":0,"newbuilds_2026":0,"net_2026":0},"geometry":{"type":"Polygon","coordinates":[[[-83.197808,42.354202],[-83.197808,42.358403],[-83.202699,42.360504],[-83.207589,42.358403],[-83.207589,42.354202],[-83.202699,42.352101],[-83.197808,42.354202]]]}},{"type":"Feature","properties":{"id":170,"q":-11,"r":2,"demolitions_2014":1,"newbuilds_2014":0,"net_2014":-1,"demolitions_2015":12,"newbuilds_2015":0,"net_2015":-12,"demolitions_2016":4,"newbuilds_2016":0,"net_2016":-4,"demolitions_2017":9,"newbuilds_2017":0,"net_2017":-9,"demolitions_2018":19,"newbuilds_2018":0,"net_2018":-19,"demolitions_2019":19,"newbuilds_2019":0,"net_2019":-19,"demolitions_2020":2,"newbuilds_2020":0,"net_2020":-2,"demolitions_2021":1,"newbuilds_2021":0,"net_2021":-1,"demolitions_2022":2,"newbuilds_2022":0,"net_2022":-2,"demolitions_2023":1,"newbuilds_2023":0,"net_2023":-1,"demolitions_2024":3,"newbuilds_2024":0,"net_2024":-3,"demolitions_2025":1,"newbuilds_2025":0,"net_2025":-1,"demolitions_2026":1,"newbuilds_2026":0,"net_2026":-1},"geometry":{"type":"Polygon","coordinates":[[[-83.192918,42.360504],[-83.192918,42.364705],[-83.197808,42.366806],[-83.202699,42.364705],[-83.202699,42.360504],[-83.197808,42.358403],[-83.192918,42.360504]]]}},{"type":"Feature","properties":{"id":171,"q":-11,"r":3,"demolitions_2014":0,"newbuilds_2014":0,"net_2014":0,"demolitions_2015":2,"newbuilds_2015":0,"net_2015":-2,"demolitions_2016":0,"newbuilds_2016":0,"net_2016":0,"demolitions_2017":13,"newbuilds_2017":0,"net_2017":-13,"demolitions_2018":2,"newbuilds_2018":0,"net_2018":-2,"demolitions_2019":5,"newbuilds_2019":0,"net_2019":-5,"demolitions_2020":1,"newbuilds_2020":0,"net_2020":-1,"demolitions_2021":0,"newbuilds_2021":0,"net_2021":0,"demolitions_2022":0,"newbuilds_2022":0,"net_2022":0,"demolitions_2023":0,"newbuilds_2023":0,"net_2023":0,"demolitions_2024":1,"newbuilds_2024":0,"net_2024":-1,"demolitions_2025":0,"newbuilds_2025":0,"net_2025":0,"demolitions_2026":1,"newbuilds_2026":0,"net_2026":-1},"geometry":{"type":"Polygon","coordinates":[[[-83.188027,42.366806],[-83.188027,42.371008],[-83.192918,42.373108],[-83.197808,42.371008],[-83.197808,42.366806],[-83.192918,42.364705],[-83.188027,42.366806]]]}},{"type":"Feature","properties":{"id":172,"q":-11,"r":4,"demolitions_2014":0,"newbuilds_2014":0,"net_2014":0,"demolitions_2015":0,"newbuilds_2015":0,"net_2015":0,"demolitions_2016":0,"newbuilds_2016":0,"net_2016":0,"demolitions_2017":12,"newbuilds_2017":0,"net_2017":-12,"demolitions_2018":5,"newbuilds_2018":0,"net_2018":-5,"demolitions_2019":2,"newbuilds_2019":0,"net_2019":-2,"demolitions_2020":0,"newbuilds_2020":0,"net_2020":0,"demolitions_2021":1,"newbuilds_2021":0,"net_2021":-1,"demolitions_2022":0,"newbuilds_2022":0,"net_2022":0,"demolitions_2023":1,"newbuilds_2023":1,"net_2023":0,"demolitions_2024":0,"newbuilds_2024":0,"net_2024":0,"demolitions_2025":0,"newbuilds_2025":0,"net_2025":0,"demolitions_2026":0,"newbuilds_2026":0,"net_2026":0},"geometry":{"type":"Polygon","coordinates":[[[-83.183137,42.373108],[-83.183137,42.37731],[-83.188027,42.379411],[-83.192918,42.37731],[-83.192918,42.373108],[-83.188027,42.371008],[-83.183137,42.373108]]]}},{"type":"Feature","properties":{"id":173,"q":-11,"r":5,"demolitions_2014":2,"newbuilds_2014":0,"net_2014":-2,"demolitions_2015":3,"newbuilds_2015":0,"net_2015":-3,"demolitions_2016":2,"newbuilds_2016":0,"net_2016":-2,"demolitions_2017":5,"newbuilds_2017":0,"net_2017":-5,"demolitions_2018":9,"newbuilds_2018":0,"net_2018":-9,"demolitions_2019":0,"newbuilds_2019":1,"net_2019":1,"demolitions_2020":0,"newbuilds_2020":0,"net_2020":0,"demolitions_2021":7,"newbuilds_2021":0,"net_2021":-7,"demolitions_2022":3,"newbuilds_2022":0,"net_2022":-3,"demolitions_2023":2,"newbuilds_2023":0,"net_2023":-2,"demolitions_2024":0,"newbuilds_2024":0,"net_2024":0,"demolitions_2025":2,"newbuilds_2025":0,"net_2025":-2,"demolitions_2026":1,"newbuilds_2026":0,"net_2026":-1},"geometry":{"type":"Polygon","coordinates":[[[-83.178247,42.379411],[-83.178247,42.383612],[-83.183137,42.385713],[-83.188027,42.383612],[-83.188027,42.379411],[-83.183137,42.37731],[-83.178247,42.379411]]]}},{"type":"Feature","properties":{"id":174,"q":-11,"r":6,"demolitions_2014":0,"newbuilds_2014":0,"net_2014":0,"demolitions_2015":0,"newbuilds_2015":0,"net_2015":0,"demolitions_2016":0,"newbuilds_2016":0,"net_2016":0,"demolitions_2017":0,"newbuilds_2017":0,"net_2017":0,"demolitions_2018":2,"newbuilds_2018":0,"net_2018":-2,"demolitions_2019":4,"newbuilds_2019":0,"net_2019":-4,"demolitions_2020":0,"newbuilds_2020":0,"net_2020":0,"demolitions_2021":7,"newbuilds_2021":0,"net_2021":-7,"demolitions_2022":7,"newbuilds_2022":0,"net_2022":-7,"demolitions_2023":2,"newbuilds_2023":0,"net_2023":-2,"demolitions_2024":8,"newbuilds_2024":1,"net_2024":-7,"demolitions_2025":2,"newbuilds_2025":1,"net_2025":-1,"demolitions_2026":0,"newbuilds_2026":0,"net_2026":0},"geometry":{"type":"Polygon","coordinates":[[[-83.173356,42.385713],[-83.173356,42.389914],[-83.178247,42.392015],[-83.183137,42.389914],[-83.183137,42.385713],[-83.178247,42.383612],[-83.173356,42.385713]]]}},{"type":"Feature","properties":{"id":175,"q":-11,"r":7,"demolitions_2014":0,"newbuilds_2014":0,"net_2014":0,"demolitions_2015":0,"newbuilds_2015":0,"net_2015":0,"demolitions_2016":0,"newbuilds_2016":0,"net_2016":0,"demolitions_2017":3,"newbuilds_2017":0,"net_2017":-3,"demolitions_2018":1,"newbuilds_2018":0,"net_2018":-1,"demolitions_2019":1,"newbuilds_2019":0,"net_2019":-1,"demolitions_2020":0,"newbuilds_2020":0,"net_2020":0,"demolitions_2021":6,"newbuilds_2021":0,"net_2021":-6,"demolitions_2022":9,"newbuilds_2022":0,"net_2022":-9,"demolitions_2023":4,"newbuilds_2023":1,"net_2023":-3,"demolitions_2024":9,"newbuilds_2024":0,"net_2024":-9,"demolitions_2025":4,"newbuilds_2025":0,"net_2025":-4,"demolitions_2026":0,"newbuilds_2026":0,"net_2026":0},"geometry":{"type":"Polygon","coordinates":[[[-83.168466,42.392015],[-83.168466,42.396217],[-83.173356,42.398317],[-83.178247,42.396217],[-83.178247,42.392015],[-83.173356,42.389914],[-83.168466,42.392015]]]}},{"type":"Feature","properties":{"id":176,"q":-11,"r":8,"demolitions_2014":5,"newbuilds_2014":0,"net_2014":-5,"demolitions_2015":0,"newbuilds_2015":0,"net_2015":0,"demolitions_2016":1,"newbuilds_2016":0,"net_2016":-1,"demolitions_2017":16,"newbuilds_2017":0,"net_2017":-16,"demolitions_2018":1,"newbuilds_2018":0,"net_2018":-1,"demolitions_2019":9,"newbuilds_2019":0,"net_2019":-9,"demolitions_2020":2,"newbuilds_2020":0,"net_2020":-2,"demolitions_2021":1,"newbuilds_2021":0,"net_2021":-1,"demolitions_2022":5,"newbuilds_2022":0,"net_2022":-5,"demolitions_2023":5,"newbuilds_2023":0,"net_2023":-5,"demolitions_2024":2,"newbuilds_2024":0,"net_2024":-2,"demolitions_2025":0,"newbuilds_2025":0,"net_2025":0,"demolitions_2026":0,"newbuilds_2026":0,"net_2026":0},"geometry":{"type":"Polygon","coordinates":[[[-83.163575,42.398317],[-83.163575,42.402519],[-83.168466,42.40462],[-83.173356,42.402519],[-83.173356,42.398317],[-83.168466,42.396217],[-83.163575,42.398317]]]}},{"type":"Feature","properties":{"id":177,"q":-11,"r":9,"demolitions_2014":3,"newbuilds_2014":0,"net_2014":-3,"demolitions_2015":2,"newbuilds_2015":0,"net_2015":-2,"demolitions_2016":2,"newbuilds_2016":0,"net_2016":-2,"demolitions_2017":12,"newbuilds_2017":0,"net_2017":-12,"demolitions_2018":2,"newbuilds_2018":0,"net_2018":-2,"demolitions_2019":4,"newbuilds_2019":0,"net_2019":-4,"demolitions_2020":6,"newbuilds_2020":0,"net_2020":-6,"demolitions_2021":0,"newbuilds_2021":0,"net_2021":0,"demolitions_2022":6,"newbuilds_2022":0,"net_2022":-6,"demolitions_2023":4,"newbuilds_2023":0,"net_2023":-4,"demolitions_2024":1,"newbuilds_2024":0,"net_2024":-1,"demolitions_2025":2,"newbuilds_2025":0,"net_2025":-2,"demolitions_2026":0,"newbuilds_2026":0,"net_2026":0},"geometry":{"type":"Polygon","coordinates":[[[-83.158685,42.40462],[-83.158685,42.408821],[-83.163575,42.410922],[-83.168466,42.408821],[-83.168466,42.40462],[-83.163575,42.402519],[-83.158685,42.40462]]]}},{"type":"Feature","properties":{"id":178,"q":-11,"r":10,"demolitions_2014":14,"newbuilds_2014":0,"net_2014":-14,"demolitions_2015":14,"newbuilds_2015":0,"net_2015":-14,"demolitions_2016":2,"newbuilds_2016":0,"net_2016":-2,"demolitions_2017":2,"newbuilds_2017":0,"net_2017":-2,"demolitions_2018":4,"newbuilds_2018":0,"net_2018":-4,"demolitions_2019":2,"newbuilds_2019":1,"net_2019":-1,"demolitions_2020":1,"newbuilds_2020":2,"net_2020":1,"demolitions_2021":0,"newbuilds_2021":1,"net_2021":1,"demolitions_2022":0,"newbuilds_2022":0,"net_2022":0,"demolitions_2023":1,"newbuilds_2023":0,"net_2023":-1,"demolitions_2024":1,"newbuilds_2024":0,"net_2024":-1,"demolitions_2025":0,"newbuilds_2025":0,"net_2025":0,"demolitions_2026":0,"newbuilds_2026":0,"net_2026":0},"geometry":{"type":"Polygon","coordinates":[[[-83.153795,42.410922],[-83.153795,42.415123],[-83.158685,42.417224],[-83.163575,42.415123],[-83.163575,42.410922],[-83.158685,42.408821],[-83.153795,42.410922]]]}},{"type":"Feature","properties":{"id":179,"q":-11,"r":11,"demolitions_2014":0,"newbuilds_2014":0,"net_2014":0,"demolitions_2015":0,"newbuilds_2015":0,"net_2015":0,"demolitions_2016":0,"newbuilds_2016":0,"net_2016":0,"demolitions_2017":0,"newbuilds_2017":0,"net_2017":0,"demolitions_2018":0,"newbuilds_2018":0,"net_2018":0,"demolitions_2019":0,"newbuilds_2019":0,"net_2019":0,"demolitions_2020":0,"newbuilds_2020":1,"net_2020":1,"demolitions_2021":0,"newbuilds_2021":0,"net_2021":0,"demolitions_2022":0,"newbuilds_2022":0,"net_2022":0,"demolitions_2023":0,"newbuilds_2023":0,"net_2023":0,"demolitions_2024":0,"newbuilds_2024":1,"net_2024":1,"demolitions_2025":0,"newbuilds_2025":0,"net_2025":0,"demolitions_2026":0,"newbuilds_2026":0,"net_2026":0},"geometry":{"type":"Polygon","coordinates":[[[-83.148904,42.417224],[-83.148904,42.421426],[-83.153795,42.423526],[-83.158685,42.421426],[-83.158685,42.417224],[-83.153795,42.415123],[-83.148904,42.417224]]]}},{"type":"Feature","properties":{"id":180,"q":-11,"r":12,"demolitions_2014":1,"newbuilds_2014":0,"net_2014":-1,"demolitions_2015":1,"newbuilds_2015":0,"net_2015":-1,"demolitions_2016":1,"newbuilds_2016":0,"net_2016":-1,"demolitions_2017":0,"newbuilds_2017":0,"net_2017":0,"demolitions_2018":0,"newbuilds_2018":0,"net_2018":0,"demolitions_2019":0,"newbuilds_2019":0,"net_2019":0,"demolitions_2020":0,"newbuilds_2020":0,"net_2020":0,"demolitions_2021":0,"newbuilds_2021":0,"net_2021":0,"demolitions_2022":0,"newbuilds_2022":0,"net_2022":0,"demolitions_2023":1,"newbuilds_2023":0,"net_2023":-1,"demolitions_2024":0,"newbuilds_2024":0,"net_2024":0,"demolitions_2025":0,"newbuilds_2025":0,"net_2025":0,"demolitions_2026":0,"newbuilds_2026":0,"net_2026":0},"geometry":{"type":"Polygon","coordinates":[[[-83.144014,42.423526],[-83.144014,42.427728],[-83.148904,42.429829],[-83.153795,42.427728],[-83.153795,42.423526],[-83.148904,42.421426],[-83.144014,42.423526]]]}},{"type":"Feature","properties":{"id":181,"q":-11,"r":13,"demolitions_2014":0,"newbuilds_2014":0,"net_2014":0,"demolitions_2015":0,"newbuilds_2015":0,"net_2015":0,"demolitions_2016":0,"newbuilds_2016":0,"net_2016":0,"demolitions_2017":2,"newbuilds_2017":0,"net_2017":-2,"demolitions_2018":1,"newbuilds_2018":0,"net_2018":-1,"demolitions_2019":0,"newbuilds_2019":0,"net_2019":0,"demolitions_2020":0,"newbuilds_2020":0,"net_2020":0,"demolitions_2021":0,"newbuilds_2021":1,"net_2021":1,"demolitions_2022":0,"newbuilds_2022":0,"net_2022":0,"demolitions_2023":0,"newbuilds_2023":0,"net_2023":0,"demolitions_2024":0,"newbuilds_2024":0,"net_2024":0,"demolitions_2025":0,"newbuilds_2025":0,"net_2025":0,"demolitions_2026":0,"newbuilds_2026":0,"net_2026":0},"geometry":{"type":"Polygon","coordinates":[[[-83.139123,42.429829],[-83.139123,42.43403],[-83.144014,42.436131],[-83.148904,42.43403],[-83.148904,42.429829],[-83.144014,42.427728],[-83.139123,42.429829]]]}},{"type":"Feature","properties":{"id":182,"q":-11,"r":14,"demolitions_2014":0,"newbuilds_2014":0,"net_2014":0,"demolitions_2015":0,"newbuilds_2015":0,"net_2015":0,"demolitions_2016":0,"newbuilds_2016":0,"net_2016":0,"demolitions_2017":0,"newbuilds_2017":0,"net_2017":0,"demolitions_2018":2,"newbuilds_2018":0,"net_2018":-2,"demolitions_2019":0,"newbuilds_2019":0,"net_2019":0,"demolitions_2020":0,"newbuilds_2020":0,"net_2020":0,"demolitions_2021":0,"newbuilds_2021":0,"net_2021":0,"demolitions_2022":0,"newbuilds_2022":0,"net_2022":0,"demolitions_2023":0,"newbuilds_2023":0,"net_2023":0,"demolitions_2024":0,"newbuilds_2024":0,"net_2024":0,"demolitions_2025":0,"newbuilds_2025":0,"net_2025":0,"demolitions_2026":0,"newbuilds_2026":0,"net_2026":0},"geometry":{"type":"Polygon","coordinates":[[[-83.134233,42.436131],[-83.134233,42.440332],[-83.139123,42.442433],[-83.144014,42.440332],[-83.144014,42.436131],[-83.139123,42.43403],[-83.134233,42.436131]]]}},{"type":"Feature","properties":{"id":183,"q":-11,"r":15,"demolitions_2014":0,"newbuilds_2014":0,"net_2014":0,"demolitions_2015":1,"newbuilds_2015":0,"net_2015":-1,"demolitions_2016":0,"newbuilds_2016":0,"net_2016":0,"demolitions_2017":0,"newbuilds_2017":0,"net_2017":0,"demolitions_2018":0,"newbuilds_2018":0,"net_2018":0,"demolitions_2019":0,"newbuilds_2019":0,"net_2019":0,"demolitions_2020":0,"newbuilds_2020":0,"net_2020":0,"demolitions_2021":0,"newbuilds_2021":0,"net_2021":0,"demolitions_2022":0,"newbuilds_2022":0,"net_2022":0,"demolitions_2023":0,"newbuilds_2023":0,"net_2023":0,"demolitions_2024":0,"newbuilds_2024":0,"net_2024":0,"demolitions_2025":0,"newbuilds_2025":0,"net_2025":0,"demolitions_2026":0,"newbuilds_2026":0,"net_2026":0},"geometry":{"type":"Polygon","coordinates":[[[-83.129342,42.442433],[-83.129342,42.446635],[-83.134233,42.448735],[-83.139123,42.446635],[-83.139123,42.442433],[-83.134233,42.440332],[-83.129342,42.442433]]]}},{"type":"Feature","properties":{"id":184,"q":-10,"r":-2,"demolitions_2014":3,"newbuilds_2014":0,"net_2014":-3,"demolitions_2015":2,"newbuilds_2015":0,"net_2015":-2,"demolitions_2016":2,"newbuilds_2016":0,"net_2016":-2,"demolitions_2017":0,"newbuilds_2017":0,"net_2017":0,"demolitions_2018":0,"newbuilds_2018":0,"net_2018":0,"demolitions_2019":0,"newbuilds_2019":0,"net_2019":0,"demolitions_2020":0,"newbuilds_2020":0,"net_2020":0,"demolitions_2021":0,"newbuilds_2021":0,"net_2021":0,"demolitions_2022":0,"newbuilds_2022":0,"net_2022":0,"demolitions_2023":0,"newbuilds_2023":0,"net_2023":0,"demolitions_2024":0,"newbuilds_2024":0,"net_2024":0,"demolitions_2025":0,"newbuilds_2025":0,"net_2025":0,"demolitions_2026":0,"newbuilds_2026":0,"net_2026":0},"geometry":{"type":"Polygon","coordinates":[[[-83.202699,42.335295],[-83.202699,42.339496],[-83.207589,42.341597],[-83.21248,42.339496],[-83.21248,42.335295],[-83.207589,42.333194],[-83.202699,42.335295]]]}},{"type":"Feature","properties":{"id":185,"q":-10,"r":-1,"demolitions_2014":12,"newbuilds_2014":0,"net_2014":-12,"demolitions_2015":13,"newbuilds_2015":0,"net_2015":-13,"demolitions_2016":9,"newbuilds_2016":0,"net_2016":-9,"demolitions_2017":7,"newbuilds_2017":0,"net_2017":-7,"demolitions_2018":10,"newbuilds_2018":0,"net_2018":-10,"demolitions_2019":0,"newbuilds_2019":0,"net_2019":0,"demolitions_2020":3,"newbuilds_2020":0,"net_2020":-3,"demolitions_2021":1,"newbuilds_2021":0,"net_2021":-1,"demolitions_2022":0,"newbuilds_2022":0,"net_2022":0,"demolitions_2023":0,"newbuilds_2023":0,"net_2023":0,"demolitions_2024":1,"newbuilds_2024":1,"net_2024":0,"demolitions_2025":0,"newbuilds_2025":0,"net_2025":0,"demolitions_2026":0,"newbuilds_2026":0,"net_2026":0},"geometry":{"type":"Polygon","coordinates":[[[-83.197808,42.341597],[-83.197808,42.345798],[-83.202699,42.347899],[-83.207589,42.345798],[-83.207589,42.341597],[-83.202699,42.339496],[-83.197808,42.341597]]]}},{"type":"Feature","properties":{"id":186,"q":-10,"r":0,"demolitions_2014":6,"newbuilds_2014":0,"net_2014":-6,"demolitions_2015":8,"newbuilds_2015":0,"net_2015":-8,"demolitions_2016":2,"newbuilds_2016":0,"net_2016":-2,"demolitions_2017":3,"newbuilds_2017":0,"net_2017":-3,"demolitions_2018":10,"newbuilds_2018":0,"net_2018":-10,"demolitions_2019":1,"newbuilds_2019":0,"net_2019":-1,"demolitions_2020":4,"newbuilds_2020":1,"net_2020":-3,"demolitions_2021":2,"newbuilds_2021":0,"net_2021":-2,"demolitions_2022":1,"newbuilds_2022":0,"net_2022":-1,"demolitions_2023":1,"newbuilds_2023":0,"net_2023":-1,"demolitions_2024":0,"newbuilds_2024":0,"net_2024":0,"demolitions_2025":0,"newbuilds_2025":0,"net_2025":0,"demolitions_2026":0,"newbuilds_2026":0,"net_2026":0},"geometry":{"type":"Polygon","coordinates":[[[-83.192918,42.347899],[-83.192918,42.352101],[-83.197808,42.354202],[-83.202699,42.352101],[-83.202699,42.347899],[-83.197808,42.345798],[-83.192918,42.347899]]]}},{"type":"Feature","properties":{"id":187,"q":-10,"r":1,"demolitions_2014":12,"newbuilds_2014":0,"net_2014":-12,"demolitions_2015":16,"newbuilds_2015":0,"net_2015":-16,"demolitions_2016":4,"newbuilds_2016":0,"net_2016":-4,"demolitions_2017":7,"newbuilds_2017":0,"net_2017":-7,"demolitions_2018":4,"newbuilds_2018":0,"net_2018":-4,"demolitions_2019":4,"newbuilds_2019":0,"net_2019":-4,"demolitions_2020":1,"newbuilds_2020":0,"net_2020":-1,"demolitions_2021":1,"newbuilds_2021":0,"net_2021":-1,"demolitions_2022":0,"newbuilds_2022":0,"net_2022":0,"demolitions_2023":0,"newbuilds_2023":0,"net_2023":0,"demolitions_2024":2,"newbuilds_2024":0,"net_2024":-2,"demolitions_2025":0,"newbuilds_2025":0,"net_2025":0,"demolitions_2026":0,"newbuilds_2026":0,"net_2026":0},"geometry":{"type":"Polygon","coordinates":[[[-83.188027,42.354202],[-83.188027,42.358403],[-83.192918,42.360504],[-83.197808,42.358403],[-83.197808,42.354202],[-83.192918,42.352101],[-83.188027,42.354202]]]}},{"type":"Feature","properties":{"id":188,"q":-10,"r":2,"demolitions_2014":0,"newbuilds_2014":0,"net_2014":0,"demolitions_2015":16,"newbuilds_2015":0,"net_2015":-16,"demolitions_2016":0,"newbuilds_2016":0,"net_2016":0,"demolitions_2017":1,"newbuilds_2017":0,"net_2017":-1,"demolitions_2018":2,"newbuilds_2018":0,"net_2018":-2,"demolitions_2019":7,"newbuilds_2019":0,"net_2019":-7,"demolitions_2020":0,"newbuilds_2020":0,"net_2020":0,"demolitions_2021":0,"newbuilds_2021":0,"net_2021":0,"demolitions_2022":1,"newbuilds_2022":0,"net_2022":-1,"demolitions_2023":0,"newbuilds_2023":0,"net_2023":0,"demolitions_2024":1,"newbuilds_2024":0,"net_2024":-1,"demolitions_2025":0,"newbuilds_2025":0,"net_2025":0,"demolitions_2026":0,"newbuilds_2026":0,"net_2026":0},"geometry":{"type":"Polygon","coordinates":[[[-83.183137,42.360504],[-83.183137,42.364705],[-83.188027,42.366806],[-83.192918,42.364705],[-83.192918,42.360504],[-83.188027,42.358403],[-83.183137,42.360504]]]}},{"type":"Feature","properties":{"id":189,"q":-10,"r":3,"demolitions_2014":0,"newbuilds_2014":0,"net_2014":0,"demolitions_2015":4,"newbuilds_2015":0,"net_2015":-4,"demolitions_2016":0,"newbuilds_2016":0,"net_2016":0,"demolitions_2017":7,"newbuilds_2017":0,"net_2017":-7,"demolitions_2018":7,"newbuilds_2018":0,"net_2018":-7,"demolitions_2019":1,"newbuilds_2019":0,"net_2019":-1,"demolitions_2020":1,"newbuilds_2020":0,"net_2020":-1,"demolitions_2021":1,"newbuilds_2021":0,"net_2021":-1,"demolitions_2022":0,"newbuilds_2022":0,"net_2022":0,"demolitions_2023":0,"newbuilds_2023":0,"net_2023":0,"demolitions_2024":3,"newbuilds_2024":1,"net_2024":-2,"demolitions_2025":3,"newbuilds_2025":0,"net_2025":-3,"demolitions_2026":0,"newbuilds_2026":0,"net_2026":0},"geometry":{"type":"Polygon","coordinates":[[[-83.178247,42.366806],[-83.178247,42.371008],[-83.183137,42.373108],[-83.188027,42.371008],[-83.188027,42.366806],[-83.183137,42.364705],[-83.178247,42.366806]]]}},{"type":"Feature","properties":{"id":190,"q":-10,"r":4,"demolitions_2014":1,"newbuilds_2014":0,"net_2014":-1,"demolitions_2015":4,"newbuilds_2015":0,"net_2015":-4,"demolitions_2016":0,"newbuilds_2016":0,"net_2016":0,"demolitions_2017":16,"newbuilds_2017":0,"net_2017":-16,"demolitions_2018":13,"newbuilds_2018":0,"net_2018":-13,"demolitions_2019":5,"newbuilds_2019":0,"net_2019":-5,"demolitions_2020":2,"newbuilds_2020":0,"net_2020":-2,"demolitions_2021":2,"newbuilds_2021":0,"net_2021":-2,"demolitions_2022":7,"newbuilds_2022":0,"net_2022":-7,"demolitions_2023":2,"newbuilds_2023":0,"net_2023":-2,"demolitions_2024":5,"newbuilds_2024":0,"net_2024":-5,"demolitions_2025":1,"newbuilds_2025":0,"net_2025":-1,"demolitions_2026":1,"newbuilds_2026":0,"net_2026":-1},"geometry":{"type":"Polygon","coordinates":[[[-83.173356,42.373108],[-83.173356,42.37731],[-83.178247,42.379411],[-83.183137,42.37731],[-83.183137,42.373108],[-83.178247,42.371008],[-83.173356,42.373108]]]}},{"type":"Feature","properties":{"id":191,"q":-10,"r":5,"demolitions_2014":5,"newbuilds_2014":0,"net_2014":-5,"demolitions_2015":4,"newbuilds_2015":0,"net_2015":-4,"demolitions_2016":2,"newbuilds_2016":0,"net_2016":-2,"demolitions_2017":6,"newbuilds_2017":0,"net_2017":-6,"demolitions_2018":3,"newbuilds_2018":0,"net_2018":-3,"demolitions_2019":11,"newbuilds_2019":0,"net_2019":-11,"demolitions_2020":5,"newbuilds_2020":0,"net_2020":-5,"demolitions_2021":9,"newbuilds_2021":0,"net_2021":-9,"demolitions_2022":14,"newbuilds_2022":0,"net_2022":-14,"demolitions_2023":2,"newbuilds_2023":0,"net_2023":-2,"demolitions_2024":7,"newbuilds_2024":0,"net_2024":-7,"demolitions_2025":2,"newbuilds_2025":0,"net_2025":-2,"demolitions_2026":0,"newbuilds_2026":1,"net_2026":1},"geometry":{"type":"Polygon","coordinates":[[[-83.168466,42.379411],[-83.168466,42.383612],[-83.173356,42.385713],[-83.178247,42.383612],[-83.178247,42.379411],[-83.173356,42.37731],[-83.168466,42.379411]]]}},{"type":"Feature","properties":{"id":192,"q":-10,"r":6,"demolitions_2014":3,"newbuilds_2014":0,"net_2014":-3,"demolitions_2015":9,"newbuilds_2015":0,"net_2015":-9,"demolitions_2016":4,"newbuilds_2016":0,"net_2016":-4,"demolitions_2017":2,"newbuilds_2017":0,"net_2017":-2,"demolitions_2018":3,"newbuilds_2018":0,"net_2018":-3,"demolitions_2019":12,"newbuilds_2019":0,"net_2019":-12,"demolitions_2020":3,"newbuilds_2020":0,"net_2020":-3,"demolitions_2021":27,"newbuilds_2021":0,"net_2021":-27,"demolitions_2022":27,"newbuilds_2022":0,"net_2022":-27,"demolitions_2023":17,"newbuilds_2023":0,"net_2023":-17,"demolitions_2024":17,"newbuilds_2024":0,"net_2024":-17,"demolitions_2025":8,"newbuilds_2025":0,"net_2025":-8,"demolitions_2026":1,"newbuilds_2026":0,"net_2026":-1},"geometry":{"type":"Polygon","coordinates":[[[-83.163575,42.385713],[-83.163575,42.389914],[-83.168466,42.392015],[-83.173356,42.389914],[-83.173356,42.385713],[-83.168466,42.383612],[-83.163575,42.385713]]]}},{"type":"Feature","properties":{"id":193,"q":-10,"r":7,"demolitions_2014":1,"newbuilds_2014":0,"net_2014":-1,"demolitions_2015":1,"newbuilds_2015":0,"net_2015":-1,"demolitions_2016":2,"newbuilds_2016":0,"net_2016":-2,"demolitions_2017":4,"newbuilds_2017":0,"net_2017":-4,"demolitions_2018":0,"newbuilds_2018":0,"net_2018":0,"demolitions_2019":4,"newbuilds_2019":0,"net_2019":-4,"demolitions_2020":0,"newbuilds_2020":0,"net_2020":0,"demolitions_2021":2,"newbuilds_2021":0,"net_2021":-2,"demolitions_2022":10,"newbuilds_2022":0,"net_2022":-10,"demolitions_2023":2,"newbuilds_2023":0,"net_2023":-2,"demolitions_2024":3,"newbuilds_2024":0,"net_2024":-3,"demolitions_2025":2,"newbuilds_2025":0,"net_2025":-2,"demolitions_2026":0,"newbuilds_2026":0,"net_2026":0},"geometry":{"type":"Polygon","coordinates":[[[-83.158685,42.392015],[-83.158685,42.396217],[-83.163575,42.398317],[-83.168466,42.396217],[-83.168466,42.392015],[-83.163575,42.389914],[-83.158685,42.392015]]]}},{"type":"Feature","properties":{"id":194,"q":-10,"r":8,"demolitions_2014":5,"newbuilds_2014":0,"net_2014":-5,"demolitions_2015":2,"newbuilds_2015":0,"net_2015":-2,"demolitions_2016":3,"newbuilds_2016":0,"net_2016":-3,"demolitions_2017":21,"newbuilds_2017":0,"net_2017":-21,"demolitions_2018":5,"newbuilds_2018":0,"net_2018":-5,"demolitions_2019":11,"newbuilds_2019":0,"net_2019":-11,"demolitions_2020":1,"newbuilds_2020":0,"net_2020":-1,"demolitions_2021":1,"newbuilds_2021":0,"net_2021":-1,"demolitions_2022":20,"newbuilds_2022":0,"net_2022":-20,"demolitions_2023":10,"newbuilds_2023":0,"net_2023":-10,"demolitions_2024":9,"newbuilds_2024":0,"net_2024":-9,"demolitions_2025":4,"newbuilds_2025":0,"net_2025":-4,"demolitions_2026":0,"newbuilds_2026":0,"net_2026":0},"geometry":{"type":"Polygon","coordinates":[[[-83.153795,42.398317],[-83.153795,42.402519],[-83.158685,42.40462],[-83.163575,42.402519],[-83.163575,42.398317],[-83.158685,42.396217],[-83.153795,42.398317]]]}},{"type":"Feature","properties":{"id":195,"q":-10,"r":9,"demolitions_2014":15,"newbuilds_2014":0,"net_2014":-15,"demolitions_2015":8,"newbuilds_2015":0,"net_2015":-8,"demolitions_2016":7,"newbuilds_2016":0,"net_2016":-7,"demolitions_2017":6,"newbuilds_2017":0,"net_2017":-6,"demolitions_2018":18,"newbuilds_2018":0,"net_2018":-18,"demolitions_2019":6,"newbuilds_2019":0,"net_2019":-6,"demolitions_2020":3,"newbuilds_2020":0,"net_2020":-3,"demolitions_2021":0,"newbuilds_2021":0,"net_2021":0,"demolitions_2022":5,"newbuilds_2022":0,"net_2022":-5,"demolitions_2023":4,"newbuilds_2023":0,"net_2023":-4,"demolitions_2024":5,"newbuilds_2024":0,"net_2024":-5,"demolitions_2025":8,"newbuilds_2025":0,"net_2025":-8,"demolitions_2026":0,"newbuilds_2026":0,"net_2026":0},"geometry":{"type":"Polygon","coordinates":[[[-83.148904,42.40462],[-83.148904,42.408821],[-83.153795,42.410922],[-83.158685,42.408821],[-83.158685,42.40462],[-83.153795,42.402519],[-83.148904,42.40462]]]}},{"type":"Feature","properties":{"id":196,"q":-10,"r":10,"demolitions_2014":44,"newbuilds_2014":0,"net_2014":-44,"demolitions_2015":6,"newbuilds_2015":0,"net_2015":-6,"demolitions_2016":5,"newbuilds_2016":0,"net_2016":-5,"demolitions_2017":8,"newbuilds_2017":0,"net_2017":-8,"demolitions_2018":18,"newbuilds_2018":0,"net_2018":-18,"demolitions_2019":3,"newbuilds_2019":0,"net_2019":-3,"demolitions_2020":4,"newbuilds_2020":2,"net_2020":-2,"demolitions_2021":1,"newbuilds_2021":0,"net_2021":-1,"demolitions_2022":1,"newbuilds_2022":0,"net_2022":-1,"demolitions_2023":9,"newbuilds_2023":0,"net_2023":-9,"demolitions_2024":3,"newbuilds_2024":0,"net_2024":-3,"demolitions_2025":0,"newbuilds_2025":0,"net_2025":0,"demolitions_2026":0,"newbuilds_2026":0,"net_2026":0},"geometry":{"type":"Polygon","coordinates":[[[-83.144014,42.410922],[-83.144014,42.415123],[-83.148904,42.417224],[-83.153795,42.415123],[-83.153795,42.410922],[-83.148904,42.408821],[-83.144014,42.410922]]]}},{"type":"Feature","properties":{"id":197,"q":-10,"r":11,"demolitions_2014":1,"newbuilds_2014":0,"net_2014":-1,"demolitions_2015":2,"newbuilds_2015":0,"net_2015":-2,"demolitions_2016":1,"newbuilds_2016":0,"net_2016":-1,"demolitions_2017":0,"newbuilds_2017":0,"net_2017":0,"demolitions_2018":5,"newbuilds_2018":0,"net_2018":-5,"demolitions_2019":1,"newbuilds_2019":0,"net_2019":-1,"demolitions_2020":1,"newbuilds_2020":1,"net_2020":0,"demolitions_2021":0,"newbuilds_2021":1,"net_2021":1,"demolitions_2022":0,"newbuilds_2022":0,"net_2022":0,"demolitions_2023":3,"newbuilds_2023":0,"net_2023":-3,"demolitions_2024":0,"newbuilds_2024":1,"net_2024":1,"demolitions_2025":0,"newbuilds_2025":0,"net_2025":0,"demolitions_2026":0,"newbuilds_2026":1,"net_2026":1},"geometry":{"type":"Polygon","coordinates":[[[-83.139123,42.417224],[-83.139123,42.421426],[-83.144014,42.423526],[-83.148904,42.421426],[-83.148904,42.417224],[-83.144014,42.415123],[-83.139123,42.417224]]]}},{"type":"Feature","properties":{"id":198,"q":-10,"r":12,"demolitions_2014":1,"newbuilds_2014":0,"net_2014":-1,"demolitions_2015":0,"newbuilds_2015":0,"net_2015":0,"demolitions_2016":0,"newbuilds_2016":0,"net_2016":0,"demolitions_2017":0,"newbuilds_2017":0,"net_2017":0,"demolitions_2018":1,"newbuilds_2018":0,"net_2018":-1,"demolitions_2019":1,"newbuilds_2019":0,"net_2019":-1,"demolitions_2020":0,"newbuilds_2020":1,"net_2020":1,"demolitions_2021":0,"newbuilds_2021":0,"net_2021":0,"demolitions_2022":0,"newbuilds_2022":0,"net_2022":0,"demolitions_2023":0,"newbuilds_2023":0,"net_2023":0,"demolitions_2024":1,"newbuilds_2024":0,"net_2024":-1,"demolitions_2025":0,"newbuilds_2025":0,"net_2025":0,"demolitions_2026":0,"newbuilds_2026":0,"net_2026":0},"geometry":{"type":"Polygon","coordinates":[[[-83.134233,42.423526],[-83.134233,42.427728],[-83.139123,42.429829],[-83.144014,42.427728],[-83.144014,42.423526],[-83.139123,42.421426],[-83.134233,42.423526]]]}},{"type":"Feature","properties":{"id":199,"q":-10,"r":13,"demolitions_2014":0,"newbuilds_2014":0,"net_2014":0,"demolitions_2015":0,"newbuilds_2015":0,"net_2015":0,"demolitions_2016":0,"newbuilds_2016":0,"net_2016":0,"demolitions_2017":0,"newbuilds_2017":0,"net_2017":0,"demolitions_2018":0,"newbuilds_2018":0,"net_2018":0,"demolitions_2019":0,"newbuilds_2019":0,"net_2019":0,"demolitions_2020":0,"newbuilds_2020":0,"net_2020":0,"demolitions_2021":0,"newbuilds_2021":1,"net_2021":1,"demolitions_2022":0,"newbuilds_2022":0,"net_2022":0,"demolitions_2023":0,"newbuilds_2023":0,"net_2023":0,"demolitions_2024":0,"newbuilds_2024":0,"net_2024":0,"demolitions_2025":0,"newbuilds_2025":0,"net_2025":0,"demolitions_2026":0,"newbuilds_2026":0,"net_2026":0},"geometry":{"type":"Polygon","coordinates":[[[-83.129342,42.429829],[-83.129342,42.43403],[-83.134233,42.436131],[-83.139123,42.43403],[-83.139123,42.429829],[-83.134233,42.427728],[-83.129342,42.429829]]]}},{"type":"Feature","properties":{"id":200,"q":-10,"r":14,"demolitions_2014":0,"newbuilds_2014":0,"net_2014":0,"demolitions_2015":0,"newbuilds_2015":0,"net_2015":0,"demolitions_2016":0,"newbuilds_2016":0,"net_2016":0,"demolitions_2017":0,"newbuilds_2017":0,"net_2017":0,"demolitions_2018":0,"newbuilds_2018":0,"net_2018":0,"demolitions_2019":0,"newbuilds_2019":0,"net_2019":0,"demolitions_2020":0,"newbuilds_2020":0,"net_2020":0,"demolitions_2021":0,"newbuilds_2021":0,"net_2021":0,"demolitions_2022":0,"newbuilds_2022":0,"net_2022":0,"demolitions_2023":0,"newbuilds_2023":0,"net_2023":0,"demolitions_2024":0,"newbuilds_2024":0,"net_2024":0,"demolitions_2025":0,"newbuilds_2025":0,"net_2025":0,"demolitions_2026":0,"newbuilds_2026":0,"net_2026":0},"geometry":{"type":"Polygon","coordinates":[[[-83.124452,42.436131],[-83.124452,42.440332],[-83.129342,42.442433],[-83.134233,42.440332],[-83.134233,42.436131],[-83.129342,42.43403],[-83.124452,42.436131]]]}},{"type":"Feature","properties":{"id":201,"q":-10,"r":15,"demolitions_2014":0,"newbuilds_2014":0,"net_2014":0,"demolitions_2015":0,"newbuilds_2015":0,"net_2015":0,"demolitions_2016":0,"newbuilds_2016":0,"net_2016":0,"demolitions_2017":0,"newbuilds_2017":0,"net_2017":0,"demolitions_2018":0,"newbuilds_2018":0,"net_2018":0,"demolitions_2019":0,"newbuilds_2019":0,"net_2019":0,"demolitions_2020":0,"newbuilds_2020":1,"net_2020":1,"demolitions_2021":0,"newbuilds_2021":1,"net_2021":1,"demolitions_2022":0,"newbuilds_2022":0,"net_2022":0,"demolitions_2023":0,"newbuilds_2023":0,"net_2023":0,"demolitions_2024":0,"newbuilds_2024":0,"net_2024":0,"demolitions_2025":0,"newbuilds_2025":0,"net_2025":0,"demolitions_2026":0,"newbuilds_2026":0,"net_2026":0},"geometry":{"type":"Polygon","coordinates":[[[-83.119562,42.442433],[-83.119562,42.446635],[-83.124452,42.448735],[-83.129342,42.446635],[-83.129342,42.442433],[-83.124452,42.440332],[-83.119562,42.442433]]]}},{"type":"Feature","properties":{"id":202,"q":-9,"r":-2,"demolitions_2014":5,"newbuilds_2014":0,"net_2014":-5,"demolitions_2015":3,"newbuilds_2015":0,"net_2015":-3,"demolitions_2016":1,"newbuilds_2016":0,"net_2016":-1,"demolitions_2017":0,"newbuilds_2017":0,"net_2017":0,"demolitions_2018":5,"newbuilds_2018":0,"net_2018":-5,"demolitions_2019":0,"newbuilds_2019":0,"net_2019":0,"demolitions_2020":2,"newbuilds_2020":0,"net_2020":-2,"demolitions_2021":1,"newbuilds_2021":0,"net_2021":-1,"demolitions_2022":0,"newbuilds_2022":1,"net_2022":1,"demolitions_2023":0,"newbuilds_2023":0,"net_2023":0,"demolitions_2024":0,"newbuilds_2024":1,"net_2024":1,"demolitions_2025":1,"newbuilds_2025":0,"net_2025":-1,"demolitions_2026":0,"newbuilds_2026":0,"net_2026":0},"geometry":{"type":"Polygon","coordinates":[[[-83.192918,42.335295],[-83.192918,42.339496],[-83.197808,42.341597],[-83.202699,42.339496],[-83.202699,42.335295],[-83.197808,42.333194],[-83.192918,42.335295]]]}},{"type":"Feature","properties":{"id":203,"q":-9,"r":1,"demolitions_2014":16,"newbuilds_2014":0,"net_2014":-16,"demolitions_2015":9,"newbuilds_2015":0,"net_2015":-9,"demolitions_2016":7,"newbuilds_2016":0,"net_2016":-7,"demolitions_2017":1,"newbuilds_2017":0,"net_2017":-1,"demolitions_2018":3,"newbuilds_2018":0,"net_2018":-3,"demolitions_2019":2,"newbuilds_2019":0,"net_2019":-2,"demolitions_2020":3,"newbuilds_2020":0,"net_2020":-3,"demolitions_2021":1,"newbuilds_2021":0,"net_2021":-1,"demolitions_2022":0,"newbuilds_2022":0,"net_2022":0,"demolitions_2023":0,"newbuilds_2023":0,"net_2023":0,"demolitions_2024":2,"newbuilds_2024":0,"net_2024":-2,"demolitions_2025":1,"newbuilds_2025":0,"net_2025":-1,"demolitions_2026":0,"newbuilds_2026":0,"net_2026":0},"geometry":{"type":"Polygon","coordinates":[[[-83.178247,42.354202],[-83.178247,42.358403],[-83.183137,42.360504],[-83.188027,42.358403],[-83.188027,42.354202],[-83.183137,42.352101],[-83.178247,42.354202]]]}},{"type":"Feature","properties":{"id":204,"q":-9,"r":2,"demolitions_2014":1,"newbuilds_2014":0,"net_2014":-1,"demolitions_2015":20,"newbuilds_2015":0,"net_2015":-20,"demolitions_2016":7,"newbuilds_2016":0,"net_2016":-7,"demolitions_2017":6,"newbuilds_2017":0,"net_2017":-6,"demolitions_2018":13,"newbuilds_2018":0,"net_2018":-13,"demolitions_2019":6,"newbuilds_2019":0,"net_2019":-6,"demolitions_2020":0,"newbuilds_2020":0,"net_2020":0,"demolitions_2021":0,"newbuilds_2021":0,"net_2021":0,"demolitions_2022":2,"newbuilds_2022":0,"net_2022":-2,"demolitions_2023":1,"newbuilds_2023":0,"net_2023":-1,"demolitions_2024":2,"newbuilds_2024":0,"net_2024":-2,"demolitions_2025":1,"newbuilds_2025":0,"net_2025":-1,"demolitions_2026":2,"newbuilds_2026":0,"net_2026":-2},"geometry":{"type":"Polygon","coordinates":[[[-83.173356,42.360504],[-83.173356,42.364705],[-83.178247,42.366806],[-83.183137,42.364705],[-83.183137,42.360504],[-83.178247,42.358403],[-83.173356,42.360504]]]}},{"type":"Feature","properties":{"id":205,"q":-9,"r":3,"demolitions_2014":6,"newbuilds_2014":0,"net_2014":-6,"demolitions_2015":7,"newbuilds_2015":0,"net_2015":-7,"demolitions_2016":1,"newbuilds_2016":0,"net_2016":-1,"demolitions_2017":9,"newbuilds_2017":0,"net_2017":-9,"demolitions_2018":23,"newbuilds_2018":0,"net_2018":-23,"demolitions_2019":11,"newbuilds_2019":0,"net_2019":-11,"demolitions_2020":1,"newbuilds_2020":0,"net_2020":-1,"demolitions_2021":4,"newbuilds_2021":0,"net_2021":-4,"demolitions_2022":1,"newbuilds_2022":0,"net_2022":-1,"demolitions_2023":3,"newbuilds_2023":0,"net_2023":-3,"demolitions_2024":3,"newbuilds_2024":0,"net_2024":-3,"demolitions_2025":4,"newbuilds_2025":0,"net_2025":-4,"demolitions_2026":0,"newbuilds_2026":0,"net_2026":0},"geometry":{"type":"Polygon","coordinates":[[[-83.168466,42.366806],[-83.168466,42.371008],[-83.173356,42.373108],[-83.178247,42.371008],[-83.178247,42.366806],[-83.173356,42.364705],[-83.168466,42.366806]]]}},{"type":"Feature","properties":{"id":206,"q":-9,"r":4,"demolitions_2014":4,"newbuilds_2014":0,"net_2014":-4,"demolitions_2015":14,"newbuilds_2015":0,"net_2015":-14,"demolitions_2016":3,"newbuilds_2016":0,"net_2016":-3,"demolitions_2017":2,"newbuilds_2017":0,"net_2017":-2,"demolitions_2018":8,"newbuilds_2018":0,"net_2018":-8,"demolitions_2019":15,"newbuilds_2019":0,"net_2019":-15,"demolitions_2020":2,"newbuilds_2020":0,"net_2020":-2,"demolitions_2021":13,"newbuilds_2021":0,"net_2021":-13,"demolitions_2022":10,"newbuilds_2022":0,"net_2022":-10,"demolitions_2023":6,"newbuilds_2023":0,"net_2023":-6,"demolitions_2024":5,"newbuilds_2024":0,"net_2024":-5,"demolitions_2025":2,"newbuilds_2025":0,"net_2025":-2,"demolitions_2026":1,"newbuilds_2026":0,"net_2026":-1},"geometry":{"type":"Polygon","coordinates":[[[-83.163575,42.373108],[-83.163575,42.37731],[-83.168466,42.379411],[-83.173356,42.37731],[-83.173356,42.373108],[-83.168466,42.371008],[-83.163575,42.373108]]]}},{"type":"Feature","properties":{"id":207,"q":-9,"r":5,"demolitions_2014":5,"newbuilds_2014":0,"net_2014":-5,"demolitions_2015":23,"newbuilds_2015":0,"net_2015":-23,"demolitions_2016":5,"newbuilds_2016":0,"net_2016":-5,"demolitions_2017":6,"newbuilds_2017":0,"net_2017":-6,"demolitions_2018":4,"newbuilds_2018":0,"net_2018":-4,"demolitions_2019":9,"newbuilds_2019":0,"net_2019":-9,"demolitions_2020":3,"newbuilds_2020":0,"net_2020":-3,"demolitions_2021":11,"newbuilds_2021":0,"net_2021":-11,"demolitions_2022":11,"newbuilds_2022":0,"net_2022":-11,"demolitions_2023":8,"newbuilds_2023":0,"net_2023":-8,"demolitions_2024":5,"newbuilds_2024":0,"net_2024":-5,"demolitions_2025":2,"newbuilds_2025":0,"net_2025":-2,"demolitions_2026":0,"newbuilds_2026":0,"net_2026":0},"geometry":{"type":"Polygon","coordinates":[[[-83.158685,42.379411],[-83.158685,42.383612],[-83.163575,42.385713],[-83.168466,42.383612],[-83.168466,42.379411],[-83.163575,42.37731],[-83.158685,42.379411]]]}},{"type":"Feature","properties":{"id":208,"q":-9,"r":6,"demolitions_2014":2,"newbuilds_2014":0,"net_2014":-2,"demolitions_2015":11,"newbuilds_2015":0,"net_2015":-11,"demolitions_2016":2,"newbuilds_2016":0,"net_2016":-2,"demolitions_2017":2,"newbuilds_2017":0,"net_2017":-2,"demolitions_2018":3,"newbuilds_2018":0,"net_2018":-3,"demolitions_2019":5,"newbuilds_2019":0,"net_2019":-5,"demolitions_2020":1,"newbuilds_2020":0,"net_2020":-1,"demolitions_2021":28,"newbuilds_2021":0,"net_2021":-28,"demolitions_2022":8,"newbuilds_2022":0,"net_2022":-8,"demolitions_2023":2,"newbuilds_2023":0,"net_2023":-2,"demolitions_2024":6,"newbuilds_2024":0,"net_2024":-6,"demolitions_2025":3,"newbuilds_2025":0,"net_2025":-3,"demolitions_2026":0,"newbuilds_2026":0,"net_2026":0},"geometry":{"type":"Polygon","coordinates":[[[-83.153795,42.385713],[-83.153795,42.389914],[-83.158685,42.392015],[-83.163575,42.389914],[-83.163575,42.385713],[-83.158685,42.383612],[-83.153795,42.385713]]]}},{"type":"Feature","properties":{"id":209,"q":-9,"r":7,"demolitions_2014":0,"newbuilds_2014":0,"net_2014":0,"demolitions_2015":3,"newbuilds_2015":0,"net_2015":-3,"demolitions_2016":6,"newbuilds_2016":0,"net_2016":-6,"demolitions_2017":3,"newbuilds_2017":0,"net_2017":-3,"demolitions_2018":4,"newbuilds_2018":0,"net_2018":-4,"demolitions_2019":5,"newbuilds_2019":2,"net_2019":-3,"demolitions_2020":1,"newbuilds_2020":0,"net_2020":-1,"demolitions_2021":9,"newbuilds_2021":0,"net_2021":-9,"demolitions_2022":23,"newbuilds_2022":0,"net_2022":-23,"demolitions_2023":8,"newbuilds_2023":0,"net_2023":-8,"demolitions_2024":10,"newbuilds_2024":0,"net_2024":-10,"demolitions_2025":5,"newbuilds_2025":0,"net_2025":-5,"demolitions_2026":3,"newbuilds_2026":0,"net_2026":-3},"geometry":{"type":"Polygon","coordinates":[[[-83.148904,42.392015],[-83.148904,42.396217],[-83.153795,42.398317],[-83.158685,42.396217],[-83.158685,42.392015],[-83.153795,42.389914],[-83.148904,42.392015]]]}},{"type":"Feature","properties":{"id":210,"q":-9,"r":8,"demolitions_2014":2,"newbuilds_2014":0,"net_2014":-2,"demolitions_2015":4,"newbuilds_2015":0,"net_2015":-4,"demolitions_2016":1,"newbuilds_2016":0,"net_2016":-1,"demolitions_2017":3,"newbuilds_2017":0,"net_2017":-3,"demolitions_2018":15,"newbuilds_2018":0,"net_2018":-15,"demolitions_2019":39,"newbuilds_2019":0,"net_2019":-39,"demolitions_2020":5,"newbuilds_2020":0,"net_2020":-5,"demolitions_2021":2,"newbuilds_2021":0,"net_2021":-2,"demolitions_2022":20,"newbuilds_2022":1,"net_2022":-19,"demolitions_2023":10,"newbuilds_2023":0,"net_2023":-10,"demolitions_2024":8,"newbuilds_2024":0,"net_2024":-8,"demolitions_2025":3,"newbuilds_2025":0,"net_2025":-3,"demolitions_2026":0,"newbuilds_2026":0,"net_2026":0},"geometry":{"type":"Polygon","coordinates":[[[-83.144014,42.398317],[-83.144014,42.402519],[-83.148904,42.40462],[-83.153795,42.402519],[-83.153795,42.398317],[-83.148904,42.396217],[-83.144014,42.398317]]]}},{"type":"Feature","properties":{"id":211,"q":-9,"r":9,"demolitions_2014":53,"newbuilds_2014":0,"net_2014":-53,"demolitions_2015":7,"newbuilds_2015":0,"net_2015":-7,"demolitions_2016":19,"newbuilds_2016":0,"net_2016":-19,"demolitions_2017":2,"newbuilds_2017":0,"net_2017":-2,"demolitions_2018":5,"newbuilds_2018":0,"net_2018":-5,"demolitions_2019":7,"newbuilds_2019":0,"net_2019":-7,"demolitions_2020":1,"newbuilds_2020":0,"net_2020":-1,"demolitions_2021":0,"newbuilds_2021":0,"net_2021":0,"demolitions_2022":2,"newbuilds_2022":0,"net_2022":-2,"demolitions_2023":2,"newbuilds_2023":0,"net_2023":-2,"demolitions_2024":5,"newbuilds_2024":0,"net_2024":-5,"demolitions_2025":3,"newbuilds_2025":0,"net_2025":-3,"demolitions_2026":0,"newbuilds_2026":0,"net_2026":0},"geometry":{"type":"Polygon","coordinates":[[[-83.139123,42.40462],[-83.139123,42.408821],[-83.144014,42.410922],[-83.148904,42.408821],[-83.148904,42.40462],[-83.144014,42.402519],[-83.139123,42.40462]]]}},{"type":"Feature","properties":{"id":212,"q":-9,"r":10,"demolitions_2014":9,"newbuilds_2014":0,"net_2014":-9,"demolitions_2015":0,"newbuilds_2015":0,"net_2015":0,"demolitions_2016":4,"newbuilds_2016":0,"net_2016":-4,"demolitions_2017":0,"newbuilds_2017":0,"net_2017":0,"demolitions_2018":7,"newbuilds_2018":0,"net_2018":-7,"demolitions_2019":1,"newbuilds_2019":0,"net_2019":-1,"demolitions_2020":1,"newbuilds_2020":0,"net_2020":-1,"demolitions_2021":0,"newbuilds_2021":0,"net_2021":0,"demolitions_2022":0,"newbuilds_2022":0,"net_2022":0,"demolitions_2023":5,"newbuilds_2023":0,"net_2023":-5,"demolitions_2024":0,"newbuilds_2024":0,"net_2024":0,"demolitions_2025":0,"newbuilds_2025":0,"net_2025":0,"demolitions_2026":0,"newbuilds_2026":0,"net_2026":0},"geometry":{"type":"Polygon","coordinates":[[[-83.134233,42.410922],[-83.134233,42.415123],[-83.139123,42.417224],[-83.144014,42.415123],[-83.144014,42.410922],[-83.139123,42.408821],[-83.134233,42.410922]]]}},{"type":"Feature","properties":{"id":213,"q":-9,"r":11,"demolitions_2014":0,"newbuilds_2014":0,"net_2014":0,"demolitions_2015":0,"newbuilds_2015":0,"net_2015":0,"demolitions_2016":0,"newbuilds_2016":0,"net_2016":0,"demolitions_2017":0,"newbuilds_2017":0,"net_2017":0,"demolitions_2018":0,"newbuilds_2018":0,"net_2018":0,"demolitions_2019":0,"newbuilds_2019":0,"net_2019":0,"demolitions_2020":0,"newbuilds_2020":0,"net_2020":0,"demolitions_2021":0,"newbuilds_2021":0,"net_2021":0,"demolitions_2022":1,"newbuilds_2022":0,"net_2022":-1,"demolitions_2023":0,"newbuilds_2023":0,"net_2023":0,"demolitions_2024":1,"newbuilds_2024":0,"net_2024":-1,"demolitions_2025":0,"newbuilds_2025":0,"net_2025":0,"demolitions_2026":0,"newbuilds_2026":1,"net_2026":1},"geometry":{"type":"Polygon","coordinates":[[[-83.129342,42.417224],[-83.129342,42.421426],[-83.134233,42.423526],[-83.139123,42.421426],[-83.139123,42.417224],[-83.134233,42.415123],[-83.129342,42.417224]]]}},{"type":"Feature","properties":{"id":214,"q":-9,"r":12,"demolitions_2014":0,"newbuilds_2014":0,"net_2014":0,"demolitions_2015":1,"newbuilds_2015":0,"net_2015":-1,"demolitions_2016":0,"newbuilds_2016":0,"net_2016":0,"demolitions_2017":0,"newbuilds_2017":0,"net_2017":0,"demolitions_2018":0,"newbuilds_2018":0,"net_2018":0,"demolitions_2019":0,"newbuilds_2019":0,"net_2019":0,"demolitions_2020":0,"newbuilds_2020":0,"net_2020":0,"demolitions_2021":0,"newbuilds_2021":1,"net_2021":1,"demolitions_2022":0,"newbuilds_2022":0,"net_2022":0,"demolitions_2023":0,"newbuilds_2023":0,"net_2023":0,"demolitions_2024":0,"newbuilds_2024":1,"net_2024":1,"demolitions_2025":0,"newbuilds_2025":0,"net_2025":0,"demolitions_2026":0,"newbuilds_2026":0,"net_2026":0},"geometry":{"type":"Polygon","coordinates":[[[-83.124452,42.423526],[-83.124452,42.427728],[-83.129342,42.429829],[-83.134233,42.427728],[-83.134233,42.423526],[-83.129342,42.421426],[-83.124452,42.423526]]]}},{"type":"Feature","properties":{"id":215,"q":-9,"r":13,"demolitions_2014":0,"newbuilds_2014":0,"net_2014":0,"demolitions_2015":0,"newbuilds_2015":0,"net_2015":0,"demolitions_2016":0,"newbuilds_2016":0,"net_2016":0,"demolitions_2017":0,"newbuilds_2017":0,"net_2017":0,"demolitions_2018":0,"newbuilds_2018":0,"net_2018":0,"demolitions_2019":0,"newbuilds_2019":0,"net_2019":0,"demolitions_2020":0,"newbuilds_2020":0,"net_2020":0,"demolitions_2021":0,"newbuilds_2021":0,"net_2021":0,"demolitions_2022":0,"newbuilds_2022":0,"net_2022":0,"demolitions_2023":0,"newbuilds_2023":0,"net_2023":0,"demolitions_2024":0,"newbuilds_2024":0,"net_2024":0,"demolitions_2025":0,"newbuilds_2025":0,"net_2025":0,"demolitions_2026":0,"newbuilds_2026":0,"net_2026":0},"geometry":{"type":"Polygon","coordinates":[[[-83.119562,42.429829],[-83.119562,42.43403],[-83.124452,42.436131],[-83.129342,42.43403],[-83.129342,42.429829],[-83.124452,42.427728],[-83.119562,42.429829]]]}},{"type":"Feature","properties":{"id":216,"q":-9,"r":14,"demolitions_2014":0,"newbuilds_2014":0,"net_2014":0,"demolitions_2015":0,"newbuilds_2015":0,"net_2015":0,"demolitions_2016":0,"newbuilds_2016":0,"net_2016":0,"demolitions_2017":2,"newbuilds_2017":0,"net_2017":-2,"demolitions_2018":4,"newbuilds_2018":0,"net_2018":-4,"demolitions_2019":0,"newbuilds_2019":0,"net_2019":0,"demolitions_2020":0,"newbuilds_2020":0,"net_2020":0,"demolitions_2021":4,"newbuilds_2021":0,"net_2021":-4,"demolitions_2022":0,"newbuilds_2022":0,"net_2022":0,"demolitions_2023":1,"newbuilds_2023":0,"net_2023":-1,"demolitions_2024":1,"newbuilds_2024":0,"net_2024":-1,"demolitions_2025":1,"newbuilds_2025":0,"net_2025":-1,"demolitions_2026":1,"newbuilds_2026":0,"net_2026":-1},"geometry":{"type":"Polygon","coordinates":[[[-83.114671,42.436131],[-83.114671,42.440332],[-83.119562,42.442433],[-83.124452,42.440332],[-83.124452,42.436131],[-83.119562,42.43403],[-83.114671,42.436131]]]}},{"type":"Feature","properties":{"id":217,"q":-9,"r":15,"demolitions_2014":0,"newbuilds_2014":0,"net_2014":0,"demolitions_2015":0,"newbuilds_2015":0,"net_2015":0,"demolitions_2016":0,"newbuilds_2016":0,"net_2016":0,"demolitions_2017":0,"newbuilds_2017":0,"net_2017":0,"demolitions_2018":4,"newbuilds_2018":0,"net_2018":-4,"demolitions_2019":6,"newbuilds_2019":0,"net_2019":-6,"demolitions_2020":0,"newbuilds_2020":1,"net_2020":1,"demolitions_2021":0,"newbuilds_2021":0,"net_2021":0,"demolitions_2022":0,"newbuilds_2022":1,"net_2022":1,"demolitions_2023":0,"newbuilds_2023":1,"net_2023":1,"demolitions_2024":0,"newbuilds_2024":1,"net_2024":1,"demolitions_2025":0,"newbuilds_2025":0,"net_2025":0,"demolitions_2026":0,"newbuilds_2026":1,"net_2026":1},"geometry":{"type":"Polygon","coordinates":[[[-83.109781,42.442433],[-83.109781,42.446635],[-83.114671,42.448735],[-83.119562,42.446635],[-83.119562,42.442433],[-83.114671,42.440332],[-83.109781,42.442433]]]}},{"type":"Feature","properties":{"id":218,"q":-8,"r":1,"demolitions_2014":2,"newbuilds_2014":0,"net_2014":-2,"demolitions_2015":2,"newbuilds_2015":0,"net_2015":-2,"demolitions_2016":2,"newbuilds_2016":0,"net_2016":-2,"demolitions_2017":0,"newbuilds_2017":0,"net_2017":0,"demolitions_2018":3,"newbuilds_2018":0,"net_2018":-3,"demolitions_2019":0,"newbuilds_2019":0,"net_2019":0,"demolitions_2020":0,"newbuilds_2020":0,"net_2020":0,"demolitions_2021":0,"newbuilds_2021":0,"net_2021":0,"demolitions_2022":0,"newbuilds_2022":0,"net_2022":0,"demolitions_2023":0,"newbuilds_2023":0,"net_2023":0,"demolitions_2024":0,"newbuilds_2024":0,"net_2024":0,"demolitions_2025":0,"newbuilds_2025":0,"net_2025":0,"demolitions_2026":0,"newbuilds_2026":0,"net_2026":0},"geometry":{"type":"Polygon","coordinates":[[[-83.168466,42.354202],[-83.168466,42.358403],[-83.173356,42.360504],[-83.178247,42.358403],[-83.178247,42.354202],[-83.173356,42.352101],[-83.168466,42.354202]]]}},{"type":"Feature","properties":{"id":219,"q":-8,"r":2,"demolitions_2014":2,"newbuilds_2014":0,"net_2014":-2,"demolitions_2015":55,"newbuilds_2015":0,"net_2015":-55,"demolitions_2016":8,"newbuilds_2016":0,"net_2016":-8,"demolitions_2017":8,"newbuilds_2017":0,"net_2017":-8,"demolitions_2018":19,"newbuilds_2018":0,"net_2018":-19,"demolitions_2019":11,"newbuilds_2019":0,"net_2019":-11,"demolitions_2020":0,"newbuilds_2020":0,"net_2020":0,"demolitions_2021":5,"newbuilds_2021":0,"net_2021":-5,"demolitions_2022":1,"newbuilds_2022":0,"net_2022":-1,"demolitions_2023":1,"newbuilds_2023":0,"net_2023":-1,"demolitions_2024":2,"newbuilds_2024":0,"net_2024":-2,"demolitions_2025":2,"newbuilds_2025":0,"net_2025":-2,"demolitions_2026":1,"newbuilds_2026":0,"net_2026":-1},"geometry":{"type":"Polygon","coordinates":[[[-83.163575,42.360504],[-83.163575,42.364705],[-83.168466,42.366806],[-83.173356,42.364705],[-83.173356,42.360504],[-83.168466,42.358403],[-83.163575,42.360504]]]}},{"type":"Feature","properties":{"id":220,"q":-8,"r":3,"demolitions_2014":7,"newbuilds_2014":0,"net_2014":-7,"demolitions_2015":19,"newbuilds_2015":0,"net_2015":-19,"demolitions_2016":3,"newbuilds_2016":0,"net_2016":-3,"demolitions_2017":1,"newbuilds_2017":0,"net_2017":-1,"demolitions_2018":4,"newbuilds_2018":0,"net_2018":-4,"demolitions_2019":9,"newbuilds_2019":0,"net_2019":-9,"demolitions_2020":2,"newbuilds_2020":0,"net_2020":-2,"demolitions_2021":22,"newbuilds_2021":0,"net_2021":-22,"demolitions_2022":9,"newbuilds_2022":0,"net_2022":-9,"demolitions_2023":23,"newbuilds_2023":0,"net_2023":-23,"demolitions_2024":45,"newbuilds_2024":0,"net_2024":-45,"demolitions_2025":8,"newbuilds_2025":0,"net_2025":-8,"demolitions_2026":1,"newbuilds_2026":0,"net_2026":-1},"geometry":{"type":"Polygon","coordinates":[[[-83.158685,42.366806],[-83.158685,42.371008],[-83.163575,42.373108],[-83.168466,42.371008],[-83.168466,42.366806],[-83.163575,42.364705],[-83.158685,42.366806]]]}},{"type":"Feature","properties":{"id":221,"q":-8,"r":4,"demolitions_2014":4,"newbuilds_2014":0,"net_2014":-4,"demolitions_2015":36,"newbuilds_2015":0,"net_2015":-36,"demolitions_2016":4,"newbuilds_2016":0,"net_2016":-4,"demolitions_2017":10,"newbuilds_2017":0,"net_2017":-10,"demolitions_2018":6,"newbuilds_2018":0,"net_2018":-6,"demolitions_2019":8,"newbuilds_2019":0,"net_2019":-8,"demolitions_2020":11,"newbuilds_2020":0,"net_2020":-11,"demolitions_2021":29,"newbuilds_2021":0,"net_2021":-29,"demolitions_2022":13,"newbuilds_2022":0,"net_2022":-13,"demolitions_2023":9,"newbuilds_2023":0,"net_2023":-9,"demolitions_2024":17,"newbuilds_2024":0,"net_2024":-17,"demolitions_2025":7,"newbuilds_2025":0,"net_2025":-7,"demolitions_2026":1,"newbuilds_2026":0,"net_2026":-1},"geometry":{"type":"Polygon","coordinates":[[[-83.153795,42.373108],[-83.153795,42.37731],[-83.158685,42.379411],[-83.163575,42.37731],[-83.163575,42.373108],[-83.158685,42.371008],[-83.153795,42.373108]]]}},{"type":"Feature","properties":{"id":222,"q":-8,"r":5,"demolitions_2014":3,"newbuilds_2014":0,"net_2014":-3,"demolitions_2015":16,"newbuilds_2015":0,"net_2015":-16,"demolitions_2016":2,"newbuilds_2016":0,"net_2016":-2,"demolitions_2017":5,"newbuilds_2017":0,"net_2017":-5,"demolitions_2018":2,"newbuilds_2018":0,"net_2018":-2,"demolitions_2019":10,"newbuilds_2019":0,"net_2019":-10,"demolitions_2020":7,"newbuilds_2020":0,"net_2020":-7,"demolitions_2021":20,"newbuilds_2021":0,"net_2021":-20,"demolitions_2022":8,"newbuilds_2022":0,"net_2022":-8,"demolitions_2023":22,"newbuilds_2023":0,"net_2023":-22,"demolitions_2024":9,"newbuilds_2024":0,"net_2024":-9,"demolitions_2025":4,"newbuilds_2025":0,"net_2025":-4,"demolitions_2026":1,"newbuilds_2026":0,"net_2026":-1},"geometry":{"type":"Polygon","coordinates":[[[-83.148904,42.379411],[-83.148904,42.383612],[-83.153795,42.385713],[-83.158685,42.383612],[-83.158685,42.379411],[-83.153795,42.37731],[-83.148904,42.379411]]]}},{"type":"Feature","properties":{"id":223,"q":-8,"r":6,"demolitions_2014":1,"newbuilds_2014":0,"net_2014":-1,"demolitions_2015":5,"newbuilds_2015":0,"net_2015":-5,"demolitions_2016":1,"newbuilds_2016":0,"net_2016":-1,"demolitions_2017":2,"newbuilds_2017":0,"net_2017":-2,"demolitions_2018":1,"newbuilds_2018":0,"net_2018":-1,"demolitions_2019":2,"newbuilds_2019":0,"net_2019":-2,"demolitions_2020":2,"newbuilds_2020":1,"net_2020":-1,"demolitions_2021":6,"newbuilds_2021":0,"net_2021":-6,"demolitions_2022":8,"newbuilds_2022":0,"net_2022":-8,"demolitions_2023":1,"newbuilds_2023":0,"net_2023":-1,"demolitions_2024":2,"newbuilds_2024":0,"net_2024":-2,"demolitions_2025":4,"newbuilds_2025":0,"net_2025":-4,"demolitions_2026":0,"newbuilds_2026":0,"net_2026":0},"geometry":{"type":"Polygon","coordinates":[[[-83.144014,42.385713],[-83.144014,42.389914],[-83.148904,42.392015],[-83.153795,42.389914],[-83.153795,42.385713],[-83.148904,42.383612],[-83.144014,42.385713]]]}},{"type":"Feature","properties":{"id":224,"q":-8,"r":7,"demolitions_2014":0,"newbuilds_2014":0,"net_2014":0,"demolitions_2015":3,"newbuilds_2015":0,"net_2015":-3,"demolitions_2016":4,"newbuilds_2016":0,"net_2016":-4,"demolitions_2017":3,"newbuilds_2017":0,"net_2017":-3,"demolitions_2018":1,"newbuilds_2018":0,"net_2018":-1,"demolitions_2019":11,"newbuilds_2019":0,"net_2019":-11,"demolitions_2020":0,"newbuilds_2020":0,"net_2020":0,"demolitions_2021":1,"newbuilds_2021":0,"net_2021":-1,"demolitions_2022":6,"newbuilds_2022":0,"net_2022":-6,"demolitions_2023":4,"newbuilds_2023":1,"net_2023":-3,"demolitions_2024":8,"newbuilds_2024":0,"net_2024":-8,"demolitions_2025":4,"newbuilds_2025":0,"net_2025":-4,"demolitions_2026":0,"newbuilds_2026":0,"net_2026":0},"geometry":{"type":"Polygon","coordinates":[[[-83.139123,42.392015],[-83.139123,42.396217],[-83.144014,42.398317],[-83.148904,42.396217],[-83.148904,42.392015],[-83.144014,42.389914],[-83.139123,42.392015]]]}},{"type":"Feature","properties":{"id":225,"q":-8,"r":8,"demolitions_2014":1,"newbuilds_2014":0,"net_2014":-1,"demolitions_2015":30,"newbuilds_2015":0,"net_2015":-30,"demolitions_2016":6,"newbuilds_2016":0,"net_2016":-6,"demolitions_2017":8,"newbuilds_2017":0,"net_2017":-8,"demolitions_2018":14,"newbuilds_2018":0,"net_2018":-14,"demolitions_2019":13,"newbuilds_2019":0,"net_2019":-13,"demolitions_2020":4,"newbuilds_2020":0,"net_2020":-4,"demolitions_2021":3,"newbuilds_2021":0,"net_2021":-3,"demolitions_2022":3,"newbuilds_2022":0,"net_2022":-3,"demolitions_2023":7,"newbuilds_2023":0,"net_2023":-7,"demolitions_2024":6,"newbuilds_2024":0,"net_2024":-6,"demolitions_2025":6,"newbuilds_2025":0,"net_2025":-6,"demolitions_2026":0,"newbuilds_2026":0,"net_2026":0},"geometry":{"type":"Polygon","coordinates":[[[-83.134233,42.398317],[-83.134233,42.402519],[-83.139123,42.40462],[-83.144014,42.402519],[-83.144014,42.398317],[-83.139123,42.396217],[-83.134233,42.398317]]]}},{"type":"Feature","properties":{"id":226,"q":-8,"r":9,"demolitions_2014":44,"newbuilds_2014":0,"net_2014":-44,"demolitions_2015":25,"newbuilds_2015":0,"net_2015":-25,"demolitions_2016":26,"newbuilds_2016":0,"net_2016":-26,"demolitions_2017":4,"newbuilds_2017":0,"net_2017":-4,"demolitions_2018":14,"newbuilds_2018":0,"net_2018":-14,"demolitions_2019":11,"newbuilds_2019":0,"net_2019":-11,"demolitions_2020":6,"newbuilds_2020":0,"net_2020":-6,"demolitions_2021":3,"newbuilds_2021":0,"net_2021":-3,"demolitions_2022":5,"newbuilds_2022":0,"net_2022":-5,"demolitions_2023":9,"newbuilds_2023":0,"net_2023":-9,"demolitions_2024":6,"newbuilds_2024":0,"net_2024":-6,"demolitions_2025":3,"newbuilds_2025":0,"net_2025":-3,"demolitions_2026":1,"newbuilds_2026":0,"net_2026":-1},"geometry":{"type":"Polygon","coordinates":[[[-83.129342,42.40462],[-83.129342,42.408821],[-83.134233,42.410922],[-83.139123,42.408821],[-83.139123,42.40462],[-83.134233,42.402519],[-83.129342,42.40462]]]}},{"type":"Feature","properties":{"id":227,"q":-8,"r":10,"demolitions_2014":3,"newbuilds_2014":0,"net_2014":-3,"demolitions_2015":1,"newbuilds_2015":0,"net_2015":-1,"demolitions_2016":2,"newbuilds_2016":0,"net_2016":-2,"demolitions_2017":2,"newbuilds_2017":0,"net_2017":-2,"demolitions_2018":3,"newbuilds_2018":0,"net_2018":-3,"demolitions_2019":1,"newbuilds_2019":0,"net_2019":-1,"demolitions_2020":1,"newbuilds_2020":0,"net_2020":-1,"demolitions_2021":0,"newbuilds_2021":0,"net_2021":0,"demolitions_2022":0,"newbuilds_2022":0,"net_2022":0,"demolitions_2023":0,"newbuilds_2023":0,"net_2023":0,"demolitions_2024":1,"newbuilds_2024":0,"net_2024":-1,"demolitions_2025":1,"newbuilds_2025":1,"net_2025":0,"demolitions_2026":0,"newbuilds_2026":0,"net_2026":0},"geometry":{"type":"Polygon","coordinates":[[[-83.124452,42.410922],[-83.124452,42.415123],[-83.129342,42.417224],[-83.134233,42.415123],[-83.134233,42.410922],[-83.129342,42.408821],[-83.124452,42.410922]]]}},{"type":"Feature","properties":{"id":228,"q":-8,"r":11,"demolitions_2014":0,"newbuilds_2014":0,"net_2014":0,"demolitions_2015":1,"newbuilds_2015":0,"net_2015":-1,"demolitions_2016":1,"newbuilds_2016":0,"net_2016":-1,"demolitions_2017":0,"newbuilds_2017":0,"net_2017":0,"demolitions_2018":0,"newbuilds_2018":0,"net_2018":0,"demolitions_2019":0,"newbuilds_2019":0,"net_2019":0,"demolitions_2020":0,"newbuilds_2020":0,"net_2020":0,"demolitions_2021":0,"newbuilds_2021":0,"net_2021":0,"demolitions_2022":0,"newbuilds_2022":0,"net_2022":0,"demolitions_2023":0,"newbuilds_2023":0,"net_2023":0,"demolitions_2024":0,"newbuilds_2024":0,"net_2024":0,"demolitions_2025":0,"newbuilds_2025":0,"net_2025":0,"demolitions_2026":0,"newbuilds_2026":1,"net_2026":1},"geometry":{"type":"Polygon","coordinates":[[[-83.119562,42.417224],[-83.119562,42.421426],[-83.124452,42.423526],[-83.129342,42.421426],[-83.129342,42.417224],[-83.124452,42.415123],[-83.119562,42.417224]]]}},{"type":"Feature","properties":{"id":229,"q":-8,"r":12,"demolitions_2014":0,"newbuilds_2014":0,"net_2014":0,"demolitions_2015":0,"newbuilds_2015":0,"net_2015":0,"demolitions_2016":0,"newbuilds_2016":0,"net_2016":0,"demolitions_2017":0,"newbuilds_2017":0,"net_2017":0,"demolitions_2018":0,"newbuilds_2018":0,"net_2018":0,"demolitions_2019":0,"newbuilds_2019":0,"net_2019":0,"demolitions_2020":0,"newbuilds_2020":1,"net_2020":1,"demolitions_2021":0,"newbuilds_2021":0,"net_2021":0,"demolitions_2022":0,"newbuilds_2022":0,"net_2022":0,"demolitions_2023":0,"newbuilds_2023":0,"net_2023":0,"demolitions_2024":0,"newbuilds_2024":1,"net_2024":1,"demolitions_2025":0,"newbuilds_2025":0,"net_2025":0,"demolitions_2026":0,"newbuilds_2026":0,"net_2026":0},"geometry":{"type":"Polygon","coordinates":[[[-83.114671,42.423526],[-83.114671,42.427728],[-83.119562,42.429829],[-83.124452,42.427728],[-83.124452,42.423526],[-83.119562,42.421426],[-83.114671,42.423526]]]}},{"type":"Feature","properties":{"id":230,"q":-8,"r":13,"demolitions_2014":3,"newbuilds_2014":0,"net_2014":-3,"demolitions_2015":2,"newbuilds_2015":0,"net_2015":-2,"demolitions_2016":9,"newbuilds_2016":0,"net_2016":-9,"demolitions_2017":2,"newbuilds_2017":0,"net_2017":-2,"demolitions_2018":5,"newbuilds_2018":0,"net_2018":-5,"demolitions_2019":6,"newbuilds_2019":0,"net_2019":-6,"demolitions_2020":0,"newbuilds_2020":0,"net_2020":0,"demolitions_2021":1,"newbuilds_2021":0,"net_2021":-1,"demolitions_2022":21,"newbuilds_2022":0,"net_2022":-21,"demolitions_2023":2,"newbuilds_2023":0,"net_2023":-2,"demolitions_2024":4,"newbuilds_2024":0,"net_2024":-4,"demolitions_2025":7,"newbuilds_2025":1,"net_2025":-6,"demolitions_2026":1,"newbuilds_2026":1,"net_2026":0},"geometry":{"type":"Polygon","coordinates":[[[-83.109781,42.429829],[-83.109781,42.43403],[-83.114671,42.436131],[-83.119562,42.43403],[-83.119562,42.429829],[-83.114671,42.427728],[-83.109781,42.429829]]]}},{"type":"Feature","properties":{"id":231,"q":-8,"r":14,"demolitions_2014":5,"newbuilds_2014":0,"net_2014":-5,"demolitions_2015":5,"newbuilds_2015":0,"net_2015":-5,"demolitions_2016":1,"newbuilds_2016":0,"net_2016":-1,"demolitions_2017":4,"newbuilds_2017":0,"net_2017":-4,"demolitions_2018":9,"newbuilds_2018":0,"net_2018":-9,"demolitions_2019":2,"newbuilds_2019":0,"net_2019":-2,"demolitions_2020":0,"newbuilds_2020":0,"net_2020":0,"demolitions_2021":6,"newbuilds_2021":0,"net_2021":-6,"demolitions_2022":15,"newbuilds_2022":1,"net_2022":-14,"demolitions_2023":9,"newbuilds_2023":0,"net_2023":-9,"demolitions_2024":3,"newbuilds_2024":0,"net_2024":-3,"demolitions_2025":11,"newbuilds_2025":0,"net_2025":-11,"demolitions_2026":0,"newbuilds_2026":0,"net_2026":0},"geometry":{"type":"Polygon","coordinates":[[[-83.10489,42.436131],[-83.10489,42.440332],[-83.109781,42.442433],[-83.114671,42.440332],[-83.114671,42.436131],[-83.109781,42.43403],[-83.10489,42.436131]]]}},{"type":"Feature","properties":{"id":232,"q":-8,"r":15,"demolitions_2014":4,"newbuilds_2014":0,"net_2014":-4,"demolitions_2015":7,"newbuilds_2015":0,"net_2015":-7,"demolitions_2016":3,"newbuilds_2016":0,"net_2016":-3,"demolitions_2017":3,"newbuilds_2017":0,"net_2017":-3,"demolitions_2018":15,"newbuilds_2018":0,"net_2018":-15,"demolitions_2019":93,"newbuilds_2019":0,"net_2019":-93,"demolitions_2020":13,"newbuilds_2020":0,"net_2020":-13,"demolitions_2021":5,"newbuilds_2021":0,"net_2021":-5,"demolitions_2022":22,"newbuilds_2022":0,"net_2022":-22,"demolitions_2023":15,"newbuilds_2023":0,"net_2023":-15,"demolitions_2024":3,"newbuilds_2024":0,"net_2024":-3,"demolitions_2025":4,"newbuilds_2025":0,"net_2025":-4,"demolitions_2026":3,"newbuilds_2026":0,"net_2026":-3},"geometry":{"type":"Polygon","coordinates":[[[-83.1,42.442433],[-83.1,42.446635],[-83.10489,42.448735],[-83.109781,42.446635],[-83.109781,42.442433],[-83.10489,42.440332],[-83.1,42.442433]]]}},{"type":"Feature","properties":{"id":233,"q":-7,"r":1,"demolitions_2014":0,"newbuilds_2014":0,"net_2014":0,"demolitions_2015":3,"newbuilds_2015":0,"net_2015":-3,"demolitions_2016":1,"newbuilds_2016":0,"net_2016":-1,"demolitions_2017":1,"newbuilds_2017":0,"net_2017":-1,"demolitions_2018":0,"newbuilds_2018":0,"net_2018":0,"demolitions_2019":1,"newbuilds_2019":0,"net_2019":-1,"demolitions_2020":0,"newbuilds_2020":0,"net_2020":0,"demolitions_2021":0,"newbuilds_2021":0,"net_2021":0,"demolitions_2022":1,"newbuilds_2022":0,"net_2022":-1,"demolitions_2023":1,"newbuilds_2023":0,"net_2023":-1,"demolitions_2024":0,"newbuilds_2024":0,"net_2024":0,"demolitions_2025":0,"newbuilds_2025":0,"net_2025":0,"demolitions_2026":0,"newbuilds_2026":0,"net_2026":0},"geometry":{"type":"Polygon","coordinates":[[[-83.158685,42.354202],[-83.158685,42.358403],[-83.163575,42.360504],[-83.168466,42.358403],[-83.168466,42.354202],[-83.163575,42.352101],[-83.158685,42.354202]]]}},{"type":"Feature","properties":{"id":234,"q":-7,"r":2,"demolitions_2014":2,"newbuilds_2014":0,"net_2014":-2,"demolitions_2015":7,"newbuilds_2015":0,"net_2015":-7,"demolitions_2016":1,"newbuilds_2016":0,"net_2016":-1,"demolitions_2017":1,"newbuilds_2017":0,"net_2017":-1,"demolitions_2018":1,"newbuilds_2018":0,"net_2018":-1,"demolitions_2019":6,"newbuilds_2019":1,"net_2019":-5,"demolitions_2020":2,"newbuilds_2020":0,"net_2020":-2,"demolitions_2021":2,"newbuilds_2021":0,"net_2021":-2,"demolitions_2022":1,"newbuilds_2022":0,"net_2022":-1,"demolitions_2023":0,"newbuilds_2023":0,"net_2023":0,"demolitions_2024":2,"newbuilds_2024":0,"net_2024":-2,"demolitions_2025":0,"newbuilds_2025":0,"net_2025":0,"demolitions_2026":0,"newbuilds_2026":0,"net_2026":0},"geometry":{"type":"Polygon","coordinates":[[[-83.153795,42.360504],[-83.153795,42.364705],[-83.158685,42.366806],[-83.163575,42.364705],[-83.163575,42.360504],[-83.158685,42.358403],[-83.153795,42.360504]]]}},{"type":"Feature","properties":{"id":235,"q":-7,"r":3,"demolitions_2014":1,"newbuilds_2014":0,"net_2014":-1,"demolitions_2015":2,"newbuilds_2015":0,"net_2015":-2,"demolitions_2016":1,"newbuilds_2016":0,"net_2016":-1,"demolitions_2017":3,"newbuilds_2017":0,"net_2017":-3,"demolitions_2018":1,"newbuilds_2018":0,"net_2018":-1,"demolitions_2019":3,"newbuilds_2019":0,"net_2019":-3,"demolitions_2020":0,"newbuilds_2020":0,"net_2020":0,"demolitions_2021":3,"newbuilds_2021":0,"net_2021":-3,"demolitions_2022":4,"newbuilds_2022":0,"net_2022":-4,"demolitions_2023":4,"newbuilds_2023":0,"net_2023":-4,"demolitions_2024":3,"newbuilds_2024":0,"net_2024":-3,"demolitions_2025":3,"newbuilds_2025":0,"net_2025":-3,"demolitions_2026":0,"newbuilds_2026":0,"net_2026":0},"geometry":{"type":"Polygon","coordinates":[[[-83.148904,42.366806],[-83.148904,42.371008],[-83.153795,42.373108],[-83.158685,42.371008],[-83.158685,42.366806],[-83.153795,42.364705],[-83.148904,42.366806]]]}},{"type":"Feature","properties":{"id":236,"q":-7,"r":4,"demolitions_2014":1,"newbuilds_2014":0,"net_2014":-1,"demolitions_2015":1,"newbuilds_2015":0,"net_2015":-1,"demolitions_2016":1,"newbuilds_2016":0,"net_2016":-1,"demolitions_2017":2,"newbuilds_2017":0,"net_2017":-2,"demolitions_2018":2,"newbuilds_2018":0,"net_2018":-2,"demolitions_2019":13,"newbuilds_2019":0,"net_2019":-13,"demolitions_2020":3,"newbuilds_2020":1,"net_2020":-2,"demolitions_2021":5,"newbuilds_2021":0,"net_2021":-5,"demolitions_2022":3,"newbuilds_2022":0,"net_2022":-3,"demolitions_2023":14,"newbuilds_2023":0,"net_2023":-14,"demolitions_2024":8,"newbuilds_2024":0,"net_2024":-8,"demolitions_2025":10,"newbuilds_2025":1,"net_2025":-9,"demolitions_2026":1,"newbuilds_2026":0,"net_2026":-1},"geometry":{"type":"Polygon","coordinates":[[[-83.144014,42.373108],[-83.144014,42.37731],[-83.148904,42.379411],[-83.153795,42.37731],[-83.153795,42.373108],[-83.148904,42.371008],[-83.144014,42.373108]]]}},{"type":"Feature","properties":{"id":237,"q":-7,"r":5,"demolitions_2014":1,"newbuilds_2014":0,"net_2014":-1,"demolitions_2015":3,"newbuilds_2015":0,"net_2015":-3,"demolitions_2016":1,"newbuilds_2016":0,"net_2016":-1,"demolitions_2017":6,"newbuilds_2017":0,"net_2017":-6,"demolitions_2018":6,"newbuilds_2018":0,"net_2018":-6,"demolitions_2019":12,"newbuilds_2019":1,"net_2019":-11,"demolitions_2020":0,"newbuilds_2020":0,"net_2020":0,"demolitions_2021":3,"newbuilds_2021":0,"net_2021":-3,"demolitions_2022":2,"newbuilds_2022":0,"net_2022":-2,"demolitions_2023":2,"newbuilds_2023":0,"net_2023":-2,"demolitions_2024":5,"newbuilds_2024":0,"net_2024":-5,"demolitions_2025":1,"newbuilds_2025":0,"net_2025":-1,"demolitions_2026":0,"newbuilds_2026":0,"net_2026":0},"geometry":{"type":"Polygon","coordinates":[[[-83.139123,42.379411],[-83.139123,42.383612],[-83.144014,42.385713],[-83.148904,42.383612],[-83.148904,42.379411],[-83.144014,42.37731],[-83.139123,42.379411]]]}},{"type":"Feature","properties":{"id":238,"q":-7,"r":6,"demolitions_2014":0,"newbuilds_2014":0,"net_2014":0,"demolitions_2015":31,"newbuilds_2015":0,"net_2015":-31,"demolitions_2016":8,"newbuilds_2016":0,"net_2016":-8,"demolitions_2017":5,"newbuilds_2017":0,"net_2017":-5,"demolitions_2018":3,"newbuilds_2018":0,"net_2018":-3,"demolitions_2019":9,"newbuilds_2019":0,"net_2019":-9,"demolitions_2020":0,"newbuilds_2020":0,"net_2020":0,"demolitions_2021":3,"newbuilds_2021":0,"net_2021":-3,"demolitions_2022":5,"newbuilds_2022":0,"net_2022":-5,"demolitions_2023":1,"newbuilds_2023":0,"net_2023":-1,"demolitions_2024":2,"newbuilds_2024":0,"net_2024":-2,"demolitions_2025":2,"newbuilds_2025":0,"net_2025":-2,"demolitions_2026":1,"newbuilds_2026":0,"net_2026":-1},"geometry":{"type":"Polygon","coordinates":[[[-83.134233,42.385713],[-83.134233,42.389914],[-83.139123,42.392015],[-83.144014,42.389914],[-83.144014,42.385713],[-83.139123,42.383612],[-83.134233,42.385713]]]}},{"type":"Feature","properties":{"id":239,"q":-7,"r":7,"demolitions_2014":0,"newbuilds_2014":0,"net_2014":0,"demolitions_2015":19,"newbuilds_2015":0,"net_2015":-19,"demolitions_2016":2,"newbuilds_2016":0,"net_2016":-2,"demolitions_2017":1,"newbuilds_2017":0,"net_2017":-1,"demolitions_2018":5,"newbuilds_2018":0,"net_2018":-5,"demolitions_2019":3,"newbuilds_2019":0,"net_2019":-3,"demolitions_2020":0,"newbuilds_2020":0,"net_2020":0,"demolitions_2021":1,"newbuilds_2021":0,"net_2021":-1,"demolitions_2022":4,"newbuilds_2022":1,"net_2022":-3,"demolitions_2023":1,"newbuilds_2023":0,"net_2023":-1,"demolitions_2024":0,"newbuilds_2024":0,"net_2024":0,"demolitions_2025":0,"newbuilds_2025":1,"net_2025":1,"demolitions_2026":1,"newbuilds_2026":0,"net_2026":-1},"geometry":{"type":"Polygon","coordinates":[[[-83.129342,42.392015],[-83.129342,42.396217],[-83.134233,42.398317],[-83.139123,42.396217],[-83.139123,42.392015],[-83.134233,42.389914],[-83.129342,42.392015]]]}},{"type":"Feature","properties":{"id":240,"q":-7,"r":8,"demolitions_2014":0,"newbuilds_2014":0,"net_2014":0,"demolitions_2015":28,"newbuilds_2015":0,"net_2015":-28,"demolitions_2016":15,"newbuilds_2016":0,"net_2016":-15,"demolitions_2017":3,"newbuilds_2017":0,"net_2017":-3,"demolitions_2018":10,"newbuilds_2018":0,"net_2018":-10,"demolitions_2019":10,"newbuilds_2019":0,"net_2019":-10,"demolitions_2020":3,"newbuilds_2020":0,"net_2020":-3,"demolitions_2021":1,"newbuilds_2021":0,"net_2021":-1,"demolitions_2022":1,"newbuilds_2022":0,"net_2022":-1,"demolitions_2023":1,"newbuilds_2023":0,"net_2023":-1,"demolitions_2024":10,"newbuilds_2024":0,"net_2024":-10,"demolitions_2025":2,"newbuilds_2025":1,"net_2025":-1,"demolitions_2026":1,"newbuilds_2026":1,"net_2026":0},"geometry":{"type":"Polygon","coordinates":[[[-83.124452,42.398317],[-83.124452,42.402519],[-83.129342,42.40462],[-83.134233,42.402519],[-83.134233,42.398317],[-83.129342,42.396217],[-83.124452,42.398317]]]}},{"type":"Feature","properties":{"id":241,"q":-7,"r":9,"demolitions_2014":59,"newbuilds_2014":0,"net_2014":-59,"demolitions_2015":27,"newbuilds_2015":0,"net_2015":-27,"demolitions_2016":28,"newbuilds_2016":0,"net_2016":-28,"demolitions_2017":7,"newbuilds_2017":0,"net_2017":-7,"demolitions_2018":11,"newbuilds_2018":0,"net_2018":-11,"demolitions_2019":25,"newbuilds_2019":0,"net_2019":-25,"demolitions_2020":4,"newbuilds_2020":0,"net_2020":-4,"demolitions_2021":2,"newbuilds_2021":0,"net_2021":-2,"demolitions_2022":4,"newbuilds_2022":0,"net_2022":-4,"demolitions_2023":6,"newbuilds_2023":0,"net_2023":-6,"demolitions_2024":16,"newbuilds_2024":0,"net_2024":-16,"demolitions_2025":4,"newbuilds_2025":0,"net_2025":-4,"demolitions_2026":0,"newbuilds_2026":0,"net_2026":0},"geometry":{"type":"Polygon","coordinates":[[[-83.119562,42.40462],[-83.119562,42.408821],[-83.124452,42.410922],[-83.129342,42.408821],[-83.129342,42.40462],[-83.124452,42.402519],[-83.119562,42.40462]]]}},{"type":"Feature","properties":{"id":242,"q":-7,"r":10,"demolitions_2014":39,"newbuilds_2014":0,"net_2014":-39,"demolitions_2015":5,"newbuilds_2015":0,"net_2015":-5,"demolitions_2016":11,"newbuilds_2016":0,"net_2016":-11,"demolitions_2017":1,"newbuilds_2017":0,"net_2017":-1,"demolitions_2018":1,"newbuilds_2018":0,"net_2018":-1,"demolitions_2019":6,"newbuilds_2019":0,"net_2019":-6,"demolitions_2020":0,"newbuilds_2020":0,"net_2020":0,"demolitions_2021":5,"newbuilds_2021":1,"net_2021":-4,"demolitions_2022":5,"newbuilds_2022":0,"net_2022":-5,"demolitions_2023":1,"newbuilds_2023":0,"net_2023":-1,"demolitions_2024":3,"newbuilds_2024":0,"net_2024":-3,"demolitions_2025":0,"newbuilds_2025":0,"net_2025":0,"demolitions_2026":0,"newbuilds_2026":0,"net_2026":0},"geometry":{"type":"Polygon","coordinates":[[[-83.114671,42.410922],[-83.114671,42.415123],[-83.119562,42.417224],[-83.124452,42.415123],[-83.124452,42.410922],[-83.119562,42.408821],[-83.114671,42.410922]]]}},{"type":"Feature","properties":{"id":243,"q":-7,"r":11,"demolitions_2014":0,"newbuilds_2014":0,"net_2014":0,"demolitions_2015":0,"newbuilds_2015":0,"net_2015":0,"demolitions_2016":0,"newbuilds_2016":0,"net_2016":0,"demolitions_2017":0,"newbuilds_2017":0,"net_2017":0,"demolitions_2018":0,"newbuilds_2018":0,"net_2018":0,"demolitions_2019":0,"newbuilds_2019":0,"net_2019":0,"demolitions_2020":0,"newbuilds_2020":0,"net_2020":0,"demolitions_2021":0,"newbuilds_2021":0,"net_2021":0,"demolitions_2022":0,"newbuilds_2022":1,"net_2022":1,"demolitions_2023":0,"newbuilds_2023":0,"net_2023":0,"demolitions_2024":0,"newbuilds_2024":0,"net_2024":0,"demolitions_2025":0,"newbuilds_2025":0,"net_2025":0,"demolitions_2026":0,"newbuilds_2026":0,"net_2026":0},"geometry":{"type":"Polygon","coordinates":[[[-83.109781,42.417224],[-83.109781,42.421426],[-83.114671,42.423526],[-83.119562,42.421426],[-83.119562,42.417224],[-83.114671,42.415123],[-83.109781,42.417224]]]}},{"type":"Feature","properties":{"id":244,"q":-7,"r":12,"demolitions_2014":0,"newbuilds_2014":0,"net_2014":0,"demolitions_2015":3,"newbuilds_2015":0,"net_2015":-3,"demolitions_2016":2,"newbuilds_2016":0,"net_2016":-2,"demolitions_2017":6,"newbuilds_2017":0,"net_2017":-6,"demolitions_2018":2,"newbuilds_2018":0,"net_2018":-2,"demolitions_2019":21,"newbuilds_2019":0,"net_2019":-21,"demolitions_2020":1,"newbuilds_2020":0,"net_2020":-1,"demolitions_2021":2,"newbuilds_2021":0,"net_2021":-2,"demolitions_2022":5,"newbuilds_2022":1,"net_2022":-4,"demolitions_2023":6,"newbuilds_2023":0,"net_2023":-6,"demolitions_2024":0,"newbuilds_2024":0,"net_2024":0,"demolitions_2025":0,"newbuilds_2025":0,"net_2025":0,"demolitions_2026":1,"newbuilds_2026":0,"net_2026":-1},"geometry":{"type":"Polygon","coordinates":[[[-83.10489,42.423526],[-83.10489,42.427728],[-83.109781,42.429829],[-83.114671,42.427728],[-83.114671,42.423526],[-83.109781,42.421426],[-83.10489,42.423526]]]}},{"type":"Feature","properties":{"id":245,"q":-7,"r":13,"demolitions_2014":1,"newbuilds_2014":0,"net_2014":-1,"demolitions_2015":3,"newbuilds_2015":0,"net_2015":-3,"demolitions_2016":9,"newbuilds_2016":0,"net_2016":-9,"demolitions_2017":7,"newbuilds_2017":0,"net_2017":-7,"demolitions_2018":10,"newbuilds_2018":0,"net_2018":-10,"demolitions_2019":16,"newbuilds_2019":0,"net_2019":-16,"demolitions_2020":4,"newbuilds_2020":0,"net_2020":-4,"demolitions_2021":6,"newbuilds_2021":0,"net_2021":-6,"demolitions_2022":23,"newbuilds_2022":0,"net_2022":-23,"demolitions_2023":26,"newbuilds_2023":0,"net_2023":-26,"demolitions_2024":4,"newbuilds_2024":0,"net_2024":-4,"demolitions_2025":11,"newbuilds_2025":0,"net_2025":-11,"demolitions_2026":1,"newbuilds_2026":0,"net_2026":-1},"geometry":{"type":"Polygon","coordinates":[[[-83.1,42.429829],[-83.1,42.43403],[-83.10489,42.436131],[-83.109781,42.43403],[-83.109781,42.429829],[-83.10489,42.427728],[-83.1,42.429829]]]}},{"type":"Feature","properties":{"id":246,"q":-7,"r":14,"demolitions_2014":2,"newbuilds_2014":0,"net_2014":-2,"demolitions_2015":6,"newbuilds_2015":0,"net_2015":-6,"demolitions_2016":5,"newbuilds_2016":0,"net_2016":-5,"demolitions_2017":2,"newbuilds_2017":0,"net_2017":-2,"demolitions_2018":9,"newbuilds_2018":0,"net_2018":-9,"demolitions_2019":8,"newbuilds_2019":0,"net_2019":-8,"demolitions_2020":1,"newbuilds_2020":0,"net_2020":-1,"demolitions_2021":6,"newbuilds_2021":0,"net_2021":-6,"demolitions_2022":30,"newbuilds_2022":0,"net_2022":-30,"demolitions_2023":41,"newbuilds_2023":0,"net_2023":-41,"demolitions_2024":20,"newbuilds_2024":0,"net_2024":-20,"demolitions_2025":13,"newbuilds_2025":0,"net_2025":-13,"demolitions_2026":2,"newbuilds_2026":0,"net_2026":-2},"geometry":{"type":"Polygon","coordinates":[[[-83.09511,42.436131],[-83.09511,42.440332],[-83.1,42.442433],[-83.10489,42.440332],[-83.10489,42.436131],[-83.1,42.43403],[-83.09511,42.436131]]]}},{"type":"Feature","properties":{"id":247,"q":-7,"r":15,"demolitions_2014":1,"newbuilds_2014":0,"net_2014":-1,"demolitions_2015":18,"newbuilds_2015":0,"net_2015":-18,"demolitions_2016":11,"newbuilds_2016":0,"net_2016":-11,"demolitions_2017":10,"newbuilds_2017":0,"net_2017":-10,"demolitions_2018":11,"newbuilds_2018":0,"net_2018":-11,"demolitions_2019":42,"newbuilds_2019":0,"net_2019":-42,"demolitions_2020":3,"newbuilds_2020":0,"net_2020":-3,"demolitions_2021":17,"newbuilds_2021":0,"net_2021":-17,"demolitions_2022":20,"newbuilds_2022":0,"net_2022":-20,"demolitions_2023":20,"newbuilds_2023":0,"net_2023":-20,"demolitions_2024":17,"newbuilds_2024":0,"net_2024":-17,"demolitions_2025":9,"newbuilds_2025":0,"net_2025":-9,"demolitions_2026":4,"newbuilds_2026":0,"net_2026":-4},"geometry":{"type":"Polygon","coordinates":[[[-83.090219,42.442433],[-83.090219,42.446635],[-83.09511,42.448735],[-83.1,42.446635],[-83.1,42.442433],[-83.09511,42.440332],[-83.090219,42.442433]]]}},{"type":"Feature","properties":{"id":248,"q":-6,"r":1,"demolitions_2014":3,"newbuilds_2014":0,"net_2014":-3,"demolitions_2015":3,"newbuilds_2015":0,"net_2015":-3,"demolitions_2016":2,"newbuilds_2016":0,"net_2016":-2,"demolitions_2017":8,"newbuilds_2017":0,"net_2017":-8,"demolitions_2018":0,"newbuilds_2018":0,"net_2018":0,"demolitions_2019":15,"newbuilds_2019":0,"net_2019":-15,"demolitions_2020":1,"newbuilds_2020":0,"net_2020":-1,"demolitions_2021":2,"newbuilds_2021":0,"net_2021":-2,"demolitions_2022":0,"newbuilds_2022":0,"net_2022":0,"demolitions_2023":0,"newbuilds_2023":0,"net_2023":0,"demolitions_2024":0,"newbuilds_2024":0,"net_2024":0,"demolitions_2025":2,"newbuilds_2025":0,"net_2025":-2,"demolitions_2026":0,"newbuilds_2026":0,"net_2026":0},"geometry":{"type":"Polygon","coordinates":[[[-83.148904,42.354202],[-83.148904,42.358403],[-83.153795,42.360504],[-83.158685,42.358403],[-83.158685,42.354202],[-83.153795,42.352101],[-83.148904,42.354202]]]}},{"type":"Feature","properties":{"id":249,"q":-6,"r":2,"demolitions_2014":0,"newbuilds_2014":0,"net_2014":0,"demolitions_2015":2,"newbuilds_2015":0,"net_2015":-2,"demolitions_2016":0,"newbuilds_2016":0,"net_2016":0,"demolitions_2017":0,"newbuilds_2017":0,"net_2017":0,"demolitions_2018":14,"newbuilds_2018":0,"net_2018":-14,"demolitions_2019":9,"newbuilds_2019":0,"net_2019":-9,"demolitions_2020":0,"newbuilds_2020":0,"net_2020":0,"demolitions_2021":1,"newbuilds_2021":1,"net_2021":0,"demolitions_2022":1,"newbuilds_2022":0,"net_2022":-1,"demolitions_2023":3,"newbuilds_2023":0,"net_2023":-3,"demolitions_2024":5,"newbuilds_2024":0,"net_2024":-5,"demolitions_2025":0,"newbuilds_2025":0,"net_2025":0,"demolitions_2026":0,"newbuilds_2026":0,"net_2026":0},"geometry":{"type":"Polygon","coordinates":[[[-83.144014,42.360504],[-83.144014,42.364705],[-83.148904,42.366806],[-83.153795,42.364705],[-83.153795,42.360504],[-83.148904,42.358403],[-83.144014,42.360504]]]}},{"type":"Feature","properties":{"id":250,"q":-6,"r":3,"demolitions_2014":2,"newbuilds_2014":0,"net_2014":-2,"demolitions_2015":6,"newbuilds_2015":0,"net_2015":-6,"demolitions_2016":3,"newbuilds_2016":0,"net_2016":-3,"demolitions_2017":2,"newbuilds_2017":0,"net_2017":-2,"demolitions_2018":2,"newbuilds_2018":0,"net_2018":-2,"demolitions_2019":12,"newbuilds_2019":0,"net_2019":-12,"demolitions_2020":5,"newbuilds_2020":0,"net_2020":-5,"demolitions_2021":6,"newbuilds_2021":0,"net_2021":-6,"demolitions_2022":7,"newbuilds_2022":0,"net_2022":-7,"demolitions_2023":8,"newbuilds_2023":0,"net_2023":-8,"demolitions_2024":5,"newbuilds_2024":0,"net_2024":-5,"demolitions_2025":0,"newbuilds_2025":0,"net_2025":0,"demolitions_2026":0,"newbuilds_2026":1,"net_2026":1},"geometry":{"type":"Polygon","coordinates":[[[-83.139123,42.366806],[-83.139123,42.371008],[-83.144014,42.373108],[-83.148904,42.371008],[-83.148904,42.366806],[-83.144014,42.364705],[-83.139123,42.366806]]]}},{"type":"Feature","properties":{"id":251,"q":-6,"r":4,"demolitions_2014":5,"newbuilds_2014":0,"net_2014":-5,"demolitions_2015":4,"newbuilds_2015":0,"net_2015":-4,"demolitions_2016":2,"newbuilds_2016":0,"net_2016":-2,"demolitions_2017":9,"newbuilds_2017":0,"net_2017":-9,"demolitions_2018":2,"newbuilds_2018":0,"net_2018":-2,"demolitions_2019":14,"newbuilds_2019":0,"net_2019":-14,"demolitions_2020":6,"newbuilds_2020":1,"net_2020":-5,"demolitions_2021":12,"newbuilds_2021":0,"net_2021":-12,"demolitions_2022":28,"newbuilds_2022":0,"net_2022":-28,"demolitions_2023":14,"newbuilds_2023":0,"net_2023":-14,"demolitions_2024":11,"newbuilds_2024":0,"net_2024":-11,"demolitions_2025":2,"newbuilds_2025":0,"net_2025":-2,"demolitions_2026":4,"newbuilds_2026":0,"net_2026":-4},"geometry":{"type":"Polygon","coordinates":[[[-83.134233,42.373108],[-83.134233,42.37731],[-83.139123,42.379411],[-83.144014,42.37731],[-83.144014,42.373108],[-83.139123,42.371008],[-83.134233,42.373108]]]}},{"type":"Feature","properties":{"id":252,"q":-6,"r":5,"demolitions_2014":1,"newbuilds_2014":0,"net_2014":-1,"demolitions_2015":0,"newbuilds_2015":0,"net_2015":0,"demolitions_2016":1,"newbuilds_2016":0,"net_2016":-1,"demolitions_2017":8,"newbuilds_2017":0,"net_2017":-8,"demolitions_2018":9,"newbuilds_2018":0,"net_2018":-9,"demolitions_2019":6,"newbuilds_2019":0,"net_2019":-6,"demolitions_2020":0,"newbuilds_2020":0,"net_2020":0,"demolitions_2021":1,"newbuilds_2021":0,"net_2021":-1,"demolitions_2022":1,"newbuilds_2022":0,"net_2022":-1,"demolitions_2023":1,"newbuilds_2023":0,"net_2023":-1,"demolitions_2024":5,"newbuilds_2024":0,"net_2024":-5,"demolitions_2025":3,"newbuilds_2025":0,"net_2025":-3,"demolitions_2026":1,"newbuilds_2026":0,"net_2026":-1},"geometry":{"type":"Polygon","coordinates":[[[-83.129342,42.379411],[-83.129342,42.383612],[-83.134233,42.385713],[-83.139123,42.383612],[-83.139123,42.379411],[-83.134233,42.37731],[-83.129342,42.379411]]]}},{"type":"Feature","properties":{"id":253,"q":-6,"r":6,"demolitions_2014":2,"newbuilds_2014":0,"net_2014":-2,"demolitions_2015":19,"newbuilds_2015":0,"net_2015":-19,"demolitions_2016":5,"newbuilds_2016":0,"net_2016":-5,"demolitions_2017":1,"newbuilds_2017":0,"net_2017":-1,"demolitions_2018":4,"newbuilds_2018":0,"net_2018":-4,"demolitions_2019":1,"newbuilds_2019":2,"net_2019":1,"demolitions_2020":2,"newbuilds_2020":0,"net_2020":-2,"demolitions_2021":1,"newbuilds_2021":0,"net_2021":-1,"demolitions_2022":4,"newbuilds_2022":0,"net_2022":-4,"demolitions_2023":1,"newbuilds_2023":0,"net_2023":-1,"demolitions_2024":0,"newbuilds_2024":0,"net_2024":0,"demolitions_2025":1,"newbuilds_2025":0,"net_2025":-1,"demolitions_2026":4,"newbuilds_2026":0,"net_2026":-4},"geometry":{"type":"Polygon","coordinates":[[[-83.124452,42.385713],[-83.124452,42.389914],[-83.129342,42.392015],[-83.134233,42.389914],[-83.134233,42.385713],[-83.129342,42.383612],[-83.124452,42.385713]]]}},{"type":"Feature","properties":{"id":254,"q":-6,"r":7,"demolitions_2014":3,"newbuilds_2014":0,"net_2014":-3,"demolitions_2015":32,"newbuilds_2015":0,"net_2015":-32,"demolitions_2016":5,"newbuilds_2016":0,"net_2016":-5,"demolitions_2017":2,"newbuilds_2017":0,"net_2017":-2,"demolitions_2018":4,"newbuilds_2018":0,"net_2018":-4,"demolitions_2019":6,"newbuilds_2019":0,"net_2019":-6,"demolitions_2020":2,"newbuilds_2020":1,"net_2020":-1,"demolitions_2021":13,"newbuilds_2021":0,"net_2021":-13,"demolitions_2022":14,"newbuilds_2022":0,"net_2022":-14,"demolitions_2023":3,"newbuilds_2023":0,"net_2023":-3,"demolitions_2024":6,"newbuilds_2024":0,"net_2024":-6,"demolitions_2025":2,"newbuilds_2025":0,"net_2025":-2,"demolitions_2026":2,"newbuilds_2026":0,"net_2026":-2},"geometry":{"type":"Polygon","coordinates":[[[-83.119562,42.392015],[-83.119562,42.396217],[-83.124452,42.398317],[-83.129342,42.396217],[-83.129342,42.392015],[-83.124452,42.389914],[-83.119562,42.392015]]]}},{"type":"Feature","properties":{"id":255,"q":-6,"r":8,"demolitions_2014":2,"newbuilds_2014":0,"net_2014":-2,"demolitions_2015":24,"newbuilds_2015":0,"net_2015":-24,"demolitions_2016":7,"newbuilds_2016":0,"net_2016":-7,"demolitions_2017":0,"newbuilds_2017":0,"net_2017":0,"demolitions_2018":4,"newbuilds_2018":0,"net_2018":-4,"demolitions_2019":3,"newbuilds_2019":0,"net_2019":-3,"demolitions_2020":3,"newbuilds_2020":0,"net_2020":-3,"demolitions_2021":0,"newbuilds_2021":0,"net_2021":0,"demolitions_2022":2,"newbuilds_2022":0,"net_2022":-2,"demolitions_2023":1,"newbuilds_2023":0,"net_2023":-1,"demolitions_2024":2,"newbuilds_2024":0,"net_2024":-2,"demolitions_2025":1,"newbuilds_2025":0,"net_2025":-1,"demolitions_2026":0,"newbuilds_2026":0,"net_2026":0},"geometry":{"type":"Polygon","coordinates":[[[-83.114671,42.398317],[-83.114671,42.402519],[-83.119562,42.40462],[-83.124452,42.402519],[-83.124452,42.398317],[-83.119562,42.396217],[-83.114671,42.398317]]]}},{"type":"Feature","properties":{"id":256,"q":-6,"r":9,"demolitions_2014":29,"newbuilds_2014":0,"net_2014":-29,"demolitions_2015":3,"newbuilds_2015":0,"net_2015":-3,"demolitions_2016":13,"newbuilds_2016":0,"net_2016":-13,"demolitions_2017":1,"newbuilds_2017":0,"net_2017":-1,"demolitions_2018":0,"newbuilds_2018":0,"net_2018":0,"demolitions_2019":6,"newbuilds_2019":0,"net_2019":-6,"demolitions_2020":2,"newbuilds_2020":0,"net_2020":-2,"demolitions_2021":0,"newbuilds_2021":0,"net_2021":0,"demolitions_2022":3,"newbuilds_2022":0,"net_2022":-3,"demolitions_2023":1,"newbuilds_2023":0,"net_2023":-1,"demolitions_2024":4,"newbuilds_2024":0,"net_2024":-4,"demolitions_2025":3,"newbuilds_2025":0,"net_2025":-3,"demolitions_2026":1,"newbuilds_2026":0,"net_2026":-1},"geometry":{"type":"Polygon","coordinates":[[[-83.109781,42.40462],[-83.109781,42.408821],[-83.114671,42.410922],[-83.119562,42.408821],[-83.119562,42.40462],[-83.114671,42.402519],[-83.109781,42.40462]]]}},{"type":"Feature","properties":{"id":257,"q":-6,"r":11,"demolitions_2014":0,"newbuilds_2014":0,"net_2014":0,"demolitions_2015":2,"newbuilds_2015":0,"net_2015":-2,"demolitions_2016":7,"newbuilds_2016":0,"net_2016":-7,"demolitions_2017":1,"newbuilds_2017":0,"net_2017":-1,"demolitions_2018":4,"newbuilds_2018":0,"net_2018":-4,"demolitions_2019":14,"newbuilds_2019":1,"net_2019":-13,"demolitions_2020":2,"newbuilds_2020":0,"net_2020":-2,"demolitions_2021":4,"newbuilds_2021":0,"net_2021":-4,"demolitions_2022":9,"newbuilds_2022":0,"net_2022":-9,"demolitions_2023":5,"newbuilds_2023":0,"net_2023":-5,"demolitions_2024":5,"newbuilds_2024":0,"net_2024":-5,"demolitions_2025":4,"newbuilds_2025":0,"net_2025":-4,"demolitions_2026":1,"newbuilds_2026":0,"net_2026":-1},"geometry":{"type":"Polygon","coordinates":[[[-83.1,42.417224],[-83.1,42.421426],[-83.10489,42.423526],[-83.109781,42.421426],[-83.109781,42.417224],[-83.10489,42.415123],[-83.1,42.417224]]]}},{"type":"Feature","properties":{"id":258,"q":-6,"r":12,"demolitions_2014":1,"newbuilds_2014":0,"net_2014":-1,"demolitions_2015":1,"newbuilds_2015":0,"net_2015":-1,"demolitions_2016":6,"newbuilds_2016":0,"net_2016":-6,"demolitions_2017":0,"newbuilds_2017":0,"net_2017":0,"demolitions_2018":6,"newbuilds_2018":0,"net_2018":-6,"demolitions_2019":26,"newbuilds_2019":0,"net_2019":-26,"demolitions_2020":4,"newbuilds_2020":0,"net_2020":-4,"demolitions_2021":7,"newbuilds_2021":0,"net_2021":-7,"demolitions_2022":29,"newbuilds_2022":0,"net_2022":-29,"demolitions_2023":3,"newbuilds_2023":0,"net_2023":-3,"demolitions_2024":27,"newbuilds_2024":0,"net_2024":-27,"demolitions_2025":4,"newbuilds_2025":0,"net_2025":-4,"demolitions_2026":0,"newbuilds_2026":0,"net_2026":0},"geometry":{"type":"Polygon","coordinates":[[[-83.09511,42.423526],[-83.09511,42.427728],[-83.1,42.429829],[-83.10489,42.427728],[-83.10489,42.423526],[-83.1,42.421426],[-83.09511,42.423526]]]}},{"type":"Feature","properties":{"id":259,"q":-6,"r":13,"demolitions_2014":2,"newbuilds_2014":0,"net_2014":-2,"demolitions_2015":13,"newbuilds_2015":0,"net_2015":-13,"demolitions_2016":2,"newbuilds_2016":0,"net_2016":-2,"demolitions_2017":3,"newbuilds_2017":0,"net_2017":-3,"demolitions_2018":2,"newbuilds_2018":0,"net_2018":-2,"demolitions_2019":25,"newbuilds_2019":0,"net_2019":-25,"demolitions_2020":3,"newbuilds_2020":0,"net_2020":-3,"demolitions_2021":0,"newbuilds_2021":0,"net_2021":0,"demolitions_2022":13,"newbuilds_2022":0,"net_2022":-13,"demolitions_2023":13,"newbuilds_2023":0,"net_2023":-13,"demolitions_2024":9,"newbuilds_2024":0,"net_2024":-9,"demolitions_2025":7,"newbuilds_2025":0,"net_2025":-7,"demolitions_2026":0,"newbuilds_2026":0,"net_2026":0},"geometry":{"type":"Polygon","coordinates":[[[-83.090219,42.429829],[-83.090219,42.43403],[-83.09511,42.436131],[-83.1,42.43403],[-83.1,42.429829],[-83.09511,42.427728],[-83.090219,42.429829]]]}},{"type":"Feature","properties":{"id":260,"q":-6,"r":14,"demolitions_2014":0,"newbuilds_2014":0,"net_2014":0,"demolitions_2015":4,"newbuilds_2015":0,"net_2015":-4,"demolitions_2016":0,"newbuilds_2016":0,"net_2016":0,"demolitions_2017":7,"newbuilds_2017":0,"net_2017":-7,"demolitions_2018":3,"newbuilds_2018":0,"net_2018":-3,"demolitions_2019":62,"newbuilds_2019":0,"net_2019":-62,"demolitions_2020":2,"newbuilds_2020":0,"net_2020":-2,"demolitions_2021":1,"newbuilds_2021":0,"net_2021":-1,"demolitions_2022":9,"newbuilds_2022":0,"net_2022":-9,"demolitions_2023":6,"newbuilds_2023":0,"net_2023":-6,"demolitions_2024":6,"newbuilds_2024":0,"net_2024":-6,"demolitions_2025":1,"newbuilds_2025":0,"net_2025":-1,"demolitions_2026":1,"newbuilds_2026":0,"net_2026":-1},"geometry":{"type":"Polygon","coordinates":[[[-83.085329,42.436131],[-83.085329,42.440332],[-83.090219,42.442433],[-83.09511,42.440332],[-83.09511,42.436131],[-83.090219,42.43403],[-83.085329,42.436131]]]}},{"type":"Feature","properties":{"id":261,"q":-6,"r":15,"demolitions_2014":0,"newbuilds_2014":0,"net_2014":0,"demolitions_2015":2,"newbuilds_2015":0,"net_2015":-2,"demolitions_2016":1,"newbuilds_2016":0,"net_2016":-1,"demolitions_2017":0,"newbuilds_2017":0,"net_2017":0,"demolitions_2018":1,"newbuilds_2018":0,"net_2018":-1,"demolitions_2019":12,"newbuilds_2019":0,"net_2019":-12,"demolitions_2020":1,"newbuilds_2020":1,"net_2020":0,"demolitions_2021":0,"newbuilds_2021":0,"net_2021":0,"demolitions_2022":1,"newbuilds_2022":0,"net_2022":-1,"demolitions_2023":2,"newbuilds_2023":0,"net_2023":-2,"demolitions_2024":4,"newbuilds_2024":0,"net_2024":-4,"demolitions_2025":1,"newbuilds_2025":0,"net_2025":-1,"demolitions_2026":0,"newbuilds_2026":0,"net_2026":0},"geometry":{"type":"Polygon","coordinates":[[[-83.080438,42.442433],[-83.080438,42.446635],[-83.085329,42.448735],[-83.090219,42.446635],[-83.090219,42.442433],[-83.085329,42.440332],[-83.080438,42.442433]]]}},{"type":"Feature","properties":{"id":262,"q":-5,"r":1,"demolitions_2014":4,"newbuilds_2014":0,"net_2014":-4,"demolitions_2015":2,"newbuilds_2015":0,"net_2015":-2,"demolitions_2016":1,"newbuilds_2016":0,"net_2016":-1,"demolitions_2017":8,"newbuilds_2017":0,"net_2017":-8,"demolitions_2018":33,"newbuilds_2018":0,"net_2018":-33,"demolitions_2019":43,"newbuilds_2019":0,"net_2019":-43,"demolitions_2020":3,"newbuilds_2020":0,"net_2020":-3,"demolitions_2021":5,"newbuilds_2021":0,"net_2021":-5,"demolitions_2022":13,"newbuilds_2022":1,"net_2022":-12,"demolitions_2023":11,"newbuilds_2023":0,"net_2023":-11,"demolitions_2024":11,"newbuilds_2024":0,"net_2024":-11,"demolitions_2025":4,"newbuilds_2025":0,"net_2025":-4,"demolitions_2026":0,"newbuilds_2026":0,"net_2026":0},"geometry":{"type":"Polygon","coordinates":[[[-83.139123,42.354202],[-83.139123,42.358403],[-83.144014,42.360504],[-83.148904,42.358403],[-83.148904,42.354202],[-83.144014,42.352101],[-83.139123,42.354202]]]}},{"type":"Feature","properties":{"id":263,"q":-5,"r":2,"demolitions_2014":4,"newbuilds_2014":0,"net_2014":-4,"demolitions_2015":11,"newbuilds_2015":0,"net_2015":-11,"demolitions_2016":1,"newbuilds_2016":0,"net_2016":-1,"demolitions_2017":6,"newbuilds_2017":0,"net_2017":-6,"demolitions_2018":24,"newbuilds_2018":0,"net_2018":-24,"demolitions_2019":36,"newbuilds_2019":0,"net_2019":-36,"demolitions_2020":3,"newbuilds_2020":0,"net_2020":-3,"demolitions_2021":1,"newbuilds_2021":0,"net_2021":-1,"demolitions_2022":6,"newbuilds_2022":0,"net_2022":-6,"demolitions_2023":23,"newbuilds_2023":0,"net_2023":-23,"demolitions_2024":10,"newbuilds_2024":0,"net_2024":-10,"demolitions_2025":5,"newbuilds_2025":0,"net_2025":-5,"demolitions_2026":4,"newbuilds_2026":0,"net_2026":-4},"geometry":{"type":"Polygon","coordinates":[[[-83.134233,42.360504],[-83.134233,42.364705],[-83.139123,42.366806],[-83.144014,42.364705],[-83.144014,42.360504],[-83.139123,42.358403],[-83.134233,42.360504]]]}},{"type":"Feature","properties":{"id":264,"q":-5,"r":3,"demolitions_2014":4,"newbuilds_2014":0,"net_2014":-4,"demolitions_2015":3,"newbuilds_2015":0,"net_2015":-3,"demolitions_2016":3,"newbuilds_2016":0,"net_2016":-3,"demolitions_2017":5,"newbuilds_2017":0,"net_2017":-5,"demolitions_2018":18,"newbuilds_2018":0,"net_2018":-18,"demolitions_2019":5,"newbuilds_2019":0,"net_2019":-5,"demolitions_2020":3,"newbuilds_2020":0,"net_2020":-3,"demolitions_2021":14,"newbuilds_2021":0,"net_2021":-14,"demolitions_2022":8,"newbuilds_2022":0,"net_2022":-8,"demolitions_2023":14,"newbuilds_2023":0,"net_2023":-14,"demolitions_2024":14,"newbuilds_2024":0,"net_2024":-14,"demolitions_2025":4,"newbuilds_2025":0,"net_2025":-4,"demolitions_2026":0,"newbuilds_2026":0,"net_2026":0},"geometry":{"type":"Polygon","coordinates":[[[-83.129342,42.366806],[-83.129342,42.371008],[-83.134233,42.373108],[-83.139123,42.371008],[-83.139123,42.366806],[-83.134233,42.364705],[-83.129342,42.366806]]]}},{"type":"Feature","properties":{"id":265,"q":-5,"r":4,"demolitions_2014":1,"newbuilds_2014":0,"net_2014":-1,"demolitions_2015":7,"newbuilds_2015":0,"net_2015":-7,"demolitions_2016":0,"newbuilds_2016":0,"net_2016":0,"demolitions_2017":2,"newbuilds_2017":0,"net_2017":-2,"demolitions_2018":0,"newbuilds_2018":0,"net_2018":0,"demolitions_2019":8,"newbuilds_2019":0,"net_2019":-8,"demolitions_2020":7,"newbuilds_2020":0,"net_2020":-7,"demolitions_2021":6,"newbuilds_2021":0,"net_2021":-6,"demolitions_2022":22,"newbuilds_2022":0,"net_2022":-22,"demolitions_2023":27,"newbuilds_2023":0,"net_2023":-27,"demolitions_2024":15,"newbuilds_2024":0,"net_2024":-15,"demolitions_2025":8,"newbuilds_2025":0,"net_2025":-8,"demolitions_2026":2,"newbuilds_2026":0,"net_2026":-2},"geometry":{"type":"Polygon","coordinates":[[[-83.124452,42.373108],[-83.124452,42.37731],[-83.129342,42.379411],[-83.134233,42.37731],[-83.134233,42.373108],[-83.129342,42.371008],[-83.124452,42.373108]]]}},{"type":"Feature","properties":{"id":266,"q":-5,"r":5,"demolitions_2014":7,"newbuilds_2014":0,"net_2014":-7,"demolitions_2015":8,"newbuilds_2015":0,"net_2015":-8,"demolitions_2016":4,"newbuilds_2016":0,"net_2016":-4,"demolitions_2017":23,"newbuilds_2017":0,"net_2017":-23,"demolitions_2018":12,"newbuilds_2018":0,"net_2018":-12,"demolitions_2019":6,"newbuilds_2019":0,"net_2019":-6,"demolitions_2020":4,"newbuilds_2020":0,"net_2020":-4,"demolitions_2021":8,"newbuilds_2021":0,"net_2021":-8,"demolitions_2022":11,"newbuilds_2022":0,"net_2022":-11,"demolitions_2023":16,"newbuilds_2023":0,"net_2023":-16,"demolitions_2024":12,"newbuilds_2024":0,"net_2024":-12,"demolitions_2025":6,"newbuilds_2025":0,"net_2025":-6,"demolitions_2026":1,"newbuilds_2026":1,"net_2026":0},"geometry":{"type":"Polygon","coordinates":[[[-83.119562,42.379411],[-83.119562,42.383612],[-83.124452,42.385713],[-83.129342,42.383612],[-83.129342,42.379411],[-83.124452,42.37731],[-83.119562,42.379411]]]}},{"type":"Feature","properties":{"id":267,"q":-5,"r":6,"demolitions_2014":1,"newbuilds_2014":0,"net_2014":-1,"demolitions_2015":6,"newbuilds_2015":0,"net_2015":-6,"demolitions_2016":1,"newbuilds_2016":0,"net_2016":-1,"demolitions_2017":7,"newbuilds_2017":0,"net_2017":-7,"demolitions_2018":7,"newbuilds_2018":0,"net_2018":-7,"demolitions_2019":13,"newbuilds_2019":0,"net_2019":-13,"demolitions_2020":8,"newbuilds_2020":0,"net_2020":-8,"demolitions_2021":21,"newbuilds_2021":0,"net_2021":-21,"demolitions_2022":21,"newbuilds_2022":0,"net_2022":-21,"demolitions_2023":8,"newbuilds_2023":0,"net_2023":-8,"demolitions_2024":12,"newbuilds_2024":0,"net_2024":-12,"demolitions_2025":12,"newbuilds_2025":0,"net_2025":-12,"demolitions_2026":0,"newbuilds_2026":0,"net_2026":0},"geometry":{"type":"Polygon","coordinates":[[[-83.114671,42.385713],[-83.114671,42.389914],[-83.119562,42.392015],[-83.124452,42.389914],[-83.124452,42.385713],[-83.119562,42.383612],[-83.114671,42.385713]]]}},{"type":"Feature","properties":{"id":268,"q":-5,"r":7,"demolitions_2014":2,"newbuilds_2014":0,"net_2014":-2,"demolitions_2015":12,"newbuilds_2015":0,"net_2015":-12,"demolitions_2016":3,"newbuilds_2016":0,"net_2016":-3,"demolitions_2017":2,"newbuilds_2017":0,"net_2017":-2,"demolitions_2018":10,"newbuilds_2018":0,"net_2018":-10,"demolitions_2019":17,"newbuilds_2019":1,"net_2019":-16,"demolitions_2020":5,"newbuilds_2020":0,"net_2020":-5,"demolitions_2021":8,"newbuilds_2021":0,"net_2021":-8,"demolitions_2022":34,"newbuilds_2022":0,"net_2022":-34,"demolitions_2023":9,"newbuilds_2023":0,"net_2023":-9,"demolitions_2024":14,"newbuilds_2024":0,"net_2024":-14,"demolitions_2025":3,"newbuilds_2025":1,"net_2025":-2,"demolitions_2026":1,"newbuilds_2026":0,"net_2026":-1},"geometry":{"type":"Polygon","coordinates":[[[-83.109781,42.392015],[-83.109781,42.396217],[-83.114671,42.398317],[-83.119562,42.396217],[-83.119562,42.392015],[-83.114671,42.389914],[-83.109781,42.392015]]]}},{"type":"Feature","properties":{"id":269,"q":-5,"r":11,"demolitions_2014":0,"newbuilds_2014":0,"net_2014":0,"demolitions_2015":1,"newbuilds_2015":0,"net_2015":-1,"demolitions_2016":2,"newbuilds_2016":0,"net_2016":-2,"demolitions_2017":0,"newbuilds_2017":0,"net_2017":0,"demolitions_2018":1,"newbuilds_2018":0,"net_2018":-1,"demolitions_2019":4,"newbuilds_2019":0,"net_2019":-4,"demolitions_2020":1,"newbuilds_2020":0,"net_2020":-1,"demolitions_2021":9,"newbuilds_2021":0,"net_2021":-9,"demolitions_2022":4,"newbuilds_2022":0,"net_2022":-4,"demolitions_2023":6,"newbuilds_2023":0,"net_2023":-6,"demolitions_2024":8,"newbuilds_2024":0,"net_2024":-8,"demolitions_2025":17,"newbuilds_2025":0,"net_2025":-17,"demolitions_2026":6,"newbuilds_2026":0,"net_2026":-6},"geometry":{"type":"Polygon","coordinates":[[[-83.090219,42.417224],[-83.090219,42.421426],[-83.09511,42.423526],[-83.1,42.421426],[-83.1,42.417224],[-83.09511,42.415123],[-83.090219,42.417224]]]}},{"type":"Feature","properties":{"id":270,"q":-5,"r":12,"demolitions_2014":0,"newbuilds_2014":0,"net_2014":0,"demolitions_2015":7,"newbuilds_2015":0,"net_2015":-7,"demolitions_2016":5,"newbuilds_2016":0,"net_2016":-5,"demolitions_2017":7,"newbuilds_2017":0,"net_2017":-7,"demolitions_2018":6,"newbuilds_2018":0,"net_2018":-6,"demolitions_2019":26,"newbuilds_2019":0,"net_2019":-26,"demolitions_2020":4,"newbuilds_2020":0,"net_2020":-4,"demolitions_2021":3,"newbuilds_2021":0,"net_2021":-3,"demolitions_2022":8,"newbuilds_2022":0,"net_2022":-8,"demolitions_2023":24,"newbuilds_2023":0,"net_2023":-24,"demolitions_2024":12,"newbuilds_2024":0,"net_2024":-12,"demolitions_2025":7,"newbuilds_2025":0,"net_2025":-7,"demolitions_2026":1,"newbuilds_2026":0,"net_2026":-1},"geometry":{"type":"Polygon","coordinates":[[[-83.085329,42.423526],[-83.085329,42.427728],[-83.090219,42.429829],[-83.09511,42.427728],[-83.09511,42.423526],[-83.090219,42.421426],[-83.085329,42.423526]]]}},{"type":"Feature","properties":{"id":271,"q":-5,"r":13,"demolitions_2014":0,"newbuilds_2014":0,"net_2014":0,"demolitions_2015":1,"newbuilds_2015":0,"net_2015":-1,"demolitions_2016":3,"newbuilds_2016":0,"net_2016":-3,"demolitions_2017":6,"newbuilds_2017":0,"net_2017":-6,"demolitions_2018":0,"newbuilds_2018":0,"net_2018":0,"demolitions_2019":24,"newbuilds_2019":0,"net_2019":-24,"demolitions_2020":1,"newbuilds_2020":0,"net_2020":-1,"demolitions_2021":2,"newbuilds_2021":0,"net_2021":-2,"demolitions_2022":1,"newbuilds_2022":0,"net_2022":-1,"demolitions_2023":9,"newbuilds_2023":0,"net_2023":-9,"demolitions_2024":2,"newbuilds_2024":0,"net_2024":-2,"demolitions_2025":2,"newbuilds_2025":0,"net_2025":-2,"demolitions_2026":2,"newbuilds_2026":0,"net_2026":-2},"geometry":{"type":"Polygon","coordinates":[[[-83.080438,42.429829],[-83.080438,42.43403],[-83.085329,42.436131],[-83.090219,42.43403],[-83.090219,42.429829],[-83.085329,42.427728],[-83.080438,42.429829]]]}},{"type":"Feature","properties":{"id":272,"q":-5,"r":14,"demolitions_2014":1,"newbuilds_2014":0,"net_2014":-1,"demolitions_2015":1,"newbuilds_2015":0,"net_2015":-1,"demolitions_2016":0,"newbuilds_2016":0,"net_2016":0,"demolitions_2017":5,"newbuilds_2017":0,"net_2017":-5,"demolitions_2018":6,"newbuilds_2018":0,"net_2018":-6,"demolitions_2019":30,"newbuilds_2019":0,"net_2019":-30,"demolitions_2020":2,"newbuilds_2020":0,"net_2020":-2,"demolitions_2021":3,"newbuilds_2021":0,"net_2021":-3,"demolitions_2022":1,"newbuilds_2022":0,"net_2022":-1,"demolitions_2023":8,"newbuilds_2023":0,"net_2023":-8,"demolitions_2024":5,"newbuilds_2024":0,"net_2024":-5,"demolitions_2025":1,"newbuilds_2025":0,"net_2025":-1,"demolitions_2026":1,"newbuilds_2026":0,"net_2026":-1},"geometry":{"type":"Polygon","coordinates":[[[-83.075548,42.436131],[-83.075548,42.440332],[-83.080438,42.442433],[-83.085329,42.440332],[-83.085329,42.436131],[-83.080438,42.43403],[-83.075548,42.436131]]]}},{"type":"Feature","properties":{"id":273,"q":-5,"r":15,"demolitions_2014":1,"newbuilds_2014":0,"net_2014":-1,"demolitions_2015":6,"newbuilds_2015":0,"net_2015":-6,"demolitions_2016":6,"newbuilds_2016":0,"net_2016":-6,"demolitions_2017":1,"newbuilds_2017":0,"net_2017":-1,"demolitions_2018":8,"newbuilds_2018":0,"net_2018":-8,"demolitions_2019":2,"newbuilds_2019":0,"net_2019":-2,"demolitions_2020":0,"newbuilds_2020":0,"net_2020":0,"demolitions_2021":0,"newbuilds_2021":0,"net_2021":0,"demolitions_2022":0,"newbuilds_2022":0,"net_2022":0,"demolitions_2023":0,"newbuilds_2023":1,"net_2023":1,"demolitions_2024":2,"newbuilds_2024":0,"net_2024":-2,"demolitions_2025":0,"newbuilds_2025":0,"net_2025":0,"demolitions_2026":0,"newbuilds_2026":0,"net_2026":0},"geometry":{"type":"Polygon","coordinates":[[[-83.070658,42.442433],[-83.070658,42.446635],[-83.075548,42.448735],[-83.080438,42.446635],[-83.080438,42.442433],[-83.075548,42.440332],[-83.070658,42.442433]]]}},{"type":"Feature","properties":{"id":274,"q":-4,"r":-3,"demolitions_2014":6,"newbuilds_2014":0,"net_2014":-6,"demolitions_2015":10,"newbuilds_2015":0,"net_2015":-10,"demolitions_2016":7,"newbuilds_2016":0,"net_2016":-7,"demolitions_2017":4,"newbuilds_2017":0,"net_2017":-4,"demolitions_2018":0,"newbuilds_2018":0,"net_2018":0,"demolitions_2019":6,"newbuilds_2019":0,"net_2019":-6,"demolitions_2020":0,"newbuilds_2020":0,"net_2020":0,"demolitions_2021":0,"newbuilds_2021":0,"net_2021":0,"demolitions_2022":0,"newbuilds_2022":0,"net_2022":0,"demolitions_2023":2,"newbuilds_2023":1,"net_2023":-1,"demolitions_2024":1,"newbuilds_2024":1,"net_2024":0,"demolitions_2025":0,"newbuilds_2025":0,"net_2025":0,"demolitions_2026":0,"newbuilds_2026":0,"net_2026":0},"geometry":{"type":"Polygon","coordinates":[[[-83.148904,42.328992],[-83.148904,42.333194],[-83.153795,42.335295],[-83.158685,42.333194],[-83.158685,42.328992],[-83.153795,42.326892],[-83.148904,42.328992]]]}},{"type":"Feature","properties":{"id":275,"q":-4,"r":-2,"demolitions_2014":7,"newbuilds_2014":0,"net_2014":-7,"demolitions_2015":8,"newbuilds_2015":0,"net_2015":-8,"demolitions_2016":6,"newbuilds_2016":0,"net_2016":-6,"demolitions_2017":12,"newbuilds_2017":0,"net_2017":-12,"demolitions_2018":16,"newbuilds_2018":0,"net_2018":-16,"demolitions_2019":12,"newbuilds_2019":0,"net_2019":-12,"demolitions_2020":1,"newbuilds_2020":0,"net_2020":-1,"demolitions_2021":0,"newbuilds_2021":0,"net_2021":0,"demolitions_2022":5,"newbuilds_2022":0,"net_2022":-5,"demolitions_2023":2,"newbuilds_2023":0,"net_2023":-2,"demolitions_2024":1,"newbuilds_2024":0,"net_2024":-1,"demolitions_2025":0,"newbuilds_2025":0,"net_2025":0,"demolitions_2026":1,"newbuilds_2026":0,"net_2026":-1},"geometry":{"type":"Polygon","coordinates":[[[-83.144014,42.335295],[-83.144014,42.339496],[-83.148904,42.341597],[-83.153795,42.339496],[-83.153795,42.335295],[-83.148904,42.333194],[-83.144014,42.335295]]]}},{"type":"Feature","properties":{"id":276,"q":-4,"r":-1,"demolitions_2014":9,"newbuilds_2014":0,"net_2014":-9,"demolitions_2015":5,"newbuilds_2015":0,"net_2015":-5,"demolitions_2016":4,"newbuilds_2016":0,"net_2016":-4,"demolitions_2017":11,"newbuilds_2017":0,"net_2017":-11,"demolitions_2018":14,"newbuilds_2018":0,"net_2018":-14,"demolitions_2019":26,"newbuilds_2019":0,"net_2019":-26,"demolitions_2020":8,"newbuilds_2020":0,"net_2020":-8,"demolitions_2021":6,"newbuilds_2021":0,"net_2021":-6,"demolitions_2022":27,"newbuilds_2022":0,"net_2022":-27,"demolitions_2023":20,"newbuilds_2023":0,"net_2023":-20,"demolitions_2024":14,"newbuilds_2024":1,"net_2024":-13,"demolitions_2025":8,"newbuilds_2025":0,"net_2025":-8,"demolitions_2026":0,"newbuilds_2026":0,"net_2026":0},"geometry":{"type":"Polygon","coordinates":[[[-83.139123,42.341597],[-83.139123,42.345798],[-83.144014,42.347899],[-83.148904,42.345798],[-83.148904,42.341597],[-83.144014,42.339496],[-83.139123,42.341597]]]}},{"type":"Feature","properties":{"id":277,"q":-4,"r":0,"demolitions_2014":4,"newbuilds_2014":0,"net_2014":-4,"demolitions_2015":5,"newbuilds_2015":0,"net_2015":-5,"demolitions_2016":4,"newbuilds_2016":0,"net_2016":-4,"demolitions_2017":9,"newbuilds_2017":0,"net_2017":-9,"demolitions_2018":3,"newbuilds_2018":0,"net_2018":-3,"demolitions_2019":20,"newbuilds_2019":0,"net_2019":-20,"demolitions_2020":4,"newbuilds_2020":0,"net_2020":-4,"demolitions_2021":41,"newbuilds_2021":1,"net_2021":-40,"demolitions_2022":41,"newbuilds_2022":0,"net_2022":-41,"demolitions_2023":10,"newbuilds_2023":0,"net_2023":-10,"demolitions_2024":19,"newbuilds_2024":0,"net_2024":-19,"demolitions_2025":7,"newbuilds_2025":0,"net_2025":-7,"demolitions_2026":0,"newbuilds_2026":0,"net_2026":0},"geometry":{"type":"Polygon","coordinates":[[[-83.134233,42.347899],[-83.134233,42.352101],[-83.139123,42.354202],[-83.144014,42.352101],[-83.144014,42.347899],[-83.139123,42.345798],[-83.134233,42.347899]]]}},{"type":"Feature","properties":{"id":278,"q":-4,"r":1,"demolitions_2014":0,"newbuilds_2014":0,"net_2014":0,"demolitions_2015":4,"newbuilds_2015":0,"net_2015":-4,"demolitions_2016":2,"newbuilds_2016":0,"net_2016":-2,"demolitions_2017":5,"newbuilds_2017":0,"net_2017":-5,"demolitions_2018":15,"newbuilds_2018":0,"net_2018":-15,"demolitions_2019":30,"newbuilds_2019":0,"net_2019":-30,"demolitions_2020":0,"newbuilds_2020":0,"net_2020":0,"demolitions_2021":2,"newbuilds_2021":0,"net_2021":-2,"demolitions_2022":6,"newbuilds_2022":0,"net_2022":-6,"demolitions_2023":13,"newbuilds_2023":1,"net_2023":-12,"demolitions_2024":8,"newbuilds_2024":0,"net_2024":-8,"demolitions_2025":3,"newbuilds_2025":0,"net_2025":-3,"demolitions_2026":0,"newbuilds_2026":0,"net_2026":0},"geometry":{"type":"Polygon","coordinates":[[[-83.129342,42.354202],[-83.129342,42.358403],[-83.134233,42.360504],[-83.139123,42.358403],[-83.139123,42.354202],[-83.134233,42.352101],[-83.129342,42.354202]]]}},{"type":"Feature","properties":{"id":279,"q":-4,"r":2,"demolitions_2014":1,"newbuilds_2014":0,"net_2014":-1,"demolitions_2015":4,"newbuilds_2015":0,"net_2015":-4,"demolitions_2016":0,"newbuilds_2016":0,"net_2016":0,"demolitions_2017":7,"newbuilds_2017":0,"net_2017":-7,"demolitions_2018":2,"newbuilds_2018":0,"net_2018":-2,"demolitions_2019":15,"newbuilds_2019":0,"net_2019":-15,"demolitions_2020":2,"newbuilds_2020":0,"net_2020":-2,"demolitions_2021":10,"newbuilds_2021":0,"net_2021":-10,"demolitions_2022":8,"newbuilds_2022":0,"net_2022":-8,"demolitions_2023":11,"newbuilds_2023":0,"net_2023":-11,"demolitions_2024":9,"newbuilds_2024":0,"net_2024":-9,"demolitions_2025":7,"newbuilds_2025":0,"net_2025":-7,"demolitions_2026":0,"newbuilds_2026":0,"net_2026":0},"geometry":{"type":"Polygon","coordinates":[[[-83.124452,42.360504],[-83.124452,42.364705],[-83.129342,42.366806],[-83.134233,42.364705],[-83.134233,42.360504],[-83.129342,42.358403],[-83.124452,42.360504]]]}},{"type":"Feature","properties":{"id":280,"q":-4,"r":3,"demolitions_2014":10,"newbuilds_2014":0,"net_2014":-10,"demolitions_2015":2,"newbuilds_2015":0,"net_2015":-2,"demolitions_2016":0,"newbuilds_2016":0,"net_2016":0,"demolitions_2017":9,"newbuilds_2017":0,"net_2017":-9,"demolitions_2018":0,"newbuilds_2018":0,"net_2018":0,"demolitions_2019":10,"newbuilds_2019":0,"net_2019":-10,"demolitions_2020":4,"newbuilds_2020":0,"net_2020":-4,"demolitions_2021":6,"newbuilds_2021":0,"net_2021":-6,"demolitions_2022":23,"newbuilds_2022":0,"net_2022":-23,"demolitions_2023":41,"newbuilds_2023":0,"net_2023":-41,"demolitions_2024":22,"newbuilds_2024":0,"net_2024":-22,"demolitions_2025":26,"newbuilds_2025":0,"net_2025":-26,"demolitions_2026":3,"newbuilds_2026":0,"net_2026":-3},"geometry":{"type":"Polygon","coordinates":[[[-83.119562,42.366806],[-83.119562,42.371008],[-83.124452,42.373108],[-83.129342,42.371008],[-83.129342,42.366806],[-83.124452,42.364705],[-83.119562,42.366806]]]}},{"type":"Feature","properties":{"id":281,"q":-4,"r":4,"demolitions_2014":1,"newbuilds_2014":0,"net_2014":-1,"demolitions_2015":8,"newbuilds_2015":0,"net_2015":-8,"demolitions_2016":2,"newbuilds_2016":0,"net_2016":-2,"demolitions_2017":19,"newbuilds_2017":0,"net_2017":-19,"demolitions_2018":2,"newbuilds_2018":0,"net_2018":-2,"demolitions_2019":4,"newbuilds_2019":0,"net_2019":-4,"demolitions_2020":3,"newbuilds_2020":0,"net_2020":-3,"demolitions_2021":0,"newbuilds_2021":0,"net_2021":0,"demolitions_2022":4,"newbuilds_2022":0,"net_2022":-4,"demolitions_2023":15,"newbuilds_2023":0,"net_2023":-15,"demolitions_2024":9,"newbuilds_2024":0,"net_2024":-9,"demolitions_2025":9,"newbuilds_2025":0,"net_2025":-9,"demolitions_2026":0,"newbuilds_2026":0,"net_2026":0},"geometry":{"type":"Polygon","coordinates":[[[-83.114671,42.373108],[-83.114671,42.37731],[-83.119562,42.379411],[-83.124452,42.37731],[-83.124452,42.373108],[-83.119562,42.371008],[-83.114671,42.373108]]]}},{"type":"Feature","properties":{"id":282,"q":-4,"r":5,"demolitions_2014":1,"newbuilds_2014":0,"net_2014":-1,"demolitions_2015":2,"newbuilds_2015":0,"net_2015":-2,"demolitions_2016":2,"newbuilds_2016":0,"net_2016":-2,"demolitions_2017":11,"newbuilds_2017":0,"net_2017":-11,"demolitions_2018":11,"newbuilds_2018":0,"net_2018":-11,"demolitions_2019":8,"newbuilds_2019":0,"net_2019":-8,"demolitions_2020":1,"newbuilds_2020":0,"net_2020":-1,"demolitions_2021":3,"newbuilds_2021":0,"net_2021":-3,"demolitions_2022":1,"newbuilds_2022":0,"net_2022":-1,"demolitions_2023":8,"newbuilds_2023":0,"net_2023":-8,"demolitions_2024":2,"newbuilds_2024":0,"net_2024":-2,"demolitions_2025":1,"newbuilds_2025":0,"net_2025":-1,"demolitions_2026":0,"newbuilds_2026":0,"net_2026":0},"geometry":{"type":"Polygon","coordinates":[[[-83.109781,42.379411],[-83.109781,42.383612],[-83.114671,42.385713],[-83.119562,42.383612],[-83.119562,42.379411],[-83.114671,42.37731],[-83.109781,42.379411]]]}},{"type":"Feature","properties":{"id":283,"q":-4,"r":6,"demolitions_2014":10,"newbuilds_2014":0,"net_2014":-10,"demolitions_2015":6,"newbuilds_2015":0,"net_2015":-6,"demolitions_2016":18,"newbuilds_2016":0,"net_2016":-18,"demolitions_2017":8,"newbuilds_2017":0,"net_2017":-8,"demolitions_2018":20,"newbuilds_2018":0,"net_2018":-20,"demolitions_2019":22,"newbuilds_2019":1,"net_2019":-21,"demolitions_2020":3,"newbuilds_2020":0,"net_2020":-3,"demolitions_2021":1,"newbuilds_2021":1,"net_2021":0,"demolitions_2022":16,"newbuilds_2022":1,"net_2022":-15,"demolitions_2023":29,"newbuilds_2023":0,"net_2023":-29,"demolitions_2024":16,"newbuilds_2024":0,"net_2024":-16,"demolitions_2025":8,"newbuilds_2025":0,"net_2025":-8,"demolitions_2026":1,"newbuilds_2026":0,"net_2026":-1},"geometry":{"type":"Polygon","coordinates":[[[-83.10489,42.385713],[-83.10489,42.389914],[-83.109781,42.392015],[-83.114671,42.389914],[-83.114671,42.385713],[-83.109781,42.383612],[-83.10489,42.385713]]]}},{"type":"Feature","properties":{"id":284,"q":-4,"r":11,"demolitions_2014":0,"newbuilds_2014":0,"net_2014":0,"demolitions_2015":7,"newbuilds_2015":0,"net_2015":-7,"demolitions_2016":4,"newbuilds_2016":0,"net_2016":-4,"demolitions_2017":3,"newbuilds_2017":0,"net_2017":-3,"demolitions_2018":8,"newbuilds_2018":0,"net_2018":-8,"demolitions_2019":8,"newbuilds_2019":0,"net_2019":-8,"demolitions_2020":2,"newbuilds_2020":0,"net_2020":-2,"demolitions_2021":5,"newbuilds_2021":0,"net_2021":-5,"demolitions_2022":19,"newbuilds_2022":0,"net_2022":-19,"demolitions_2023":16,"newbuilds_2023":0,"net_2023":-16,"demolitions_2024":7,"newbuilds_2024":0,"net_2024":-7,"demolitions_2025":6,"newbuilds_2025":0,"net_2025":-6,"demolitions_2026":0,"newbuilds_2026":0,"net_2026":0},"geometry":{"type":"Polygon","coordinates":[[[-83.080438,42.417224],[-83.080438,42.421426],[-83.085329,42.423526],[-83.090219,42.421426],[-83.090219,42.417224],[-83.085329,42.415123],[-83.080438,42.417224]]]}},{"type":"Feature","properties":{"id":285,"q":-4,"r":12,"demolitions_2014":3,"newbuilds_2014":0,"net_2014":-3,"demolitions_2015":4,"newbuilds_2015":0,"net_2015":-4,"demolitions_2016":11,"newbuilds_2016":0,"net_2016":-11,"demolitions_2017":5,"newbuilds_2017":0,"net_2017":-5,"demolitions_2018":1,"newbuilds_2018":0,"net_2018":-1,"demolitions_2019":13,"newbuilds_2019":0,"net_2019":-13,"demolitions_2020":1,"newbuilds_2020":1,"net_2020":0,"demolitions_2021":3,"newbuilds_2021":0,"net_2021":-3,"demolitions_2022":3,"newbuilds_2022":0,"net_2022":-3,"demolitions_2023":18,"newbuilds_2023":0,"net_2023":-18,"demolitions_2024":15,"newbuilds_2024":0,"net_2024":-15,"demolitions_2025":6,"newbuilds_2025":0,"net_2025":-6,"demolitions_2026":2,"newbuilds_2026":0,"net_2026":-2},"geometry":{"type":"Polygon","coordinates":[[[-83.075548,42.423526],[-83.075548,42.427728],[-83.080438,42.429829],[-83.085329,42.427728],[-83.085329,42.423526],[-83.080438,42.421426],[-83.075548,42.423526]]]}},{"type":"Feature","properties":{"id":286,"q":-4,"r":13,"demolitions_2014":3,"newbuilds_2014":0,"net_2014":-3,"demolitions_2015":5,"newbuilds_2015":0,"net_2015":-5,"demolitions_2016":7,"newbuilds_2016":0,"net_2016":-7,"demolitions_2017":3,"newbuilds_2017":0,"net_2017":-3,"demolitions_2018":7,"newbuilds_2018":0,"net_2018":-7,"demolitions_2019":18,"newbuilds_2019":0,"net_2019":-18,"demolitions_2020":1,"newbuilds_2020":0,"net_2020":-1,"demolitions_2021":2,"newbuilds_2021":0,"net_2021":-2,"demolitions_2022":4,"newbuilds_2022":1,"net_2022":-3,"demolitions_2023":9,"newbuilds_2023":0,"net_2023":-9,"demolitions_2024":2,"newbuilds_2024":0,"net_2024":-2,"demolitions_2025":2,"newbuilds_2025":0,"net_2025":-2,"demolitions_2026":0,"newbuilds_2026":0,"net_2026":0},"geometry":{"type":"Polygon","coordinates":[[[-83.070658,42.429829],[-83.070658,42.43403],[-83.075548,42.436131],[-83.080438,42.43403],[-83.080438,42.429829],[-83.075548,42.427728],[-83.070658,42.429829]]]}},{"type":"Feature","properties":{"id":287,"q":-4,"r":14,"demolitions_2014":1,"newbuilds_2014":0,"net_2014":-1,"demolitions_2015":6,"newbuilds_2015":0,"net_2015":-6,"demolitions_2016":18,"newbuilds_2016":0,"net_2016":-18,"demolitions_2017":4,"newbuilds_2017":0,"net_2017":-4,"demolitions_2018":7,"newbuilds_2018":0,"net_2018":-7,"demolitions_2019":9,"newbuilds_2019":0,"net_2019":-9,"demolitions_2020":0,"newbuilds_2020":0,"net_2020":0,"demolitions_2021":0,"newbuilds_2021":0,"net_2021":0,"demolitions_2022":1,"newbuilds_2022":0,"net_2022":-1,"demolitions_2023":2,"newbuilds_2023":0,"net_2023":-2,"demolitions_2024":1,"newbuilds_2024":0,"net_2024":-1,"demolitions_2025":4,"newbuilds_2025":0,"net_2025":-4,"demolitions_2026":1,"newbuilds_2026":0,"net_2026":-1},"geometry":{"type":"Polygon","coordinates":[[[-83.065767,42.436131],[-83.065767,42.440332],[-83.070658,42.442433],[-83.075548,42.440332],[-83.075548,42.436131],[-83.070658,42.43403],[-83.065767,42.436131]]]}},{"type":"Feature","properties":{"id":288,"q":-4,"r":15,"demolitions_2014":0,"newbuilds_2014":0,"net_2014":0,"demolitions_2015":13,"newbuilds_2015":0,"net_2015":-13,"demolitions_2016":2,"newbuilds_2016":0,"net_2016":-2,"demolitions_2017":0,"newbuilds_2017":0,"net_2017":0,"demolitions_2018":1,"newbuilds_2018":0,"net_2018":-1,"demolitions_2019":6,"newbuilds_2019":0,"net_2019":-6,"demolitions_2020":1,"newbuilds_2020":0,"net_2020":-1,"demolitions_2021":0,"newbuilds_2021":0,"net_2021":0,"demolitions_2022":0,"newbuilds_2022":1,"net_2022":1,"demolitions_2023":0,"newbuilds_2023":0,"net_2023":0,"demolitions_2024":0,"newbuilds_2024":0,"net_2024":0,"demolitions_2025":0,"newbuilds_2025":0,"net_2025":0,"demolitions_2026":0,"newbuilds_2026":0,"net_2026":0},"geometry":{"type":"Polygon","coordinates":[[[-83.060877,42.442433],[-83.060877,42.446635],[-83.065767,42.448735],[-83.070658,42.446635],[-83.070658,42.442433],[-83.065767,42.440332],[-83.060877,42.442433]]]}},{"type":"Feature","properties":{"id":289,"q":-3,"r":-4,"demolitions_2014":8,"newbuilds_2014":0,"net_2014":-8,"demolitions_2015":10,"newbuilds_2015":0,"net_2015":-10,"demolitions_2016":4,"newbuilds_2016":0,"net_2016":-4,"demolitions_2017":1,"newbuilds_2017":0,"net_2017":-1,"demolitions_2018":3,"newbuilds_2018":0,"net_2018":-3,"demolitions_2019":2,"newbuilds_2019":0,"net_2019":-2,"demolitions_2020":0,"newbuilds_2020":0,"net_2020":0,"demolitions_2021":0,"newbuilds_2021":0,"net_2021":0,"demolitions_2022":2,"newbuilds_2022":0,"net_2022":-2,"demolitions_2023":0,"newbuilds_2023":0,"net_2023":0,"demolitions_2024":0,"newbuilds_2024":0,"net_2024":0,"demolitions_2025":0,"newbuilds_2025":0,"net_2025":0,"demolitions_2026":0,"newbuilds_2026":0,"net_2026":0},"geometry":{"type":"Polygon","coordinates":[[[-83.144014,42.32269],[-83.144014,42.326892],[-83.148904,42.328992],[-83.153795,42.326892],[-83.153795,42.32269],[-83.148904,42.320589],[-83.144014,42.32269]]]}},{"type":"Feature","properties":{"id":290,"q":-3,"r":-3,"demolitions_2014":6,"newbuilds_2014":0,"net_2014":-6,"demolitions_2015":18,"newbuilds_2015":0,"net_2015":-18,"demolitions_2016":11,"newbuilds_2016":0,"net_2016":-11,"demolitions_2017":2,"newbuilds_2017":0,"net_2017":-2,"demolitions_2018":2,"newbuilds_2018":0,"net_2018":-2,"demolitions_2019":2,"newbuilds_2019":0,"net_2019":-2,"demolitions_2020":0,"newbuilds_2020":0,"net_2020":0,"demolitions_2021":1,"newbuilds_2021":0,"net_2021":-1,"demolitions_2022":0,"newbuilds_2022":0,"net_2022":0,"demolitions_2023":1,"newbuilds_2023":0,"net_2023":-1,"demolitions_2024":1,"newbuilds_2024":1,"net_2024":0,"demolitions_2025":1,"newbuilds_2025":0,"net_2025":-1,"demolitions_2026":0,"newbuilds_2026":0,"net_2026":0},"geometry":{"type":"Polygon","coordinates":[[[-83.139123,42.328992],[-83.139123,42.333194],[-83.144014,42.335295],[-83.148904,42.333194],[-83.148904,42.328992],[-83.144014,42.326892],[-83.139123,42.328992]]]}},{"type":"Feature","properties":{"id":291,"q":-3,"r":-2,"demolitions_2014":7,"newbuilds_2014":0,"net_2014":-7,"demolitions_2015":17,"newbuilds_2015":0,"net_2015":-17,"demolitions_2016":12,"newbuilds_2016":0,"net_2016":-12,"demolitions_2017":9,"newbuilds_2017":0,"net_2017":-9,"demolitions_2018":21,"newbuilds_2018":0,"net_2018":-21,"demolitions_2019":8,"newbuilds_2019":0,"net_2019":-8,"demolitions_2020":2,"newbuilds_2020":0,"net_2020":-2,"demolitions_2021":2,"newbuilds_2021":0,"net_2021":-2,"demolitions_2022":3,"newbuilds_2022":0,"net_2022":-3,"demolitions_2023":3,"newbuilds_2023":0,"net_2023":-3,"demolitions_2024":3,"newbuilds_2024":0,"net_2024":-3,"demolitions_2025":1,"newbuilds_2025":0,"net_2025":-1,"demolitions_2026":0,"newbuilds_2026":0,"net_2026":0},"geometry":{"type":"Polygon","coordinates":[[[-83.134233,42.335295],[-83.134233,42.339496],[-83.139123,42.341597],[-83.144014,42.339496],[-83.144014,42.335295],[-83.139123,42.333194],[-83.134233,42.335295]]]}},{"type":"Feature","properties":{"id":292,"q":-3,"r":-1,"demolitions_2014":1,"newbuilds_2014":0,"net_2014":-1,"demolitions_2015":0,"newbuilds_2015":0,"net_2015":0,"demolitions_2016":3,"newbuilds_2016":0,"net_2016":-3,"demolitions_2017":0,"newbuilds_2017":0,"net_2017":0,"demolitions_2018":6,"newbuilds_2018":0,"net_2018":-6,"demolitions_2019":18,"newbuilds_2019":1,"net_2019":-17,"demolitions_2020":5,"newbuilds_2020":0,"net_2020":-5,"demolitions_2021":10,"newbuilds_2021":0,"net_2021":-10,"demolitions_2022":9,"newbuilds_2022":0,"net_2022":-9,"demolitions_2023":7,"newbuilds_2023":0,"net_2023":-7,"demolitions_2024":2,"newbuilds_2024":0,"net_2024":-2,"demolitions_2025":3,"newbuilds_2025":0,"net_2025":-3,"demolitions_2026":0,"newbuilds_2026":1,"net_2026":1},"geometry":{"type":"Polygon","coordinates":[[[-83.129342,42.341597],[-83.129342,42.345798],[-83.134233,42.347899],[-83.139123,42.345798],[-83.139123,42.341597],[-83.134233,42.339496],[-83.129342,42.341597]]]}},{"type":"Feature","properties":{"id":293,"q":-3,"r":0,"demolitions_2014":1,"newbuilds_2014":0,"net_2014":-1,"demolitions_2015":1,"newbuilds_2015":0,"net_2015":-1,"demolitions_2016":0,"newbuilds_2016":0,"net_2016":0,"demolitions_2017":0,"newbuilds_2017":0,"net_2017":0,"demolitions_2018":7,"newbuilds_2018":0,"net_2018":-7,"demolitions_2019":9,"newbuilds_2019":0,"net_2019":-9,"demolitions_2020":2,"newbuilds_2020":0,"net_2020":-2,"demolitions_2021":33,"newbuilds_2021":0,"net_2021":-33,"demolitions_2022":5,"newbuilds_2022":1,"net_2022":-4,"demolitions_2023":15,"newbuilds_2023":1,"net_2023":-14,"demolitions_2024":6,"newbuilds_2024":0,"net_2024":-6,"demolitions_2025":1,"newbuilds_2025":0,"net_2025":-1,"demolitions_2026":0,"newbuilds_2026":0,"net_2026":0},"geometry":{"type":"Polygon","coordinates":[[[-83.124452,42.347899],[-83.124452,42.352101],[-83.129342,42.354202],[-83.134233,42.352101],[-83.134233,42.347899],[-83.129342,42.345798],[-83.124452,42.347899]]]}},{"type":"Feature","properties":{"id":294,"q":-3,"r":1,"demolitions_2014":12,"newbuilds_2014":0,"net_2014":-12,"demolitions_2015":5,"newbuilds_2015":0,"net_2015":-5,"demolitions_2016":3,"newbuilds_2016":0,"net_2016":-3,"demolitions_2017":7,"newbuilds_2017":0,"net_2017":-7,"demolitions_2018":5,"newbuilds_2018":0,"net_2018":-5,"demolitions_2019":11,"newbuilds_2019":0,"net_2019":-11,"demolitions_2020":8,"newbuilds_2020":0,"net_2020":-8,"demolitions_2021":20,"newbuilds_2021":0,"net_2021":-20,"demolitions_2022":31,"newbuilds_2022":0,"net_2022":-31,"demolitions_2023":46,"newbuilds_2023":0,"net_2023":-46,"demolitions_2024":12,"newbuilds_2024":0,"net_2024":-12,"demolitions_2025":10,"newbuilds_2025":0,"net_2025":-10,"demolitions_2026":5,"newbuilds_2026":0,"net_2026":-5},"geometry":{"type":"Polygon","coordinates":[[[-83.119562,42.354202],[-83.119562,42.358403],[-83.124452,42.360504],[-83.129342,42.358403],[-83.129342,42.354202],[-83.124452,42.352101],[-83.119562,42.354202]]]}},{"type":"Feature","properties":{"id":295,"q":-3,"r":2,"demolitions_2014":1,"newbuilds_2014":0,"net_2014":-1,"demolitions_2015":10,"newbuilds_2015":0,"net_2015":-10,"demolitions_2016":3,"newbuilds_2016":0,"net_2016":-3,"demolitions_2017":1,"newbuilds_2017":0,"net_2017":-1,"demolitions_2018":4,"newbuilds_2018":0,"net_2018":-4,"demolitions_2019":5,"newbuilds_2019":0,"net_2019":-5,"demolitions_2020":2,"newbuilds_2020":0,"net_2020":-2,"demolitions_2021":4,"newbuilds_2021":0,"net_2021":-4,"demolitions_2022":0,"newbuilds_2022":0,"net_2022":0,"demolitions_2023":28,"newbuilds_2023":1,"net_2023":-27,"demolitions_2024":4,"newbuilds_2024":0,"net_2024":-4,"demolitions_2025":5,"newbuilds_2025":0,"net_2025":-5,"demolitions_2026":0,"newbuilds_2026":0,"net_2026":0},"geometry":{"type":"Polygon","coordinates":[[[-83.114671,42.360504],[-83.114671,42.364705],[-83.119562,42.366806],[-83.124452,42.364705],[-83.124452,42.360504],[-83.119562,42.358403],[-83.114671,42.360504]]]}},{"type":"Feature","properties":{"id":296,"q":-3,"r":3,"demolitions_2014":3,"newbuilds_2014":0,"net_2014":-3,"demolitions_2015":15,"newbuilds_2015":0,"net_2015":-15,"demolitions_2016":37,"newbuilds_2016":0,"net_2016":-37,"demolitions_2017":12,"newbuilds_2017":0,"net_2017":-12,"demolitions_2018":4,"newbuilds_2018":0,"net_2018":-4,"demolitions_2019":12,"newbuilds_2019":0,"net_2019":-12,"demolitions_2020":2,"newbuilds_2020":0,"net_2020":-2,"demolitions_2021":4,"newbuilds_2021":0,"net_2021":-4,"demolitions_2022":4,"newbuilds_2022":0,"net_2022":-4,"demolitions_2023":16,"newbuilds_2023":0,"net_2023":-16,"demolitions_2024":8,"newbuilds_2024":0,"net_2024":-8,"demolitions_2025":12,"newbuilds_2025":0,"net_2025":-12,"demolitions_2026":0,"newbuilds_2026":0,"net_2026":0},"geometry":{"type":"Polygon","coordinates":[[[-83.109781,42.366806],[-83.109781,42.371008],[-83.114671,42.373108],[-83.119562,42.371008],[-83.119562,42.366806],[-83.114671,42.364705],[-83.109781,42.366806]]]}},{"type":"Feature","properties":{"id":297,"q":-3,"r":4,"demolitions_2014":1,"newbuilds_2014":0,"net_2014":-1,"demolitions_2015":7,"newbuilds_2015":0,"net_2015":-7,"demolitions_2016":4,"newbuilds_2016":0,"net_2016":-4,"demolitions_2017":7,"newbuilds_2017":0,"net_2017":-7,"demolitions_2018":0,"newbuilds_2018":0,"net_2018":0,"demolitions_2019":3,"newbuilds_2019":0,"net_2019":-3,"demolitions_2020":3,"newbuilds_2020":0,"net_2020":-3,"demolitions_2021":0,"newbuilds_2021":0,"net_2021":0,"demolitions_2022":0,"newbuilds_2022":0,"net_2022":0,"demolitions_2023":1,"newbuilds_2023":0,"net_2023":-1,"demolitions_2024":1,"newbuilds_2024":0,"net_2024":-1,"demolitions_2025":0,"newbuilds_2025":0,"net_2025":0,"demolitions_2026":0,"newbuilds_2026":0,"net_2026":0},"geometry":{"type":"Polygon","coordinates":[[[-83.10489,42.373108],[-83.10489,42.37731],[-83.109781,42.379411],[-83.114671,42.37731],[-83.114671,42.373108],[-83.109781,42.371008],[-83.10489,42.373108]]]}},{"type":"Feature","properties":{"id":298,"q":-3,"r":5,"demolitions_2014":1,"newbuilds_2014":0,"net_2014":-1,"demolitions_2015":3,"newbuilds_2015":0,"net_2015":-3,"demolitions_2016":1,"newbuilds_2016":0,"net_2016":-1,"demolitions_2017":5,"newbuilds_2017":0,"net_2017":-5,"demolitions_2018":6,"newbuilds_2018":0,"net_2018":-6,"demolitions_2019":5,"newbuilds_2019":1,"net_2019":-4,"demolitions_2020":0,"newbuilds_2020":0,"net_2020":0,"demolitions_2021":1,"newbuilds_2021":0,"net_2021":-1,"demolitions_2022":0,"newbuilds_2022":1,"net_2022":1,"demolitions_2023":1,"newbuilds_2023":0,"net_2023":-1,"demolitions_2024":1,"newbuilds_2024":0,"net_2024":-1,"demolitions_2025":0,"newbuilds_2025":0,"net_2025":0,"demolitions_2026":0,"newbuilds_2026":0,"net_2026":0},"geometry":{"type":"Polygon","coordinates":[[[-83.1,42.379411],[-83.1,42.383612],[-83.10489,42.385713],[-83.109781,42.383612],[-83.109781,42.379411],[-83.10489,42.37731],[-83.1,42.379411]]]}},{"type":"Feature","properties":{"id":299,"q":-3,"r":6,"demolitions_2014":18,"newbuilds_2014":0,"net_2014":-18,"demolitions_2015":4,"newbuilds_2015":0,"net_2015":-4,"demolitions_2016":16,"newbuilds_2016":0,"net_2016":-16,"demolitions_2017":4,"newbuilds_2017":0,"net_2017":-4,"demolitions_2018":6,"newbuilds_2018":0,"net_2018":-6,"demolitions_2019":1,"newbuilds_2019":0,"net_2019":-1,"demolitions_2020":1,"newbuilds_2020":0,"net_2020":-1,"demolitions_2021":0,"newbuilds_2021":0,"net_2021":0,"demolitions_2022":3,"newbuilds_2022":0,"net_2022":-3,"demolitions_2023":2,"newbuilds_2023":0,"net_2023":-2,"demolitions_2024":1,"newbuilds_2024":0,"net_2024":-1,"demolitions_2025":0,"newbuilds_2025":0,"net_2025":0,"demolitions_2026":1,"newbuilds_2026":0,"net_2026":-1},"geometry":{"type":"Polygon","coordinates":[[[-83.09511,42.385713],[-83.09511,42.389914],[-83.1,42.392015],[-83.10489,42.389914],[-83.10489,42.385713],[-83.1,42.383612],[-83.09511,42.385713]]]}},{"type":"Feature","properties":{"id":300,"q":-3,"r":10,"demolitions_2014":1,"newbuilds_2014":0,"net_2014":-1,"demolitions_2015":2,"newbuilds_2015":0,"net_2015":-2,"demolitions_2016":1,"newbuilds_2016":0,"net_2016":-1,"demolitions_2017":6,"newbuilds_2017":0,"net_2017":-6,"demolitions_2018":2,"newbuilds_2018":0,"net_2018":-2,"demolitions_2019":11,"newbuilds_2019":0,"net_2019":-11,"demolitions_2020":2,"newbuilds_2020":0,"net_2020":-2,"demolitions_2021":1,"newbuilds_2021":0,"net_2021":-1,"demolitions_2022":5,"newbuilds_2022":0,"net_2022":-5,"demolitions_2023":20,"newbuilds_2023":0,"net_2023":-20,"demolitions_2024":9,"newbuilds_2024":0,"net_2024":-9,"demolitions_2025":4,"newbuilds_2025":0,"net_2025":-4,"demolitions_2026":2,"newbuilds_2026":0,"net_2026":-2},"geometry":{"type":"Polygon","coordinates":[[[-83.075548,42.410922],[-83.075548,42.415123],[-83.080438,42.417224],[-83.085329,42.415123],[-83.085329,42.410922],[-83.080438,42.408821],[-83.075548,42.410922]]]}},{"type":"Feature","properties":{"id":301,"q":-3,"r":11,"demolitions_2014":3,"newbuilds_2014":0,"net_2014":-3,"demolitions_2015":8,"newbuilds_2015":0,"net_2015":-8,"demolitions_2016":9,"newbuilds_2016":0,"net_2016":-9,"demolitions_2017":2,"newbuilds_2017":0,"net_2017":-2,"demolitions_2018":3,"newbuilds_2018":0,"net_2018":-3,"demolitions_2019":6,"newbuilds_2019":0,"net_2019":-6,"demolitions_2020":6,"newbuilds_2020":0,"net_2020":-6,"demolitions_2021":2,"newbuilds_2021":0,"net_2021":-2,"demolitions_2022":4,"newbuilds_2022":0,"net_2022":-4,"demolitions_2023":29,"newbuilds_2023":0,"net_2023":-29,"demolitions_2024":13,"newbuilds_2024":0,"net_2024":-13,"demolitions_2025":15,"newbuilds_2025":0,"net_2025":-15,"demolitions_2026":1,"newbuilds_2026":0,"net_2026":-1},"geometry":{"type":"Polygon","coordinates":[[[-83.070658,42.417224],[-83.070658,42.421426],[-83.075548,42.423526],[-83.080438,42.421426],[-83.080438,42.417224],[-83.075548,42.415123],[-83.070658,42.417224]]]}},{"type":"Feature","properties":{"id":302,"q":-3,"r":12,"demolitions_2014":10,"newbuilds_2014":0,"net_2014":-10,"demolitions_2015":5,"newbuilds_2015":0,"net_2015":-5,"demolitions_2016":11,"newbuilds_2016":0,"net_2016":-11,"demolitions_2017":5,"newbuilds_2017":0,"net_2017":-5,"demolitions_2018":5,"newbuilds_2018":0,"net_2018":-5,"demolitions_2019":22,"newbuilds_2019":0,"net_2019":-22,"demolitions_2020":0,"newbuilds_2020":0,"net_2020":0,"demolitions_2021":4,"newbuilds_2021":0,"net_2021":-4,"demolitions_2022":2,"newbuilds_2022":0,"net_2022":-2,"demolitions_2023":22,"newbuilds_2023":0,"net_2023":-22,"demolitions_2024":10,"newbuilds_2024":0,"net_2024":-10,"demolitions_2025":6,"newbuilds_2025":0,"net_2025":-6,"demolitions_2026":1,"newbuilds_2026":0,"net_2026":-1},"geometry":{"type":"Polygon","coordinates":[[[-83.065767,42.423526],[-83.065767,42.427728],[-83.070658,42.429829],[-83.075548,42.427728],[-83.075548,42.423526],[-83.070658,42.421426],[-83.065767,42.423526]]]}},{"type":"Feature","properties":{"id":303,"q":-3,"r":13,"demolitions_2014":10,"newbuilds_2014":0,"net_2014":-10,"demolitions_2015":2,"newbuilds_2015":0,"net_2015":-2,"demolitions_2016":3,"newbuilds_2016":0,"net_2016":-3,"demolitions_2017":3,"newbuilds_2017":0,"net_2017":-3,"demolitions_2018":1,"newbuilds_2018":0,"net_2018":-1,"demolitions_2019":7,"newbuilds_2019":0,"net_2019":-7,"demolitions_2020":0,"newbuilds_2020":0,"net_2020":0,"demolitions_2021":0,"newbuilds_2021":0,"net_2021":0,"demolitions_2022":0,"newbuilds_2022":0,"net_2022":0,"demolitions_2023":1,"newbuilds_2023":0,"net_2023":-1,"demolitions_2024":1,"newbuilds_2024":0,"net_2024":-1,"demolitions_2025":0,"newbuilds_2025":1,"net_2025":1,"demolitions_2026":0,"newbuilds_2026":1,"net_2026":1},"geometry":{"type":"Polygon","coordinates":[[[-83.060877,42.429829],[-83.060877,42.43403],[-83.065767,42.436131],[-83.070658,42.43403],[-83.070658,42.429829],[-83.065767,42.427728],[-83.060877,42.429829]]]}},{"type":"Feature","properties":{"id":304,"q":-3,"r":14,"demolitions_2014":1,"newbuilds_2014":0,"net_2014":-1,"demolitions_2015":17,"newbuilds_2015":0,"net_2015":-17,"demolitions_2016":14,"newbuilds_2016":0,"net_2016":-14,"demolitions_2017":4,"newbuilds_2017":0,"net_2017":-4,"demolitions_2018":1,"newbuilds_2018":0,"net_2018":-1,"demolitions_2019":18,"newbuilds_2019":0,"net_2019":-18,"demolitions_2020":0,"newbuilds_2020":0,"net_2020":0,"demolitions_2021":2,"newbuilds_2021":0,"net_2021":-2,"demolitions_2022":5,"newbuilds_2022":0,"net_2022":-5,"demolitions_2023":1,"newbuilds_2023":0,"net_2023":-1,"demolitions_2024":2,"newbuilds_2024":0,"net_2024":-2,"demolitions_2025":2,"newbuilds_2025":0,"net_2025":-2,"demolitions_2026":1,"newbuilds_2026":0,"net_2026":-1},"geometry":{"type":"Polygon","coordinates":[[[-83.055986,42.436131],[-83.055986,42.440332],[-83.060877,42.442433],[-83.065767,42.440332],[-83.065767,42.436131],[-83.060877,42.43403],[-83.055986,42.436131]]]}},{"type":"Feature","properties":{"id":305,"q":-3,"r":15,"demolitions_2014":0,"newbuilds_2014":0,"net_2014":0,"demolitions_2015":0,"newbuilds_2015":0,"net_2015":0,"demolitions_2016":0,"newbuilds_2016":0,"net_2016":0,"demolitions_2017":0,"newbuilds_2017":0,"net_2017":0,"demolitions_2018":0,"newbuilds_2018":0,"net_2018":0,"demolitions_2019":0,"newbuilds_2019":0,"net_2019":0,"demolitions_2020":0,"newbuilds_2020":0,"net_2020":0,"demolitions_2021":0,"newbuilds_2021":0,"net_2021":0,"demolitions_2022":0,"newbuilds_2022":0,"net_2022":0,"demolitions_2023":0,"newbuilds_2023":0,"net_2023":0,"demolitions_2024":0,"newbuilds_2024":0,"net_2024":0,"demolitions_2025":0,"newbuilds_2025":0,"net_2025":0,"demolitions_2026":0,"newbuilds_2026":0,"net_2026":0},"geometry":{"type":"Polygon","coordinates":[[[-83.051096,42.442433],[-83.051096,42.446635],[-83.055986,42.448735],[-83.060877,42.446635],[-83.060877,42.442433],[-83.055986,42.440332],[-83.051096,42.442433]]]}},{"type":"Feature","properties":{"id":306,"q":-2,"r":-5,"demolitions_2014":1,"newbuilds_2014":0,"net_2014":-1,"demolitions_2015":5,"newbuilds_2015":0,"net_2015":-5,"demolitions_2016":1,"newbuilds_2016":0,"net_2016":-1,"demolitions_2017":1,"newbuilds_2017":0,"net_2017":-1,"demolitions_2018":0,"newbuilds_2018":0,"net_2018":0,"demolitions_2019":0,"newbuilds_2019":0,"net_2019":0,"demolitions_2020":0,"newbuilds_2020":0,"net_2020":0,"demolitions_2021":0,"newbuilds_2021":0,"net_2021":0,"demolitions_2022":0,"newbuilds_2022":0,"net_2022":0,"demolitions_2023":1,"newbuilds_2023":0,"net_2023":-1,"demolitions_2024":0,"newbuilds_2024":0,"net_2024":0,"demolitions_2025":0,"newbuilds_2025":0,"net_2025":0,"demolitions_2026":0,"newbuilds_2026":0,"net_2026":0},"geometry":{"type":"Polygon","coordinates":[[[-83.139123,42.316388],[-83.139123,42.320589],[-83.144014,42.32269],[-83.148904,42.320589],[-83.148904,42.316388],[-83.144014,42.314287],[-83.139123,42.316388]]]}},{"type":"Feature","properties":{"id":307,"q":-2,"r":-4,"demolitions_2014":6,"newbuilds_2014":0,"net_2014":-6,"demolitions_2015":4,"newbuilds_2015":0,"net_2015":-4,"demolitions_2016":6,"newbuilds_2016":0,"net_2016":-6,"demolitions_2017":0,"newbuilds_2017":0,"net_2017":0,"demolitions_2018":1,"newbuilds_2018":0,"net_2018":-1,"demolitions_2019":1,"newbuilds_2019":0,"net_2019":-1,"demolitions_2020":0,"newbuilds_2020":0,"net_2020":0,"demolitions_2021":1,"newbuilds_2021":0,"net_2021":-1,"demolitions_2022":1,"newbuilds_2022":0,"net_2022":-1,"demolitions_2023":1,"newbuilds_2023":0,"net_2023":-1,"demolitions_2024":0,"newbuilds_2024":0,"net_2024":0,"demolitions_2025":0,"newbuilds_2025":0,"net_2025":0,"demolitions_2026":0,"newbuilds_2026":0,"net_2026":0},"geometry":{"type":"Polygon","coordinates":[[[-83.134233,42.32269],[-83.134233,42.326892],[-83.139123,42.328992],[-83.144014,42.326892],[-83.144014,42.32269],[-83.139123,42.320589],[-83.134233,42.32269]]]}},{"type":"Feature","properties":{"id":308,"q":-2,"r":-3,"demolitions_2014":11,"newbuilds_2014":0,"net_2014":-11,"demolitions_2015":38,"newbuilds_2015":0,"net_2015":-38,"demolitions_2016":16,"newbuilds_2016":0,"net_2016":-16,"demolitions_2017":4,"newbuilds_2017":0,"net_2017":-4,"demolitions_2018":10,"newbuilds_2018":0,"net_2018":-10,"demolitions_2019":0,"newbuilds_2019":0,"net_2019":0,"demolitions_2020":0,"newbuilds_2020":0,"net_2020":0,"demolitions_2021":0,"newbuilds_2021":0,"net_2021":0,"demolitions_2022":2,"newbuilds_2022":1,"net_2022":-1,"demolitions_2023":4,"newbuilds_2023":0,"net_2023":-4,"demolitions_2024":1,"newbuilds_2024":0,"net_2024":-1,"demolitions_2025":1,"newbuilds_2025":0,"net_2025":-1,"demolitions_2026":0,"newbuilds_2026":0,"net_2026":0},"geometry":{"type":"Polygon","coordinates":[[[-83.129342,42.328992],[-83.129342,42.333194],[-83.134233,42.335295],[-83.139123,42.333194],[-83.139123,42.328992],[-83.134233,42.326892],[-83.129342,42.328992]]]}},{"type":"Feature","properties":{"id":309,"q":-2,"r":-2,"demolitions_2014":2,"newbuilds_2014":0,"net_2014":-2,"demolitions_2015":23,"newbuilds_2015":0,"net_2015":-23,"demolitions_2016":22,"newbuilds_2016":0,"net_2016":-22,"demolitions_2017":3,"newbuilds_2017":0,"net_2017":-3,"demolitions_2018":7,"newbuilds_2018":0,"net_2018":-7,"demolitions_2019":7,"newbuilds_2019":0,"net_2019":-7,"demolitions_2020":1,"newbuilds_2020":0,"net_2020":-1,"demolitions_2021":2,"newbuilds_2021":0,"net_2021":-2,"demolitions_2022":3,"newbuilds_2022":0,"net_2022":-3,"demolitions_2023":2,"newbuilds_2023":0,"net_2023":-2,"demolitions_2024":1,"newbuilds_2024":0,"net_2024":-1,"demolitions_2025":1,"newbuilds_2025":0,"net_2025":-1,"demolitions_2026":0,"newbuilds_2026":0,"net_2026":0},"geometry":{"type":"Polygon","coordinates":[[[-83.124452,42.335295],[-83.124452,42.339496],[-83.129342,42.341597],[-83.134233,42.339496],[-83.134233,42.335295],[-83.129342,42.333194],[-83.124452,42.335295]]]}},{"type":"Feature","properties":{"id":310,"q":-2,"r":-1,"demolitions_2014":1,"newbuilds_2014":0,"net_2014":-1,"demolitions_2015":2,"newbuilds_2015":0,"net_2015":-2,"demolitions_2016":3,"newbuilds_2016":0,"net_2016":-3,"demolitions_2017":9,"newbuilds_2017":0,"net_2017":-9,"demolitions_2018":6,"newbuilds_2018":0,"net_2018":-6,"demolitions_2019":4,"newbuilds_2019":0,"net_2019":-4,"demolitions_2020":1,"newbuilds_2020":1,"net_2020":0,"demolitions_2021":23,"newbuilds_2021":0,"net_2021":-23,"demolitions_2022":13,"newbuilds_2022":0,"net_2022":-13,"demolitions_2023":11,"newbuilds_2023":0,"net_2023":-11,"demolitions_2024":4,"newbuilds_2024":0,"net_2024":-4,"demolitions_2025":0,"newbuilds_2025":0,"net_2025":0,"demolitions_2026":1,"newbuilds_2026":0,"net_2026":-1},"geometry":{"type":"Polygon","coordinates":[[[-83.119562,42.341597],[-83.119562,42.345798],[-83.124452,42.347899],[-83.129342,42.345798],[-83.129342,42.341597],[-83.124452,42.339496],[-83.119562,42.341597]]]}},{"type":"Feature","properties":{"id":311,"q":-2,"r":0,"demolitions_2014":1,"newbuilds_2014":0,"net_2014":-1,"demolitions_2015":3,"newbuilds_2015":0,"net_2015":-3,"demolitions_2016":4,"newbuilds_2016":0,"net_2016":-4,"demolitions_2017":2,"newbuilds_2017":0,"net_2017":-2,"demolitions_2018":7,"newbuilds_2018":0,"net_2018":-7,"demolitions_2019":6,"newbuilds_2019":0,"net_2019":-6,"demolitions_2020":13,"newbuilds_2020":0,"net_2020":-13,"demolitions_2021":57,"newbuilds_2021":0,"net_2021":-57,"demolitions_2022":33,"newbuilds_2022":0,"net_2022":-33,"demolitions_2023":23,"newbuilds_2023":0,"net_2023":-23,"demolitions_2024":10,"newbuilds_2024":0,"net_2024":-10,"demolitions_2025":6,"newbuilds_2025":0,"net_2025":-6,"demolitions_2026":0,"newbuilds_2026":0,"net_2026":0},"geometry":{"type":"Polygon","coordinates":[[[-83.114671,42.347899],[-83.114671,42.352101],[-83.119562,42.354202],[-83.124452,42.352101],[-83.124452,42.347899],[-83.119562,42.345798],[-83.114671,42.347899]]]}},{"type":"Feature","properties":{"id":312,"q":-2,"r":1,"demolitions_2014":3,"newbuilds_2014":0,"net_2014":-3,"demolitions_2015":11,"newbuilds_2015":0,"net_2015":-11,"demolitions_2016":5,"newbuilds_2016":0,"net_2016":-5,"demolitions_2017":2,"newbuilds_2017":0,"net_2017":-2,"demolitions_2018":2,"newbuilds_2018":0,"net_2018":-2,"demolitions_2019":8,"newbuilds_2019":0,"net_2019":-8,"demolitions_2020":6,"newbuilds_2020":0,"net_2020":-6,"demolitions_2021":15,"newbuilds_2021":0,"net_2021":-15,"demolitions_2022":12,"newbuilds_2022":0,"net_2022":-12,"demolitions_2023":17,"newbuilds_2023":0,"net_2023":-17,"demolitions_2024":13,"newbuilds_2024":0,"net_2024":-13,"demolitions_2025":7,"newbuilds_2025":0,"net_2025":-7,"demolitions_2026":0,"newbuilds_2026":0,"net_2026":0},"geometry":{"type":"Polygon","coordinates":[[[-83.109781,42.354202],[-83.109781,42.358403],[-83.114671,42.360504],[-83.119562,42.358403],[-83.119562,42.354202],[-83.114671,42.352101],[-83.109781,42.354202]]]}},{"type":"Feature","properties":{"id":313,"q":-2,"r":2,"demolitions_2014":6,"newbuilds_2014":0,"net_2014":-6,"demolitions_2015":10,"newbuilds_2015":0,"net_2015":-10,"demolitions_2016":88,"newbuilds_2016":0,"net_2016":-88,"demolitions_2017":5,"newbuilds_2017":0,"net_2017":-5,"demolitions_2018":1,"newbuilds_2018":0,"net_2018":-1,"demolitions_2019":10,"newbuilds_2019":0,"net_2019":-10,"demolitions_2020":2,"newbuilds_2020":1,"net_2020":-1,"demolitions_2021":2,"newbuilds_2021":1,"net_2021":-1,"demolitions_2022":2,"newbuilds_2022":0,"net_2022":-2,"demolitions_2023":11,"newbuilds_2023":0,"net_2023":-11,"demolitions_2024":13,"newbuilds_2024":0,"net_2024":-13,"demolitions_2025":4,"newbuilds_2025":0,"net_2025":-4,"demolitions_2026":2,"newbuilds_2026":0,"net_2026":-2},"geometry":{"type":"Polygon","coordinates":[[[-83.10489,42.360504],[-83.10489,42.364705],[-83.109781,42.366806],[-83.114671,42.364705],[-83.114671,42.360504],[-83.109781,42.358403],[-83.10489,42.360504]]]}},{"type":"Feature","properties":{"id":314,"q":-2,"r":3,"demolitions_2014":9,"newbuilds_2014":0,"net_2014":-9,"demolitions_2015":7,"newbuilds_2015":0,"net_2015":-7,"demolitions_2016":42,"newbuilds_2016":0,"net_2016":-42,"demolitions_2017":10,"newbuilds_2017":0,"net_2017":-10,"demolitions_2018":1,"newbuilds_2018":0,"net_2018":-1,"demolitions_2019":12,"newbuilds_2019":0,"net_2019":-12,"demolitions_2020":3,"newbuilds_2020":0,"net_2020":-3,"demolitions_2021":0,"newbuilds_2021":0,"net_2021":0,"demolitions_2022":0,"newbuilds_2022":0,"net_2022":0,"demolitions_2023":4,"newbuilds_2023":0,"net_2023":-4,"demolitions_2024":4,"newbuilds_2024":0,"net_2024":-4,"demolitions_2025":1,"newbuilds_2025":0,"net_2025":-1,"demolitions_2026":5,"newbuilds_2026":0,"net_2026":-5},"geometry":{"type":"Polygon","coordinates":[[[-83.1,42.366806],[-83.1,42.371008],[-83.10489,42.373108],[-83.109781,42.371008],[-83.109781,42.366806],[-83.10489,42.364705],[-83.1,42.366806]]]}},{"type":"Feature","properties":{"id":315,"q":-2,"r":4,"demolitions_2014":11,"newbuilds_2014":0,"net_2014":-11,"demolitions_2015":10,"newbuilds_2015":0,"net_2015":-10,"demolitions_2016":13,"newbuilds_2016":0,"net_2016":-13,"demolitions_2017":7,"newbuilds_2017":0,"net_2017":-7,"demolitions_2018":5,"newbuilds_2018":0,"net_2018":-5,"demolitions_2019":13,"newbuilds_2019":0,"net_2019":-13,"demolitions_2020":1,"newbuilds_2020":0,"net_2020":-1,"demolitions_2021":2,"newbuilds_2021":0,"net_2021":-2,"demolitions_2022":1,"newbuilds_2022":0,"net_2022":-1,"demolitions_2023":0,"newbuilds_2023":0,"net_2023":0,"demolitions_2024":1,"newbuilds_2024":0,"net_2024":-1,"demolitions_2025":1,"newbuilds_2025":0,"net_2025":-1,"demolitions_2026":1,"newbuilds_2026":0,"net_2026":-1},"geometry":{"type":"Polygon","coordinates":[[[-83.09511,42.373108],[-83.09511,42.37731],[-83.1,42.379411],[-83.10489,42.37731],[-83.10489,42.373108],[-83.1,42.371008],[-83.09511,42.373108]]]}},{"type":"Feature","properties":{"id":316,"q":-2,"r":5,"demolitions_2014":7,"newbuilds_2014":0,"net_2014":-7,"demolitions_2015":3,"newbuilds_2015":0,"net_2015":-3,"demolitions_2016":0,"newbuilds_2016":0,"net_2016":0,"demolitions_2017":2,"newbuilds_2017":0,"net_2017":-2,"demolitions_2018":0,"newbuilds_2018":0,"net_2018":0,"demolitions_2019":0,"newbuilds_2019":2,"net_2019":2,"demolitions_2020":1,"newbuilds_2020":0,"net_2020":-1,"demolitions_2021":0,"newbuilds_2021":0,"net_2021":0,"demolitions_2022":1,"newbuilds_2022":0,"net_2022":-1,"demolitions_2023":1,"newbuilds_2023":0,"net_2023":-1,"demolitions_2024":1,"newbuilds_2024":0,"net_2024":-1,"demolitions_2025":0,"newbuilds_2025":0,"net_2025":0,"demolitions_2026":0,"newbuilds_2026":0,"net_2026":0},"geometry":{"type":"Polygon","coordinates":[[[-83.090219,42.379411],[-83.090219,42.383612],[-83.09511,42.385713],[-83.1,42.383612],[-83.1,42.379411],[-83.09511,42.37731],[-83.090219,42.379411]]]}},{"type":"Feature","properties":{"id":317,"q":-2,"r":6,"demolitions_2014":13,"newbuilds_2014":0,"net_2014":-13,"demolitions_2015":6,"newbuilds_2015":0,"net_2015":-6,"demolitions_2016":3,"newbuilds_2016":0,"net_2016":-3,"demolitions_2017":0,"newbuilds_2017":0,"net_2017":0,"demolitions_2018":5,"newbuilds_2018":0,"net_2018":-5,"demolitions_2019":1,"newbuilds_2019":0,"net_2019":-1,"demolitions_2020":0,"newbuilds_2020":0,"net_2020":0,"demolitions_2021":0,"newbuilds_2021":1,"net_2021":1,"demolitions_2022":0,"newbuilds_2022":0,"net_2022":0,"demolitions_2023":0,"newbuilds_2023":1,"net_2023":1,"demolitions_2024":1,"newbuilds_2024":0,"net_2024":-1,"demolitions_2025":0,"newbuilds_2025":1,"net_2025":1,"demolitions_2026":0,"newbuilds_2026":0,"net_2026":0},"geometry":{"type":"Polygon","coordinates":[[[-83.085329,42.385713],[-83.085329,42.389914],[-83.090219,42.392015],[-83.09511,42.389914],[-83.09511,42.385713],[-83.090219,42.383612],[-83.085329,42.385713]]]}},{"type":"Feature","properties":{"id":318,"q":-2,"r":7,"demolitions_2014":23,"newbuilds_2014":0,"net_2014":-23,"demolitions_2015":2,"newbuilds_2015":0,"net_2015":-2,"demolitions_2016":10,"newbuilds_2016":0,"net_2016":-10,"demolitions_2017":3,"newbuilds_2017":0,"net_2017":-3,"demolitions_2018":10,"newbuilds_2018":0,"net_2018":-10,"demolitions_2019":2,"newbuilds_2019":0,"net_2019":-2,"demolitions_2020":1,"newbuilds_2020":0,"net_2020":-1,"demolitions_2021":2,"newbuilds_2021":0,"net_2021":-2,"demolitions_2022":0,"newbuilds_2022":0,"net_2022":0,"demolitions_2023":0,"newbuilds_2023":0,"net_2023":0,"demolitions_2024":1,"newbuilds_2024":0,"net_2024":-1,"demolitions_2025":1,"newbuilds_2025":0,"net_2025":-1,"demolitions_2026":0,"newbuilds_2026":0,"net_2026":0},"geometry":{"type":"Polygon","coordinates":[[[-83.080438,42.392015],[-83.080438,42.396217],[-83.085329,42.398317],[-83.090219,42.396217],[-83.090219,42.392015],[-83.085329,42.389914],[-83.080438,42.392015]]]}},{"type":"Feature","properties":{"id":319,"q":-2,"r":9,"demolitions_2014":5,"newbuilds_2014":0,"net_2014":-5,"demolitions_2015":9,"newbuilds_2015":0,"net_2015":-9,"demolitions_2016":3,"newbuilds_2016":0,"net_2016":-3,"demolitions_2017":19,"newbuilds_2017":0,"net_2017":-19,"demolitions_2018":1,"newbuilds_2018":0,"net_2018":-1,"demolitions_2019":32,"newbuilds_2019":0,"net_2019":-32,"demolitions_2020":4,"newbuilds_2020":0,"net_2020":-4,"demolitions_2021":0,"newbuilds_2021":0,"net_2021":0,"demolitions_2022":2,"newbuilds_2022":0,"net_2022":-2,"demolitions_2023":1,"newbuilds_2023":0,"net_2023":-1,"demolitions_2024":5,"newbuilds_2024":0,"net_2024":-5,"demolitions_2025":1,"newbuilds_2025":0,"net_2025":-1,"demolitions_2026":1,"newbuilds_2026":0,"net_2026":-1},"geometry":{"type":"Polygon","coordinates":[[[-83.070658,42.40462],[-83.070658,42.408821],[-83.075548,42.410922],[-83.080438,42.408821],[-83.080438,42.40462],[-83.075548,42.402519],[-83.070658,42.40462]]]}},{"type":"Feature","properties":{"id":320,"q":-2,"r":10,"demolitions_2014":24,"newbuilds_2014":0,"net_2014":-24,"demolitions_2015":8,"newbuilds_2015":0,"net_2015":-8,"demolitions_2016":15,"newbuilds_2016":0,"net_2016":-15,"demolitions_2017":2,"newbuilds_2017":0,"net_2017":-2,"demolitions_2018":14,"newbuilds_2018":0,"net_2018":-14,"demolitions_2019":9,"newbuilds_2019":0,"net_2019":-9,"demolitions_2020":4,"newbuilds_2020":0,"net_2020":-4,"demolitions_2021":6,"newbuilds_2021":0,"net_2021":-6,"demolitions_2022":12,"newbuilds_2022":0,"net_2022":-12,"demolitions_2023":20,"newbuilds_2023":0,"net_2023":-20,"demolitions_2024":11,"newbuilds_2024":0,"net_2024":-11,"demolitions_2025":4,"newbuilds_2025":0,"net_2025":-4,"demolitions_2026":1,"newbuilds_2026":0,"net_2026":-1},"geometry":{"type":"Polygon","coordinates":[[[-83.065767,42.410922],[-83.065767,42.415123],[-83.070658,42.417224],[-83.075548,42.415123],[-83.075548,42.410922],[-83.070658,42.408821],[-83.065767,42.410922]]]}},{"type":"Feature","properties":{"id":321,"q":-2,"r":11,"demolitions_2014":0,"newbuilds_2014":0,"net_2014":0,"demolitions_2015":4,"newbuilds_2015":0,"net_2015":-4,"demolitions_2016":10,"newbuilds_2016":0,"net_2016":-10,"demolitions_2017":9,"newbuilds_2017":0,"net_2017":-9,"demolitions_2018":3,"newbuilds_2018":0,"net_2018":-3,"demolitions_2019":10,"newbuilds_2019":0,"net_2019":-10,"demolitions_2020":5,"newbuilds_2020":0,"net_2020":-5,"demolitions_2021":3,"newbuilds_2021":0,"net_2021":-3,"demolitions_2022":3,"newbuilds_2022":0,"net_2022":-3,"demolitions_2023":28,"newbuilds_2023":1,"net_2023":-27,"demolitions_2024":12,"newbuilds_2024":0,"net_2024":-12,"demolitions_2025":10,"newbuilds_2025":0,"net_2025":-10,"demolitions_2026":1,"newbuilds_2026":0,"net_2026":-1},"geometry":{"type":"Polygon","coordinates":[[[-83.060877,42.417224],[-83.060877,42.421426],[-83.065767,42.423526],[-83.070658,42.421426],[-83.070658,42.417224],[-83.065767,42.415123],[-83.060877,42.417224]]]}},{"type":"Feature","properties":{"id":322,"q":-2,"r":12,"demolitions_2014":15,"newbuilds_2014":0,"net_2014":-15,"demolitions_2015":5,"newbuilds_2015":0,"net_2015":-5,"demolitions_2016":7,"newbuilds_2016":0,"net_2016":-7,"demolitions_2017":5,"newbuilds_2017":0,"net_2017":-5,"demolitions_2018":1,"newbuilds_2018":0,"net_2018":-1,"demolitions_2019":12,"newbuilds_2019":0,"net_2019":-12,"demolitions_2020":1,"newbuilds_2020":0,"net_2020":-1,"demolitions_2021":1,"newbuilds_2021":1,"net_2021":0,"demolitions_2022":1,"newbuilds_2022":0,"net_2022":-1,"demolitions_2023":1,"newbuilds_2023":0,"net_2023":-1,"demolitions_2024":4,"newbuilds_2024":0,"net_2024":-4,"demolitions_2025":2,"newbuilds_2025":0,"net_2025":-2,"demolitions_2026":0,"newbuilds_2026":0,"net_2026":0},"geometry":{"type":"Polygon","coordinates":[[[-83.055986,42.423526],[-83.055986,42.427728],[-83.060877,42.429829],[-83.065767,42.427728],[-83.065767,42.423526],[-83.060877,42.421426],[-83.055986,42.423526]]]}},{"type":"Feature","properties":{"id":323,"q":-2,"r":13,"demolitions_2014":4,"newbuilds_2014":0,"net_2014":-4,"demolitions_2015":4,"newbuilds_2015":0,"net_2015":-4,"demolitions_2016":6,"newbuilds_2016":0,"net_2016":-6,"demolitions_2017":6,"newbuilds_2017":0,"net_2017":-6,"demolitions_2018":4,"newbuilds_2018":0,"net_2018":-4,"demolitions_2019":13,"newbuilds_2019":1,"net_2019":-12,"demolitions_2020":2,"newbuilds_2020":0,"net_2020":-2,"demolitions_2021":5,"newbuilds_2021":0,"net_2021":-5,"demolitions_2022":2,"newbuilds_2022":0,"net_2022":-2,"demolitions_2023":13,"newbuilds_2023":0,"net_2023":-13,"demolitions_2024":3,"newbuilds_2024":0,"net_2024":-3,"demolitions_2025":3,"newbuilds_2025":0,"net_2025":-3,"demolitions_2026":0,"newbuilds_2026":0,"net_2026":0},"geometry":{"type":"Polygon","coordinates":[[[-83.051096,42.429829],[-83.051096,42.43403],[-83.055986,42.436131],[-83.060877,42.43403],[-83.060877,42.429829],[-83.055986,42.427728],[-83.051096,42.429829]]]}},{"type":"Feature","properties":{"id":324,"q":-2,"r":14,"demolitions_2014":1,"newbuilds_2014":0,"net_2014":-1,"demolitions_2015":2,"newbuilds_2015":0,"net_2015":-2,"demolitions_2016":1,"newbuilds_2016":0,"net_2016":-1,"demolitions_2017":3,"newbuilds_2017":0,"net_2017":-3,"demolitions_2018":1,"newbuilds_2018":0,"net_2018":-1,"demolitions_2019":5,"newbuilds_2019":0,"net_2019":-5,"demolitions_2020":1,"newbuilds_2020":0,"net_2020":-1,"demolitions_2021":2,"newbuilds_2021":0,"net_2021":-2,"demolitions_2022":1,"newbuilds_2022":0,"net_2022":-1,"demolitions_2023":21,"newbuilds_2023":0,"net_2023":-21,"demolitions_2024":6,"newbuilds_2024":0,"net_2024":-6,"demolitions_2025":7,"newbuilds_2025":0,"net_2025":-7,"demolitions_2026":1,"newbuilds_2026":0,"net_2026":-1},"geometry":{"type":"Polygon","coordinates":[[[-83.046205,42.436131],[-83.046205,42.440332],[-83.051096,42.442433],[-83.055986,42.440332],[-83.055986,42.436131],[-83.051096,42.43403],[-83.046205,42.436131]]]}},{"type":"Feature","properties":{"id":325,"q":-2,"r":15,"demolitions_2014":0,"newbuilds_2014":0,"net_2014":0,"demolitions_2015":37,"newbuilds_2015":0,"net_2015":-37,"demolitions_2016":17,"newbuilds_2016":0,"net_2016":-17,"demolitions_2017":4,"newbuilds_2017":0,"net_2017":-4,"demolitions_2018":7,"newbuilds_2018":0,"net_2018":-7,"demolitions_2019":8,"newbuilds_2019":0,"net_2019":-8,"demolitions_2020":1,"newbuilds_2020":0,"net_2020":-1,"demolitions_2021":1,"newbuilds_2021":0,"net_2021":-1,"demolitions_2022":1,"newbuilds_2022":0,"net_2022":-1,"demolitions_2023":2,"newbuilds_2023":0,"net_2023":-2,"demolitions_2024":1,"newbuilds_2024":0,"net_2024":-1,"demolitions_2025":1,"newbuilds_2025":0,"net_2025":-1,"demolitions_2026":1,"newbuilds_2026":0,"net_2026":-1},"geometry":{"type":"Polygon","coordinates":[[[-83.041315,42.442433],[-83.041315,42.446635],[-83.046205,42.448735],[-83.051096,42.446635],[-83.051096,42.442433],[-83.046205,42.440332],[-83.041315,42.442433]]]}},{"type":"Feature","properties":{"id":326,"q":-1,"r":-10,"demolitions_2014":0,"newbuilds_2014":0,"net_2014":0,"demolitions_2015":0,"newbuilds_2015":0,"net_2015":0,"demolitions_2016":0,"newbuilds_2016":0,"net_2016":0,"demolitions_2017":0,"newbuilds_2017":0,"net_2017":0,"demolitions_2018":0,"newbuilds_2018":0,"net_2018":0,"demolitions_2019":0,"newbuilds_2019":0,"net_2019":0,"demolitions_2020":0,"newbuilds_2020":0,"net_2020":0,"demolitions_2021":0,"newbuilds_2021":1,"net_2021":1,"demolitions_2022":0,"newbuilds_2022":0,"net_2022":0,"demolitions_2023":0,"newbuilds_2023":0,"net_2023":0,"demolitions_2024":0,"newbuilds_2024":1,"net_2024":1,"demolitions_2025":0,"newbuilds_2025":1,"net_2025":1,"demolitions_2026":0,"newbuilds_2026":1,"net_2026":1},"geometry":{"type":"Polygon","coordinates":[[[-83.153795,42.284877],[-83.153795,42.289078],[-83.158685,42.291179],[-83.163575,42.289078],[-83.163575,42.284877],[-83.158685,42.282776],[-83.153795,42.284877]]]}},{"type":"Feature","properties":{"id":327,"q":-1,"r":-9,"demolitions_2014":0,"newbuilds_2014":0,"net_2014":0,"demolitions_2015":0,"newbuilds_2015":0,"net_2015":0,"demolitions_2016":0,"newbuilds_2016":0,"net_2016":0,"demolitions_2017":0,"newbuilds_2017":0,"net_2017":0,"demolitions_2018":0,"newbuilds_2018":0,"net_2018":0,"demolitions_2019":0,"newbuilds_2019":0,"net_2019":0,"demolitions_2020":0,"newbuilds_2020":0,"net_2020":0,"demolitions_2021":0,"newbuilds_2021":0,"net_2021":0,"demolitions_2022":0,"newbuilds_2022":0,"net_2022":0,"demolitions_2023":0,"newbuilds_2023":0,"net_2023":0,"demolitions_2024":0,"newbuilds_2024":0,"net_2024":0,"demolitions_2025":0,"newbuilds_2025":0,"net_2025":0,"demolitions_2026":0,"newbuilds_2026":0,"net_2026":0},"geometry":{"type":"Polygon","coordinates":[[[-83.148904,42.291179],[-83.148904,42.29538],[-83.153795,42.297481],[-83.158685,42.29538],[-83.158685,42.291179],[-83.153795,42.289078],[-83.148904,42.291179]]]}},{"type":"Feature","properties":{"id":328,"q":-1,"r":-6,"demolitions_2014":5,"newbuilds_2014":0,"net_2014":-5,"demolitions_2015":0,"newbuilds_2015":0,"net_2015":0,"demolitions_2016":1,"newbuilds_2016":0,"net_2016":-1,"demolitions_2017":2,"newbuilds_2017":0,"net_2017":-2,"demolitions_2018":1,"newbuilds_2018":0,"net_2018":-1,"demolitions_2019":0,"newbuilds_2019":0,"net_2019":0,"demolitions_2020":2,"newbuilds_2020":1,"net_2020":-1,"demolitions_2021":1,"newbuilds_2021":0,"net_2021":-1,"demolitions_2022":0,"newbuilds_2022":0,"net_2022":0,"demolitions_2023":0,"newbuilds_2023":0,"net_2023":0,"demolitions_2024":0,"newbuilds_2024":0,"net_2024":0,"demolitions_2025":1,"newbuilds_2025":0,"net_2025":-1,"demolitions_2026":0,"newbuilds_2026":0,"net_2026":0},"geometry":{"type":"Polygon","coordinates":[[[-83.134233,42.310086],[-83.134233,42.314287],[-83.139123,42.316388],[-83.144014,42.314287],[-83.144014,42.310086],[-83.139123,42.307985],[-83.134233,42.310086]]]}},{"type":"Feature","properties":{"id":329,"q":-1,"r":-5,"demolitions_2014":0,"newbuilds_2014":0,"net_2014":0,"demolitions_2015":0,"newbuilds_2015":0,"net_2015":0,"demolitions_2016":3,"newbuilds_2016":0,"net_2016":-3,"demolitions_2017":0,"newbuilds_2017":0,"net_2017":0,"demolitions_2018":0,"newbuilds_2018":0,"net_2018":0,"demolitions_2019":0,"newbuilds_2019":0,"net_2019":0,"demolitions_2020":0,"newbuilds_2020":0,"net_2020":0,"demolitions_2021":1,"newbuilds_2021":0,"net_2021":-1,"demolitions_2022":0,"newbuilds_2022":0,"net_2022":0,"demolitions_2023":0,"newbuilds_2023":0,"net_2023":0,"demolitions_2024":0,"newbuilds_2024":0,"net_2024":0,"demolitions_2025":0,"newbuilds_2025":0,"net_2025":0,"demolitions_2026":0,"newbuilds_2026":0,"net_2026":0},"geometry":{"type":"Polygon","coordinates":[[[-83.129342,42.316388],[-83.129342,42.320589],[-83.134233,42.32269],[-83.139123,42.320589],[-83.139123,42.316388],[-83.134233,42.314287],[-83.129342,42.316388]]]}},{"type":"Feature","properties":{"id":330,"q":-1,"r":-4,"demolitions_2014":2,"newbuilds_2014":0,"net_2014":-2,"demolitions_2015":18,"newbuilds_2015":0,"net_2015":-18,"demolitions_2016":8,"newbuilds_2016":0,"net_2016":-8,"demolitions_2017":1,"newbuilds_2017":0,"net_2017":-1,"demolitions_2018":2,"newbuilds_2018":0,"net_2018":-2,"demolitions_2019":4,"newbuilds_2019":0,"net_2019":-4,"demolitions_2020":1,"newbuilds_2020":0,"net_2020":-1,"demolitions_2021":1,"newbuilds_2021":0,"net_2021":-1,"demolitions_2022":0,"newbuilds_2022":0,"net_2022":0,"demolitions_2023":0,"newbuilds_2023":0,"net_2023":0,"demolitions_2024":0,"newbuilds_2024":0,"net_2024":0,"demolitions_2025":0,"newbuilds_2025":0,"net_2025":0,"demolitions_2026":0,"newbuilds_2026":0,"net_2026":0},"geometry":{"type":"Polygon","coordinates":[[[-83.124452,42.32269],[-83.124452,42.326892],[-83.129342,42.328992],[-83.134233,42.326892],[-83.134233,42.32269],[-83.129342,42.320589],[-83.124452,42.32269]]]}},{"type":"Feature","properties":{"id":331,"q":-1,"r":-3,"demolitions_2014":7,"newbuilds_2014":0,"net_2014":-7,"demolitions_2015":19,"newbuilds_2015":0,"net_2015":-19,"demolitions_2016":16,"newbuilds_2016":0,"net_2016":-16,"demolitions_2017":3,"newbuilds_2017":0,"net_2017":-3,"demolitions_2018":5,"newbuilds_2018":0,"net_2018":-5,"demolitions_2019":1,"newbuilds_2019":0,"net_2019":-1,"demolitions_2020":3,"newbuilds_2020":0,"net_2020":-3,"demolitions_2021":0,"newbuilds_2021":0,"net_2021":0,"demolitions_2022":0,"newbuilds_2022":0,"net_2022":0,"demolitions_2023":0,"newbuilds_2023":0,"net_2023":0,"demolitions_2024":2,"newbuilds_2024":0,"net_2024":-2,"demolitions_2025":1,"newbuilds_2025":0,"net_2025":-1,"demolitions_2026":0,"newbuilds_2026":0,"net_2026":0},"geometry":{"type":"Polygon","coordinates":[[[-83.119562,42.328992],[-83.119562,42.333194],[-83.124452,42.335295],[-83.129342,42.333194],[-83.129342,42.328992],[-83.124452,42.326892],[-83.119562,42.328992]]]}},{"type":"Feature","properties":{"id":332,"q":-1,"r":-2,"demolitions_2014":2,"newbuilds_2014":0,"net_2014":-2,"demolitions_2015":17,"newbuilds_2015":0,"net_2015":-17,"demolitions_2016":14,"newbuilds_2016":0,"net_2016":-14,"demolitions_2017":3,"newbuilds_2017":0,"net_2017":-3,"demolitions_2018":5,"newbuilds_2018":0,"net_2018":-5,"demolitions_2019":1,"newbuilds_2019":0,"net_2019":-1,"demolitions_2020":1,"newbuilds_2020":0,"net_2020":-1,"demolitions_2021":0,"newbuilds_2021":0,"net_2021":0,"demolitions_2022":2,"newbuilds_2022":1,"net_2022":-1,"demolitions_2023":1,"newbuilds_2023":0,"net_2023":-1,"demolitions_2024":2,"newbuilds_2024":0,"net_2024":-2,"demolitions_2025":0,"newbuilds_2025":0,"net_2025":0,"demolitions_2026":0,"newbuilds_2026":0,"net_2026":0},"geometry":{"type":"Polygon","coordinates":[[[-83.114671,42.335295],[-83.114671,42.339496],[-83.119562,42.341597],[-83.124452,42.339496],[-83.124452,42.335295],[-83.119562,42.333194],[-83.114671,42.335295]]]}},{"type":"Feature","properties":{"id":333,"q":-1,"r":-1,"demolitions_2014":5,"newbuilds_2014":0,"net_2014":-5,"demolitions_2015":21,"newbuilds_2015":0,"net_2015":-21,"demolitions_2016":12,"newbuilds_2016":0,"net_2016":-12,"demolitions_2017":5,"newbuilds_2017":0,"net_2017":-5,"demolitions_2018":6,"newbuilds_2018":0,"net_2018":-6,"demolitions_2019":7,"newbuilds_2019":0,"net_2019":-7,"demolitions_2020":2,"newbuilds_2020":0,"net_2020":-2,"demolitions_2021":1,"newbuilds_2021":0,"net_2021":-1,"demolitions_2022":29,"newbuilds_2022":0,"net_2022":-29,"demolitions_2023":6,"newbuilds_2023":0,"net_2023":-6,"demolitions_2024":7,"newbuilds_2024":0,"net_2024":-7,"demolitions_2025":1,"newbuilds_2025":0,"net_2025":-1,"demolitions_2026":1,"newbuilds_2026":0,"net_2026":-1},"geometry":{"type":"Polygon","coordinates":[[[-83.109781,42.341597],[-83.109781,42.345798],[-83.114671,42.347899],[-83.119562,42.345798],[-83.119562,42.341597],[-83.114671,42.339496],[-83.109781,42.341597]]]}},{"type":"Feature","properties":{"id":334,"q":-1,"r":0,"demolitions_2014":1,"newbuilds_2014":0,"net_2014":-1,"demolitions_2015":8,"newbuilds_2015":0,"net_2015":-8,"demolitions_2016":7,"newbuilds_2016":0,"net_2016":-7,"demolitions_2017":3,"newbuilds_2017":0,"net_2017":-3,"demolitions_2018":3,"newbuilds_2018":0,"net_2018":-3,"demolitions_2019":10,"newbuilds_2019":0,"net_2019":-10,"demolitions_2020":10,"newbuilds_2020":0,"net_2020":-10,"demolitions_2021":2,"newbuilds_2021":0,"net_2021":-2,"demolitions_2022":21,"newbuilds_2022":0,"net_2022":-21,"demolitions_2023":10,"newbuilds_2023":0,"net_2023":-10,"demolitions_2024":4,"newbuilds_2024":0,"net_2024":-4,"demolitions_2025":2,"newbuilds_2025":1,"net_2025":-1,"demolitions_2026":1,"newbuilds_2026":0,"net_2026":-1},"geometry":{"type":"Polygon","coordinates":[[[-83.10489,42.347899],[-83.10489,42.352101],[-83.109781,42.354202],[-83.114671,42.352101],[-83.114671,42.347899],[-83.109781,42.345798],[-83.10489,42.347899]]]}},{"type":"Feature","properties":{"id":335,"q":-1,"r":1,"demolitions_2014":2,"newbuilds_2014":0,"net_2014":-2,"demolitions_2015":2,"newbuilds_2015":0,"net_2015":-2,"demolitions_2016":4,"newbuilds_2016":0,"net_2016":-4,"demolitions_2017":1,"newbuilds_2017":0,"net_2017":-1,"demolitions_2018":2,"newbuilds_2018":0,"net_2018":-2,"demolitions_2019":5,"newbuilds_2019":0,"net_2019":-5,"demolitions_2020":1,"newbuilds_2020":0,"net_2020":-1,"demolitions_2021":1,"newbuilds_2021":0,"net_2021":-1,"demolitions_2022":2,"newbuilds_2022":0,"net_2022":-2,"demolitions_2023":1,"newbuilds_2023":0,"net_2023":-1,"demolitions_2024":2,"newbuilds_2024":0,"net_2024":-2,"demolitions_2025":0,"newbuilds_2025":0,"net_2025":0,"demolitions_2026":0,"newbuilds_2026":0,"net_2026":0},"geometry":{"type":"Polygon","coordinates":[[[-83.1,42.354202],[-83.1,42.358403],[-83.10489,42.360504],[-83.109781,42.358403],[-83.109781,42.354202],[-83.10489,42.352101],[-83.1,42.354202]]]}},{"type":"Feature","properties":{"id":336,"q":-1,"r":2,"demolitions_2014":2,"newbuilds_2014":0,"net_2014":-2,"demolitions_2015":3,"newbuilds_2015":0,"net_2015":-3,"demolitions_2016":23,"newbuilds_2016":0,"net_2016":-23,"demolitions_2017":2,"newbuilds_2017":0,"net_2017":-2,"demolitions_2018":2,"newbuilds_2018":0,"net_2018":-2,"demolitions_2019":4,"newbuilds_2019":1,"net_2019":-3,"demolitions_2020":1,"newbuilds_2020":0,"net_2020":-1,"demolitions_2021":0,"newbuilds_2021":0,"net_2021":0,"demolitions_2022":0,"newbuilds_2022":0,"net_2022":0,"demolitions_2023":2,"newbuilds_2023":0,"net_2023":-2,"demolitions_2024":1,"newbuilds_2024":0,"net_2024":-1,"demolitions_2025":2,"newbuilds_2025":0,"net_2025":-2,"demolitions_2026":0,"newbuilds_2026":0,"net_2026":0},"geometry":{"type":"Polygon","coordinates":[[[-83.09511,42.360504],[-83.09511,42.364705],[-83.1,42.366806],[-83.10489,42.364705],[-83.10489,42.360504],[-83.1,42.358403],[-83.09511,42.360504]]]}},{"type":"Feature","properties":{"id":337,"q":-1,"r":3,"demolitions_2014":7,"newbuilds_2014":0,"net_2014":-7,"demolitions_2015":19,"newbuilds_2015":0,"net_2015":-19,"demolitions_2016":6,"newbuilds_2016":0,"net_2016":-6,"demolitions_2017":7,"newbuilds_2017":0,"net_2017":-7,"demolitions_2018":2,"newbuilds_2018":0,"net_2018":-2,"demolitions_2019":1,"newbuilds_2019":1,"net_2019":0,"demolitions_2020":2,"newbuilds_2020":0,"net_2020":-2,"demolitions_2021":0,"newbuilds_2021":0,"net_2021":0,"demolitions_2022":0,"newbuilds_2022":0,"net_2022":0,"demolitions_2023":1,"newbuilds_2023":0,"net_2023":-1,"demolitions_2024":0,"newbuilds_2024":2,"net_2024":2,"demolitions_2025":1,"newbuilds_2025":13,"net_2025":12,"demolitions_2026":0,"newbuilds_2026":1,"net_2026":1},"geometry":{"type":"Polygon","coordinates":[[[-83.090219,42.366806],[-83.090219,42.371008],[-83.09511,42.373108],[-83.1,42.371008],[-83.1,42.366806],[-83.09511,42.364705],[-83.090219,42.366806]]]}},{"type":"Feature","properties":{"id":338,"q":-1,"r":4,"demolitions_2014":13,"newbuilds_2014":0,"net_2014":-13,"demolitions_2015":21,"newbuilds_2015":0,"net_2015":-21,"demolitions_2016":5,"newbuilds_2016":0,"net_2016":-5,"demolitions_2017":2,"newbuilds_2017":0,"net_2017":-2,"demolitions_2018":2,"newbuilds_2018":0,"net_2018":-2,"demolitions_2019":0,"newbuilds_2019":0,"net_2019":0,"demolitions_2020":0,"newbuilds_2020":0,"net_2020":0,"demolitions_2021":1,"newbuilds_2021":0,"net_2021":-1,"demolitions_2022":0,"newbuilds_2022":0,"net_2022":0,"demolitions_2023":2,"newbuilds_2023":0,"net_2023":-2,"demolitions_2024":2,"newbuilds_2024":1,"net_2024":-1,"demolitions_2025":1,"newbuilds_2025":0,"net_2025":-1,"demolitions_2026":2,"newbuilds_2026":0,"net_2026":-2},"geometry":{"type":"Polygon","coordinates":[[[-83.085329,42.373108],[-83.085329,42.37731],[-83.090219,42.379411],[-83.09511,42.37731],[-83.09511,42.373108],[-83.090219,42.371008],[-83.085329,42.373108]]]}},{"type":"Feature","properties":{"id":339,"q":-1,"r":5,"demolitions_2014":8,"newbuilds_2014":0,"net_2014":-8,"demolitions_2015":3,"newbuilds_2015":0,"net_2015":-3,"demolitions_2016":0,"newbuilds_2016":0,"net_2016":0,"demolitions_2017":1,"newbuilds_2017":0,"net_2017":-1,"demolitions_2018":0,"newbuilds_2018":0,"net_2018":0,"demolitions_2019":1,"newbuilds_2019":0,"net_2019":-1,"demolitions_2020":0,"newbuilds_2020":1,"net_2020":1,"demolitions_2021":0,"newbuilds_2021":1,"net_2021":1,"demolitions_2022":0,"newbuilds_2022":0,"net_2022":0,"demolitions_2023":0,"newbuilds_2023":1,"net_2023":1,"demolitions_2024":0,"newbuilds_2024":12,"net_2024":12,"demolitions_2025":0,"newbuilds_2025":0,"net_2025":0,"demolitions_2026":0,"newbuilds_2026":0,"net_2026":0},"geometry":{"type":"Polygon","coordinates":[[[-83.080438,42.379411],[-83.080438,42.383612],[-83.085329,42.385713],[-83.090219,42.383612],[-83.090219,42.379411],[-83.085329,42.37731],[-83.080438,42.379411]]]}},{"type":"Feature","properties":{"id":340,"q":-1,"r":6,"demolitions_2014":21,"newbuilds_2014":0,"net_2014":-21,"demolitions_2015":2,"newbuilds_2015":0,"net_2015":-2,"demolitions_2016":6,"newbuilds_2016":0,"net_2016":-6,"demolitions_2017":4,"newbuilds_2017":0,"net_2017":-4,"demolitions_2018":1,"newbuilds_2018":0,"net_2018":-1,"demolitions_2019":1,"newbuilds_2019":0,"net_2019":-1,"demolitions_2020":0,"newbuilds_2020":0,"net_2020":0,"demolitions_2021":1,"newbuilds_2021":0,"net_2021":-1,"demolitions_2022":1,"newbuilds_2022":1,"net_2022":0,"demolitions_2023":0,"newbuilds_2023":1,"net_2023":1,"demolitions_2024":0,"newbuilds_2024":0,"net_2024":0,"demolitions_2025":1,"newbuilds_2025":0,"net_2025":-1,"demolitions_2026":0,"newbuilds_2026":0,"net_2026":0},"geometry":{"type":"Polygon","coordinates":[[[-83.075548,42.385713],[-83.075548,42.389914],[-83.080438,42.392015],[-83.085329,42.389914],[-83.085329,42.385713],[-83.080438,42.383612],[-83.075548,42.385713]]]}},{"type":"Feature","properties":{"id":341,"q":-1,"r":7,"demolitions_2014":25,"newbuilds_2014":0,"net_2014":-25,"demolitions_2015":4,"newbuilds_2015":0,"net_2015":-4,"demolitions_2016":5,"newbuilds_2016":0,"net_2016":-5,"demolitions_2017":3,"newbuilds_2017":0,"net_2017":-3,"demolitions_2018":11,"newbuilds_2018":0,"net_2018":-11,"demolitions_2019":5,"newbuilds_2019":1,"net_2019":-4,"demolitions_2020":1,"newbuilds_2020":0,"net_2020":-1,"demolitions_2021":0,"newbuilds_2021":0,"net_2021":0,"demolitions_2022":0,"newbuilds_2022":0,"net_2022":0,"demolitions_2023":1,"newbuilds_2023":0,"net_2023":-1,"demolitions_2024":5,"newbuilds_2024":0,"net_2024":-5,"demolitions_2025":1,"newbuilds_2025":0,"net_2025":-1,"demolitions_2026":0,"newbuilds_2026":0,"net_2026":0},"geometry":{"type":"Polygon","coordinates":[[[-83.070658,42.392015],[-83.070658,42.396217],[-83.075548,42.398317],[-83.080438,42.396217],[-83.080438,42.392015],[-83.075548,42.389914],[-83.070658,42.392015]]]}},{"type":"Feature","properties":{"id":342,"q":-1,"r":9,"demolitions_2014":29,"newbuilds_2014":0,"net_2014":-29,"demolitions_2015":15,"newbuilds_2015":0,"net_2015":-15,"demolitions_2016":18,"newbuilds_2016":0,"net_2016":-18,"demolitions_2017":8,"newbuilds_2017":0,"net_2017":-8,"demolitions_2018":2,"newbuilds_2018":0,"net_2018":-2,"demolitions_2019":8,"newbuilds_2019":0,"net_2019":-8,"demolitions_2020":1,"newbuilds_2020":0,"net_2020":-1,"demolitions_2021":0,"newbuilds_2021":0,"net_2021":0,"demolitions_2022":1,"newbuilds_2022":0,"net_2022":-1,"demolitions_2023":5,"newbuilds_2023":0,"net_2023":-5,"demolitions_2024":3,"newbuilds_2024":0,"net_2024":-3,"demolitions_2025":3,"newbuilds_2025":0,"net_2025":-3,"demolitions_2026":1,"newbuilds_2026":0,"net_2026":-1},"geometry":{"type":"Polygon","coordinates":[[[-83.060877,42.40462],[-83.060877,42.408821],[-83.065767,42.410922],[-83.070658,42.408821],[-83.070658,42.40462],[-83.065767,42.402519],[-83.060877,42.40462]]]}},{"type":"Feature","properties":{"id":343,"q":-1,"r":10,"demolitions_2014":16,"newbuilds_2014":0,"net_2014":-16,"demolitions_2015":6,"newbuilds_2015":0,"net_2015":-6,"demolitions_2016":7,"newbuilds_2016":0,"net_2016":-7,"demolitions_2017":7,"newbuilds_2017":0,"net_2017":-7,"demolitions_2018":1,"newbuilds_2018":0,"net_2018":-1,"demolitions_2019":2,"newbuilds_2019":1,"net_2019":-1,"demolitions_2020":1,"newbuilds_2020":0,"net_2020":-1,"demolitions_2021":0,"newbuilds_2021":0,"net_2021":0,"demolitions_2022":2,"newbuilds_2022":0,"net_2022":-2,"demolitions_2023":2,"newbuilds_2023":0,"net_2023":-2,"demolitions_2024":4,"newbuilds_2024":1,"net_2024":-3,"demolitions_2025":2,"newbuilds_2025":0,"net_2025":-2,"demolitions_2026":0,"newbuilds_2026":1,"net_2026":1},"geometry":{"type":"Polygon","coordinates":[[[-83.055986,42.410922],[-83.055986,42.415123],[-83.060877,42.417224],[-83.065767,42.415123],[-83.065767,42.410922],[-83.060877,42.408821],[-83.055986,42.410922]]]}},{"type":"Feature","properties":{"id":344,"q":-1,"r":11,"demolitions_2014":6,"newbuilds_2014":0,"net_2014":-6,"demolitions_2015":8,"newbuilds_2015":0,"net_2015":-8,"demolitions_2016":43,"newbuilds_2016":0,"net_2016":-43,"demolitions_2017":11,"newbuilds_2017":0,"net_2017":-11,"demolitions_2018":11,"newbuilds_2018":0,"net_2018":-11,"demolitions_2019":19,"newbuilds_2019":0,"net_2019":-19,"demolitions_2020":11,"newbuilds_2020":0,"net_2020":-11,"demolitions_2021":2,"newbuilds_2021":0,"net_2021":-2,"demolitions_2022":10,"newbuilds_2022":0,"net_2022":-10,"demolitions_2023":28,"newbuilds_2023":0,"net_2023":-28,"demolitions_2024":7,"newbuilds_2024":0,"net_2024":-7,"demolitions_2025":8,"newbuilds_2025":0,"net_2025":-8,"demolitions_2026":0,"newbuilds_2026":0,"net_2026":0},"geometry":{"type":"Polygon","coordinates":[[[-83.051096,42.417224],[-83.051096,42.421426],[-83.055986,42.423526],[-83.060877,42.421426],[-83.060877,42.417224],[-83.055986,42.415123],[-83.051096,42.417224]]]}},{"type":"Feature","properties":{"id":345,"q":-1,"r":12,"demolitions_2014":2,"newbuilds_2014":0,"net_2014":-2,"demolitions_2015":0,"newbuilds_2015":0,"net_2015":0,"demolitions_2016":1,"newbuilds_2016":0,"net_2016":-1,"demolitions_2017":6,"newbuilds_2017":0,"net_2017":-6,"demolitions_2018":1,"newbuilds_2018":0,"net_2018":-1,"demolitions_2019":0,"newbuilds_2019":0,"net_2019":0,"demolitions_2020":0,"newbuilds_2020":0,"net_2020":0,"demolitions_2021":0,"newbuilds_2021":0,"net_2021":0,"demolitions_2022":2,"newbuilds_2022":0,"net_2022":-2,"demolitions_2023":3,"newbuilds_2023":0,"net_2023":-3,"demolitions_2024":4,"newbuilds_2024":0,"net_2024":-4,"demolitions_2025":3,"newbuilds_2025":0,"net_2025":-3,"demolitions_2026":1,"newbuilds_2026":0,"net_2026":-1},"geometry":{"type":"Polygon","coordinates":[[[-83.046205,42.423526],[-83.046205,42.427728],[-83.051096,42.429829],[-83.055986,42.427728],[-83.055986,42.423526],[-83.051096,42.421426],[-83.046205,42.423526]]]}},{"type":"Feature","properties":{"id":346,"q":-1,"r":13,"demolitions_2014":1,"newbuilds_2014":0,"net_2014":-1,"demolitions_2015":7,"newbuilds_2015":0,"net_2015":-7,"demolitions_2016":4,"newbuilds_2016":0,"net_2016":-4,"demolitions_2017":11,"newbuilds_2017":0,"net_2017":-11,"demolitions_2018":11,"newbuilds_2018":0,"net_2018":-11,"demolitions_2019":7,"newbuilds_2019":0,"net_2019":-7,"demolitions_2020":3,"newbuilds_2020":0,"net_2020":-3,"demolitions_2021":3,"newbuilds_2021":0,"net_2021":-3,"demolitions_2022":0,"newbuilds_2022":0,"net_2022":0,"demolitions_2023":7,"newbuilds_2023":0,"net_2023":-7,"demolitions_2024":18,"newbuilds_2024":0,"net_2024":-18,"demolitions_2025":5,"newbuilds_2025":0,"net_2025":-5,"demolitions_2026":1,"newbuilds_2026":0,"net_2026":-1},"geometry":{"type":"Polygon","coordinates":[[[-83.041315,42.429829],[-83.041315,42.43403],[-83.046205,42.436131],[-83.051096,42.43403],[-83.051096,42.429829],[-83.046205,42.427728],[-83.041315,42.429829]]]}},{"type":"Feature","properties":{"id":347,"q":-1,"r":14,"demolitions_2014":0,"newbuilds_2014":0,"net_2014":0,"demolitions_2015":3,"newbuilds_2015":0,"net_2015":-3,"demolitions_2016":0,"newbuilds_2016":0,"net_2016":0,"demolitions_2017":3,"newbuilds_2017":0,"net_2017":-3,"demolitions_2018":2,"newbuilds_2018":0,"net_2018":-2,"demolitions_2019":0,"newbuilds_2019":1,"net_2019":1,"demolitions_2020":1,"newbuilds_2020":0,"net_2020":-1,"demolitions_2021":0,"newbuilds_2021":0,"net_2021":0,"demolitions_2022":1,"newbuilds_2022":1,"net_2022":0,"demolitions_2023":25,"newbuilds_2023":0,"net_2023":-25,"demolitions_2024":7,"newbuilds_2024":0,"net_2024":-7,"demolitions_2025":3,"newbuilds_2025":0,"net_2025":-3,"demolitions_2026":2,"newbuilds_2026":0,"net_2026":-2},"geometry":{"type":"Polygon","coordinates":[[[-83.036425,42.436131],[-83.036425,42.440332],[-83.041315,42.442433],[-83.046205,42.440332],[-83.046205,42.436131],[-83.041315,42.43403],[-83.036425,42.436131]]]}},{"type":"Feature","properties":{"id":348,"q":-1,"r":15,"demolitions_2014":6,"newbuilds_2014":0,"net_2014":-6,"demolitions_2015":5,"newbuilds_2015":0,"net_2015":-5,"demolitions_2016":9,"newbuilds_2016":0,"net_2016":-9,"demolitions_2017":1,"newbuilds_2017":0,"net_2017":-1,"demolitions_2018":1,"newbuilds_2018":0,"net_2018":-1,"demolitions_2019":9,"newbuilds_2019":0,"net_2019":-9,"demolitions_2020":0,"newbuilds_2020":0,"net_2020":0,"demolitions_2021":0,"newbuilds_2021":0,"net_2021":0,"demolitions_2022":0,"newbuilds_2022":0,"net_2022":0,"demolitions_2023":0,"newbuilds_2023":0,"net_2023":0,"demolitions_2024":2,"newbuilds_2024":1,"net_2024":-1,"demolitions_2025":0,"newbuilds_2025":1,"net_2025":1,"demolitions_2026":0,"newbuilds_2026":0,"net_2026":0},"geometry":{"type":"Polygon","coordinates":[[[-83.031534,42.442433],[-83.031534,42.446635],[-83.036425,42.448735],[-83.041315,42.446635],[-83.041315,42.442433],[-83.036425,42.440332],[-83.031534,42.442433]]]}},{"type":"Feature","properties":{"id":349,"q":0,"r":-13,"demolitions_2014":0,"newbuilds_2014":0,"net_2014":0,"demolitions_2015":11,"newbuilds_2015":0,"net_2015":-11,"demolitions_2016":11,"newbuilds_2016":0,"net_2016":-11,"demolitions_2017":3,"newbuilds_2017":0,"net_2017":-3,"demolitions_2018":2,"newbuilds_2018":0,"net_2018":-2,"demolitions_2019":7,"newbuilds_2019":0,"net_2019":-7,"demolitions_2020":2,"newbuilds_2020":0,"net_2020":-2,"demolitions_2021":3,"newbuilds_2021":0,"net_2021":-3,"demolitions_2022":2,"newbuilds_2022":1,"net_2022":-1,"demolitions_2023":3,"newbuilds_2023":0,"net_2023":-3,"demolitions_2024":0,"newbuilds_2024":0,"net_2024":0,"demolitions_2025":5,"newbuilds_2025":0,"net_2025":-5,"demolitions_2026":0,"newbuilds_2026":0,"net_2026":0},"geometry":{"type":"Polygon","coordinates":[[[-83.158685,42.26597],[-83.158685,42.270171],[-83.163575,42.272272],[-83.168466,42.270171],[-83.168466,42.26597],[-83.163575,42.263869],[-83.158685,42.26597]]]}},{"type":"Feature","properties":{"id":350,"q":0,"r":-12,"demolitions_2014":0,"newbuilds_2014":0,"net_2014":0,"demolitions_2015":12,"newbuilds_2015":0,"net_2015":-12,"demolitions_2016":14,"newbuilds_2016":0,"net_2016":-14,"demolitions_2017":0,"newbuilds_2017":0,"net_2017":0,"demolitions_2018":1,"newbuilds_2018":0,"net_2018":-1,"demolitions_2019":4,"newbuilds_2019":0,"net_2019":-4,"demolitions_2020":3,"newbuilds_2020":0,"net_2020":-3,"demolitions_2021":3,"newbuilds_2021":0,"net_2021":-3,"demolitions_2022":4,"newbuilds_2022":0,"net_2022":-4,"demolitions_2023":2,"newbuilds_2023":0,"net_2023":-2,"demolitions_2024":0,"newbuilds_2024":0,"net_2024":0,"demolitions_2025":2,"newbuilds_2025":0,"net_2025":-2,"demolitions_2026":0,"newbuilds_2026":0,"net_2026":0},"geometry":{"type":"Polygon","coordinates":[[[-83.153795,42.272272],[-83.153795,42.276474],[-83.158685,42.278574],[-83.163575,42.276474],[-83.163575,42.272272],[-83.158685,42.270171],[-83.153795,42.272272]]]}},{"type":"Feature","properties":{"id":351,"q":0,"r":-11,"demolitions_2014":0,"newbuilds_2014":0,"net_2014":0,"demolitions_2015":3,"newbuilds_2015":0,"net_2015":-3,"demolitions_2016":1,"newbuilds_2016":0,"net_2016":-1,"demolitions_2017":0,"newbuilds_2017":0,"net_2017":0,"demolitions_2018":0,"newbuilds_2018":0,"net_2018":0,"demolitions_2019":1,"newbuilds_2019":0,"net_2019":-1,"demolitions_2020":0,"newbuilds_2020":0,"net_2020":0,"demolitions_2021":1,"newbuilds_2021":0,"net_2021":-1,"demolitions_2022":1,"newbuilds_2022":0,"net_2022":-1,"demolitions_2023":0,"newbuilds_2023":0,"net_2023":0,"demolitions_2024":0,"newbuilds_2024":1,"net_2024":1,"demolitions_2025":1,"newbuilds_2025":0,"net_2025":-1,"demolitions_2026":1,"newbuilds_2026":0,"net_2026":-1},"geometry":{"type":"Polygon","coordinates":[[[-83.148904,42.278574],[-83.148904,42.282776],[-83.153795,42.284877],[-83.158685,42.282776],[-83.158685,42.278574],[-83.153795,42.276474],[-83.148904,42.278574]]]}},{"type":"Feature","properties":{"id":352,"q":0,"r":-10,"demolitions_2014":0,"newbuilds_2014":0,"net_2014":0,"demolitions_2015":0,"newbuilds_2015":0,"net_2015":0,"demolitions_2016":0,"newbuilds_2016":0,"net_2016":0,"demolitions_2017":0,"newbuilds_2017":0,"net_2017":0,"demolitions_2018":0,"newbuilds_2018":0,"net_2018":0,"demolitions_2019":0,"newbuilds_2019":0,"net_2019":0,"demolitions_2020":0,"newbuilds_2020":0,"net_2020":0,"demolitions_2021":0,"newbuilds_2021":0,"net_2021":0,"demolitions_2022":0,"newbuilds_2022":0,"net_2022":0,"demolitions_2023":0,"newbuilds_2023":0,"net_2023":0,"demolitions_2024":0,"newbuilds_2024":0,"net_2024":0,"demolitions_2025":0,"newbuilds_2025":0,"net_2025":0,"demolitions_2026":0,"newbuilds_2026":0,"net_2026":0},"geometry":{"type":"Polygon","coordinates":[[[-83.144014,42.284877],[-83.144014,42.289078],[-83.148904,42.291179],[-83.153795,42.289078],[-83.153795,42.284877],[-83.148904,42.282776],[-83.144014,42.284877]]]}},{"type":"Feature","properties":{"id":353,"q":0,"r":-9,"demolitions_2014":1,"newbuilds_2014":0,"net_2014":-1,"demolitions_2015":2,"newbuilds_2015":0,"net_2015":-2,"demolitions_2016":0,"newbuilds_2016":0,"net_2016":0,"demolitions_2017":2,"newbuilds_2017":0,"net_2017":-2,"demolitions_2018":0,"newbuilds_2018":0,"net_2018":0,"demolitions_2019":0,"newbuilds_2019":0,"net_2019":0,"demolitions_2020":1,"newbuilds_2020":1,"net_2020":0,"demolitions_2021":0,"newbuilds_2021":0,"net_2021":0,"demolitions_2022":0,"newbuilds_2022":0,"net_2022":0,"demolitions_2023":0,"newbuilds_2023":0,"net_2023":0,"demolitions_2024":2,"newbuilds_2024":0,"net_2024":-2,"demolitions_2025":0,"newbuilds_2025":0,"net_2025":0,"demolitions_2026":0,"newbuilds_2026":0,"net_2026":0},"geometry":{"type":"Polygon","coordinates":[[[-83.139123,42.291179],[-83.139123,42.29538],[-83.144014,42.297481],[-83.148904,42.29538],[-83.148904,42.291179],[-83.144014,42.289078],[-83.139123,42.291179]]]}},{"type":"Feature","properties":{"id":354,"q":0,"r":-8,"demolitions_2014":0,"newbuilds_2014":0,"net_2014":0,"demolitions_2015":0,"newbuilds_2015":0,"net_2015":0,"demolitions_2016":0,"newbuilds_2016":0,"net_2016":0,"demolitions_2017":0,"newbuilds_2017":0,"net_2017":0,"demolitions_2018":0,"newbuilds_2018":0,"net_2018":0,"demolitions_2019":0,"newbuilds_2019":0,"net_2019":0,"demolitions_2020":0,"newbuilds_2020":0,"net_2020":0,"demolitions_2021":0,"newbuilds_2021":0,"net_2021":0,"demolitions_2022":0,"newbuilds_2022":0,"net_2022":0,"demolitions_2023":0,"newbuilds_2023":0,"net_2023":0,"demolitions_2024":0,"newbuilds_2024":0,"net_2024":0,"demolitions_2025":0,"newbuilds_2025":0,"net_2025":0,"demolitions_2026":0,"newbuilds_2026":0,"net_2026":0},"geometry":{"type":"Polygon","coordinates":[[[-83.134233,42.297481],[-83.134233,42.301683],[-83.139123,42.303783],[-83.144014,42.301683],[-83.144014,42.297481],[-83.139123,42.29538],[-83.134233,42.297481]]]}},{"type":"Feature","properties":{"id":355,"q":0,"r":-7,"demolitions_2014":14,"newbuilds_2014":0,"net_2014":-14,"demolitions_2015":4,"newbuilds_2015":0,"net_2015":-4,"demolitions_2016":9,"newbuilds_2016":0,"net_2016":-9,"demolitions_2017":3,"newbuilds_2017":0,"net_2017":-3,"demolitions_2018":3,"newbuilds_2018":0,"net_2018":-3,"demolitions_2019":0,"newbuilds_2019":0,"net_2019":0,"demolitions_2020":1,"newbuilds_2020":0,"net_2020":-1,"demolitions_2021":1,"newbuilds_2021":0,"net_2021":-1,"demolitions_2022":1,"newbuilds_2022":0,"net_2022":-1,"demolitions_2023":4,"newbuilds_2023":0,"net_2023":-4,"demolitions_2024":1,"newbuilds_2024":0,"net_2024":-1,"demolitions_2025":1,"newbuilds_2025":1,"net_2025":0,"demolitions_2026":0,"newbuilds_2026":0,"net_2026":0},"geometry":{"type":"Polygon","coordinates":[[[-83.129342,42.303783],[-83.129342,42.307985],[-83.134233,42.310086],[-83.139123,42.307985],[-83.139123,42.303783],[-83.134233,42.301683],[-83.129342,42.303783]]]}},{"type":"Feature","properties":{"id":356,"q":0,"r":-6,"demolitions_2014":19,"newbuilds_2014":0,"net_2014":-19,"demolitions_2015":4,"newbuilds_2015":0,"net_2015":-4,"demolitions_2016":17,"newbuilds_2016":0,"net_2016":-17,"demolitions_2017":5,"newbuilds_2017":0,"net_2017":-5,"demolitions_2018":5,"newbuilds_2018":0,"net_2018":-5,"demolitions_2019":3,"newbuilds_2019":2,"net_2019":-1,"demolitions_2020":1,"newbuilds_2020":1,"net_2020":0,"demolitions_2021":0,"newbuilds_2021":1,"net_2021":1,"demolitions_2022":3,"newbuilds_2022":0,"net_2022":-3,"demolitions_2023":1,"newbuilds_2023":0,"net_2023":-1,"demolitions_2024":0,"newbuilds_2024":0,"net_2024":0,"demolitions_2025":1,"newbuilds_2025":0,"net_2025":-1,"demolitions_2026":0,"newbuilds_2026":0,"net_2026":0},"geometry":{"type":"Polygon","coordinates":[[[-83.124452,42.310086],[-83.124452,42.314287],[-83.129342,42.316388],[-83.134233,42.314287],[-83.134233,42.310086],[-83.129342,42.307985],[-83.124452,42.310086]]]}},{"type":"Feature","properties":{"id":357,"q":0,"r":-5,"demolitions_2014":3,"newbuilds_2014":0,"net_2014":-3,"demolitions_2015":2,"newbuilds_2015":0,"net_2015":-2,"demolitions_2016":2,"newbuilds_2016":0,"net_2016":-2,"demolitions_2017":0,"newbuilds_2017":0,"net_2017":0,"demolitions_2018":1,"newbuilds_2018":0,"net_2018":-1,"demolitions_2019":1,"newbuilds_2019":0,"net_2019":-1,"demolitions_2020":0,"newbuilds_2020":0,"net_2020":0,"demolitions_2021":0,"newbuilds_2021":0,"net_2021":0,"demolitions_2022":0,"newbuilds_2022":0,"net_2022":0,"demolitions_2023":1,"newbuilds_2023":0,"net_2023":-1,"demolitions_2024":0,"newbuilds_2024":0,"net_2024":0,"demolitions_2025":0,"newbuilds_2025":1,"net_2025":1,"demolitions_2026":0,"newbuilds_2026":0,"net_2026":0},"geometry":{"type":"Polygon","coordinates":[[[-83.119562,42.316388],[-83.119562,42.320589],[-83.124452,42.32269],[-83.129342,42.320589],[-83.129342,42.316388],[-83.124452,42.314287],[-83.119562,42.316388]]]}},{"type":"Feature","properties":{"id":358,"q":0,"r":-4,"demolitions_2014":4,"newbuilds_2014":0,"net_2014":-4,"demolitions_2015":17,"newbuilds_2015":0,"net_2015":-17,"demolitions_2016":6,"newbuilds_2016":0,"net_2016":-6,"demolitions_2017":2,"newbuilds_2017":0,"net_2017":-2,"demolitions_2018":1,"newbuilds_2018":0,"net_2018":-1,"demolitions_2019":1,"newbuilds_2019":1,"net_2019":0,"demolitions_2020":1,"newbuilds_2020":0,"net_2020":-1,"demolitions_2021":0,"newbuilds_2021":0,"net_2021":0,"demolitions_2022":1,"newbuilds_2022":0,"net_2022":-1,"demolitions_2023":2,"newbuilds_2023":1,"net_2023":-1,"demolitions_2024":1,"newbuilds_2024":0,"net_2024":-1,"demolitions_2025":0,"newbuilds_2025":0,"net_2025":0,"demolitions_2026":0,"newbuilds_2026":0,"net_2026":0},"geometry":{"type":"Polygon","coordinates":[[[-83.114671,42.32269],[-83.114671,42.326892],[-83.119562,42.328992],[-83.124452,42.326892],[-83.124452,42.32269],[-83.119562,42.320589],[-83.114671,42.32269]]]}},{"type":"Feature","properties":{"id":359,"q":0,"r":-3,"demolitions_2014":4,"newbuilds_2014":0,"net_2014":-4,"demolitions_2015":16,"newbuilds_2015":0,"net_2015":-16,"demolitions_2016":8,"newbuilds_2016":0,"net_2016":-8,"demolitions_2017":1,"newbuilds_2017":0,"net_2017":-1,"demolitions_2018":4,"newbuilds_2018":0,"net_2018":-4,"demolitions_2019":3,"newbuilds_2019":0,"net_2019":-3,"demolitions_2020":0,"newbuilds_2020":0,"net_2020":0,"demolitions_2021":0,"newbuilds_2021":1,"net_2021":1,"demolitions_2022":1,"newbuilds_2022":0,"net_2022":-1,"demolitions_2023":3,"newbuilds_2023":1,"net_2023":-2,"demolitions_2024":1,"newbuilds_2024":0,"net_2024":-1,"demolitions_2025":0,"newbuilds_2025":0,"net_2025":0,"demolitions_2026":0,"newbuilds_2026":0,"net_2026":0},"geometry":{"type":"Polygon","coordinates":[[[-83.109781,42.328992],[-83.109781,42.333194],[-83.114671,42.335295],[-83.119562,42.333194],[-83.119562,42.328992],[-83.114671,42.326892],[-83.109781,42.328992]]]}},{"type":"Feature","properties":{"id":360,"q":0,"r":-2,"demolitions_2014":4,"newbuilds_2014":0,"net_2014":-4,"demolitions_2015":25,"newbuilds_2015":0,"net_2015":-25,"demolitions_2016":28,"newbuilds_2016":0,"net_2016":-28,"demolitions_2017":2,"newbuilds_2017":0,"net_2017":-2,"demolitions_2018":4,"newbuilds_2018":0,"net_2018":-4,"demolitions_2019":2,"newbuilds_2019":0,"net_2019":-2,"demolitions_2020":0,"newbuilds_2020":0,"net_2020":0,"demolitions_2021":5,"newbuilds_2021":0,"net_2021":-5,"demolitions_2022":1,"newbuilds_2022":1,"net_2022":0,"demolitions_2023":5,"newbuilds_2023":0,"net_2023":-5,"demolitions_2024":1,"newbuilds_2024":0,"net_2024":-1,"demolitions_2025":3,"newbuilds_2025":0,"net_2025":-3,"demolitions_2026":0,"newbuilds_2026":0,"net_2026":0},"geometry":{"type":"Polygon","coordinates":[[[-83.10489,42.335295],[-83.10489,42.339496],[-83.109781,42.341597],[-83.114671,42.339496],[-83.114671,42.335295],[-83.109781,42.333194],[-83.10489,42.335295]]]}},{"type":"Feature","properties":{"id":361,"q":0,"r":-1,"demolitions_2014":9,"newbuilds_2014":0,"net_2014":-9,"demolitions_2015":22,"newbuilds_2015":0,"net_2015":-22,"demolitions_2016":23,"newbuilds_2016":0,"net_2016":-23,"demolitions_2017":3,"newbuilds_2017":0,"net_2017":-3,"demolitions_2018":7,"newbuilds_2018":0,"net_2018":-7,"demolitions_2019":4,"newbuilds_2019":0,"net_2019":-4,"demolitions_2020":1,"newbuilds_2020":0,"net_2020":-1,"demolitions_2021":0,"newbuilds_2021":0,"net_2021":0,"demolitions_2022":2,"newbuilds_2022":0,"net_2022":-2,"demolitions_2023":7,"newbuilds_2023":0,"net_2023":-7,"demolitions_2024":7,"newbuilds_2024":0,"net_2024":-7,"demolitions_2025":0,"newbuilds_2025":0,"net_2025":0,"demolitions_2026":0,"newbuilds_2026":1,"net_2026":1},"geometry":{"type":"Polygon","coordinates":[[[-83.1,42.341597],[-83.1,42.345798],[-83.10489,42.347899],[-83.109781,42.345798],[-83.109781,42.341597],[-83.10489,42.339496],[-83.1,42.341597]]]}},{"type":"Feature","properties":{"id":362,"q":0,"r":0,"demolitions_2014":6,"newbuilds_2014":0,"net_2014":-6,"demolitions_2015":10,"newbuilds_2015":0,"net_2015":-10,"demolitions_2016":11,"newbuilds_2016":0,"net_2016":-11,"demolitions_2017":4,"newbuilds_2017":0,"net_2017":-4,"demolitions_2018":8,"newbuilds_2018":0,"net_2018":-8,"demolitions_2019":6,"newbuilds_2019":0,"net_2019":-6,"demolitions_2020":1,"newbuilds_2020":0,"net_2020":-1,"demolitions_2021":1,"newbuilds_2021":0,"net_2021":-1,"demolitions_2022":4,"newbuilds_2022":0,"net_2022":-4,"demolitions_2023":5,"newbuilds_2023":0,"net_2023":-5,"demolitions_2024":2,"newbuilds_2024":0,"net_2024":-2,"demolitions_2025":2,"newbuilds_2025":0,"net_2025":-2,"demolitions_2026":0,"newbuilds_2026":0,"net_2026":0},"geometry":{"type":"Polygon","coordinates":[[[-83.09511,42.347899],[-83.09511,42.352101],[-83.1,42.354202],[-83.10489,42.352101],[-83.10489,42.347899],[-83.1,42.345798],[-83.09511,42.347899]]]}},{"type":"Feature","properties":{"id":363,"q":0,"r":1,"demolitions_2014":4,"newbuilds_2014":0,"net_2014":-4,"demolitions_2015":4,"newbuilds_2015":0,"net_2015":-4,"demolitions_2016":33,"newbuilds_2016":0,"net_2016":-33,"demolitions_2017":9,"newbuilds_2017":0,"net_2017":-9,"demolitions_2018":13,"newbuilds_2018":0,"net_2018":-13,"demolitions_2019":8,"newbuilds_2019":0,"net_2019":-8,"demolitions_2020":4,"newbuilds_2020":1,"net_2020":-3,"demolitions_2021":0,"newbuilds_2021":0,"net_2021":0,"demolitions_2022":2,"newbuilds_2022":0,"net_2022":-2,"demolitions_2023":4,"newbuilds_2023":0,"net_2023":-4,"demolitions_2024":6,"newbuilds_2024":0,"net_2024":-6,"demolitions_2025":4,"newbuilds_2025":0,"net_2025":-4,"demolitions_2026":3,"newbuilds_2026":0,"net_2026":-3},"geometry":{"type":"Polygon","coordinates":[[[-83.090219,42.354202],[-83.090219,42.358403],[-83.09511,42.360504],[-83.1,42.358403],[-83.1,42.354202],[-83.09511,42.352101],[-83.090219,42.354202]]]}},{"type":"Feature","properties":{"id":364,"q":0,"r":2,"demolitions_2014":1,"newbuilds_2014":0,"net_2014":-1,"demolitions_2015":3,"newbuilds_2015":0,"net_2015":-3,"demolitions_2016":5,"newbuilds_2016":0,"net_2016":-5,"demolitions_2017":2,"newbuilds_2017":0,"net_2017":-2,"demolitions_2018":0,"newbuilds_2018":0,"net_2018":0,"demolitions_2019":7,"newbuilds_2019":0,"net_2019":-7,"demolitions_2020":3,"newbuilds_2020":0,"net_2020":-3,"demolitions_2021":1,"newbuilds_2021":0,"net_2021":-1,"demolitions_2022":2,"newbuilds_2022":0,"net_2022":-2,"demolitions_2023":2,"newbuilds_2023":0,"net_2023":-2,"demolitions_2024":4,"newbuilds_2024":0,"net_2024":-4,"demolitions_2025":2,"newbuilds_2025":0,"net_2025":-2,"demolitions_2026":0,"newbuilds_2026":0,"net_2026":0},"geometry":{"type":"Polygon","coordinates":[[[-83.085329,42.360504],[-83.085329,42.364705],[-83.090219,42.366806],[-83.09511,42.364705],[-83.09511,42.360504],[-83.090219,42.358403],[-83.085329,42.360504]]]}},{"type":"Feature","properties":{"id":365,"q":0,"r":3,"demolitions_2014":0,"newbuilds_2014":0,"net_2014":0,"demolitions_2015":0,"newbuilds_2015":0,"net_2015":0,"demolitions_2016":0,"newbuilds_2016":0,"net_2016":0,"demolitions_2017":1,"newbuilds_2017":0,"net_2017":-1,"demolitions_2018":0,"newbuilds_2018":0,"net_2018":0,"demolitions_2019":0,"newbuilds_2019":2,"net_2019":2,"demolitions_2020":0,"newbuilds_2020":0,"net_2020":0,"demolitions_2021":0,"newbuilds_2021":2,"net_2021":2,"demolitions_2022":0,"newbuilds_2022":3,"net_2022":3,"demolitions_2023":0,"newbuilds_2023":2,"net_2023":2,"demolitions_2024":0,"newbuilds_2024":7,"net_2024":7,"demolitions_2025":0,"newbuilds_2025":2,"net_2025":2,"demolitions_2026":0,"newbuilds_2026":1,"net_2026":1},"geometry":{"type":"Polygon","coordinates":[[[-83.080438,42.366806],[-83.080438,42.371008],[-83.085329,42.373108],[-83.090219,42.371008],[-83.090219,42.366806],[-83.085329,42.364705],[-83.080438,42.366806]]]}},{"type":"Feature","properties":{"id":366,"q":0,"r":4,"demolitions_2014":12,"newbuilds_2014":0,"net_2014":-12,"demolitions_2015":2,"newbuilds_2015":0,"net_2015":-2,"demolitions_2016":1,"newbuilds_2016":0,"net_2016":-1,"demolitions_2017":0,"newbuilds_2017":0,"net_2017":0,"demolitions_2018":0,"newbuilds_2018":0,"net_2018":0,"demolitions_2019":2,"newbuilds_2019":3,"net_2019":1,"demolitions_2020":0,"newbuilds_2020":1,"net_2020":1,"demolitions_2021":0,"newbuilds_2021":0,"net_2021":0,"demolitions_2022":0,"newbuilds_2022":1,"net_2022":1,"demolitions_2023":0,"newbuilds_2023":0,"net_2023":0,"demolitions_2024":0,"newbuilds_2024":3,"net_2024":3,"demolitions_2025":0,"newbuilds_2025":1,"net_2025":1,"demolitions_2026":0,"newbuilds_2026":0,"net_2026":0},"geometry":{"type":"Polygon","coordinates":[[[-83.075548,42.373108],[-83.075548,42.37731],[-83.080438,42.379411],[-83.085329,42.37731],[-83.085329,42.373108],[-83.080438,42.371008],[-83.075548,42.373108]]]}},{"type":"Feature","properties":{"id":367,"q":0,"r":5,"demolitions_2014":36,"newbuilds_2014":0,"net_2014":-36,"demolitions_2015":3,"newbuilds_2015":0,"net_2015":-3,"demolitions_2016":10,"newbuilds_2016":0,"net_2016":-10,"demolitions_2017":1,"newbuilds_2017":0,"net_2017":-1,"demolitions_2018":3,"newbuilds_2018":0,"net_2018":-3,"demolitions_2019":1,"newbuilds_2019":0,"net_2019":-1,"demolitions_2020":1,"newbuilds_2020":0,"net_2020":-1,"demolitions_2021":0,"newbuilds_2021":0,"net_2021":0,"demolitions_2022":0,"newbuilds_2022":1,"net_2022":1,"demolitions_2023":0,"newbuilds_2023":0,"net_2023":0,"demolitions_2024":1,"newbuilds_2024":0,"net_2024":-1,"demolitions_2025":1,"newbuilds_2025":0,"net_2025":-1,"demolitions_2026":0,"newbuilds_2026":0,"net_2026":0},"geometry":{"type":"Polygon","coordinates":[[[-83.070658,42.379411],[-83.070658,42.383612],[-83.075548,42.385713],[-83.080438,42.383612],[-83.080438,42.379411],[-83.075548,42.37731],[-83.070658,42.379411]]]}},{"type":"Feature","properties":{"id":368,"q":0,"r":6,"demolitions_2014":27,"newbuilds_2014":0,"net_2014":-27,"demolitions_2015":2,"newbuilds_2015":0,"net_2015":-2,"demolitions_2016":10,"newbuilds_2016":0,"net_2016":-10,"demolitions_2017":6,"newbuilds_2017":0,"net_2017":-6,"demolitions_2018":6,"newbuilds_2018":0,"net_2018":-6,"demolitions_2019":1,"newbuilds_2019":0,"net_2019":-1,"demolitions_2020":0,"newbuilds_2020":0,"net_2020":0,"demolitions_2021":1,"newbuilds_2021":0,"net_2021":-1,"demolitions_2022":1,"newbuilds_2022":1,"net_2022":0,"demolitions_2023":1,"newbuilds_2023":0,"net_2023":-1,"demolitions_2024":4,"newbuilds_2024":0,"net_2024":-4,"demolitions_2025":2,"newbuilds_2025":0,"net_2025":-2,"demolitions_2026":0,"newbuilds_2026":0,"net_2026":0},"geometry":{"type":"Polygon","coordinates":[[[-83.065767,42.385713],[-83.065767,42.389914],[-83.070658,42.392015],[-83.075548,42.389914],[-83.075548,42.385713],[-83.070658,42.383612],[-83.065767,42.385713]]]}},{"type":"Feature","properties":{"id":369,"q":0,"r":10,"demolitions_2014":25,"newbuilds_2014":0,"net_2014":-25,"demolitions_2015":6,"newbuilds_2015":0,"net_2015":-6,"demolitions_2016":2,"newbuilds_2016":0,"net_2016":-2,"demolitions_2017":2,"newbuilds_2017":0,"net_2017":-2,"demolitions_2018":3,"newbuilds_2018":0,"net_2018":-3,"demolitions_2019":22,"newbuilds_2019":0,"net_2019":-22,"demolitions_2020":2,"newbuilds_2020":0,"net_2020":-2,"demolitions_2021":0,"newbuilds_2021":0,"net_2021":0,"demolitions_2022":4,"newbuilds_2022":0,"net_2022":-4,"demolitions_2023":3,"newbuilds_2023":0,"net_2023":-3,"demolitions_2024":1,"newbuilds_2024":0,"net_2024":-1,"demolitions_2025":2,"newbuilds_2025":0,"net_2025":-2,"demolitions_2026":1,"newbuilds_2026":0,"net_2026":-1},"geometry":{"type":"Polygon","coordinates":[[[-83.046205,42.410922],[-83.046205,42.415123],[-83.051096,42.417224],[-83.055986,42.415123],[-83.055986,42.410922],[-83.051096,42.408821],[-83.046205,42.410922]]]}},{"type":"Feature","properties":{"id":370,"q":0,"r":11,"demolitions_2014":1,"newbuilds_2014":0,"net_2014":-1,"demolitions_2015":18,"newbuilds_2015":0,"net_2015":-18,"demolitions_2016":16,"newbuilds_2016":0,"net_2016":-16,"demolitions_2017":11,"newbuilds_2017":0,"net_2017":-11,"demolitions_2018":10,"newbuilds_2018":0,"net_2018":-10,"demolitions_2019":18,"newbuilds_2019":1,"net_2019":-17,"demolitions_2020":4,"newbuilds_2020":0,"net_2020":-4,"demolitions_2021":1,"newbuilds_2021":0,"net_2021":-1,"demolitions_2022":17,"newbuilds_2022":0,"net_2022":-17,"demolitions_2023":22,"newbuilds_2023":0,"net_2023":-22,"demolitions_2024":4,"newbuilds_2024":0,"net_2024":-4,"demolitions_2025":6,"newbuilds_2025":0,"net_2025":-6,"demolitions_2026":0,"newbuilds_2026":0,"net_2026":0},"geometry":{"type":"Polygon","coordinates":[[[-83.041315,42.417224],[-83.041315,42.421426],[-83.046205,42.423526],[-83.051096,42.421426],[-83.051096,42.417224],[-83.046205,42.415123],[-83.041315,42.417224]]]}},{"type":"Feature","properties":{"id":371,"q":0,"r":12,"demolitions_2014":0,"newbuilds_2014":0,"net_2014":0,"demolitions_2015":12,"newbuilds_2015":0,"net_2015":-12,"demolitions_2016":5,"newbuilds_2016":0,"net_2016":-5,"demolitions_2017":3,"newbuilds_2017":0,"net_2017":-3,"demolitions_2018":9,"newbuilds_2018":0,"net_2018":-9,"demolitions_2019":6,"newbuilds_2019":0,"net_2019":-6,"demolitions_2020":1,"newbuilds_2020":0,"net_2020":-1,"demolitions_2021":0,"newbuilds_2021":0,"net_2021":0,"demolitions_2022":6,"newbuilds_2022":0,"net_2022":-6,"demolitions_2023":3,"newbuilds_2023":0,"net_2023":-3,"demolitions_2024":20,"newbuilds_2024":0,"net_2024":-20,"demolitions_2025":5,"newbuilds_2025":0,"net_2025":-5,"demolitions_2026":0,"newbuilds_2026":0,"net_2026":0},"geometry":{"type":"Polygon","coordinates":[[[-83.036425,42.423526],[-83.036425,42.427728],[-83.041315,42.429829],[-83.046205,42.427728],[-83.046205,42.423526],[-83.041315,42.421426],[-83.036425,42.423526]]]}},{"type":"Feature","properties":{"id":372,"q":0,"r":13,"demolitions_2014":2,"newbuilds_2014":0,"net_2014":-2,"demolitions_2015":2,"newbuilds_2015":0,"net_2015":-2,"demolitions_2016":2,"newbuilds_2016":0,"net_2016":-2,"demolitions_2017":1,"newbuilds_2017":0,"net_2017":-1,"demolitions_2018":5,"newbuilds_2018":0,"net_2018":-5,"demolitions_2019":5,"newbuilds_2019":0,"net_2019":-5,"demolitions_2020":0,"newbuilds_2020":0,"net_2020":0,"demolitions_2021":0,"newbuilds_2021":0,"net_2021":0,"demolitions_2022":2,"newbuilds_2022":0,"net_2022":-2,"demolitions_2023":6,"newbuilds_2023":0,"net_2023":-6,"demolitions_2024":2,"newbuilds_2024":0,"net_2024":-2,"demolitions_2025":2,"newbuilds_2025":0,"net_2025":-2,"demolitions_2026":1,"newbuilds_2026":0,"net_2026":-1},"geometry":{"type":"Polygon","coordinates":[[[-83.031534,42.429829],[-83.031534,42.43403],[-83.036425,42.436131],[-83.041315,42.43403],[-83.041315,42.429829],[-83.036425,42.427728],[-83.031534,42.429829]]]}},{"type":"Feature","properties":{"id":373,"q":0,"r":14,"demolitions_2014":22,"newbuilds_2014":0,"net_2014":-22,"demolitions_2015":10,"newbuilds_2015":0,"net_2015":-10,"demolitions_2016":6,"newbuilds_2016":0,"net_2016":-6,"demolitions_2017":8,"newbuilds_2017":0,"net_2017":-8,"demolitions_2018":4,"newbuilds_2018":0,"net_2018":-4,"demolitions_2019":22,"newbuilds_2019":0,"net_2019":-22,"demolitions_2020":0,"newbuilds_2020":0,"net_2020":0,"demolitions_2021":1,"newbuilds_2021":0,"net_2021":-1,"demolitions_2022":2,"newbuilds_2022":0,"net_2022":-2,"demolitions_2023":3,"newbuilds_2023":0,"net_2023":-3,"demolitions_2024":2,"newbuilds_2024":0,"net_2024":-2,"demolitions_2025":1,"newbuilds_2025":0,"net_2025":-1,"demolitions_2026":0,"newbuilds_2026":0,"net_2026":0},"geometry":{"type":"Polygon","coordinates":[[[-83.026644,42.436131],[-83.026644,42.440332],[-83.031534,42.442433],[-83.036425,42.440332],[-83.036425,42.436131],[-83.031534,42.43403],[-83.026644,42.436131]]]}},{"type":"Feature","properties":{"id":374,"q":0,"r":15,"demolitions_2014":4,"newbuilds_2014":0,"net_2014":-4,"demolitions_2015":0,"newbuilds_2015":0,"net_2015":0,"demolitions_2016":4,"newbuilds_2016":0,"net_2016":-4,"demolitions_2017":5,"newbuilds_2017":0,"net_2017":-5,"demolitions_2018":4,"newbuilds_2018":0,"net_2018":-4,"demolitions_2019":5,"newbuilds_2019":0,"net_2019":-5,"demolitions_2020":0,"newbuilds_2020":0,"net_2020":0,"demolitions_2021":0,"newbuilds_2021":0,"net_2021":0,"demolitions_2022":0,"newbuilds_2022":0,"net_2022":0,"demolitions_2023":2,"newbuilds_2023":0,"net_2023":-2,"demolitions_2024":2,"newbuilds_2024":0,"net_2024":-2,"demolitions_2025":1,"newbuilds_2025":0,"net_2025":-1,"demolitions_2026":0,"newbuilds_2026":0,"net_2026":0},"geometry":{"type":"Polygon","coordinates":[[[-83.021753,42.442433],[-83.021753,42.446635],[-83.026644,42.448735],[-83.031534,42.446635],[-83.031534,42.442433],[-83.026644,42.440332],[-83.021753,42.442433]]]}},{"type":"Feature","properties":{"id":375,"q":1,"r":-14,"demolitions_2014":0,"newbuilds_2014":0,"net_2014":0,"demolitions_2015":27,"newbuilds_2015":0,"net_2015":-27,"demolitions_2016":8,"newbuilds_2016":0,"net_2016":-8,"demolitions_2017":0,"newbuilds_2017":0,"net_2017":0,"demolitions_2018":2,"newbuilds_2018":0,"net_2018":-2,"demolitions_2019":13,"newbuilds_2019":0,"net_2019":-13,"demolitions_2020":2,"newbuilds_2020":0,"net_2020":-2,"demolitions_2021":2,"newbuilds_2021":0,"net_2021":-2,"demolitions_2022":1,"newbuilds_2022":0,"net_2022":-1,"demolitions_2023":0,"newbuilds_2023":0,"net_2023":0,"demolitions_2024":2,"newbuilds_2024":0,"net_2024":-2,"demolitions_2025":2,"newbuilds_2025":0,"net_2025":-2,"demolitions_2026":0,"newbuilds_2026":0,"net_2026":0},"geometry":{"type":"Polygon","coordinates":[[[-83.153795,42.259668],[-83.153795,42.263869],[-83.158685,42.26597],[-83.163575,42.263869],[-83.163575,42.259668],[-83.158685,42.257567],[-83.153795,42.259668]]]}},{"type":"Feature","properties":{"id":376,"q":1,"r":-13,"demolitions_2014":0,"newbuilds_2014":0,"net_2014":0,"demolitions_2015":10,"newbuilds_2015":0,"net_2015":-10,"demolitions_2016":4,"newbuilds_2016":0,"net_2016":-4,"demolitions_2017":0,"newbuilds_2017":0,"net_2017":0,"demolitions_2018":1,"newbuilds_2018":0,"net_2018":-1,"demolitions_2019":2,"newbuilds_2019":0,"net_2019":-2,"demolitions_2020":2,"newbuilds_2020":0,"net_2020":-2,"demolitions_2021":2,"newbuilds_2021":0,"net_2021":-2,"demolitions_2022":1,"newbuilds_2022":0,"net_2022":-1,"demolitions_2023":1,"newbuilds_2023":1,"net_2023":0,"demolitions_2024":0,"newbuilds_2024":0,"net_2024":0,"demolitions_2025":1,"newbuilds_2025":0,"net_2025":-1,"demolitions_2026":0,"newbuilds_2026":0,"net_2026":0},"geometry":{"type":"Polygon","coordinates":[[[-83.148904,42.26597],[-83.148904,42.270171],[-83.153795,42.272272],[-83.158685,42.270171],[-83.158685,42.26597],[-83.153795,42.263869],[-83.148904,42.26597]]]}},{"type":"Feature","properties":{"id":377,"q":1,"r":-12,"demolitions_2014":1,"newbuilds_2014":0,"net_2014":-1,"demolitions_2015":13,"newbuilds_2015":0,"net_2015":-13,"demolitions_2016":6,"newbuilds_2016":0,"net_2016":-6,"demolitions_2017":1,"newbuilds_2017":0,"net_2017":-1,"demolitions_2018":2,"newbuilds_2018":0,"net_2018":-2,"demolitions_2019":1,"newbuilds_2019":1,"net_2019":0,"demolitions_2020":0,"newbuilds_2020":0,"net_2020":0,"demolitions_2021":2,"newbuilds_2021":0,"net_2021":-2,"demolitions_2022":2,"newbuilds_2022":0,"net_2022":-2,"demolitions_2023":0,"newbuilds_2023":0,"net_2023":0,"demolitions_2024":0,"newbuilds_2024":0,"net_2024":0,"demolitions_2025":2,"newbuilds_2025":0,"net_2025":-2,"demolitions_2026":0,"newbuilds_2026":0,"net_2026":0},"geometry":{"type":"Polygon","coordinates":[[[-83.144014,42.272272],[-83.144014,42.276474],[-83.148904,42.278574],[-83.153795,42.276474],[-83.153795,42.272272],[-83.148904,42.270171],[-83.144014,42.272272]]]}},{"type":"Feature","properties":{"id":378,"q":1,"r":-11,"demolitions_2014":2,"newbuilds_2014":0,"net_2014":-2,"demolitions_2015":16,"newbuilds_2015":0,"net_2015":-16,"demolitions_2016":9,"newbuilds_2016":0,"net_2016":-9,"demolitions_2017":1,"newbuilds_2017":0,"net_2017":-1,"demolitions_2018":0,"newbuilds_2018":0,"net_2018":0,"demolitions_2019":2,"newbuilds_2019":0,"net_2019":-2,"demolitions_2020":0,"newbuilds_2020":0,"net_2020":0,"demolitions_2021":4,"newbuilds_2021":0,"net_2021":-4,"demolitions_2022":4,"newbuilds_2022":0,"net_2022":-4,"demolitions_2023":1,"newbuilds_2023":0,"net_2023":-1,"demolitions_2024":1,"newbuilds_2024":0,"net_2024":-1,"demolitions_2025":2,"newbuilds_2025":0,"net_2025":-2,"demolitions_2026":0,"newbuilds_2026":0,"net_2026":0},"geometry":{"type":"Polygon","coordinates":[[[-83.139123,42.278574],[-83.139123,42.282776],[-83.144014,42.284877],[-83.148904,42.282776],[-83.148904,42.278574],[-83.144014,42.276474],[-83.139123,42.278574]]]}},{"type":"Feature","properties":{"id":379,"q":1,"r":-10,"demolitions_2014":1,"newbuilds_2014":0,"net_2014":-1,"demolitions_2015":0,"newbuilds_2015":0,"net_2015":0,"demolitions_2016":0,"newbuilds_2016":0,"net_2016":0,"demolitions_2017":0,"newbuilds_2017":0,"net_2017":0,"demolitions_2018":0,"newbuilds_2018":0,"net_2018":0,"demolitions_2019":0,"newbuilds_2019":1,"net_2019":1,"demolitions_2020":0,"newbuilds_2020":0,"net_2020":0,"demolitions_2021":0,"newbuilds_2021":0,"net_2021":0,"demolitions_2022":2,"newbuilds_2022":0,"net_2022":-2,"demolitions_2023":0,"newbuilds_2023":0,"net_2023":0,"demolitions_2024":0,"newbuilds_2024":0,"net_2024":0,"demolitions_2025":0,"newbuilds_2025":0,"net_2025":0,"demolitions_2026":0,"newbuilds_2026":0,"net_2026":0},"geometry":{"type":"Polygon","coordinates":[[[-83.134233,42.284877],[-83.134233,42.289078],[-83.139123,42.291179],[-83.144014,42.289078],[-83.144014,42.284877],[-83.139123,42.282776],[-83.134233,42.284877]]]}},{"type":"Feature","properties":{"id":380,"q":1,"r":-9,"demolitions_2014":4,"newbuilds_2014":0,"net_2014":-4,"demolitions_2015":0,"newbuilds_2015":0,"net_2015":0,"demolitions_2016":3,"newbuilds_2016":0,"net_2016":-3,"demolitions_2017":0,"newbuilds_2017":0,"net_2017":0,"demolitions_2018":1,"newbuilds_2018":0,"net_2018":-1,"demolitions_2019":2,"newbuilds_2019":0,"net_2019":-2,"demolitions_2020":9,"newbuilds_2020":0,"net_2020":-9,"demolitions_2021":6,"newbuilds_2021":0,"net_2021":-6,"demolitions_2022":5,"newbuilds_2022":0,"net_2022":-5,"demolitions_2023":7,"newbuilds_2023":0,"net_2023":-7,"demolitions_2024":3,"newbuilds_2024":0,"net_2024":-3,"demolitions_2025":2,"newbuilds_2025":0,"net_2025":-2,"demolitions_2026":0,"newbuilds_2026":0,"net_2026":0},"geometry":{"type":"Polygon","coordinates":[[[-83.129342,42.291179],[-83.129342,42.29538],[-83.134233,42.297481],[-83.139123,42.29538],[-83.139123,42.291179],[-83.134233,42.289078],[-83.129342,42.291179]]]}},{"type":"Feature","properties":{"id":381,"q":1,"r":-8,"demolitions_2014":18,"newbuilds_2014":0,"net_2014":-18,"demolitions_2015":5,"newbuilds_2015":0,"net_2015":-5,"demolitions_2016":9,"newbuilds_2016":0,"net_2016":-9,"demolitions_2017":3,"newbuilds_2017":0,"net_2017":-3,"demolitions_2018":8,"newbuilds_2018":0,"net_2018":-8,"demolitions_2019":2,"newbuilds_2019":0,"net_2019":-2,"demolitions_2020":1,"newbuilds_2020":0,"net_2020":-1,"demolitions_2021":1,"newbuilds_2021":0,"net_2021":-1,"demolitions_2022":1,"newbuilds_2022":0,"net_2022":-1,"demolitions_2023":3,"newbuilds_2023":0,"net_2023":-3,"demolitions_2024":1,"newbuilds_2024":0,"net_2024":-1,"demolitions_2025":3,"newbuilds_2025":0,"net_2025":-3,"demolitions_2026":0,"newbuilds_2026":1,"net_2026":1},"geometry":{"type":"Polygon","coordinates":[[[-83.124452,42.297481],[-83.124452,42.301683],[-83.129342,42.303783],[-83.134233,42.301683],[-83.134233,42.297481],[-83.129342,42.29538],[-83.124452,42.297481]]]}},{"type":"Feature","properties":{"id":382,"q":1,"r":-7,"demolitions_2014":12,"newbuilds_2014":0,"net_2014":-12,"demolitions_2015":0,"newbuilds_2015":0,"net_2015":0,"demolitions_2016":13,"newbuilds_2016":0,"net_2016":-13,"demolitions_2017":10,"newbuilds_2017":0,"net_2017":-10,"demolitions_2018":3,"newbuilds_2018":0,"net_2018":-3,"demolitions_2019":2,"newbuilds_2019":0,"net_2019":-2,"demolitions_2020":0,"newbuilds_2020":0,"net_2020":0,"demolitions_2021":1,"newbuilds_2021":0,"net_2021":-1,"demolitions_2022":0,"newbuilds_2022":1,"net_2022":1,"demolitions_2023":1,"newbuilds_2023":0,"net_2023":-1,"demolitions_2024":0,"newbuilds_2024":0,"net_2024":0,"demolitions_2025":1,"newbuilds_2025":1,"net_2025":0,"demolitions_2026":0,"newbuilds_2026":1,"net_2026":1},"geometry":{"type":"Polygon","coordinates":[[[-83.119562,42.303783],[-83.119562,42.307985],[-83.124452,42.310086],[-83.129342,42.307985],[-83.129342,42.303783],[-83.124452,42.301683],[-83.119562,42.303783]]]}},{"type":"Feature","properties":{"id":383,"q":1,"r":-6,"demolitions_2014":11,"newbuilds_2014":0,"net_2014":-11,"demolitions_2015":5,"newbuilds_2015":0,"net_2015":-5,"demolitions_2016":14,"newbuilds_2016":0,"net_2016":-14,"demolitions_2017":2,"newbuilds_2017":0,"net_2017":-2,"demolitions_2018":4,"newbuilds_2018":0,"net_2018":-4,"demolitions_2019":1,"newbuilds_2019":0,"net_2019":-1,"demolitions_2020":2,"newbuilds_2020":1,"net_2020":-1,"demolitions_2021":1,"newbuilds_2021":0,"net_2021":-1,"demolitions_2022":1,"newbuilds_2022":0,"net_2022":-1,"demolitions_2023":2,"newbuilds_2023":0,"net_2023":-2,"demolitions_2024":0,"newbuilds_2024":0,"net_2024":0,"demolitions_2025":1,"newbuilds_2025":0,"net_2025":-1,"demolitions_2026":0,"newbuilds_2026":0,"net_2026":0},"geometry":{"type":"Polygon","coordinates":[[[-83.114671,42.310086],[-83.114671,42.314287],[-83.119562,42.316388],[-83.124452,42.314287],[-83.124452,42.310086],[-83.119562,42.307985],[-83.114671,42.310086]]]}},{"type":"Feature","properties":{"id":384,"q":1,"r":-5,"demolitions_2014":2,"newbuilds_2014":0,"net_2014":-2,"demolitions_2015":1,"newbuilds_2015":0,"net_2015":-1,"demolitions_2016":0,"newbuilds_2016":0,"net_2016":0,"demolitions_2017":0,"newbuilds_2017":0,"net_2017":0,"demolitions_2018":2,"newbuilds_2018":0,"net_2018":-2,"demolitions_2019":0,"newbuilds_2019":0,"net_2019":0,"demolitions_2020":0,"newbuilds_2020":0,"net_2020":0,"demolitions_2021":0,"newbuilds_2021":0,"net_2021":0,"demolitions_2022":1,"newbuilds_2022":0,"net_2022":-1,"demolitions_2023":1,"newbuilds_2023":0,"net_2023":-1,"demolitions_2024":0,"newbuilds_2024":1,"net_2024":1,"demolitions_2025":0,"newbuilds_2025":0,"net_2025":0,"demolitions_2026":0,"newbuilds_2026":0,"net_2026":0},"geometry":{"type":"Polygon","coordinates":[[[-83.109781,42.316388],[-83.109781,42.320589],[-83.114671,42.32269],[-83.119562,42.320589],[-83.119562,42.316388],[-83.114671,42.314287],[-83.109781,42.316388]]]}},{"type":"Feature","properties":{"id":385,"q":1,"r":-4,"demolitions_2014":1,"newbuilds_2014":0,"net_2014":-1,"demolitions_2015":0,"newbuilds_2015":0,"net_2015":0,"demolitions_2016":3,"newbuilds_2016":0,"net_2016":-3,"demolitions_2017":3,"newbuilds_2017":0,"net_2017":-3,"demolitions_2018":4,"newbuilds_2018":0,"net_2018":-4,"demolitions_2019":0,"newbuilds_2019":0,"net_2019":0,"demolitions_2020":1,"newbuilds_2020":0,"net_2020":-1,"demolitions_2021":0,"newbuilds_2021":0,"net_2021":0,"demolitions_2022":1,"newbuilds_2022":0,"net_2022":-1,"demolitions_2023":1,"newbuilds_2023":0,"net_2023":-1,"demolitions_2024":0,"newbuilds_2024":1,"net_2024":1,"demolitions_2025":0,"newbuilds_2025":0,"net_2025":0,"demolitions_2026":0,"newbuilds_2026":0,"net_2026":0},"geometry":{"type":"Polygon","coordinates":[[[-83.10489,42.32269],[-83.10489,42.326892],[-83.109781,42.328992],[-83.114671,42.326892],[-83.114671,42.32269],[-83.109781,42.320589],[-83.10489,42.32269]]]}},{"type":"Feature","properties":{"id":386,"q":1,"r":-3,"demolitions_2014":2,"newbuilds_2014":0,"net_2014":-2,"demolitions_2015":8,"newbuilds_2015":0,"net_2015":-8,"demolitions_2016":4,"newbuilds_2016":0,"net_2016":-4,"demolitions_2017":2,"newbuilds_2017":0,"net_2017":-2,"demolitions_2018":1,"newbuilds_2018":0,"net_2018":-1,"demolitions_2019":3,"newbuilds_2019":0,"net_2019":-3,"demolitions_2020":2,"newbuilds_2020":0,"net_2020":-2,"demolitions_2021":1,"newbuilds_2021":0,"net_2021":-1,"demolitions_2022":3,"newbuilds_2022":0,"net_2022":-3,"demolitions_2023":1,"newbuilds_2023":0,"net_2023":-1,"demolitions_2024":4,"newbuilds_2024":1,"net_2024":-3,"demolitions_2025":1,"newbuilds_2025":0,"net_2025":-1,"demolitions_2026":0,"newbuilds_2026":0,"net_2026":0},"geometry":{"type":"Polygon","coordinates":[[[-83.1,42.328992],[-83.1,42.333194],[-83.10489,42.335295],[-83.109781,42.333194],[-83.109781,42.328992],[-83.10489,42.326892],[-83.1,42.328992]]]}},{"type":"Feature","properties":{"id":387,"q":1,"r":-2,"demolitions_2014":3,"newbuilds_2014":0,"net_2014":-3,"demolitions_2015":17,"newbuilds_2015":0,"net_2015":-17,"demolitions_2016":9,"newbuilds_2016":0,"net_2016":-9,"demolitions_2017":7,"newbuilds_2017":0,"net_2017":-7,"demolitions_2018":5,"newbuilds_2018":0,"net_2018":-5,"demolitions_2019":1,"newbuilds_2019":0,"net_2019":-1,"demolitions_2020":2,"newbuilds_2020":0,"net_2020":-2,"demolitions_2021":0,"newbuilds_2021":0,"net_2021":0,"demolitions_2022":2,"newbuilds_2022":0,"net_2022":-2,"demolitions_2023":3,"newbuilds_2023":0,"net_2023":-3,"demolitions_2024":1,"newbuilds_2024":0,"net_2024":-1,"demolitions_2025":2,"newbuilds_2025":0,"net_2025":-2,"demolitions_2026":0,"newbuilds_2026":0,"net_2026":0},"geometry":{"type":"Polygon","coordinates":[[[-83.09511,42.335295],[-83.09511,42.339496],[-83.1,42.341597],[-83.10489,42.339496],[-83.10489,42.335295],[-83.1,42.333194],[-83.09511,42.335295]]]}},{"type":"Feature","properties":{"id":388,"q":1,"r":-1,"demolitions_2014":6,"newbuilds_2014":0,"net_2014":-6,"demolitions_2015":7,"newbuilds_2015":0,"net_2015":-7,"demolitions_2016":8,"newbuilds_2016":0,"net_2016":-8,"demolitions_2017":4,"newbuilds_2017":0,"net_2017":-4,"demolitions_2018":4,"newbuilds_2018":0,"net_2018":-4,"demolitions_2019":5,"newbuilds_2019":0,"net_2019":-5,"demolitions_2020":0,"newbuilds_2020":0,"net_2020":0,"demolitions_2021":2,"newbuilds_2021":0,"net_2021":-2,"demolitions_2022":2,"newbuilds_2022":1,"net_2022":-1,"demolitions_2023":9,"newbuilds_2023":0,"net_2023":-9,"demolitions_2024":3,"newbuilds_2024":0,"net_2024":-3,"demolitions_2025":3,"newbuilds_2025":0,"net_2025":-3,"demolitions_2026":1,"newbuilds_2026":0,"net_2026":-1},"geometry":{"type":"Polygon","coordinates":[[[-83.090219,42.341597],[-83.090219,42.345798],[-83.09511,42.347899],[-83.1,42.345798],[-83.1,42.341597],[-83.09511,42.339496],[-83.090219,42.341597]]]}},{"type":"Feature","properties":{"id":389,"q":1,"r":0,"demolitions_2014":0,"newbuilds_2014":0,"net_2014":0,"demolitions_2015":4,"newbuilds_2015":0,"net_2015":-4,"demolitions_2016":1,"newbuilds_2016":0,"net_2016":-1,"demolitions_2017":2,"newbuilds_2017":0,"net_2017":-2,"demolitions_2018":4,"newbuilds_2018":0,"net_2018":-4,"demolitions_2019":1,"newbuilds_2019":0,"net_2019":-1,"demolitions_2020":1,"newbuilds_2020":0,"net_2020":-1,"demolitions_2021":1,"newbuilds_2021":0,"net_2021":-1,"demolitions_2022":0,"newbuilds_2022":1,"net_2022":1,"demolitions_2023":6,"newbuilds_2023":1,"net_2023":-5,"demolitions_2024":0,"newbuilds_2024":0,"net_2024":0,"demolitions_2025":1,"newbuilds_2025":1,"net_2025":0,"demolitions_2026":0,"newbuilds_2026":1,"net_2026":1},"geometry":{"type":"Polygon","coordinates":[[[-83.085329,42.347899],[-83.085329,42.352101],[-83.090219,42.354202],[-83.09511,42.352101],[-83.09511,42.347899],[-83.090219,42.345798],[-83.085329,42.347899]]]}},{"type":"Feature","properties":{"id":390,"q":1,"r":1,"demolitions_2014":0,"newbuilds_2014":0,"net_2014":0,"demolitions_2015":0,"newbuilds_2015":0,"net_2015":0,"demolitions_2016":0,"newbuilds_2016":0,"net_2016":0,"demolitions_2017":0,"newbuilds_2017":0,"net_2017":0,"demolitions_2018":0,"newbuilds_2018":0,"net_2018":0,"demolitions_2019":0,"newbuilds_2019":0,"net_2019":0,"demolitions_2020":0,"newbuilds_2020":0,"net_2020":0,"demolitions_2021":1,"newbuilds_2021":0,"net_2021":-1,"demolitions_2022":4,"newbuilds_2022":0,"net_2022":-4,"demolitions_2023":0,"newbuilds_2023":2,"net_2023":2,"demolitions_2024":4,"newbuilds_2024":0,"net_2024":-4,"demolitions_2025":0,"newbuilds_2025":9,"net_2025":9,"demolitions_2026":0,"newbuilds_2026":0,"net_2026":0},"geometry":{"type":"Polygon","coordinates":[[[-83.080438,42.354202],[-83.080438,42.358403],[-83.085329,42.360504],[-83.090219,42.358403],[-83.090219,42.354202],[-83.085329,42.352101],[-83.080438,42.354202]]]}},{"type":"Feature","properties":{"id":391,"q":1,"r":2,"demolitions_2014":0,"newbuilds_2014":0,"net_2014":0,"demolitions_2015":1,"newbuilds_2015":0,"net_2015":-1,"demolitions_2016":0,"newbuilds_2016":0,"net_2016":0,"demolitions_2017":0,"newbuilds_2017":0,"net_2017":0,"demolitions_2018":0,"newbuilds_2018":0,"net_2018":0,"demolitions_2019":0,"newbuilds_2019":0,"net_2019":0,"demolitions_2020":0,"newbuilds_2020":0,"net_2020":0,"demolitions_2021":0,"newbuilds_2021":0,"net_2021":0,"demolitions_2022":0,"newbuilds_2022":0,"net_2022":0,"demolitions_2023":0,"newbuilds_2023":0,"net_2023":0,"demolitions_2024":0,"newbuilds_2024":2,"net_2024":2,"demolitions_2025":0,"newbuilds_2025":3,"net_2025":3,"demolitions_2026":0,"newbuilds_2026":0,"net_2026":0},"geometry":{"type":"Polygon","coordinates":[[[-83.075548,42.360504],[-83.075548,42.364705],[-83.080438,42.366806],[-83.085329,42.364705],[-83.085329,42.360504],[-83.080438,42.358403],[-83.075548,42.360504]]]}},{"type":"Feature","properties":{"id":392,"q":1,"r":3,"demolitions_2014":0,"newbuilds_2014":0,"net_2014":0,"demolitions_2015":0,"newbuilds_2015":0,"net_2015":0,"demolitions_2016":0,"newbuilds_2016":0,"net_2016":0,"demolitions_2017":0,"newbuilds_2017":0,"net_2017":0,"demolitions_2018":0,"newbuilds_2018":0,"net_2018":0,"demolitions_2019":0,"newbuilds_2019":2,"net_2019":2,"demolitions_2020":0,"newbuilds_2020":1,"net_2020":1,"demolitions_2021":0,"newbuilds_2021":0,"net_2021":0,"demolitions_2022":0,"newbuilds_2022":0,"net_2022":0,"demolitions_2023":0,"newbuilds_2023":0,"net_2023":0,"demolitions_2024":0,"newbuilds_2024":0,"net_2024":0,"demolitions_2025":2,"newbuilds_2025":0,"net_2025":-2,"demolitions_2026":0,"newbuilds_2026":0,"net_2026":0},"geometry":{"type":"Polygon","coordinates":[[[-83.070658,42.366806],[-83.070658,42.371008],[-83.075548,42.373108],[-83.080438,42.371008],[-83.080438,42.366806],[-83.075548,42.364705],[-83.070658,42.366806]]]}},{"type":"Feature","properties":{"id":393,"q":1,"r":4,"demolitions_2014":38,"newbuilds_2014":0,"net_2014":-38,"demolitions_2015":2,"newbuilds_2015":0,"net_2015":-2,"demolitions_2016":9,"newbuilds_2016":0,"net_2016":-9,"demolitions_2017":6,"newbuilds_2017":0,"net_2017":-6,"demolitions_2018":1,"newbuilds_2018":0,"net_2018":-1,"demolitions_2019":0,"newbuilds_2019":3,"net_2019":3,"demolitions_2020":0,"newbuilds_2020":0,"net_2020":0,"demolitions_2021":0,"newbuilds_2021":3,"net_2021":3,"demolitions_2022":0,"newbuilds_2022":2,"net_2022":2,"demolitions_2023":1,"newbuilds_2023":3,"net_2023":2,"demolitions_2024":1,"newbuilds_2024":0,"net_2024":-1,"demolitions_2025":0,"newbuilds_2025":4,"net_2025":4,"demolitions_2026":0,"newbuilds_2026":2,"net_2026":2},"geometry":{"type":"Polygon","coordinates":[[[-83.065767,42.373108],[-83.065767,42.37731],[-83.070658,42.379411],[-83.075548,42.37731],[-83.075548,42.373108],[-83.070658,42.371008],[-83.065767,42.373108]]]}},{"type":"Feature","properties":{"id":394,"q":1,"r":5,"demolitions_2014":15,"newbuilds_2014":0,"net_2014":-15,"demolitions_2015":4,"newbuilds_2015":0,"net_2015":-4,"demolitions_2016":10,"newbuilds_2016":0,"net_2016":-10,"demolitions_2017":4,"newbuilds_2017":0,"net_2017":-4,"demolitions_2018":4,"newbuilds_2018":0,"net_2018":-4,"demolitions_2019":1,"newbuilds_2019":0,"net_2019":-1,"demolitions_2020":0,"newbuilds_2020":1,"net_2020":1,"demolitions_2021":0,"newbuilds_2021":0,"net_2021":0,"demolitions_2022":0,"newbuilds_2022":0,"net_2022":0,"demolitions_2023":0,"newbuilds_2023":0,"net_2023":0,"demolitions_2024":1,"newbuilds_2024":0,"net_2024":-1,"demolitions_2025":3,"newbuilds_2025":0,"net_2025":-3,"demolitions_2026":0,"newbuilds_2026":0,"net_2026":0},"geometry":{"type":"Polygon","coordinates":[[[-83.060877,42.379411],[-83.060877,42.383612],[-83.065767,42.385713],[-83.070658,42.383612],[-83.070658,42.379411],[-83.065767,42.37731],[-83.060877,42.379411]]]}},{"type":"Feature","properties":{"id":395,"q":1,"r":6,"demolitions_2014":0,"newbuilds_2014":0,"net_2014":0,"demolitions_2015":0,"newbuilds_2015":0,"net_2015":0,"demolitions_2016":0,"newbuilds_2016":0,"net_2016":0,"demolitions_2017":0,"newbuilds_2017":0,"net_2017":0,"demolitions_2018":0,"newbuilds_2018":0,"net_2018":0,"demolitions_2019":0,"newbuilds_2019":1,"net_2019":1,"demolitions_2020":0,"newbuilds_2020":1,"net_2020":1,"demolitions_2021":0,"newbuilds_2021":0,"net_2021":0,"demolitions_2022":0,"newbuilds_2022":0,"net_2022":0,"demolitions_2023":0,"newbuilds_2023":0,"net_2023":0,"demolitions_2024":0,"newbuilds_2024":0,"net_2024":0,"demolitions_2025":0,"newbuilds_2025":0,"net_2025":0,"demolitions_2026":0,"newbuilds_2026":0,"net_2026":0},"geometry":{"type":"Polygon","coordinates":[[[-83.055986,42.385713],[-83.055986,42.389914],[-83.060877,42.392015],[-83.065767,42.389914],[-83.065767,42.385713],[-83.060877,42.383612],[-83.055986,42.385713]]]}},{"type":"Feature","properties":{"id":396,"q":1,"r":9,"demolitions_2014":5,"newbuilds_2014":0,"net_2014":-5,"demolitions_2015":6,"newbuilds_2015":0,"net_2015":-6,"demolitions_2016":1,"newbuilds_2016":0,"net_2016":-1,"demolitions_2017":2,"newbuilds_2017":0,"net_2017":-2,"demolitions_2018":0,"newbuilds_2018":0,"net_2018":0,"demolitions_2019":1,"newbuilds_2019":0,"net_2019":-1,"demolitions_2020":0,"newbuilds_2020":0,"net_2020":0,"demolitions_2021":0,"newbuilds_2021":0,"net_2021":0,"demolitions_2022":0,"newbuilds_2022":0,"net_2022":0,"demolitions_2023":0,"newbuilds_2023":0,"net_2023":0,"demolitions_2024":0,"newbuilds_2024":0,"net_2024":0,"demolitions_2025":0,"newbuilds_2025":0,"net_2025":0,"demolitions_2026":0,"newbuilds_2026":0,"net_2026":0},"geometry":{"type":"Polygon","coordinates":[[[-83.041315,42.40462],[-83.041315,42.408821],[-83.046205,42.410922],[-83.051096,42.408821],[-83.051096,42.40462],[-83.046205,42.402519],[-83.041315,42.40462]]]}},{"type":"Feature","properties":{"id":397,"q":1,"r":10,"demolitions_2014":3,"newbuilds_2014":0,"net_2014":-3,"demolitions_2015":15,"newbuilds_2015":0,"net_2015":-15,"demolitions_2016":17,"newbuilds_2016":0,"net_2016":-17,"demolitions_2017":7,"newbuilds_2017":0,"net_2017":-7,"demolitions_2018":4,"newbuilds_2018":0,"net_2018":-4,"demolitions_2019":8,"newbuilds_2019":0,"net_2019":-8,"demolitions_2020":3,"newbuilds_2020":0,"net_2020":-3,"demolitions_2021":0,"newbuilds_2021":0,"net_2021":0,"demolitions_2022":1,"newbuilds_2022":0,"net_2022":-1,"demolitions_2023":2,"newbuilds_2023":0,"net_2023":-2,"demolitions_2024":2,"newbuilds_2024":0,"net_2024":-2,"demolitions_2025":0,"newbuilds_2025":0,"net_2025":0,"demolitions_2026":0,"newbuilds_2026":0,"net_2026":0},"geometry":{"type":"Polygon","coordinates":[[[-83.036425,42.410922],[-83.036425,42.415123],[-83.041315,42.417224],[-83.046205,42.415123],[-83.046205,42.410922],[-83.041315,42.408821],[-83.036425,42.410922]]]}},{"type":"Feature","properties":{"id":398,"q":1,"r":11,"demolitions_2014":1,"newbuilds_2014":0,"net_2014":-1,"demolitions_2015":5,"newbuilds_2015":0,"net_2015":-5,"demolitions_2016":4,"newbuilds_2016":0,"net_2016":-4,"demolitions_2017":3,"newbuilds_2017":0,"net_2017":-3,"demolitions_2018":2,"newbuilds_2018":0,"net_2018":-2,"demolitions_2019":8,"newbuilds_2019":0,"net_2019":-8,"demolitions_2020":1,"newbuilds_2020":1,"net_2020":0,"demolitions_2021":0,"newbuilds_2021":0,"net_2021":0,"demolitions_2022":0,"newbuilds_2022":0,"net_2022":0,"demolitions_2023":4,"newbuilds_2023":0,"net_2023":-4,"demolitions_2024":3,"newbuilds_2024":0,"net_2024":-3,"demolitions_2025":1,"newbuilds_2025":0,"net_2025":-1,"demolitions_2026":0,"newbuilds_2026":0,"net_2026":0},"geometry":{"type":"Polygon","coordinates":[[[-83.031534,42.417224],[-83.031534,42.421426],[-83.036425,42.423526],[-83.041315,42.421426],[-83.041315,42.417224],[-83.036425,42.415123],[-83.031534,42.417224]]]}},{"type":"Feature","properties":{"id":399,"q":1,"r":12,"demolitions_2014":0,"newbuilds_2014":0,"net_2014":0,"demolitions_2015":0,"newbuilds_2015":0,"net_2015":0,"demolitions_2016":2,"newbuilds_2016":0,"net_2016":-2,"demolitions_2017":2,"newbuilds_2017":0,"net_2017":-2,"demolitions_2018":4,"newbuilds_2018":0,"net_2018":-4,"demolitions_2019":19,"newbuilds_2019":0,"net_2019":-19,"demolitions_2020":1,"newbuilds_2020":0,"net_2020":-1,"demolitions_2021":0,"newbuilds_2021":0,"net_2021":0,"demolitions_2022":4,"newbuilds_2022":0,"net_2022":-4,"demolitions_2023":2,"newbuilds_2023":0,"net_2023":-2,"demolitions_2024":4,"newbuilds_2024":1,"net_2024":-3,"demolitions_2025":1,"newbuilds_2025":1,"net_2025":0,"demolitions_2026":0,"newbuilds_2026":0,"net_2026":0},"geometry":{"type":"Polygon","coordinates":[[[-83.026644,42.423526],[-83.026644,42.427728],[-83.031534,42.429829],[-83.036425,42.427728],[-83.036425,42.423526],[-83.031534,42.421426],[-83.026644,42.423526]]]}},{"type":"Feature","properties":{"id":400,"q":1,"r":13,"demolitions_2014":9,"newbuilds_2014":0,"net_2014":-9,"demolitions_2015":8,"newbuilds_2015":0,"net_2015":-8,"demolitions_2016":3,"newbuilds_2016":0,"net_2016":-3,"demolitions_2017":17,"newbuilds_2017":0,"net_2017":-17,"demolitions_2018":11,"newbuilds_2018":0,"net_2018":-11,"demolitions_2019":61,"newbuilds_2019":0,"net_2019":-61,"demolitions_2020":3,"newbuilds_2020":0,"net_2020":-3,"demolitions_2021":1,"newbuilds_2021":0,"net_2021":-1,"demolitions_2022":3,"newbuilds_2022":0,"net_2022":-3,"demolitions_2023":18,"newbuilds_2023":0,"net_2023":-18,"demolitions_2024":12,"newbuilds_2024":0,"net_2024":-12,"demolitions_2025":12,"newbuilds_2025":0,"net_2025":-12,"demolitions_2026":0,"newbuilds_2026":0,"net_2026":0},"geometry":{"type":"Polygon","coordinates":[[[-83.021753,42.429829],[-83.021753,42.43403],[-83.026644,42.436131],[-83.031534,42.43403],[-83.031534,42.429829],[-83.026644,42.427728],[-83.021753,42.429829]]]}},{"type":"Feature","properties":{"id":401,"q":1,"r":14,"demolitions_2014":6,"newbuilds_2014":0,"net_2014":-6,"demolitions_2015":1,"newbuilds_2015":0,"net_2015":-1,"demolitions_2016":5,"newbuilds_2016":0,"net_2016":-5,"demolitions_2017":4,"newbuilds_2017":0,"net_2017":-4,"demolitions_2018":1,"newbuilds_2018":0,"net_2018":-1,"demolitions_2019":11,"newbuilds_2019":0,"net_2019":-11,"demolitions_2020":1,"newbuilds_2020":0,"net_2020":-1,"demolitions_2021":1,"newbuilds_2021":0,"net_2021":-1,"demolitions_2022":0,"newbuilds_2022":0,"net_2022":0,"demolitions_2023":2,"newbuilds_2023":0,"net_2023":-2,"demolitions_2024":0,"newbuilds_2024":0,"net_2024":0,"demolitions_2025":0,"newbuilds_2025":0,"net_2025":0,"demolitions_2026":0,"newbuilds_2026":0,"net_2026":0},"geometry":{"type":"Polygon","coordinates":[[[-83.016863,42.436131],[-83.016863,42.440332],[-83.021753,42.442433],[-83.026644,42.440332],[-83.026644,42.436131],[-83.021753,42.43403],[-83.016863,42.436131]]]}},{"type":"Feature","properties":{"id":402,"q":1,"r":15,"demolitions_2014":0,"newbuilds_2014":0,"net_2014":0,"demolitions_2015":0,"newbuilds_2015":0,"net_2015":0,"demolitions_2016":0,"newbuilds_2016":0,"net_2016":0,"demolitions_2017":1,"newbuilds_2017":0,"net_2017":-1,"demolitions_2018":0,"newbuilds_2018":0,"net_2018":0,"demolitions_2019":4,"newbuilds_2019":0,"net_2019":-4,"demolitions_2020":0,"newbuilds_2020":1,"net_2020":1,"demolitions_2021":1,"newbuilds_2021":1,"net_2021":0,"demolitions_2022":0,"newbuilds_2022":0,"net_2022":0,"demolitions_2023":0,"newbuilds_2023":1,"net_2023":1,"demolitions_2024":0,"newbuilds_2024":0,"net_2024":0,"demolitions_2025":0,"newbuilds_2025":0,"net_2025":0,"demolitions_2026":0,"newbuilds_2026":0,"net_2026":0},"geometry":{"type":"Polygon","coordinates":[[[-83.011973,42.442433],[-83.011973,42.446635],[-83.016863,42.448735],[-83.021753,42.446635],[-83.021753,42.442433],[-83.016863,42.440332],[-83.011973,42.442433]]]}},{"type":"Feature","properties":{"id":403,"q":2,"r":-10,"demolitions_2014":1,"newbuilds_2014":0,"net_2014":-1,"demolitions_2015":2,"newbuilds_2015":0,"net_2015":-2,"demolitions_2016":2,"newbuilds_2016":0,"net_2016":-2,"demolitions_2017":0,"newbuilds_2017":0,"net_2017":0,"demolitions_2018":0,"newbuilds_2018":0,"net_2018":0,"demolitions_2019":0,"newbuilds_2019":1,"net_2019":1,"demolitions_2020":0,"newbuilds_2020":0,"net_2020":0,"demolitions_2021":0,"newbuilds_2021":0,"net_2021":0,"demolitions_2022":0,"newbuilds_2022":0,"net_2022":0,"demolitions_2023":0,"newbuilds_2023":0,"net_2023":0,"demolitions_2024":0,"newbuilds_2024":0,"net_2024":0,"demolitions_2025":0,"newbuilds_2025":2,"net_2025":2,"demolitions_2026":0,"newbuilds_2026":1,"net_2026":1},"geometry":{"type":"Polygon","coordinates":[[[-83.124452,42.284877],[-83.124452,42.289078],[-83.129342,42.291179],[-83.134233,42.289078],[-83.134233,42.284877],[-83.129342,42.282776],[-83.124452,42.284877]]]}},{"type":"Feature","properties":{"id":404,"q":2,"r":-9,"demolitions_2014":7,"newbuilds_2014":0,"net_2014":-7,"demolitions_2015":16,"newbuilds_2015":0,"net_2015":-16,"demolitions_2016":6,"newbuilds_2016":0,"net_2016":-6,"demolitions_2017":0,"newbuilds_2017":0,"net_2017":0,"demolitions_2018":0,"newbuilds_2018":0,"net_2018":0,"demolitions_2019":1,"newbuilds_2019":0,"net_2019":-1,"demolitions_2020":6,"newbuilds_2020":0,"net_2020":-6,"demolitions_2021":7,"newbuilds_2021":0,"net_2021":-7,"demolitions_2022":7,"newbuilds_2022":0,"net_2022":-7,"demolitions_2023":3,"newbuilds_2023":0,"net_2023":-3,"demolitions_2024":8,"newbuilds_2024":0,"net_2024":-8,"demolitions_2025":11,"newbuilds_2025":0,"net_2025":-11,"demolitions_2026":1,"newbuilds_2026":0,"net_2026":-1},"geometry":{"type":"Polygon","coordinates":[[[-83.119562,42.291179],[-83.119562,42.29538],[-83.124452,42.297481],[-83.129342,42.29538],[-83.129342,42.291179],[-83.124452,42.289078],[-83.119562,42.291179]]]}},{"type":"Feature","properties":{"id":405,"q":2,"r":-8,"demolitions_2014":4,"newbuilds_2014":0,"net_2014":-4,"demolitions_2015":2,"newbuilds_2015":0,"net_2015":-2,"demolitions_2016":2,"newbuilds_2016":0,"net_2016":-2,"demolitions_2017":0,"newbuilds_2017":0,"net_2017":0,"demolitions_2018":0,"newbuilds_2018":0,"net_2018":0,"demolitions_2019":1,"newbuilds_2019":0,"net_2019":-1,"demolitions_2020":0,"newbuilds_2020":0,"net_2020":0,"demolitions_2021":1,"newbuilds_2021":0,"net_2021":-1,"demolitions_2022":2,"newbuilds_2022":0,"net_2022":-2,"demolitions_2023":1,"newbuilds_2023":0,"net_2023":-1,"demolitions_2024":1,"newbuilds_2024":0,"net_2024":-1,"demolitions_2025":0,"newbuilds_2025":0,"net_2025":0,"demolitions_2026":0,"newbuilds_2026":0,"net_2026":0},"geometry":{"type":"Polygon","coordinates":[[[-83.114671,42.297481],[-83.114671,42.301683],[-83.119562,42.303783],[-83.124452,42.301683],[-83.124452,42.297481],[-83.119562,42.29538],[-83.114671,42.297481]]]}},{"type":"Feature","properties":{"id":406,"q":2,"r":-7,"demolitions_2014":20,"newbuilds_2014":0,"net_2014":-20,"demolitions_2015":4,"newbuilds_2015":0,"net_2015":-4,"demolitions_2016":8,"newbuilds_2016":0,"net_2016":-8,"demolitions_2017":3,"newbuilds_2017":0,"net_2017":-3,"demolitions_2018":3,"newbuilds_2018":0,"net_2018":-3,"demolitions_2019":2,"newbuilds_2019":0,"net_2019":-2,"demolitions_2020":2,"newbuilds_2020":1,"net_2020":-1,"demolitions_2021":2,"newbuilds_2021":0,"net_2021":-2,"demolitions_2022":1,"newbuilds_2022":1,"net_2022":0,"demolitions_2023":5,"newbuilds_2023":0,"net_2023":-5,"demolitions_2024":5,"newbuilds_2024":0,"net_2024":-5,"demolitions_2025":2,"newbuilds_2025":0,"net_2025":-2,"demolitions_2026":0,"newbuilds_2026":0,"net_2026":0},"geometry":{"type":"Polygon","coordinates":[[[-83.109781,42.303783],[-83.109781,42.307985],[-83.114671,42.310086],[-83.119562,42.307985],[-83.119562,42.303783],[-83.114671,42.301683],[-83.109781,42.303783]]]}},{"type":"Feature","properties":{"id":407,"q":2,"r":-6,"demolitions_2014":12,"newbuilds_2014":0,"net_2014":-12,"demolitions_2015":3,"newbuilds_2015":0,"net_2015":-3,"demolitions_2016":12,"newbuilds_2016":0,"net_2016":-12,"demolitions_2017":2,"newbuilds_2017":0,"net_2017":-2,"demolitions_2018":4,"newbuilds_2018":0,"net_2018":-4,"demolitions_2019":2,"newbuilds_2019":0,"net_2019":-2,"demolitions_2020":2,"newbuilds_2020":0,"net_2020":-2,"demolitions_2021":1,"newbuilds_2021":0,"net_2021":-1,"demolitions_2022":1,"newbuilds_2022":0,"net_2022":-1,"demolitions_2023":2,"newbuilds_2023":0,"net_2023":-2,"demolitions_2024":0,"newbuilds_2024":0,"net_2024":0,"demolitions_2025":1,"newbuilds_2025":0,"net_2025":-1,"demolitions_2026":0,"newbuilds_2026":0,"net_2026":0},"geometry":{"type":"Polygon","coordinates":[[[-83.10489,42.310086],[-83.10489,42.314287],[-83.109781,42.316388],[-83.114671,42.314287],[-83.114671,42.310086],[-83.109781,42.307985],[-83.10489,42.310086]]]}},{"type":"Feature","properties":{"id":408,"q":2,"r":-5,"demolitions_2014":4,"newbuilds_2014":0,"net_2014":-4,"demolitions_2015":3,"newbuilds_2015":0,"net_2015":-3,"demolitions_2016":3,"newbuilds_2016":0,"net_2016":-3,"demolitions_2017":1,"newbuilds_2017":0,"net_2017":-1,"demolitions_2018":3,"newbuilds_2018":0,"net_2018":-3,"demolitions_2019":1,"newbuilds_2019":0,"net_2019":-1,"demolitions_2020":0,"newbuilds_2020":0,"net_2020":0,"demolitions_2021":1,"newbuilds_2021":1,"net_2021":0,"demolitions_2022":1,"newbuilds_2022":0,"net_2022":-1,"demolitions_2023":0,"newbuilds_2023":0,"net_2023":0,"demolitions_2024":1,"newbuilds_2024":1,"net_2024":0,"demolitions_2025":0,"newbuilds_2025":0,"net_2025":0,"demolitions_2026":0,"newbuilds_2026":0,"net_2026":0},"geometry":{"type":"Polygon","coordinates":[[[-83.1,42.316388],[-83.1,42.320589],[-83.10489,42.32269],[-83.109781,42.320589],[-83.109781,42.316388],[-83.10489,42.314287],[-83.1,42.316388]]]}},{"type":"Feature","properties":{"id":409,"q":2,"r":-4,"demolitions_2014":2,"newbuilds_2014":0,"net_2014":-2,"demolitions_2015":0,"newbuilds_2015":0,"net_2015":0,"demolitions_2016":5,"newbuilds_2016":0,"net_2016":-5,"demolitions_2017":1,"newbuilds_2017":0,"net_2017":-1,"demolitions_2018":2,"newbuilds_2018":0,"net_2018":-2,"demolitions_2019":1,"newbuilds_2019":0,"net_2019":-1,"demolitions_2020":0,"newbuilds_2020":0,"net_2020":0,"demolitions_2021":0,"newbuilds_2021":0,"net_2021":0,"demolitions_2022":1,"newbuilds_2022":0,"net_2022":-1,"demolitions_2023":0,"newbuilds_2023":0,"net_2023":0,"demolitions_2024":0,"newbuilds_2024":0,"net_2024":0,"demolitions_2025":0,"newbuilds_2025":0,"net_2025":0,"demolitions_2026":0,"newbuilds_2026":1,"net_2026":1},"geometry":{"type":"Polygon","coordinates":[[[-83.09511,42.32269],[-83.09511,42.326892],[-83.1,42.328992],[-83.10489,42.326892],[-83.10489,42.32269],[-83.1,42.320589],[-83.09511,42.32269]]]}},{"type":"Feature","properties":{"id":410,"q":2,"r":-3,"demolitions_2014":2,"newbuilds_2014":0,"net_2014":-2,"demolitions_2015":3,"newbuilds_2015":0,"net_2015":-3,"demolitions_2016":7,"newbuilds_2016":0,"net_2016":-7,"demolitions_2017":5,"newbuilds_2017":0,"net_2017":-5,"demolitions_2018":3,"newbuilds_2018":0,"net_2018":-3,"demolitions_2019":0,"newbuilds_2019":2,"net_2019":2,"demolitions_2020":0,"newbuilds_2020":0,"net_2020":0,"demolitions_2021":0,"newbuilds_2021":0,"net_2021":0,"demolitions_2022":1,"newbuilds_2022":0,"net_2022":-1,"demolitions_2023":0,"newbuilds_2023":0,"net_2023":0,"demolitions_2024":0,"newbuilds_2024":0,"net_2024":0,"demolitions_2025":1,"newbuilds_2025":1,"net_2025":0,"demolitions_2026":0,"newbuilds_2026":0,"net_2026":0},"geometry":{"type":"Polygon","coordinates":[[[-83.090219,42.328992],[-83.090219,42.333194],[-83.09511,42.335295],[-83.1,42.333194],[-83.1,42.328992],[-83.09511,42.326892],[-83.090219,42.328992]]]}},{"type":"Feature","properties":{"id":411,"q":2,"r":-2,"demolitions_2014":1,"newbuilds_2014":0,"net_2014":-1,"demolitions_2015":6,"newbuilds_2015":0,"net_2015":-6,"demolitions_2016":3,"newbuilds_2016":0,"net_2016":-3,"demolitions_2017":4,"newbuilds_2017":0,"net_2017":-4,"demolitions_2018":2,"newbuilds_2018":0,"net_2018":-2,"demolitions_2019":1,"newbuilds_2019":0,"net_2019":-1,"demolitions_2020":0,"newbuilds_2020":0,"net_2020":0,"demolitions_2021":0,"newbuilds_2021":0,"net_2021":0,"demolitions_2022":1,"newbuilds_2022":0,"net_2022":-1,"demolitions_2023":1,"newbuilds_2023":0,"net_2023":-1,"demolitions_2024":0,"newbuilds_2024":1,"net_2024":1,"demolitions_2025":0,"newbuilds_2025":0,"net_2025":0,"demolitions_2026":0,"newbuilds_2026":1,"net_2026":1},"geometry":{"type":"Polygon","coordinates":[[[-83.085329,42.335295],[-83.085329,42.339496],[-83.090219,42.341597],[-83.09511,42.339496],[-83.09511,42.335295],[-83.090219,42.333194],[-83.085329,42.335295]]]}},{"type":"Feature","properties":{"id":412,"q":2,"r":-1,"demolitions_2014":5,"newbuilds_2014":0,"net_2014":-5,"demolitions_2015":4,"newbuilds_2015":0,"net_2015":-4,"demolitions_2016":4,"newbuilds_2016":0,"net_2016":-4,"demolitions_2017":5,"newbuilds_2017":0,"net_2017":-5,"demolitions_2018":6,"newbuilds_2018":0,"net_2018":-6,"demolitions_2019":1,"newbuilds_2019":2,"net_2019":1,"demolitions_2020":1,"newbuilds_2020":0,"net_2020":-1,"demolitions_2021":1,"newbuilds_2021":1,"net_2021":0,"demolitions_2022":2,"newbuilds_2022":3,"net_2022":1,"demolitions_2023":1,"newbuilds_2023":3,"net_2023":2,"demolitions_2024":3,"newbuilds_2024":0,"net_2024":-3,"demolitions_2025":1,"newbuilds_2025":1,"net_2025":0,"demolitions_2026":0,"newbuilds_2026":1,"net_2026":1},"geometry":{"type":"Polygon","coordinates":[[[-83.080438,42.341597],[-83.080438,42.345798],[-83.085329,42.347899],[-83.090219,42.345798],[-83.090219,42.341597],[-83.085329,42.339496],[-83.080438,42.341597]]]}},{"type":"Feature","properties":{"id":413,"q":2,"r":0,"demolitions_2014":0,"newbuilds_2014":0,"net_2014":0,"demolitions_2015":0,"newbuilds_2015":0,"net_2015":0,"demolitions_2016":1,"newbuilds_2016":0,"net_2016":-1,"demolitions_2017":1,"newbuilds_2017":0,"net_2017":-1,"demolitions_2018":0,"newbuilds_2018":0,"net_2018":0,"demolitions_2019":1,"newbuilds_2019":3,"net_2019":2,"demolitions_2020":0,"newbuilds_2020":0,"net_2020":0,"demolitions_2021":0,"newbuilds_2021":1,"net_2021":1,"demolitions_2022":0,"newbuilds_2022":2,"net_2022":2,"demolitions_2023":0,"newbuilds_2023":1,"net_2023":1,"demolitions_2024":0,"newbuilds_2024":0,"net_2024":0,"demolitions_2025":0,"newbuilds_2025":3,"net_2025":3,"demolitions_2026":0,"newbuilds_2026":4,"net_2026":4},"geometry":{"type":"Polygon","coordinates":[[[-83.075548,42.347899],[-83.075548,42.352101],[-83.080438,42.354202],[-83.085329,42.352101],[-83.085329,42.347899],[-83.080438,42.345798],[-83.075548,42.347899]]]}},{"type":"Feature","properties":{"id":414,"q":2,"r":1,"demolitions_2014":0,"newbuilds_2014":0,"net_2014":0,"demolitions_2015":0,"newbuilds_2015":0,"net_2015":0,"demolitions_2016":0,"newbuilds_2016":0,"net_2016":0,"demolitions_2017":0,"newbuilds_2017":0,"net_2017":0,"demolitions_2018":0,"newbuilds_2018":0,"net_2018":0,"demolitions_2019":0,"newbuilds_2019":0,"net_2019":0,"demolitions_2020":0,"newbuilds_2020":0,"net_2020":0,"demolitions_2021":0,"newbuilds_2021":0,"net_2021":0,"demolitions_2022":0,"newbuilds_2022":0,"net_2022":0,"demolitions_2023":0,"newbuilds_2023":0,"net_2023":0,"demolitions_2024":0,"newbuilds_2024":0,"net_2024":0,"demolitions_2025":0,"newbuilds_2025":0,"net_2025":0,"demolitions_2026":0,"newbuilds_2026":0,"net_2026":0},"geometry":{"type":"Polygon","coordinates":[[[-83.070658,42.354202],[-83.070658,42.358403],[-83.075548,42.360504],[-83.080438,42.358403],[-83.080438,42.354202],[-83.075548,42.352101],[-83.070658,42.354202]]]}},{"type":"Feature","properties":{"id":415,"q":2,"r":2,"demolitions_2014":0,"newbuilds_2014":0,"net_2014":0,"demolitions_2015":0,"newbuilds_2015":0,"net_2015":0,"demolitions_2016":0,"newbuilds_2016":0,"net_2016":0,"demolitions_2017":0,"newbuilds_2017":0,"net_2017":0,"demolitions_2018":0,"newbuilds_2018":0,"net_2018":0,"demolitions_2019":0,"newbuilds_2019":1,"net_2019":1,"demolitions_2020":0,"newbuilds_2020":0,"net_2020":0,"demolitions_2021":0,"newbuilds_2021":0,"net_2021":0,"demolitions_2022":0,"newbuilds_2022":0,"net_2022":0,"demolitions_2023":0,"newbuilds_2023":1,"net_2023":1,"demolitions_2024":0,"newbuilds_2024":0,"net_2024":0,"demolitions_2025":0,"newbuilds_2025":0,"net_2025":0,"demolitions_2026":0,"newbuilds_2026":0,"net_2026":0},"geometry":{"type":"Polygon","coordinates":[[[-83.065767,42.360504],[-83.065767,42.364705],[-83.070658,42.366806],[-83.075548,42.364705],[-83.075548,42.360504],[-83.070658,42.358403],[-83.065767,42.360504]]]}},{"type":"Feature","properties":{"id":416,"q":2,"r":3,"demolitions_2014":0,"newbuilds_2014":0,"net_2014":0,"demolitions_2015":0,"newbuilds_2015":0,"net_2015":0,"demolitions_2016":1,"newbuilds_2016":0,"net_2016":-1,"demolitions_2017":1,"newbuilds_2017":0,"net_2017":-1,"demolitions_2018":0,"newbuilds_2018":0,"net_2018":0,"demolitions_2019":1,"newbuilds_2019":1,"net_2019":0,"demolitions_2020":0,"newbuilds_2020":1,"net_2020":1,"demolitions_2021":0,"newbuilds_2021":0,"net_2021":0,"demolitions_2022":5,"newbuilds_2022":0,"net_2022":-5,"demolitions_2023":1,"newbuilds_2023":1,"net_2023":0,"demolitions_2024":0,"newbuilds_2024":0,"net_2024":0,"demolitions_2025":1,"newbuilds_2025":0,"net_2025":-1,"demolitions_2026":0,"newbuilds_2026":0,"net_2026":0},"geometry":{"type":"Polygon","coordinates":[[[-83.060877,42.366806],[-83.060877,42.371008],[-83.065767,42.373108],[-83.070658,42.371008],[-83.070658,42.366806],[-83.065767,42.364705],[-83.060877,42.366806]]]}},{"type":"Feature","properties":{"id":417,"q":2,"r":4,"demolitions_2014":3,"newbuilds_2014":0,"net_2014":-3,"demolitions_2015":1,"newbuilds_2015":0,"net_2015":-1,"demolitions_2016":0,"newbuilds_2016":0,"net_2016":0,"demolitions_2017":0,"newbuilds_2017":0,"net_2017":0,"demolitions_2018":1,"newbuilds_2018":0,"net_2018":-1,"demolitions_2019":0,"newbuilds_2019":0,"net_2019":0,"demolitions_2020":0,"newbuilds_2020":0,"net_2020":0,"demolitions_2021":0,"newbuilds_2021":0,"net_2021":0,"demolitions_2022":0,"newbuilds_2022":0,"net_2022":0,"demolitions_2023":0,"newbuilds_2023":0,"net_2023":0,"demolitions_2024":1,"newbuilds_2024":0,"net_2024":-1,"demolitions_2025":0,"newbuilds_2025":0,"net_2025":0,"demolitions_2026":0,"newbuilds_2026":0,"net_2026":0},"geometry":{"type":"Polygon","coordinates":[[[-83.055986,42.373108],[-83.055986,42.37731],[-83.060877,42.379411],[-83.065767,42.37731],[-83.065767,42.373108],[-83.060877,42.371008],[-83.055986,42.373108]]]}},{"type":"Feature","properties":{"id":418,"q":2,"r":5,"demolitions_2014":0,"newbuilds_2014":0,"net_2014":0,"demolitions_2015":0,"newbuilds_2015":0,"net_2015":0,"demolitions_2016":0,"newbuilds_2016":0,"net_2016":0,"demolitions_2017":0,"newbuilds_2017":0,"net_2017":0,"demolitions_2018":0,"newbuilds_2018":0,"net_2018":0,"demolitions_2019":0,"newbuilds_2019":0,"net_2019":0,"demolitions_2020":0,"newbuilds_2020":0,"net_2020":0,"demolitions_2021":0,"newbuilds_2021":0,"net_2021":0,"demolitions_2022":0,"newbuilds_2022":0,"net_2022":0,"demolitions_2023":0,"newbuilds_2023":0,"net_2023":0,"demolitions_2024":0,"newbuilds_2024":0,"net_2024":0,"demolitions_2025":0,"newbuilds_2025":0,"net_2025":0,"demolitions_2026":0,"newbuilds_2026":0,"net_2026":0},"geometry":{"type":"Polygon","coordinates":[[[-83.051096,42.379411],[-83.051096,42.383612],[-83.055986,42.385713],[-83.060877,42.383612],[-83.060877,42.379411],[-83.055986,42.37731],[-83.051096,42.379411]]]}},{"type":"Feature","properties":{"id":419,"q":2,"r":8,"demolitions_2014":0,"newbuilds_2014":0,"net_2014":0,"demolitions_2015":39,"newbuilds_2015":0,"net_2015":-39,"demolitions_2016":4,"newbuilds_2016":0,"net_2016":-4,"demolitions_2017":7,"newbuilds_2017":0,"net_2017":-7,"demolitions_2018":0,"newbuilds_2018":0,"net_2018":0,"demolitions_2019":9,"newbuilds_2019":0,"net_2019":-9,"demolitions_2020":0,"newbuilds_2020":0,"net_2020":0,"demolitions_2021":1,"newbuilds_2021":0,"net_2021":-1,"demolitions_2022":0,"newbuilds_2022":0,"net_2022":0,"demolitions_2023":0,"newbuilds_2023":0,"net_2023":0,"demolitions_2024":2,"newbuilds_2024":0,"net_2024":-2,"demolitions_2025":0,"newbuilds_2025":0,"net_2025":0,"demolitions_2026":1,"newbuilds_2026":0,"net_2026":-1},"geometry":{"type":"Polygon","coordinates":[[[-83.036425,42.398317],[-83.036425,42.402519],[-83.041315,42.40462],[-83.046205,42.402519],[-83.046205,42.398317],[-83.041315,42.396217],[-83.036425,42.398317]]]}},{"type":"Feature","properties":{"id":420,"q":2,"r":9,"demolitions_2014":0,"newbuilds_2014":0,"net_2014":0,"demolitions_2015":4,"newbuilds_2015":0,"net_2015":-4,"demolitions_2016":2,"newbuilds_2016":0,"net_2016":-2,"demolitions_2017":1,"newbuilds_2017":0,"net_2017":-1,"demolitions_2018":2,"newbuilds_2018":0,"net_2018":-2,"demolitions_2019":0,"newbuilds_2019":0,"net_2019":0,"demolitions_2020":0,"newbuilds_2020":0,"net_2020":0,"demolitions_2021":0,"newbuilds_2021":0,"net_2021":0,"demolitions_2022":0,"newbuilds_2022":0,"net_2022":0,"demolitions_2023":0,"newbuilds_2023":0,"net_2023":0,"demolitions_2024":1,"newbuilds_2024":0,"net_2024":-1,"demolitions_2025":0,"newbuilds_2025":0,"net_2025":0,"demolitions_2026":0,"newbuilds_2026":0,"net_2026":0},"geometry":{"type":"Polygon","coordinates":[[[-83.031534,42.40462],[-83.031534,42.408821],[-83.036425,42.410922],[-83.041315,42.408821],[-83.041315,42.40462],[-83.036425,42.402519],[-83.031534,42.40462]]]}},{"type":"Feature","properties":{"id":421,"q":2,"r":10,"demolitions_2014":0,"newbuilds_2014":0,"net_2014":0,"demolitions_2015":0,"newbuilds_2015":0,"net_2015":0,"demolitions_2016":0,"newbuilds_2016":0,"net_2016":0,"demolitions_2017":0,"newbuilds_2017":0,"net_2017":0,"demolitions_2018":0,"newbuilds_2018":0,"net_2018":0,"demolitions_2019":0,"newbuilds_2019":0,"net_2019":0,"demolitions_2020":0,"newbuilds_2020":0,"net_2020":0,"demolitions_2021":0,"newbuilds_2021":0,"net_2021":0,"demolitions_2022":0,"newbuilds_2022":0,"net_2022":0,"demolitions_2023":0,"newbuilds_2023":0,"net_2023":0,"demolitions_2024":0,"newbuilds_2024":0,"net_2024":0,"demolitions_2025":0,"newbuilds_2025":0,"net_2025":0,"demolitions_2026":0,"newbuilds_2026":0,"net_2026":0},"geometry":{"type":"Polygon","coordinates":[[[-83.026644,42.410922],[-83.026644,42.415123],[-83.031534,42.417224],[-83.036425,42.415123],[-83.036425,42.410922],[-83.031534,42.408821],[-83.026644,42.410922]]]}},{"type":"Feature","properties":{"id":422,"q":2,"r":11,"demolitions_2014":0,"newbuilds_2014":0,"net_2014":0,"demolitions_2015":2,"newbuilds_2015":0,"net_2015":-2,"demolitions_2016":0,"newbuilds_2016":0,"net_2016":0,"demolitions_2017":2,"newbuilds_2017":0,"net_2017":-2,"demolitions_2018":3,"newbuilds_2018":0,"net_2018":-3,"demolitions_2019":7,"newbuilds_2019":0,"net_2019":-7,"demolitions_2020":2,"newbuilds_2020":0,"net_2020":-2,"demolitions_2021":9,"newbuilds_2021":0,"net_2021":-9,"demolitions_2022":7,"newbuilds_2022":0,"net_2022":-7,"demolitions_2023":5,"newbuilds_2023":0,"net_2023":-5,"demolitions_2024":11,"newbuilds_2024":0,"net_2024":-11,"demolitions_2025":2,"newbuilds_2025":0,"net_2025":-2,"demolitions_2026":0,"newbuilds_2026":0,"net_2026":0},"geometry":{"type":"Polygon","coordinates":[[[-83.021753,42.417224],[-83.021753,42.421426],[-83.026644,42.423526],[-83.031534,42.421426],[-83.031534,42.417224],[-83.026644,42.415123],[-83.021753,42.417224]]]}},{"type":"Feature","properties":{"id":423,"q":2,"r":12,"demolitions_2014":1,"newbuilds_2014":0,"net_2014":-1,"demolitions_2015":0,"newbuilds_2015":0,"net_2015":0,"demolitions_2016":0,"newbuilds_2016":0,"net_2016":0,"demolitions_2017":1,"newbuilds_2017":0,"net_2017":-1,"demolitions_2018":1,"newbuilds_2018":0,"net_2018":-1,"demolitions_2019":11,"newbuilds_2019":0,"net_2019":-11,"demolitions_2020":2,"newbuilds_2020":0,"net_2020":-2,"demolitions_2021":0,"newbuilds_2021":0,"net_2021":0,"demolitions_2022":1,"newbuilds_2022":0,"net_2022":-1,"demolitions_2023":4,"newbuilds_2023":0,"net_2023":-4,"demolitions_2024":5,"newbuilds_2024":0,"net_2024":-5,"demolitions_2025":3,"newbuilds_2025":0,"net_2025":-3,"demolitions_2026":0,"newbuilds_2026":0,"net_2026":0},"geometry":{"type":"Polygon","coordinates":[[[-83.016863,42.423526],[-83.016863,42.427728],[-83.021753,42.429829],[-83.026644,42.427728],[-83.026644,42.423526],[-83.021753,42.421426],[-83.016863,42.423526]]]}},{"type":"Feature","properties":{"id":424,"q":2,"r":13,"demolitions_2014":2,"newbuilds_2014":0,"net_2014":-2,"demolitions_2015":1,"newbuilds_2015":0,"net_2015":-1,"demolitions_2016":3,"newbuilds_2016":0,"net_2016":-3,"demolitions_2017":1,"newbuilds_2017":0,"net_2017":-1,"demolitions_2018":4,"newbuilds_2018":0,"net_2018":-4,"demolitions_2019":20,"newbuilds_2019":0,"net_2019":-20,"demolitions_2020":1,"newbuilds_2020":0,"net_2020":-1,"demolitions_2021":1,"newbuilds_2021":0,"net_2021":-1,"demolitions_2022":0,"newbuilds_2022":0,"net_2022":0,"demolitions_2023":3,"newbuilds_2023":0,"net_2023":-3,"demolitions_2024":14,"newbuilds_2024":0,"net_2024":-14,"demolitions_2025":12,"newbuilds_2025":0,"net_2025":-12,"demolitions_2026":0,"newbuilds_2026":0,"net_2026":0},"geometry":{"type":"Polygon","coordinates":[[[-83.011973,42.429829],[-83.011973,42.43403],[-83.016863,42.436131],[-83.021753,42.43403],[-83.021753,42.429829],[-83.016863,42.427728],[-83.011973,42.429829]]]}},{"type":"Feature","properties":{"id":425,"q":2,"r":14,"demolitions_2014":33,"newbuilds_2014":0,"net_2014":-33,"demolitions_2015":14,"newbuilds_2015":0,"net_2015":-14,"demolitions_2016":8,"newbuilds_2016":0,"net_2016":-8,"demolitions_2017":12,"newbuilds_2017":0,"net_2017":-12,"demolitions_2018":16,"newbuilds_2018":0,"net_2018":-16,"demolitions_2019":3,"newbuilds_2019":0,"net_2019":-3,"demolitions_2020":0,"newbuilds_2020":0,"net_2020":0,"demolitions_2021":0,"newbuilds_2021":0,"net_2021":0,"demolitions_2022":0,"newbuilds_2022":0,"net_2022":0,"demolitions_2023":3,"newbuilds_2023":0,"net_2023":-3,"demolitions_2024":1,"newbuilds_2024":0,"net_2024":-1,"demolitions_2025":2,"newbuilds_2025":0,"net_2025":-2,"demolitions_2026":0,"newbuilds_2026":0,"net_2026":0},"geometry":{"type":"Polygon","coordinates":[[[-83.007082,42.436131],[-83.007082,42.440332],[-83.011973,42.442433],[-83.016863,42.440332],[-83.016863,42.436131],[-83.011973,42.43403],[-83.007082,42.436131]]]}},{"type":"Feature","properties":{"id":426,"q":2,"r":15,"demolitions_2014":27,"newbuilds_2014":0,"net_2014":-27,"demolitions_2015":15,"newbuilds_2015":0,"net_2015":-15,"demolitions_2016":4,"newbuilds_2016":0,"net_2016":-4,"demolitions_2017":5,"newbuilds_2017":0,"net_2017":-5,"demolitions_2018":2,"newbuilds_2018":0,"net_2018":-2,"demolitions_2019":0,"newbuilds_2019":0,"net_2019":0,"demolitions_2020":0,"newbuilds_2020":0,"net_2020":0,"demolitions_2021":1,"newbuilds_2021":0,"net_2021":-1,"demolitions_2022":0,"newbuilds_2022":0,"net_2022":0,"demolitions_2023":5,"newbuilds_2023":0,"net_2023":-5,"demolitions_2024":1,"newbuilds_2024":0,"net_2024":-1,"demolitions_2025":1,"newbuilds_2025":0,"net_2025":-1,"demolitions_2026":0,"newbuilds_2026":0,"net_2026":0},"geometry":{"type":"Polygon","coordinates":[[[-83.002192,42.442433],[-83.002192,42.446635],[-83.007082,42.448735],[-83.011973,42.446635],[-83.011973,42.442433],[-83.007082,42.440332],[-83.002192,42.442433]]]}},{"type":"Feature","properties":{"id":427,"q":3,"r":-11,"demolitions_2014":0,"newbuilds_2014":0,"net_2014":0,"demolitions_2015":0,"newbuilds_2015":0,"net_2015":0,"demolitions_2016":0,"newbuilds_2016":0,"net_2016":0,"demolitions_2017":0,"newbuilds_2017":0,"net_2017":0,"demolitions_2018":0,"newbuilds_2018":0,"net_2018":0,"demolitions_2019":0,"newbuilds_2019":0,"net_2019":0,"demolitions_2020":0,"newbuilds_2020":0,"net_2020":0,"demolitions_2021":0,"newbuilds_2021":0,"net_2021":0,"demolitions_2022":0,"newbuilds_2022":0,"net_2022":0,"demolitions_2023":0,"newbuilds_2023":0,"net_2023":0,"demolitions_2024":0,"newbuilds_2024":0,"net_2024":0,"demolitions_2025":0,"newbuilds_2025":1,"net_2025":1,"demolitions_2026":0,"newbuilds_2026":0,"net_2026":0},"geometry":{"type":"Polygon","coordinates":[[[-83.119562,42.278574],[-83.119562,42.282776],[-83.124452,42.284877],[-83.129342,42.282776],[-83.129342,42.278574],[-83.124452,42.276474],[-83.119562,42.278574]]]}},{"type":"Feature","properties":{"id":428,"q":3,"r":-9,"demolitions_2014":3,"newbuilds_2014":0,"net_2014":-3,"demolitions_2015":10,"newbuilds_2015":0,"net_2015":-10,"demolitions_2016":1,"newbuilds_2016":0,"net_2016":-1,"demolitions_2017":2,"newbuilds_2017":0,"net_2017":-2,"demolitions_2018":3,"newbuilds_2018":0,"net_2018":-3,"demolitions_2019":2,"newbuilds_2019":0,"net_2019":-2,"demolitions_2020":8,"newbuilds_2020":0,"net_2020":-8,"demolitions_2021":14,"newbuilds_2021":0,"net_2021":-14,"demolitions_2022":0,"newbuilds_2022":1,"net_2022":1,"demolitions_2023":9,"newbuilds_2023":0,"net_2023":-9,"demolitions_2024":1,"newbuilds_2024":0,"net_2024":-1,"demolitions_2025":3,"newbuilds_2025":0,"net_2025":-3,"demolitions_2026":3,"newbuilds_2026":0,"net_2026":-3},"geometry":{"type":"Polygon","coordinates":[[[-83.109781,42.291179],[-83.109781,42.29538],[-83.114671,42.297481],[-83.119562,42.29538],[-83.119562,42.291179],[-83.114671,42.289078],[-83.109781,42.291179]]]}},{"type":"Feature","properties":{"id":429,"q":3,"r":-8,"demolitions_2014":1,"newbuilds_2014":0,"net_2014":-1,"demolitions_2015":6,"newbuilds_2015":0,"net_2015":-6,"demolitions_2016":2,"newbuilds_2016":0,"net_2016":-2,"demolitions_2017":0,"newbuilds_2017":0,"net_2017":0,"demolitions_2018":0,"newbuilds_2018":0,"net_2018":0,"demolitions_2019":2,"newbuilds_2019":0,"net_2019":-2,"demolitions_2020":5,"newbuilds_2020":0,"net_2020":-5,"demolitions_2021":3,"newbuilds_2021":0,"net_2021":-3,"demolitions_2022":4,"newbuilds_2022":0,"net_2022":-4,"demolitions_2023":16,"newbuilds_2023":0,"net_2023":-16,"demolitions_2024":3,"newbuilds_2024":0,"net_2024":-3,"demolitions_2025":2,"newbuilds_2025":1,"net_2025":-1,"demolitions_2026":2,"newbuilds_2026":0,"net_2026":-2},"geometry":{"type":"Polygon","coordinates":[[[-83.10489,42.297481],[-83.10489,42.301683],[-83.109781,42.303783],[-83.114671,42.301683],[-83.114671,42.297481],[-83.109781,42.29538],[-83.10489,42.297481]]]}},{"type":"Feature","properties":{"id":430,"q":3,"r":-7,"demolitions_2014":3,"newbuilds_2014":0,"net_2014":-3,"demolitions_2015":2,"newbuilds_2015":0,"net_2015":-2,"demolitions_2016":6,"newbuilds_2016":0,"net_2016":-6,"demolitions_2017":0,"newbuilds_2017":0,"net_2017":0,"demolitions_2018":3,"newbuilds_2018":0,"net_2018":-3,"demolitions_2019":0,"newbuilds_2019":0,"net_2019":0,"demolitions_2020":0,"newbuilds_2020":0,"net_2020":0,"demolitions_2021":0,"newbuilds_2021":0,"net_2021":0,"demolitions_2022":1,"newbuilds_2022":1,"net_2022":0,"demolitions_2023":0,"newbuilds_2023":1,"net_2023":1,"demolitions_2024":1,"newbuilds_2024":0,"net_2024":-1,"demolitions_2025":0,"newbuilds_2025":0,"net_2025":0,"demolitions_2026":0,"newbuilds_2026":0,"net_2026":0},"geometry":{"type":"Polygon","coordinates":[[[-83.1,42.303783],[-83.1,42.307985],[-83.10489,42.310086],[-83.109781,42.307985],[-83.109781,42.303783],[-83.10489,42.301683],[-83.1,42.303783]]]}},{"type":"Feature","properties":{"id":431,"q":3,"r":-6,"demolitions_2014":6,"newbuilds_2014":0,"net_2014":-6,"demolitions_2015":0,"newbuilds_2015":0,"net_2015":0,"demolitions_2016":3,"newbuilds_2016":0,"net_2016":-3,"demolitions_2017":5,"newbuilds_2017":0,"net_2017":-5,"demolitions_2018":2,"newbuilds_2018":0,"net_2018":-2,"demolitions_2019":0,"newbuilds_2019":0,"net_2019":0,"demolitions_2020":3,"newbuilds_2020":0,"net_2020":-3,"demolitions_2021":0,"newbuilds_2021":0,"net_2021":0,"demolitions_2022":0,"newbuilds_2022":0,"net_2022":0,"demolitions_2023":1,"newbuilds_2023":0,"net_2023":-1,"demolitions_2024":1,"newbuilds_2024":0,"net_2024":-1,"demolitions_2025":0,"newbuilds_2025":1,"net_2025":1,"demolitions_2026":0,"newbuilds_2026":0,"net_2026":0},"geometry":{"type":"Polygon","coordinates":[[[-83.09511,42.310086],[-83.09511,42.314287],[-83.1,42.316388],[-83.10489,42.314287],[-83.10489,42.310086],[-83.1,42.307985],[-83.09511,42.310086]]]}},{"type":"Feature","properties":{"id":432,"q":3,"r":-5,"demolitions_2014":3,"newbuilds_2014":0,"net_2014":-3,"demolitions_2015":0,"newbuilds_2015":0,"net_2015":0,"demolitions_2016":3,"newbuilds_2016":0,"net_2016":-3,"demolitions_2017":2,"newbuilds_2017":0,"net_2017":-2,"demolitions_2018":0,"newbuilds_2018":0,"net_2018":0,"demolitions_2019":1,"newbuilds_2019":0,"net_2019":-1,"demolitions_2020":1,"newbuilds_2020":0,"net_2020":-1,"demolitions_2021":0,"newbuilds_2021":0,"net_2021":0,"demolitions_2022":0,"newbuilds_2022":0,"net_2022":0,"demolitions_2023":0,"newbuilds_2023":1,"net_2023":1,"demolitions_2024":0,"newbuilds_2024":1,"net_2024":1,"demolitions_2025":2,"newbuilds_2025":0,"net_2025":-2,"demolitions_2026":2,"newbuilds_2026":0,"net_2026":-2},"geometry":{"type":"Polygon","coordinates":[[[-83.090219,42.316388],[-83.090219,42.320589],[-83.09511,42.32269],[-83.1,42.320589],[-83.1,42.316388],[-83.09511,42.314287],[-83.090219,42.316388]]]}},{"type":"Feature","properties":{"id":433,"q":3,"r":-4,"demolitions_2014":3,"newbuilds_2014":0,"net_2014":-3,"demolitions_2015":1,"newbuilds_2015":0,"net_2015":-1,"demolitions_2016":1,"newbuilds_2016":0,"net_2016":-1,"demolitions_2017":2,"newbuilds_2017":0,"net_2017":-2,"demolitions_2018":2,"newbuilds_2018":0,"net_2018":-2,"demolitions_2019":0,"newbuilds_2019":0,"net_2019":0,"demolitions_2020":0,"newbuilds_2020":0,"net_2020":0,"demolitions_2021":0,"newbuilds_2021":0,"net_2021":0,"demolitions_2022":0,"newbuilds_2022":0,"net_2022":0,"demolitions_2023":1,"newbuilds_2023":0,"net_2023":-1,"demolitions_2024":1,"newbuilds_2024":0,"net_2024":-1,"demolitions_2025":2,"newbuilds_2025":0,"net_2025":-2,"demolitions_2026":0,"newbuilds_2026":0,"net_2026":0},"geometry":{"type":"Polygon","coordinates":[[[-83.085329,42.32269],[-83.085329,42.326892],[-83.090219,42.328992],[-83.09511,42.326892],[-83.09511,42.32269],[-83.090219,42.320589],[-83.085329,42.32269]]]}},{"type":"Feature","properties":{"id":434,"q":3,"r":-3,"demolitions_2014":0,"newbuilds_2014":0,"net_2014":0,"demolitions_2015":0,"newbuilds_2015":0,"net_2015":0,"demolitions_2016":1,"newbuilds_2016":0,"net_2016":-1,"demolitions_2017":1,"newbuilds_2017":0,"net_2017":-1,"demolitions_2018":0,"newbuilds_2018":0,"net_2018":0,"demolitions_2019":0,"newbuilds_2019":0,"net_2019":0,"demolitions_2020":0,"newbuilds_2020":0,"net_2020":0,"demolitions_2021":2,"newbuilds_2021":0,"net_2021":-2,"demolitions_2022":1,"newbuilds_2022":0,"net_2022":-1,"demolitions_2023":1,"newbuilds_2023":0,"net_2023":-1,"demolitions_2024":1,"newbuilds_2024":0,"net_2024":-1,"demolitions_2025":0,"newbuilds_2025":0,"net_2025":0,"demolitions_2026":0,"newbuilds_2026":0,"net_2026":0},"geometry":{"type":"Polygon","coordinates":[[[-83.080438,42.328992],[-83.080438,42.333194],[-83.085329,42.335295],[-83.090219,42.333194],[-83.090219,42.328992],[-83.085329,42.326892],[-83.080438,42.328992]]]}},{"type":"Feature","properties":{"id":435,"q":3,"r":-2,"demolitions_2014":1,"newbuilds_2014":0,"net_2014":-1,"demolitions_2015":3,"newbuilds_2015":0,"net_2015":-3,"demolitions_2016":0,"newbuilds_2016":0,"net_2016":0,"demolitions_2017":4,"newbuilds_2017":0,"net_2017":-4,"demolitions_2018":1,"newbuilds_2018":0,"net_2018":-1,"demolitions_2019":0,"newbuilds_2019":0,"net_2019":0,"demolitions_2020":0,"newbuilds_2020":0,"net_2020":0,"demolitions_2021":1,"newbuilds_2021":0,"net_2021":-1,"demolitions_2022":0,"newbuilds_2022":0,"net_2022":0,"demolitions_2023":1,"newbuilds_2023":3,"net_2023":2,"demolitions_2024":0,"newbuilds_2024":12,"net_2024":12,"demolitions_2025":2,"newbuilds_2025":5,"net_2025":3,"demolitions_2026":0,"newbuilds_2026":0,"net_2026":0},"geometry":{"type":"Polygon","coordinates":[[[-83.075548,42.335295],[-83.075548,42.339496],[-83.080438,42.341597],[-83.085329,42.339496],[-83.085329,42.335295],[-83.080438,42.333194],[-83.075548,42.335295]]]}},{"type":"Feature","properties":{"id":436,"q":3,"r":-1,"demolitions_2014":0,"newbuilds_2014":0,"net_2014":0,"demolitions_2015":1,"newbuilds_2015":0,"net_2015":-1,"demolitions_2016":1,"newbuilds_2016":0,"net_2016":-1,"demolitions_2017":0,"newbuilds_2017":0,"net_2017":0,"demolitions_2018":1,"newbuilds_2018":0,"net_2018":-1,"demolitions_2019":0,"newbuilds_2019":1,"net_2019":1,"demolitions_2020":0,"newbuilds_2020":3,"net_2020":3,"demolitions_2021":0,"newbuilds_2021":0,"net_2021":0,"demolitions_2022":1,"newbuilds_2022":3,"net_2022":2,"demolitions_2023":0,"newbuilds_2023":9,"net_2023":9,"demolitions_2024":0,"newbuilds_2024":0,"net_2024":0,"demolitions_2025":0,"newbuilds_2025":6,"net_2025":6,"demolitions_2026":0,"newbuilds_2026":2,"net_2026":2},"geometry":{"type":"Polygon","coordinates":[[[-83.070658,42.341597],[-83.070658,42.345798],[-83.075548,42.347899],[-83.080438,42.345798],[-83.080438,42.341597],[-83.075548,42.339496],[-83.070658,42.341597]]]}},{"type":"Feature","properties":{"id":437,"q":3,"r":0,"demolitions_2014":0,"newbuilds_2014":0,"net_2014":0,"demolitions_2015":0,"newbuilds_2015":0,"net_2015":0,"demolitions_2016":0,"newbuilds_2016":0,"net_2016":0,"demolitions_2017":0,"newbuilds_2017":0,"net_2017":0,"demolitions_2018":0,"newbuilds_2018":0,"net_2018":0,"demolitions_2019":0,"newbuilds_2019":5,"net_2019":5,"demolitions_2020":0,"newbuilds_2020":0,"net_2020":0,"demolitions_2021":0,"newbuilds_2021":3,"net_2021":3,"demolitions_2022":0,"newbuilds_2022":8,"net_2022":8,"demolitions_2023":0,"newbuilds_2023":0,"net_2023":0,"demolitions_2024":0,"newbuilds_2024":0,"net_2024":0,"demolitions_2025":0,"newbuilds_2025":2,"net_2025":2,"demolitions_2026":0,"newbuilds_2026":4,"net_2026":4},"geometry":{"type":"Polygon","coordinates":[[[-83.065767,42.347899],[-83.065767,42.352101],[-83.070658,42.354202],[-83.075548,42.352101],[-83.075548,42.347899],[-83.070658,42.345798],[-83.065767,42.347899]]]}},{"type":"Feature","properties":{"id":438,"q":3,"r":1,"demolitions_2014":0,"newbuilds_2014":0,"net_2014":0,"demolitions_2015":0,"newbuilds_2015":0,"net_2015":0,"demolitions_2016":0,"newbuilds_2016":0,"net_2016":0,"demolitions_2017":0,"newbuilds_2017":0,"net_2017":0,"demolitions_2018":0,"newbuilds_2018":0,"net_2018":0,"demolitions_2019":0,"newbuilds_2019":0,"net_2019":0,"demolitions_2020":0,"newbuilds_2020":0,"net_2020":0,"demolitions_2021":0,"newbuilds_2021":0,"net_2021":0,"demolitions_2022":0,"newbuilds_2022":1,"net_2022":1,"demolitions_2023":0,"newbuilds_2023":0,"net_2023":0,"demolitions_2024":0,"newbuilds_2024":0,"net_2024":0,"demolitions_2025":0,"newbuilds_2025":2,"net_2025":2,"demolitions_2026":0,"newbuilds_2026":0,"net_2026":0},"geometry":{"type":"Polygon","coordinates":[[[-83.060877,42.354202],[-83.060877,42.358403],[-83.065767,42.360504],[-83.070658,42.358403],[-83.070658,42.354202],[-83.065767,42.352101],[-83.060877,42.354202]]]}},{"type":"Feature","properties":{"id":439,"q":3,"r":2,"demolitions_2014":0,"newbuilds_2014":0,"net_2014":0,"demolitions_2015":0,"newbuilds_2015":0,"net_2015":0,"demolitions_2016":0,"newbuilds_2016":0,"net_2016":0,"demolitions_2017":0,"newbuilds_2017":0,"net_2017":0,"demolitions_2018":0,"newbuilds_2018":0,"net_2018":0,"demolitions_2019":0,"newbuilds_2019":0,"net_2019":0,"demolitions_2020":0,"newbuilds_2020":0,"net_2020":0,"demolitions_2021":0,"newbuilds_2021":0,"net_2021":0,"demolitions_2022":0,"newbuilds_2022":0,"net_2022":0,"demolitions_2023":0,"newbuilds_2023":0,"net_2023":0,"demolitions_2024":0,"newbuilds_2024":1,"net_2024":1,"demolitions_2025":0,"newbuilds_2025":1,"net_2025":1,"demolitions_2026":0,"newbuilds_2026":0,"net_2026":0},"geometry":{"type":"Polygon","coordinates":[[[-83.055986,42.360504],[-83.055986,42.364705],[-83.060877,42.366806],[-83.065767,42.364705],[-83.065767,42.360504],[-83.060877,42.358403],[-83.055986,42.360504]]]}},{"type":"Feature","properties":{"id":440,"q":3,"r":3,"demolitions_2014":0,"newbuilds_2014":0,"net_2014":0,"demolitions_2015":0,"newbuilds_2015":0,"net_2015":0,"demolitions_2016":0,"newbuilds_2016":0,"net_2016":0,"demolitions_2017":0,"newbuilds_2017":0,"net_2017":0,"demolitions_2018":0,"newbuilds_2018":0,"net_2018":0,"demolitions_2019":0,"newbuilds_2019":0,"net_2019":0,"demolitions_2020":0,"newbuilds_2020":0,"net_2020":0,"demolitions_2021":0,"newbuilds_2021":0,"net_2021":0,"demolitions_2022":0,"newbuilds_2022":0,"net_2022":0,"demolitions_2023":0,"newbuilds_2023":0,"net_2023":0,"demolitions_2024":0,"newbuilds_2024":1,"net_2024":1,"demolitions_2025":0,"newbuilds_2025":1,"net_2025":1,"demolitions_2026":0,"newbuilds_2026":0,"net_2026":0},"geometry":{"type":"Polygon","coordinates":[[[-83.051096,42.366806],[-83.051096,42.371008],[-83.055986,42.373108],[-83.060877,42.371008],[-83.060877,42.366806],[-83.055986,42.364705],[-83.051096,42.366806]]]}},{"type":"Feature","properties":{"id":441,"q":3,"r":4,"demolitions_2014":0,"newbuilds_2014":0,"net_2014":0,"demolitions_2015":0,"newbuilds_2015":0,"net_2015":0,"demolitions_2016":0,"newbuilds_2016":0,"net_2016":0,"demolitions_2017":2,"newbuilds_2017":0,"net_2017":-2,"demolitions_2018":0,"newbuilds_2018":0,"net_2018":0,"demolitions_2019":0,"newbuilds_2019":1,"net_2019":1,"demolitions_2020":0,"newbuilds_2020":0,"net_2020":0,"demolitions_2021":0,"newbuilds_2021":1,"net_2021":1,"demolitions_2022":0,"newbuilds_2022":1,"net_2022":1,"demolitions_2023":0,"newbuilds_2023":1,"net_2023":1,"demolitions_2024":2,"newbuilds_2024":0,"net_2024":-2,"demolitions_2025":1,"newbuilds_2025":1,"net_2025":0,"demolitions_2026":0,"newbuilds_2026":0,"net_2026":0},"geometry":{"type":"Polygon","coordinates":[[[-83.046205,42.373108],[-83.046205,42.37731],[-83.051096,42.379411],[-83.055986,42.37731],[-83.055986,42.373108],[-83.051096,42.371008],[-83.046205,42.373108]]]}},{"type":"Feature","properties":{"id":442,"q":3,"r":5,"demolitions_2014":0,"newbuilds_2014":0,"net_2014":0,"demolitions_2015":0,"newbuilds_2015":0,"net_2015":0,"demolitions_2016":0,"newbuilds_2016":0,"net_2016":0,"demolitions_2017":0,"newbuilds_2017":0,"net_2017":0,"demolitions_2018":0,"newbuilds_2018":0,"net_2018":0,"demolitions_2019":0,"newbuilds_2019":0,"net_2019":0,"demolitions_2020":0,"newbuilds_2020":0,"net_2020":0,"demolitions_2021":0,"newbuilds_2021":0,"net_2021":0,"demolitions_2022":0,"newbuilds_2022":0,"net_2022":0,"demolitions_2023":0,"newbuilds_2023":0,"net_2023":0,"demolitions_2024":0,"newbuilds_2024":0,"net_2024":0,"demolitions_2025":0,"newbuilds_2025":0,"net_2025":0,"demolitions_2026":0,"newbuilds_2026":0,"net_2026":0},"geometry":{"type":"Polygon","coordinates":[[[-83.041315,42.379411],[-83.041315,42.383612],[-83.046205,42.385713],[-83.051096,42.383612],[-83.051096,42.379411],[-83.046205,42.37731],[-83.041315,42.379411]]]}},{"type":"Feature","properties":{"id":443,"q":3,"r":6,"demolitions_2014":0,"newbuilds_2014":0,"net_2014":0,"demolitions_2015":0,"newbuilds_2015":0,"net_2015":0,"demolitions_2016":1,"newbuilds_2016":0,"net_2016":-1,"demolitions_2017":0,"newbuilds_2017":0,"net_2017":0,"demolitions_2018":3,"newbuilds_2018":0,"net_2018":-3,"demolitions_2019":0,"newbuilds_2019":0,"net_2019":0,"demolitions_2020":0,"newbuilds_2020":1,"net_2020":1,"demolitions_2021":0,"newbuilds_2021":0,"net_2021":0,"demolitions_2022":1,"newbuilds_2022":0,"net_2022":-1,"demolitions_2023":0,"newbuilds_2023":1,"net_2023":1,"demolitions_2024":0,"newbuilds_2024":0,"net_2024":0,"demolitions_2025":0,"newbuilds_2025":0,"net_2025":0,"demolitions_2026":0,"newbuilds_2026":0,"net_2026":0},"geometry":{"type":"Polygon","coordinates":[[[-83.036425,42.385713],[-83.036425,42.389914],[-83.041315,42.392015],[-83.046205,42.389914],[-83.046205,42.385713],[-83.041315,42.383612],[-83.036425,42.385713]]]}},{"type":"Feature","properties":{"id":444,"q":3,"r":7,"demolitions_2014":0,"newbuilds_2014":0,"net_2014":0,"demolitions_2015":13,"newbuilds_2015":0,"net_2015":-13,"demolitions_2016":2,"newbuilds_2016":0,"net_2016":-2,"demolitions_2017":1,"newbuilds_2017":0,"net_2017":-1,"demolitions_2018":1,"newbuilds_2018":0,"net_2018":-1,"demolitions_2019":1,"newbuilds_2019":0,"net_2019":-1,"demolitions_2020":0,"newbuilds_2020":0,"net_2020":0,"demolitions_2021":1,"newbuilds_2021":0,"net_2021":-1,"demolitions_2022":0,"newbuilds_2022":0,"net_2022":0,"demolitions_2023":1,"newbuilds_2023":1,"net_2023":0,"demolitions_2024":1,"newbuilds_2024":0,"net_2024":-1,"demolitions_2025":0,"newbuilds_2025":0,"net_2025":0,"demolitions_2026":0,"newbuilds_2026":0,"net_2026":0},"geometry":{"type":"Polygon","coordinates":[[[-83.031534,42.392015],[-83.031534,42.396217],[-83.036425,42.398317],[-83.041315,42.396217],[-83.041315,42.392015],[-83.036425,42.389914],[-83.031534,42.392015]]]}},{"type":"Feature","properties":{"id":445,"q":3,"r":8,"demolitions_2014":0,"newbuilds_2014":0,"net_2014":0,"demolitions_2015":0,"newbuilds_2015":0,"net_2015":0,"demolitions_2016":0,"newbuilds_2016":0,"net_2016":0,"demolitions_2017":0,"newbuilds_2017":0,"net_2017":0,"demolitions_2018":0,"newbuilds_2018":0,"net_2018":0,"demolitions_2019":0,"newbuilds_2019":0,"net_2019":0,"demolitions_2020":0,"newbuilds_2020":0,"net_2020":0,"demolitions_2021":0,"newbuilds_2021":0,"net_2021":0,"demolitions_2022":0,"newbuilds_2022":0,"net_2022":0,"demolitions_2023":0,"newbuilds_2023":0,"net_2023":0,"demolitions_2024":0,"newbuilds_2024":0,"net_2024":0,"demolitions_2025":0,"newbuilds_2025":0,"net_2025":0,"demolitions_2026":0,"newbuilds_2026":0,"net_2026":0},"geometry":{"type":"Polygon","coordinates":[[[-83.026644,42.398317],[-83.026644,42.402519],[-83.031534,42.40462],[-83.036425,42.402519],[-83.036425,42.398317],[-83.031534,42.396217],[-83.026644,42.398317]]]}},{"type":"Feature","properties":{"id":446,"q":3,"r":9,"demolitions_2014":1,"newbuilds_2014":0,"net_2014":-1,"demolitions_2015":0,"newbuilds_2015":0,"net_2015":0,"demolitions_2016":4,"newbuilds_2016":0,"net_2016":-4,"demolitions_2017":3,"newbuilds_2017":0,"net_2017":-3,"demolitions_2018":6,"newbuilds_2018":0,"net_2018":-6,"demolitions_2019":3,"newbuilds_2019":0,"net_2019":-3,"demolitions_2020":12,"newbuilds_2020":0,"net_2020":-12,"demolitions_2021":20,"newbuilds_2021":0,"net_2021":-20,"demolitions_2022":1,"newbuilds_2022":0,"net_2022":-1,"demolitions_2023":0,"newbuilds_2023":0,"net_2023":0,"demolitions_2024":8,"newbuilds_2024":0,"net_2024":-8,"demolitions_2025":1,"newbuilds_2025":0,"net_2025":-1,"demolitions_2026":0,"newbuilds_2026":0,"net_2026":0},"geometry":{"type":"Polygon","coordinates":[[[-83.021753,42.40462],[-83.021753,42.408821],[-83.026644,42.410922],[-83.031534,42.408821],[-83.031534,42.40462],[-83.026644,42.402519],[-83.021753,42.40462]]]}},{"type":"Feature","properties":{"id":447,"q":3,"r":10,"demolitions_2014":1,"newbuilds_2014":0,"net_2014":-1,"demolitions_2015":2,"newbuilds_2015":0,"net_2015":-2,"demolitions_2016":0,"newbuilds_2016":0,"net_2016":0,"demolitions_2017":3,"newbuilds_2017":0,"net_2017":-3,"demolitions_2018":0,"newbuilds_2018":0,"net_2018":0,"demolitions_2019":3,"newbuilds_2019":0,"net_2019":-3,"demolitions_2020":2,"newbuilds_2020":0,"net_2020":-2,"demolitions_2021":1,"newbuilds_2021":0,"net_2021":-1,"demolitions_2022":24,"newbuilds_2022":0,"net_2022":-24,"demolitions_2023":34,"newbuilds_2023":0,"net_2023":-34,"demolitions_2024":10,"newbuilds_2024":0,"net_2024":-10,"demolitions_2025":19,"newbuilds_2025":0,"net_2025":-19,"demolitions_2026":4,"newbuilds_2026":0,"net_2026":-4},"geometry":{"type":"Polygon","coordinates":[[[-83.016863,42.410922],[-83.016863,42.415123],[-83.021753,42.417224],[-83.026644,42.415123],[-83.026644,42.410922],[-83.021753,42.408821],[-83.016863,42.410922]]]}},{"type":"Feature","properties":{"id":448,"q":3,"r":11,"demolitions_2014":0,"newbuilds_2014":0,"net_2014":0,"demolitions_2015":0,"newbuilds_2015":0,"net_2015":0,"demolitions_2016":0,"newbuilds_2016":0,"net_2016":0,"demolitions_2017":1,"newbuilds_2017":0,"net_2017":-1,"demolitions_2018":2,"newbuilds_2018":0,"net_2018":-2,"demolitions_2019":2,"newbuilds_2019":0,"net_2019":-2,"demolitions_2020":2,"newbuilds_2020":0,"net_2020":-2,"demolitions_2021":0,"newbuilds_2021":0,"net_2021":0,"demolitions_2022":6,"newbuilds_2022":0,"net_2022":-6,"demolitions_2023":3,"newbuilds_2023":0,"net_2023":-3,"demolitions_2024":5,"newbuilds_2024":0,"net_2024":-5,"demolitions_2025":6,"newbuilds_2025":0,"net_2025":-6,"demolitions_2026":12,"newbuilds_2026":0,"net_2026":-12},"geometry":{"type":"Polygon","coordinates":[[[-83.011973,42.417224],[-83.011973,42.421426],[-83.016863,42.423526],[-83.021753,42.421426],[-83.021753,42.417224],[-83.016863,42.415123],[-83.011973,42.417224]]]}},{"type":"Feature","properties":{"id":449,"q":3,"r":12,"demolitions_2014":2,"newbuilds_2014":0,"net_2014":-2,"demolitions_2015":1,"newbuilds_2015":0,"net_2015":-1,"demolitions_2016":2,"newbuilds_2016":0,"net_2016":-2,"demolitions_2017":0,"newbuilds_2017":0,"net_2017":0,"demolitions_2018":1,"newbuilds_2018":0,"net_2018":-1,"demolitions_2019":0,"newbuilds_2019":0,"net_2019":0,"demolitions_2020":1,"newbuilds_2020":0,"net_2020":-1,"demolitions_2021":0,"newbuilds_2021":0,"net_2021":0,"demolitions_2022":0,"newbuilds_2022":0,"net_2022":0,"demolitions_2023":0,"newbuilds_2023":0,"net_2023":0,"demolitions_2024":0,"newbuilds_2024":0,"net_2024":0,"demolitions_2025":0,"newbuilds_2025":0,"net_2025":0,"demolitions_2026":0,"newbuilds_2026":0,"net_2026":0},"geometry":{"type":"Polygon","coordinates":[[[-83.007082,42.423526],[-83.007082,42.427728],[-83.011973,42.429829],[-83.016863,42.427728],[-83.016863,42.423526],[-83.011973,42.421426],[-83.007082,42.423526]]]}},{"type":"Feature","properties":{"id":450,"q":3,"r":13,"demolitions_2014":18,"newbuilds_2014":0,"net_2014":-18,"demolitions_2015":5,"newbuilds_2015":0,"net_2015":-5,"demolitions_2016":3,"newbuilds_2016":0,"net_2016":-3,"demolitions_2017":2,"newbuilds_2017":0,"net_2017":-2,"demolitions_2018":7,"newbuilds_2018":0,"net_2018":-7,"demolitions_2019":1,"newbuilds_2019":0,"net_2019":-1,"demolitions_2020":1,"newbuilds_2020":0,"net_2020":-1,"demolitions_2021":1,"newbuilds_2021":0,"net_2021":-1,"demolitions_2022":0,"newbuilds_2022":0,"net_2022":0,"demolitions_2023":2,"newbuilds_2023":0,"net_2023":-2,"demolitions_2024":0,"newbuilds_2024":0,"net_2024":0,"demolitions_2025":2,"newbuilds_2025":0,"net_2025":-2,"demolitions_2026":0,"newbuilds_2026":0,"net_2026":0},"geometry":{"type":"Polygon","coordinates":[[[-83.002192,42.429829],[-83.002192,42.43403],[-83.007082,42.436131],[-83.011973,42.43403],[-83.011973,42.429829],[-83.007082,42.427728],[-83.002192,42.429829]]]}},{"type":"Feature","properties":{"id":451,"q":3,"r":14,"demolitions_2014":88,"newbuilds_2014":0,"net_2014":-88,"demolitions_2015":11,"newbuilds_2015":0,"net_2015":-11,"demolitions_2016":35,"newbuilds_2016":0,"net_2016":-35,"demolitions_2017":16,"newbuilds_2017":0,"net_2017":-16,"demolitions_2018":30,"newbuilds_2018":0,"net_2018":-30,"demolitions_2019":15,"newbuilds_2019":0,"net_2019":-15,"demolitions_2020":2,"newbuilds_2020":0,"net_2020":-2,"demolitions_2021":6,"newbuilds_2021":0,"net_2021":-6,"demolitions_2022":0,"newbuilds_2022":0,"net_2022":0,"demolitions_2023":7,"newbuilds_2023":0,"net_2023":-7,"demolitions_2024":3,"newbuilds_2024":0,"net_2024":-3,"demolitions_2025":2,"newbuilds_2025":0,"net_2025":-2,"demolitions_2026":0,"newbuilds_2026":0,"net_2026":0},"geometry":{"type":"Polygon","coordinates":[[[-82.997301,42.436131],[-82.997301,42.440332],[-83.002192,42.442433],[-83.007082,42.440332],[-83.007082,42.436131],[-83.002192,42.43403],[-82.997301,42.436131]]]}},{"type":"Feature","properties":{"id":452,"q":3,"r":15,"demolitions_2014":34,"newbuilds_2014":0,"net_2014":-34,"demolitions_2015":28,"newbuilds_2015":0,"net_2015":-28,"demolitions_2016":21,"newbuilds_2016":0,"net_2016":-21,"demolitions_2017":8,"newbuilds_2017":0,"net_2017":-8,"demolitions_2018":13,"newbuilds_2018":0,"net_2018":-13,"demolitions_2019":13,"newbuilds_2019":0,"net_2019":-13,"demolitions_2020":21,"newbuilds_2020":0,"net_2020":-21,"demolitions_2021":2,"newbuilds_2021":0,"net_2021":-2,"demolitions_2022":5,"newbuilds_2022":0,"net_2022":-5,"demolitions_2023":1,"newbuilds_2023":0,"net_2023":-1,"demolitions_2024":7,"newbuilds_2024":0,"net_2024":-7,"demolitions_2025":5,"newbuilds_2025":0,"net_2025":-5,"demolitions_2026":1,"newbuilds_2026":0,"net_2026":-1},"geometry":{"type":"Polygon","coordinates":[[[-82.992411,42.442433],[-82.992411,42.446635],[-82.997301,42.448735],[-83.002192,42.446635],[-83.002192,42.442433],[-82.997301,42.440332],[-82.992411,42.442433]]]}},{"type":"Feature","properties":{"id":453,"q":4,"r":-9,"demolitions_2014":1,"newbuilds_2014":0,"net_2014":-1,"demolitions_2015":1,"newbuilds_2015":0,"net_2015":-1,"demolitions_2016":0,"newbuilds_2016":0,"net_2016":0,"demolitions_2017":0,"newbuilds_2017":0,"net_2017":0,"demolitions_2018":0,"newbuilds_2018":0,"net_2018":0,"demolitions_2019":0,"newbuilds_2019":1,"net_2019":1,"demolitions_2020":2,"newbuilds_2020":0,"net_2020":-2,"demolitions_2021":0,"newbuilds_2021":0,"net_2021":0,"demolitions_2022":1,"newbuilds_2022":0,"net_2022":-1,"demolitions_2023":0,"newbuilds_2023":0,"net_2023":0,"demolitions_2024":1,"newbuilds_2024":0,"net_2024":-1,"demolitions_2025":0,"newbuilds_2025":0,"net_2025":0,"demolitions_2026":1,"newbuilds_2026":0,"net_2026":-1},"geometry":{"type":"Polygon","coordinates":[[[-83.1,42.291179],[-83.1,42.29538],[-83.10489,42.297481],[-83.109781,42.29538],[-83.109781,42.291179],[-83.10489,42.289078],[-83.1,42.291179]]]}},{"type":"Feature","properties":{"id":454,"q":4,"r":-8,"demolitions_2014":0,"newbuilds_2014":0,"net_2014":0,"demolitions_2015":0,"newbuilds_2015":0,"net_2015":0,"demolitions_2016":0,"newbuilds_2016":0,"net_2016":0,"demolitions_2017":0,"newbuilds_2017":0,"net_2017":0,"demolitions_2018":0,"newbuilds_2018":0,"net_2018":0,"demolitions_2019":0,"newbuilds_2019":0,"net_2019":0,"demolitions_2020":0,"newbuilds_2020":0,"net_2020":0,"demolitions_2021":0,"newbuilds_2021":0,"net_2021":0,"demolitions_2022":0,"newbuilds_2022":0,"net_2022":0,"demolitions_2023":0,"newbuilds_2023":0,"net_2023":0,"demolitions_2024":0,"newbuilds_2024":0,"net_2024":0,"demolitions_2025":0,"newbuilds_2025":0,"net_2025":0,"demolitions_2026":0,"newbuilds_2026":0,"net_2026":0},"geometry":{"type":"Polygon","coordinates":[[[-83.09511,42.297481],[-83.09511,42.301683],[-83.1,42.303783],[-83.10489,42.301683],[-83.10489,42.297481],[-83.1,42.29538],[-83.09511,42.297481]]]}},{"type":"Feature","properties":{"id":455,"q":4,"r":-7,"demolitions_2014":0,"newbuilds_2014":0,"net_2014":0,"demolitions_2015":1,"newbuilds_2015":0,"net_2015":-1,"demolitions_2016":0,"newbuilds_2016":0,"net_2016":0,"demolitions_2017":0,"newbuilds_2017":0,"net_2017":0,"demolitions_2018":1,"newbuilds_2018":0,"net_2018":-1,"demolitions_2019":0,"newbuilds_2019":0,"net_2019":0,"demolitions_2020":3,"newbuilds_2020":0,"net_2020":-3,"demolitions_2021":1,"newbuilds_2021":0,"net_2021":-1,"demolitions_2022":6,"newbuilds_2022":0,"net_2022":-6,"demolitions_2023":2,"newbuilds_2023":0,"net_2023":-2,"demolitions_2024":3,"newbuilds_2024":0,"net_2024":-3,"demolitions_2025":0,"newbuilds_2025":0,"net_2025":0,"demolitions_2026":0,"newbuilds_2026":0,"net_2026":0},"geometry":{"type":"Polygon","coordinates":[[[-83.090219,42.303783],[-83.090219,42.307985],[-83.09511,42.310086],[-83.1,42.307985],[-83.1,42.303783],[-83.09511,42.301683],[-83.090219,42.303783]]]}},{"type":"Feature","properties":{"id":456,"q":4,"r":-6,"demolitions_2014":0,"newbuilds_2014":0,"net_2014":0,"demolitions_2015":0,"newbuilds_2015":0,"net_2015":0,"demolitions_2016":2,"newbuilds_2016":0,"net_2016":-2,"demolitions_2017":0,"newbuilds_2017":0,"net_2017":0,"demolitions_2018":3,"newbuilds_2018":0,"net_2018":-3,"demolitions_2019":0,"newbuilds_2019":1,"net_2019":1,"demolitions_2020":1,"newbuilds_2020":0,"net_2020":-1,"demolitions_2021":0,"newbuilds_2021":0,"net_2021":0,"demolitions_2022":0,"newbuilds_2022":0,"net_2022":0,"demolitions_2023":0,"newbuilds_2023":0,"net_2023":0,"demolitions_2024":0,"newbuilds_2024":0,"net_2024":0,"demolitions_2025":0,"newbuilds_2025":0,"net_2025":0,"demolitions_2026":0,"newbuilds_2026":1,"net_2026":1},"geometry":{"type":"Polygon","coordinates":[[[-83.085329,42.310086],[-83.085329,42.314287],[-83.090219,42.316388],[-83.09511,42.314287],[-83.09511,42.310086],[-83.090219,42.307985],[-83.085329,42.310086]]]}},{"type":"Feature","properties":{"id":457,"q":4,"r":-5,"demolitions_2014":1,"newbuilds_2014":0,"net_2014":-1,"demolitions_2015":0,"newbuilds_2015":0,"net_2015":0,"demolitions_2016":0,"newbuilds_2016":0,"net_2016":0,"demolitions_2017":2,"newbuilds_2017":0,"net_2017":-2,"demolitions_2018":0,"newbuilds_2018":0,"net_2018":0,"demolitions_2019":0,"newbuilds_2019":0,"net_2019":0,"demolitions_2020":0,"newbuilds_2020":0,"net_2020":0,"demolitions_2021":0,"newbuilds_2021":0,"net_2021":0,"demolitions_2022":0,"newbuilds_2022":0,"net_2022":0,"demolitions_2023":0,"newbuilds_2023":0,"net_2023":0,"demolitions_2024":0,"newbuilds_2024":0,"net_2024":0,"demolitions_2025":0,"newbuilds_2025":0,"net_2025":0,"demolitions_2026":0,"newbuilds_2026":0,"net_2026":0},"geometry":{"type":"Polygon","coordinates":[[[-83.080438,42.316388],[-83.080438,42.320589],[-83.085329,42.32269],[-83.090219,42.320589],[-83.090219,42.316388],[-83.085329,42.314287],[-83.080438,42.316388]]]}},{"type":"Feature","properties":{"id":458,"q":4,"r":-4,"demolitions_2014":0,"newbuilds_2014":0,"net_2014":0,"demolitions_2015":0,"newbuilds_2015":0,"net_2015":0,"demolitions_2016":1,"newbuilds_2016":0,"net_2016":-1,"demolitions_2017":1,"newbuilds_2017":0,"net_2017":-1,"demolitions_2018":0,"newbuilds_2018":0,"net_2018":0,"demolitions_2019":0,"newbuilds_2019":0,"net_2019":0,"demolitions_2020":0,"newbuilds_2020":0,"net_2020":0,"demolitions_2021":0,"newbuilds_2021":0,"net_2021":0,"demolitions_2022":0,"newbuilds_2022":1,"net_2022":1,"demolitions_2023":0,"newbuilds_2023":0,"net_2023":0,"demolitions_2024":0,"newbuilds_2024":0,"net_2024":0,"demolitions_2025":0,"newbuilds_2025":1,"net_2025":1,"demolitions_2026":0,"newbuilds_2026":0,"net_2026":0},"geometry":{"type":"Polygon","coordinates":[[[-83.075548,42.32269],[-83.075548,42.326892],[-83.080438,42.328992],[-83.085329,42.326892],[-83.085329,42.32269],[-83.080438,42.320589],[-83.075548,42.32269]]]}},{"type":"Feature","properties":{"id":459,"q":4,"r":-3,"demolitions_2014":0,"newbuilds_2014":0,"net_2014":0,"demolitions_2015":0,"newbuilds_2015":0,"net_2015":0,"demolitions_2016":0,"newbuilds_2016":0,"net_2016":0,"demolitions_2017":0,"newbuilds_2017":0,"net_2017":0,"demolitions_2018":1,"newbuilds_2018":0,"net_2018":-1,"demolitions_2019":0,"newbuilds_2019":1,"net_2019":1,"demolitions_2020":0,"newbuilds_2020":2,"net_2020":2,"demolitions_2021":0,"newbuilds_2021":2,"net_2021":2,"demolitions_2022":0,"newbuilds_2022":0,"net_2022":0,"demolitions_2023":0,"newbuilds_2023":0,"net_2023":0,"demolitions_2024":0,"newbuilds_2024":1,"net_2024":1,"demolitions_2025":0,"newbuilds_2025":0,"net_2025":0,"demolitions_2026":0,"newbuilds_2026":0,"net_2026":0},"geometry":{"type":"Polygon","coordinates":[[[-83.070658,42.328992],[-83.070658,42.333194],[-83.075548,42.335295],[-83.080438,42.333194],[-83.080438,42.328992],[-83.075548,42.326892],[-83.070658,42.328992]]]}},{"type":"Feature","properties":{"id":460,"q":4,"r":-2,"demolitions_2014":0,"newbuilds_2014":0,"net_2014":0,"demolitions_2015":0,"newbuilds_2015":0,"net_2015":0,"demolitions_2016":1,"newbuilds_2016":0,"net_2016":-1,"demolitions_2017":1,"newbuilds_2017":0,"net_2017":-1,"demolitions_2018":1,"newbuilds_2018":0,"net_2018":-1,"demolitions_2019":2,"newbuilds_2019":3,"net_2019":1,"demolitions_2020":1,"newbuilds_2020":1,"net_2020":0,"demolitions_2021":1,"newbuilds_2021":3,"net_2021":2,"demolitions_2022":1,"newbuilds_2022":6,"net_2022":5,"demolitions_2023":2,"newbuilds_2023":6,"net_2023":4,"demolitions_2024":0,"newbuilds_2024":4,"net_2024":4,"demolitions_2025":1,"newbuilds_2025":2,"net_2025":1,"demolitions_2026":0,"newbuilds_2026":1,"net_2026":1},"geometry":{"type":"Polygon","coordinates":[[[-83.065767,42.335295],[-83.065767,42.339496],[-83.070658,42.341597],[-83.075548,42.339496],[-83.075548,42.335295],[-83.070658,42.333194],[-83.065767,42.335295]]]}},{"type":"Feature","properties":{"id":461,"q":4,"r":-1,"demolitions_2014":0,"newbuilds_2014":0,"net_2014":0,"demolitions_2015":1,"newbuilds_2015":0,"net_2015":-1,"demolitions_2016":0,"newbuilds_2016":0,"net_2016":0,"demolitions_2017":0,"newbuilds_2017":0,"net_2017":0,"demolitions_2018":0,"newbuilds_2018":0,"net_2018":0,"demolitions_2019":0,"newbuilds_2019":1,"net_2019":1,"demolitions_2020":1,"newbuilds_2020":1,"net_2020":0,"demolitions_2021":0,"newbuilds_2021":0,"net_2021":0,"demolitions_2022":0,"newbuilds_2022":2,"net_2022":2,"demolitions_2023":2,"newbuilds_2023":1,"net_2023":-1,"demolitions_2024":0,"newbuilds_2024":1,"net_2024":1,"demolitions_2025":0,"newbuilds_2025":1,"net_2025":1,"demolitions_2026":0,"newbuilds_2026":1,"net_2026":1},"geometry":{"type":"Polygon","coordinates":[[[-83.060877,42.341597],[-83.060877,42.345798],[-83.065767,42.347899],[-83.070658,42.345798],[-83.070658,42.341597],[-83.065767,42.339496],[-83.060877,42.341597]]]}},{"type":"Feature","properties":{"id":462,"q":4,"r":0,"demolitions_2014":0,"newbuilds_2014":0,"net_2014":0,"demolitions_2015":0,"newbuilds_2015":0,"net_2015":0,"demolitions_2016":0,"newbuilds_2016":0,"net_2016":0,"demolitions_2017":0,"newbuilds_2017":0,"net_2017":0,"demolitions_2018":0,"newbuilds_2018":0,"net_2018":0,"demolitions_2019":0,"newbuilds_2019":1,"net_2019":1,"demolitions_2020":0,"newbuilds_2020":1,"net_2020":1,"demolitions_2021":0,"newbuilds_2021":0,"net_2021":0,"demolitions_2022":0,"newbuilds_2022":0,"net_2022":0,"demolitions_2023":0,"newbuilds_2023":0,"net_2023":0,"demolitions_2024":0,"newbuilds_2024":0,"net_2024":0,"demolitions_2025":0,"newbuilds_2025":0,"net_2025":0,"demolitions_2026":0,"newbuilds_2026":0,"net_2026":0},"geometry":{"type":"Polygon","coordinates":[[[-83.055986,42.347899],[-83.055986,42.352101],[-83.060877,42.354202],[-83.065767,42.352101],[-83.065767,42.347899],[-83.060877,42.345798],[-83.055986,42.347899]]]}},{"type":"Feature","properties":{"id":463,"q":4,"r":1,"demolitions_2014":0,"newbuilds_2014":0,"net_2014":0,"demolitions_2015":0,"newbuilds_2015":0,"net_2015":0,"demolitions_2016":0,"newbuilds_2016":0,"net_2016":0,"demolitions_2017":0,"newbuilds_2017":0,"net_2017":0,"demolitions_2018":0,"newbuilds_2018":0,"net_2018":0,"demolitions_2019":0,"newbuilds_2019":1,"net_2019":1,"demolitions_2020":0,"newbuilds_2020":1,"net_2020":1,"demolitions_2021":0,"newbuilds_2021":0,"net_2021":0,"demolitions_2022":0,"newbuilds_2022":0,"net_2022":0,"demolitions_2023":0,"newbuilds_2023":0,"net_2023":0,"demolitions_2024":0,"newbuilds_2024":1,"net_2024":1,"demolitions_2025":0,"newbuilds_2025":12,"net_2025":12,"demolitions_2026":0,"newbuilds_2026":0,"net_2026":0},"geometry":{"type":"Polygon","coordinates":[[[-83.051096,42.354202],[-83.051096,42.358403],[-83.055986,42.360504],[-83.060877,42.358403],[-83.060877,42.354202],[-83.055986,42.352101],[-83.051096,42.354202]]]}},{"type":"Feature","properties":{"id":464,"q":4,"r":2,"demolitions_2014":0,"newbuilds_2014":0,"net_2014":0,"demolitions_2015":0,"newbuilds_2015":0,"net_2015":0,"demolitions_2016":0,"newbuilds_2016":0,"net_2016":0,"demolitions_2017":0,"newbuilds_2017":0,"net_2017":0,"demolitions_2018":0,"newbuilds_2018":0,"net_2018":0,"demolitions_2019":0,"newbuilds_2019":1,"net_2019":1,"demolitions_2020":0,"newbuilds_2020":0,"net_2020":0,"demolitions_2021":0,"newbuilds_2021":0,"net_2021":0,"demolitions_2022":0,"newbuilds_2022":1,"net_2022":1,"demolitions_2023":0,"newbuilds_2023":0,"net_2023":0,"demolitions_2024":0,"newbuilds_2024":0,"net_2024":0,"demolitions_2025":0,"newbuilds_2025":0,"net_2025":0,"demolitions_2026":0,"newbuilds_2026":0,"net_2026":0},"geometry":{"type":"Polygon","coordinates":[[[-83.046205,42.360504],[-83.046205,42.364705],[-83.051096,42.366806],[-83.055986,42.364705],[-83.055986,42.360504],[-83.051096,42.358403],[-83.046205,42.360504]]]}},{"type":"Feature","properties":{"id":465,"q":4,"r":3,"demolitions_2014":1,"newbuilds_2014":0,"net_2014":-1,"demolitions_2015":0,"newbuilds_2015":0,"net_2015":0,"demolitions_2016":0,"newbuilds_2016":0,"net_2016":0,"demolitions_2017":0,"newbuilds_2017":0,"net_2017":0,"demolitions_2018":11,"newbuilds_2018":0,"net_2018":-11,"demolitions_2019":2,"newbuilds_2019":0,"net_2019":-2,"demolitions_2020":2,"newbuilds_2020":0,"net_2020":-2,"demolitions_2021":2,"newbuilds_2021":0,"net_2021":-2,"demolitions_2022":5,"newbuilds_2022":0,"net_2022":-5,"demolitions_2023":1,"newbuilds_2023":0,"net_2023":-1,"demolitions_2024":4,"newbuilds_2024":0,"net_2024":-4,"demolitions_2025":3,"newbuilds_2025":0,"net_2025":-3,"demolitions_2026":1,"newbuilds_2026":0,"net_2026":-1},"geometry":{"type":"Polygon","coordinates":[[[-83.041315,42.366806],[-83.041315,42.371008],[-83.046205,42.373108],[-83.051096,42.371008],[-83.051096,42.366806],[-83.046205,42.364705],[-83.041315,42.366806]]]}},{"type":"Feature","properties":{"id":466,"q":4,"r":4,"demolitions_2014":2,"newbuilds_2014":0,"net_2014":-2,"demolitions_2015":3,"newbuilds_2015":0,"net_2015":-3,"demolitions_2016":2,"newbuilds_2016":0,"net_2016":-2,"demolitions_2017":2,"newbuilds_2017":0,"net_2017":-2,"demolitions_2018":4,"newbuilds_2018":0,"net_2018":-4,"demolitions_2019":1,"newbuilds_2019":0,"net_2019":-1,"demolitions_2020":0,"newbuilds_2020":0,"net_2020":0,"demolitions_2021":4,"newbuilds_2021":0,"net_2021":-4,"demolitions_2022":10,"newbuilds_2022":0,"net_2022":-10,"demolitions_2023":3,"newbuilds_2023":0,"net_2023":-3,"demolitions_2024":3,"newbuilds_2024":0,"net_2024":-3,"demolitions_2025":1,"newbuilds_2025":0,"net_2025":-1,"demolitions_2026":0,"newbuilds_2026":0,"net_2026":0},"geometry":{"type":"Polygon","coordinates":[[[-83.036425,42.373108],[-83.036425,42.37731],[-83.041315,42.379411],[-83.046205,42.37731],[-83.046205,42.373108],[-83.041315,42.371008],[-83.036425,42.373108]]]}},{"type":"Feature","properties":{"id":467,"q":4,"r":5,"demolitions_2014":0,"newbuilds_2014":0,"net_2014":0,"demolitions_2015":0,"newbuilds_2015":0,"net_2015":0,"demolitions_2016":0,"newbuilds_2016":0,"net_2016":0,"demolitions_2017":0,"newbuilds_2017":0,"net_2017":0,"demolitions_2018":0,"newbuilds_2018":0,"net_2018":0,"demolitions_2019":0,"newbuilds_2019":0,"net_2019":0,"demolitions_2020":0,"newbuilds_2020":0,"net_2020":0,"demolitions_2021":0,"newbuilds_2021":0,"net_2021":0,"demolitions_2022":0,"newbuilds_2022":0,"net_2022":0,"demolitions_2023":0,"newbuilds_2023":0,"net_2023":0,"demolitions_2024":0,"newbuilds_2024":0,"net_2024":0,"demolitions_2025":0,"newbuilds_2025":0,"net_2025":0,"demolitions_2026":0,"newbuilds_2026":0,"net_2026":0},"geometry":{"type":"Polygon","coordinates":[[[-83.031534,42.379411],[-83.031534,42.383612],[-83.036425,42.385713],[-83.041315,42.383612],[-83.041315,42.379411],[-83.036425,42.37731],[-83.031534,42.379411]]]}},{"type":"Feature","properties":{"id":468,"q":4,"r":6,"demolitions_2014":3,"newbuilds_2014":0,"net_2014":-3,"demolitions_2015":3,"newbuilds_2015":0,"net_2015":-3,"demolitions_2016":1,"newbuilds_2016":0,"net_2016":-1,"demolitions_2017":2,"newbuilds_2017":0,"net_2017":-2,"demolitions_2018":4,"newbuilds_2018":0,"net_2018":-4,"demolitions_2019":8,"newbuilds_2019":0,"net_2019":-8,"demolitions_2020":6,"newbuilds_2020":2,"net_2020":-4,"demolitions_2021":1,"newbuilds_2021":0,"net_2021":-1,"demolitions_2022":26,"newbuilds_2022":0,"net_2022":-26,"demolitions_2023":5,"newbuilds_2023":0,"net_2023":-5,"demolitions_2024":5,"newbuilds_2024":0,"net_2024":-5,"demolitions_2025":7,"newbuilds_2025":0,"net_2025":-7,"demolitions_2026":1,"newbuilds_2026":0,"net_2026":-1},"geometry":{"type":"Polygon","coordinates":[[[-83.026644,42.385713],[-83.026644,42.389914],[-83.031534,42.392015],[-83.036425,42.389914],[-83.036425,42.385713],[-83.031534,42.383612],[-83.026644,42.385713]]]}},{"type":"Feature","properties":{"id":469,"q":4,"r":7,"demolitions_2014":4,"newbuilds_2014":0,"net_2014":-4,"demolitions_2015":2,"newbuilds_2015":0,"net_2015":-2,"demolitions_2016":5,"newbuilds_2016":0,"net_2016":-5,"demolitions_2017":0,"newbuilds_2017":0,"net_2017":0,"demolitions_2018":1,"newbuilds_2018":0,"net_2018":-1,"demolitions_2019":4,"newbuilds_2019":0,"net_2019":-4,"demolitions_2020":0,"newbuilds_2020":0,"net_2020":0,"demolitions_2021":0,"newbuilds_2021":0,"net_2021":0,"demolitions_2022":4,"newbuilds_2022":0,"net_2022":-4,"demolitions_2023":9,"newbuilds_2023":0,"net_2023":-9,"demolitions_2024":4,"newbuilds_2024":0,"net_2024":-4,"demolitions_2025":3,"newbuilds_2025":0,"net_2025":-3,"demolitions_2026":0,"newbuilds_2026":0,"net_2026":0},"geometry":{"type":"Polygon","coordinates":[[[-83.021753,42.392015],[-83.021753,42.396217],[-83.026644,42.398317],[-83.031534,42.396217],[-83.031534,42.392015],[-83.026644,42.389914],[-83.021753,42.392015]]]}},{"type":"Feature","properties":{"id":470,"q":4,"r":8,"demolitions_2014":0,"newbuilds_2014":0,"net_2014":0,"demolitions_2015":0,"newbuilds_2015":0,"net_2015":0,"demolitions_2016":3,"newbuilds_2016":0,"net_2016":-3,"demolitions_2017":0,"newbuilds_2017":0,"net_2017":0,"demolitions_2018":6,"newbuilds_2018":0,"net_2018":-6,"demolitions_2019":7,"newbuilds_2019":0,"net_2019":-7,"demolitions_2020":7,"newbuilds_2020":0,"net_2020":-7,"demolitions_2021":2,"newbuilds_2021":0,"net_2021":-2,"demolitions_2022":2,"newbuilds_2022":0,"net_2022":-2,"demolitions_2023":4,"newbuilds_2023":0,"net_2023":-4,"demolitions_2024":19,"newbuilds_2024":0,"net_2024":-19,"demolitions_2025":9,"newbuilds_2025":0,"net_2025":-9,"demolitions_2026":1,"newbuilds_2026":0,"net_2026":-1},"geometry":{"type":"Polygon","coordinates":[[[-83.016863,42.398317],[-83.016863,42.402519],[-83.021753,42.40462],[-83.026644,42.402519],[-83.026644,42.398317],[-83.021753,42.396217],[-83.016863,42.398317]]]}},{"type":"Feature","properties":{"id":471,"q":4,"r":9,"demolitions_2014":1,"newbuilds_2014":0,"net_2014":-1,"demolitions_2015":1,"newbuilds_2015":0,"net_2015":-1,"demolitions_2016":0,"newbuilds_2016":0,"net_2016":0,"demolitions_2017":0,"newbuilds_2017":0,"net_2017":0,"demolitions_2018":0,"newbuilds_2018":0,"net_2018":0,"demolitions_2019":1,"newbuilds_2019":0,"net_2019":-1,"demolitions_2020":2,"newbuilds_2020":0,"net_2020":-2,"demolitions_2021":12,"newbuilds_2021":0,"net_2021":-12,"demolitions_2022":6,"newbuilds_2022":0,"net_2022":-6,"demolitions_2023":2,"newbuilds_2023":0,"net_2023":-2,"demolitions_2024":10,"newbuilds_2024":0,"net_2024":-10,"demolitions_2025":11,"newbuilds_2025":0,"net_2025":-11,"demolitions_2026":2,"newbuilds_2026":0,"net_2026":-2},"geometry":{"type":"Polygon","coordinates":[[[-83.011973,42.40462],[-83.011973,42.408821],[-83.016863,42.410922],[-83.021753,42.408821],[-83.021753,42.40462],[-83.016863,42.402519],[-83.011973,42.40462]]]}},{"type":"Feature","properties":{"id":472,"q":4,"r":10,"demolitions_2014":0,"newbuilds_2014":0,"net_2014":0,"demolitions_2015":1,"newbuilds_2015":0,"net_2015":-1,"demolitions_2016":0,"newbuilds_2016":0,"net_2016":0,"demolitions_2017":1,"newbuilds_2017":0,"net_2017":-1,"demolitions_2018":0,"newbuilds_2018":0,"net_2018":0,"demolitions_2019":1,"newbuilds_2019":0,"net_2019":-1,"demolitions_2020":2,"newbuilds_2020":0,"net_2020":-2,"demolitions_2021":1,"newbuilds_2021":0,"net_2021":-1,"demolitions_2022":9,"newbuilds_2022":0,"net_2022":-9,"demolitions_2023":1,"newbuilds_2023":0,"net_2023":-1,"demolitions_2024":3,"newbuilds_2024":0,"net_2024":-3,"demolitions_2025":1,"newbuilds_2025":0,"net_2025":-1,"demolitions_2026":0,"newbuilds_2026":0,"net_2026":0},"geometry":{"type":"Polygon","coordinates":[[[-83.007082,42.410922],[-83.007082,42.415123],[-83.011973,42.417224],[-83.016863,42.415123],[-83.016863,42.410922],[-83.011973,42.408821],[-83.007082,42.410922]]]}},{"type":"Feature","properties":{"id":473,"q":4,"r":11,"demolitions_2014":1,"newbuilds_2014":0,"net_2014":-1,"demolitions_2015":3,"newbuilds_2015":0,"net_2015":-3,"demolitions_2016":7,"newbuilds_2016":0,"net_2016":-7,"demolitions_2017":3,"newbuilds_2017":0,"net_2017":-3,"demolitions_2018":3,"newbuilds_2018":0,"net_2018":-3,"demolitions_2019":0,"newbuilds_2019":0,"net_2019":0,"demolitions_2020":1,"newbuilds_2020":0,"net_2020":-1,"demolitions_2021":0,"newbuilds_2021":0,"net_2021":0,"demolitions_2022":1,"newbuilds_2022":0,"net_2022":-1,"demolitions_2023":0,"newbuilds_2023":0,"net_2023":0,"demolitions_2024":1,"newbuilds_2024":0,"net_2024":-1,"demolitions_2025":0,"newbuilds_2025":0,"net_2025":0,"demolitions_2026":0,"newbuilds_2026":0,"net_2026":0},"geometry":{"type":"Polygon","coordinates":[[[-83.002192,42.417224],[-83.002192,42.421426],[-83.007082,42.423526],[-83.011973,42.421426],[-83.011973,42.417224],[-83.007082,42.415123],[-83.002192,42.417224]]]}},{"type":"Feature","properties":{"id":474,"q":4,"r":12,"demolitions_2014":19,"newbuilds_2014":0,"net_2014":-19,"demolitions_2015":6,"newbuilds_2015":0,"net_2015":-6,"demolitions_2016":7,"newbuilds_2016":0,"net_2016":-7,"demolitions_2017":5,"newbuilds_2017":0,"net_2017":-5,"demolitions_2018":13,"newbuilds_2018":0,"net_2018":-13,"demolitions_2019":4,"newbuilds_2019":0,"net_2019":-4,"demolitions_2020":2,"newbuilds_2020":0,"net_2020":-2,"demolitions_2021":1,"newbuilds_2021":0,"net_2021":-1,"demolitions_2022":0,"newbuilds_2022":0,"net_2022":0,"demolitions_2023":4,"newbuilds_2023":0,"net_2023":-4,"demolitions_2024":4,"newbuilds_2024":0,"net_2024":-4,"demolitions_2025":5,"newbuilds_2025":0,"net_2025":-5,"demolitions_2026":0,"newbuilds_2026":0,"net_2026":0},"geometry":{"type":"Polygon","coordinates":[[[-82.997301,42.423526],[-82.997301,42.427728],[-83.002192,42.429829],[-83.007082,42.427728],[-83.007082,42.423526],[-83.002192,42.421426],[-82.997301,42.423526]]]}},{"type":"Feature","properties":{"id":475,"q":4,"r":13,"demolitions_2014":5,"newbuilds_2014":0,"net_2014":-5,"demolitions_2015":4,"newbuilds_2015":0,"net_2015":-4,"demolitions_2016":2,"newbuilds_2016":0,"net_2016":-2,"demolitions_2017":3,"newbuilds_2017":0,"net_2017":-3,"demolitions_2018":4,"newbuilds_2018":0,"net_2018":-4,"demolitions_2019":1,"newbuilds_2019":0,"net_2019":-1,"demolitions_2020":1,"newbuilds_2020":0,"net_2020":-1,"demolitions_2021":1,"newbuilds_2021":0,"net_2021":-1,"demolitions_2022":1,"newbuilds_2022":0,"net_2022":-1,"demolitions_2023":6,"newbuilds_2023":0,"net_2023":-6,"demolitions_2024":6,"newbuilds_2024":0,"net_2024":-6,"demolitions_2025":5,"newbuilds_2025":0,"net_2025":-5,"demolitions_2026":0,"newbuilds_2026":0,"net_2026":0},"geometry":{"type":"Polygon","coordinates":[[[-82.992411,42.429829],[-82.992411,42.43403],[-82.997301,42.436131],[-83.002192,42.43403],[-83.002192,42.429829],[-82.997301,42.427728],[-82.992411,42.429829]]]}},{"type":"Feature","properties":{"id":476,"q":4,"r":14,"demolitions_2014":0,"newbuilds_2014":0,"net_2014":0,"demolitions_2015":13,"newbuilds_2015":0,"net_2015":-13,"demolitions_2016":6,"newbuilds_2016":0,"net_2016":-6,"demolitions_2017":9,"newbuilds_2017":0,"net_2017":-9,"demolitions_2018":12,"newbuilds_2018":0,"net_2018":-12,"demolitions_2019":10,"newbuilds_2019":0,"net_2019":-10,"demolitions_2020":6,"newbuilds_2020":0,"net_2020":-6,"demolitions_2021":1,"newbuilds_2021":0,"net_2021":-1,"demolitions_2022":3,"newbuilds_2022":0,"net_2022":-3,"demolitions_2023":0,"newbuilds_2023":0,"net_2023":0,"demolitions_2024":1,"newbuilds_2024":0,"net_2024":-1,"demolitions_2025":3,"newbuilds_2025":0,"net_2025":-3,"demolitions_2026":0,"newbuilds_2026":0,"net_2026":0},"geometry":{"type":"Polygon","coordinates":[[[-82.98752,42.436131],[-82.98752,42.440332],[-82.992411,42.442433],[-82.997301,42.440332],[-82.997301,42.436131],[-82.992411,42.43403],[-82.98752,42.436131]]]}},{"type":"Feature","properties":{"id":477,"q":4,"r":15,"demolitions_2014":0,"newbuilds_2014":0,"net_2014":0,"demolitions_2015":18,"newbuilds_2015":0,"net_2015":-18,"demolitions_2016":6,"newbuilds_2016":0,"net_2016":-6,"demolitions_2017":0,"newbuilds_2017":0,"net_2017":0,"demolitions_2018":7,"newbuilds_2018":0,"net_2018":-7,"demolitions_2019":3,"newbuilds_2019":0,"net_2019":-3,"demolitions_2020":22,"newbuilds_2020":0,"net_2020":-22,"demolitions_2021":3,"newbuilds_2021":0,"net_2021":-3,"demolitions_2022":5,"newbuilds_2022":0,"net_2022":-5,"demolitions_2023":5,"newbuilds_2023":0,"net_2023":-5,"demolitions_2024":14,"newbuilds_2024":0,"net_2024":-14,"demolitions_2025":5,"newbuilds_2025":0,"net_2025":-5,"demolitions_2026":0,"newbuilds_2026":0,"net_2026":0},"geometry":{"type":"Polygon","coordinates":[[[-82.98263,42.442433],[-82.98263,42.446635],[-82.98752,42.448735],[-82.992411,42.446635],[-82.992411,42.442433],[-82.98752,42.440332],[-82.98263,42.442433]]]}},{"type":"Feature","properties":{"id":478,"q":5,"r":-10,"demolitions_2014":0,"newbuilds_2014":0,"net_2014":0,"demolitions_2015":0,"newbuilds_2015":0,"net_2015":0,"demolitions_2016":0,"newbuilds_2016":0,"net_2016":0,"demolitions_2017":0,"newbuilds_2017":0,"net_2017":0,"demolitions_2018":0,"newbuilds_2018":0,"net_2018":0,"demolitions_2019":0,"newbuilds_2019":0,"net_2019":0,"demolitions_2020":0,"newbuilds_2020":0,"net_2020":0,"demolitions_2021":0,"newbuilds_2021":0,"net_2021":0,"demolitions_2022":0,"newbuilds_2022":0,"net_2022":0,"demolitions_2023":0,"newbuilds_2023":0,"net_2023":0,"demolitions_2024":0,"newbuilds_2024":0,"net_2024":0,"demolitions_2025":0,"newbuilds_2025":0,"net_2025":0,"demolitions_2026":0,"newbuilds_2026":0,"net_2026":0},"geometry":{"type":"Polygon","coordinates":[[[-83.09511,42.284877],[-83.09511,42.289078],[-83.1,42.291179],[-83.10489,42.289078],[-83.10489,42.284877],[-83.1,42.282776],[-83.09511,42.284877]]]}},{"type":"Feature","properties":{"id":479,"q":5,"r":-9,"demolitions_2014":0,"newbuilds_2014":0,"net_2014":0,"demolitions_2015":0,"newbuilds_2015":0,"net_2015":0,"demolitions_2016":0,"newbuilds_2016":0,"net_2016":0,"demolitions_2017":0,"newbuilds_2017":0,"net_2017":0,"demolitions_2018":0,"newbuilds_2018":0,"net_2018":0,"demolitions_2019":0,"newbuilds_2019":0,"net_2019":0,"demolitions_2020":0,"newbuilds_2020":0,"net_2020":0,"demolitions_2021":0,"newbuilds_2021":0,"net_2021":0,"demolitions_2022":0,"newbuilds_2022":0,"net_2022":0,"demolitions_2023":0,"newbuilds_2023":0,"net_2023":0,"demolitions_2024":0,"newbuilds_2024":0,"net_2024":0,"demolitions_2025":0,"newbuilds_2025":0,"net_2025":0,"demolitions_2026":0,"newbuilds_2026":0,"net_2026":0},"geometry":{"type":"Polygon","coordinates":[[[-83.090219,42.291179],[-83.090219,42.29538],[-83.09511,42.297481],[-83.1,42.29538],[-83.1,42.291179],[-83.09511,42.289078],[-83.090219,42.291179]]]}},{"type":"Feature","properties":{"id":480,"q":5,"r":-8,"demolitions_2014":0,"newbuilds_2014":0,"net_2014":0,"demolitions_2015":0,"newbuilds_2015":0,"net_2015":0,"demolitions_2016":0,"newbuilds_2016":0,"net_2016":0,"demolitions_2017":0,"newbuilds_2017":0,"net_2017":0,"demolitions_2018":0,"newbuilds_2018":0,"net_2018":0,"demolitions_2019":0,"newbuilds_2019":0,"net_2019":0,"demolitions_2020":0,"newbuilds_2020":0,"net_2020":0,"demolitions_2021":0,"newbuilds_2021":0,"net_2021":0,"demolitions_2022":0,"newbuilds_2022":0,"net_2022":0,"demolitions_2023":0,"newbuilds_2023":0,"net_2023":0,"demolitions_2024":0,"newbuilds_2024":0,"net_2024":0,"demolitions_2025":0,"newbuilds_2025":0,"net_2025":0,"demolitions_2026":0,"newbuilds_2026":0,"net_2026":0},"geometry":{"type":"Polygon","coordinates":[[[-83.085329,42.297481],[-83.085329,42.301683],[-83.090219,42.303783],[-83.09511,42.301683],[-83.09511,42.297481],[-83.090219,42.29538],[-83.085329,42.297481]]]}},{"type":"Feature","properties":{"id":481,"q":5,"r":-7,"demolitions_2014":0,"newbuilds_2014":0,"net_2014":0,"demolitions_2015":0,"newbuilds_2015":0,"net_2015":0,"demolitions_2016":0,"newbuilds_2016":0,"net_2016":0,"demolitions_2017":0,"newbuilds_2017":0,"net_2017":0,"demolitions_2018":0,"newbuilds_2018":0,"net_2018":0,"demolitions_2019":0,"newbuilds_2019":0,"net_2019":0,"demolitions_2020":0,"newbuilds_2020":0,"net_2020":0,"demolitions_2021":0,"newbuilds_2021":0,"net_2021":0,"demolitions_2022":0,"newbuilds_2022":0,"net_2022":0,"demolitions_2023":0,"newbuilds_2023":0,"net_2023":0,"demolitions_2024":0,"newbuilds_2024":0,"net_2024":0,"demolitions_2025":0,"newbuilds_2025":1,"net_2025":1,"demolitions_2026":0,"newbuilds_2026":0,"net_2026":0},"geometry":{"type":"Polygon","coordinates":[[[-83.080438,42.303783],[-83.080438,42.307985],[-83.085329,42.310086],[-83.090219,42.307985],[-83.090219,42.303783],[-83.085329,42.301683],[-83.080438,42.303783]]]}},{"type":"Feature","properties":{"id":482,"q":5,"r":-6,"demolitions_2014":0,"newbuilds_2014":0,"net_2014":0,"demolitions_2015":0,"newbuilds_2015":0,"net_2015":0,"demolitions_2016":0,"newbuilds_2016":0,"net_2016":0,"demolitions_2017":1,"newbuilds_2017":0,"net_2017":-1,"demolitions_2018":0,"newbuilds_2018":0,"net_2018":0,"demolitions_2019":0,"newbuilds_2019":1,"net_2019":1,"demolitions_2020":0,"newbuilds_2020":0,"net_2020":0,"demolitions_2021":0,"newbuilds_2021":1,"net_2021":1,"demolitions_2022":0,"newbuilds_2022":1,"net_2022":1,"demolitions_2023":0,"newbuilds_2023":0,"net_2023":0,"demolitions_2024":0,"newbuilds_2024":0,"net_2024":0,"demolitions_2025":0,"newbuilds_2025":0,"net_2025":0,"demolitions_2026":0,"newbuilds_2026":0,"net_2026":0},"geometry":{"type":"Polygon","coordinates":[[[-83.075548,42.310086],[-83.075548,42.314287],[-83.080438,42.316388],[-83.085329,42.314287],[-83.085329,42.310086],[-83.080438,42.307985],[-83.075548,42.310086]]]}},{"type":"Feature","properties":{"id":483,"q":5,"r":-5,"demolitions_2014":0,"newbuilds_2014":0,"net_2014":0,"demolitions_2015":0,"newbuilds_2015":0,"net_2015":0,"demolitions_2016":0,"newbuilds_2016":0,"net_2016":0,"demolitions_2017":0,"newbuilds_2017":0,"net_2017":0,"demolitions_2018":0,"newbuilds_2018":0,"net_2018":0,"demolitions_2019":0,"newbuilds_2019":0,"net_2019":0,"demolitions_2020":0,"newbuilds_2020":0,"net_2020":0,"demolitions_2021":0,"newbuilds_2021":0,"net_2021":0,"demolitions_2022":0,"newbuilds_2022":0,"net_2022":0,"demolitions_2023":0,"newbuilds_2023":0,"net_2023":0,"demolitions_2024":0,"newbuilds_2024":0,"net_2024":0,"demolitions_2025":0,"newbuilds_2025":1,"net_2025":1,"demolitions_2026":0,"newbuilds_2026":0,"net_2026":0},"geometry":{"type":"Polygon","coordinates":[[[-83.070658,42.316388],[-83.070658,42.320589],[-83.075548,42.32269],[-83.080438,42.320589],[-83.080438,42.316388],[-83.075548,42.314287],[-83.070658,42.316388]]]}},{"type":"Feature","properties":{"id":484,"q":5,"r":-4,"demolitions_2014":0,"newbuilds_2014":0,"net_2014":0,"demolitions_2015":0,"newbuilds_2015":0,"net_2015":0,"demolitions_2016":0,"newbuilds_2016":0,"net_2016":0,"demolitions_2017":0,"newbuilds_2017":0,"net_2017":0,"demolitions_2018":0,"newbuilds_2018":0,"net_2018":0,"demolitions_2019":0,"newbuilds_2019":0,"net_2019":0,"demolitions_2020":0,"newbuilds_2020":0,"net_2020":0,"demolitions_2021":0,"newbuilds_2021":1,"net_2021":1,"demolitions_2022":0,"newbuilds_2022":0,"net_2022":0,"demolitions_2023":0,"newbuilds_2023":0,"net_2023":0,"demolitions_2024":0,"newbuilds_2024":0,"net_2024":0,"demolitions_2025":0,"newbuilds_2025":1,"net_2025":1,"demolitions_2026":0,"newbuilds_2026":0,"net_2026":0},"geometry":{"type":"Polygon","coordinates":[[[-83.065767,42.32269],[-83.065767,42.326892],[-83.070658,42.328992],[-83.075548,42.326892],[-83.075548,42.32269],[-83.070658,42.320589],[-83.065767,42.32269]]]}},{"type":"Feature","properties":{"id":485,"q":5,"r":-3,"demolitions_2014":0,"newbuilds_2014":0,"net_2014":0,"demolitions_2015":0,"newbuilds_2015":0,"net_2015":0,"demolitions_2016":0,"newbuilds_2016":0,"net_2016":0,"demolitions_2017":0,"newbuilds_2017":0,"net_2017":0,"demolitions_2018":0,"newbuilds_2018":0,"net_2018":0,"demolitions_2019":0,"newbuilds_2019":27,"net_2019":27,"demolitions_2020":0,"newbuilds_2020":0,"net_2020":0,"demolitions_2021":0,"newbuilds_2021":12,"net_2021":12,"demolitions_2022":0,"newbuilds_2022":4,"net_2022":4,"demolitions_2023":0,"newbuilds_2023":5,"net_2023":5,"demolitions_2024":1,"newbuilds_2024":0,"net_2024":-1,"demolitions_2025":0,"newbuilds_2025":4,"net_2025":4,"demolitions_2026":0,"newbuilds_2026":2,"net_2026":2},"geometry":{"type":"Polygon","coordinates":[[[-83.060877,42.328992],[-83.060877,42.333194],[-83.065767,42.335295],[-83.070658,42.333194],[-83.070658,42.328992],[-83.065767,42.326892],[-83.060877,42.328992]]]}},{"type":"Feature","properties":{"id":486,"q":5,"r":-2,"demolitions_2014":0,"newbuilds_2014":0,"net_2014":0,"demolitions_2015":0,"newbuilds_2015":0,"net_2015":0,"demolitions_2016":0,"newbuilds_2016":0,"net_2016":0,"demolitions_2017":0,"newbuilds_2017":0,"net_2017":0,"demolitions_2018":0,"newbuilds_2018":0,"net_2018":0,"demolitions_2019":0,"newbuilds_2019":2,"net_2019":2,"demolitions_2020":0,"newbuilds_2020":0,"net_2020":0,"demolitions_2021":0,"newbuilds_2021":1,"net_2021":1,"demolitions_2022":0,"newbuilds_2022":1,"net_2022":1,"demolitions_2023":0,"newbuilds_2023":1,"net_2023":1,"demolitions_2024":0,"newbuilds_2024":0,"net_2024":0,"demolitions_2025":0,"newbuilds_2025":1,"net_2025":1,"demolitions_2026":0,"newbuilds_2026":1,"net_2026":1},"geometry":{"type":"Polygon","coordinates":[[[-83.055986,42.335295],[-83.055986,42.339496],[-83.060877,42.341597],[-83.065767,42.339496],[-83.065767,42.335295],[-83.060877,42.333194],[-83.055986,42.335295]]]}},{"type":"Feature","properties":{"id":487,"q":5,"r":-1,"demolitions_2014":0,"newbuilds_2014":0,"net_2014":0,"demolitions_2015":0,"newbuilds_2015":0,"net_2015":0,"demolitions_2016":1,"newbuilds_2016":0,"net_2016":-1,"demolitions_2017":0,"newbuilds_2017":0,"net_2017":0,"demolitions_2018":0,"newbuilds_2018":0,"net_2018":0,"demolitions_2019":0,"newbuilds_2019":14,"net_2019":14,"demolitions_2020":0,"newbuilds_2020":15,"net_2020":15,"demolitions_2021":0,"newbuilds_2021":13,"net_2021":13,"demolitions_2022":1,"newbuilds_2022":2,"net_2022":1,"demolitions_2023":0,"newbuilds_2023":4,"net_2023":4,"demolitions_2024":0,"newbuilds_2024":0,"net_2024":0,"demolitions_2025":0,"newbuilds_2025":2,"net_2025":2,"demolitions_2026":0,"newbuilds_2026":1,"net_2026":1},"geometry":{"type":"Polygon","coordinates":[[[-83.051096,42.341597],[-83.051096,42.345798],[-83.055986,42.347899],[-83.060877,42.345798],[-83.060877,42.341597],[-83.055986,42.339496],[-83.051096,42.341597]]]}},{"type":"Feature","properties":{"id":488,"q":5,"r":0,"demolitions_2014":0,"newbuilds_2014":0,"net_2014":0,"demolitions_2015":0,"newbuilds_2015":0,"net_2015":0,"demolitions_2016":0,"newbuilds_2016":0,"net_2016":0,"demolitions_2017":0,"newbuilds_2017":0,"net_2017":0,"demolitions_2018":0,"newbuilds_2018":0,"net_2018":0,"demolitions_2019":0,"newbuilds_2019":1,"net_2019":1,"demolitions_2020":0,"newbuilds_2020":3,"net_2020":3,"demolitions_2021":0,"newbuilds_2021":1,"net_2021":1,"demolitions_2022":0,"newbuilds_2022":1,"net_2022":1,"demolitions_2023":0,"newbuilds_2023":3,"net_2023":3,"demolitions_2024":0,"newbuilds_2024":2,"net_2024":2,"demolitions_2025":0,"newbuilds_2025":0,"net_2025":0,"demolitions_2026":0,"newbuilds_2026":0,"net_2026":0},"geometry":{"type":"Polygon","coordinates":[[[-83.046205,42.347899],[-83.046205,42.352101],[-83.051096,42.354202],[-83.055986,42.352101],[-83.055986,42.347899],[-83.051096,42.345798],[-83.046205,42.347899]]]}},{"type":"Feature","properties":{"id":489,"q":5,"r":1,"demolitions_2014":0,"newbuilds_2014":0,"net_2014":0,"demolitions_2015":0,"newbuilds_2015":0,"net_2015":0,"demolitions_2016":0,"newbuilds_2016":0,"net_2016":0,"demolitions_2017":0,"newbuilds_2017":0,"net_2017":0,"demolitions_2018":0,"newbuilds_2018":0,"net_2018":0,"demolitions_2019":0,"newbuilds_2019":1,"net_2019":1,"demolitions_2020":0,"newbuilds_2020":0,"net_2020":0,"demolitions_2021":0,"newbuilds_2021":0,"net_2021":0,"demolitions_2022":0,"newbuilds_2022":0,"net_2022":0,"demolitions_2023":0,"newbuilds_2023":1,"net_2023":1,"demolitions_2024":0,"newbuilds_2024":0,"net_2024":0,"demolitions_2025":0,"newbuilds_2025":0,"net_2025":0,"demolitions_2026":0,"newbuilds_2026":0,"net_2026":0},"geometry":{"type":"Polygon","coordinates":[[[-83.041315,42.354202],[-83.041315,42.358403],[-83.046205,42.360504],[-83.051096,42.358403],[-83.051096,42.354202],[-83.046205,42.352101],[-83.041315,42.354202]]]}},{"type":"Feature","properties":{"id":490,"q":5,"r":2,"demolitions_2014":0,"newbuilds_2014":0,"net_2014":0,"demolitions_2015":5,"newbuilds_2015":0,"net_2015":-5,"demolitions_2016":7,"newbuilds_2016":0,"net_2016":-7,"demolitions_2017":4,"newbuilds_2017":0,"net_2017":-4,"demolitions_2018":1,"newbuilds_2018":0,"net_2018":-1,"demolitions_2019":4,"newbuilds_2019":1,"net_2019":-3,"demolitions_2020":0,"newbuilds_2020":0,"net_2020":0,"demolitions_2021":2,"newbuilds_2021":0,"net_2021":-2,"demolitions_2022":4,"newbuilds_2022":0,"net_2022":-4,"demolitions_2023":2,"newbuilds_2023":0,"net_2023":-2,"demolitions_2024":3,"newbuilds_2024":0,"net_2024":-3,"demolitions_2025":4,"newbuilds_2025":0,"net_2025":-4,"demolitions_2026":1,"newbuilds_2026":0,"net_2026":-1},"geometry":{"type":"Polygon","coordinates":[[[-83.036425,42.360504],[-83.036425,42.364705],[-83.041315,42.366806],[-83.046205,42.364705],[-83.046205,42.360504],[-83.041315,42.358403],[-83.036425,42.360504]]]}},{"type":"Feature","properties":{"id":491,"q":5,"r":3,"demolitions_2014":2,"newbuilds_2014":0,"net_2014":-2,"demolitions_2015":3,"newbuilds_2015":0,"net_2015":-3,"demolitions_2016":8,"newbuilds_2016":0,"net_2016":-8,"demolitions_2017":3,"newbuilds_2017":0,"net_2017":-3,"demolitions_2018":11,"newbuilds_2018":0,"net_2018":-11,"demolitions_2019":6,"newbuilds_2019":0,"net_2019":-6,"demolitions_2020":7,"newbuilds_2020":0,"net_2020":-7,"demolitions_2021":4,"newbuilds_2021":0,"net_2021":-4,"demolitions_2022":10,"newbuilds_2022":1,"net_2022":-9,"demolitions_2023":6,"newbuilds_2023":0,"net_2023":-6,"demolitions_2024":2,"newbuilds_2024":0,"net_2024":-2,"demolitions_2025":3,"newbuilds_2025":0,"net_2025":-3,"demolitions_2026":0,"newbuilds_2026":0,"net_2026":0},"geometry":{"type":"Polygon","coordinates":[[[-83.031534,42.366806],[-83.031534,42.371008],[-83.036425,42.373108],[-83.041315,42.371008],[-83.041315,42.366806],[-83.036425,42.364705],[-83.031534,42.366806]]]}},{"type":"Feature","properties":{"id":492,"q":5,"r":4,"demolitions_2014":0,"newbuilds_2014":0,"net_2014":0,"demolitions_2015":2,"newbuilds_2015":0,"net_2015":-2,"demolitions_2016":3,"newbuilds_2016":0,"net_2016":-3,"demolitions_2017":3,"newbuilds_2017":0,"net_2017":-3,"demolitions_2018":4,"newbuilds_2018":0,"net_2018":-4,"demolitions_2019":3,"newbuilds_2019":1,"net_2019":-2,"demolitions_2020":0,"newbuilds_2020":0,"net_2020":0,"demolitions_2021":4,"newbuilds_2021":0,"net_2021":-4,"demolitions_2022":11,"newbuilds_2022":1,"net_2022":-10,"demolitions_2023":9,"newbuilds_2023":0,"net_2023":-9,"demolitions_2024":2,"newbuilds_2024":0,"net_2024":-2,"demolitions_2025":1,"newbuilds_2025":0,"net_2025":-1,"demolitions_2026":0,"newbuilds_2026":0,"net_2026":0},"geometry":{"type":"Polygon","coordinates":[[[-83.026644,42.373108],[-83.026644,42.37731],[-83.031534,42.379411],[-83.036425,42.37731],[-83.036425,42.373108],[-83.031534,42.371008],[-83.026644,42.373108]]]}},{"type":"Feature","properties":{"id":493,"q":5,"r":5,"demolitions_2014":0,"newbuilds_2014":0,"net_2014":0,"demolitions_2015":2,"newbuilds_2015":0,"net_2015":-2,"demolitions_2016":2,"newbuilds_2016":0,"net_2016":-2,"demolitions_2017":1,"newbuilds_2017":0,"net_2017":-1,"demolitions_2018":3,"newbuilds_2018":0,"net_2018":-3,"demolitions_2019":7,"newbuilds_2019":0,"net_2019":-7,"demolitions_2020":2,"newbuilds_2020":0,"net_2020":-2,"demolitions_2021":9,"newbuilds_2021":0,"net_2021":-9,"demolitions_2022":10,"newbuilds_2022":0,"net_2022":-10,"demolitions_2023":11,"newbuilds_2023":0,"net_2023":-11,"demolitions_2024":3,"newbuilds_2024":0,"net_2024":-3,"demolitions_2025":7,"newbuilds_2025":0,"net_2025":-7,"demolitions_2026":1,"newbuilds_2026":0,"net_2026":-1},"geometry":{"type":"Polygon","coordinates":[[[-83.021753,42.379411],[-83.021753,42.383612],[-83.026644,42.385713],[-83.031534,42.383612],[-83.031534,42.379411],[-83.026644,42.37731],[-83.021753,42.379411]]]}},{"type":"Feature","properties":{"id":494,"q":5,"r":6,"demolitions_2014":1,"newbuilds_2014":0,"net_2014":-1,"demolitions_2015":5,"newbuilds_2015":0,"net_2015":-5,"demolitions_2016":11,"newbuilds_2016":0,"net_2016":-11,"demolitions_2017":2,"newbuilds_2017":0,"net_2017":-2,"demolitions_2018":4,"newbuilds_2018":0,"net_2018":-4,"demolitions_2019":21,"newbuilds_2019":0,"net_2019":-21,"demolitions_2020":8,"newbuilds_2020":0,"net_2020":-8,"demolitions_2021":1,"newbuilds_2021":0,"net_2021":-1,"demolitions_2022":4,"newbuilds_2022":1,"net_2022":-3,"demolitions_2023":3,"newbuilds_2023":0,"net_2023":-3,"demolitions_2024":15,"newbuilds_2024":0,"net_2024":-15,"demolitions_2025":13,"newbuilds_2025":0,"net_2025":-13,"demolitions_2026":0,"newbuilds_2026":0,"net_2026":0},"geometry":{"type":"Polygon","coordinates":[[[-83.016863,42.385713],[-83.016863,42.389914],[-83.021753,42.392015],[-83.026644,42.389914],[-83.026644,42.385713],[-83.021753,42.383612],[-83.016863,42.385713]]]}},{"type":"Feature","properties":{"id":495,"q":5,"r":7,"demolitions_2014":3,"newbuilds_2014":0,"net_2014":-3,"demolitions_2015":1,"newbuilds_2015":0,"net_2015":-1,"demolitions_2016":5,"newbuilds_2016":0,"net_2016":-5,"demolitions_2017":7,"newbuilds_2017":0,"net_2017":-7,"demolitions_2018":12,"newbuilds_2018":0,"net_2018":-12,"demolitions_2019":12,"newbuilds_2019":0,"net_2019":-12,"demolitions_2020":14,"newbuilds_2020":0,"net_2020":-14,"demolitions_2021":5,"newbuilds_2021":0,"net_2021":-5,"demolitions_2022":5,"newbuilds_2022":0,"net_2022":-5,"demolitions_2023":20,"newbuilds_2023":0,"net_2023":-20,"demolitions_2024":15,"newbuilds_2024":0,"net_2024":-15,"demolitions_2025":8,"newbuilds_2025":0,"net_2025":-8,"demolitions_2026":1,"newbuilds_2026":0,"net_2026":-1},"geometry":{"type":"Polygon","coordinates":[[[-83.011973,42.392015],[-83.011973,42.396217],[-83.016863,42.398317],[-83.021753,42.396217],[-83.021753,42.392015],[-83.016863,42.389914],[-83.011973,42.392015]]]}},{"type":"Feature","properties":{"id":496,"q":5,"r":8,"demolitions_2014":0,"newbuilds_2014":0,"net_2014":0,"demolitions_2015":0,"newbuilds_2015":0,"net_2015":0,"demolitions_2016":2,"newbuilds_2016":0,"net_2016":-2,"demolitions_2017":5,"newbuilds_2017":0,"net_2017":-5,"demolitions_2018":0,"newbuilds_2018":0,"net_2018":0,"demolitions_2019":10,"newbuilds_2019":0,"net_2019":-10,"demolitions_2020":9,"newbuilds_2020":0,"net_2020":-9,"demolitions_2021":4,"newbuilds_2021":0,"net_2021":-4,"demolitions_2022":8,"newbuilds_2022":0,"net_2022":-8,"demolitions_2023":8,"newbuilds_2023":0,"net_2023":-8,"demolitions_2024":8,"newbuilds_2024":0,"net_2024":-8,"demolitions_2025":2,"newbuilds_2025":0,"net_2025":-2,"demolitions_2026":1,"newbuilds_2026":0,"net_2026":-1},"geometry":{"type":"Polygon","coordinates":[[[-83.007082,42.398317],[-83.007082,42.402519],[-83.011973,42.40462],[-83.016863,42.402519],[-83.016863,42.398317],[-83.011973,42.396217],[-83.007082,42.398317]]]}},{"type":"Feature","properties":{"id":497,"q":5,"r":9,"demolitions_2014":0,"newbuilds_2014":0,"net_2014":0,"demolitions_2015":0,"newbuilds_2015":0,"net_2015":0,"demolitions_2016":0,"newbuilds_2016":0,"net_2016":0,"demolitions_2017":0,"newbuilds_2017":0,"net_2017":0,"demolitions_2018":0,"newbuilds_2018":0,"net_2018":0,"demolitions_2019":0,"newbuilds_2019":0,"net_2019":0,"demolitions_2020":0,"newbuilds_2020":0,"net_2020":0,"demolitions_2021":0,"newbuilds_2021":0,"net_2021":0,"demolitions_2022":0,"newbuilds_2022":0,"net_2022":0,"demolitions_2023":0,"newbuilds_2023":0,"net_2023":0,"demolitions_2024":0,"newbuilds_2024":0,"net_2024":0,"demolitions_2025":0,"newbuilds_2025":0,"net_2025":0,"demolitions_2026":0,"newbuilds_2026":0,"net_2026":0},"geometry":{"type":"Polygon","coordinates":[[[-83.002192,42.40462],[-83.002192,42.408821],[-83.007082,42.410922],[-83.011973,42.408821],[-83.011973,42.40462],[-83.007082,42.402519],[-83.002192,42.40462]]]}},{"type":"Feature","properties":{"id":498,"q":5,"r":10,"demolitions_2014":2,"newbuilds_2014":0,"net_2014":-2,"demolitions_2015":30,"newbuilds_2015":0,"net_2015":-30,"demolitions_2016":7,"newbuilds_2016":0,"net_2016":-7,"demolitions_2017":5,"newbuilds_2017":0,"net_2017":-5,"demolitions_2018":12,"newbuilds_2018":0,"net_2018":-12,"demolitions_2019":5,"newbuilds_2019":0,"net_2019":-5,"demolitions_2020":2,"newbuilds_2020":0,"net_2020":-2,"demolitions_2021":0,"newbuilds_2021":0,"net_2021":0,"demolitions_2022":0,"newbuilds_2022":0,"net_2022":0,"demolitions_2023":9,"newbuilds_2023":0,"net_2023":-9,"demolitions_2024":5,"newbuilds_2024":0,"net_2024":-5,"demolitions_2025":11,"newbuilds_2025":1,"net_2025":-10,"demolitions_2026":0,"newbuilds_2026":0,"net_2026":0},"geometry":{"type":"Polygon","coordinates":[[[-82.997301,42.410922],[-82.997301,42.415123],[-83.002192,42.417224],[-83.007082,42.415123],[-83.007082,42.410922],[-83.002192,42.408821],[-82.997301,42.410922]]]}},{"type":"Feature","properties":{"id":499,"q":5,"r":11,"demolitions_2014":3,"newbuilds_2014":0,"net_2014":-3,"demolitions_2015":4,"newbuilds_2015":0,"net_2015":-4,"demolitions_2016":4,"newbuilds_2016":0,"net_2016":-4,"demolitions_2017":7,"newbuilds_2017":0,"net_2017":-7,"demolitions_2018":0,"newbuilds_2018":0,"net_2018":0,"demolitions_2019":17,"newbuilds_2019":0,"net_2019":-17,"demolitions_2020":5,"newbuilds_2020":0,"net_2020":-5,"demolitions_2021":6,"newbuilds_2021":0,"net_2021":-6,"demolitions_2022":3,"newbuilds_2022":0,"net_2022":-3,"demolitions_2023":4,"newbuilds_2023":0,"net_2023":-4,"demolitions_2024":16,"newbuilds_2024":0,"net_2024":-16,"demolitions_2025":16,"newbuilds_2025":0,"net_2025":-16,"demolitions_2026":1,"newbuilds_2026":0,"net_2026":-1},"geometry":{"type":"Polygon","coordinates":[[[-82.992411,42.417224],[-82.992411,42.421426],[-82.997301,42.423526],[-83.002192,42.421426],[-83.002192,42.417224],[-82.997301,42.415123],[-82.992411,42.417224]]]}},{"type":"Feature","properties":{"id":500,"q":5,"r":12,"demolitions_2014":0,"newbuilds_2014":0,"net_2014":0,"demolitions_2015":8,"newbuilds_2015":0,"net_2015":-8,"demolitions_2016":4,"newbuilds_2016":0,"net_2016":-4,"demolitions_2017":2,"newbuilds_2017":0,"net_2017":-2,"demolitions_2018":3,"newbuilds_2018":0,"net_2018":-3,"demolitions_2019":3,"newbuilds_2019":0,"net_2019":-3,"demolitions_2020":9,"newbuilds_2020":0,"net_2020":-9,"demolitions_2021":0,"newbuilds_2021":0,"net_2021":0,"demolitions_2022":7,"newbuilds_2022":0,"net_2022":-7,"demolitions_2023":36,"newbuilds_2023":0,"net_2023":-36,"demolitions_2024":41,"newbuilds_2024":0,"net_2024":-41,"demolitions_2025":34,"newbuilds_2025":0,"net_2025":-34,"demolitions_2026":1,"newbuilds_2026":0,"net_2026":-1},"geometry":{"type":"Polygon","coordinates":[[[-82.98752,42.423526],[-82.98752,42.427728],[-82.992411,42.429829],[-82.997301,42.427728],[-82.997301,42.423526],[-82.992411,42.421426],[-82.98752,42.423526]]]}},{"type":"Feature","properties":{"id":501,"q":5,"r":13,"demolitions_2014":0,"newbuilds_2014":0,"net_2014":0,"demolitions_2015":17,"newbuilds_2015":0,"net_2015":-17,"demolitions_2016":2,"newbuilds_2016":0,"net_2016":-2,"demolitions_2017":1,"newbuilds_2017":0,"net_2017":-1,"demolitions_2018":5,"newbuilds_2018":0,"net_2018":-5,"demolitions_2019":54,"newbuilds_2019":0,"net_2019":-54,"demolitions_2020":1,"newbuilds_2020":0,"net_2020":-1,"demolitions_2021":2,"newbuilds_2021":0,"net_2021":-2,"demolitions_2022":12,"newbuilds_2022":0,"net_2022":-12,"demolitions_2023":18,"newbuilds_2023":0,"net_2023":-18,"demolitions_2024":33,"newbuilds_2024":0,"net_2024":-33,"demolitions_2025":8,"newbuilds_2025":0,"net_2025":-8,"demolitions_2026":1,"newbuilds_2026":0,"net_2026":-1},"geometry":{"type":"Polygon","coordinates":[[[-82.98263,42.429829],[-82.98263,42.43403],[-82.98752,42.436131],[-82.992411,42.43403],[-82.992411,42.429829],[-82.98752,42.427728],[-82.98263,42.429829]]]}},{"type":"Feature","properties":{"id":502,"q":5,"r":14,"demolitions_2014":1,"newbuilds_2014":0,"net_2014":-1,"demolitions_2015":11,"newbuilds_2015":0,"net_2015":-11,"demolitions_2016":5,"newbuilds_2016":0,"net_2016":-5,"demolitions_2017":7,"newbuilds_2017":0,"net_2017":-7,"demolitions_2018":4,"newbuilds_2018":0,"net_2018":-4,"demolitions_2019":7,"newbuilds_2019":0,"net_2019":-7,"demolitions_2020":1,"newbuilds_2020":0,"net_2020":-1,"demolitions_2021":26,"newbuilds_2021":0,"net_2021":-26,"demolitions_2022":40,"newbuilds_2022":0,"net_2022":-40,"demolitions_2023":21,"newbuilds_2023":0,"net_2023":-21,"demolitions_2024":23,"newbuilds_2024":0,"net_2024":-23,"demolitions_2025":10,"newbuilds_2025":0,"net_2025":-10,"demolitions_2026":1,"newbuilds_2026":0,"net_2026":-1},"geometry":{"type":"Polygon","coordinates":[[[-82.97774,42.436131],[-82.97774,42.440332],[-82.98263,42.442433],[-82.98752,42.440332],[-82.98752,42.436131],[-82.98263,42.43403],[-82.97774,42.436131]]]}},{"type":"Feature","properties":{"id":503,"q":5,"r":15,"demolitions_2014":1,"newbuilds_2014":0,"net_2014":-1,"demolitions_2015":5,"newbuilds_2015":0,"net_2015":-5,"demolitions_2016":0,"newbuilds_2016":0,"net_2016":0,"demolitions_2017":0,"newbuilds_2017":0,"net_2017":0,"demolitions_2018":1,"newbuilds_2018":0,"net_2018":-1,"demolitions_2019":1,"newbuilds_2019":0,"net_2019":-1,"demolitions_2020":1,"newbuilds_2020":0,"net_2020":-1,"demolitions_2021":1,"newbuilds_2021":0,"net_2021":-1,"demolitions_2022":8,"newbuilds_2022":0,"net_2022":-8,"demolitions_2023":9,"newbuilds_2023":0,"net_2023":-9,"demolitions_2024":10,"newbuilds_2024":0,"net_2024":-10,"demolitions_2025":3,"newbuilds_2025":0,"net_2025":-3,"demolitions_2026":0,"newbuilds_2026":0,"net_2026":0},"geometry":{"type":"Polygon","coordinates":[[[-82.972849,42.442433],[-82.972849,42.446635],[-82.97774,42.448735],[-82.98263,42.446635],[-82.98263,42.442433],[-82.97774,42.440332],[-82.972849,42.442433]]]}},{"type":"Feature","properties":{"id":504,"q":6,"r":-5,"demolitions_2014":0,"newbuilds_2014":0,"net_2014":0,"demolitions_2015":1,"newbuilds_2015":0,"net_2015":-1,"demolitions_2016":0,"newbuilds_2016":0,"net_2016":0,"demolitions_2017":0,"newbuilds_2017":0,"net_2017":0,"demolitions_2018":0,"newbuilds_2018":0,"net_2018":0,"demolitions_2019":0,"newbuilds_2019":0,"net_2019":0,"demolitions_2020":0,"newbuilds_2020":0,"net_2020":0,"demolitions_2021":0,"newbuilds_2021":1,"net_2021":1,"demolitions_2022":0,"newbuilds_2022":0,"net_2022":0,"demolitions_2023":0,"newbuilds_2023":0,"net_2023":0,"demolitions_2024":0,"newbuilds_2024":0,"net_2024":0,"demolitions_2025":0,"newbuilds_2025":0,"net_2025":0,"demolitions_2026":0,"newbuilds_2026":0,"net_2026":0},"geometry":{"type":"Polygon","coordinates":[[[-83.060877,42.316388],[-83.060877,42.320589],[-83.065767,42.32269],[-83.070658,42.320589],[-83.070658,42.316388],[-83.065767,42.314287],[-83.060877,42.316388]]]}},{"type":"Feature","properties":{"id":505,"q":6,"r":-4,"demolitions_2014":0,"newbuilds_2014":0,"net_2014":0,"demolitions_2015":0,"newbuilds_2015":0,"net_2015":0,"demolitions_2016":0,"newbuilds_2016":0,"net_2016":0,"demolitions_2017":0,"newbuilds_2017":0,"net_2017":0,"demolitions_2018":0,"newbuilds_2018":0,"net_2018":0,"demolitions_2019":0,"newbuilds_2019":4,"net_2019":4,"demolitions_2020":0,"newbuilds_2020":0,"net_2020":0,"demolitions_2021":0,"newbuilds_2021":0,"net_2021":0,"demolitions_2022":0,"newbuilds_2022":0,"net_2022":0,"demolitions_2023":0,"newbuilds_2023":0,"net_2023":0,"demolitions_2024":1,"newbuilds_2024":0,"net_2024":-1,"demolitions_2025":0,"newbuilds_2025":0,"net_2025":0,"demolitions_2026":0,"newbuilds_2026":0,"net_2026":0},"geometry":{"type":"Polygon","coordinates":[[[-83.055986,42.32269],[-83.055986,42.326892],[-83.060877,42.328992],[-83.065767,42.326892],[-83.065767,42.32269],[-83.060877,42.320589],[-83.055986,42.32269]]]}},{"type":"Feature","properties":{"id":506,"q":6,"r":-3,"demolitions_2014":0,"newbuilds_2014":0,"net_2014":0,"demolitions_2015":0,"newbuilds_2015":0,"net_2015":0,"demolitions_2016":0,"newbuilds_2016":0,"net_2016":0,"demolitions_2017":0,"newbuilds_2017":0,"net_2017":0,"demolitions_2018":0,"newbuilds_2018":0,"net_2018":0,"demolitions_2019":0,"newbuilds_2019":3,"net_2019":3,"demolitions_2020":0,"newbuilds_2020":1,"net_2020":1,"demolitions_2021":0,"newbuilds_2021":1,"net_2021":1,"demolitions_2022":0,"newbuilds_2022":2,"net_2022":2,"demolitions_2023":0,"newbuilds_2023":0,"net_2023":0,"demolitions_2024":0,"newbuilds_2024":1,"net_2024":1,"demolitions_2025":0,"newbuilds_2025":0,"net_2025":0,"demolitions_2026":0,"newbuilds_2026":0,"net_2026":0},"geometry":{"type":"Polygon","coordinates":[[[-83.051096,42.328992],[-83.051096,42.333194],[-83.055986,42.335295],[-83.060877,42.333194],[-83.060877,42.328992],[-83.055986,42.326892],[-83.051096,42.328992]]]}},{"type":"Feature","properties":{"id":507,"q":6,"r":-2,"demolitions_2014":0,"newbuilds_2014":0,"net_2014":0,"demolitions_2015":0,"newbuilds_2015":0,"net_2015":0,"demolitions_2016":0,"newbuilds_2016":0,"net_2016":0,"demolitions_2017":0,"newbuilds_2017":0,"net_2017":0,"demolitions_2018":0,"newbuilds_2018":0,"net_2018":0,"demolitions_2019":0,"newbuilds_2019":1,"net_2019":1,"demolitions_2020":0,"newbuilds_2020":2,"net_2020":2,"demolitions_2021":0,"newbuilds_2021":0,"net_2021":0,"demolitions_2022":0,"newbuilds_2022":4,"net_2022":4,"demolitions_2023":0,"newbuilds_2023":0,"net_2023":0,"demolitions_2024":0,"newbuilds_2024":0,"net_2024":0,"demolitions_2025":0,"newbuilds_2025":0,"net_2025":0,"demolitions_2026":0,"newbuilds_2026":0,"net_2026":0},"geometry":{"type":"Polygon","coordinates":[[[-83.046205,42.335295],[-83.046205,42.339496],[-83.051096,42.341597],[-83.055986,42.339496],[-83.055986,42.335295],[-83.051096,42.333194],[-83.046205,42.335295]]]}},{"type":"Feature","properties":{"id":508,"q":6,"r":-1,"demolitions_2014":0,"newbuilds_2014":0,"net_2014":0,"demolitions_2015":0,"newbuilds_2015":0,"net_2015":0,"demolitions_2016":0,"newbuilds_2016":0,"net_2016":0,"demolitions_2017":0,"newbuilds_2017":0,"net_2017":0,"demolitions_2018":0,"newbuilds_2018":0,"net_2018":0,"demolitions_2019":0,"newbuilds_2019":4,"net_2019":4,"demolitions_2020":0,"newbuilds_2020":0,"net_2020":0,"demolitions_2021":0,"newbuilds_2021":0,"net_2021":0,"demolitions_2022":0,"newbuilds_2022":1,"net_2022":1,"demolitions_2023":0,"newbuilds_2023":0,"net_2023":0,"demolitions_2024":0,"newbuilds_2024":1,"net_2024":1,"demolitions_2025":0,"newbuilds_2025":4,"net_2025":4,"demolitions_2026":0,"newbuilds_2026":0,"net_2026":0},"geometry":{"type":"Polygon","coordinates":[[[-83.041315,42.341597],[-83.041315,42.345798],[-83.046205,42.347899],[-83.051096,42.345798],[-83.051096,42.341597],[-83.046205,42.339496],[-83.041315,42.341597]]]}},{"type":"Feature","properties":{"id":509,"q":6,"r":0,"demolitions_2014":0,"newbuilds_2014":0,"net_2014":0,"demolitions_2015":0,"newbuilds_2015":0,"net_2015":0,"demolitions_2016":0,"newbuilds_2016":0,"net_2016":0,"demolitions_2017":0,"newbuilds_2017":0,"net_2017":0,"demolitions_2018":0,"newbuilds_2018":0,"net_2018":0,"demolitions_2019":0,"newbuilds_2019":0,"net_2019":0,"demolitions_2020":0,"newbuilds_2020":1,"net_2020":1,"demolitions_2021":0,"newbuilds_2021":0,"net_2021":0,"demolitions_2022":0,"newbuilds_2022":1,"net_2022":1,"demolitions_2023":0,"newbuilds_2023":1,"net_2023":1,"demolitions_2024":0,"newbuilds_2024":0,"net_2024":0,"demolitions_2025":0,"newbuilds_2025":0,"net_2025":0,"demolitions_2026":0,"newbuilds_2026":0,"net_2026":0},"geometry":{"type":"Polygon","coordinates":[[[-83.036425,42.347899],[-83.036425,42.352101],[-83.041315,42.354202],[-83.046205,42.352101],[-83.046205,42.347899],[-83.041315,42.345798],[-83.036425,42.347899]]]}},{"type":"Feature","properties":{"id":510,"q":6,"r":1,"demolitions_2014":1,"newbuilds_2014":0,"net_2014":-1,"demolitions_2015":4,"newbuilds_2015":0,"net_2015":-4,"demolitions_2016":8,"newbuilds_2016":0,"net_2016":-8,"demolitions_2017":10,"newbuilds_2017":0,"net_2017":-10,"demolitions_2018":3,"newbuilds_2018":0,"net_2018":-3,"demolitions_2019":4,"newbuilds_2019":0,"net_2019":-4,"demolitions_2020":1,"newbuilds_2020":0,"net_2020":-1,"demolitions_2021":0,"newbuilds_2021":0,"net_2021":0,"demolitions_2022":1,"newbuilds_2022":0,"net_2022":-1,"demolitions_2023":2,"newbuilds_2023":0,"net_2023":-2,"demolitions_2024":0,"newbuilds_2024":0,"net_2024":0,"demolitions_2025":0,"newbuilds_2025":0,"net_2025":0,"demolitions_2026":0,"newbuilds_2026":0,"net_2026":0},"geometry":{"type":"Polygon","coordinates":[[[-83.031534,42.354202],[-83.031534,42.358403],[-83.036425,42.360504],[-83.041315,42.358403],[-83.041315,42.354202],[-83.036425,42.352101],[-83.031534,42.354202]]]}},{"type":"Feature","properties":{"id":511,"q":6,"r":2,"demolitions_2014":0,"newbuilds_2014":0,"net_2014":0,"demolitions_2015":17,"newbuilds_2015":0,"net_2015":-17,"demolitions_2016":15,"newbuilds_2016":0,"net_2016":-15,"demolitions_2017":4,"newbuilds_2017":0,"net_2017":-4,"demolitions_2018":12,"newbuilds_2018":0,"net_2018":-12,"demolitions_2019":7,"newbuilds_2019":0,"net_2019":-7,"demolitions_2020":3,"newbuilds_2020":0,"net_2020":-3,"demolitions_2021":0,"newbuilds_2021":1,"net_2021":1,"demolitions_2022":0,"newbuilds_2022":0,"net_2022":0,"demolitions_2023":6,"newbuilds_2023":0,"net_2023":-6,"demolitions_2024":2,"newbuilds_2024":0,"net_2024":-2,"demolitions_2025":8,"newbuilds_2025":0,"net_2025":-8,"demolitions_2026":1,"newbuilds_2026":0,"net_2026":-1},"geometry":{"type":"Polygon","coordinates":[[[-83.026644,42.360504],[-83.026644,42.364705],[-83.031534,42.366806],[-83.036425,42.364705],[-83.036425,42.360504],[-83.031534,42.358403],[-83.026644,42.360504]]]}},{"type":"Feature","properties":{"id":512,"q":6,"r":3,"demolitions_2014":3,"newbuilds_2014":0,"net_2014":-3,"demolitions_2015":13,"newbuilds_2015":0,"net_2015":-13,"demolitions_2016":18,"newbuilds_2016":0,"net_2016":-18,"demolitions_2017":11,"newbuilds_2017":0,"net_2017":-11,"demolitions_2018":2,"newbuilds_2018":0,"net_2018":-2,"demolitions_2019":3,"newbuilds_2019":0,"net_2019":-3,"demolitions_2020":0,"newbuilds_2020":0,"net_2020":0,"demolitions_2021":0,"newbuilds_2021":0,"net_2021":0,"demolitions_2022":1,"newbuilds_2022":0,"net_2022":-1,"demolitions_2023":5,"newbuilds_2023":0,"net_2023":-5,"demolitions_2024":0,"newbuilds_2024":0,"net_2024":0,"demolitions_2025":2,"newbuilds_2025":0,"net_2025":-2,"demolitions_2026":1,"newbuilds_2026":0,"net_2026":-1},"geometry":{"type":"Polygon","coordinates":[[[-83.021753,42.366806],[-83.021753,42.371008],[-83.026644,42.373108],[-83.031534,42.371008],[-83.031534,42.366806],[-83.026644,42.364705],[-83.021753,42.366806]]]}},{"type":"Feature","properties":{"id":513,"q":6,"r":4,"demolitions_2014":0,"newbuilds_2014":0,"net_2014":0,"demolitions_2015":6,"newbuilds_2015":0,"net_2015":-6,"demolitions_2016":3,"newbuilds_2016":0,"net_2016":-3,"demolitions_2017":8,"newbuilds_2017":0,"net_2017":-8,"demolitions_2018":3,"newbuilds_2018":0,"net_2018":-3,"demolitions_2019":4,"newbuilds_2019":0,"net_2019":-4,"demolitions_2020":2,"newbuilds_2020":0,"net_2020":-2,"demolitions_2021":2,"newbuilds_2021":0,"net_2021":-2,"demolitions_2022":2,"newbuilds_2022":0,"net_2022":-2,"demolitions_2023":6,"newbuilds_2023":0,"net_2023":-6,"demolitions_2024":3,"newbuilds_2024":0,"net_2024":-3,"demolitions_2025":5,"newbuilds_2025":0,"net_2025":-5,"demolitions_2026":0,"newbuilds_2026":0,"net_2026":0},"geometry":{"type":"Polygon","coordinates":[[[-83.016863,42.373108],[-83.016863,42.37731],[-83.021753,42.379411],[-83.026644,42.37731],[-83.026644,42.373108],[-83.021753,42.371008],[-83.016863,42.373108]]]}},{"type":"Feature","properties":{"id":514,"q":6,"r":5,"demolitions_2014":5,"newbuilds_2014":0,"net_2014":-5,"demolitions_2015":0,"newbuilds_2015":0,"net_2015":0,"demolitions_2016":2,"newbuilds_2016":0,"net_2016":-2,"demolitions_2017":3,"newbuilds_2017":0,"net_2017":-3,"demolitions_2018":6,"newbuilds_2018":0,"net_2018":-6,"demolitions_2019":6,"newbuilds_2019":0,"net_2019":-6,"demolitions_2020":8,"newbuilds_2020":1,"net_2020":-7,"demolitions_2021":0,"newbuilds_2021":0,"net_2021":0,"demolitions_2022":2,"newbuilds_2022":0,"net_2022":-2,"demolitions_2023":14,"newbuilds_2023":0,"net_2023":-14,"demolitions_2024":3,"newbuilds_2024":0,"net_2024":-3,"demolitions_2025":5,"newbuilds_2025":0,"net_2025":-5,"demolitions_2026":2,"newbuilds_2026":0,"net_2026":-2},"geometry":{"type":"Polygon","coordinates":[[[-83.011973,42.379411],[-83.011973,42.383612],[-83.016863,42.385713],[-83.021753,42.383612],[-83.021753,42.379411],[-83.016863,42.37731],[-83.011973,42.379411]]]}},{"type":"Feature","properties":{"id":515,"q":6,"r":6,"demolitions_2014":1,"newbuilds_2014":0,"net_2014":-1,"demolitions_2015":13,"newbuilds_2015":0,"net_2015":-13,"demolitions_2016":2,"newbuilds_2016":0,"net_2016":-2,"demolitions_2017":11,"newbuilds_2017":0,"net_2017":-11,"demolitions_2018":2,"newbuilds_2018":0,"net_2018":-2,"demolitions_2019":14,"newbuilds_2019":0,"net_2019":-14,"demolitions_2020":14,"newbuilds_2020":0,"net_2020":-14,"demolitions_2021":4,"newbuilds_2021":0,"net_2021":-4,"demolitions_2022":4,"newbuilds_2022":1,"net_2022":-3,"demolitions_2023":15,"newbuilds_2023":0,"net_2023":-15,"demolitions_2024":15,"newbuilds_2024":0,"net_2024":-15,"demolitions_2025":15,"newbuilds_2025":0,"net_2025":-15,"demolitions_2026":1,"newbuilds_2026":0,"net_2026":-1},"geometry":{"type":"Polygon","coordinates":[[[-83.007082,42.385713],[-83.007082,42.389914],[-83.011973,42.392015],[-83.016863,42.389914],[-83.016863,42.385713],[-83.011973,42.383612],[-83.007082,42.385713]]]}},{"type":"Feature","properties":{"id":516,"q":6,"r":7,"demolitions_2014":2,"newbuilds_2014":0,"net_2014":-2,"demolitions_2015":3,"newbuilds_2015":0,"net_2015":-3,"demolitions_2016":3,"newbuilds_2016":0,"net_2016":-3,"demolitions_2017":10,"newbuilds_2017":0,"net_2017":-10,"demolitions_2018":3,"newbuilds_2018":0,"net_2018":-3,"demolitions_2019":8,"newbuilds_2019":0,"net_2019":-8,"demolitions_2020":3,"newbuilds_2020":0,"net_2020":-3,"demolitions_2021":5,"newbuilds_2021":0,"net_2021":-5,"demolitions_2022":20,"newbuilds_2022":0,"net_2022":-20,"demolitions_2023":19,"newbuilds_2023":0,"net_2023":-19,"demolitions_2024":4,"newbuilds_2024":0,"net_2024":-4,"demolitions_2025":3,"newbuilds_2025":0,"net_2025":-3,"demolitions_2026":0,"newbuilds_2026":0,"net_2026":0},"geometry":{"type":"Polygon","coordinates":[[[-83.002192,42.392015],[-83.002192,42.396217],[-83.007082,42.398317],[-83.011973,42.396217],[-83.011973,42.392015],[-83.007082,42.389914],[-83.002192,42.392015]]]}},{"type":"Feature","properties":{"id":517,"q":6,"r":8,"demolitions_2014":4,"newbuilds_2014":0,"net_2014":-4,"demolitions_2015":3,"newbuilds_2015":0,"net_2015":-3,"demolitions_2016":3,"newbuilds_2016":0,"net_2016":-3,"demolitions_2017":2,"newbuilds_2017":0,"net_2017":-2,"demolitions_2018":1,"newbuilds_2018":0,"net_2018":-1,"demolitions_2019":8,"newbuilds_2019":0,"net_2019":-8,"demolitions_2020":3,"newbuilds_2020":0,"net_2020":-3,"demolitions_2021":6,"newbuilds_2021":0,"net_2021":-6,"demolitions_2022":4,"newbuilds_2022":0,"net_2022":-4,"demolitions_2023":8,"newbuilds_2023":1,"net_2023":-7,"demolitions_2024":5,"newbuilds_2024":0,"net_2024":-5,"demolitions_2025":1,"newbuilds_2025":0,"net_2025":-1,"demolitions_2026":1,"newbuilds_2026":0,"net_2026":-1},"geometry":{"type":"Polygon","coordinates":[[[-82.997301,42.398317],[-82.997301,42.402519],[-83.002192,42.40462],[-83.007082,42.402519],[-83.007082,42.398317],[-83.002192,42.396217],[-82.997301,42.398317]]]}},{"type":"Feature","properties":{"id":518,"q":6,"r":9,"demolitions_2014":0,"newbuilds_2014":0,"net_2014":0,"demolitions_2015":3,"newbuilds_2015":0,"net_2015":-3,"demolitions_2016":3,"newbuilds_2016":0,"net_2016":-3,"demolitions_2017":7,"newbuilds_2017":0,"net_2017":-7,"demolitions_2018":2,"newbuilds_2018":0,"net_2018":-2,"demolitions_2019":11,"newbuilds_2019":0,"net_2019":-11,"demolitions_2020":1,"newbuilds_2020":0,"net_2020":-1,"demolitions_2021":1,"newbuilds_2021":0,"net_2021":-1,"demolitions_2022":24,"newbuilds_2022":0,"net_2022":-24,"demolitions_2023":9,"newbuilds_2023":0,"net_2023":-9,"demolitions_2024":1,"newbuilds_2024":0,"net_2024":-1,"demolitions_2025":2,"newbuilds_2025":0,"net_2025":-2,"demolitions_2026":1,"newbuilds_2026":0,"net_2026":-1},"geometry":{"type":"Polygon","coordinates":[[[-82.992411,42.40462],[-82.992411,42.408821],[-82.997301,42.410922],[-83.002192,42.408821],[-83.002192,42.40462],[-82.997301,42.402519],[-82.992411,42.40462]]]}},{"type":"Feature","properties":{"id":519,"q":6,"r":10,"demolitions_2014":4,"newbuilds_2014":0,"net_2014":-4,"demolitions_2015":15,"newbuilds_2015":0,"net_2015":-15,"demolitions_2016":8,"newbuilds_2016":0,"net_2016":-8,"demolitions_2017":4,"newbuilds_2017":0,"net_2017":-4,"demolitions_2018":6,"newbuilds_2018":0,"net_2018":-6,"demolitions_2019":15,"newbuilds_2019":0,"net_2019":-15,"demolitions_2020":1,"newbuilds_2020":0,"net_2020":-1,"demolitions_2021":3,"newbuilds_2021":0,"net_2021":-3,"demolitions_2022":3,"newbuilds_2022":0,"net_2022":-3,"demolitions_2023":19,"newbuilds_2023":0,"net_2023":-19,"demolitions_2024":20,"newbuilds_2024":0,"net_2024":-20,"demolitions_2025":19,"newbuilds_2025":0,"net_2025":-19,"demolitions_2026":1,"newbuilds_2026":1,"net_2026":0},"geometry":{"type":"Polygon","coordinates":[[[-82.98752,42.410922],[-82.98752,42.415123],[-82.992411,42.417224],[-82.997301,42.415123],[-82.997301,42.410922],[-82.992411,42.408821],[-82.98752,42.410922]]]}},{"type":"Feature","properties":{"id":520,"q":6,"r":11,"demolitions_2014":3,"newbuilds_2014":0,"net_2014":-3,"demolitions_2015":26,"newbuilds_2015":0,"net_2015":-26,"demolitions_2016":6,"newbuilds_2016":0,"net_2016":-6,"demolitions_2017":6,"newbuilds_2017":0,"net_2017":-6,"demolitions_2018":8,"newbuilds_2018":0,"net_2018":-8,"demolitions_2019":6,"newbuilds_2019":0,"net_2019":-6,"demolitions_2020":6,"newbuilds_2020":0,"net_2020":-6,"demolitions_2021":4,"newbuilds_2021":0,"net_2021":-4,"demolitions_2022":9,"newbuilds_2022":0,"net_2022":-9,"demolitions_2023":5,"newbuilds_2023":0,"net_2023":-5,"demolitions_2024":60,"newbuilds_2024":0,"net_2024":-60,"demolitions_2025":19,"newbuilds_2025":0,"net_2025":-19,"demolitions_2026":1,"newbuilds_2026":0,"net_2026":-1},"geometry":{"type":"Polygon","coordinates":[[[-82.98263,42.417224],[-82.98263,42.421426],[-82.98752,42.423526],[-82.992411,42.421426],[-82.992411,42.417224],[-82.98752,42.415123],[-82.98263,42.417224]]]}},{"type":"Feature","properties":{"id":521,"q":6,"r":12,"demolitions_2014":1,"newbuilds_2014":0,"net_2014":-1,"demolitions_2015":16,"newbuilds_2015":0,"net_2015":-16,"demolitions_2016":4,"newbuilds_2016":0,"net_2016":-4,"demolitions_2017":3,"newbuilds_2017":0,"net_2017":-3,"demolitions_2018":2,"newbuilds_2018":0,"net_2018":-2,"demolitions_2019":8,"newbuilds_2019":1,"net_2019":-7,"demolitions_2020":2,"newbuilds_2020":0,"net_2020":-2,"demolitions_2021":5,"newbuilds_2021":0,"net_2021":-5,"demolitions_2022":18,"newbuilds_2022":0,"net_2022":-18,"demolitions_2023":21,"newbuilds_2023":0,"net_2023":-21,"demolitions_2024":31,"newbuilds_2024":0,"net_2024":-31,"demolitions_2025":9,"newbuilds_2025":0,"net_2025":-9,"demolitions_2026":2,"newbuilds_2026":0,"net_2026":-2},"geometry":{"type":"Polygon","coordinates":[[[-82.97774,42.423526],[-82.97774,42.427728],[-82.98263,42.429829],[-82.98752,42.427728],[-82.98752,42.423526],[-82.98263,42.421426],[-82.97774,42.423526]]]}},{"type":"Feature","properties":{"id":522,"q":6,"r":13,"demolitions_2014":4,"newbuilds_2014":0,"net_2014":-4,"demolitions_2015":22,"newbuilds_2015":0,"net_2015":-22,"demolitions_2016":6,"newbuilds_2016":0,"net_2016":-6,"demolitions_2017":6,"newbuilds_2017":0,"net_2017":-6,"demolitions_2018":4,"newbuilds_2018":0,"net_2018":-4,"demolitions_2019":20,"newbuilds_2019":0,"net_2019":-20,"demolitions_2020":6,"newbuilds_2020":0,"net_2020":-6,"demolitions_2021":15,"newbuilds_2021":0,"net_2021":-15,"demolitions_2022":30,"newbuilds_2022":0,"net_2022":-30,"demolitions_2023":10,"newbuilds_2023":0,"net_2023":-10,"demolitions_2024":18,"newbuilds_2024":0,"net_2024":-18,"demolitions_2025":12,"newbuilds_2025":0,"net_2025":-12,"demolitions_2026":3,"newbuilds_2026":0,"net_2026":-3},"geometry":{"type":"Polygon","coordinates":[[[-82.972849,42.429829],[-82.972849,42.43403],[-82.97774,42.436131],[-82.98263,42.43403],[-82.98263,42.429829],[-82.97774,42.427728],[-82.972849,42.429829]]]}},{"type":"Feature","properties":{"id":523,"q":6,"r":14,"demolitions_2014":1,"newbuilds_2014":0,"net_2014":-1,"demolitions_2015":24,"newbuilds_2015":0,"net_2015":-24,"demolitions_2016":20,"newbuilds_2016":0,"net_2016":-20,"demolitions_2017":5,"newbuilds_2017":0,"net_2017":-5,"demolitions_2018":2,"newbuilds_2018":0,"net_2018":-2,"demolitions_2019":8,"newbuilds_2019":1,"net_2019":-7,"demolitions_2020":2,"newbuilds_2020":0,"net_2020":-2,"demolitions_2021":39,"newbuilds_2021":0,"net_2021":-39,"demolitions_2022":25,"newbuilds_2022":0,"net_2022":-25,"demolitions_2023":8,"newbuilds_2023":0,"net_2023":-8,"demolitions_2024":15,"newbuilds_2024":0,"net_2024":-15,"demolitions_2025":8,"newbuilds_2025":0,"net_2025":-8,"demolitions_2026":2,"newbuilds_2026":0,"net_2026":-2},"geometry":{"type":"Polygon","coordinates":[[[-82.967959,42.436131],[-82.967959,42.440332],[-82.972849,42.442433],[-82.97774,42.440332],[-82.97774,42.436131],[-82.972849,42.43403],[-82.967959,42.436131]]]}},{"type":"Feature","properties":{"id":524,"q":6,"r":15,"demolitions_2014":6,"newbuilds_2014":0,"net_2014":-6,"demolitions_2015":8,"newbuilds_2015":0,"net_2015":-8,"demolitions_2016":4,"newbuilds_2016":0,"net_2016":-4,"demolitions_2017":3,"newbuilds_2017":0,"net_2017":-3,"demolitions_2018":10,"newbuilds_2018":0,"net_2018":-10,"demolitions_2019":3,"newbuilds_2019":0,"net_2019":-3,"demolitions_2020":0,"newbuilds_2020":0,"net_2020":0,"demolitions_2021":7,"newbuilds_2021":0,"net_2021":-7,"demolitions_2022":1,"newbuilds_2022":0,"net_2022":-1,"demolitions_2023":0,"newbuilds_2023":0,"net_2023":0,"demolitions_2024":2,"newbuilds_2024":0,"net_2024":-2,"demolitions_2025":0,"newbuilds_2025":0,"net_2025":0,"demolitions_2026":1,"newbuilds_2026":0,"net_2026":-1},"geometry":{"type":"Polygon","coordinates":[[[-82.963068,42.442433],[-82.963068,42.446635],[-82.967959,42.448735],[-82.972849,42.446635],[-82.972849,42.442433],[-82.967959,42.440332],[-82.963068,42.442433]]]}},{"type":"Feature","properties":{"id":525,"q":7,"r":-4,"demolitions_2014":0,"newbuilds_2014":0,"net_2014":0,"demolitions_2015":0,"newbuilds_2015":0,"net_2015":0,"demolitions_2016":0,"newbuilds_2016":0,"net_2016":0,"demolitions_2017":0,"newbuilds_2017":0,"net_2017":0,"demolitions_2018":0,"newbuilds_2018":0,"net_2018":0,"demolitions_2019":0,"newbuilds_2019":0,"net_2019":0,"demolitions_2020":0,"newbuilds_2020":0,"net_2020":0,"demolitions_2021":0,"newbuilds_2021":0,"net_2021":0,"demolitions_2022":0,"newbuilds_2022":1,"net_2022":1,"demolitions_2023":0,"newbuilds_2023":1,"net_2023":1,"demolitions_2024":0,"newbuilds_2024":1,"net_2024":1,"demolitions_2025":0,"newbuilds_2025":2,"net_2025":2,"demolitions_2026":0,"newbuilds_2026":2,"net_2026":2},"geometry":{"type":"Polygon","coordinates":[[[-83.046205,42.32269],[-83.046205,42.326892],[-83.051096,42.328992],[-83.055986,42.326892],[-83.055986,42.32269],[-83.051096,42.320589],[-83.046205,42.32269]]]}},{"type":"Feature","properties":{"id":526,"q":7,"r":-3,"demolitions_2014":0,"newbuilds_2014":0,"net_2014":0,"demolitions_2015":0,"newbuilds_2015":0,"net_2015":0,"demolitions_2016":0,"newbuilds_2016":0,"net_2016":0,"demolitions_2017":0,"newbuilds_2017":0,"net_2017":0,"demolitions_2018":0,"newbuilds_2018":0,"net_2018":0,"demolitions_2019":0,"newbuilds_2019":2,"net_2019":2,"demolitions_2020":0,"newbuilds_2020":2,"net_2020":2,"demolitions_2021":0,"newbuilds_2021":2,"net_2021":2,"demolitions_2022":0,"newbuilds_2022":0,"net_2022":0,"demolitions_2023":0,"newbuilds_2023":2,"net_2023":2,"demolitions_2024":0,"newbuilds_2024":1,"net_2024":1,"demolitions_2025":0,"newbuilds_2025":5,"net_2025":5,"demolitions_2026":0,"newbuilds_2026":1,"net_2026":1},"geometry":{"type":"Polygon","coordinates":[[[-83.041315,42.328992],[-83.041315,42.333194],[-83.046205,42.335295],[-83.051096,42.333194],[-83.051096,42.328992],[-83.046205,42.326892],[-83.041315,42.328992]]]}},{"type":"Feature","properties":{"id":527,"q":7,"r":-2,"demolitions_2014":0,"newbuilds_2014":0,"net_2014":0,"demolitions_2015":0,"newbuilds_2015":0,"net_2015":0,"demolitions_2016":0,"newbuilds_2016":0,"net_2016":0,"demolitions_2017":0,"newbuilds_2017":0,"net_2017":0,"demolitions_2018":0,"newbuilds_2018":0,"net_2018":0,"demolitions_2019":0,"newbuilds_2019":1,"net_2019":1,"demolitions_2020":0,"newbuilds_2020":0,"net_2020":0,"demolitions_2021":0,"newbuilds_2021":2,"net_2021":2,"demolitions_2022":0,"newbuilds_2022":0,"net_2022":0,"demolitions_2023":0,"newbuilds_2023":0,"net_2023":0,"demolitions_2024":0,"newbuilds_2024":0,"net_2024":0,"demolitions_2025":0,"newbuilds_2025":1,"net_2025":1,"demolitions_2026":0,"newbuilds_2026":1,"net_2026":1},"geometry":{"type":"Polygon","coordinates":[[[-83.036425,42.335295],[-83.036425,42.339496],[-83.041315,42.341597],[-83.046205,42.339496],[-83.046205,42.335295],[-83.041315,42.333194],[-83.036425,42.335295]]]}},{"type":"Feature","properties":{"id":528,"q":7,"r":-1,"demolitions_2014":0,"newbuilds_2014":0,"net_2014":0,"demolitions_2015":0,"newbuilds_2015":0,"net_2015":0,"demolitions_2016":0,"newbuilds_2016":0,"net_2016":0,"demolitions_2017":0,"newbuilds_2017":0,"net_2017":0,"demolitions_2018":0,"newbuilds_2018":0,"net_2018":0,"demolitions_2019":0,"newbuilds_2019":0,"net_2019":0,"demolitions_2020":0,"newbuilds_2020":0,"net_2020":0,"demolitions_2021":0,"newbuilds_2021":0,"net_2021":0,"demolitions_2022":0,"newbuilds_2022":0,"net_2022":0,"demolitions_2023":0,"newbuilds_2023":0,"net_2023":0,"demolitions_2024":0,"newbuilds_2024":1,"net_2024":1,"demolitions_2025":0,"newbuilds_2025":0,"net_2025":0,"demolitions_2026":0,"newbuilds_2026":0,"net_2026":0},"geometry":{"type":"Polygon","coordinates":[[[-83.031534,42.341597],[-83.031534,42.345798],[-83.036425,42.347899],[-83.041315,42.345798],[-83.041315,42.341597],[-83.036425,42.339496],[-83.031534,42.341597]]]}},{"type":"Feature","properties":{"id":529,"q":7,"r":0,"demolitions_2014":2,"newbuilds_2014":0,"net_2014":-2,"demolitions_2015":1,"newbuilds_2015":0,"net_2015":-1,"demolitions_2016":6,"newbuilds_2016":0,"net_2016":-6,"demolitions_2017":1,"newbuilds_2017":0,"net_2017":-1,"demolitions_2018":3,"newbuilds_2018":0,"net_2018":-3,"demolitions_2019":0,"newbuilds_2019":0,"net_2019":0,"demolitions_2020":0,"newbuilds_2020":0,"net_2020":0,"demolitions_2021":1,"newbuilds_2021":0,"net_2021":-1,"demolitions_2022":0,"newbuilds_2022":0,"net_2022":0,"demolitions_2023":2,"newbuilds_2023":0,"net_2023":-2,"demolitions_2024":0,"newbuilds_2024":0,"net_2024":0,"demolitions_2025":0,"newbuilds_2025":0,"net_2025":0,"demolitions_2026":0,"newbuilds_2026":0,"net_2026":0},"geometry":{"type":"Polygon","coordinates":[[[-83.026644,42.347899],[-83.026644,42.352101],[-83.031534,42.354202],[-83.036425,42.352101],[-83.036425,42.347899],[-83.031534,42.345798],[-83.026644,42.347899]]]}},{"type":"Feature","properties":{"id":530,"q":7,"r":1,"demolitions_2014":4,"newbuilds_2014":0,"net_2014":-4,"demolitions_2015":16,"newbuilds_2015":0,"net_2015":-16,"demolitions_2016":12,"newbuilds_2016":0,"net_2016":-12,"demolitions_2017":5,"newbuilds_2017":0,"net_2017":-5,"demolitions_2018":0,"newbuilds_2018":0,"net_2018":0,"demolitions_2019":1,"newbuilds_2019":1,"net_2019":0,"demolitions_2020":1,"newbuilds_2020":0,"net_2020":-1,"demolitions_2021":1,"newbuilds_2021":1,"net_2021":0,"demolitions_2022":2,"newbuilds_2022":1,"net_2022":-1,"demolitions_2023":1,"newbuilds_2023":1,"net_2023":0,"demolitions_2024":2,"newbuilds_2024":2,"net_2024":0,"demolitions_2025":5,"newbuilds_2025":0,"net_2025":-5,"demolitions_2026":0,"newbuilds_2026":0,"net_2026":0},"geometry":{"type":"Polygon","coordinates":[[[-83.021753,42.354202],[-83.021753,42.358403],[-83.026644,42.360504],[-83.031534,42.358403],[-83.031534,42.354202],[-83.026644,42.352101],[-83.021753,42.354202]]]}},{"type":"Feature","properties":{"id":531,"q":7,"r":2,"demolitions_2014":0,"newbuilds_2014":0,"net_2014":0,"demolitions_2015":7,"newbuilds_2015":0,"net_2015":-7,"demolitions_2016":8,"newbuilds_2016":0,"net_2016":-8,"demolitions_2017":3,"newbuilds_2017":0,"net_2017":-3,"demolitions_2018":8,"newbuilds_2018":0,"net_2018":-8,"demolitions_2019":3,"newbuilds_2019":0,"net_2019":-3,"demolitions_2020":0,"newbuilds_2020":0,"net_2020":0,"demolitions_2021":4,"newbuilds_2021":0,"net_2021":-4,"demolitions_2022":5,"newbuilds_2022":1,"net_2022":-4,"demolitions_2023":2,"newbuilds_2023":0,"net_2023":-2,"demolitions_2024":8,"newbuilds_2024":0,"net_2024":-8,"demolitions_2025":2,"newbuilds_2025":0,"net_2025":-2,"demolitions_2026":1,"newbuilds_2026":0,"net_2026":-1},"geometry":{"type":"Polygon","coordinates":[[[-83.016863,42.360504],[-83.016863,42.364705],[-83.021753,42.366806],[-83.026644,42.364705],[-83.026644,42.360504],[-83.021753,42.358403],[-83.016863,42.360504]]]}},{"type":"Feature","properties":{"id":532,"q":7,"r":3,"demolitions_2014":1,"newbuilds_2014":0,"net_2014":-1,"demolitions_2015":25,"newbuilds_2015":0,"net_2015":-25,"demolitions_2016":27,"newbuilds_2016":0,"net_2016":-27,"demolitions_2017":6,"newbuilds_2017":0,"net_2017":-6,"demolitions_2018":12,"newbuilds_2018":0,"net_2018":-12,"demolitions_2019":3,"newbuilds_2019":0,"net_2019":-3,"demolitions_2020":3,"newbuilds_2020":0,"net_2020":-3,"demolitions_2021":0,"newbuilds_2021":0,"net_2021":0,"demolitions_2022":0,"newbuilds_2022":0,"net_2022":0,"demolitions_2023":2,"newbuilds_2023":0,"net_2023":-2,"demolitions_2024":1,"newbuilds_2024":0,"net_2024":-1,"demolitions_2025":1,"newbuilds_2025":0,"net_2025":-1,"demolitions_2026":0,"newbuilds_2026":0,"net_2026":0},"geometry":{"type":"Polygon","coordinates":[[[-83.011973,42.366806],[-83.011973,42.371008],[-83.016863,42.373108],[-83.021753,42.371008],[-83.021753,42.366806],[-83.016863,42.364705],[-83.011973,42.366806]]]}},{"type":"Feature","properties":{"id":533,"q":7,"r":4,"demolitions_2014":33,"newbuilds_2014":0,"net_2014":-33,"demolitions_2015":17,"newbuilds_2015":0,"net_2015":-17,"demolitions_2016":32,"newbuilds_2016":0,"net_2016":-32,"demolitions_2017":3,"newbuilds_2017":0,"net_2017":-3,"demolitions_2018":15,"newbuilds_2018":0,"net_2018":-15,"demolitions_2019":1,"newbuilds_2019":0,"net_2019":-1,"demolitions_2020":4,"newbuilds_2020":0,"net_2020":-4,"demolitions_2021":0,"newbuilds_2021":0,"net_2021":0,"demolitions_2022":4,"newbuilds_2022":0,"net_2022":-4,"demolitions_2023":3,"newbuilds_2023":0,"net_2023":-3,"demolitions_2024":6,"newbuilds_2024":0,"net_2024":-6,"demolitions_2025":1,"newbuilds_2025":0,"net_2025":-1,"demolitions_2026":0,"newbuilds_2026":0,"net_2026":0},"geometry":{"type":"Polygon","coordinates":[[[-83.007082,42.373108],[-83.007082,42.37731],[-83.011973,42.379411],[-83.016863,42.37731],[-83.016863,42.373108],[-83.011973,42.371008],[-83.007082,42.373108]]]}},{"type":"Feature","properties":{"id":534,"q":7,"r":5,"demolitions_2014":39,"newbuilds_2014":0,"net_2014":-39,"demolitions_2015":10,"newbuilds_2015":0,"net_2015":-10,"demolitions_2016":18,"newbuilds_2016":0,"net_2016":-18,"demolitions_2017":49,"newbuilds_2017":0,"net_2017":-49,"demolitions_2018":12,"newbuilds_2018":0,"net_2018":-12,"demolitions_2019":5,"newbuilds_2019":0,"net_2019":-5,"demolitions_2020":1,"newbuilds_2020":0,"net_2020":-1,"demolitions_2021":2,"newbuilds_2021":0,"net_2021":-2,"demolitions_2022":4,"newbuilds_2022":0,"net_2022":-4,"demolitions_2023":6,"newbuilds_2023":0,"net_2023":-6,"demolitions_2024":6,"newbuilds_2024":0,"net_2024":-6,"demolitions_2025":4,"newbuilds_2025":0,"net_2025":-4,"demolitions_2026":0,"newbuilds_2026":0,"net_2026":0},"geometry":{"type":"Polygon","coordinates":[[[-83.002192,42.379411],[-83.002192,42.383612],[-83.007082,42.385713],[-83.011973,42.383612],[-83.011973,42.379411],[-83.007082,42.37731],[-83.002192,42.379411]]]}},{"type":"Feature","properties":{"id":535,"q":7,"r":6,"demolitions_2014":2,"newbuilds_2014":0,"net_2014":-2,"demolitions_2015":2,"newbuilds_2015":0,"net_2015":-2,"demolitions_2016":15,"newbuilds_2016":0,"net_2016":-15,"demolitions_2017":19,"newbuilds_2017":0,"net_2017":-19,"demolitions_2018":8,"newbuilds_2018":0,"net_2018":-8,"demolitions_2019":4,"newbuilds_2019":0,"net_2019":-4,"demolitions_2020":4,"newbuilds_2020":0,"net_2020":-4,"demolitions_2021":5,"newbuilds_2021":0,"net_2021":-5,"demolitions_2022":4,"newbuilds_2022":0,"net_2022":-4,"demolitions_2023":4,"newbuilds_2023":0,"net_2023":-4,"demolitions_2024":12,"newbuilds_2024":0,"net_2024":-12,"demolitions_2025":14,"newbuilds_2025":0,"net_2025":-14,"demolitions_2026":3,"newbuilds_2026":0,"net_2026":-3},"geometry":{"type":"Polygon","coordinates":[[[-82.997301,42.385713],[-82.997301,42.389914],[-83.002192,42.392015],[-83.007082,42.389914],[-83.007082,42.385713],[-83.002192,42.383612],[-82.997301,42.385713]]]}},{"type":"Feature","properties":{"id":536,"q":7,"r":7,"demolitions_2014":1,"newbuilds_2014":0,"net_2014":-1,"demolitions_2015":3,"newbuilds_2015":0,"net_2015":-3,"demolitions_2016":4,"newbuilds_2016":0,"net_2016":-4,"demolitions_2017":3,"newbuilds_2017":0,"net_2017":-3,"demolitions_2018":2,"newbuilds_2018":0,"net_2018":-2,"demolitions_2019":3,"newbuilds_2019":0,"net_2019":-3,"demolitions_2020":2,"newbuilds_2020":0,"net_2020":-2,"demolitions_2021":3,"newbuilds_2021":0,"net_2021":-3,"demolitions_2022":9,"newbuilds_2022":0,"net_2022":-9,"demolitions_2023":2,"newbuilds_2023":0,"net_2023":-2,"demolitions_2024":4,"newbuilds_2024":0,"net_2024":-4,"demolitions_2025":3,"newbuilds_2025":0,"net_2025":-3,"demolitions_2026":0,"newbuilds_2026":0,"net_2026":0},"geometry":{"type":"Polygon","coordinates":[[[-82.992411,42.392015],[-82.992411,42.396217],[-82.997301,42.398317],[-83.002192,42.396217],[-83.002192,42.392015],[-82.997301,42.389914],[-82.992411,42.392015]]]}},{"type":"Feature","properties":{"id":537,"q":7,"r":8,"demolitions_2014":0,"newbuilds_2014":0,"net_2014":0,"demolitions_2015":5,"newbuilds_2015":0,"net_2015":-5,"demolitions_2016":1,"newbuilds_2016":0,"net_2016":-1,"demolitions_2017":19,"newbuilds_2017":0,"net_2017":-19,"demolitions_2018":5,"newbuilds_2018":0,"net_2018":-5,"demolitions_2019":16,"newbuilds_2019":0,"net_2019":-16,"demolitions_2020":9,"newbuilds_2020":0,"net_2020":-9,"demolitions_2021":3,"newbuilds_2021":1,"net_2021":-2,"demolitions_2022":11,"newbuilds_2022":0,"net_2022":-11,"demolitions_2023":12,"newbuilds_2023":0,"net_2023":-12,"demolitions_2024":4,"newbuilds_2024":0,"net_2024":-4,"demolitions_2025":1,"newbuilds_2025":0,"net_2025":-1,"demolitions_2026":0,"newbuilds_2026":0,"net_2026":0},"geometry":{"type":"Polygon","coordinates":[[[-82.98752,42.398317],[-82.98752,42.402519],[-82.992411,42.40462],[-82.997301,42.402519],[-82.997301,42.398317],[-82.992411,42.396217],[-82.98752,42.398317]]]}},{"type":"Feature","properties":{"id":538,"q":7,"r":9,"demolitions_2014":4,"newbuilds_2014":0,"net_2014":-4,"demolitions_2015":6,"newbuilds_2015":0,"net_2015":-6,"demolitions_2016":3,"newbuilds_2016":0,"net_2016":-3,"demolitions_2017":41,"newbuilds_2017":0,"net_2017":-41,"demolitions_2018":8,"newbuilds_2018":0,"net_2018":-8,"demolitions_2019":18,"newbuilds_2019":0,"net_2019":-18,"demolitions_2020":4,"newbuilds_2020":0,"net_2020":-4,"demolitions_2021":5,"newbuilds_2021":0,"net_2021":-5,"demolitions_2022":7,"newbuilds_2022":0,"net_2022":-7,"demolitions_2023":12,"newbuilds_2023":0,"net_2023":-12,"demolitions_2024":10,"newbuilds_2024":0,"net_2024":-10,"demolitions_2025":11,"newbuilds_2025":0,"net_2025":-11,"demolitions_2026":2,"newbuilds_2026":0,"net_2026":-2},"geometry":{"type":"Polygon","coordinates":[[[-82.98263,42.40462],[-82.98263,42.408821],[-82.98752,42.410922],[-82.992411,42.408821],[-82.992411,42.40462],[-82.98752,42.402519],[-82.98263,42.40462]]]}},{"type":"Feature","properties":{"id":539,"q":7,"r":10,"demolitions_2014":6,"newbuilds_2014":0,"net_2014":-6,"demolitions_2015":4,"newbuilds_2015":0,"net_2015":-4,"demolitions_2016":5,"newbuilds_2016":0,"net_2016":-5,"demolitions_2017":9,"newbuilds_2017":0,"net_2017":-9,"demolitions_2018":25,"newbuilds_2018":0,"net_2018":-25,"demolitions_2019":24,"newbuilds_2019":0,"net_2019":-24,"demolitions_2020":1,"newbuilds_2020":0,"net_2020":-1,"demolitions_2021":8,"newbuilds_2021":0,"net_2021":-8,"demolitions_2022":11,"newbuilds_2022":0,"net_2022":-11,"demolitions_2023":3,"newbuilds_2023":0,"net_2023":-3,"demolitions_2024":12,"newbuilds_2024":0,"net_2024":-12,"demolitions_2025":7,"newbuilds_2025":0,"net_2025":-7,"demolitions_2026":0,"newbuilds_2026":0,"net_2026":0},"geometry":{"type":"Polygon","coordinates":[[[-82.97774,42.410922],[-82.97774,42.415123],[-82.98263,42.417224],[-82.98752,42.415123],[-82.98752,42.410922],[-82.98263,42.408821],[-82.97774,42.410922]]]}},{"type":"Feature","properties":{"id":540,"q":7,"r":11,"demolitions_2014":2,"newbuilds_2014":0,"net_2014":-2,"demolitions_2015":17,"newbuilds_2015":0,"net_2015":-17,"demolitions_2016":10,"newbuilds_2016":0,"net_2016":-10,"demolitions_2017":32,"newbuilds_2017":0,"net_2017":-32,"demolitions_2018":14,"newbuilds_2018":0,"net_2018":-14,"demolitions_2019":11,"newbuilds_2019":0,"net_2019":-11,"demolitions_2020":1,"newbuilds_2020":0,"net_2020":-1,"demolitions_2021":14,"newbuilds_2021":0,"net_2021":-14,"demolitions_2022":10,"newbuilds_2022":0,"net_2022":-10,"demolitions_2023":8,"newbuilds_2023":0,"net_2023":-8,"demolitions_2024":34,"newbuilds_2024":0,"net_2024":-34,"demolitions_2025":11,"newbuilds_2025":0,"net_2025":-11,"demolitions_2026":1,"newbuilds_2026":0,"net_2026":-1},"geometry":{"type":"Polygon","coordinates":[[[-82.972849,42.417224],[-82.972849,42.421426],[-82.97774,42.423526],[-82.98263,42.421426],[-82.98263,42.417224],[-82.97774,42.415123],[-82.972849,42.417224]]]}},{"type":"Feature","properties":{"id":541,"q":7,"r":12,"demolitions_2014":4,"newbuilds_2014":0,"net_2014":-4,"demolitions_2015":8,"newbuilds_2015":0,"net_2015":-8,"demolitions_2016":14,"newbuilds_2016":0,"net_2016":-14,"demolitions_2017":5,"newbuilds_2017":0,"net_2017":-5,"demolitions_2018":7,"newbuilds_2018":0,"net_2018":-7,"demolitions_2019":15,"newbuilds_2019":0,"net_2019":-15,"demolitions_2020":3,"newbuilds_2020":0,"net_2020":-3,"demolitions_2021":65,"newbuilds_2021":0,"net_2021":-65,"demolitions_2022":53,"newbuilds_2022":0,"net_2022":-53,"demolitions_2023":19,"newbuilds_2023":0,"net_2023":-19,"demolitions_2024":29,"newbuilds_2024":0,"net_2024":-29,"demolitions_2025":13,"newbuilds_2025":0,"net_2025":-13,"demolitions_2026":1,"newbuilds_2026":0,"net_2026":-1},"geometry":{"type":"Polygon","coordinates":[[[-82.967959,42.423526],[-82.967959,42.427728],[-82.972849,42.429829],[-82.97774,42.427728],[-82.97774,42.423526],[-82.972849,42.421426],[-82.967959,42.423526]]]}},{"type":"Feature","properties":{"id":542,"q":7,"r":13,"demolitions_2014":28,"newbuilds_2014":0,"net_2014":-28,"demolitions_2015":10,"newbuilds_2015":0,"net_2015":-10,"demolitions_2016":33,"newbuilds_2016":0,"net_2016":-33,"demolitions_2017":10,"newbuilds_2017":0,"net_2017":-10,"demolitions_2018":14,"newbuilds_2018":0,"net_2018":-14,"demolitions_2019":4,"newbuilds_2019":0,"net_2019":-4,"demolitions_2020":11,"newbuilds_2020":0,"net_2020":-11,"demolitions_2021":17,"newbuilds_2021":0,"net_2021":-17,"demolitions_2022":29,"newbuilds_2022":0,"net_2022":-29,"demolitions_2023":24,"newbuilds_2023":0,"net_2023":-24,"demolitions_2024":23,"newbuilds_2024":0,"net_2024":-23,"demolitions_2025":11,"newbuilds_2025":0,"net_2025":-11,"demolitions_2026":3,"newbuilds_2026":0,"net_2026":-3},"geometry":{"type":"Polygon","coordinates":[[[-82.963068,42.429829],[-82.963068,42.43403],[-82.967959,42.436131],[-82.972849,42.43403],[-82.972849,42.429829],[-82.967959,42.427728],[-82.963068,42.429829]]]}},{"type":"Feature","properties":{"id":543,"q":7,"r":14,"demolitions_2014":35,"newbuilds_2014":0,"net_2014":-35,"demolitions_2015":9,"newbuilds_2015":0,"net_2015":-9,"demolitions_2016":24,"newbuilds_2016":0,"net_2016":-24,"demolitions_2017":9,"newbuilds_2017":0,"net_2017":-9,"demolitions_2018":21,"newbuilds_2018":0,"net_2018":-21,"demolitions_2019":7,"newbuilds_2019":0,"net_2019":-7,"demolitions_2020":0,"newbuilds_2020":0,"net_2020":0,"demolitions_2021":3,"newbuilds_2021":0,"net_2021":-3,"demolitions_2022":3,"newbuilds_2022":0,"net_2022":-3,"demolitions_2023":13,"newbuilds_2023":0,"net_2023":-13,"demolitions_2024":14,"newbuilds_2024":0,"net_2024":-14,"demolitions_2025":1,"newbuilds_2025":0,"net_2025":-1,"demolitions_2026":0,"newbuilds_2026":0,"net_2026":0},"geometry":{"type":"Polygon","coordinates":[[[-82.958178,42.436131],[-82.958178,42.440332],[-82.963068,42.442433],[-82.967959,42.440332],[-82.967959,42.436131],[-82.963068,42.43403],[-82.958178,42.436131]]]}},{"type":"Feature","properties":{"id":544,"q":7,"r":15,"demolitions_2014":27,"newbuilds_2014":0,"net_2014":-27,"demolitions_2015":20,"newbuilds_2015":0,"net_2015":-20,"demolitions_2016":19,"newbuilds_2016":0,"net_2016":-19,"demolitions_2017":10,"newbuilds_2017":0,"net_2017":-10,"demolitions_2018":26,"newbuilds_2018":0,"net_2018":-26,"demolitions_2019":8,"newbuilds_2019":0,"net_2019":-8,"demolitions_2020":0,"newbuilds_2020":0,"net_2020":0,"demolitions_2021":1,"newbuilds_2021":0,"net_2021":-1,"demolitions_2022":0,"newbuilds_2022":0,"net_2022":0,"demolitions_2023":3,"newbuilds_2023":0,"net_2023":-3,"demolitions_2024":2,"newbuilds_2024":0,"net_2024":-2,"demolitions_2025":1,"newbuilds_2025":0,"net_2025":-1,"demolitions_2026":0,"newbuilds_2026":0,"net_2026":0},"geometry":{"type":"Polygon","coordinates":[[[-82.953288,42.442433],[-82.953288,42.446635],[-82.958178,42.448735],[-82.963068,42.446635],[-82.963068,42.442433],[-82.958178,42.440332],[-82.953288,42.442433]]]}},{"type":"Feature","properties":{"id":545,"q":8,"r":-4,"demolitions_2014":0,"newbuilds_2014":0,"net_2014":0,"demolitions_2015":0,"newbuilds_2015":0,"net_2015":0,"demolitions_2016":0,"newbuilds_2016":0,"net_2016":0,"demolitions_2017":0,"newbuilds_2017":0,"net_2017":0,"demolitions_2018":0,"newbuilds_2018":0,"net_2018":0,"demolitions_2019":0,"newbuilds_2019":0,"net_2019":0,"demolitions_2020":0,"newbuilds_2020":0,"net_2020":0,"demolitions_2021":0,"newbuilds_2021":0,"net_2021":0,"demolitions_2022":0,"newbuilds_2022":0,"net_2022":0,"demolitions_2023":0,"newbuilds_2023":0,"net_2023":0,"demolitions_2024":0,"newbuilds_2024":0,"net_2024":0,"demolitions_2025":0,"newbuilds_2025":0,"net_2025":0,"demolitions_2026":0,"newbuilds_2026":0,"net_2026":0},"geometry":{"type":"Polygon","coordinates":[[[-83.036425,42.32269],[-83.036425,42.326892],[-83.041315,42.328992],[-83.046205,42.326892],[-83.046205,42.32269],[-83.041315,42.320589],[-83.036425,42.32269]]]}},{"type":"Feature","properties":{"id":546,"q":8,"r":-3,"demolitions_2014":0,"newbuilds_2014":0,"net_2014":0,"demolitions_2015":0,"newbuilds_2015":0,"net_2015":0,"demolitions_2016":0,"newbuilds_2016":0,"net_2016":0,"demolitions_2017":0,"newbuilds_2017":0,"net_2017":0,"demolitions_2018":0,"newbuilds_2018":0,"net_2018":0,"demolitions_2019":0,"newbuilds_2019":0,"net_2019":0,"demolitions_2020":0,"newbuilds_2020":1,"net_2020":1,"demolitions_2021":0,"newbuilds_2021":0,"net_2021":0,"demolitions_2022":0,"newbuilds_2022":0,"net_2022":0,"demolitions_2023":0,"newbuilds_2023":0,"net_2023":0,"demolitions_2024":0,"newbuilds_2024":0,"net_2024":0,"demolitions_2025":0,"newbuilds_2025":0,"net_2025":0,"demolitions_2026":0,"newbuilds_2026":0,"net_2026":0},"geometry":{"type":"Polygon","coordinates":[[[-83.031534,42.328992],[-83.031534,42.333194],[-83.036425,42.335295],[-83.041315,42.333194],[-83.041315,42.328992],[-83.036425,42.326892],[-83.031534,42.328992]]]}},{"type":"Feature","properties":{"id":547,"q":8,"r":-2,"demolitions_2014":1,"newbuilds_2014":0,"net_2014":-1,"demolitions_2015":0,"newbuilds_2015":0,"net_2015":0,"demolitions_2016":0,"newbuilds_2016":0,"net_2016":0,"demolitions_2017":0,"newbuilds_2017":0,"net_2017":0,"demolitions_2018":0,"newbuilds_2018":0,"net_2018":0,"demolitions_2019":0,"newbuilds_2019":3,"net_2019":3,"demolitions_2020":0,"newbuilds_2020":2,"net_2020":2,"demolitions_2021":0,"newbuilds_2021":1,"net_2021":1,"demolitions_2022":0,"newbuilds_2022":1,"net_2022":1,"demolitions_2023":0,"newbuilds_2023":0,"net_2023":0,"demolitions_2024":0,"newbuilds_2024":1,"net_2024":1,"demolitions_2025":0,"newbuilds_2025":1,"net_2025":1,"demolitions_2026":0,"newbuilds_2026":0,"net_2026":0},"geometry":{"type":"Polygon","coordinates":[[[-83.026644,42.335295],[-83.026644,42.339496],[-83.031534,42.341597],[-83.036425,42.339496],[-83.036425,42.335295],[-83.031534,42.333194],[-83.026644,42.335295]]]}},{"type":"Feature","properties":{"id":548,"q":8,"r":-1,"demolitions_2014":0,"newbuilds_2014":0,"net_2014":0,"demolitions_2015":0,"newbuilds_2015":0,"net_2015":0,"demolitions_2016":0,"newbuilds_2016":0,"net_2016":0,"demolitions_2017":0,"newbuilds_2017":0,"net_2017":0,"demolitions_2018":0,"newbuilds_2018":0,"net_2018":0,"demolitions_2019":0,"newbuilds_2019":0,"net_2019":0,"demolitions_2020":0,"newbuilds_2020":0,"net_2020":0,"demolitions_2021":0,"newbuilds_2021":0,"net_2021":0,"demolitions_2022":0,"newbuilds_2022":0,"net_2022":0,"demolitions_2023":0,"newbuilds_2023":1,"net_2023":1,"demolitions_2024":0,"newbuilds_2024":0,"net_2024":0,"demolitions_2025":0,"newbuilds_2025":0,"net_2025":0,"demolitions_2026":0,"newbuilds_2026":0,"net_2026":0},"geometry":{"type":"Polygon","coordinates":[[[-83.021753,42.341597],[-83.021753,42.345798],[-83.026644,42.347899],[-83.031534,42.345798],[-83.031534,42.341597],[-83.026644,42.339496],[-83.021753,42.341597]]]}},{"type":"Feature","properties":{"id":549,"q":8,"r":0,"demolitions_2014":1,"newbuilds_2014":0,"net_2014":-1,"demolitions_2015":0,"newbuilds_2015":0,"net_2015":0,"demolitions_2016":2,"newbuilds_2016":0,"net_2016":-2,"demolitions_2017":1,"newbuilds_2017":0,"net_2017":-1,"demolitions_2018":0,"newbuilds_2018":0,"net_2018":0,"demolitions_2019":0,"newbuilds_2019":0,"net_2019":0,"demolitions_2020":0,"newbuilds_2020":0,"net_2020":0,"demolitions_2021":0,"newbuilds_2021":0,"net_2021":0,"demolitions_2022":0,"newbuilds_2022":0,"net_2022":0,"demolitions_2023":0,"newbuilds_2023":0,"net_2023":0,"demolitions_2024":0,"newbuilds_2024":0,"net_2024":0,"demolitions_2025":0,"newbuilds_2025":0,"net_2025":0,"demolitions_2026":0,"newbuilds_2026":0,"net_2026":0},"geometry":{"type":"Polygon","coordinates":[[[-83.016863,42.347899],[-83.016863,42.352101],[-83.021753,42.354202],[-83.026644,42.352101],[-83.026644,42.347899],[-83.021753,42.345798],[-83.016863,42.347899]]]}},{"type":"Feature","properties":{"id":550,"q":8,"r":1,"demolitions_2014":3,"newbuilds_2014":0,"net_2014":-3,"demolitions_2015":11,"newbuilds_2015":0,"net_2015":-11,"demolitions_2016":8,"newbuilds_2016":0,"net_2016":-8,"demolitions_2017":5,"newbuilds_2017":0,"net_2017":-5,"demolitions_2018":3,"newbuilds_2018":0,"net_2018":-3,"demolitions_2019":3,"newbuilds_2019":1,"net_2019":-2,"demolitions_2020":0,"newbuilds_2020":0,"net_2020":0,"demolitions_2021":1,"newbuilds_2021":0,"net_2021":-1,"demolitions_2022":2,"newbuilds_2022":2,"net_2022":0,"demolitions_2023":0,"newbuilds_2023":1,"net_2023":1,"demolitions_2024":1,"newbuilds_2024":0,"net_2024":-1,"demolitions_2025":1,"newbuilds_2025":1,"net_2025":0,"demolitions_2026":1,"newbuilds_2026":0,"net_2026":-1},"geometry":{"type":"Polygon","coordinates":[[[-83.011973,42.354202],[-83.011973,42.358403],[-83.016863,42.360504],[-83.021753,42.358403],[-83.021753,42.354202],[-83.016863,42.352101],[-83.011973,42.354202]]]}},{"type":"Feature","properties":{"id":551,"q":8,"r":2,"demolitions_2014":14,"newbuilds_2014":0,"net_2014":-14,"demolitions_2015":14,"newbuilds_2015":0,"net_2015":-14,"demolitions_2016":14,"newbuilds_2016":0,"net_2016":-14,"demolitions_2017":9,"newbuilds_2017":0,"net_2017":-9,"demolitions_2018":4,"newbuilds_2018":0,"net_2018":-4,"demolitions_2019":3,"newbuilds_2019":1,"net_2019":-2,"demolitions_2020":1,"newbuilds_2020":0,"net_2020":-1,"demolitions_2021":0,"newbuilds_2021":0,"net_2021":0,"demolitions_2022":0,"newbuilds_2022":0,"net_2022":0,"demolitions_2023":1,"newbuilds_2023":1,"net_2023":0,"demolitions_2024":3,"newbuilds_2024":0,"net_2024":-3,"demolitions_2025":3,"newbuilds_2025":2,"net_2025":-1,"demolitions_2026":0,"newbuilds_2026":0,"net_2026":0},"geometry":{"type":"Polygon","coordinates":[[[-83.007082,42.360504],[-83.007082,42.364705],[-83.011973,42.366806],[-83.016863,42.364705],[-83.016863,42.360504],[-83.011973,42.358403],[-83.007082,42.360504]]]}},{"type":"Feature","properties":{"id":552,"q":8,"r":3,"demolitions_2014":24,"newbuilds_2014":0,"net_2014":-24,"demolitions_2015":12,"newbuilds_2015":0,"net_2015":-12,"demolitions_2016":21,"newbuilds_2016":0,"net_2016":-21,"demolitions_2017":6,"newbuilds_2017":0,"net_2017":-6,"demolitions_2018":5,"newbuilds_2018":0,"net_2018":-5,"demolitions_2019":1,"newbuilds_2019":0,"net_2019":-1,"demolitions_2020":3,"newbuilds_2020":0,"net_2020":-3,"demolitions_2021":3,"newbuilds_2021":0,"net_2021":-3,"demolitions_2022":0,"newbuilds_2022":0,"net_2022":0,"demolitions_2023":1,"newbuilds_2023":0,"net_2023":-1,"demolitions_2024":0,"newbuilds_2024":0,"net_2024":0,"demolitions_2025":3,"newbuilds_2025":0,"net_2025":-3,"demolitions_2026":1,"newbuilds_2026":0,"net_2026":-1},"geometry":{"type":"Polygon","coordinates":[[[-83.002192,42.366806],[-83.002192,42.371008],[-83.007082,42.373108],[-83.011973,42.371008],[-83.011973,42.366806],[-83.007082,42.364705],[-83.002192,42.366806]]]}},{"type":"Feature","properties":{"id":553,"q":8,"r":4,"demolitions_2014":14,"newbuilds_2014":0,"net_2014":-14,"demolitions_2015":11,"newbuilds_2015":0,"net_2015":-11,"demolitions_2016":13,"newbuilds_2016":0,"net_2016":-13,"demolitions_2017":43,"newbuilds_2017":0,"net_2017":-43,"demolitions_2018":20,"newbuilds_2018":0,"net_2018":-20,"demolitions_2019":5,"newbuilds_2019":0,"net_2019":-5,"demolitions_2020":6,"newbuilds_2020":0,"net_2020":-6,"demolitions_2021":7,"newbuilds_2021":0,"net_2021":-7,"demolitions_2022":3,"newbuilds_2022":0,"net_2022":-3,"demolitions_2023":9,"newbuilds_2023":0,"net_2023":-9,"demolitions_2024":7,"newbuilds_2024":0,"net_2024":-7,"demolitions_2025":3,"newbuilds_2025":0,"net_2025":-3,"demolitions_2026":1,"newbuilds_2026":0,"net_2026":-1},"geometry":{"type":"Polygon","coordinates":[[[-82.997301,42.373108],[-82.997301,42.37731],[-83.002192,42.379411],[-83.007082,42.37731],[-83.007082,42.373108],[-83.002192,42.371008],[-82.997301,42.373108]]]}},{"type":"Feature","properties":{"id":554,"q":8,"r":5,"demolitions_2014":3,"newbuilds_2014":0,"net_2014":-3,"demolitions_2015":7,"newbuilds_2015":0,"net_2015":-7,"demolitions_2016":14,"newbuilds_2016":0,"net_2016":-14,"demolitions_2017":38,"newbuilds_2017":0,"net_2017":-38,"demolitions_2018":7,"newbuilds_2018":0,"net_2018":-7,"demolitions_2019":7,"newbuilds_2019":0,"net_2019":-7,"demolitions_2020":17,"newbuilds_2020":0,"net_2020":-17,"demolitions_2021":5,"newbuilds_2021":0,"net_2021":-5,"demolitions_2022":9,"newbuilds_2022":0,"net_2022":-9,"demolitions_2023":23,"newbuilds_2023":0,"net_2023":-23,"demolitions_2024":26,"newbuilds_2024":0,"net_2024":-26,"demolitions_2025":8,"newbuilds_2025":0,"net_2025":-8,"demolitions_2026":0,"newbuilds_2026":0,"net_2026":0},"geometry":{"type":"Polygon","coordinates":[[[-82.992411,42.379411],[-82.992411,42.383612],[-82.997301,42.385713],[-83.002192,42.383612],[-83.002192,42.379411],[-82.997301,42.37731],[-82.992411,42.379411]]]}},{"type":"Feature","properties":{"id":555,"q":8,"r":6,"demolitions_2014":3,"newbuilds_2014":0,"net_2014":-3,"demolitions_2015":1,"newbuilds_2015":0,"net_2015":-1,"demolitions_2016":33,"newbuilds_2016":0,"net_2016":-33,"demolitions_2017":5,"newbuilds_2017":0,"net_2017":-5,"demolitions_2018":6,"newbuilds_2018":0,"net_2018":-6,"demolitions_2019":6,"newbuilds_2019":0,"net_2019":-6,"demolitions_2020":9,"newbuilds_2020":0,"net_2020":-9,"demolitions_2021":4,"newbuilds_2021":0,"net_2021":-4,"demolitions_2022":2,"newbuilds_2022":0,"net_2022":-2,"demolitions_2023":26,"newbuilds_2023":0,"net_2023":-26,"demolitions_2024":14,"newbuilds_2024":0,"net_2024":-14,"demolitions_2025":21,"newbuilds_2025":0,"net_2025":-21,"demolitions_2026":5,"newbuilds_2026":0,"net_2026":-5},"geometry":{"type":"Polygon","coordinates":[[[-82.98752,42.385713],[-82.98752,42.389914],[-82.992411,42.392015],[-82.997301,42.389914],[-82.997301,42.385713],[-82.992411,42.383612],[-82.98752,42.385713]]]}},{"type":"Feature","properties":{"id":556,"q":8,"r":7,"demolitions_2014":1,"newbuilds_2014":0,"net_2014":-1,"demolitions_2015":0,"newbuilds_2015":0,"net_2015":0,"demolitions_2016":4,"newbuilds_2016":0,"net_2016":-4,"demolitions_2017":4,"newbuilds_2017":0,"net_2017":-4,"demolitions_2018":6,"newbuilds_2018":0,"net_2018":-6,"demolitions_2019":0,"newbuilds_2019":0,"net_2019":0,"demolitions_2020":1,"newbuilds_2020":0,"net_2020":-1,"demolitions_2021":3,"newbuilds_2021":0,"net_2021":-3,"demolitions_2022":7,"newbuilds_2022":0,"net_2022":-7,"demolitions_2023":4,"newbuilds_2023":0,"net_2023":-4,"demolitions_2024":2,"newbuilds_2024":0,"net_2024":-2,"demolitions_2025":4,"newbuilds_2025":0,"net_2025":-4,"demolitions_2026":0,"newbuilds_2026":0,"net_2026":0},"geometry":{"type":"Polygon","coordinates":[[[-82.98263,42.392015],[-82.98263,42.396217],[-82.98752,42.398317],[-82.992411,42.396217],[-82.992411,42.392015],[-82.98752,42.389914],[-82.98263,42.392015]]]}},{"type":"Feature","properties":{"id":557,"q":8,"r":8,"demolitions_2014":2,"newbuilds_2014":0,"net_2014":-2,"demolitions_2015":2,"newbuilds_2015":0,"net_2015":-2,"demolitions_2016":3,"newbuilds_2016":0,"net_2016":-3,"demolitions_2017":6,"newbuilds_2017":0,"net_2017":-6,"demolitions_2018":12,"newbuilds_2018":0,"net_2018":-12,"demolitions_2019":12,"newbuilds_2019":0,"net_2019":-12,"demolitions_2020":0,"newbuilds_2020":0,"net_2020":0,"demolitions_2021":5,"newbuilds_2021":0,"net_2021":-5,"demolitions_2022":40,"newbuilds_2022":0,"net_2022":-40,"demolitions_2023":8,"newbuilds_2023":0,"net_2023":-8,"demolitions_2024":16,"newbuilds_2024":0,"net_2024":-16,"demolitions_2025":11,"newbuilds_2025":0,"net_2025":-11,"demolitions_2026":4,"newbuilds_2026":0,"net_2026":-4},"geometry":{"type":"Polygon","coordinates":[[[-82.97774,42.398317],[-82.97774,42.402519],[-82.98263,42.40462],[-82.98752,42.402519],[-82.98752,42.398317],[-82.98263,42.396217],[-82.97774,42.398317]]]}},{"type":"Feature","properties":{"id":558,"q":8,"r":9,"demolitions_2014":3,"newbuilds_2014":0,"net_2014":-3,"demolitions_2015":9,"newbuilds_2015":0,"net_2015":-9,"demolitions_2016":0,"newbuilds_2016":0,"net_2016":0,"demolitions_2017":12,"newbuilds_2017":0,"net_2017":-12,"demolitions_2018":31,"newbuilds_2018":0,"net_2018":-31,"demolitions_2019":22,"newbuilds_2019":0,"net_2019":-22,"demolitions_2020":3,"newbuilds_2020":0,"net_2020":-3,"demolitions_2021":17,"newbuilds_2021":0,"net_2021":-17,"demolitions_2022":12,"newbuilds_2022":0,"net_2022":-12,"demolitions_2023":14,"newbuilds_2023":0,"net_2023":-14,"demolitions_2024":12,"newbuilds_2024":0,"net_2024":-12,"demolitions_2025":3,"newbuilds_2025":0,"net_2025":-3,"demolitions_2026":0,"newbuilds_2026":0,"net_2026":0},"geometry":{"type":"Polygon","coordinates":[[[-82.972849,42.40462],[-82.972849,42.408821],[-82.97774,42.410922],[-82.98263,42.408821],[-82.98263,42.40462],[-82.97774,42.402519],[-82.972849,42.40462]]]}},{"type":"Feature","properties":{"id":559,"q":8,"r":10,"demolitions_2014":5,"newbuilds_2014":0,"net_2014":-5,"demolitions_2015":3,"newbuilds_2015":0,"net_2015":-3,"demolitions_2016":0,"newbuilds_2016":0,"net_2016":0,"demolitions_2017":2,"newbuilds_2017":0,"net_2017":-2,"demolitions_2018":41,"newbuilds_2018":0,"net_2018":-41,"demolitions_2019":25,"newbuilds_2019":0,"net_2019":-25,"demolitions_2020":1,"newbuilds_2020":0,"net_2020":-1,"demolitions_2021":4,"newbuilds_2021":0,"net_2021":-4,"demolitions_2022":4,"newbuilds_2022":0,"net_2022":-4,"demolitions_2023":4,"newbuilds_2023":0,"net_2023":-4,"demolitions_2024":9,"newbuilds_2024":0,"net_2024":-9,"demolitions_2025":4,"newbuilds_2025":0,"net_2025":-4,"demolitions_2026":0,"newbuilds_2026":0,"net_2026":0},"geometry":{"type":"Polygon","coordinates":[[[-82.967959,42.410922],[-82.967959,42.415123],[-82.972849,42.417224],[-82.97774,42.415123],[-82.97774,42.410922],[-82.972849,42.408821],[-82.967959,42.410922]]]}},{"type":"Feature","properties":{"id":560,"q":8,"r":11,"demolitions_2014":2,"newbuilds_2014":0,"net_2014":-2,"demolitions_2015":19,"newbuilds_2015":0,"net_2015":-19,"demolitions_2016":10,"newbuilds_2016":0,"net_2016":-10,"demolitions_2017":5,"newbuilds_2017":0,"net_2017":-5,"demolitions_2018":74,"newbuilds_2018":0,"net_2018":-74,"demolitions_2019":18,"newbuilds_2019":0,"net_2019":-18,"demolitions_2020":1,"newbuilds_2020":0,"net_2020":-1,"demolitions_2021":9,"newbuilds_2021":0,"net_2021":-9,"demolitions_2022":15,"newbuilds_2022":0,"net_2022":-15,"demolitions_2023":5,"newbuilds_2023":0,"net_2023":-5,"demolitions_2024":17,"newbuilds_2024":0,"net_2024":-17,"demolitions_2025":15,"newbuilds_2025":0,"net_2025":-15,"demolitions_2026":0,"newbuilds_2026":0,"net_2026":0},"geometry":{"type":"Polygon","coordinates":[[[-82.963068,42.417224],[-82.963068,42.421426],[-82.967959,42.423526],[-82.972849,42.421426],[-82.972849,42.417224],[-82.967959,42.415123],[-82.963068,42.417224]]]}},{"type":"Feature","properties":{"id":561,"q":8,"r":12,"demolitions_2014":5,"newbuilds_2014":0,"net_2014":-5,"demolitions_2015":3,"newbuilds_2015":0,"net_2015":-3,"demolitions_2016":7,"newbuilds_2016":0,"net_2016":-7,"demolitions_2017":7,"newbuilds_2017":0,"net_2017":-7,"demolitions_2018":4,"newbuilds_2018":0,"net_2018":-4,"demolitions_2019":4,"newbuilds_2019":0,"net_2019":-4,"demolitions_2020":6,"newbuilds_2020":0,"net_2020":-6,"demolitions_2021":4,"newbuilds_2021":0,"net_2021":-4,"demolitions_2022":7,"newbuilds_2022":0,"net_2022":-7,"demolitions_2023":6,"newbuilds_2023":0,"net_2023":-6,"demolitions_2024":3,"newbuilds_2024":0,"net_2024":-3,"demolitions_2025":6,"newbuilds_2025":1,"net_2025":-5,"demolitions_2026":0,"newbuilds_2026":0,"net_2026":0},"geometry":{"type":"Polygon","coordinates":[[[-82.958178,42.423526],[-82.958178,42.427728],[-82.963068,42.429829],[-82.967959,42.427728],[-82.967959,42.423526],[-82.963068,42.421426],[-82.958178,42.423526]]]}},{"type":"Feature","properties":{"id":562,"q":8,"r":13,"demolitions_2014":19,"newbuilds_2014":0,"net_2014":-19,"demolitions_2015":16,"newbuilds_2015":0,"net_2015":-16,"demolitions_2016":21,"newbuilds_2016":0,"net_2016":-21,"demolitions_2017":7,"newbuilds_2017":0,"net_2017":-7,"demolitions_2018":14,"newbuilds_2018":0,"net_2018":-14,"demolitions_2019":4,"newbuilds_2019":0,"net_2019":-4,"demolitions_2020":1,"newbuilds_2020":0,"net_2020":-1,"demolitions_2021":1,"newbuilds_2021":0,"net_2021":-1,"demolitions_2022":1,"newbuilds_2022":0,"net_2022":-1,"demolitions_2023":1,"newbuilds_2023":0,"net_2023":-1,"demolitions_2024":5,"newbuilds_2024":0,"net_2024":-5,"demolitions_2025":0,"newbuilds_2025":0,"net_2025":0,"demolitions_2026":1,"newbuilds_2026":0,"net_2026":-1},"geometry":{"type":"Polygon","coordinates":[[[-82.953288,42.429829],[-82.953288,42.43403],[-82.958178,42.436131],[-82.963068,42.43403],[-82.963068,42.429829],[-82.958178,42.427728],[-82.953288,42.429829]]]}},{"type":"Feature","properties":{"id":563,"q":8,"r":14,"demolitions_2014":35,"newbuilds_2014":0,"net_2014":-35,"demolitions_2015":20,"newbuilds_2015":0,"net_2015":-20,"demolitions_2016":13,"newbuilds_2016":0,"net_2016":-13,"demolitions_2017":6,"newbuilds_2017":0,"net_2017":-6,"demolitions_2018":14,"newbuilds_2018":0,"net_2018":-14,"demolitions_2019":6,"newbuilds_2019":0,"net_2019":-6,"demolitions_2020":1,"newbuilds_2020":0,"net_2020":-1,"demolitions_2021":1,"newbuilds_2021":0,"net_2021":-1,"demolitions_2022":0,"newbuilds_2022":0,"net_2022":0,"demolitions_2023":1,"newbuilds_2023":0,"net_2023":-1,"demolitions_2024":6,"newbuilds_2024":0,"net_2024":-6,"demolitions_2025":2,"newbuilds_2025":0,"net_2025":-2,"demolitions_2026":1,"newbuilds_2026":0,"net_2026":-1},"geometry":{"type":"Polygon","coordinates":[[[-82.948397,42.436131],[-82.948397,42.440332],[-82.953288,42.442433],[-82.958178,42.440332],[-82.958178,42.436131],[-82.953288,42.43403],[-82.948397,42.436131]]]}},{"type":"Feature","properties":{"id":564,"q":8,"r":15,"demolitions_2014":4,"newbuilds_2014":0,"net_2014":-4,"demolitions_2015":3,"newbuilds_2015":0,"net_2015":-3,"demolitions_2016":4,"newbuilds_2016":0,"net_2016":-4,"demolitions_2017":1,"newbuilds_2017":0,"net_2017":-1,"demolitions_2018":9,"newbuilds_2018":0,"net_2018":-9,"demolitions_2019":5,"newbuilds_2019":0,"net_2019":-5,"demolitions_2020":0,"newbuilds_2020":0,"net_2020":0,"demolitions_2021":2,"newbuilds_2021":0,"net_2021":-2,"demolitions_2022":1,"newbuilds_2022":0,"net_2022":-1,"demolitions_2023":0,"newbuilds_2023":0,"net_2023":0,"demolitions_2024":0,"newbuilds_2024":0,"net_2024":0,"demolitions_2025":0,"newbuilds_2025":0,"net_2025":0,"demolitions_2026":2,"newbuilds_2026":0,"net_2026":-2},"geometry":{"type":"Polygon","coordinates":[[[-82.943507,42.442433],[-82.943507,42.446635],[-82.948397,42.448735],[-82.953288,42.446635],[-82.953288,42.442433],[-82.948397,42.440332],[-82.943507,42.442433]]]}},{"type":"Feature","properties":{"id":565,"q":9,"r":-3,"demolitions_2014":0,"newbuilds_2014":0,"net_2014":0,"demolitions_2015":1,"newbuilds_2015":0,"net_2015":-1,"demolitions_2016":0,"newbuilds_2016":0,"net_2016":0,"demolitions_2017":0,"newbuilds_2017":0,"net_2017":0,"demolitions_2018":0,"newbuilds_2018":0,"net_2018":0,"demolitions_2019":0,"newbuilds_2019":0,"net_2019":0,"demolitions_2020":0,"newbuilds_2020":0,"net_2020":0,"demolitions_2021":0,"newbuilds_2021":0,"net_2021":0,"demolitions_2022":0,"newbuilds_2022":0,"net_2022":0,"demolitions_2023":2,"newbuilds_2023":0,"net_2023":-2,"demolitions_2024":0,"newbuilds_2024":0,"net_2024":0,"demolitions_2025":0,"newbuilds_2025":0,"net_2025":0,"demolitions_2026":0,"newbuilds_2026":0,"net_2026":0},"geometry":{"type":"Polygon","coordinates":[[[-83.021753,42.328992],[-83.021753,42.333194],[-83.026644,42.335295],[-83.031534,42.333194],[-83.031534,42.328992],[-83.026644,42.326892],[-83.021753,42.328992]]]}},{"type":"Feature","properties":{"id":566,"q":9,"r":-2,"demolitions_2014":0,"newbuilds_2014":0,"net_2014":0,"demolitions_2015":0,"newbuilds_2015":0,"net_2015":0,"demolitions_2016":0,"newbuilds_2016":0,"net_2016":0,"demolitions_2017":0,"newbuilds_2017":0,"net_2017":0,"demolitions_2018":0,"newbuilds_2018":0,"net_2018":0,"demolitions_2019":0,"newbuilds_2019":1,"net_2019":1,"demolitions_2020":0,"newbuilds_2020":0,"net_2020":0,"demolitions_2021":0,"newbuilds_2021":1,"net_2021":1,"demolitions_2022":0,"newbuilds_2022":0,"net_2022":0,"demolitions_2023":0,"newbuilds_2023":1,"net_2023":1,"demolitions_2024":0,"newbuilds_2024":1,"net_2024":1,"demolitions_2025":0,"newbuilds_2025":1,"net_2025":1,"demolitions_2026":0,"newbuilds_2026":0,"net_2026":0},"geometry":{"type":"Polygon","coordinates":[[[-83.016863,42.335295],[-83.016863,42.339496],[-83.021753,42.341597],[-83.026644,42.339496],[-83.026644,42.335295],[-83.021753,42.333194],[-83.016863,42.335295]]]}},{"type":"Feature","properties":{"id":567,"q":9,"r":-1,"demolitions_2014":0,"newbuilds_2014":0,"net_2014":0,"demolitions_2015":0,"newbuilds_2015":0,"net_2015":0,"demolitions_2016":0,"newbuilds_2016":0,"net_2016":0,"demolitions_2017":0,"newbuilds_2017":0,"net_2017":0,"demolitions_2018":0,"newbuilds_2018":0,"net_2018":0,"demolitions_2019":0,"newbuilds_2019":0,"net_2019":0,"demolitions_2020":0,"newbuilds_2020":0,"net_2020":0,"demolitions_2021":0,"newbuilds_2021":0,"net_2021":0,"demolitions_2022":0,"newbuilds_2022":0,"net_2022":0,"demolitions_2023":0,"newbuilds_2023":0,"net_2023":0,"demolitions_2024":0,"newbuilds_2024":0,"net_2024":0,"demolitions_2025":0,"newbuilds_2025":0,"net_2025":0,"demolitions_2026":0,"newbuilds_2026":0,"net_2026":0},"geometry":{"type":"Polygon","coordinates":[[[-83.011973,42.341597],[-83.011973,42.345798],[-83.016863,42.347899],[-83.021753,42.345798],[-83.021753,42.341597],[-83.016863,42.339496],[-83.011973,42.341597]]]}},{"type":"Feature","properties":{"id":568,"q":9,"r":0,"demolitions_2014":0,"newbuilds_2014":0,"net_2014":0,"demolitions_2015":3,"newbuilds_2015":0,"net_2015":-3,"demolitions_2016":3,"newbuilds_2016":0,"net_2016":-3,"demolitions_2017":3,"newbuilds_2017":0,"net_2017":-3,"demolitions_2018":1,"newbuilds_2018":0,"net_2018":-1,"demolitions_2019":0,"newbuilds_2019":1,"net_2019":1,"demolitions_2020":0,"newbuilds_2020":0,"net_2020":0,"demolitions_2021":0,"newbuilds_2021":0,"net_2021":0,"demolitions_2022":1,"newbuilds_2022":0,"net_2022":-1,"demolitions_2023":0,"newbuilds_2023":0,"net_2023":0,"demolitions_2024":0,"newbuilds_2024":0,"net_2024":0,"demolitions_2025":0,"newbuilds_2025":0,"net_2025":0,"demolitions_2026":0,"newbuilds_2026":0,"net_2026":0},"geometry":{"type":"Polygon","coordinates":[[[-83.007082,42.347899],[-83.007082,42.352101],[-83.011973,42.354202],[-83.016863,42.352101],[-83.016863,42.347899],[-83.011973,42.345798],[-83.007082,42.347899]]]}},{"type":"Feature","properties":{"id":569,"q":9,"r":1,"demolitions_2014":12,"newbuilds_2014":0,"net_2014":-12,"demolitions_2015":4,"newbuilds_2015":0,"net_2015":-4,"demolitions_2016":9,"newbuilds_2016":0,"net_2016":-9,"demolitions_2017":4,"newbuilds_2017":0,"net_2017":-4,"demolitions_2018":5,"newbuilds_2018":0,"net_2018":-5,"demolitions_2019":1,"newbuilds_2019":1,"net_2019":0,"demolitions_2020":0,"newbuilds_2020":1,"net_2020":1,"demolitions_2021":0,"newbuilds_2021":0,"net_2021":0,"demolitions_2022":0,"newbuilds_2022":1,"net_2022":1,"demolitions_2023":0,"newbuilds_2023":0,"net_2023":0,"demolitions_2024":4,"newbuilds_2024":1,"net_2024":-3,"demolitions_2025":2,"newbuilds_2025":1,"net_2025":-1,"demolitions_2026":0,"newbuilds_2026":4,"net_2026":4},"geometry":{"type":"Polygon","coordinates":[[[-83.002192,42.354202],[-83.002192,42.358403],[-83.007082,42.360504],[-83.011973,42.358403],[-83.011973,42.354202],[-83.007082,42.352101],[-83.002192,42.354202]]]}},{"type":"Feature","properties":{"id":570,"q":9,"r":2,"demolitions_2014":20,"newbuilds_2014":0,"net_2014":-20,"demolitions_2015":7,"newbuilds_2015":0,"net_2015":-7,"demolitions_2016":12,"newbuilds_2016":0,"net_2016":-12,"demolitions_2017":13,"newbuilds_2017":0,"net_2017":-13,"demolitions_2018":5,"newbuilds_2018":0,"net_2018":-5,"demolitions_2019":0,"newbuilds_2019":1,"net_2019":1,"demolitions_2020":0,"newbuilds_2020":0,"net_2020":0,"demolitions_2021":0,"newbuilds_2021":1,"net_2021":1,"demolitions_2022":1,"newbuilds_2022":3,"net_2022":2,"demolitions_2023":0,"newbuilds_2023":1,"net_2023":1,"demolitions_2024":1,"newbuilds_2024":0,"net_2024":-1,"demolitions_2025":1,"newbuilds_2025":1,"net_2025":0,"demolitions_2026":0,"newbuilds_2026":0,"net_2026":0},"geometry":{"type":"Polygon","coordinates":[[[-82.997301,42.360504],[-82.997301,42.364705],[-83.002192,42.366806],[-83.007082,42.364705],[-83.007082,42.360504],[-83.002192,42.358403],[-82.997301,42.360504]]]}},{"type":"Feature","properties":{"id":571,"q":9,"r":3,"demolitions_2014":6,"newbuilds_2014":0,"net_2014":-6,"demolitions_2015":3,"newbuilds_2015":0,"net_2015":-3,"demolitions_2016":8,"newbuilds_2016":0,"net_2016":-8,"demolitions_2017":7,"newbuilds_2017":0,"net_2017":-7,"demolitions_2018":0,"newbuilds_2018":0,"net_2018":0,"demolitions_2019":2,"newbuilds_2019":1,"net_2019":-1,"demolitions_2020":12,"newbuilds_2020":0,"net_2020":-12,"demolitions_2021":1,"newbuilds_2021":0,"net_2021":-1,"demolitions_2022":2,"newbuilds_2022":0,"net_2022":-2,"demolitions_2023":6,"newbuilds_2023":1,"net_2023":-5,"demolitions_2024":5,"newbuilds_2024":0,"net_2024":-5,"demolitions_2025":4,"newbuilds_2025":0,"net_2025":-4,"demolitions_2026":0,"newbuilds_2026":1,"net_2026":1},"geometry":{"type":"Polygon","coordinates":[[[-82.992411,42.366806],[-82.992411,42.371008],[-82.997301,42.373108],[-83.002192,42.371008],[-83.002192,42.366806],[-82.997301,42.364705],[-82.992411,42.366806]]]}},{"type":"Feature","properties":{"id":572,"q":9,"r":4,"demolitions_2014":0,"newbuilds_2014":0,"net_2014":0,"demolitions_2015":5,"newbuilds_2015":0,"net_2015":-5,"demolitions_2016":1,"newbuilds_2016":0,"net_2016":-1,"demolitions_2017":24,"newbuilds_2017":0,"net_2017":-24,"demolitions_2018":3,"newbuilds_2018":0,"net_2018":-3,"demolitions_2019":11,"newbuilds_2019":0,"net_2019":-11,"demolitions_2020":19,"newbuilds_2020":0,"net_2020":-19,"demolitions_2021":5,"newbuilds_2021":0,"net_2021":-5,"demolitions_2022":9,"newbuilds_2022":0,"net_2022":-9,"demolitions_2023":17,"newbuilds_2023":1,"net_2023":-16,"demolitions_2024":19,"newbuilds_2024":0,"net_2024":-19,"demolitions_2025":6,"newbuilds_2025":0,"net_2025":-6,"demolitions_2026":1,"newbuilds_2026":0,"net_2026":-1},"geometry":{"type":"Polygon","coordinates":[[[-82.98752,42.373108],[-82.98752,42.37731],[-82.992411,42.379411],[-82.997301,42.37731],[-82.997301,42.373108],[-82.992411,42.371008],[-82.98752,42.373108]]]}},{"type":"Feature","properties":{"id":573,"q":9,"r":5,"demolitions_2014":5,"newbuilds_2014":0,"net_2014":-5,"demolitions_2015":5,"newbuilds_2015":0,"net_2015":-5,"demolitions_2016":7,"newbuilds_2016":0,"net_2016":-7,"demolitions_2017":15,"newbuilds_2017":0,"net_2017":-15,"demolitions_2018":23,"newbuilds_2018":0,"net_2018":-23,"demolitions_2019":9,"newbuilds_2019":0,"net_2019":-9,"demolitions_2020":38,"newbuilds_2020":0,"net_2020":-38,"demolitions_2021":14,"newbuilds_2021":0,"net_2021":-14,"demolitions_2022":27,"newbuilds_2022":0,"net_2022":-27,"demolitions_2023":19,"newbuilds_2023":0,"net_2023":-19,"demolitions_2024":14,"newbuilds_2024":0,"net_2024":-14,"demolitions_2025":8,"newbuilds_2025":0,"net_2025":-8,"demolitions_2026":1,"newbuilds_2026":0,"net_2026":-1},"geometry":{"type":"Polygon","coordinates":[[[-82.98263,42.379411],[-82.98263,42.383612],[-82.98752,42.385713],[-82.992411,42.383612],[-82.992411,42.379411],[-82.98752,42.37731],[-82.98263,42.379411]]]}},{"type":"Feature","properties":{"id":574,"q":9,"r":6,"demolitions_2014":0,"newbuilds_2014":0,"net_2014":0,"demolitions_2015":1,"newbuilds_2015":0,"net_2015":-1,"demolitions_2016":1,"newbuilds_2016":0,"net_2016":-1,"demolitions_2017":0,"newbuilds_2017":0,"net_2017":0,"demolitions_2018":2,"newbuilds_2018":0,"net_2018":-2,"demolitions_2019":0,"newbuilds_2019":0,"net_2019":0,"demolitions_2020":3,"newbuilds_2020":0,"net_2020":-3,"demolitions_2021":3,"newbuilds_2021":0,"net_2021":-3,"demolitions_2022":3,"newbuilds_2022":0,"net_2022":-3,"demolitions_2023":4,"newbuilds_2023":0,"net_2023":-4,"demolitions_2024":0,"newbuilds_2024":0,"net_2024":0,"demolitions_2025":0,"newbuilds_2025":0,"net_2025":0,"demolitions_2026":1,"newbuilds_2026":0,"net_2026":-1},"geometry":{"type":"Polygon","coordinates":[[[-82.97774,42.385713],[-82.97774,42.389914],[-82.98263,42.392015],[-82.98752,42.389914],[-82.98752,42.385713],[-82.98263,42.383612],[-82.97774,42.385713]]]}},{"type":"Feature","properties":{"id":575,"q":9,"r":7,"demolitions_2014":0,"newbuilds_2014":0,"net_2014":0,"demolitions_2015":0,"newbuilds_2015":0,"net_2015":0,"demolitions_2016":0,"newbuilds_2016":0,"net_2016":0,"demolitions_2017":1,"newbuilds_2017":0,"net_2017":-1,"demolitions_2018":2,"newbuilds_2018":0,"net_2018":-2,"demolitions_2019":0,"newbuilds_2019":1,"net_2019":1,"demolitions_2020":0,"newbuilds_2020":0,"net_2020":0,"demolitions_2021":0,"newbuilds_2021":0,"net_2021":0,"demolitions_2022":0,"newbuilds_2022":1,"net_2022":1,"demolitions_2023":1,"newbuilds_2023":1,"net_2023":0,"demolitions_2024":0,"newbuilds_2024":0,"net_2024":0,"demolitions_2025":0,"newbuilds_2025":0,"net_2025":0,"demolitions_2026":0,"newbuilds_2026":1,"net_2026":1},"geometry":{"type":"Polygon","coordinates":[[[-82.972849,42.392015],[-82.972849,42.396217],[-82.97774,42.398317],[-82.98263,42.396217],[-82.98263,42.392015],[-82.97774,42.389914],[-82.972849,42.392015]]]}},{"type":"Feature","properties":{"id":576,"q":9,"r":8,"demolitions_2014":11,"newbuilds_2014":0,"net_2014":-11,"demolitions_2015":4,"newbuilds_2015":0,"net_2015":-4,"demolitions_2016":5,"newbuilds_2016":0,"net_2016":-5,"demolitions_2017":1,"newbuilds_2017":0,"net_2017":-1,"demolitions_2018":14,"newbuilds_2018":0,"net_2018":-14,"demolitions_2019":15,"newbuilds_2019":0,"net_2019":-15,"demolitions_2020":3,"newbuilds_2020":0,"net_2020":-3,"demolitions_2021":6,"newbuilds_2021":0,"net_2021":-6,"demolitions_2022":5,"newbuilds_2022":0,"net_2022":-5,"demolitions_2023":1,"newbuilds_2023":0,"net_2023":-1,"demolitions_2024":3,"newbuilds_2024":1,"net_2024":-2,"demolitions_2025":2,"newbuilds_2025":0,"net_2025":-2,"demolitions_2026":0,"newbuilds_2026":0,"net_2026":0},"geometry":{"type":"Polygon","coordinates":[[[-82.967959,42.398317],[-82.967959,42.402519],[-82.972849,42.40462],[-82.97774,42.402519],[-82.97774,42.398317],[-82.972849,42.396217],[-82.967959,42.398317]]]}},{"type":"Feature","properties":{"id":577,"q":9,"r":9,"demolitions_2014":9,"newbuilds_2014":0,"net_2014":-9,"demolitions_2015":6,"newbuilds_2015":0,"net_2015":-6,"demolitions_2016":8,"newbuilds_2016":0,"net_2016":-8,"demolitions_2017":6,"newbuilds_2017":0,"net_2017":-6,"demolitions_2018":12,"newbuilds_2018":0,"net_2018":-12,"demolitions_2019":24,"newbuilds_2019":0,"net_2019":-24,"demolitions_2020":1,"newbuilds_2020":1,"net_2020":0,"demolitions_2021":42,"newbuilds_2021":0,"net_2021":-42,"demolitions_2022":34,"newbuilds_2022":0,"net_2022":-34,"demolitions_2023":4,"newbuilds_2023":0,"net_2023":-4,"demolitions_2024":27,"newbuilds_2024":0,"net_2024":-27,"demolitions_2025":11,"newbuilds_2025":0,"net_2025":-11,"demolitions_2026":2,"newbuilds_2026":0,"net_2026":-2},"geometry":{"type":"Polygon","coordinates":[[[-82.963068,42.40462],[-82.963068,42.408821],[-82.967959,42.410922],[-82.972849,42.408821],[-82.972849,42.40462],[-82.967959,42.402519],[-82.963068,42.40462]]]}},{"type":"Feature","properties":{"id":578,"q":9,"r":10,"demolitions_2014":16,"newbuilds_2014":0,"net_2014":-16,"demolitions_2015":10,"newbuilds_2015":0,"net_2015":-10,"demolitions_2016":20,"newbuilds_2016":0,"net_2016":-20,"demolitions_2017":8,"newbuilds_2017":0,"net_2017":-8,"demolitions_2018":31,"newbuilds_2018":0,"net_2018":-31,"demolitions_2019":10,"newbuilds_2019":0,"net_2019":-10,"demolitions_2020":2,"newbuilds_2020":0,"net_2020":-2,"demolitions_2021":4,"newbuilds_2021":0,"net_2021":-4,"demolitions_2022":3,"newbuilds_2022":0,"net_2022":-3,"demolitions_2023":3,"newbuilds_2023":0,"net_2023":-3,"demolitions_2024":6,"newbuilds_2024":0,"net_2024":-6,"demolitions_2025":5,"newbuilds_2025":0,"net_2025":-5,"demolitions_2026":0,"newbuilds_2026":0,"net_2026":0},"geometry":{"type":"Polygon","coordinates":[[[-82.958178,42.410922],[-82.958178,42.415123],[-82.963068,42.417224],[-82.967959,42.415123],[-82.967959,42.410922],[-82.963068,42.408821],[-82.958178,42.410922]]]}},{"type":"Feature","properties":{"id":579,"q":9,"r":11,"demolitions_2014":2,"newbuilds_2014":0,"net_2014":-2,"demolitions_2015":2,"newbuilds_2015":0,"net_2015":-2,"demolitions_2016":6,"newbuilds_2016":0,"net_2016":-6,"demolitions_2017":2,"newbuilds_2017":0,"net_2017":-2,"demolitions_2018":14,"newbuilds_2018":0,"net_2018":-14,"demolitions_2019":4,"newbuilds_2019":1,"net_2019":-3,"demolitions_2020":0,"newbuilds_2020":0,"net_2020":0,"demolitions_2021":0,"newbuilds_2021":0,"net_2021":0,"demolitions_2022":2,"newbuilds_2022":0,"net_2022":-2,"demolitions_2023":1,"newbuilds_2023":0,"net_2023":-1,"demolitions_2024":0,"newbuilds_2024":0,"net_2024":0,"demolitions_2025":1,"newbuilds_2025":0,"net_2025":-1,"demolitions_2026":0,"newbuilds_2026":0,"net_2026":0},"geometry":{"type":"Polygon","coordinates":[[[-82.953288,42.417224],[-82.953288,42.421426],[-82.958178,42.423526],[-82.963068,42.421426],[-82.963068,42.417224],[-82.958178,42.415123],[-82.953288,42.417224]]]}},{"type":"Feature","properties":{"id":580,"q":9,"r":12,"demolitions_2014":2,"newbuilds_2014":0,"net_2014":-2,"demolitions_2015":2,"newbuilds_2015":0,"net_2015":-2,"demolitions_2016":7,"newbuilds_2016":0,"net_2016":-7,"demolitions_2017":8,"newbuilds_2017":0,"net_2017":-8,"demolitions_2018":12,"newbuilds_2018":0,"net_2018":-12,"demolitions_2019":3,"newbuilds_2019":0,"net_2019":-3,"demolitions_2020":2,"newbuilds_2020":0,"net_2020":-2,"demolitions_2021":0,"newbuilds_2021":0,"net_2021":0,"demolitions_2022":1,"newbuilds_2022":0,"net_2022":-1,"demolitions_2023":0,"newbuilds_2023":0,"net_2023":0,"demolitions_2024":1,"newbuilds_2024":0,"net_2024":-1,"demolitions_2025":1,"newbuilds_2025":1,"net_2025":0,"demolitions_2026":1,"newbuilds_2026":0,"net_2026":-1},"geometry":{"type":"Polygon","coordinates":[[[-82.948397,42.423526],[-82.948397,42.427728],[-82.953288,42.429829],[-82.958178,42.427728],[-82.958178,42.423526],[-82.953288,42.421426],[-82.948397,42.423526]]]}},{"type":"Feature","properties":{"id":581,"q":9,"r":13,"demolitions_2014":1,"newbuilds_2014":0,"net_2014":-1,"demolitions_2015":3,"newbuilds_2015":0,"net_2015":-3,"demolitions_2016":6,"newbuilds_2016":0,"net_2016":-6,"demolitions_2017":2,"newbuilds_2017":0,"net_2017":-2,"demolitions_2018":16,"newbuilds_2018":0,"net_2018":-16,"demolitions_2019":6,"newbuilds_2019":0,"net_2019":-6,"demolitions_2020":0,"newbuilds_2020":0,"net_2020":0,"demolitions_2021":2,"newbuilds_2021":0,"net_2021":-2,"demolitions_2022":1,"newbuilds_2022":1,"net_2022":0,"demolitions_2023":0,"newbuilds_2023":0,"net_2023":0,"demolitions_2024":6,"newbuilds_2024":0,"net_2024":-6,"demolitions_2025":4,"newbuilds_2025":0,"net_2025":-4,"demolitions_2026":0,"newbuilds_2026":0,"net_2026":0},"geometry":{"type":"Polygon","coordinates":[[[-82.943507,42.429829],[-82.943507,42.43403],[-82.948397,42.436131],[-82.953288,42.43403],[-82.953288,42.429829],[-82.948397,42.427728],[-82.943507,42.429829]]]}},{"type":"Feature","properties":{"id":582,"q":10,"r":-3,"demolitions_2014":0,"newbuilds_2014":0,"net_2014":0,"demolitions_2015":0,"newbuilds_2015":0,"net_2015":0,"demolitions_2016":0,"newbuilds_2016":0,"net_2016":0,"demolitions_2017":0,"newbuilds_2017":0,"net_2017":0,"demolitions_2018":0,"newbuilds_2018":0,"net_2018":0,"demolitions_2019":0,"newbuilds_2019":0,"net_2019":0,"demolitions_2020":0,"newbuilds_2020":0,"net_2020":0,"demolitions_2021":0,"newbuilds_2021":0,"net_2021":0,"demolitions_2022":0,"newbuilds_2022":0,"net_2022":0,"demolitions_2023":0,"newbuilds_2023":0,"net_2023":0,"demolitions_2024":0,"newbuilds_2024":0,"net_2024":0,"demolitions_2025":0,"newbuilds_2025":0,"net_2025":0,"demolitions_2026":0,"newbuilds_2026":0,"net_2026":0},"geometry":{"type":"Polygon","coordinates":[[[-83.011973,42.328992],[-83.011973,42.333194],[-83.016863,42.335295],[-83.021753,42.333194],[-83.021753,42.328992],[-83.016863,42.326892],[-83.011973,42.328992]]]}},{"type":"Feature","properties":{"id":583,"q":10,"r":-2,"demolitions_2014":0,"newbuilds_2014":0,"net_2014":0,"demolitions_2015":0,"newbuilds_2015":0,"net_2015":0,"demolitions_2016":0,"newbuilds_2016":0,"net_2016":0,"demolitions_2017":0,"newbuilds_2017":0,"net_2017":0,"demolitions_2018":0,"newbuilds_2018":0,"net_2018":0,"demolitions_2019":0,"newbuilds_2019":0,"net_2019":0,"demolitions_2020":0,"newbuilds_2020":0,"net_2020":0,"demolitions_2021":0,"newbuilds_2021":0,"net_2021":0,"demolitions_2022":0,"newbuilds_2022":0,"net_2022":0,"demolitions_2023":0,"newbuilds_2023":0,"net_2023":0,"demolitions_2024":0,"newbuilds_2024":0,"net_2024":0,"demolitions_2025":0,"newbuilds_2025":0,"net_2025":0,"demolitions_2026":0,"newbuilds_2026":0,"net_2026":0},"geometry":{"type":"Polygon","coordinates":[[[-83.007082,42.335295],[-83.007082,42.339496],[-83.011973,42.341597],[-83.016863,42.339496],[-83.016863,42.335295],[-83.011973,42.333194],[-83.007082,42.335295]]]}},{"type":"Feature","properties":{"id":584,"q":10,"r":-1,"demolitions_2014":0,"newbuilds_2014":0,"net_2014":0,"demolitions_2015":0,"newbuilds_2015":0,"net_2015":0,"demolitions_2016":2,"newbuilds_2016":0,"net_2016":-2,"demolitions_2017":0,"newbuilds_2017":0,"net_2017":0,"demolitions_2018":0,"newbuilds_2018":0,"net_2018":0,"demolitions_2019":0,"newbuilds_2019":0,"net_2019":0,"demolitions_2020":0,"newbuilds_2020":0,"net_2020":0,"demolitions_2021":0,"newbuilds_2021":0,"net_2021":0,"demolitions_2022":0,"newbuilds_2022":0,"net_2022":0,"demolitions_2023":0,"newbuilds_2023":0,"net_2023":0,"demolitions_2024":0,"newbuilds_2024":0,"net_2024":0,"demolitions_2025":1,"newbuilds_2025":0,"net_2025":-1,"demolitions_2026":0,"newbuilds_2026":0,"net_2026":0},"geometry":{"type":"Polygon","coordinates":[[[-83.002192,42.341597],[-83.002192,42.345798],[-83.007082,42.347899],[-83.011973,42.345798],[-83.011973,42.341597],[-83.007082,42.339496],[-83.002192,42.341597]]]}},{"type":"Feature","properties":{"id":585,"q":10,"r":0,"demolitions_2014":5,"newbuilds_2014":0,"net_2014":-5,"demolitions_2015":0,"newbuilds_2015":0,"net_2015":0,"demolitions_2016":1,"newbuilds_2016":0,"net_2016":-1,"demolitions_2017":1,"newbuilds_2017":0,"net_2017":-1,"demolitions_2018":0,"newbuilds_2018":0,"net_2018":0,"demolitions_2019":2,"newbuilds_2019":0,"net_2019":-2,"demolitions_2020":0,"newbuilds_2020":0,"net_2020":0,"demolitions_2021":1,"newbuilds_2021":1,"net_2021":0,"demolitions_2022":0,"newbuilds_2022":1,"net_2022":1,"demolitions_2023":0,"newbuilds_2023":2,"net_2023":2,"demolitions_2024":0,"newbuilds_2024":0,"net_2024":0,"demolitions_2025":1,"newbuilds_2025":1,"net_2025":0,"demolitions_2026":0,"newbuilds_2026":0,"net_2026":0},"geometry":{"type":"Polygon","coordinates":[[[-82.997301,42.347899],[-82.997301,42.352101],[-83.002192,42.354202],[-83.007082,42.352101],[-83.007082,42.347899],[-83.002192,42.345798],[-82.997301,42.347899]]]}},{"type":"Feature","properties":{"id":586,"q":10,"r":1,"demolitions_2014":0,"newbuilds_2014":0,"net_2014":0,"demolitions_2015":3,"newbuilds_2015":0,"net_2015":-3,"demolitions_2016":1,"newbuilds_2016":0,"net_2016":-1,"demolitions_2017":0,"newbuilds_2017":0,"net_2017":0,"demolitions_2018":0,"newbuilds_2018":0,"net_2018":0,"demolitions_2019":0,"newbuilds_2019":2,"net_2019":2,"demolitions_2020":0,"newbuilds_2020":0,"net_2020":0,"demolitions_2021":0,"newbuilds_2021":0,"net_2021":0,"demolitions_2022":0,"newbuilds_2022":0,"net_2022":0,"demolitions_2023":0,"newbuilds_2023":0,"net_2023":0,"demolitions_2024":0,"newbuilds_2024":0,"net_2024":0,"demolitions_2025":0,"newbuilds_2025":0,"net_2025":0,"demolitions_2026":0,"newbuilds_2026":0,"net_2026":0},"geometry":{"type":"Polygon","coordinates":[[[-82.992411,42.354202],[-82.992411,42.358403],[-82.997301,42.360504],[-83.002192,42.358403],[-83.002192,42.354202],[-82.997301,42.352101],[-82.992411,42.354202]]]}},{"type":"Feature","properties":{"id":587,"q":10,"r":2,"demolitions_2014":1,"newbuilds_2014":0,"net_2014":-1,"demolitions_2015":5,"newbuilds_2015":0,"net_2015":-5,"demolitions_2016":3,"newbuilds_2016":0,"net_2016":-3,"demolitions_2017":4,"newbuilds_2017":0,"net_2017":-4,"demolitions_2018":2,"newbuilds_2018":0,"net_2018":-2,"demolitions_2019":2,"newbuilds_2019":0,"net_2019":-2,"demolitions_2020":5,"newbuilds_2020":0,"net_2020":-5,"demolitions_2021":0,"newbuilds_2021":0,"net_2021":0,"demolitions_2022":0,"newbuilds_2022":1,"net_2022":1,"demolitions_2023":4,"newbuilds_2023":5,"net_2023":1,"demolitions_2024":2,"newbuilds_2024":7,"net_2024":5,"demolitions_2025":3,"newbuilds_2025":11,"net_2025":8,"demolitions_2026":1,"newbuilds_2026":12,"net_2026":11},"geometry":{"type":"Polygon","coordinates":[[[-82.98752,42.360504],[-82.98752,42.364705],[-82.992411,42.366806],[-82.997301,42.364705],[-82.997301,42.360504],[-82.992411,42.358403],[-82.98752,42.360504]]]}},{"type":"Feature","properties":{"id":588,"q":10,"r":3,"demolitions_2014":2,"newbuilds_2014":0,"net_2014":-2,"demolitions_2015":5,"newbuilds_2015":0,"net_2015":-5,"demolitions_2016":2,"newbuilds_2016":0,"net_2016":-2,"demolitions_2017":10,"newbuilds_2017":0,"net_2017":-10,"demolitions_2018":5,"newbuilds_2018":0,"net_2018":-5,"demolitions_2019":1,"newbuilds_2019":0,"net_2019":-1,"demolitions_2020":34,"newbuilds_2020":0,"net_2020":-34,"demolitions_2021":2,"newbuilds_2021":0,"net_2021":-2,"demolitions_2022":5,"newbuilds_2022":0,"net_2022":-5,"demolitions_2023":5,"newbuilds_2023":0,"net_2023":-5,"demolitions_2024":16,"newbuilds_2024":0,"net_2024":-16,"demolitions_2025":4,"newbuilds_2025":0,"net_2025":-4,"demolitions_2026":1,"newbuilds_2026":0,"net_2026":-1},"geometry":{"type":"Polygon","coordinates":[[[-82.98263,42.366806],[-82.98263,42.371008],[-82.98752,42.373108],[-82.992411,42.371008],[-82.992411,42.366806],[-82.98752,42.364705],[-82.98263,42.366806]]]}},{"type":"Feature","properties":{"id":589,"q":10,"r":4,"demolitions_2014":2,"newbuilds_2014":0,"net_2014":-2,"demolitions_2015":1,"newbuilds_2015":0,"net_2015":-1,"demolitions_2016":1,"newbuilds_2016":0,"net_2016":-1,"demolitions_2017":8,"newbuilds_2017":0,"net_2017":-8,"demolitions_2018":8,"newbuilds_2018":0,"net_2018":-8,"demolitions_2019":2,"newbuilds_2019":0,"net_2019":-2,"demolitions_2020":16,"newbuilds_2020":0,"net_2020":-16,"demolitions_2021":0,"newbuilds_2021":0,"net_2021":0,"demolitions_2022":9,"newbuilds_2022":0,"net_2022":-9,"demolitions_2023":11,"newbuilds_2023":0,"net_2023":-11,"demolitions_2024":3,"newbuilds_2024":0,"net_2024":-3,"demolitions_2025":2,"newbuilds_2025":0,"net_2025":-2,"demolitions_2026":3,"newbuilds_2026":0,"net_2026":-3},"geometry":{"type":"Polygon","coordinates":[[[-82.97774,42.373108],[-82.97774,42.37731],[-82.98263,42.379411],[-82.98752,42.37731],[-82.98752,42.373108],[-82.98263,42.371008],[-82.97774,42.373108]]]}},{"type":"Feature","properties":{"id":590,"q":10,"r":5,"demolitions_2014":0,"newbuilds_2014":0,"net_2014":0,"demolitions_2015":1,"newbuilds_2015":0,"net_2015":-1,"demolitions_2016":0,"newbuilds_2016":0,"net_2016":0,"demolitions_2017":0,"newbuilds_2017":0,"net_2017":0,"demolitions_2018":3,"newbuilds_2018":0,"net_2018":-3,"demolitions_2019":1,"newbuilds_2019":1,"net_2019":0,"demolitions_2020":9,"newbuilds_2020":0,"net_2020":-9,"demolitions_2021":8,"newbuilds_2021":0,"net_2021":-8,"demolitions_2022":4,"newbuilds_2022":0,"net_2022":-4,"demolitions_2023":2,"newbuilds_2023":0,"net_2023":-2,"demolitions_2024":0,"newbuilds_2024":0,"net_2024":0,"demolitions_2025":1,"newbuilds_2025":0,"net_2025":-1,"demolitions_2026":0,"newbuilds_2026":0,"net_2026":0},"geometry":{"type":"Polygon","coordinates":[[[-82.972849,42.379411],[-82.972849,42.383612],[-82.97774,42.385713],[-82.98263,42.383612],[-82.98263,42.379411],[-82.97774,42.37731],[-82.972849,42.379411]]]}},{"type":"Feature","properties":{"id":591,"q":10,"r":6,"demolitions_2014":0,"newbuilds_2014":0,"net_2014":0,"demolitions_2015":2,"newbuilds_2015":0,"net_2015":-2,"demolitions_2016":1,"newbuilds_2016":0,"net_2016":-1,"demolitions_2017":0,"newbuilds_2017":0,"net_2017":0,"demolitions_2018":1,"newbuilds_2018":0,"net_2018":-1,"demolitions_2019":2,"newbuilds_2019":1,"net_2019":-1,"demolitions_2020":0,"newbuilds_2020":0,"net_2020":0,"demolitions_2021":2,"newbuilds_2021":1,"net_2021":-1,"demolitions_2022":5,"newbuilds_2022":0,"net_2022":-5,"demolitions_2023":2,"newbuilds_2023":0,"net_2023":-2,"demolitions_2024":2,"newbuilds_2024":0,"net_2024":-2,"demolitions_2025":3,"newbuilds_2025":1,"net_2025":-2,"demolitions_2026":1,"newbuilds_2026":0,"net_2026":-1},"geometry":{"type":"Polygon","coordinates":[[[-82.967959,42.385713],[-82.967959,42.389914],[-82.972849,42.392015],[-82.97774,42.389914],[-82.97774,42.385713],[-82.972849,42.383612],[-82.967959,42.385713]]]}},{"type":"Feature","properties":{"id":592,"q":10,"r":7,"demolitions_2014":12,"newbuilds_2014":0,"net_2014":-12,"demolitions_2015":4,"newbuilds_2015":0,"net_2015":-4,"demolitions_2016":13,"newbuilds_2016":0,"net_2016":-13,"demolitions_2017":6,"newbuilds_2017":0,"net_2017":-6,"demolitions_2018":7,"newbuilds_2018":0,"net_2018":-7,"demolitions_2019":2,"newbuilds_2019":0,"net_2019":-2,"demolitions_2020":0,"newbuilds_2020":0,"net_2020":0,"demolitions_2021":0,"newbuilds_2021":0,"net_2021":0,"demolitions_2022":8,"newbuilds_2022":0,"net_2022":-8,"demolitions_2023":5,"newbuilds_2023":0,"net_2023":-5,"demolitions_2024":2,"newbuilds_2024":0,"net_2024":-2,"demolitions_2025":2,"newbuilds_2025":0,"net_2025":-2,"demolitions_2026":0,"newbuilds_2026":0,"net_2026":0},"geometry":{"type":"Polygon","coordinates":[[[-82.963068,42.392015],[-82.963068,42.396217],[-82.967959,42.398317],[-82.972849,42.396217],[-82.972849,42.392015],[-82.967959,42.389914],[-82.963068,42.392015]]]}},{"type":"Feature","properties":{"id":593,"q":10,"r":8,"demolitions_2014":44,"newbuilds_2014":0,"net_2014":-44,"demolitions_2015":16,"newbuilds_2015":0,"net_2015":-16,"demolitions_2016":31,"newbuilds_2016":0,"net_2016":-31,"demolitions_2017":0,"newbuilds_2017":0,"net_2017":0,"demolitions_2018":7,"newbuilds_2018":0,"net_2018":-7,"demolitions_2019":7,"newbuilds_2019":0,"net_2019":-7,"demolitions_2020":0,"newbuilds_2020":0,"net_2020":0,"demolitions_2021":1,"newbuilds_2021":0,"net_2021":-1,"demolitions_2022":3,"newbuilds_2022":0,"net_2022":-3,"demolitions_2023":5,"newbuilds_2023":0,"net_2023":-5,"demolitions_2024":2,"newbuilds_2024":0,"net_2024":-2,"demolitions_2025":4,"newbuilds_2025":0,"net_2025":-4,"demolitions_2026":1,"newbuilds_2026":0,"net_2026":-1},"geometry":{"type":"Polygon","coordinates":[[[-82.958178,42.398317],[-82.958178,42.402519],[-82.963068,42.40462],[-82.967959,42.402519],[-82.967959,42.398317],[-82.963068,42.396217],[-82.958178,42.398317]]]}},{"type":"Feature","properties":{"id":594,"q":10,"r":9,"demolitions_2014":38,"newbuilds_2014":0,"net_2014":-38,"demolitions_2015":17,"newbuilds_2015":0,"net_2015":-17,"demolitions_2016":19,"newbuilds_2016":0,"net_2016":-19,"demolitions_2017":4,"newbuilds_2017":0,"net_2017":-4,"demolitions_2018":28,"newbuilds_2018":0,"net_2018":-28,"demolitions_2019":5,"newbuilds_2019":0,"net_2019":-5,"demolitions_2020":1,"newbuilds_2020":0,"net_2020":-1,"demolitions_2021":0,"newbuilds_2021":0,"net_2021":0,"demolitions_2022":0,"newbuilds_2022":0,"net_2022":0,"demolitions_2023":5,"newbuilds_2023":1,"net_2023":-4,"demolitions_2024":3,"newbuilds_2024":0,"net_2024":-3,"demolitions_2025":5,"newbuilds_2025":0,"net_2025":-5,"demolitions_2026":0,"newbuilds_2026":0,"net_2026":0},"geometry":{"type":"Polygon","coordinates":[[[-82.953288,42.40462],[-82.953288,42.408821],[-82.958178,42.410922],[-82.963068,42.408821],[-82.963068,42.40462],[-82.958178,42.402519],[-82.953288,42.40462]]]}},{"type":"Feature","properties":{"id":595,"q":10,"r":10,"demolitions_2014":24,"newbuilds_2014":0,"net_2014":-24,"demolitions_2015":15,"newbuilds_2015":0,"net_2015":-15,"demolitions_2016":24,"newbuilds_2016":0,"net_2016":-24,"demolitions_2017":1,"newbuilds_2017":0,"net_2017":-1,"demolitions_2018":29,"newbuilds_2018":0,"net_2018":-29,"demolitions_2019":9,"newbuilds_2019":0,"net_2019":-9,"demolitions_2020":2,"newbuilds_2020":0,"net_2020":-2,"demolitions_2021":2,"newbuilds_2021":0,"net_2021":-2,"demolitions_2022":0,"newbuilds_2022":0,"net_2022":0,"demolitions_2023":1,"newbuilds_2023":0,"net_2023":-1,"demolitions_2024":6,"newbuilds_2024":0,"net_2024":-6,"demolitions_2025":2,"newbuilds_2025":0,"net_2025":-2,"demolitions_2026":0,"newbuilds_2026":0,"net_2026":0},"geometry":{"type":"Polygon","coordinates":[[[-82.948397,42.410922],[-82.948397,42.415123],[-82.953288,42.417224],[-82.958178,42.415123],[-82.958178,42.410922],[-82.953288,42.408821],[-82.948397,42.410922]]]}},{"type":"Feature","properties":{"id":596,"q":10,"r":11,"demolitions_2014":0,"newbuilds_2014":0,"net_2014":0,"demolitions_2015":1,"newbuilds_2015":0,"net_2015":-1,"demolitions_2016":4,"newbuilds_2016":0,"net_2016":-4,"demolitions_2017":4,"newbuilds_2017":0,"net_2017":-4,"demolitions_2018":13,"newbuilds_2018":0,"net_2018":-13,"demolitions_2019":1,"newbuilds_2019":0,"net_2019":-1,"demolitions_2020":0,"newbuilds_2020":0,"net_2020":0,"demolitions_2021":0,"newbuilds_2021":0,"net_2021":0,"demolitions_2022":0,"newbuilds_2022":0,"net_2022":0,"demolitions_2023":1,"newbuilds_2023":0,"net_2023":-1,"demolitions_2024":3,"newbuilds_2024":0,"net_2024":-3,"demolitions_2025":0,"newbuilds_2025":0,"net_2025":0,"demolitions_2026":1,"newbuilds_2026":0,"net_2026":-1},"geometry":{"type":"Polygon","coordinates":[[[-82.943507,42.417224],[-82.943507,42.421426],[-82.948397,42.423526],[-82.953288,42.421426],[-82.953288,42.417224],[-82.948397,42.415123],[-82.943507,42.417224]]]}},{"type":"Feature","properties":{"id":597,"q":10,"r":12,"demolitions_2014":1,"newbuilds_2014":0,"net_2014":-1,"demolitions_2015":1,"newbuilds_2015":0,"net_2015":-1,"demolitions_2016":4,"newbuilds_2016":0,"net_2016":-4,"demolitions_2017":3,"newbuilds_2017":0,"net_2017":-3,"demolitions_2018":4,"newbuilds_2018":0,"net_2018":-4,"demolitions_2019":0,"newbuilds_2019":0,"net_2019":0,"demolitions_2020":0,"newbuilds_2020":0,"net_2020":0,"demolitions_2021":3,"newbuilds_2021":0,"net_2021":-3,"demolitions_2022":0,"newbuilds_2022":0,"net_2022":0,"demolitions_2023":1,"newbuilds_2023":0,"net_2023":-1,"demolitions_2024":1,"newbuilds_2024":0,"net_2024":-1,"demolitions_2025":1,"newbuilds_2025":0,"net_2025":-1,"demolitions_2026":0,"newbuilds_2026":0,"net_2026":0},"geometry":{"type":"Polygon","coordinates":[[[-82.938616,42.423526],[-82.938616,42.427728],[-82.943507,42.429829],[-82.948397,42.427728],[-82.948397,42.423526],[-82.943507,42.421426],[-82.938616,42.423526]]]}},{"type":"Feature","properties":{"id":598,"q":11,"r":-2,"demolitions_2014":0,"newbuilds_2014":0,"net_2014":0,"demolitions_2015":0,"newbuilds_2015":0,"net_2015":0,"demolitions_2016":0,"newbuilds_2016":0,"net_2016":0,"demolitions_2017":0,"newbuilds_2017":0,"net_2017":0,"demolitions_2018":0,"newbuilds_2018":0,"net_2018":0,"demolitions_2019":0,"newbuilds_2019":0,"net_2019":0,"demolitions_2020":0,"newbuilds_2020":0,"net_2020":0,"demolitions_2021":0,"newbuilds_2021":0,"net_2021":0,"demolitions_2022":0,"newbuilds_2022":0,"net_2022":0,"demolitions_2023":0,"newbuilds_2023":0,"net_2023":0,"demolitions_2024":0,"newbuilds_2024":0,"net_2024":0,"demolitions_2025":0,"newbuilds_2025":0,"net_2025":0,"demolitions_2026":0,"newbuilds_2026":0,"net_2026":0},"geometry":{"type":"Polygon","coordinates":[[[-82.997301,42.335295],[-82.997301,42.339496],[-83.002192,42.341597],[-83.007082,42.339496],[-83.007082,42.335295],[-83.002192,42.333194],[-82.997301,42.335295]]]}},{"type":"Feature","properties":{"id":599,"q":11,"r":-1,"demolitions_2014":0,"newbuilds_2014":0,"net_2014":0,"demolitions_2015":0,"newbuilds_2015":0,"net_2015":0,"demolitions_2016":0,"newbuilds_2016":0,"net_2016":0,"demolitions_2017":0,"newbuilds_2017":0,"net_2017":0,"demolitions_2018":0,"newbuilds_2018":0,"net_2018":0,"demolitions_2019":0,"newbuilds_2019":0,"net_2019":0,"demolitions_2020":0,"newbuilds_2020":0,"net_2020":0,"demolitions_2021":0,"newbuilds_2021":0,"net_2021":0,"demolitions_2022":0,"newbuilds_2022":0,"net_2022":0,"demolitions_2023":0,"newbuilds_2023":0,"net_2023":0,"demolitions_2024":0,"newbuilds_2024":0,"net_2024":0,"demolitions_2025":0,"newbuilds_2025":0,"net_2025":0,"demolitions_2026":0,"newbuilds_2026":0,"net_2026":0},"geometry":{"type":"Polygon","coordinates":[[[-82.992411,42.341597],[-82.992411,42.345798],[-82.997301,42.347899],[-83.002192,42.345798],[-83.002192,42.341597],[-82.997301,42.339496],[-82.992411,42.341597]]]}},{"type":"Feature","properties":{"id":600,"q":11,"r":0,"demolitions_2014":0,"newbuilds_2014":0,"net_2014":0,"demolitions_2015":0,"newbuilds_2015":0,"net_2015":0,"demolitions_2016":0,"newbuilds_2016":0,"net_2016":0,"demolitions_2017":0,"newbuilds_2017":0,"net_2017":0,"demolitions_2018":0,"newbuilds_2018":0,"net_2018":0,"demolitions_2019":0,"newbuilds_2019":0,"net_2019":0,"demolitions_2020":0,"newbuilds_2020":0,"net_2020":0,"demolitions_2021":0,"newbuilds_2021":0,"net_2021":0,"demolitions_2022":0,"newbuilds_2022":0,"net_2022":0,"demolitions_2023":0,"newbuilds_2023":0,"net_2023":0,"demolitions_2024":0,"newbuilds_2024":1,"net_2024":1,"demolitions_2025":0,"newbuilds_2025":0,"net_2025":0,"demolitions_2026":0,"newbuilds_2026":1,"net_2026":1},"geometry":{"type":"Polygon","coordinates":[[[-82.98752,42.347899],[-82.98752,42.352101],[-82.992411,42.354202],[-82.997301,42.352101],[-82.997301,42.347899],[-82.992411,42.345798],[-82.98752,42.347899]]]}},{"type":"Feature","properties":{"id":601,"q":11,"r":1,"demolitions_2014":2,"newbuilds_2014":0,"net_2014":-2,"demolitions_2015":1,"newbuilds_2015":0,"net_2015":-1,"demolitions_2016":1,"newbuilds_2016":0,"net_2016":-1,"demolitions_2017":1,"newbuilds_2017":0,"net_2017":-1,"demolitions_2018":1,"newbuilds_2018":0,"net_2018":-1,"demolitions_2019":0,"newbuilds_2019":0,"net_2019":0,"demolitions_2020":1,"newbuilds_2020":1,"net_2020":0,"demolitions_2021":0,"newbuilds_2021":0,"net_2021":0,"demolitions_2022":0,"newbuilds_2022":1,"net_2022":1,"demolitions_2023":1,"newbuilds_2023":0,"net_2023":-1,"demolitions_2024":2,"newbuilds_2024":0,"net_2024":-2,"demolitions_2025":0,"newbuilds_2025":2,"net_2025":2,"demolitions_2026":0,"newbuilds_2026":0,"net_2026":0},"geometry":{"type":"Polygon","coordinates":[[[-82.98263,42.354202],[-82.98263,42.358403],[-82.98752,42.360504],[-82.992411,42.358403],[-82.992411,42.354202],[-82.98752,42.352101],[-82.98263,42.354202]]]}},{"type":"Feature","properties":{"id":602,"q":11,"r":2,"demolitions_2014":1,"newbuilds_2014":0,"net_2014":-1,"demolitions_2015":2,"newbuilds_2015":0,"net_2015":-2,"demolitions_2016":0,"newbuilds_2016":0,"net_2016":0,"demolitions_2017":3,"newbuilds_2017":0,"net_2017":-3,"demolitions_2018":0,"newbuilds_2018":0,"net_2018":0,"demolitions_2019":2,"newbuilds_2019":0,"net_2019":-2,"demolitions_2020":2,"newbuilds_2020":0,"net_2020":-2,"demolitions_2021":1,"newbuilds_2021":0,"net_2021":-1,"demolitions_2022":3,"newbuilds_2022":2,"net_2022":-1,"demolitions_2023":1,"newbuilds_2023":0,"net_2023":-1,"demolitions_2024":3,"newbuilds_2024":2,"net_2024":-1,"demolitions_2025":1,"newbuilds_2025":1,"net_2025":0,"demolitions_2026":0,"newbuilds_2026":0,"net_2026":0},"geometry":{"type":"Polygon","coordinates":[[[-82.97774,42.360504],[-82.97774,42.364705],[-82.98263,42.366806],[-82.98752,42.364705],[-82.98752,42.360504],[-82.98263,42.358403],[-82.97774,42.360504]]]}},{"type":"Feature","properties":{"id":603,"q":11,"r":3,"demolitions_2014":1,"newbuilds_2014":0,"net_2014":-1,"demolitions_2015":4,"newbuilds_2015":0,"net_2015":-4,"demolitions_2016":0,"newbuilds_2016":0,"net_2016":0,"demolitions_2017":2,"newbuilds_2017":0,"net_2017":-2,"demolitions_2018":1,"newbuilds_2018":0,"net_2018":-1,"demolitions_2019":1,"newbuilds_2019":0,"net_2019":-1,"demolitions_2020":16,"newbuilds_2020":0,"net_2020":-16,"demolitions_2021":0,"newbuilds_2021":0,"net_2021":0,"demolitions_2022":9,"newbuilds_2022":0,"net_2022":-9,"demolitions_2023":12,"newbuilds_2023":0,"net_2023":-12,"demolitions_2024":8,"newbuilds_2024":0,"net_2024":-8,"demolitions_2025":4,"newbuilds_2025":0,"net_2025":-4,"demolitions_2026":1,"newbuilds_2026":0,"net_2026":-1},"geometry":{"type":"Polygon","coordinates":[[[-82.972849,42.366806],[-82.972849,42.371008],[-82.97774,42.373108],[-82.98263,42.371008],[-82.98263,42.366806],[-82.97774,42.364705],[-82.972849,42.366806]]]}},{"type":"Feature","properties":{"id":604,"q":11,"r":4,"demolitions_2014":0,"newbuilds_2014":0,"net_2014":0,"demolitions_2015":0,"newbuilds_2015":0,"net_2015":0,"demolitions_2016":0,"newbuilds_2016":0,"net_2016":0,"demolitions_2017":1,"newbuilds_2017":0,"net_2017":-1,"demolitions_2018":0,"newbuilds_2018":0,"net_2018":0,"demolitions_2019":0,"newbuilds_2019":0,"net_2019":0,"demolitions_2020":1,"newbuilds_2020":0,"net_2020":-1,"demolitions_2021":1,"newbuilds_2021":0,"net_2021":-1,"demolitions_2022":0,"newbuilds_2022":0,"net_2022":0,"demolitions_2023":0,"newbuilds_2023":0,"net_2023":0,"demolitions_2024":0,"newbuilds_2024":0,"net_2024":0,"demolitions_2025":0,"newbuilds_2025":0,"net_2025":0,"demolitions_2026":0,"newbuilds_2026":0,"net_2026":0},"geometry":{"type":"Polygon","coordinates":[[[-82.967959,42.373108],[-82.967959,42.37731],[-82.972849,42.379411],[-82.97774,42.37731],[-82.97774,42.373108],[-82.972849,42.371008],[-82.967959,42.373108]]]}},{"type":"Feature","properties":{"id":605,"q":11,"r":5,"demolitions_2014":0,"newbuilds_2014":0,"net_2014":0,"demolitions_2015":0,"newbuilds_2015":0,"net_2015":0,"demolitions_2016":0,"newbuilds_2016":0,"net_2016":0,"demolitions_2017":0,"newbuilds_2017":0,"net_2017":0,"demolitions_2018":0,"newbuilds_2018":0,"net_2018":0,"demolitions_2019":1,"newbuilds_2019":0,"net_2019":-1,"demolitions_2020":1,"newbuilds_2020":1,"net_2020":0,"demolitions_2021":0,"newbuilds_2021":0,"net_2021":0,"demolitions_2022":7,"newbuilds_2022":0,"net_2022":-7,"demolitions_2023":1,"newbuilds_2023":0,"net_2023":-1,"demolitions_2024":1,"newbuilds_2024":1,"net_2024":0,"demolitions_2025":2,"newbuilds_2025":0,"net_2025":-2,"demolitions_2026":0,"newbuilds_2026":0,"net_2026":0},"geometry":{"type":"Polygon","coordinates":[[[-82.963068,42.379411],[-82.963068,42.383612],[-82.967959,42.385713],[-82.972849,42.383612],[-82.972849,42.379411],[-82.967959,42.37731],[-82.963068,42.379411]]]}},{"type":"Feature","properties":{"id":606,"q":11,"r":6,"demolitions_2014":0,"newbuilds_2014":0,"net_2014":0,"demolitions_2015":3,"newbuilds_2015":0,"net_2015":-3,"demolitions_2016":3,"newbuilds_2016":0,"net_2016":-3,"demolitions_2017":16,"newbuilds_2017":0,"net_2017":-16,"demolitions_2018":2,"newbuilds_2018":0,"net_2018":-2,"demolitions_2019":5,"newbuilds_2019":0,"net_2019":-5,"demolitions_2020":2,"newbuilds_2020":0,"net_2020":-2,"demolitions_2021":4,"newbuilds_2021":0,"net_2021":-4,"demolitions_2022":15,"newbuilds_2022":0,"net_2022":-15,"demolitions_2023":8,"newbuilds_2023":0,"net_2023":-8,"demolitions_2024":9,"newbuilds_2024":0,"net_2024":-9,"demolitions_2025":7,"newbuilds_2025":0,"net_2025":-7,"demolitions_2026":1,"newbuilds_2026":0,"net_2026":-1},"geometry":{"type":"Polygon","coordinates":[[[-82.958178,42.385713],[-82.958178,42.389914],[-82.963068,42.392015],[-82.967959,42.389914],[-82.967959,42.385713],[-82.963068,42.383612],[-82.958178,42.385713]]]}},{"type":"Feature","properties":{"id":607,"q":11,"r":7,"demolitions_2014":6,"newbuilds_2014":0,"net_2014":-6,"demolitions_2015":11,"newbuilds_2015":0,"net_2015":-11,"demolitions_2016":17,"newbuilds_2016":0,"net_2016":-17,"demolitions_2017":18,"newbuilds_2017":0,"net_2017":-18,"demolitions_2018":3,"newbuilds_2018":0,"net_2018":-3,"demolitions_2019":2,"newbuilds_2019":0,"net_2019":-2,"demolitions_2020":0,"newbuilds_2020":0,"net_2020":0,"demolitions_2021":4,"newbuilds_2021":0,"net_2021":-4,"demolitions_2022":5,"newbuilds_2022":0,"net_2022":-5,"demolitions_2023":6,"newbuilds_2023":0,"net_2023":-6,"demolitions_2024":9,"newbuilds_2024":0,"net_2024":-9,"demolitions_2025":9,"newbuilds_2025":0,"net_2025":-9,"demolitions_2026":0,"newbuilds_2026":0,"net_2026":0},"geometry":{"type":"Polygon","coordinates":[[[-82.953288,42.392015],[-82.953288,42.396217],[-82.958178,42.398317],[-82.963068,42.396217],[-82.963068,42.392015],[-82.958178,42.389914],[-82.953288,42.392015]]]}},{"type":"Feature","properties":{"id":608,"q":11,"r":8,"demolitions_2014":56,"newbuilds_2014":0,"net_2014":-56,"demolitions_2015":29,"newbuilds_2015":0,"net_2015":-29,"demolitions_2016":16,"newbuilds_2016":0,"net_2016":-16,"demolitions_2017":6,"newbuilds_2017":0,"net_2017":-6,"demolitions_2018":16,"newbuilds_2018":0,"net_2018":-16,"demolitions_2019":2,"newbuilds_2019":0,"net_2019":-2,"demolitions_2020":2,"newbuilds_2020":0,"net_2020":-2,"demolitions_2021":0,"newbuilds_2021":0,"net_2021":0,"demolitions_2022":0,"newbuilds_2022":0,"net_2022":0,"demolitions_2023":1,"newbuilds_2023":0,"net_2023":-1,"demolitions_2024":5,"newbuilds_2024":0,"net_2024":-5,"demolitions_2025":3,"newbuilds_2025":1,"net_2025":-2,"demolitions_2026":0,"newbuilds_2026":0,"net_2026":0},"geometry":{"type":"Polygon","coordinates":[[[-82.948397,42.398317],[-82.948397,42.402519],[-82.953288,42.40462],[-82.958178,42.402519],[-82.958178,42.398317],[-82.953288,42.396217],[-82.948397,42.398317]]]}},{"type":"Feature","properties":{"id":609,"q":11,"r":9,"demolitions_2014":9,"newbuilds_2014":0,"net_2014":-9,"demolitions_2015":17,"newbuilds_2015":0,"net_2015":-17,"demolitions_2016":8,"newbuilds_2016":0,"net_2016":-8,"demolitions_2017":3,"newbuilds_2017":0,"net_2017":-3,"demolitions_2018":6,"newbuilds_2018":0,"net_2018":-6,"demolitions_2019":5,"newbuilds_2019":0,"net_2019":-5,"demolitions_2020":0,"newbuilds_2020":0,"net_2020":0,"demolitions_2021":0,"newbuilds_2021":0,"net_2021":0,"demolitions_2022":0,"newbuilds_2022":0,"net_2022":0,"demolitions_2023":1,"newbuilds_2023":0,"net_2023":-1,"demolitions_2024":1,"newbuilds_2024":0,"net_2024":-1,"demolitions_2025":0,"newbuilds_2025":0,"net_2025":0,"demolitions_2026":0,"newbuilds_2026":0,"net_2026":0},"geometry":{"type":"Polygon","coordinates":[[[-82.943507,42.40462],[-82.943507,42.408821],[-82.948397,42.410922],[-82.953288,42.408821],[-82.953288,42.40462],[-82.948397,42.402519],[-82.943507,42.40462]]]}},{"type":"Feature","properties":{"id":610,"q":11,"r":10,"demolitions_2014":12,"newbuilds_2014":0,"net_2014":-12,"demolitions_2015":7,"newbuilds_2015":0,"net_2015":-7,"demolitions_2016":14,"newbuilds_2016":0,"net_2016":-14,"demolitions_2017":4,"newbuilds_2017":0,"net_2017":-4,"demolitions_2018":19,"newbuilds_2018":0,"net_2018":-19,"demolitions_2019":3,"newbuilds_2019":0,"net_2019":-3,"demolitions_2020":2,"newbuilds_2020":0,"net_2020":-2,"demolitions_2021":0,"newbuilds_2021":0,"net_2021":0,"demolitions_2022":0,"newbuilds_2022":0,"net_2022":0,"demolitions_2023":0,"newbuilds_2023":0,"net_2023":0,"demolitions_2024":2,"newbuilds_2024":0,"net_2024":-2,"demolitions_2025":0,"newbuilds_2025":0,"net_2025":0,"demolitions_2026":0,"newbuilds_2026":0,"net_2026":0},"geometry":{"type":"Polygon","coordinates":[[[-82.938616,42.410922],[-82.938616,42.415123],[-82.943507,42.417224],[-82.948397,42.415123],[-82.948397,42.410922],[-82.943507,42.408821],[-82.938616,42.410922]]]}},{"type":"Feature","properties":{"id":611,"q":11,"r":11,"demolitions_2014":8,"newbuilds_2014":0,"net_2014":-8,"demolitions_2015":3,"newbuilds_2015":0,"net_2015":-3,"demolitions_2016":8,"newbuilds_2016":0,"net_2016":-8,"demolitions_2017":3,"newbuilds_2017":0,"net_2017":-3,"demolitions_2018":17,"newbuilds_2018":0,"net_2018":-17,"demolitions_2019":1,"newbuilds_2019":0,"net_2019":-1,"demolitions_2020":0,"newbuilds_2020":0,"net_2020":0,"demolitions_2021":1,"newbuilds_2021":0,"net_2021":-1,"demolitions_2022":1,"newbuilds_2022":0,"net_2022":-1,"demolitions_2023":3,"newbuilds_2023":0,"net_2023":-3,"demolitions_2024":1,"newbuilds_2024":0,"net_2024":-1,"demolitions_2025":2,"newbuilds_2025":0,"net_2025":-2,"demolitions_2026":0,"newbuilds_2026":0,"net_2026":0},"geometry":{"type":"Polygon","coordinates":[[[-82.933726,42.417224],[-82.933726,42.421426],[-82.938616,42.423526],[-82.943507,42.421426],[-82.943507,42.417224],[-82.938616,42.415123],[-82.933726,42.417224]]]}},{"type":"Feature","properties":{"id":612,"q":11,"r":12,"demolitions_2014":1,"newbuilds_2014":0,"net_2014":-1,"demolitions_2015":2,"newbuilds_2015":0,"net_2015":-2,"demolitions_2016":2,"newbuilds_2016":0,"net_2016":-2,"demolitions_2017":1,"newbuilds_2017":0,"net_2017":-1,"demolitions_2018":2,"newbuilds_2018":0,"net_2018":-2,"demolitions_2019":1,"newbuilds_2019":0,"net_2019":-1,"demolitions_2020":0,"newbuilds_2020":0,"net_2020":0,"demolitions_2021":2,"newbuilds_2021":0,"net_2021":-2,"demolitions_2022":0,"newbuilds_2022":0,"net_2022":0,"demolitions_2023":1,"newbuilds_2023":0,"net_2023":-1,"demolitions_2024":0,"newbuilds_2024":0,"net_2024":0,"demolitions_2025":0,"newbuilds_2025":0,"net_2025":0,"demolitions_2026":2,"newbuilds_2026":0,"net_2026":-2},"geometry":{"type":"Polygon","coordinates":[[[-82.928835,42.423526],[-82.928835,42.427728],[-82.933726,42.429829],[-82.938616,42.427728],[-82.938616,42.423526],[-82.933726,42.421426],[-82.928835,42.423526]]]}},{"type":"Feature","properties":{"id":613,"q":12,"r":-2,"demolitions_2014":0,"newbuilds_2014":0,"net_2014":0,"demolitions_2015":0,"newbuilds_2015":0,"net_2015":0,"demolitions_2016":0,"newbuilds_2016":0,"net_2016":0,"demolitions_2017":0,"newbuilds_2017":0,"net_2017":0,"demolitions_2018":0,"newbuilds_2018":0,"net_2018":0,"demolitions_2019":0,"newbuilds_2019":0,"net_2019":0,"demolitions_2020":0,"newbuilds_2020":0,"net_2020":0,"demolitions_2021":0,"newbuilds_2021":0,"net_2021":0,"demolitions_2022":0,"newbuilds_2022":0,"net_2022":0,"demolitions_2023":0,"newbuilds_2023":0,"net_2023":0,"demolitions_2024":0,"newbuilds_2024":0,"net_2024":0,"demolitions_2025":0,"newbuilds_2025":0,"net_2025":0,"demolitions_2026":0,"newbuilds_2026":0,"net_2026":0},"geometry":{"type":"Polygon","coordinates":[[[-82.98752,42.335295],[-82.98752,42.339496],[-82.992411,42.341597],[-82.997301,42.339496],[-82.997301,42.335295],[-82.992411,42.333194],[-82.98752,42.335295]]]}},{"type":"Feature","properties":{"id":614,"q":12,"r":-1,"demolitions_2014":0,"newbuilds_2014":0,"net_2014":0,"demolitions_2015":0,"newbuilds_2015":0,"net_2015":0,"demolitions_2016":0,"newbuilds_2016":0,"net_2016":0,"demolitions_2017":0,"newbuilds_2017":0,"net_2017":0,"demolitions_2018":0,"newbuilds_2018":0,"net_2018":0,"demolitions_2019":0,"newbuilds_2019":0,"net_2019":0,"demolitions_2020":0,"newbuilds_2020":0,"net_2020":0,"demolitions_2021":0,"newbuilds_2021":0,"net_2021":0,"demolitions_2022":0,"newbuilds_2022":0,"net_2022":0,"demolitions_2023":0,"newbuilds_2023":0,"net_2023":0,"demolitions_2024":0,"newbuilds_2024":0,"net_2024":0,"demolitions_2025":0,"newbuilds_2025":0,"net_2025":0,"demolitions_2026":0,"newbuilds_2026":0,"net_2026":0},"geometry":{"type":"Polygon","coordinates":[[[-82.98263,42.341597],[-82.98263,42.345798],[-82.98752,42.347899],[-82.992411,42.345798],[-82.992411,42.341597],[-82.98752,42.339496],[-82.98263,42.341597]]]}},{"type":"Feature","properties":{"id":615,"q":12,"r":0,"demolitions_2014":0,"newbuilds_2014":0,"net_2014":0,"demolitions_2015":0,"newbuilds_2015":0,"net_2015":0,"demolitions_2016":0,"newbuilds_2016":0,"net_2016":0,"demolitions_2017":0,"newbuilds_2017":0,"net_2017":0,"demolitions_2018":0,"newbuilds_2018":0,"net_2018":0,"demolitions_2019":0,"newbuilds_2019":0,"net_2019":0,"demolitions_2020":0,"newbuilds_2020":0,"net_2020":0,"demolitions_2021":0,"newbuilds_2021":0,"net_2021":0,"demolitions_2022":0,"newbuilds_2022":0,"net_2022":0,"demolitions_2023":0,"newbuilds_2023":0,"net_2023":0,"demolitions_2024":0,"newbuilds_2024":0,"net_2024":0,"demolitions_2025":0,"newbuilds_2025":0,"net_2025":0,"demolitions_2026":0,"newbuilds_2026":0,"net_2026":0},"geometry":{"type":"Polygon","coordinates":[[[-82.97774,42.347899],[-82.97774,42.352101],[-82.98263,42.354202],[-82.98752,42.352101],[-82.98752,42.347899],[-82.98263,42.345798],[-82.97774,42.347899]]]}},{"type":"Feature","properties":{"id":616,"q":12,"r":1,"demolitions_2014":0,"newbuilds_2014":0,"net_2014":0,"demolitions_2015":0,"newbuilds_2015":0,"net_2015":0,"demolitions_2016":0,"newbuilds_2016":0,"net_2016":0,"demolitions_2017":0,"newbuilds_2017":0,"net_2017":0,"demolitions_2018":0,"newbuilds_2018":0,"net_2018":0,"demolitions_2019":0,"newbuilds_2019":1,"net_2019":1,"demolitions_2020":0,"newbuilds_2020":0,"net_2020":0,"demolitions_2021":0,"newbuilds_2021":0,"net_2021":0,"demolitions_2022":0,"newbuilds_2022":0,"net_2022":0,"demolitions_2023":0,"newbuilds_2023":0,"net_2023":0,"demolitions_2024":0,"newbuilds_2024":0,"net_2024":0,"demolitions_2025":1,"newbuilds_2025":0,"net_2025":-1,"demolitions_2026":0,"newbuilds_2026":0,"net_2026":0},"geometry":{"type":"Polygon","coordinates":[[[-82.972849,42.354202],[-82.972849,42.358403],[-82.97774,42.360504],[-82.98263,42.358403],[-82.98263,42.354202],[-82.97774,42.352101],[-82.972849,42.354202]]]}},{"type":"Feature","properties":{"id":617,"q":12,"r":2,"demolitions_2014":0,"newbuilds_2014":0,"net_2014":0,"demolitions_2015":0,"newbuilds_2015":0,"net_2015":0,"demolitions_2016":2,"newbuilds_2016":0,"net_2016":-2,"demolitions_2017":0,"newbuilds_2017":0,"net_2017":0,"demolitions_2018":0,"newbuilds_2018":0,"net_2018":0,"demolitions_2019":0,"newbuilds_2019":0,"net_2019":0,"demolitions_2020":1,"newbuilds_2020":0,"net_2020":-1,"demolitions_2021":0,"newbuilds_2021":0,"net_2021":0,"demolitions_2022":0,"newbuilds_2022":0,"net_2022":0,"demolitions_2023":0,"newbuilds_2023":0,"net_2023":0,"demolitions_2024":0,"newbuilds_2024":0,"net_2024":0,"demolitions_2025":0,"newbuilds_2025":0,"net_2025":0,"demolitions_2026":0,"newbuilds_2026":0,"net_2026":0},"geometry":{"type":"Polygon","coordinates":[[[-82.967959,42.360504],[-82.967959,42.364705],[-82.972849,42.366806],[-82.97774,42.364705],[-82.97774,42.360504],[-82.972849,42.358403],[-82.967959,42.360504]]]}},{"type":"Feature","properties":{"id":618,"q":12,"r":3,"demolitions_2014":0,"newbuilds_2014":0,"net_2014":0,"demolitions_2015":0,"newbuilds_2015":0,"net_2015":0,"demolitions_2016":0,"newbuilds_2016":0,"net_2016":0,"demolitions_2017":0,"newbuilds_2017":0,"net_2017":0,"demolitions_2018":0,"newbuilds_2018":0,"net_2018":0,"demolitions_2019":0,"newbuilds_2019":0,"net_2019":0,"demolitions_2020":0,"newbuilds_2020":0,"net_2020":0,"demolitions_2021":0,"newbuilds_2021":0,"net_2021":0,"demolitions_2022":0,"newbuilds_2022":0,"net_2022":0,"demolitions_2023":0,"newbuilds_2023":0,"net_2023":0,"demolitions_2024":0,"newbuilds_2024":0,"net_2024":0,"demolitions_2025":0,"newbuilds_2025":0,"net_2025":0,"demolitions_2026":0,"newbuilds_2026":0,"net_2026":0},"geometry":{"type":"Polygon","coordinates":[[[-82.963068,42.366806],[-82.963068,42.371008],[-82.967959,42.373108],[-82.972849,42.371008],[-82.972849,42.366806],[-82.967959,42.364705],[-82.963068,42.366806]]]}},{"type":"Feature","properties":{"id":619,"q":12,"r":4,"demolitions_2014":1,"newbuilds_2014":0,"net_2014":-1,"demolitions_2015":2,"newbuilds_2015":0,"net_2015":-2,"demolitions_2016":1,"newbuilds_2016":0,"net_2016":-1,"demolitions_2017":2,"newbuilds_2017":0,"net_2017":-2,"demolitions_2018":1,"newbuilds_2018":0,"net_2018":-1,"demolitions_2019":1,"newbuilds_2019":1,"net_2019":0,"demolitions_2020":1,"newbuilds_2020":0,"net_2020":-1,"demolitions_2021":0,"newbuilds_2021":0,"net_2021":0,"demolitions_2022":7,"newbuilds_2022":0,"net_2022":-7,"demolitions_2023":1,"newbuilds_2023":0,"net_2023":-1,"demolitions_2024":1,"newbuilds_2024":0,"net_2024":-1,"demolitions_2025":2,"newbuilds_2025":0,"net_2025":-2,"demolitions_2026":0,"newbuilds_2026":0,"net_2026":0},"geometry":{"type":"Polygon","coordinates":[[[-82.958178,42.373108],[-82.958178,42.37731],[-82.963068,42.379411],[-82.967959,42.37731],[-82.967959,42.373108],[-82.963068,42.371008],[-82.958178,42.373108]]]}},{"type":"Feature","properties":{"id":620,"q":12,"r":5,"demolitions_2014":4,"newbuilds_2014":0,"net_2014":-4,"demolitions_2015":1,"newbuilds_2015":0,"net_2015":-1,"demolitions_2016":1,"newbuilds_2016":0,"net_2016":-1,"demolitions_2017":11,"newbuilds_2017":0,"net_2017":-11,"demolitions_2018":2,"newbuilds_2018":0,"net_2018":-2,"demolitions_2019":4,"newbuilds_2019":0,"net_2019":-4,"demolitions_2020":3,"newbuilds_2020":0,"net_2020":-3,"demolitions_2021":9,"newbuilds_2021":0,"net_2021":-9,"demolitions_2022":17,"newbuilds_2022":0,"net_2022":-17,"demolitions_2023":6,"newbuilds_2023":0,"net_2023":-6,"demolitions_2024":15,"newbuilds_2024":0,"net_2024":-15,"demolitions_2025":8,"newbuilds_2025":1,"net_2025":-7,"demolitions_2026":2,"newbuilds_2026":0,"net_2026":-2},"geometry":{"type":"Polygon","coordinates":[[[-82.953288,42.379411],[-82.953288,42.383612],[-82.958178,42.385713],[-82.963068,42.383612],[-82.963068,42.379411],[-82.958178,42.37731],[-82.953288,42.379411]]]}},{"type":"Feature","properties":{"id":621,"q":12,"r":6,"demolitions_2014":1,"newbuilds_2014":0,"net_2014":-1,"demolitions_2015":10,"newbuilds_2015":0,"net_2015":-10,"demolitions_2016":8,"newbuilds_2016":0,"net_2016":-8,"demolitions_2017":3,"newbuilds_2017":0,"net_2017":-3,"demolitions_2018":5,"newbuilds_2018":0,"net_2018":-5,"demolitions_2019":8,"newbuilds_2019":0,"net_2019":-8,"demolitions_2020":3,"newbuilds_2020":0,"net_2020":-3,"demolitions_2021":0,"newbuilds_2021":0,"net_2021":0,"demolitions_2022":2,"newbuilds_2022":0,"net_2022":-2,"demolitions_2023":2,"newbuilds_2023":0,"net_2023":-2,"demolitions_2024":18,"newbuilds_2024":0,"net_2024":-18,"demolitions_2025":6,"newbuilds_2025":0,"net_2025":-6,"demolitions_2026":0,"newbuilds_2026":0,"net_2026":0},"geometry":{"type":"Polygon","coordinates":[[[-82.948397,42.385713],[-82.948397,42.389914],[-82.953288,42.392015],[-82.958178,42.389914],[-82.958178,42.385713],[-82.953288,42.383612],[-82.948397,42.385713]]]}},{"type":"Feature","properties":{"id":622,"q":12,"r":7,"demolitions_2014":9,"newbuilds_2014":0,"net_2014":-9,"demolitions_2015":10,"newbuilds_2015":0,"net_2015":-10,"demolitions_2016":18,"newbuilds_2016":0,"net_2016":-18,"demolitions_2017":5,"newbuilds_2017":0,"net_2017":-5,"demolitions_2018":13,"newbuilds_2018":0,"net_2018":-13,"demolitions_2019":3,"newbuilds_2019":0,"net_2019":-3,"demolitions_2020":1,"newbuilds_2020":0,"net_2020":-1,"demolitions_2021":6,"newbuilds_2021":0,"net_2021":-6,"demolitions_2022":1,"newbuilds_2022":0,"net_2022":-1,"demolitions_2023":1,"newbuilds_2023":2,"net_2023":1,"demolitions_2024":12,"newbuilds_2024":2,"net_2024":-10,"demolitions_2025":4,"newbuilds_2025":1,"net_2025":-3,"demolitions_2026":1,"newbuilds_2026":0,"net_2026":-1},"geometry":{"type":"Polygon","coordinates":[[[-82.943507,42.392015],[-82.943507,42.396217],[-82.948397,42.398317],[-82.953288,42.396217],[-82.953288,42.392015],[-82.948397,42.389914],[-82.943507,42.392015]]]}},{"type":"Feature","properties":{"id":623,"q":12,"r":8,"demolitions_2014":9,"newbuilds_2014":0,"net_2014":-9,"demolitions_2015":8,"newbuilds_2015":0,"net_2015":-8,"demolitions_2016":1,"newbuilds_2016":0,"net_2016":-1,"demolitions_2017":4,"newbuilds_2017":0,"net_2017":-4,"demolitions_2018":19,"newbuilds_2018":0,"net_2018":-19,"demolitions_2019":2,"newbuilds_2019":0,"net_2019":-2,"demolitions_2020":0,"newbuilds_2020":0,"net_2020":0,"demolitions_2021":3,"newbuilds_2021":0,"net_2021":-3,"demolitions_2022":1,"newbuilds_2022":0,"net_2022":-1,"demolitions_2023":0,"newbuilds_2023":0,"net_2023":0,"demolitions_2024":2,"newbuilds_2024":1,"net_2024":-1,"demolitions_2025":5,"newbuilds_2025":0,"net_2025":-5,"demolitions_2026":0,"newbuilds_2026":0,"net_2026":0},"geometry":{"type":"Polygon","coordinates":[[[-82.938616,42.398317],[-82.938616,42.402519],[-82.943507,42.40462],[-82.948397,42.402519],[-82.948397,42.398317],[-82.943507,42.396217],[-82.938616,42.398317]]]}},{"type":"Feature","properties":{"id":624,"q":12,"r":9,"demolitions_2014":3,"newbuilds_2014":0,"net_2014":-3,"demolitions_2015":2,"newbuilds_2015":0,"net_2015":-2,"demolitions_2016":2,"newbuilds_2016":0,"net_2016":-2,"demolitions_2017":1,"newbuilds_2017":0,"net_2017":-1,"demolitions_2018":0,"newbuilds_2018":0,"net_2018":0,"demolitions_2019":1,"newbuilds_2019":1,"net_2019":0,"demolitions_2020":0,"newbuilds_2020":0,"net_2020":0,"demolitions_2021":1,"newbuilds_2021":1,"net_2021":0,"demolitions_2022":0,"newbuilds_2022":0,"net_2022":0,"demolitions_2023":0,"newbuilds_2023":0,"net_2023":0,"demolitions_2024":0,"newbuilds_2024":0,"net_2024":0,"demolitions_2025":2,"newbuilds_2025":0,"net_2025":-2,"demolitions_2026":0,"newbuilds_2026":0,"net_2026":0},"geometry":{"type":"Polygon","coordinates":[[[-82.933726,42.40462],[-82.933726,42.408821],[-82.938616,42.410922],[-82.943507,42.408821],[-82.943507,42.40462],[-82.938616,42.402519],[-82.933726,42.40462]]]}},{"type":"Feature","properties":{"id":625,"q":12,"r":10,"demolitions_2014":1,"newbuilds_2014":0,"net_2014":-1,"demolitions_2015":3,"newbuilds_2015":0,"net_2015":-3,"demolitions_2016":4,"newbuilds_2016":0,"net_2016":-4,"demolitions_2017":3,"newbuilds_2017":0,"net_2017":-3,"demolitions_2018":6,"newbuilds_2018":0,"net_2018":-6,"demolitions_2019":0,"newbuilds_2019":0,"net_2019":0,"demolitions_2020":1,"newbuilds_2020":0,"net_2020":-1,"demolitions_2021":0,"newbuilds_2021":0,"net_2021":0,"demolitions_2022":2,"newbuilds_2022":0,"net_2022":-2,"demolitions_2023":1,"newbuilds_2023":0,"net_2023":-1,"demolitions_2024":0,"newbuilds_2024":0,"net_2024":0,"demolitions_2025":0,"newbuilds_2025":0,"net_2025":0,"demolitions_2026":1,"newbuilds_2026":0,"net_2026":-1},"geometry":{"type":"Polygon","coordinates":[[[-82.928835,42.410922],[-82.928835,42.415123],[-82.933726,42.417224],[-82.938616,42.415123],[-82.938616,42.410922],[-82.933726,42.408821],[-82.928835,42.410922]]]}},{"type":"Feature","properties":{"id":626,"q":12,"r":11,"demolitions_2014":4,"newbuilds_2014":0,"net_2014":-4,"demolitions_2015":2,"newbuilds_2015":0,"net_2015":-2,"demolitions_2016":1,"newbuilds_2016":0,"net_2016":-1,"demolitions_2017":4,"newbuilds_2017":0,"net_2017":-4,"demolitions_2018":4,"newbuilds_2018":0,"net_2018":-4,"demolitions_2019":1,"newbuilds_2019":0,"net_2019":-1,"demolitions_2020":1,"newbuilds_2020":0,"net_2020":-1,"demolitions_2021":1,"newbuilds_2021":0,"net_2021":-1,"demolitions_2022":0,"newbuilds_2022":0,"net_2022":0,"demolitions_2023":0,"newbuilds_2023":0,"net_2023":0,"demolitions_2024":0,"newbuilds_2024":0,"net_2024":0,"demolitions_2025":1,"newbuilds_2025":0,"net_2025":-1,"demolitions_2026":0,"newbuilds_2026":0,"net_2026":0},"geometry":{"type":"Polygon","coordinates":[[[-82.923945,42.417224],[-82.923945,42.421426],[-82.928835,42.423526],[-82.933726,42.421426],[-82.933726,42.417224],[-82.928835,42.415123],[-82.923945,42.417224]]]}},{"type":"Feature","properties":{"id":627,"q":13,"r":-2,"demolitions_2014":0,"newbuilds_2014":0,"net_2014":0,"demolitions_2015":0,"newbuilds_2015":0,"net_2015":0,"demolitions_2016":0,"newbuilds_2016":0,"net_2016":0,"demolitions_2017":0,"newbuilds_2017":0,"net_2017":0,"demolitions_2018":0,"newbuilds_2018":0,"net_2018":0,"demolitions_2019":0,"newbuilds_2019":0,"net_2019":0,"demolitions_2020":0,"newbuilds_2020":0,"net_2020":0,"demolitions_2021":0,"newbuilds_2021":0,"net_2021":0,"demolitions_2022":0,"newbuilds_2022":0,"net_2022":0,"demolitions_2023":0,"newbuilds_2023":0,"net_2023":0,"demolitions_2024":0,"newbuilds_2024":0,"net_2024":0,"demolitions_2025":0,"newbuilds_2025":0,"net_2025":0,"demolitions_2026":0,"newbuilds_2026":0,"net_2026":0},"geometry":{"type":"Polygon","coordinates":[[[-82.97774,42.335295],[-82.97774,42.339496],[-82.98263,42.341597],[-82.98752,42.339496],[-82.98752,42.335295],[-82.98263,42.333194],[-82.97774,42.335295]]]}},{"type":"Feature","properties":{"id":628,"q":13,"r":-1,"demolitions_2014":0,"newbuilds_2014":0,"net_2014":0,"demolitions_2015":0,"newbuilds_2015":0,"net_2015":0,"demolitions_2016":0,"newbuilds_2016":0,"net_2016":0,"demolitions_2017":0,"newbuilds_2017":0,"net_2017":0,"demolitions_2018":0,"newbuilds_2018":0,"net_2018":0,"demolitions_2019":0,"newbuilds_2019":0,"net_2019":0,"demolitions_2020":0,"newbuilds_2020":0,"net_2020":0,"demolitions_2021":0,"newbuilds_2021":0,"net_2021":0,"demolitions_2022":0,"newbuilds_2022":0,"net_2022":0,"demolitions_2023":0,"newbuilds_2023":0,"net_2023":0,"demolitions_2024":0,"newbuilds_2024":0,"net_2024":0,"demolitions_2025":0,"newbuilds_2025":0,"net_2025":0,"demolitions_2026":1,"newbuilds_2026":0,"net_2026":-1},"geometry":{"type":"Polygon","coordinates":[[[-82.972849,42.341597],[-82.972849,42.345798],[-82.97774,42.347899],[-82.98263,42.345798],[-82.98263,42.341597],[-82.97774,42.339496],[-82.972849,42.341597]]]}},{"type":"Feature","properties":{"id":629,"q":13,"r":0,"demolitions_2014":0,"newbuilds_2014":0,"net_2014":0,"demolitions_2015":0,"newbuilds_2015":0,"net_2015":0,"demolitions_2016":0,"newbuilds_2016":0,"net_2016":0,"demolitions_2017":0,"newbuilds_2017":0,"net_2017":0,"demolitions_2018":0,"newbuilds_2018":0,"net_2018":0,"demolitions_2019":0,"newbuilds_2019":0,"net_2019":0,"demolitions_2020":0,"newbuilds_2020":0,"net_2020":0,"demolitions_2021":0,"newbuilds_2021":0,"net_2021":0,"demolitions_2022":0,"newbuilds_2022":0,"net_2022":0,"demolitions_2023":0,"newbuilds_2023":0,"net_2023":0,"demolitions_2024":0,"newbuilds_2024":0,"net_2024":0,"demolitions_2025":0,"newbuilds_2025":0,"net_2025":0,"demolitions_2026":0,"newbuilds_2026":0,"net_2026":0},"geometry":{"type":"Polygon","coordinates":[[[-82.967959,42.347899],[-82.967959,42.352101],[-82.972849,42.354202],[-82.97774,42.352101],[-82.97774,42.347899],[-82.972849,42.345798],[-82.967959,42.347899]]]}},{"type":"Feature","properties":{"id":630,"q":13,"r":1,"demolitions_2014":0,"newbuilds_2014":0,"net_2014":0,"demolitions_2015":0,"newbuilds_2015":0,"net_2015":0,"demolitions_2016":0,"newbuilds_2016":0,"net_2016":0,"demolitions_2017":0,"newbuilds_2017":0,"net_2017":0,"demolitions_2018":0,"newbuilds_2018":0,"net_2018":0,"demolitions_2019":0,"newbuilds_2019":0,"net_2019":0,"demolitions_2020":0,"newbuilds_2020":0,"net_2020":0,"demolitions_2021":0,"newbuilds_2021":0,"net_2021":0,"demolitions_2022":0,"newbuilds_2022":0,"net_2022":0,"demolitions_2023":0,"newbuilds_2023":0,"net_2023":0,"demolitions_2024":0,"newbuilds_2024":0,"net_2024":0,"demolitions_2025":0,"newbuilds_2025":0,"net_2025":0,"demolitions_2026":0,"newbuilds_2026":1,"net_2026":1},"geometry":{"type":"Polygon","coordinates":[[[-82.963068,42.354202],[-82.963068,42.358403],[-82.967959,42.360504],[-82.972849,42.358403],[-82.972849,42.354202],[-82.967959,42.352101],[-82.963068,42.354202]]]}},{"type":"Feature","properties":{"id":631,"q":13,"r":2,"demolitions_2014":0,"newbuilds_2014":0,"net_2014":0,"demolitions_2015":0,"newbuilds_2015":0,"net_2015":0,"demolitions_2016":0,"newbuilds_2016":0,"net_2016":0,"demolitions_2017":0,"newbuilds_2017":0,"net_2017":0,"demolitions_2018":0,"newbuilds_2018":0,"net_2018":0,"demolitions_2019":0,"newbuilds_2019":0,"net_2019":0,"demolitions_2020":0,"newbuilds_2020":0,"net_2020":0,"demolitions_2021":0,"newbuilds_2021":0,"net_2021":0,"demolitions_2022":0,"newbuilds_2022":0,"net_2022":0,"demolitions_2023":0,"newbuilds_2023":0,"net_2023":0,"demolitions_2024":0,"newbuilds_2024":0,"net_2024":0,"demolitions_2025":0,"newbuilds_2025":0,"net_2025":0,"demolitions_2026":0,"newbuilds_2026":0,"net_2026":0},"geometry":{"type":"Polygon","coordinates":[[[-82.958178,42.360504],[-82.958178,42.364705],[-82.963068,42.366806],[-82.967959,42.364705],[-82.967959,42.360504],[-82.963068,42.358403],[-82.958178,42.360504]]]}},{"type":"Feature","properties":{"id":632,"q":13,"r":3,"demolitions_2014":23,"newbuilds_2014":0,"net_2014":-23,"demolitions_2015":7,"newbuilds_2015":0,"net_2015":-7,"demolitions_2016":6,"newbuilds_2016":0,"net_2016":-6,"demolitions_2017":5,"newbuilds_2017":0,"net_2017":-5,"demolitions_2018":4,"newbuilds_2018":0,"net_2018":-4,"demolitions_2019":1,"newbuilds_2019":0,"net_2019":-1,"demolitions_2020":0,"newbuilds_2020":0,"net_2020":0,"demolitions_2021":0,"newbuilds_2021":0,"net_2021":0,"demolitions_2022":1,"newbuilds_2022":0,"net_2022":-1,"demolitions_2023":3,"newbuilds_2023":0,"net_2023":-3,"demolitions_2024":3,"newbuilds_2024":1,"net_2024":-2,"demolitions_2025":1,"newbuilds_2025":0,"net_2025":-1,"demolitions_2026":0,"newbuilds_2026":0,"net_2026":0},"geometry":{"type":"Polygon","coordinates":[[[-82.953288,42.366806],[-82.953288,42.371008],[-82.958178,42.373108],[-82.963068,42.371008],[-82.963068,42.366806],[-82.958178,42.364705],[-82.953288,42.366806]]]}},{"type":"Feature","properties":{"id":633,"q":13,"r":4,"demolitions_2014":2,"newbuilds_2014":0,"net_2014":-2,"demolitions_2015":3,"newbuilds_2015":0,"net_2015":-3,"demolitions_2016":0,"newbuilds_2016":0,"net_2016":0,"demolitions_2017":3,"newbuilds_2017":0,"net_2017":-3,"demolitions_2018":1,"newbuilds_2018":0,"net_2018":-1,"demolitions_2019":4,"newbuilds_2019":0,"net_2019":-4,"demolitions_2020":5,"newbuilds_2020":0,"net_2020":-5,"demolitions_2021":3,"newbuilds_2021":0,"net_2021":-3,"demolitions_2022":6,"newbuilds_2022":0,"net_2022":-6,"demolitions_2023":6,"newbuilds_2023":0,"net_2023":-6,"demolitions_2024":18,"newbuilds_2024":0,"net_2024":-18,"demolitions_2025":3,"newbuilds_2025":0,"net_2025":-3,"demolitions_2026":1,"newbuilds_2026":0,"net_2026":-1},"geometry":{"type":"Polygon","coordinates":[[[-82.948397,42.373108],[-82.948397,42.37731],[-82.953288,42.379411],[-82.958178,42.37731],[-82.958178,42.373108],[-82.953288,42.371008],[-82.948397,42.373108]]]}},{"type":"Feature","properties":{"id":634,"q":13,"r":5,"demolitions_2014":3,"newbuilds_2014":0,"net_2014":-3,"demolitions_2015":26,"newbuilds_2015":0,"net_2015":-26,"demolitions_2016":20,"newbuilds_2016":0,"net_2016":-20,"demolitions_2017":1,"newbuilds_2017":0,"net_2017":-1,"demolitions_2018":7,"newbuilds_2018":0,"net_2018":-7,"demolitions_2019":5,"newbuilds_2019":0,"net_2019":-5,"demolitions_2020":3,"newbuilds_2020":0,"net_2020":-3,"demolitions_2021":0,"newbuilds_2021":0,"net_2021":0,"demolitions_2022":2,"newbuilds_2022":0,"net_2022":-2,"demolitions_2023":1,"newbuilds_2023":0,"net_2023":-1,"demolitions_2024":8,"newbuilds_2024":0,"net_2024":-8,"demolitions_2025":6,"newbuilds_2025":0,"net_2025":-6,"demolitions_2026":0,"newbuilds_2026":0,"net_2026":0},"geometry":{"type":"Polygon","coordinates":[[[-82.943507,42.379411],[-82.943507,42.383612],[-82.948397,42.385713],[-82.953288,42.383612],[-82.953288,42.379411],[-82.948397,42.37731],[-82.943507,42.379411]]]}},{"type":"Feature","properties":{"id":635,"q":13,"r":7,"demolitions_2014":13,"newbuilds_2014":0,"net_2014":-13,"demolitions_2015":6,"newbuilds_2015":0,"net_2015":-6,"demolitions_2016":5,"newbuilds_2016":0,"net_2016":-5,"demolitions_2017":4,"newbuilds_2017":0,"net_2017":-4,"demolitions_2018":3,"newbuilds_2018":0,"net_2018":-3,"demolitions_2019":6,"newbuilds_2019":1,"net_2019":-5,"demolitions_2020":1,"newbuilds_2020":1,"net_2020":0,"demolitions_2021":1,"newbuilds_2021":1,"net_2021":0,"demolitions_2022":1,"newbuilds_2022":0,"net_2022":-1,"demolitions_2023":0,"newbuilds_2023":0,"net_2023":0,"demolitions_2024":0,"newbuilds_2024":0,"net_2024":0,"demolitions_2025":1,"newbuilds_2025":0,"net_2025":-1,"demolitions_2026":0,"newbuilds_2026":0,"net_2026":0},"geometry":{"type":"Polygon","coordinates":[[[-82.933726,42.392015],[-82.933726,42.396217],[-82.938616,42.398317],[-82.943507,42.396217],[-82.943507,42.392015],[-82.938616,42.389914],[-82.933726,42.392015]]]}},{"type":"Feature","properties":{"id":636,"q":13,"r":8,"demolitions_2014":4,"newbuilds_2014":0,"net_2014":-4,"demolitions_2015":2,"newbuilds_2015":0,"net_2015":-2,"demolitions_2016":3,"newbuilds_2016":0,"net_2016":-3,"demolitions_2017":2,"newbuilds_2017":0,"net_2017":-2,"demolitions_2018":4,"newbuilds_2018":0,"net_2018":-4,"demolitions_2019":1,"newbuilds_2019":1,"net_2019":0,"demolitions_2020":0,"newbuilds_2020":0,"net_2020":0,"demolitions_2021":0,"newbuilds_2021":0,"net_2021":0,"demolitions_2022":0,"newbuilds_2022":0,"net_2022":0,"demolitions_2023":0,"newbuilds_2023":0,"net_2023":0,"demolitions_2024":0,"newbuilds_2024":0,"net_2024":0,"demolitions_2025":0,"newbuilds_2025":0,"net_2025":0,"demolitions_2026":0,"newbuilds_2026":0,"net_2026":0},"geometry":{"type":"Polygon","coordinates":[[[-82.928835,42.398317],[-82.928835,42.402519],[-82.933726,42.40462],[-82.938616,42.402519],[-82.938616,42.398317],[-82.933726,42.396217],[-82.928835,42.398317]]]}},{"type":"Feature","properties":{"id":637,"q":13,"r":9,"demolitions_2014":5,"newbuilds_2014":0,"net_2014":-5,"demolitions_2015":4,"newbuilds_2015":0,"net_2015":-4,"demolitions_2016":3,"newbuilds_2016":0,"net_2016":-3,"demolitions_2017":1,"newbuilds_2017":0,"net_2017":-1,"demolitions_2018":0,"newbuilds_2018":0,"net_2018":0,"demolitions_2019":5,"newbuilds_2019":0,"net_2019":-5,"demolitions_2020":1,"newbuilds_2020":0,"net_2020":-1,"demolitions_2021":1,"newbuilds_2021":0,"net_2021":-1,"demolitions_2022":0,"newbuilds_2022":0,"net_2022":0,"demolitions_2023":2,"newbuilds_2023":0,"net_2023":-2,"demolitions_2024":1,"newbuilds_2024":1,"net_2024":0,"demolitions_2025":1,"newbuilds_2025":1,"net_2025":0,"demolitions_2026":1,"newbuilds_2026":0,"net_2026":-1},"geometry":{"type":"Polygon","coordinates":[[[-82.923945,42.40462],[-82.923945,42.408821],[-82.928835,42.410922],[-82.933726,42.408821],[-82.933726,42.40462],[-82.928835,42.402519],[-82.923945,42.40462]]]}},{"type":"Feature","properties":{"id":638,"q":13,"r":10,"demolitions_2014":10,"newbuilds_2014":0,"net_2014":-10,"demolitions_2015":4,"newbuilds_2015":0,"net_2015":-4,"demolitions_2016":5,"newbuilds_2016":0,"net_2016":-5,"demolitions_2017":5,"newbuilds_2017":0,"net_2017":-5,"demolitions_2018":11,"newbuilds_2018":0,"net_2018":-11,"demolitions_2019":4,"newbuilds_2019":0,"net_2019":-4,"demolitions_2020":0,"newbuilds_2020":0,"net_2020":0,"demolitions_2021":1,"newbuilds_2021":0,"net_2021":-1,"demolitions_2022":2,"newbuilds_2022":1,"net_2022":-1,"demolitions_2023":3,"newbuilds_2023":0,"net_2023":-3,"demolitions_2024":0,"newbuilds_2024":0,"net_2024":0,"demolitions_2025":2,"newbuilds_2025":0,"net_2025":-2,"demolitions_2026":0,"newbuilds_2026":0,"net_2026":0},"geometry":{"type":"Polygon","coordinates":[[[-82.919055,42.410922],[-82.919055,42.415123],[-82.923945,42.417224],[-82.928835,42.415123],[-82.928835,42.410922],[-82.923945,42.408821],[-82.919055,42.410922]]]}},{"type":"Feature","properties":{"id":639,"q":13,"r":11,"demolitions_2014":1,"newbuilds_2014":0,"net_2014":-1,"demolitions_2015":1,"newbuilds_2015":0,"net_2015":-1,"demolitions_2016":0,"newbuilds_2016":0,"net_2016":0,"demolitions_2017":0,"newbuilds_2017":0,"net_2017":0,"demolitions_2018":0,"newbuilds_2018":0,"net_2018":0,"demolitions_2019":0,"newbuilds_2019":0,"net_2019":0,"demolitions_2020":0,"newbuilds_2020":0,"net_2020":0,"demolitions_2021":0,"newbuilds_2021":0,"net_2021":0,"demolitions_2022":0,"newbuilds_2022":0,"net_2022":0,"demolitions_2023":0,"newbuilds_2023":0,"net_2023":0,"demolitions_2024":0,"newbuilds_2024":0,"net_2024":0,"demolitions_2025":0,"newbuilds_2025":0,"net_2025":0,"demolitions_2026":0,"newbuilds_2026":0,"net_2026":0},"geometry":{"type":"Polygon","coordinates":[[[-82.914164,42.417224],[-82.914164,42.421426],[-82.919055,42.423526],[-82.923945,42.421426],[-82.923945,42.417224],[-82.919055,42.415123],[-82.914164,42.417224]]]}},{"type":"Feature","properties":{"id":640,"q":14,"r":-2,"demolitions_2014":0,"newbuilds_2014":0,"net_2014":0,"demolitions_2015":0,"newbuilds_2015":0,"net_2015":0,"demolitions_2016":0,"newbuilds_2016":0,"net_2016":0,"demolitions_2017":0,"newbuilds_2017":0,"net_2017":0,"demolitions_2018":0,"newbuilds_2018":0,"net_2018":0,"demolitions_2019":0,"newbuilds_2019":0,"net_2019":0,"demolitions_2020":0,"newbuilds_2020":0,"net_2020":0,"demolitions_2021":0,"newbuilds_2021":0,"net_2021":0,"demolitions_2022":0,"newbuilds_2022":0,"net_2022":0,"demolitions_2023":0,"newbuilds_2023":0,"net_2023":0,"demolitions_2024":0,"newbuilds_2024":0,"net_2024":0,"demolitions_2025":0,"newbuilds_2025":0,"net_2025":0,"demolitions_2026":0,"newbuilds_2026":0,"net_2026":0},"geometry":{"type":"Polygon","coordinates":[[[-82.967959,42.335295],[-82.967959,42.339496],[-82.972849,42.341597],[-82.97774,42.339496],[-82.97774,42.335295],[-82.972849,42.333194],[-82.967959,42.335295]]]}},{"type":"Feature","properties":{"id":641,"q":14,"r":-1,"demolitions_2014":0,"newbuilds_2014":0,"net_2014":0,"demolitions_2015":0,"newbuilds_2015":0,"net_2015":0,"demolitions_2016":0,"newbuilds_2016":0,"net_2016":0,"demolitions_2017":0,"newbuilds_2017":0,"net_2017":0,"demolitions_2018":0,"newbuilds_2018":0,"net_2018":0,"demolitions_2019":0,"newbuilds_2019":0,"net_2019":0,"demolitions_2020":0,"newbuilds_2020":0,"net_2020":0,"demolitions_2021":0,"newbuilds_2021":0,"net_2021":0,"demolitions_2022":0,"newbuilds_2022":0,"net_2022":0,"demolitions_2023":0,"newbuilds_2023":0,"net_2023":0,"demolitions_2024":0,"newbuilds_2024":0,"net_2024":0,"demolitions_2025":0,"newbuilds_2025":0,"net_2025":0,"demolitions_2026":0,"newbuilds_2026":0,"net_2026":0},"geometry":{"type":"Polygon","coordinates":[[[-82.963068,42.341597],[-82.963068,42.345798],[-82.967959,42.347899],[-82.972849,42.345798],[-82.972849,42.341597],[-82.967959,42.339496],[-82.963068,42.341597]]]}},{"type":"Feature","properties":{"id":642,"q":14,"r":0,"demolitions_2014":0,"newbuilds_2014":0,"net_2014":0,"demolitions_2015":0,"newbuilds_2015":0,"net_2015":0,"demolitions_2016":0,"newbuilds_2016":0,"net_2016":0,"demolitions_2017":0,"newbuilds_2017":0,"net_2017":0,"demolitions_2018":0,"newbuilds_2018":0,"net_2018":0,"demolitions_2019":0,"newbuilds_2019":0,"net_2019":0,"demolitions_2020":0,"newbuilds_2020":0,"net_2020":0,"demolitions_2021":0,"newbuilds_2021":0,"net_2021":0,"demolitions_2022":0,"newbuilds_2022":0,"net_2022":0,"demolitions_2023":0,"newbuilds_2023":0,"net_2023":0,"demolitions_2024":0,"newbuilds_2024":0,"net_2024":0,"demolitions_2025":0,"newbuilds_2025":0,"net_2025":0,"demolitions_2026":0,"newbuilds_2026":0,"net_2026":0},"geometry":{"type":"Polygon","coordinates":[[[-82.958178,42.347899],[-82.958178,42.352101],[-82.963068,42.354202],[-82.967959,42.352101],[-82.967959,42.347899],[-82.963068,42.345798],[-82.958178,42.347899]]]}},{"type":"Feature","properties":{"id":643,"q":14,"r":1,"demolitions_2014":0,"newbuilds_2014":0,"net_2014":0,"demolitions_2015":0,"newbuilds_2015":0,"net_2015":0,"demolitions_2016":0,"newbuilds_2016":0,"net_2016":0,"demolitions_2017":0,"newbuilds_2017":0,"net_2017":0,"demolitions_2018":0,"newbuilds_2018":0,"net_2018":0,"demolitions_2019":0,"newbuilds_2019":0,"net_2019":0,"demolitions_2020":0,"newbuilds_2020":0,"net_2020":0,"demolitions_2021":0,"newbuilds_2021":0,"net_2021":0,"demolitions_2022":0,"newbuilds_2022":0,"net_2022":0,"demolitions_2023":0,"newbuilds_2023":0,"net_2023":0,"demolitions_2024":0,"newbuilds_2024":0,"net_2024":0,"demolitions_2025":0,"newbuilds_2025":0,"net_2025":0,"demolitions_2026":0,"newbuilds_2026":0,"net_2026":0},"geometry":{"type":"Polygon","coordinates":[[[-82.953288,42.354202],[-82.953288,42.358403],[-82.958178,42.360504],[-82.963068,42.358403],[-82.963068,42.354202],[-82.958178,42.352101],[-82.953288,42.354202]]]}},{"type":"Feature","properties":{"id":644,"q":14,"r":2,"demolitions_2014":22,"newbuilds_2014":0,"net_2014":-22,"demolitions_2015":3,"newbuilds_2015":0,"net_2015":-3,"demolitions_2016":18,"newbuilds_2016":0,"net_2016":-18,"demolitions_2017":17,"newbuilds_2017":0,"net_2017":-17,"demolitions_2018":8,"newbuilds_2018":0,"net_2018":-8,"demolitions_2019":1,"newbuilds_2019":0,"net_2019":-1,"demolitions_2020":0,"newbuilds_2020":0,"net_2020":0,"demolitions_2021":0,"newbuilds_2021":0,"net_2021":0,"demolitions_2022":0,"newbuilds_2022":0,"net_2022":0,"demolitions_2023":0,"newbuilds_2023":0,"net_2023":0,"demolitions_2024":4,"newbuilds_2024":0,"net_2024":-4,"demolitions_2025":1,"newbuilds_2025":1,"net_2025":0,"demolitions_2026":1,"newbuilds_2026":0,"net_2026":-1},"geometry":{"type":"Polygon","coordinates":[[[-82.948397,42.360504],[-82.948397,42.364705],[-82.953288,42.366806],[-82.958178,42.364705],[-82.958178,42.360504],[-82.953288,42.358403],[-82.948397,42.360504]]]}},{"type":"Feature","properties":{"id":645,"q":14,"r":3,"demolitions_2014":0,"newbuilds_2014":0,"net_2014":0,"demolitions_2015":2,"newbuilds_2015":0,"net_2015":-2,"demolitions_2016":3,"newbuilds_2016":0,"net_2016":-3,"demolitions_2017":1,"newbuilds_2017":0,"net_2017":-1,"demolitions_2018":2,"newbuilds_2018":0,"net_2018":-2,"demolitions_2019":0,"newbuilds_2019":0,"net_2019":0,"demolitions_2020":2,"newbuilds_2020":0,"net_2020":-2,"demolitions_2021":0,"newbuilds_2021":0,"net_2021":0,"demolitions_2022":0,"newbuilds_2022":0,"net_2022":0,"demolitions_2023":0,"newbuilds_2023":0,"net_2023":0,"demolitions_2024":2,"newbuilds_2024":0,"net_2024":-2,"demolitions_2025":0,"newbuilds_2025":0,"net_2025":0,"demolitions_2026":0,"newbuilds_2026":2,"net_2026":2},"geometry":{"type":"Polygon","coordinates":[[[-82.943507,42.366806],[-82.943507,42.371008],[-82.948397,42.373108],[-82.953288,42.371008],[-82.953288,42.366806],[-82.948397,42.364705],[-82.943507,42.366806]]]}},{"type":"Feature","properties":{"id":646,"q":14,"r":4,"demolitions_2014":7,"newbuilds_2014":0,"net_2014":-7,"demolitions_2015":12,"newbuilds_2015":0,"net_2015":-12,"demolitions_2016":9,"newbuilds_2016":0,"net_2016":-9,"demolitions_2017":4,"newbuilds_2017":0,"net_2017":-4,"demolitions_2018":3,"newbuilds_2018":0,"net_2018":-3,"demolitions_2019":4,"newbuilds_2019":1,"net_2019":-3,"demolitions_2020":1,"newbuilds_2020":0,"net_2020":-1,"demolitions_2021":0,"newbuilds_2021":0,"net_2021":0,"demolitions_2022":1,"newbuilds_2022":0,"net_2022":-1,"demolitions_2023":2,"newbuilds_2023":0,"net_2023":-2,"demolitions_2024":1,"newbuilds_2024":0,"net_2024":-1,"demolitions_2025":1,"newbuilds_2025":0,"net_2025":-1,"demolitions_2026":1,"newbuilds_2026":0,"net_2026":-1},"geometry":{"type":"Polygon","coordinates":[[[-82.938616,42.373108],[-82.938616,42.37731],[-82.943507,42.379411],[-82.948397,42.37731],[-82.948397,42.373108],[-82.943507,42.371008],[-82.938616,42.373108]]]}},{"type":"Feature","properties":{"id":647,"q":14,"r":7,"demolitions_2014":0,"newbuilds_2014":0,"net_2014":0,"demolitions_2015":0,"newbuilds_2015":0,"net_2015":0,"demolitions_2016":0,"newbuilds_2016":0,"net_2016":0,"demolitions_2017":0,"newbuilds_2017":0,"net_2017":0,"demolitions_2018":0,"newbuilds_2018":0,"net_2018":0,"demolitions_2019":1,"newbuilds_2019":0,"net_2019":-1,"demolitions_2020":0,"newbuilds_2020":0,"net_2020":0,"demolitions_2021":0,"newbuilds_2021":0,"net_2021":0,"demolitions_2022":0,"newbuilds_2022":0,"net_2022":0,"demolitions_2023":0,"newbuilds_2023":0,"net_2023":0,"demolitions_2024":0,"newbuilds_2024":0,"net_2024":0,"demolitions_2025":0,"newbuilds_2025":0,"net_2025":0,"demolitions_2026":0,"newbuilds_2026":0,"net_2026":0},"geometry":{"type":"Polygon","coordinates":[[[-82.923945,42.392015],[-82.923945,42.396217],[-82.928835,42.398317],[-82.933726,42.396217],[-82.933726,42.392015],[-82.928835,42.389914],[-82.923945,42.392015]]]}},{"type":"Feature","properties":{"id":648,"q":14,"r":8,"demolitions_2014":11,"newbuilds_2014":0,"net_2014":-11,"demolitions_2015":3,"newbuilds_2015":0,"net_2015":-3,"demolitions_2016":3,"newbuilds_2016":0,"net_2016":-3,"demolitions_2017":2,"newbuilds_2017":0,"net_2017":-2,"demolitions_2018":0,"newbuilds_2018":0,"net_2018":0,"demolitions_2019":13,"newbuilds_2019":0,"net_2019":-13,"demolitions_2020":1,"newbuilds_2020":0,"net_2020":-1,"demolitions_2021":1,"newbuilds_2021":0,"net_2021":-1,"demolitions_2022":0,"newbuilds_2022":0,"net_2022":0,"demolitions_2023":5,"newbuilds_2023":0,"net_2023":-5,"demolitions_2024":1,"newbuilds_2024":0,"net_2024":-1,"demolitions_2025":1,"newbuilds_2025":0,"net_2025":-1,"demolitions_2026":1,"newbuilds_2026":0,"net_2026":-1},"geometry":{"type":"Polygon","coordinates":[[[-82.919055,42.398317],[-82.919055,42.402519],[-82.923945,42.40462],[-82.928835,42.402519],[-82.928835,42.398317],[-82.923945,42.396217],[-82.919055,42.398317]]]}},{"type":"Feature","properties":{"id":649,"q":14,"r":9,"demolitions_2014":9,"newbuilds_2014":0,"net_2014":-9,"demolitions_2015":8,"newbuilds_2015":0,"net_2015":-8,"demolitions_2016":7,"newbuilds_2016":0,"net_2016":-7,"demolitions_2017":2,"newbuilds_2017":0,"net_2017":-2,"demolitions_2018":0,"newbuilds_2018":0,"net_2018":0,"demolitions_2019":11,"newbuilds_2019":0,"net_2019":-11,"demolitions_2020":1,"newbuilds_2020":1,"net_2020":0,"demolitions_2021":0,"newbuilds_2021":0,"net_2021":0,"demolitions_2022":0,"newbuilds_2022":0,"net_2022":0,"demolitions_2023":2,"newbuilds_2023":0,"net_2023":-2,"demolitions_2024":1,"newbuilds_2024":0,"net_2024":-1,"demolitions_2025":3,"newbuilds_2025":2,"net_2025":-1,"demolitions_2026":0,"newbuilds_2026":0,"net_2026":0},"geometry":{"type":"Polygon","coordinates":[[[-82.914164,42.40462],[-82.914164,42.408821],[-82.919055,42.410922],[-82.923945,42.408821],[-82.923945,42.40462],[-82.919055,42.402519],[-82.914164,42.40462]]]}},{"type":"Feature","properties":{"id":650,"q":14,"r":10,"demolitions_2014":0,"newbuilds_2014":0,"net_2014":0,"demolitions_2015":3,"newbuilds_2015":0,"net_2015":-3,"demolitions_2016":1,"newbuilds_2016":0,"net_2016":-1,"demolitions_2017":0,"newbuilds_2017":0,"net_2017":0,"demolitions_2018":2,"newbuilds_2018":0,"net_2018":-2,"demolitions_2019":1,"newbuilds_2019":0,"net_2019":-1,"demolitions_2020":0,"newbuilds_2020":0,"net_2020":0,"demolitions_2021":0,"newbuilds_2021":0,"net_2021":0,"demolitions_2022":0,"newbuilds_2022":1,"net_2022":1,"demolitions_2023":0,"newbuilds_2023":1,"net_2023":1,"demolitions_2024":1,"newbuilds_2024":0,"net_2024":-1,"demolitions_2025":0,"newbuilds_2025":0,"net_2025":0,"demolitions_2026":0,"newbuilds_2026":0,"net_2026":0},"geometry":{"type":"Polygon","coordinates":[[[-82.909274,42.410922],[-82.909274,42.415123],[-82.914164,42.417224],[-82.919055,42.415123],[-82.919055,42.410922],[-82.914164,42.408821],[-82.909274,42.410922]]]}},{"type":"Feature","properties":{"id":651,"q":15,"r":-1,"demolitions_2014":0,"newbuilds_2014":0,"net_2014":0,"demolitions_2015":0,"newbuilds_2015":0,"net_2015":0,"demolitions_2016":0,"newbuilds_2016":0,"net_2016":0,"demolitions_2017":0,"newbuilds_2017":0,"net_2017":0,"demolitions_2018":0,"newbuilds_2018":0,"net_2018":0,"demolitions_2019":0,"newbuilds_2019":0,"net_2019":0,"demolitions_2020":0,"newbuilds_2020":0,"net_2020":0,"demolitions_2021":0,"newbuilds_2021":0,"net_2021":0,"demolitions_2022":0,"newbuilds_2022":0,"net_2022":0,"demolitions_2023":0,"newbuilds_2023":0,"net_2023":0,"demolitions_2024":0,"newbuilds_2024":0,"net_2024":0,"demolitions_2025":0,"newbuilds_2025":0,"net_2025":0,"demolitions_2026":0,"newbuilds_2026":0,"net_2026":0},"geometry":{"type":"Polygon","coordinates":[[[-82.953288,42.341597],[-82.953288,42.345798],[-82.958178,42.347899],[-82.963068,42.345798],[-82.963068,42.341597],[-82.958178,42.339496],[-82.953288,42.341597]]]}},{"type":"Feature","properties":{"id":652,"q":15,"r":0,"demolitions_2014":0,"newbuilds_2014":0,"net_2014":0,"demolitions_2015":0,"newbuilds_2015":0,"net_2015":0,"demolitions_2016":0,"newbuilds_2016":0,"net_2016":0,"demolitions_2017":0,"newbuilds_2017":0,"net_2017":0,"demolitions_2018":0,"newbuilds_2018":0,"net_2018":0,"demolitions_2019":0,"newbuilds_2019":0,"net_2019":0,"demolitions_2020":0,"newbuilds_2020":0,"net_2020":0,"demolitions_2021":0,"newbuilds_2021":0,"net_2021":0,"demolitions_2022":0,"newbuilds_2022":0,"net_2022":0,"demolitions_2023":0,"newbuilds_2023":0,"net_2023":0,"demolitions_2024":0,"newbuilds_2024":0,"net_2024":0,"demolitions_2025":0,"newbuilds_2025":0,"net_2025":0,"demolitions_2026":0,"newbuilds_2026":0,"net_2026":0},"geometry":{"type":"Polygon","coordinates":[[[-82.948397,42.347899],[-82.948397,42.352101],[-82.953288,42.354202],[-82.958178,42.352101],[-82.958178,42.347899],[-82.953288,42.345798],[-82.948397,42.347899]]]}},{"type":"Feature","properties":{"id":653,"q":15,"r":1,"demolitions_2014":0,"newbuilds_2014":0,"net_2014":0,"demolitions_2015":0,"newbuilds_2015":0,"net_2015":0,"demolitions_2016":0,"newbuilds_2016":0,"net_2016":0,"demolitions_2017":0,"newbuilds_2017":0,"net_2017":0,"demolitions_2018":0,"newbuilds_2018":0,"net_2018":0,"demolitions_2019":0,"newbuilds_2019":0,"net_2019":0,"demolitions_2020":0,"newbuilds_2020":0,"net_2020":0,"demolitions_2021":0,"newbuilds_2021":0,"net_2021":0,"demolitions_2022":0,"newbuilds_2022":0,"net_2022":0,"demolitions_2023":0,"newbuilds_2023":0,"net_2023":0,"demolitions_2024":0,"newbuilds_2024":5,"net_2024":5,"demolitions_2025":0,"newbuilds_2025":5,"net_2025":5,"demolitions_2026":0,"newbuilds_2026":0,"net_2026":0},"geometry":{"type":"Polygon","coordinates":[[[-82.943507,42.354202],[-82.943507,42.358403],[-82.948397,42.360504],[-82.953288,42.358403],[-82.953288,42.354202],[-82.948397,42.352101],[-82.943507,42.354202]]]}},{"type":"Feature","properties":{"id":654,"q":15,"r":2,"demolitions_2014":2,"newbuilds_2014":0,"net_2014":-2,"demolitions_2015":1,"newbuilds_2015":0,"net_2015":-1,"demolitions_2016":1,"newbuilds_2016":0,"net_2016":-1,"demolitions_2017":4,"newbuilds_2017":0,"net_2017":-4,"demolitions_2018":1,"newbuilds_2018":0,"net_2018":-1,"demolitions_2019":3,"newbuilds_2019":0,"net_2019":-3,"demolitions_2020":0,"newbuilds_2020":0,"net_2020":0,"demolitions_2021":0,"newbuilds_2021":2,"net_2021":2,"demolitions_2022":2,"newbuilds_2022":0,"net_2022":-2,"demolitions_2023":0,"newbuilds_2023":0,"net_2023":0,"demolitions_2024":0,"newbuilds_2024":0,"net_2024":0,"demolitions_2025":0,"newbuilds_2025":0,"net_2025":0,"demolitions_2026":0,"newbuilds_2026":0,"net_2026":0},"geometry":{"type":"Polygon","coordinates":[[[-82.938616,42.360504],[-82.938616,42.364705],[-82.943507,42.366806],[-82.948397,42.364705],[-82.948397,42.360504],[-82.943507,42.358403],[-82.938616,42.360504]]]}},{"type":"Feature","properties":{"id":655,"q":15,"r":3,"demolitions_2014":18,"newbuilds_2014":0,"net_2014":-18,"demolitions_2015":4,"newbuilds_2015":0,"net_2015":-4,"demolitions_2016":6,"newbuilds_2016":0,"net_2016":-6,"demolitions_2017":6,"newbuilds_2017":0,"net_2017":-6,"demolitions_2018":3,"newbuilds_2018":0,"net_2018":-3,"demolitions_2019":2,"newbuilds_2019":0,"net_2019":-2,"demolitions_2020":1,"newbuilds_2020":0,"net_2020":-1,"demolitions_2021":0,"newbuilds_2021":0,"net_2021":0,"demolitions_2022":0,"newbuilds_2022":0,"net_2022":0,"demolitions_2023":1,"newbuilds_2023":0,"net_2023":-1,"demolitions_2024":1,"newbuilds_2024":0,"net_2024":-1,"demolitions_2025":3,"newbuilds_2025":0,"net_2025":-3,"demolitions_2026":0,"newbuilds_2026":1,"net_2026":1},"geometry":{"type":"Polygon","coordinates":[[[-82.933726,42.366806],[-82.933726,42.371008],[-82.938616,42.373108],[-82.943507,42.371008],[-82.943507,42.366806],[-82.938616,42.364705],[-82.933726,42.366806]]]}},{"type":"Feature","properties":{"id":656,"q":16,"r":0,"demolitions_2014":0,"newbuilds_2014":0,"net_2014":0,"demolitions_2015":0,"newbuilds_2015":0,"net_2015":0,"demolitions_2016":0,"newbuilds_2016":0,"net_2016":0,"demolitions_2017":0,"newbuilds_2017":0,"net_2017":0,"demolitions_2018":0,"newbuilds_2018":0,"net_2018":0,"demolitions_2019":0,"newbuilds_2019":0,"net_2019":0,"demolitions_2020":0,"newbuilds_2020":0,"net_2020":0,"demolitions_2021":0,"newbuilds_2021":0,"net_2021":0,"demolitions_2022":0,"newbuilds_2022":0,"net_2022":0,"demolitions_2023":0,"newbuilds_2023":0,"net_2023":0,"demolitions_2024":0,"newbuilds_2024":0,"net_2024":0,"demolitions_2025":0,"newbuilds_2025":0,"net_2025":0,"demolitions_2026":0,"newbuilds_2026":0,"net_2026":0},"geometry":{"type":"Polygon","coordinates":[[[-82.938616,42.347899],[-82.938616,42.352101],[-82.943507,42.354202],[-82.948397,42.352101],[-82.948397,42.347899],[-82.943507,42.345798],[-82.938616,42.347899]]]}},{"type":"Feature","properties":{"id":657,"q":16,"r":1,"demolitions_2014":1,"newbuilds_2014":0,"net_2014":-1,"demolitions_2015":1,"newbuilds_2015":0,"net_2015":-1,"demolitions_2016":1,"newbuilds_2016":0,"net_2016":-1,"demolitions_2017":2,"newbuilds_2017":0,"net_2017":-2,"demolitions_2018":0,"newbuilds_2018":0,"net_2018":0,"demolitions_2019":0,"newbuilds_2019":0,"net_2019":0,"demolitions_2020":0,"newbuilds_2020":0,"net_2020":0,"demolitions_2021":0,"newbuilds_2021":0,"net_2021":0,"demolitions_2022":0,"newbuilds_2022":1,"net_2022":1,"demolitions_2023":1,"newbuilds_2023":0,"net_2023":-1,"demolitions_2024":0,"newbuilds_2024":0,"net_2024":0,"demolitions_2025":0,"newbuilds_2025":0,"net_2025":0,"demolitions_2026":0,"newbuilds_2026":0,"net_2026":0},"geometry":{"type":"Polygon","coordinates":[[[-82.933726,42.354202],[-82.933726,42.358403],[-82.938616,42.360504],[-82.943507,42.358403],[-82.943507,42.354202],[-82.938616,42.352101],[-82.933726,42.354202]]]}},{"type":"Feature","properties":{"id":658,"q":16,"r":2,"demolitions_2014":11,"newbuilds_2014":0,"net_2014":-11,"demolitions_2015":10,"newbuilds_2015":0,"net_2015":-10,"demolitions_2016":4,"newbuilds_2016":0,"net_2016":-4,"demolitions_2017":2,"newbuilds_2017":0,"net_2017":-2,"demolitions_2018":0,"newbuilds_2018":0,"net_2018":0,"demolitions_2019":1,"newbuilds_2019":0,"net_2019":-1,"demolitions_2020":0,"newbuilds_2020":1,"net_2020":1,"demolitions_2021":0,"newbuilds_2021":0,"net_2021":0,"demolitions_2022":0,"newbuilds_2022":0,"net_2022":0,"demolitions_2023":0,"newbuilds_2023":0,"net_2023":0,"demolitions_2024":0,"newbuilds_2024":0,"net_2024":0,"demolitions_2025":0,"newbuilds_2025":0,"net_2025":0,"demolitions_2026":0,"newbuilds_2026":0,"net_2026":0},"geometry":{"type":"Polygon","coordinates":[[[-82.928835,42.360504],[-82.928835,42.364705],[-82.933726,42.366806],[-82.938616,42.364705],[-82.938616,42.360504],[-82.933726,42.358403],[-82.928835,42.360504]]]}},{"type":"Feature","properties":{"id":659,"q":17,"r":1,"demolitions_2014":0,"newbuilds_2014":0,"net_2014":0,"demolitions_2015":0,"newbuilds_2015":0,"net_2015":0,"demolitions_2016":0,"newbuilds_2016":0,"net_2016":0,"demolitions_2017":0,"newbuilds_2017":0,"net_2017":0,"demolitions_2018":0,"newbuilds_2018":0,"net_2018":0,"demolitions_2019":0,"newbuilds_2019":0,"net_2019":0,"demolitions_2020":0,"newbuilds_2020":1,"net_2020":1,"demolitions_2021":0,"newbuilds_2021":0,"net_2021":0,"demolitions_2022":0,"newbuilds_2022":0,"net_2022":0,"demolitions_2023":0,"newbuilds_2023":0,"net_2023":0,"demolitions_2024":0,"newbuilds_2024":0,"net_2024":0,"demolitions_2025":0,"newbuilds_2025":0,"net_2025":0,"demolitions_2026":0,"newbuilds_2026":0,"net_2026":0},"geometry":{"type":"Polygon","coordinates":[[[-82.923945,42.354202],[-82.923945,42.358403],[-82.928835,42.360504],[-82.933726,42.358403],[-82.933726,42.354202],[-82.928835,42.352101],[-82.923945,42.354202]]]}}]}