{"type":"FeatureCollection","features":[{"type":"Feature","properties":{"name":"Florida","abbr":"FL","iso":null,"kind":"state","scope":"us","isUSA":false,"state":"Florida","direction":"N","directionLabel":"north","lat":31.00089,"lng":-85.15208},"geometry":{"type":"Point","coordinates":[-85.15208,31.00089]}},{"type":"Feature","properties":{"name":"Florida","abbr":"FL","iso":null,"kind":"state","scope":"us","isUSA":false,"state":"Florida","direction":"E","directionLabel":"east","lat":26.79634,"lng":-80.03136},"geometry":{"type":"Point","coordinates":[-80.03136,26.79634]}},{"type":"Feature","properties":{"name":"Florida","abbr":"FL","iso":null,"kind":"state","scope":"us","isUSA":false,"state":"Florida","direction":"S","directionLabel":"south","lat":24.5231,"lng":-81.97836},"geometry":{"type":"Point","coordinates":[-81.97836,24.5231]}},{"type":"Feature","properties":{"name":"Florida","abbr":"FL","iso":null,"kind":"state","scope":"us","isUSA":false,"state":"Florida","direction":"W","directionLabel":"west","lat":30.86589,"lng":-87.63494},"geometry":{"type":"Point","coordinates":[-87.63494,30.86589]}},{"type":"Feature","properties":{"name":"United States Virgin Islands","abbr":"VI","iso":null,"kind":"territory","scope":"us","isUSA":false,"state":"United States Virgin Islands","direction":"N","directionLabel":"north","lat":18.41266,"lng":-64.90834},"geometry":{"type":"Point","coordinates":[-64.90834,18.41266]}},{"type":"Feature","properties":{"name":"United States Virgin Islands","abbr":"VI","iso":null,"kind":"territory","scope":"us","isUSA":false,"state":"United States Virgin Islands","direction":"E","directionLabel":"east","lat":17.75552,"lng":-64.56491},"geometry":{"type":"Point","coordinates":[-64.56491,17.75552]}},{"type":"Feature","properties":{"name":"United States Virgin Islands","abbr":"VI","iso":null,"kind":"territory","scope":"us","isUSA":false,"state":"United States Virgin Islands","direction":"S","directionLabel":"south","lat":17.67398,"lng":-64.90043},"geometry":{"type":"Point","coordinates":[-64.90043,17.67398]}},{"type":"Feature","properties":{"name":"United States Virgin Islands","abbr":"VI","iso":null,"kind":"territory","scope":"us","isUSA":false,"state":"United States Virgin Islands","direction":"W","directionLabel":"west","lat":18.3367,"lng":-65.08545},"geometry":{"type":"Point","coordinates":[-65.08545,18.3367]}},{"type":"Feature","properties":{"name":"Montana","abbr":"MT","iso":null,"kind":"state","scope":"us","isUSA":false,"state":"Montana","direction":"N","directionLabel":"north","lat":49.00139,"lng":-114.37598},"geometry":{"type":"Point","coordinates":[-114.37598,49.00139]}},{"type":"Feature","properties":{"name":"Montana","abbr":"MT","iso":null,"kind":"state","scope":"us","isUSA":false,"state":"Montana","direction":"E","directionLabel":"east","lat":45.12404,"lng":-104.03956},"geometry":{"type":"Point","coordinates":[-104.03956,45.12404]}},{"type":"Feature","properties":{"name":"Montana","abbr":"MT","iso":null,"kind":"state","scope":"us","isUSA":false,"state":"Montana","direction":"S","directionLabel":"south","lat":44.35796,"lng":-112.84518},"geometry":{"type":"Point","coordinates":[-112.84518,44.35796]}},{"type":"Feature","properties":{"name":"Montana","abbr":"MT","iso":null,"kind":"state","scope":"us","isUSA":false,"state":"Montana","direction":"W","directionLabel":"west","lat":48.48125,"lng":-116.04915},"geometry":{"type":"Point","coordinates":[-116.04915,48.48125]}},{"type":"Feature","properties":{"name":"Minnesota","abbr":"MN","iso":null,"kind":"state","scope":"us","isUSA":false,"state":"Minnesota","direction":"N","directionLabel":"north","lat":49.38436,"lng":-95.15331},"geometry":{"type":"Point","coordinates":[-95.15331,49.38436]}},{"type":"Feature","properties":{"name":"Minnesota","abbr":"MN","iso":null,"kind":"state","scope":"us","isUSA":false,"state":"Minnesota","direction":"E","directionLabel":"east","lat":48.00521,"lng":-89.49174},"geometry":{"type":"Point","coordinates":[-89.49174,48.00521]}},{"type":"Feature","properties":{"name":"Minnesota","abbr":"MN","iso":null,"kind":"state","scope":"us","isUSA":false,"state":"Minnesota","direction":"S","directionLabel":"south","lat":43.49936,"lng":-93.2718},"geometry":{"type":"Point","coordinates":[-93.2718,43.49936]}},{"type":"Feature","properties":{"name":"Minnesota","abbr":"MN","iso":null,"kind":"state","scope":"us","isUSA":false,"state":"Minnesota","direction":"W","directionLabel":"west","lat":48.96868,"lng":-97.23921},"geometry":{"type":"Point","coordinates":[-97.23921,48.96868]}},{"type":"Feature","properties":{"name":"Maryland","abbr":"MD","iso":null,"kind":"state","scope":"us","isUSA":false,"state":"Maryland","direction":"N","directionLabel":"north","lat":39.72304,"lng":-78.72353},"geometry":{"type":"Point","coordinates":[-78.72353,39.72304]}},{"type":"Feature","properties":{"name":"Maryland","abbr":"MD","iso":null,"kind":"state","scope":"us","isUSA":false,"state":"Maryland","direction":"E","directionLabel":"east","lat":38.45126,"lng":-75.04894},"geometry":{"type":"Point","coordinates":[-75.04894,38.45126]}},{"type":"Feature","properties":{"name":"Maryland","abbr":"MD","iso":null,"kind":"state","scope":"us","isUSA":false,"state":"Maryland","direction":"S","directionLabel":"south","lat":37.91172,"lng":-75.88503},"geometry":{"type":"Point","coordinates":[-75.88503,37.91172]}},{"type":"Feature","properties":{"name":"Maryland","abbr":"MD","iso":null,"kind":"state","scope":"us","isUSA":false,"state":"Maryland","direction":"W","directionLabel":"west","lat":39.27993,"lng":-79.48765},"geometry":{"type":"Point","coordinates":[-79.48765,39.27993]}},{"type":"Feature","properties":{"name":"South Carolina","abbr":"SC","iso":null,"kind":"state","scope":"us","isUSA":false,"state":"South Carolina","direction":"N","directionLabel":"north","lat":35.2154,"lng":-82.39293},"geometry":{"type":"Point","coordinates":[-82.39293,35.2154]}},{"type":"Feature","properties":{"name":"South Carolina","abbr":"SC","iso":null,"kind":"state","scope":"us","isUSA":false,"state":"South Carolina","direction":"E","directionLabel":"east","lat":33.85192,"lng":-78.54203},"geometry":{"type":"Point","coordinates":[-78.54203,33.85192]}},{"type":"Feature","properties":{"name":"South Carolina","abbr":"SC","iso":null,"kind":"state","scope":"us","isUSA":false,"state":"South Carolina","direction":"S","directionLabel":"south","lat":32.0346,"lng":-80.88552},"geometry":{"type":"Point","coordinates":[-80.88552,32.0346]}},{"type":"Feature","properties":{"name":"South Carolina","abbr":"SC","iso":null,"kind":"state","scope":"us","isUSA":false,"state":"South Carolina","direction":"W","directionLabel":"west","lat":34.69922,"lng":-83.35391},"geometry":{"type":"Point","coordinates":[-83.35391,34.69922]}},{"type":"Feature","properties":{"name":"Maine","abbr":"ME","iso":null,"kind":"state","scope":"us","isUSA":false,"state":"Maine","direction":"N","directionLabel":"north","lat":47.45969,"lng":-69.22442},"geometry":{"type":"Point","coordinates":[-69.22442,47.45969]}},{"type":"Feature","properties":{"name":"Maine","abbr":"ME","iso":null,"kind":"state","scope":"us","isUSA":false,"state":"Maine","direction":"E","directionLabel":"east","lat":44.81742,"lng":-66.94989},"geometry":{"type":"Point","coordinates":[-66.94989,44.81742]}},{"type":"Feature","properties":{"name":"Maine","abbr":"ME","iso":null,"kind":"state","scope":"us","isUSA":false,"state":"Maine","direction":"S","directionLabel":"south","lat":42.97776,"lng":-70.60783},"geometry":{"type":"Point","coordinates":[-70.60783,42.97776]}},{"type":"Feature","properties":{"name":"Maine","abbr":"ME","iso":null,"kind":"state","scope":"us","isUSA":false,"state":"Maine","direction":"W","directionLabel":"west","lat":45.30545,"lng":-71.08392},"geometry":{"type":"Point","coordinates":[-71.08392,45.30545]}},{"type":"Feature","properties":{"name":"Hawaii","abbr":"HI","iso":null,"kind":"state","scope":"us","isUSA":false,"state":"Hawaii","direction":"N","directionLabel":"north","lat":28.40212,"lng":-178.28893},"geometry":{"type":"Point","coordinates":[-178.28893,28.40212]}},{"type":"Feature","properties":{"name":"Hawaii","abbr":"HI","iso":null,"kind":"state","scope":"us","isUSA":false,"state":"Hawaii","direction":"E","directionLabel":"east","lat":19.51604,"lng":-154.80677},"geometry":{"type":"Point","coordinates":[-154.80677,19.51604]}},{"type":"Feature","properties":{"name":"Hawaii","abbr":"HI","iso":null,"kind":"state","scope":"us","isUSA":false,"state":"Hawaii","direction":"S","directionLabel":"south","lat":18.91036,"lng":-155.68279},"geometry":{"type":"Point","coordinates":[-155.68279,18.91036]}},{"type":"Feature","properties":{"name":"Hawaii","abbr":"HI","iso":null,"kind":"state","scope":"us","isUSA":false,"state":"Hawaii","direction":"W","directionLabel":"west","lat":28.38945,"lng":-178.3347},"geometry":{"type":"Point","coordinates":[-178.3347,28.38945]}},{"type":"Feature","properties":{"name":"District of Columbia","abbr":"DC","iso":null,"kind":"district","scope":"us","isUSA":false,"state":"District of Columbia","direction":"N","directionLabel":"north","lat":38.99511,"lng":-77.041},"geometry":{"type":"Point","coordinates":[-77.041,38.99511]}},{"type":"Feature","properties":{"name":"District of Columbia","abbr":"DC","iso":null,"kind":"district","scope":"us","isUSA":false,"state":"District of Columbia","direction":"E","directionLabel":"east","lat":38.89281,"lng":-76.9094},"geometry":{"type":"Point","coordinates":[-76.9094,38.89281]}},{"type":"Feature","properties":{"name":"District of Columbia","abbr":"DC","iso":null,"kind":"district","scope":"us","isUSA":false,"state":"District of Columbia","direction":"S","directionLabel":"south","lat":38.79164,"lng":-77.03901},"geometry":{"type":"Point","coordinates":[-77.03901,38.79164]}},{"type":"Feature","properties":{"name":"District of Columbia","abbr":"DC","iso":null,"kind":"district","scope":"us","isUSA":false,"state":"District of Columbia","direction":"W","directionLabel":"west","lat":38.93434,"lng":-77.11976},"geometry":{"type":"Point","coordinates":[-77.11976,38.93434]}},{"type":"Feature","properties":{"name":"Commonwealth of the Northern Mariana Islands","abbr":"MP","iso":null,"kind":"territory","scope":"us","isUSA":false,"state":"Commonwealth of the Northern Mariana Islands","direction":"N","directionLabel":"north","lat":20.5538,"lng":144.89351},"geometry":{"type":"Point","coordinates":[144.89351,20.5538]}},{"type":"Feature","properties":{"name":"Commonwealth of the Northern Mariana Islands","abbr":"MP","iso":null,"kind":"territory","scope":"us","isUSA":false,"state":"Commonwealth of the Northern Mariana Islands","direction":"E","directionLabel":"east","lat":16.0249,"lng":146.06482},"geometry":{"type":"Point","coordinates":[146.06482,16.0249]}},{"type":"Feature","properties":{"name":"Commonwealth of the Northern Mariana Islands","abbr":"MP","iso":null,"kind":"territory","scope":"us","isUSA":false,"state":"Commonwealth of the Northern Mariana Islands","direction":"S","directionLabel":"south","lat":14.11047,"lng":145.17304},"geometry":{"type":"Point","coordinates":[145.17304,14.11047]}},{"type":"Feature","properties":{"name":"Commonwealth of the Northern Mariana Islands","abbr":"MP","iso":null,"kind":"territory","scope":"us","isUSA":false,"state":"Commonwealth of the Northern Mariana Islands","direction":"W","directionLabel":"west","lat":20.53994,"lng":144.88633},"geometry":{"type":"Point","coordinates":[144.88633,20.53994]}},{"type":"Feature","properties":{"name":"Rhode Island","abbr":"RI","iso":null,"kind":"state","scope":"us","isUSA":false,"state":"Rhode Island","direction":"N","directionLabel":"north","lat":42.0188,"lng":-71.3814},"geometry":{"type":"Point","coordinates":[-71.3814,42.0188]}},{"type":"Feature","properties":{"name":"Rhode Island","abbr":"RI","iso":null,"kind":"state","scope":"us","isUSA":false,"state":"Rhode Island","direction":"E","directionLabel":"east","lat":41.49745,"lng":-71.12057},"geometry":{"type":"Point","coordinates":[-71.12057,41.49745]}},{"type":"Feature","properties":{"name":"Rhode Island","abbr":"RI","iso":null,"kind":"state","scope":"us","isUSA":false,"state":"Rhode Island","direction":"S","directionLabel":"south","lat":41.14634,"lng":-71.5937},"geometry":{"type":"Point","coordinates":[-71.5937,41.14634]}},{"type":"Feature","properties":{"name":"Rhode Island","abbr":"RI","iso":null,"kind":"state","scope":"us","isUSA":false,"state":"Rhode Island","direction":"W","directionLabel":"west","lat":41.30979,"lng":-71.86277},"geometry":{"type":"Point","coordinates":[-71.86277,41.30979]}},{"type":"Feature","properties":{"name":"Nebraska","abbr":"NE","iso":null,"kind":"state","scope":"us","isUSA":false,"state":"Nebraska","direction":"N","directionLabel":"north","lat":43.00171,"lng":-103.96627},"geometry":{"type":"Point","coordinates":[-103.96627,43.00171]}},{"type":"Feature","properties":{"name":"Nebraska","abbr":"NE","iso":null,"kind":"state","scope":"us","isUSA":false,"state":"Nebraska","direction":"E","directionLabel":"east","lat":40,"lng":-95.30829},"geometry":{"type":"Point","coordinates":[-95.30829,40]}},{"type":"Feature","properties":{"name":"Nebraska","abbr":"NE","iso":null,"kind":"state","scope":"us","isUSA":false,"state":"Nebraska","direction":"S","directionLabel":"south","lat":40,"lng":-95.30829},"geometry":{"type":"Point","coordinates":[-95.30829,40]}},{"type":"Feature","properties":{"name":"Nebraska","abbr":"NE","iso":null,"kind":"state","scope":"us","isUSA":false,"state":"Nebraska","direction":"W","directionLabel":"west","lat":41.15726,"lng":-104.05351},"geometry":{"type":"Point","coordinates":[-104.05351,41.15726]}},{"type":"Feature","properties":{"name":"Washington","abbr":"WA","iso":null,"kind":"state","scope":"us","isUSA":false,"state":"Washington","direction":"N","directionLabel":"north","lat":49.00249,"lng":-122.25106},"geometry":{"type":"Point","coordinates":[-122.25106,49.00249]}},{"type":"Feature","properties":{"name":"Washington","abbr":"WA","iso":null,"kind":"state","scope":"us","isUSA":false,"state":"Washington","direction":"E","directionLabel":"east","lat":45.99541,"lng":-116.91599},"geometry":{"type":"Point","coordinates":[-116.91599,45.99541]}},{"type":"Feature","properties":{"name":"Washington","abbr":"WA","iso":null,"kind":"state","scope":"us","isUSA":false,"state":"Washington","direction":"S","directionLabel":"south","lat":45.54354,"lng":-122.2949},"geometry":{"type":"Point","coordinates":[-122.2949,45.54354]}},{"type":"Feature","properties":{"name":"Washington","abbr":"WA","iso":null,"kind":"state","scope":"us","isUSA":false,"state":"Washington","direction":"W","directionLabel":"west","lat":48.17628,"lng":-124.76307},"geometry":{"type":"Point","coordinates":[-124.76307,48.17628]}},{"type":"Feature","properties":{"name":"New Mexico","abbr":"NM","iso":null,"kind":"state","scope":"us","isUSA":false,"state":"New Mexico","direction":"N","directionLabel":"north","lat":37.00023,"lng":-103.15592},"geometry":{"type":"Point","coordinates":[-103.15592,37.00023]}},{"type":"Feature","properties":{"name":"New Mexico","abbr":"NM","iso":null,"kind":"state","scope":"us","isUSA":false,"state":"New Mexico","direction":"E","directionLabel":"east","lat":36.90957,"lng":-103.00196},"geometry":{"type":"Point","coordinates":[-103.00196,36.90957]}},{"type":"Feature","properties":{"name":"New Mexico","abbr":"NM","iso":null,"kind":"state","scope":"us","isUSA":false,"state":"New Mexico","direction":"S","directionLabel":"south","lat":31.3323,"lng":-108.85111},"geometry":{"type":"Point","coordinates":[-108.85111,31.3323]}},{"type":"Feature","properties":{"name":"New Mexico","abbr":"NM","iso":null,"kind":"state","scope":"us","isUSA":false,"state":"New Mexico","direction":"W","directionLabel":"west","lat":31.48,"lng":-109.05017},"geometry":{"type":"Point","coordinates":[-109.05017,31.48]}},{"type":"Feature","properties":{"name":"Puerto Rico","abbr":"PR","iso":null,"kind":"territory","scope":"us","isUSA":false,"state":"Puerto Rico","direction":"N","directionLabel":"north","lat":18.51568,"lng":-67.08979},"geometry":{"type":"Point","coordinates":[-67.08979,18.51568]}},{"type":"Feature","properties":{"name":"Puerto Rico","abbr":"PR","iso":null,"kind":"territory","scope":"us","isUSA":false,"state":"Puerto Rico","direction":"E","directionLabel":"east","lat":18.31208,"lng":-65.2207},"geometry":{"type":"Point","coordinates":[-65.2207,18.31208]}},{"type":"Feature","properties":{"name":"Puerto Rico","abbr":"PR","iso":null,"kind":"territory","scope":"us","isUSA":false,"state":"Puerto Rico","direction":"S","directionLabel":"south","lat":17.88328,"lng":-66.52824},"geometry":{"type":"Point","coordinates":[-66.52824,17.88328]}},{"type":"Feature","properties":{"name":"Puerto Rico","abbr":"PR","iso":null,"kind":"territory","scope":"us","isUSA":false,"state":"Puerto Rico","direction":"W","directionLabel":"west","lat":18.08267,"lng":-67.9454},"geometry":{"type":"Point","coordinates":[-67.9454,18.08267]}},{"type":"Feature","properties":{"name":"South Dakota","abbr":"SD","iso":null,"kind":"state","scope":"us","isUSA":false,"state":"South Dakota","direction":"N","directionLabel":"north","lat":45.94545,"lng":-102.65162},"geometry":{"type":"Point","coordinates":[-102.65162,45.94545]}},{"type":"Feature","properties":{"name":"South Dakota","abbr":"SD","iso":null,"kind":"state","scope":"us","isUSA":false,"state":"South Dakota","direction":"E","directionLabel":"east","lat":43.12084,"lng":-96.43659},"geometry":{"type":"Point","coordinates":[-96.43659,43.12084]}},{"type":"Feature","properties":{"name":"South Dakota","abbr":"SD","iso":null,"kind":"state","scope":"us","isUSA":false,"state":"South Dakota","direction":"S","directionLabel":"south","lat":42.47964,"lng":-96.47879},"geometry":{"type":"Point","coordinates":[-96.47879,42.47964]}},{"type":"Feature","properties":{"name":"South Dakota","abbr":"SD","iso":null,"kind":"state","scope":"us","isUSA":false,"state":"South Dakota","direction":"W","directionLabel":"west","lat":44.99761,"lng":-104.05788},"geometry":{"type":"Point","coordinates":[-104.05788,44.99761]}},{"type":"Feature","properties":{"name":"Texas","abbr":"TX","iso":null,"kind":"state","scope":"us","isUSA":false,"state":"Texas","direction":"N","directionLabel":"north","lat":36.5007,"lng":-102.24499},"geometry":{"type":"Point","coordinates":[-102.24499,36.5007]}},{"type":"Feature","properties":{"name":"Texas","abbr":"TX","iso":null,"kind":"state","scope":"us","isUSA":false,"state":"Texas","direction":"E","directionLabel":"east","lat":31.03235,"lng":-93.50829},"geometry":{"type":"Point","coordinates":[-93.50829,31.03235]}},{"type":"Feature","properties":{"name":"Texas","abbr":"TX","iso":null,"kind":"state","scope":"us","isUSA":false,"state":"Texas","direction":"S","directionLabel":"south","lat":25.83738,"lng":-97.39451},"geometry":{"type":"Point","coordinates":[-97.39451,25.83738]}},{"type":"Feature","properties":{"name":"Texas","abbr":"TX","iso":null,"kind":"state","scope":"us","isUSA":false,"state":"Texas","direction":"W","directionLabel":"west","lat":31.89565,"lng":-106.64565},"geometry":{"type":"Point","coordinates":[-106.64565,31.89565]}},{"type":"Feature","properties":{"name":"California","abbr":"CA","iso":null,"kind":"state","scope":"us","isUSA":false,"state":"California","direction":"N","directionLabel":"north","lat":42.00948,"lng":-122.37851},"geometry":{"type":"Point","coordinates":[-122.37851,42.00948]}},{"type":"Feature","properties":{"name":"California","abbr":"CA","iso":null,"kind":"state","scope":"us","isUSA":false,"state":"California","direction":"E","directionLabel":"east","lat":34.26273,"lng":-114.13121},"geometry":{"type":"Point","coordinates":[-114.13121,34.26273]}},{"type":"Feature","properties":{"name":"California","abbr":"CA","iso":null,"kind":"state","scope":"us","isUSA":false,"state":"California","direction":"S","directionLabel":"south","lat":32.53416,"lng":-117.12486},"geometry":{"type":"Point","coordinates":[-117.12486,32.53416]}},{"type":"Feature","properties":{"name":"California","abbr":"CA","iso":null,"kind":"state","scope":"us","isUSA":false,"state":"California","direction":"W","directionLabel":"west","lat":40.43808,"lng":-124.40959},"geometry":{"type":"Point","coordinates":[-124.40959,40.43808]}},{"type":"Feature","properties":{"name":"Alabama","abbr":"AL","iso":null,"kind":"state","scope":"us","isUSA":false,"state":"Alabama","direction":"N","directionLabel":"north","lat":35.00803,"lng":-88.20296},"geometry":{"type":"Point","coordinates":[-88.20296,35.00803]}},{"type":"Feature","properties":{"name":"Alabama","abbr":"AL","iso":null,"kind":"state","scope":"us","isUSA":false,"state":"Alabama","direction":"E","directionLabel":"east","lat":32.26091,"lng":-84.88908},"geometry":{"type":"Point","coordinates":[-84.88908,32.26091]}},{"type":"Feature","properties":{"name":"Alabama","abbr":"AL","iso":null,"kind":"state","scope":"us","isUSA":false,"state":"Alabama","direction":"S","directionLabel":"south","lat":30.22333,"lng":-88.02136},"geometry":{"type":"Point","coordinates":[-88.02136,30.22333]}},{"type":"Feature","properties":{"name":"Alabama","abbr":"AL","iso":null,"kind":"state","scope":"us","isUSA":false,"state":"Alabama","direction":"W","directionLabel":"west","lat":31.89386,"lng":-88.47323},"geometry":{"type":"Point","coordinates":[-88.47323,31.89386]}},{"type":"Feature","properties":{"name":"Georgia","abbr":"GA","iso":null,"kind":"state","scope":"us","isUSA":false,"state":"Georgia","direction":"N","directionLabel":"north","lat":35.00066,"lng":-83.10861},"geometry":{"type":"Point","coordinates":[-83.10861,35.00066]}},{"type":"Feature","properties":{"name":"Georgia","abbr":"GA","iso":null,"kind":"state","scope":"us","isUSA":false,"state":"Georgia","direction":"E","directionLabel":"east","lat":32.01152,"lng":-80.83973},"geometry":{"type":"Point","coordinates":[-80.83973,32.01152]}},{"type":"Feature","properties":{"name":"Georgia","abbr":"GA","iso":null,"kind":"state","scope":"us","isUSA":false,"state":"Georgia","direction":"S","directionLabel":"south","lat":30.35785,"lng":-82.16176},"geometry":{"type":"Point","coordinates":[-82.16176,30.35785]}},{"type":"Feature","properties":{"name":"Georgia","abbr":"GA","iso":null,"kind":"state","scope":"us","isUSA":false,"state":"Georgia","direction":"W","directionLabel":"west","lat":34.98468,"lng":-85.60516},"geometry":{"type":"Point","coordinates":[-85.60516,34.98468]}},{"type":"Feature","properties":{"name":"Arkansas","abbr":"AR","iso":null,"kind":"state","scope":"us","isUSA":false,"state":"Arkansas","direction":"N","directionLabel":"north","lat":36.4996,"lng":-94.3612},"geometry":{"type":"Point","coordinates":[-94.3612,36.4996]}},{"type":"Feature","properties":{"name":"Arkansas","abbr":"AR","iso":null,"kind":"state","scope":"us","isUSA":false,"state":"Arkansas","direction":"E","directionLabel":"east","lat":35.89478,"lng":-89.6444},"geometry":{"type":"Point","coordinates":[-89.6444,35.89478]}},{"type":"Feature","properties":{"name":"Arkansas","abbr":"AR","iso":null,"kind":"state","scope":"us","isUSA":false,"state":"Arkansas","direction":"S","directionLabel":"south","lat":33.00411,"lng":-91.16607},"geometry":{"type":"Point","coordinates":[-91.16607,33.00411]}},{"type":"Feature","properties":{"name":"Arkansas","abbr":"AR","iso":null,"kind":"state","scope":"us","isUSA":false,"state":"Arkansas","direction":"W","directionLabel":"west","lat":36.49941,"lng":-94.61792},"geometry":{"type":"Point","coordinates":[-94.61792,36.49941]}},{"type":"Feature","properties":{"name":"Pennsylvania","abbr":"PA","iso":null,"kind":"state","scope":"us","isUSA":false,"state":"Pennsylvania","direction":"N","directionLabel":"north","lat":42.26986,"lng":-79.76195},"geometry":{"type":"Point","coordinates":[-79.76195,42.26986]}},{"type":"Feature","properties":{"name":"Pennsylvania","abbr":"PA","iso":null,"kind":"state","scope":"us","isUSA":false,"state":"Pennsylvania","direction":"E","directionLabel":"east","lat":41.36384,"lng":-74.68952},"geometry":{"type":"Point","coordinates":[-74.68952,41.36384]}},{"type":"Feature","properties":{"name":"Pennsylvania","abbr":"PA","iso":null,"kind":"state","scope":"us","isUSA":false,"state":"Pennsylvania","direction":"S","directionLabel":"south","lat":39.7198,"lng":-76.9909},"geometry":{"type":"Point","coordinates":[-76.9909,39.7198]}},{"type":"Feature","properties":{"name":"Pennsylvania","abbr":"PA","iso":null,"kind":"state","scope":"us","isUSA":false,"state":"Pennsylvania","direction":"W","directionLabel":"west","lat":40.90666,"lng":-80.51989},"geometry":{"type":"Point","coordinates":[-80.51989,40.90666]}},{"type":"Feature","properties":{"name":"Missouri","abbr":"MO","iso":null,"kind":"state","scope":"us","isUSA":false,"state":"Missouri","direction":"N","directionLabel":"north","lat":40.61364,"lng":-91.72911},"geometry":{"type":"Point","coordinates":[-91.72911,40.61364]}},{"type":"Feature","properties":{"name":"Missouri","abbr":"MO","iso":null,"kind":"state","scope":"us","isUSA":false,"state":"Missouri","direction":"E","directionLabel":"east","lat":36.95785,"lng":-89.09884},"geometry":{"type":"Point","coordinates":[-89.09884,36.95785]}},{"type":"Feature","properties":{"name":"Missouri","abbr":"MO","iso":null,"kind":"state","scope":"us","isUSA":false,"state":"Missouri","direction":"S","directionLabel":"south","lat":35.99568,"lng":-90.37789},"geometry":{"type":"Point","coordinates":[-90.37789,35.99568]}},{"type":"Feature","properties":{"name":"Missouri","abbr":"MO","iso":null,"kind":"state","scope":"us","isUSA":false,"state":"Missouri","direction":"W","directionLabel":"west","lat":40.57357,"lng":-95.7747},"geometry":{"type":"Point","coordinates":[-95.7747,40.57357]}},{"type":"Feature","properties":{"name":"Utah","abbr":"UT","iso":null,"kind":"state","scope":"us","isUSA":false,"state":"Utah","direction":"N","directionLabel":"north","lat":42.0017,"lng":-111.04671},"geometry":{"type":"Point","coordinates":[-111.04671,42.0017]}},{"type":"Feature","properties":{"name":"Utah","abbr":"UT","iso":null,"kind":"state","scope":"us","isUSA":false,"state":"Utah","direction":"E","directionLabel":"east","lat":37.90724,"lng":-109.04106},"geometry":{"type":"Point","coordinates":[-109.04106,37.90724]}},{"type":"Feature","properties":{"name":"Utah","abbr":"UT","iso":null,"kind":"state","scope":"us","isUSA":false,"state":"Utah","direction":"S","directionLabel":"south","lat":36.99797,"lng":-110.00068},"geometry":{"type":"Point","coordinates":[-110.00068,36.99797]}},{"type":"Feature","properties":{"name":"Utah","abbr":"UT","iso":null,"kind":"state","scope":"us","isUSA":false,"state":"Utah","direction":"W","directionLabel":"west","lat":37.59278,"lng":-114.05296},"geometry":{"type":"Point","coordinates":[-114.05296,37.59278]}},{"type":"Feature","properties":{"name":"Oklahoma","abbr":"OK","iso":null,"kind":"state","scope":"us","isUSA":false,"state":"Oklahoma","direction":"N","directionLabel":"north","lat":37.00221,"lng":-100.11572},"geometry":{"type":"Point","coordinates":[-100.11572,37.00221]}},{"type":"Feature","properties":{"name":"Oklahoma","abbr":"OK","iso":null,"kind":"state","scope":"us","isUSA":false,"state":"Oklahoma","direction":"E","directionLabel":"east","lat":35.39248,"lng":-94.43066},"geometry":{"type":"Point","coordinates":[-94.43066,35.39248]}},{"type":"Feature","properties":{"name":"Oklahoma","abbr":"OK","iso":null,"kind":"state","scope":"us","isUSA":false,"state":"Oklahoma","direction":"S","directionLabel":"south","lat":33.61583,"lng":-94.52738},"geometry":{"type":"Point","coordinates":[-94.52738,33.61583]}},{"type":"Feature","properties":{"name":"Oklahoma","abbr":"OK","iso":null,"kind":"state","scope":"us","isUSA":false,"state":"Oklahoma","direction":"W","directionLabel":"west","lat":36.52659,"lng":-103.00257},"geometry":{"type":"Point","coordinates":[-103.00257,36.52659]}},{"type":"Feature","properties":{"name":"Tennessee","abbr":"TN","iso":null,"kind":"state","scope":"us","isUSA":false,"state":"Tennessee","direction":"N","directionLabel":"north","lat":36.67812,"lng":-88.07053},"geometry":{"type":"Point","coordinates":[-88.07053,36.67812]}},{"type":"Feature","properties":{"name":"Tennessee","abbr":"TN","iso":null,"kind":"state","scope":"us","isUSA":false,"state":"Tennessee","direction":"E","directionLabel":"east","lat":36.61192,"lng":-81.6469},"geometry":{"type":"Point","coordinates":[-81.6469,36.61192]}},{"type":"Feature","properties":{"name":"Tennessee","abbr":"TN","iso":null,"kind":"state","scope":"us","isUSA":false,"state":"Tennessee","direction":"S","directionLabel":"south","lat":34.98297,"lng":-85.46671},"geometry":{"type":"Point","coordinates":[-85.46671,34.98297]}},{"type":"Feature","properties":{"name":"Tennessee","abbr":"TN","iso":null,"kind":"state","scope":"us","isUSA":false,"state":"Tennessee","direction":"W","directionLabel":"west","lat":35.00429,"lng":-90.3103},"geometry":{"type":"Point","coordinates":[-90.3103,35.00429]}},{"type":"Feature","properties":{"name":"Wyoming","abbr":"WY","iso":null,"kind":"state","scope":"us","isUSA":false,"state":"Wyoming","direction":"N","directionLabel":"north","lat":45.00581,"lng":-109.10323},"geometry":{"type":"Point","coordinates":[-109.10323,45.00581]}},{"type":"Feature","properties":{"name":"Wyoming","abbr":"WY","iso":null,"kind":"state","scope":"us","isUSA":false,"state":"Wyoming","direction":"E","directionLabel":"east","lat":41.40766,"lng":-104.05216},"geometry":{"type":"Point","coordinates":[-104.05216,41.40766]}},{"type":"Feature","properties":{"name":"Wyoming","abbr":"WY","iso":null,"kind":"state","scope":"us","isUSA":false,"state":"Wyoming","direction":"S","directionLabel":"south","lat":40.99475,"lng":-110.50072},"geometry":{"type":"Point","coordinates":[-110.50072,40.99475]}},{"type":"Feature","properties":{"name":"Wyoming","abbr":"WY","iso":null,"kind":"state","scope":"us","isUSA":false,"state":"Wyoming","direction":"W","directionLabel":"west","lat":45.00095,"lng":-111.05456},"geometry":{"type":"Point","coordinates":[-111.05456,45.00095]}},{"type":"Feature","properties":{"name":"Indiana","abbr":"IN","iso":null,"kind":"state","scope":"us","isUSA":false,"state":"Indiana","direction":"N","directionLabel":"north","lat":41.76059,"lng":-86.12784},"geometry":{"type":"Point","coordinates":[-86.12784,41.76059]}},{"type":"Feature","properties":{"name":"Indiana","abbr":"IN","iso":null,"kind":"state","scope":"us","isUSA":false,"state":"Indiana","direction":"E","directionLabel":"east","lat":38.87532,"lng":-84.78458},"geometry":{"type":"Point","coordinates":[-84.78458,38.87532]}},{"type":"Feature","properties":{"name":"Indiana","abbr":"IN","iso":null,"kind":"state","scope":"us","isUSA":false,"state":"Indiana","direction":"S","directionLabel":"south","lat":37.77174,"lng":-87.95259},"geometry":{"type":"Point","coordinates":[-87.95259,37.77174]}},{"type":"Feature","properties":{"name":"Indiana","abbr":"IN","iso":null,"kind":"state","scope":"us","isUSA":false,"state":"Indiana","direction":"W","directionLabel":"west","lat":37.90152,"lng":-88.09789},"geometry":{"type":"Point","coordinates":[-88.09789,37.90152]}},{"type":"Feature","properties":{"name":"Kansas","abbr":"KS","iso":null,"kind":"state","scope":"us","isUSA":false,"state":"Kansas","direction":"N","directionLabel":"north","lat":40.00316,"lng":-101.90418},"geometry":{"type":"Point","coordinates":[-101.90418,40.00316]}},{"type":"Feature","properties":{"name":"Kansas","abbr":"KS","iso":null,"kind":"state","scope":"us","isUSA":false,"state":"Kansas","direction":"E","directionLabel":"east","lat":39.14987,"lng":-94.58841},"geometry":{"type":"Point","coordinates":[-94.58841,39.14987]}},{"type":"Feature","properties":{"name":"Kansas","abbr":"KS","iso":null,"kind":"state","scope":"us","isUSA":false,"state":"Kansas","direction":"S","directionLabel":"south","lat":36.99302,"lng":-102.04209},"geometry":{"type":"Point","coordinates":[-102.04209,36.99302]}},{"type":"Feature","properties":{"name":"Kansas","abbr":"KS","iso":null,"kind":"state","scope":"us","isUSA":false,"state":"Kansas","direction":"W","directionLabel":"west","lat":40.00308,"lng":-102.05174},"geometry":{"type":"Point","coordinates":[-102.05174,40.00308]}},{"type":"Feature","properties":{"name":"Idaho","abbr":"ID","iso":null,"kind":"state","scope":"us","isUSA":false,"state":"Idaho","direction":"N","directionLabel":"north","lat":49.00091,"lng":-116.04942},"geometry":{"type":"Point","coordinates":[-116.04942,49.00091]}},{"type":"Feature","properties":{"name":"Idaho","abbr":"ID","iso":null,"kind":"state","scope":"us","isUSA":false,"state":"Idaho","direction":"E","directionLabel":"east","lat":42.72262,"lng":-111.04356},"geometry":{"type":"Point","coordinates":[-111.04356,42.72262]}},{"type":"Feature","properties":{"name":"Idaho","abbr":"ID","iso":null,"kind":"state","scope":"us","isUSA":false,"state":"Idaho","direction":"S","directionLabel":"south","lat":41.98821,"lng":-113.86773},"geometry":{"type":"Point","coordinates":[-113.86773,41.98821]}},{"type":"Feature","properties":{"name":"Idaho","abbr":"ID","iso":null,"kind":"state","scope":"us","isUSA":false,"state":"Idaho","direction":"W","directionLabel":"west","lat":44.39097,"lng":-117.24303},"geometry":{"type":"Point","coordinates":[-117.24303,44.39097]}},{"type":"Feature","properties":{"name":"Alaska","abbr":"AK","iso":null,"kind":"state","scope":"us","isUSA":false,"state":"Alaska","direction":"N","directionLabel":"north","lat":71.36516,"lng":-156.34563},"geometry":{"type":"Point","coordinates":[-156.34563,71.36516]}},{"type":"Feature","properties":{"name":"Alaska","abbr":"AK","iso":null,"kind":"state","scope":"us","isUSA":false,"state":"Alaska","direction":"E","directionLabel":"east","lat":55.28192,"lng":-129.97417},"geometry":{"type":"Point","coordinates":[-129.97417,55.28192]}},{"type":"Feature","properties":{"name":"Alaska","abbr":"AK","iso":null,"kind":"state","scope":"us","isUSA":false,"state":"Alaska","direction":"S","directionLabel":"south","lat":51.21418,"lng":-179.13025},"geometry":{"type":"Point","coordinates":[-179.13025,51.21418]}},{"type":"Feature","properties":{"name":"Alaska","abbr":"AK","iso":null,"kind":"state","scope":"us","isUSA":false,"state":"Alaska","direction":"W","directionLabel":"west","lat":52.92716,"lng":172.46167},"geometry":{"type":"Point","coordinates":[172.46167,52.92716]}},{"type":"Feature","properties":{"name":"Nevada","abbr":"NV","iso":null,"kind":"state","scope":"us","isUSA":false,"state":"Nevada","direction":"N","directionLabel":"north","lat":42.00221,"lng":-114.83108},"geometry":{"type":"Point","coordinates":[-114.83108,42.00221]}},{"type":"Feature","properties":{"name":"Nevada","abbr":"NV","iso":null,"kind":"state","scope":"us","isUSA":false,"state":"Nevada","direction":"E","directionLabel":"east","lat":41.88482,"lng":-114.03965},"geometry":{"type":"Point","coordinates":[-114.03965,41.88482]}},{"type":"Feature","properties":{"name":"Nevada","abbr":"NV","iso":null,"kind":"state","scope":"us","isUSA":false,"state":"Nevada","direction":"S","directionLabel":"south","lat":35.00186,"lng":-114.63349},"geometry":{"type":"Point","coordinates":[-114.63349,35.00186]}},{"type":"Feature","properties":{"name":"Nevada","abbr":"NV","iso":null,"kind":"state","scope":"us","isUSA":false,"state":"Nevada","direction":"W","directionLabel":"west","lat":39.22521,"lng":-120.00575},"geometry":{"type":"Point","coordinates":[-120.00575,39.22521]}},{"type":"Feature","properties":{"name":"Illinois","abbr":"IL","iso":null,"kind":"state","scope":"us","isUSA":false,"state":"Illinois","direction":"N","directionLabel":"north","lat":42.50848,"lng":-90.64284},"geometry":{"type":"Point","coordinates":[-90.64284,42.50848]}},{"type":"Feature","properties":{"name":"Illinois","abbr":"IL","iso":null,"kind":"state","scope":"us","isUSA":false,"state":"Illinois","direction":"E","directionLabel":"east","lat":38.78198,"lng":-87.4952},"geometry":{"type":"Point","coordinates":[-87.4952,38.78198]}},{"type":"Feature","properties":{"name":"Illinois","abbr":"IL","iso":null,"kind":"state","scope":"us","isUSA":false,"state":"Illinois","direction":"S","directionLabel":"south","lat":36.9703,"lng":-89.17001},"geometry":{"type":"Point","coordinates":[-89.17001,36.9703]}},{"type":"Feature","properties":{"name":"Illinois","abbr":"IL","iso":null,"kind":"state","scope":"us","isUSA":false,"state":"Illinois","direction":"W","directionLabel":"west","lat":40.17854,"lng":-91.51308},"geometry":{"type":"Point","coordinates":[-91.51308,40.17854]}},{"type":"Feature","properties":{"name":"Vermont","abbr":"VT","iso":null,"kind":"state","scope":"us","isUSA":false,"state":"Vermont","direction":"N","directionLabel":"north","lat":45.01666,"lng":-72.84563},"geometry":{"type":"Point","coordinates":[-72.84563,45.01666]}},{"type":"Feature","properties":{"name":"Vermont","abbr":"VT","iso":null,"kind":"state","scope":"us","isUSA":false,"state":"Vermont","direction":"E","directionLabel":"east","lat":45.01364,"lng":-71.46455},"geometry":{"type":"Point","coordinates":[-71.46455,45.01364]}},{"type":"Feature","properties":{"name":"Vermont","abbr":"VT","iso":null,"kind":"state","scope":"us","isUSA":false,"state":"Vermont","direction":"S","directionLabel":"south","lat":42.72685,"lng":-72.45852},"geometry":{"type":"Point","coordinates":[-72.45852,42.72685]}},{"type":"Feature","properties":{"name":"Vermont","abbr":"VT","iso":null,"kind":"state","scope":"us","isUSA":false,"state":"Vermont","direction":"W","directionLabel":"west","lat":44.04501,"lng":-73.43774},"geometry":{"type":"Point","coordinates":[-73.43774,44.04501]}},{"type":"Feature","properties":{"name":"Connecticut","abbr":"CT","iso":null,"kind":"state","scope":"us","isUSA":false,"state":"Connecticut","direction":"N","directionLabel":"north","lat":42.05059,"lng":-73.43281},"geometry":{"type":"Point","coordinates":[-73.43281,42.05059]}},{"type":"Feature","properties":{"name":"Connecticut","abbr":"CT","iso":null,"kind":"state","scope":"us","isUSA":false,"state":"Connecticut","direction":"E","directionLabel":"east","lat":41.65599,"lng":-71.78699},"geometry":{"type":"Point","coordinates":[-71.78699,41.65599]}},{"type":"Feature","properties":{"name":"Connecticut","abbr":"CT","iso":null,"kind":"state","scope":"us","isUSA":false,"state":"Connecticut","direction":"S","directionLabel":"south","lat":40.98014,"lng":-73.63008},"geometry":{"type":"Point","coordinates":[-73.63008,40.98014]}},{"type":"Feature","properties":{"name":"Connecticut","abbr":"CT","iso":null,"kind":"state","scope":"us","isUSA":false,"state":"Connecticut","direction":"W","directionLabel":"west","lat":41.1007,"lng":-73.72777},"geometry":{"type":"Point","coordinates":[-73.72777,41.1007]}},{"type":"Feature","properties":{"name":"New Jersey","abbr":"NJ","iso":null,"kind":"state","scope":"us","isUSA":false,"state":"New Jersey","direction":"N","directionLabel":"north","lat":41.35742,"lng":-74.69491},"geometry":{"type":"Point","coordinates":[-74.69491,41.35742]}},{"type":"Feature","properties":{"name":"New Jersey","abbr":"NJ","iso":null,"kind":"state","scope":"us","isUSA":false,"state":"New Jersey","direction":"E","directionLabel":"east","lat":40.9972,"lng":-73.89398},"geometry":{"type":"Point","coordinates":[-73.89398,40.9972]}},{"type":"Feature","properties":{"name":"New Jersey","abbr":"NJ","iso":null,"kind":"state","scope":"us","isUSA":false,"state":"New Jersey","direction":"S","directionLabel":"south","lat":38.92852,"lng":-74.93357},"geometry":{"type":"Point","coordinates":[-74.93357,38.92852]}},{"type":"Feature","properties":{"name":"New Jersey","abbr":"NJ","iso":null,"kind":"state","scope":"us","isUSA":false,"state":"New Jersey","direction":"W","directionLabel":"west","lat":39.62421,"lng":-75.55961},"geometry":{"type":"Point","coordinates":[-75.55961,39.62421]}},{"type":"Feature","properties":{"name":"North Dakota","abbr":"ND","iso":null,"kind":"state","scope":"us","isUSA":false,"state":"North Dakota","direction":"N","directionLabel":"north","lat":49.00057,"lng":-97.77575},"geometry":{"type":"Point","coordinates":[-97.77575,49.00057]}},{"type":"Feature","properties":{"name":"North Dakota","abbr":"ND","iso":null,"kind":"state","scope":"us","isUSA":false,"state":"North Dakota","direction":"E","directionLabel":"east","lat":46.08398,"lng":-96.55451},"geometry":{"type":"Point","coordinates":[-96.55451,46.08398]}},{"type":"Feature","properties":{"name":"North Dakota","abbr":"ND","iso":null,"kind":"state","scope":"us","isUSA":false,"state":"North Dakota","direction":"S","directionLabel":"south","lat":45.93505,"lng":-97.3189},"geometry":{"type":"Point","coordinates":[-97.3189,45.93505]}},{"type":"Feature","properties":{"name":"North Dakota","abbr":"ND","iso":null,"kind":"state","scope":"us","isUSA":false,"state":"North Dakota","direction":"W","directionLabel":"west","lat":48.84739,"lng":-104.0489},"geometry":{"type":"Point","coordinates":[-104.0489,48.84739]}},{"type":"Feature","properties":{"name":"Iowa","abbr":"IA","iso":null,"kind":"state","scope":"us","isUSA":false,"state":"Iowa","direction":"N","directionLabel":"north","lat":43.5012,"lng":-95.24484},"geometry":{"type":"Point","coordinates":[-95.24484,43.5012]}},{"type":"Feature","properties":{"name":"Iowa","abbr":"IA","iso":null,"kind":"state","scope":"us","isUSA":false,"state":"Iowa","direction":"E","directionLabel":"east","lat":42.00325,"lng":-90.14006},"geometry":{"type":"Point","coordinates":[-90.14006,42.00325]}},{"type":"Feature","properties":{"name":"Iowa","abbr":"IA","iso":null,"kind":"state","scope":"us","isUSA":false,"state":"Iowa","direction":"S","directionLabel":"south","lat":40.3755,"lng":-91.45246},"geometry":{"type":"Point","coordinates":[-91.45246,40.3755]}},{"type":"Feature","properties":{"name":"Iowa","abbr":"IA","iso":null,"kind":"state","scope":"us","isUSA":false,"state":"Iowa","direction":"W","directionLabel":"west","lat":42.73707,"lng":-96.6397},"geometry":{"type":"Point","coordinates":[-96.6397,42.73707]}},{"type":"Feature","properties":{"name":"New Hampshire","abbr":"NH","iso":null,"kind":"state","scope":"us","isUSA":false,"state":"New Hampshire","direction":"N","directionLabel":"north","lat":45.30548,"lng":-71.08556},"geometry":{"type":"Point","coordinates":[-71.08556,45.30548]}},{"type":"Feature","properties":{"name":"New Hampshire","abbr":"NH","iso":null,"kind":"state","scope":"us","isUSA":false,"state":"New Hampshire","direction":"E","directionLabel":"east","lat":42.97641,"lng":-70.61062},"geometry":{"type":"Point","coordinates":[-70.61062,42.97641]}},{"type":"Feature","properties":{"name":"New Hampshire","abbr":"NH","iso":null,"kind":"state","scope":"us","isUSA":false,"state":"New Hampshire","direction":"S","directionLabel":"south","lat":42.69699,"lng":-71.2942},"geometry":{"type":"Point","coordinates":[-71.2942,42.69699]}},{"type":"Feature","properties":{"name":"New Hampshire","abbr":"NH","iso":null,"kind":"state","scope":"us","isUSA":false,"state":"New Hampshire","direction":"W","directionLabel":"west","lat":42.85302,"lng":-72.55725},"geometry":{"type":"Point","coordinates":[-72.55725,42.85302]}},{"type":"Feature","properties":{"name":"Arizona","abbr":"AZ","iso":null,"kind":"state","scope":"us","isUSA":false,"state":"Arizona","direction":"N","directionLabel":"north","lat":37.00426,"lng":-110.50069},"geometry":{"type":"Point","coordinates":[-110.50069,37.00426]}},{"type":"Feature","properties":{"name":"Arizona","abbr":"AZ","iso":null,"kind":"state","scope":"us","isUSA":false,"state":"Arizona","direction":"E","directionLabel":"east","lat":36.99908,"lng":-109.04522},"geometry":{"type":"Point","coordinates":[-109.04522,36.99908]}},{"type":"Feature","properties":{"name":"Arizona","abbr":"AZ","iso":null,"kind":"state","scope":"us","isUSA":false,"state":"Arizona","direction":"S","directionLabel":"south","lat":31.33218,"lng":-111.00064},"geometry":{"type":"Point","coordinates":[-111.00064,31.33218]}},{"type":"Feature","properties":{"name":"Arizona","abbr":"AZ","iso":null,"kind":"state","scope":"us","isUSA":false,"state":"Arizona","direction":"W","directionLabel":"west","lat":32.50696,"lng":-114.81651},"geometry":{"type":"Point","coordinates":[-114.81651,32.50696]}},{"type":"Feature","properties":{"name":"Delaware","abbr":"DE","iso":null,"kind":"state","scope":"us","isUSA":false,"state":"Delaware","direction":"N","directionLabel":"north","lat":39.83901,"lng":-75.57046},"geometry":{"type":"Point","coordinates":[-75.57046,39.83901]}},{"type":"Feature","properties":{"name":"Delaware","abbr":"DE","iso":null,"kind":"state","scope":"us","isUSA":false,"state":"Delaware","direction":"E","directionLabel":"east","lat":38.45126,"lng":-75.04894},"geometry":{"type":"Point","coordinates":[-75.04894,38.45126]}},{"type":"Feature","properties":{"name":"Delaware","abbr":"DE","iso":null,"kind":"state","scope":"us","isUSA":false,"state":"Delaware","direction":"S","directionLabel":"south","lat":38.45101,"lng":-75.18541},"geometry":{"type":"Point","coordinates":[-75.18541,38.45101]}},{"type":"Feature","properties":{"name":"Delaware","abbr":"DE","iso":null,"kind":"state","scope":"us","isUSA":false,"state":"Delaware","direction":"W","directionLabel":"west","lat":39.68191,"lng":-75.78866},"geometry":{"type":"Point","coordinates":[-75.78866,39.68191]}},{"type":"Feature","properties":{"name":"Guam","abbr":"GU","iso":null,"kind":"territory","scope":"us","isUSA":false,"state":"Guam","direction":"N","directionLabel":"north","lat":13.65438,"lng":144.85977},"geometry":{"type":"Point","coordinates":[144.85977,13.65438]}},{"type":"Feature","properties":{"name":"Guam","abbr":"GU","iso":null,"kind":"territory","scope":"us","isUSA":false,"state":"Guam","direction":"E","directionLabel":"east","lat":13.59817,"lng":144.95671},"geometry":{"type":"Point","coordinates":[144.95671,13.59817]}},{"type":"Feature","properties":{"name":"Guam","abbr":"GU","iso":null,"kind":"territory","scope":"us","isUSA":false,"state":"Guam","direction":"S","directionLabel":"south","lat":13.23419,"lng":144.64669},"geometry":{"type":"Point","coordinates":[144.64669,13.23419]}},{"type":"Feature","properties":{"name":"Guam","abbr":"GU","iso":null,"kind":"territory","scope":"us","isUSA":false,"state":"Guam","direction":"W","directionLabel":"west","lat":13.44781,"lng":144.61807},"geometry":{"type":"Point","coordinates":[144.61807,13.44781]}},{"type":"Feature","properties":{"name":"American Samoa","abbr":"AS","iso":null,"kind":"territory","scope":"us","isUSA":false,"state":"American Samoa","direction":"N","directionLabel":"north","lat":-11.04693,"lng":-171.07363},"geometry":{"type":"Point","coordinates":[-171.07363,-11.04693]}},{"type":"Feature","properties":{"name":"American Samoa","abbr":"AS","iso":null,"kind":"territory","scope":"us","isUSA":false,"state":"American Samoa","direction":"E","directionLabel":"east","lat":-14.54737,"lng":-168.1433},"geometry":{"type":"Point","coordinates":[-168.1433,-14.54737]}},{"type":"Feature","properties":{"name":"American Samoa","abbr":"AS","iso":null,"kind":"territory","scope":"us","isUSA":false,"state":"American Samoa","direction":"S","directionLabel":"south","lat":-14.5487,"lng":-168.1449},"geometry":{"type":"Point","coordinates":[-168.1449,-14.5487]}},{"type":"Feature","properties":{"name":"American Samoa","abbr":"AS","iso":null,"kind":"territory","scope":"us","isUSA":false,"state":"American Samoa","direction":"W","directionLabel":"west","lat":-11.05259,"lng":-171.08987},"geometry":{"type":"Point","coordinates":[-171.08987,-11.05259]}},{"type":"Feature","properties":{"name":"Kentucky","abbr":"KY","iso":null,"kind":"state","scope":"us","isUSA":false,"state":"Kentucky","direction":"N","directionLabel":"north","lat":39.14746,"lng":-84.74415},"geometry":{"type":"Point","coordinates":[-84.74415,39.14746]}},{"type":"Feature","properties":{"name":"Kentucky","abbr":"KY","iso":null,"kind":"state","scope":"us","isUSA":false,"state":"Kentucky","direction":"E","directionLabel":"east","lat":37.54303,"lng":-81.96497},"geometry":{"type":"Point","coordinates":[-81.96497,37.54303]}},{"type":"Feature","properties":{"name":"Kentucky","abbr":"KY","iso":null,"kind":"state","scope":"us","isUSA":false,"state":"Kentucky","direction":"S","directionLabel":"south","lat":36.49713,"lng":-88.0532},"geometry":{"type":"Point","coordinates":[-88.0532,36.49713]}},{"type":"Feature","properties":{"name":"Kentucky","abbr":"KY","iso":null,"kind":"state","scope":"us","isUSA":false,"state":"Kentucky","direction":"W","directionLabel":"west","lat":36.55257,"lng":-89.57151},"geometry":{"type":"Point","coordinates":[-89.57151,36.55257]}},{"type":"Feature","properties":{"name":"Ohio","abbr":"OH","iso":null,"kind":"state","scope":"us","isUSA":false,"state":"Ohio","direction":"N","directionLabel":"north","lat":41.97752,"lng":-80.51942},"geometry":{"type":"Point","coordinates":[-80.51942,41.97752]}},{"type":"Feature","properties":{"name":"Ohio","abbr":"OH","iso":null,"kind":"state","scope":"us","isUSA":false,"state":"Ohio","direction":"E","directionLabel":"east","lat":41.24885,"lng":-80.51869},"geometry":{"type":"Point","coordinates":[-80.51869,41.24885]}},{"type":"Feature","properties":{"name":"Ohio","abbr":"OH","iso":null,"kind":"state","scope":"us","isUSA":false,"state":"Ohio","direction":"S","directionLabel":"south","lat":38.4032,"lng":-82.5498},"geometry":{"type":"Point","coordinates":[-82.5498,38.4032]}},{"type":"Feature","properties":{"name":"Ohio","abbr":"OH","iso":null,"kind":"state","scope":"us","isUSA":false,"state":"Ohio","direction":"W","directionLabel":"west","lat":39.22722,"lng":-84.82016},"geometry":{"type":"Point","coordinates":[-84.82016,39.22722]}},{"type":"Feature","properties":{"name":"Wisconsin","abbr":"WI","iso":null,"kind":"state","scope":"us","isUSA":false,"state":"Wisconsin","direction":"N","directionLabel":"north","lat":47.08062,"lng":-90.72871},"geometry":{"type":"Point","coordinates":[-90.72871,47.08062]}},{"type":"Feature","properties":{"name":"Wisconsin","abbr":"WI","iso":null,"kind":"state","scope":"us","isUSA":false,"state":"Wisconsin","direction":"E","directionLabel":"east","lat":45.40732,"lng":-86.80541},"geometry":{"type":"Point","coordinates":[-86.80541,45.40732]}},{"type":"Feature","properties":{"name":"Wisconsin","abbr":"WI","iso":null,"kind":"state","scope":"us","isUSA":false,"state":"Wisconsin","direction":"S","directionLabel":"south","lat":42.49198,"lng":-88.78668},"geometry":{"type":"Point","coordinates":[-88.78668,42.49198]}},{"type":"Feature","properties":{"name":"Wisconsin","abbr":"WI","iso":null,"kind":"state","scope":"us","isUSA":false,"state":"Wisconsin","direction":"W","directionLabel":"west","lat":45.62838,"lng":-92.88811},"geometry":{"type":"Point","coordinates":[-92.88811,45.62838]}},{"type":"Feature","properties":{"name":"Oregon","abbr":"OR","iso":null,"kind":"state","scope":"us","isUSA":false,"state":"Oregon","direction":"N","directionLabel":"north","lat":46.29203,"lng":-124.02381},"geometry":{"type":"Point","coordinates":[-124.02381,46.29203]}},{"type":"Feature","properties":{"name":"Oregon","abbr":"OR","iso":null,"kind":"state","scope":"us","isUSA":false,"state":"Oregon","direction":"E","directionLabel":"east","lat":45.61578,"lng":-116.4635},"geometry":{"type":"Point","coordinates":[-116.4635,45.61578]}},{"type":"Feature","properties":{"name":"Oregon","abbr":"OR","iso":null,"kind":"state","scope":"us","isUSA":false,"state":"Oregon","direction":"S","directionLabel":"south","lat":41.99179,"lng":-118.69641},"geometry":{"type":"Point","coordinates":[-118.69641,41.99179]}},{"type":"Feature","properties":{"name":"Oregon","abbr":"OR","iso":null,"kind":"state","scope":"us","isUSA":false,"state":"Oregon","direction":"W","directionLabel":"west","lat":42.83639,"lng":-124.56624},"geometry":{"type":"Point","coordinates":[-124.56624,42.83639]}},{"type":"Feature","properties":{"name":"Mississippi","abbr":"MS","iso":null,"kind":"state","scope":"us","isUSA":false,"state":"Mississippi","direction":"N","directionLabel":"north","lat":34.99605,"lng":-88.4698},"geometry":{"type":"Point","coordinates":[-88.4698,34.99605]}},{"type":"Feature","properties":{"name":"Mississippi","abbr":"MS","iso":null,"kind":"state","scope":"us","isUSA":false,"state":"Mississippi","direction":"E","directionLabel":"east","lat":34.8922,"lng":-88.09789},"geometry":{"type":"Point","coordinates":[-88.09789,34.8922]}},{"type":"Feature","properties":{"name":"Mississippi","abbr":"MS","iso":null,"kind":"state","scope":"us","isUSA":false,"state":"Mississippi","direction":"S","directionLabel":"south","lat":30.17394,"lng":-89.46359},"geometry":{"type":"Point","coordinates":[-89.46359,30.17394]}},{"type":"Feature","properties":{"name":"Mississippi","abbr":"MS","iso":null,"kind":"state","scope":"us","isUSA":false,"state":"Mississippi","direction":"W","directionLabel":"west","lat":31.25181,"lng":-91.65501},"geometry":{"type":"Point","coordinates":[-91.65501,31.25181]}},{"type":"Feature","properties":{"name":"Colorado","abbr":"CO","iso":null,"kind":"state","scope":"us","isUSA":false,"state":"Colorado","direction":"N","directionLabel":"north","lat":41.00344,"lng":-107.00061},"geometry":{"type":"Point","coordinates":[-107.00061,41.00344]}},{"type":"Feature","properties":{"name":"Colorado","abbr":"CO","iso":null,"kind":"state","scope":"us","isUSA":false,"state":"Colorado","direction":"E","directionLabel":"east","lat":37.37502,"lng":-102.04152},"geometry":{"type":"Point","coordinates":[-102.04152,37.37502]}},{"type":"Feature","properties":{"name":"Colorado","abbr":"CO","iso":null,"kind":"state","scope":"us","isUSA":false,"state":"Colorado","direction":"S","directionLabel":"south","lat":36.99243,"lng":-106.8698},"geometry":{"type":"Point","coordinates":[-106.8698,36.99243]}},{"type":"Feature","properties":{"name":"Colorado","abbr":"CO","iso":null,"kind":"state","scope":"us","isUSA":false,"state":"Colorado","direction":"W","directionLabel":"west","lat":38.59933,"lng":-109.06025},"geometry":{"type":"Point","coordinates":[-109.06025,38.59933]}},{"type":"Feature","properties":{"name":"North Carolina","abbr":"NC","iso":null,"kind":"state","scope":"us","isUSA":false,"state":"North Carolina","direction":"N","directionLabel":"north","lat":36.58812,"lng":-81.67753},"geometry":{"type":"Point","coordinates":[-81.67753,36.58812]}},{"type":"Feature","properties":{"name":"North Carolina","abbr":"NC","iso":null,"kind":"state","scope":"us","isUSA":false,"state":"North Carolina","direction":"E","directionLabel":"east","lat":35.57697,"lng":-75.46062},"geometry":{"type":"Point","coordinates":[-75.46062,35.57697]}},{"type":"Feature","properties":{"name":"North Carolina","abbr":"NC","iso":null,"kind":"state","scope":"us","isUSA":false,"state":"North Carolina","direction":"S","directionLabel":"south","lat":33.84232,"lng":-77.96279},"geometry":{"type":"Point","coordinates":[-77.96279,33.84232]}},{"type":"Feature","properties":{"name":"North Carolina","abbr":"NC","iso":null,"kind":"state","scope":"us","isUSA":false,"state":"North Carolina","direction":"W","directionLabel":"west","lat":34.98841,"lng":-84.32187},"geometry":{"type":"Point","coordinates":[-84.32187,34.98841]}},{"type":"Feature","properties":{"name":"Virginia","abbr":"VA","iso":null,"kind":"state","scope":"us","isUSA":false,"state":"Virginia","direction":"N","directionLabel":"north","lat":39.46601,"lng":-78.34709},"geometry":{"type":"Point","coordinates":[-78.34709,39.46601]}},{"type":"Feature","properties":{"name":"Virginia","abbr":"VA","iso":null,"kind":"state","scope":"us","isUSA":false,"state":"Virginia","direction":"E","directionLabel":"east","lat":38.02721,"lng":-75.24227},"geometry":{"type":"Point","coordinates":[-75.24227,38.02721]}},{"type":"Feature","properties":{"name":"Virginia","abbr":"VA","iso":null,"kind":"state","scope":"us","isUSA":false,"state":"Virginia","direction":"S","directionLabel":"south","lat":36.54074,"lng":-79.51065},"geometry":{"type":"Point","coordinates":[-79.51065,36.54074]}},{"type":"Feature","properties":{"name":"Virginia","abbr":"VA","iso":null,"kind":"state","scope":"us","isUSA":false,"state":"Virginia","direction":"W","directionLabel":"west","lat":36.60078,"lng":-83.67539},"geometry":{"type":"Point","coordinates":[-83.67539,36.60078]}},{"type":"Feature","properties":{"name":"West Virginia","abbr":"WV","iso":null,"kind":"state","scope":"us","isUSA":false,"state":"West Virginia","direction":"N","directionLabel":"north","lat":40.6388,"lng":-80.51899},"geometry":{"type":"Point","coordinates":[-80.51899,40.6388]}},{"type":"Feature","properties":{"name":"West Virginia","abbr":"WV","iso":null,"kind":"state","scope":"us","isUSA":false,"state":"West Virginia","direction":"E","directionLabel":"east","lat":39.32131,"lng":-77.71952},"geometry":{"type":"Point","coordinates":[-77.71952,39.32131]}},{"type":"Feature","properties":{"name":"West Virginia","abbr":"WV","iso":null,"kind":"state","scope":"us","isUSA":false,"state":"West Virginia","direction":"S","directionLabel":"south","lat":37.20148,"lng":-81.67821},"geometry":{"type":"Point","coordinates":[-81.67821,37.20148]}},{"type":"Feature","properties":{"name":"West Virginia","abbr":"WV","iso":null,"kind":"state","scope":"us","isUSA":false,"state":"West Virginia","direction":"W","directionLabel":"west","lat":38.16549,"lng":-82.64474},"geometry":{"type":"Point","coordinates":[-82.64474,38.16549]}},{"type":"Feature","properties":{"name":"Louisiana","abbr":"LA","iso":null,"kind":"state","scope":"us","isUSA":false,"state":"Louisiana","direction":"N","directionLabel":"north","lat":33.01946,"lng":-93.72327},"geometry":{"type":"Point","coordinates":[-93.72327,33.01946]}},{"type":"Feature","properties":{"name":"Louisiana","abbr":"LA","iso":null,"kind":"state","scope":"us","isUSA":false,"state":"Louisiana","direction":"E","directionLabel":"east","lat":29.93425,"lng":-88.81702},"geometry":{"type":"Point","coordinates":[-88.81702,29.93425]}},{"type":"Feature","properties":{"name":"Louisiana","abbr":"LA","iso":null,"kind":"state","scope":"us","isUSA":false,"state":"Louisiana","direction":"S","directionLabel":"south","lat":28.92861,"lng":-89.4179},"geometry":{"type":"Point","coordinates":[-89.4179,28.92861]}},{"type":"Feature","properties":{"name":"Louisiana","abbr":"LA","iso":null,"kind":"state","scope":"us","isUSA":false,"state":"Louisiana","direction":"W","directionLabel":"west","lat":32.69303,"lng":-94.04315},"geometry":{"type":"Point","coordinates":[-94.04315,32.69303]}},{"type":"Feature","properties":{"name":"New York","abbr":"NY","iso":null,"kind":"state","scope":"us","isUSA":false,"state":"New York","direction":"N","directionLabel":"north","lat":45.01585,"lng":-74.82658},"geometry":{"type":"Point","coordinates":[-74.82658,45.01585]}},{"type":"Feature","properties":{"name":"New York","abbr":"NY","iso":null,"kind":"state","scope":"us","isUSA":false,"state":"New York","direction":"E","directionLabel":"east","lat":41.0706,"lng":-71.85621},"geometry":{"type":"Point","coordinates":[-71.85621,41.0706]}},{"type":"Feature","properties":{"name":"New York","abbr":"NY","iso":null,"kind":"state","scope":"us","isUSA":false,"state":"New York","direction":"S","directionLabel":"south","lat":40.4961,"lng":-74.24669},"geometry":{"type":"Point","coordinates":[-74.24669,40.4961]}},{"type":"Feature","properties":{"name":"New York","abbr":"NY","iso":null,"kind":"state","scope":"us","isUSA":false,"state":"New York","direction":"W","directionLabel":"west","lat":42.24305,"lng":-79.76215},"geometry":{"type":"Point","coordinates":[-79.76215,42.24305]}},{"type":"Feature","properties":{"name":"Michigan","abbr":"MI","iso":null,"kind":"state","scope":"us","isUSA":false,"state":"Michigan","direction":"N","directionLabel":"north","lat":48.2388,"lng":-88.34086},"geometry":{"type":"Point","coordinates":[-88.34086,48.2388]}},{"type":"Feature","properties":{"name":"Michigan","abbr":"MI","iso":null,"kind":"state","scope":"us","isUSA":false,"state":"Michigan","direction":"E","directionLabel":"east","lat":42.97689,"lng":-82.41347},"geometry":{"type":"Point","coordinates":[-82.41347,42.97689]}},{"type":"Feature","properties":{"name":"Michigan","abbr":"MI","iso":null,"kind":"state","scope":"us","isUSA":false,"state":"Michigan","direction":"S","directionLabel":"south","lat":41.69612,"lng":-84.80597},"geometry":{"type":"Point","coordinates":[-84.80597,41.69612]}},{"type":"Feature","properties":{"name":"Michigan","abbr":"MI","iso":null,"kind":"state","scope":"us","isUSA":false,"state":"Michigan","direction":"W","directionLabel":"west","lat":46.56609,"lng":-90.41814},"geometry":{"type":"Point","coordinates":[-90.41814,46.56609]}},{"type":"Feature","properties":{"name":"Massachusetts","abbr":"MA","iso":null,"kind":"state","scope":"us","isUSA":false,"state":"Massachusetts","direction":"N","directionLabel":"north","lat":42.88659,"lng":-70.9149},"geometry":{"type":"Point","coordinates":[-70.9149,42.88659]}},{"type":"Feature","properties":{"name":"Massachusetts","abbr":"MA","iso":null,"kind":"state","scope":"us","isUSA":false,"state":"Massachusetts","direction":"E","directionLabel":"east","lat":41.70845,"lng":-69.92839},"geometry":{"type":"Point","coordinates":[-69.92839,41.70845]}},{"type":"Feature","properties":{"name":"Massachusetts","abbr":"MA","iso":null,"kind":"state","scope":"us","isUSA":false,"state":"Massachusetts","direction":"S","directionLabel":"south","lat":41.23796,"lng":-70.01523},"geometry":{"type":"Point","coordinates":[-70.01523,41.23796]}},{"type":"Feature","properties":{"name":"Massachusetts","abbr":"MA","iso":null,"kind":"state","scope":"us","isUSA":false,"state":"Massachusetts","direction":"W","directionLabel":"west","lat":42.08626,"lng":-73.50814},"geometry":{"type":"Point","coordinates":[-73.50814,42.08626]}},{"type":"Feature","properties":{"name":"Zimbabwe","abbr":"ZW","iso":"ZWE","kind":"country","scope":"world","isUSA":false,"neType":"Sovereign country","continent":"Africa","state":"Zimbabwe","direction":"N","directionLabel":"north","lat":-15.64307,"lng":30.39609},"geometry":{"type":"Point","coordinates":[30.39609,-15.64307]}},{"type":"Feature","properties":{"name":"Zimbabwe","abbr":"ZW","iso":"ZWE","kind":"country","scope":"world","isUSA":false,"neType":"Sovereign country","continent":"Africa","state":"Zimbabwe","direction":"E","directionLabel":"east","lat":-19.87383,"lng":33.00674},"geometry":{"type":"Point","coordinates":[33.00674,-19.87383]}},{"type":"Feature","properties":{"name":"Zimbabwe","abbr":"ZW","iso":"ZWE","kind":"country","scope":"world","isUSA":false,"neType":"Sovereign country","continent":"Africa","state":"Zimbabwe","direction":"S","directionLabel":"south","lat":-22.40205,"lng":31.28789},"geometry":{"type":"Point","coordinates":[31.28789,-22.40205]}},{"type":"Feature","properties":{"name":"Zimbabwe","abbr":"ZW","iso":"ZWE","kind":"country","scope":"world","isUSA":false,"neType":"Sovereign country","continent":"Africa","state":"Zimbabwe","direction":"W","directionLabel":"west","lat":-17.91523,"lng":25.22402},"geometry":{"type":"Point","coordinates":[25.22402,-17.91523]}},{"type":"Feature","properties":{"name":"Zambia","abbr":"ZM","iso":"ZMB","kind":"country","scope":"world","isUSA":false,"neType":"Sovereign country","continent":"Africa","state":"Zambia","direction":"N","directionLabel":"north","lat":-8.19365,"lng":30.75117},"geometry":{"type":"Point","coordinates":[30.75117,-8.19365]}},{"type":"Feature","properties":{"name":"Zambia","abbr":"ZM","iso":"ZMB","kind":"country","scope":"world","isUSA":false,"neType":"Sovereign country","continent":"Africa","state":"Zambia","direction":"E","directionLabel":"east","lat":-10.55312,"lng":33.66152},"geometry":{"type":"Point","coordinates":[33.66152,-10.55312]}},{"type":"Feature","properties":{"name":"Zambia","abbr":"ZM","iso":"ZMB","kind":"country","scope":"world","isUSA":false,"neType":"Sovereign country","continent":"Africa","state":"Zambia","direction":"S","directionLabel":"south","lat":-18.0415,"lng":26.77988},"geometry":{"type":"Point","coordinates":[26.77988,-18.0415]}},{"type":"Feature","properties":{"name":"Zambia","abbr":"ZM","iso":"ZMB","kind":"country","scope":"world","isUSA":false,"neType":"Sovereign country","continent":"Africa","state":"Zambia","direction":"W","directionLabel":"west","lat":-13.00098,"lng":21.97891},"geometry":{"type":"Point","coordinates":[21.97891,-13.00098]}},{"type":"Feature","properties":{"name":"Yemen","abbr":"YE","iso":"YEM","kind":"country","scope":"world","isUSA":false,"neType":"Sovereign country","continent":"Asia","state":"Yemen","direction":"N","directionLabel":"north","lat":18.99614,"lng":51.97764},"geometry":{"type":"Point","coordinates":[51.97764,18.99614]}},{"type":"Feature","properties":{"name":"Yemen","abbr":"YE","iso":"YEM","kind":"country","scope":"world","isUSA":false,"neType":"Sovereign country","continent":"Asia","state":"Yemen","direction":"E","directionLabel":"east","lat":12.55278,"lng":54.51113},"geometry":{"type":"Point","coordinates":[54.51113,12.55278]}},{"type":"Feature","properties":{"name":"Yemen","abbr":"YE","iso":"YEM","kind":"country","scope":"world","isUSA":false,"neType":"Sovereign country","continent":"Asia","state":"Yemen","direction":"S","directionLabel":"south","lat":12.31899,"lng":53.71885},"geometry":{"type":"Point","coordinates":[53.71885,12.31899]}},{"type":"Feature","properties":{"name":"Yemen","abbr":"YE","iso":"YEM","kind":"country","scope":"world","isUSA":false,"neType":"Sovereign country","continent":"Asia","state":"Yemen","direction":"W","directionLabel":"west","lat":15.32007,"lng":42.54902},"geometry":{"type":"Point","coordinates":[42.54902,15.32007]}},{"type":"Feature","properties":{"name":"Vietnam","abbr":"VN","iso":"VNM","kind":"country","scope":"world","isUSA":false,"neType":"Sovereign country","continent":"Asia","state":"Vietnam","direction":"N","directionLabel":"north","lat":23.34521,"lng":105.27539},"geometry":{"type":"Point","coordinates":[105.27539,23.34521]}},{"type":"Feature","properties":{"name":"Vietnam","abbr":"VN","iso":"VNM","kind":"country","scope":"world","isUSA":false,"neType":"Sovereign country","continent":"Asia","state":"Vietnam","direction":"E","directionLabel":"east","lat":12.59961,"lng":109.44492},"geometry":{"type":"Point","coordinates":[109.44492,12.59961]}},{"type":"Feature","properties":{"name":"Vietnam","abbr":"VN","iso":"VNM","kind":"country","scope":"world","isUSA":false,"neType":"Sovereign country","continent":"Asia","state":"Vietnam","direction":"S","directionLabel":"south","lat":8.58325,"lng":104.8919},"geometry":{"type":"Point","coordinates":[104.8919,8.58325]}},{"type":"Feature","properties":{"name":"Vietnam","abbr":"VN","iso":"VNM","kind":"country","scope":"world","isUSA":false,"neType":"Sovereign country","continent":"Asia","state":"Vietnam","direction":"W","directionLabel":"west","lat":22.3792,"lng":102.12744},"geometry":{"type":"Point","coordinates":[102.12744,22.3792]}},{"type":"Feature","properties":{"name":"Venezuela","abbr":"VE","iso":"VEN","kind":"country","scope":"world","isUSA":false,"neType":"Sovereign country","continent":"South America","state":"Venezuela","direction":"N","directionLabel":"north","lat":12.17788,"lng":-70.00396},"geometry":{"type":"Point","coordinates":[-70.00396,12.17788]}},{"type":"Feature","properties":{"name":"Venezuela","abbr":"VE","iso":"VEN","kind":"country","scope":"world","isUSA":false,"neType":"Sovereign country","continent":"South America","state":"Venezuela","direction":"E","directionLabel":"east","lat":8.27915,"lng":-59.82891},"geometry":{"type":"Point","coordinates":[-59.82891,8.27915]}},{"type":"Feature","properties":{"name":"Venezuela","abbr":"VE","iso":"VEN","kind":"country","scope":"world","isUSA":false,"neType":"Sovereign country","continent":"South America","state":"Venezuela","direction":"S","directionLabel":"south","lat":0.68799,"lng":-65.55606},"geometry":{"type":"Point","coordinates":[-65.55606,0.68799]}},{"type":"Feature","properties":{"name":"Venezuela","abbr":"VE","iso":"VEN","kind":"country","scope":"world","isUSA":false,"neType":"Sovereign country","continent":"South America","state":"Venezuela","direction":"W","directionLabel":"west","lat":9.19414,"lng":-73.36621},"geometry":{"type":"Point","coordinates":[-73.36621,9.19414]}},{"type":"Feature","properties":{"name":"Vatican City","abbr":"VA","iso":"VAT","kind":"country","scope":"world","isUSA":false,"neType":"Sovereign country","continent":"Europe","state":"Vatican City","direction":"N","directionLabel":"north","lat":41.9062,"lng":12.43838},"geometry":{"type":"Point","coordinates":[12.43838,41.9062]}},{"type":"Feature","properties":{"name":"Vatican City","abbr":"VA","iso":"VAT","kind":"country","scope":"world","isUSA":false,"neType":"Sovereign country","continent":"Europe","state":"Vatican City","direction":"E","directionLabel":"east","lat":41.89839,"lng":12.43916},"geometry":{"type":"Point","coordinates":[12.43916,41.89839]}},{"type":"Feature","properties":{"name":"Vatican City","abbr":"VA","iso":"VAT","kind":"country","scope":"world","isUSA":false,"neType":"Sovereign country","continent":"Europe","state":"Vatican City","direction":"S","directionLabel":"south","lat":41.89756,"lng":12.43057},"geometry":{"type":"Point","coordinates":[12.43057,41.89756]}},{"type":"Feature","properties":{"name":"Vatican City","abbr":"VA","iso":"VAT","kind":"country","scope":"world","isUSA":false,"neType":"Sovereign country","continent":"Europe","state":"Vatican City","direction":"W","directionLabel":"west","lat":41.90073,"lng":12.42754},"geometry":{"type":"Point","coordinates":[12.42754,41.90073]}},{"type":"Feature","properties":{"name":"Vanuatu","abbr":"VU","iso":"VUT","kind":"country","scope":"world","isUSA":false,"neType":"Sovereign country","continent":"Oceania","state":"Vanuatu","direction":"N","directionLabel":"north","lat":-13.70947,"lng":167.48105},"geometry":{"type":"Point","coordinates":[167.48105,-13.70947]}},{"type":"Feature","properties":{"name":"Vanuatu","abbr":"VU","iso":"VUT","kind":"country","scope":"world","isUSA":false,"neType":"Sovereign country","continent":"Oceania","state":"Vanuatu","direction":"E","directionLabel":"east","lat":-20.18662,"lng":169.89629},"geometry":{"type":"Point","coordinates":[169.89629,-20.18662]}},{"type":"Feature","properties":{"name":"Vanuatu","abbr":"VU","iso":"VUT","kind":"country","scope":"world","isUSA":false,"neType":"Sovereign country","continent":"Oceania","state":"Vanuatu","direction":"S","directionLabel":"south","lat":-20.2418,"lng":169.86113},"geometry":{"type":"Point","coordinates":[169.86113,-20.2418]}},{"type":"Feature","properties":{"name":"Vanuatu","abbr":"VU","iso":"VUT","kind":"country","scope":"world","isUSA":false,"neType":"Sovereign country","continent":"Oceania","state":"Vanuatu","direction":"W","directionLabel":"west","lat":-14.75977,"lng":166.52607},"geometry":{"type":"Point","coordinates":[166.52607,-14.75977]}},{"type":"Feature","properties":{"name":"Uzbekistan","abbr":"UZ","iso":"UZB","kind":"country","scope":"world","isUSA":false,"neType":"Sovereign country","continent":"Asia","state":"Uzbekistan","direction":"N","directionLabel":"north","lat":45.55537,"lng":58.55527},"geometry":{"type":"Point","coordinates":[58.55527,45.55537]}},{"type":"Feature","properties":{"name":"Uzbekistan","abbr":"UZ","iso":"UZB","kind":"country","scope":"world","isUSA":false,"neType":"Sovereign country","continent":"Asia","state":"Uzbekistan","direction":"E","directionLabel":"east","lat":40.81065,"lng":73.13691},"geometry":{"type":"Point","coordinates":[73.13691,40.81065]}},{"type":"Feature","properties":{"name":"Uzbekistan","abbr":"UZ","iso":"UZB","kind":"country","scope":"world","isUSA":false,"neType":"Sovereign country","continent":"Asia","state":"Uzbekistan","direction":"S","directionLabel":"south","lat":37.17222,"lng":67.75898},"geometry":{"type":"Point","coordinates":[67.75898,37.17222]}},{"type":"Feature","properties":{"name":"Uzbekistan","abbr":"UZ","iso":"UZB","kind":"country","scope":"world","isUSA":false,"neType":"Sovereign country","continent":"Asia","state":"Uzbekistan","direction":"W","directionLabel":"west","lat":44.99492,"lng":55.97568},"geometry":{"type":"Point","coordinates":[55.97568,44.99492]}},{"type":"Feature","properties":{"name":"Uruguay","abbr":"UY","iso":"URY","kind":"country","scope":"world","isUSA":false,"neType":"Sovereign country","continent":"South America","state":"Uruguay","direction":"N","directionLabel":"north","lat":-30.10107,"lng":-56.93726},"geometry":{"type":"Point","coordinates":[-56.93726,-30.10107]}},{"type":"Feature","properties":{"name":"Uruguay","abbr":"UY","iso":"URY","kind":"country","scope":"world","isUSA":false,"neType":"Sovereign country","continent":"South America","state":"Uruguay","direction":"E","directionLabel":"east","lat":-32.73672,"lng":-53.12559},"geometry":{"type":"Point","coordinates":[-53.12559,-32.73672]}},{"type":"Feature","properties":{"name":"Uruguay","abbr":"UY","iso":"URY","kind":"country","scope":"world","isUSA":false,"neType":"Sovereign country","continent":"South America","state":"Uruguay","direction":"S","directionLabel":"south","lat":-34.93281,"lng":-54.9023},"geometry":{"type":"Point","coordinates":[-54.9023,-34.93281]}},{"type":"Feature","properties":{"name":"Uruguay","abbr":"UY","iso":"URY","kind":"country","scope":"world","isUSA":false,"neType":"Sovereign country","continent":"South America","state":"Uruguay","direction":"W","directionLabel":"west","lat":-33.71914,"lng":-58.43814},"geometry":{"type":"Point","coordinates":[-58.43814,-33.71914]}},{"type":"Feature","properties":{"name":"Federated States of Micronesia","abbr":"FM","iso":"FSM","kind":"country","scope":"world","isUSA":false,"neType":"Sovereign country","continent":"Oceania","state":"Federated States of Micronesia","direction":"N","directionLabel":"north","lat":9.59331,"lng":138.18584},"geometry":{"type":"Point","coordinates":[138.18584,9.59331]}},{"type":"Feature","properties":{"name":"Federated States of Micronesia","abbr":"FM","iso":"FSM","kind":"country","scope":"world","isUSA":false,"neType":"Sovereign country","continent":"Oceania","state":"Federated States of Micronesia","direction":"E","directionLabel":"east","lat":5.27725,"lng":162.99346},"geometry":{"type":"Point","coordinates":[162.99346,5.27725]}},{"type":"Feature","properties":{"name":"Federated States of Micronesia","abbr":"FM","iso":"FSM","kind":"country","scope":"world","isUSA":false,"neType":"Sovereign country","continent":"Oceania","state":"Federated States of Micronesia","direction":"S","directionLabel":"south","lat":5.27725,"lng":162.99346},"geometry":{"type":"Point","coordinates":[162.99346,5.27725]}},{"type":"Feature","properties":{"name":"Federated States of Micronesia","abbr":"FM","iso":"FSM","kind":"country","scope":"world","isUSA":false,"neType":"Sovereign country","continent":"Oceania","state":"Federated States of Micronesia","direction":"W","directionLabel":"west","lat":9.44575,"lng":138.06191},"geometry":{"type":"Point","coordinates":[138.06191,9.44575]}},{"type":"Feature","properties":{"name":"Marshall Islands","abbr":"MH","iso":"MHL","kind":"country","scope":"world","isUSA":false,"neType":"Sovereign country","continent":"Oceania","state":"Marshall Islands","direction":"N","directionLabel":"north","lat":11.16865,"lng":166.88809},"geometry":{"type":"Point","coordinates":[166.88809,11.16865]}},{"type":"Feature","properties":{"name":"Marshall Islands","abbr":"MH","iso":"MHL","kind":"country","scope":"world","isUSA":false,"neType":"Sovereign country","continent":"Oceania","state":"Marshall Islands","direction":"E","directionLabel":"east","lat":6.97314,"lng":171.75684},"geometry":{"type":"Point","coordinates":[171.75684,6.97314]}},{"type":"Feature","properties":{"name":"Marshall Islands","abbr":"MH","iso":"MHL","kind":"country","scope":"world","isUSA":false,"neType":"Sovereign country","continent":"Oceania","state":"Marshall Islands","direction":"S","directionLabel":"south","lat":5.79981,"lng":169.61543},"geometry":{"type":"Point","coordinates":[169.61543,5.79981]}},{"type":"Feature","properties":{"name":"Marshall Islands","abbr":"MH","iso":"MHL","kind":"country","scope":"world","isUSA":false,"neType":"Sovereign country","continent":"Oceania","state":"Marshall Islands","direction":"W","directionLabel":"west","lat":11.15337,"lng":166.84473},"geometry":{"type":"Point","coordinates":[166.84473,11.15337]}},{"type":"Feature","properties":{"name":"United States of America","abbr":"US","iso":"USA","kind":"country","scope":"world","isUSA":true,"neType":"Country","continent":"North America","state":"United States of America","direction":"N","directionLabel":"north","lat":71.40767,"lng":-156.47021},"geometry":{"type":"Point","coordinates":[-156.47021,71.40767]}},{"type":"Feature","properties":{"name":"United States of America","abbr":"US","iso":"USA","kind":"country","scope":"world","isUSA":true,"neType":"Country","continent":"North America","state":"United States of America","direction":"E","directionLabel":"east","lat":44.82769,"lng":-66.98701},"geometry":{"type":"Point","coordinates":[-66.98701,44.82769]}},{"type":"Feature","properties":{"name":"United States of America","abbr":"US","iso":"USA","kind":"country","scope":"world","isUSA":true,"neType":"Country","continent":"North America","state":"United States of America","direction":"S","directionLabel":"south","lat":18.96392,"lng":-155.62563},"geometry":{"type":"Point","coordinates":[-155.62563,18.96392]}},{"type":"Feature","properties":{"name":"United States of America","abbr":"US","iso":"USA","kind":"country","scope":"world","isUSA":true,"neType":"Country","continent":"North America","state":"United States of America","direction":"W","directionLabel":"west","lat":52.93789,"lng":172.49482},"geometry":{"type":"Point","coordinates":[172.49482,52.93789]}},{"type":"Feature","properties":{"name":"South Georgia and the South Sandwich Islands","abbr":"GS","iso":"SGS","kind":"country","scope":"world","isUSA":false,"neType":"Dependency","continent":"Seven seas (open ocean)","state":"South Georgia and the South Sandwich Islands","direction":"N","directionLabel":"north","lat":-53.98408,"lng":-37.38223},"geometry":{"type":"Point","coordinates":[-37.38223,-53.98408]}},{"type":"Feature","properties":{"name":"South Georgia and the South Sandwich Islands","abbr":"GS","iso":"SGS","kind":"country","scope":"world","isUSA":false,"neType":"Dependency","continent":"Seven seas (open ocean)","state":"South Georgia and the South Sandwich Islands","direction":"E","directionLabel":"east","lat":-58.49229,"lng":-26.25986},"geometry":{"type":"Point","coordinates":[-26.25986,-58.49229]}},{"type":"Feature","properties":{"name":"South Georgia and the South Sandwich Islands","abbr":"GS","iso":"SGS","kind":"country","scope":"world","isUSA":false,"neType":"Dependency","continent":"Seven seas (open ocean)","state":"South Georgia and the South Sandwich Islands","direction":"S","directionLabel":"south","lat":-58.49229,"lng":-26.25986},"geometry":{"type":"Point","coordinates":[-26.25986,-58.49229]}},{"type":"Feature","properties":{"name":"South Georgia and the South Sandwich Islands","abbr":"GS","iso":"SGS","kind":"country","scope":"world","isUSA":false,"neType":"Dependency","continent":"Seven seas (open ocean)","state":"South Georgia and the South Sandwich Islands","direction":"W","directionLabel":"west","lat":-54.00801,"lng":-38.01743},"geometry":{"type":"Point","coordinates":[-38.01743,-54.00801]}},{"type":"Feature","properties":{"name":"British Indian Ocean Territory","abbr":"IO","iso":"IOT","kind":"country","scope":"world","isUSA":false,"neType":"Disputed","continent":"Seven seas (open ocean)","state":"British Indian Ocean Territory","direction":"N","directionLabel":"north","lat":-7.22041,"lng":72.44561},"geometry":{"type":"Point","coordinates":[72.44561,-7.22041]}},{"type":"Feature","properties":{"name":"British Indian Ocean Territory","abbr":"IO","iso":"IOT","kind":"country","scope":"world","isUSA":false,"neType":"Disputed","continent":"Seven seas (open ocean)","state":"British Indian Ocean Territory","direction":"E","directionLabel":"east","lat":-7.29482,"lng":72.49854},"geometry":{"type":"Point","coordinates":[72.49854,-7.29482]}},{"type":"Feature","properties":{"name":"British Indian Ocean Territory","abbr":"IO","iso":"IOT","kind":"country","scope":"world","isUSA":false,"neType":"Disputed","continent":"Seven seas (open ocean)","state":"British Indian Ocean Territory","direction":"S","directionLabel":"south","lat":-7.43535,"lng":72.4291},"geometry":{"type":"Point","coordinates":[72.4291,-7.43535]}},{"type":"Feature","properties":{"name":"British Indian Ocean Territory","abbr":"IO","iso":"IOT","kind":"country","scope":"world","isUSA":false,"neType":"Disputed","continent":"Seven seas (open ocean)","state":"British Indian Ocean Territory","direction":"W","directionLabel":"west","lat":-7.26338,"lng":72.34971},"geometry":{"type":"Point","coordinates":[72.34971,-7.26338]}},{"type":"Feature","properties":{"name":"Saint Helena","abbr":"SH","iso":"SHN","kind":"country","scope":"world","isUSA":false,"neType":"Dependency","continent":"Seven seas (open ocean)","state":"Saint Helena","direction":"N","directionLabel":"north","lat":-7.88262,"lng":-14.38364},"geometry":{"type":"Point","coordinates":[-14.38364,-7.88262]}},{"type":"Feature","properties":{"name":"Saint Helena","abbr":"SH","iso":"SHN","kind":"country","scope":"world","isUSA":false,"neType":"Dependency","continent":"Seven seas (open ocean)","state":"Saint Helena","direction":"E","directionLabel":"east","lat":-15.9709,"lng":-5.65972},"geometry":{"type":"Point","coordinates":[-5.65972,-15.9709]}},{"type":"Feature","properties":{"name":"Saint Helena","abbr":"SH","iso":"SHN","kind":"country","scope":"world","isUSA":false,"neType":"Dependency","continent":"Seven seas (open ocean)","state":"Saint Helena","direction":"S","directionLabel":"south","lat":-16.004,"lng":-5.78252},"geometry":{"type":"Point","coordinates":[-5.78252,-16.004]}},{"type":"Feature","properties":{"name":"Saint Helena","abbr":"SH","iso":"SHN","kind":"country","scope":"world","isUSA":false,"neType":"Dependency","continent":"Seven seas (open ocean)","state":"Saint Helena","direction":"W","directionLabel":"west","lat":-7.94375,"lng":-14.41494},"geometry":{"type":"Point","coordinates":[-14.41494,-7.94375]}},{"type":"Feature","properties":{"name":"Pitcairn Islands","abbr":"PN","iso":"PCN","kind":"country","scope":"world","isUSA":false,"neType":"Dependency","continent":"Oceania","state":"Pitcairn Islands","direction":"N","directionLabel":"north","lat":-24.32324,"lng":-128.33013},"geometry":{"type":"Point","coordinates":[-128.33013,-24.32324]}},{"type":"Feature","properties":{"name":"Pitcairn Islands","abbr":"PN","iso":"PCN","kind":"country","scope":"world","isUSA":false,"neType":"Dependency","continent":"Oceania","state":"Pitcairn Islands","direction":"E","directionLabel":"east","lat":-24.39736,"lng":-128.29009},"geometry":{"type":"Point","coordinates":[-128.29009,-24.39736]}},{"type":"Feature","properties":{"name":"Pitcairn Islands","abbr":"PN","iso":"PCN","kind":"country","scope":"world","isUSA":false,"neType":"Dependency","continent":"Oceania","state":"Pitcairn Islands","direction":"S","directionLabel":"south","lat":-24.4126,"lng":-128.3},"geometry":{"type":"Point","coordinates":[-128.3,-24.4126]}},{"type":"Feature","properties":{"name":"Pitcairn Islands","abbr":"PN","iso":"PCN","kind":"country","scope":"world","isUSA":false,"neType":"Dependency","continent":"Oceania","state":"Pitcairn Islands","direction":"W","directionLabel":"west","lat":-24.34023,"lng":-128.3502},"geometry":{"type":"Point","coordinates":[-128.3502,-24.34023]}},{"type":"Feature","properties":{"name":"Anguilla","abbr":"AI","iso":"AIA","kind":"country","scope":"world","isUSA":false,"neType":"Dependency","continent":"North America","state":"Anguilla","direction":"N","directionLabel":"north","lat":18.26973,"lng":-63.02602},"geometry":{"type":"Point","coordinates":[-63.02602,18.26973]}},{"type":"Feature","properties":{"name":"Anguilla","abbr":"AI","iso":"AIA","kind":"country","scope":"world","isUSA":false,"neType":"Dependency","continent":"North America","state":"Anguilla","direction":"E","directionLabel":"east","lat":18.26479,"lng":-62.97959},"geometry":{"type":"Point","coordinates":[-62.97959,18.26479]}},{"type":"Feature","properties":{"name":"Anguilla","abbr":"AI","iso":"AIA","kind":"country","scope":"world","isUSA":false,"neType":"Dependency","continent":"North America","state":"Anguilla","direction":"S","directionLabel":"south","lat":18.17139,"lng":-63.16001},"geometry":{"type":"Point","coordinates":[-63.16001,18.17139]}},{"type":"Feature","properties":{"name":"Anguilla","abbr":"AI","iso":"AIA","kind":"country","scope":"world","isUSA":false,"neType":"Dependency","continent":"North America","state":"Anguilla","direction":"W","directionLabel":"west","lat":18.17139,"lng":-63.16001},"geometry":{"type":"Point","coordinates":[-63.16001,18.17139]}},{"type":"Feature","properties":{"name":"Falkland Islands","abbr":"FK","iso":"FLK","kind":"country","scope":"world","isUSA":false,"neType":"Disputed","continent":"South America","state":"Falkland Islands","direction":"N","directionLabel":"north","lat":-51.26992,"lng":-58.85019},"geometry":{"type":"Point","coordinates":[-58.85019,-51.26992]}},{"type":"Feature","properties":{"name":"Falkland Islands","abbr":"FK","iso":"FLK","kind":"country","scope":"world","isUSA":false,"neType":"Disputed","continent":"South America","state":"Falkland Islands","direction":"E","directionLabel":"east","lat":-51.63613,"lng":-57.7918},"geometry":{"type":"Point","coordinates":[-57.7918,-51.63613]}},{"type":"Feature","properties":{"name":"Falkland Islands","abbr":"FK","iso":"FLK","kind":"country","scope":"world","isUSA":false,"neType":"Disputed","continent":"South America","state":"Falkland Islands","direction":"S","directionLabel":"south","lat":-52.30801,"lng":-59.39565},"geometry":{"type":"Point","coordinates":[-59.39565,-52.30801]}},{"type":"Feature","properties":{"name":"Falkland Islands","abbr":"FK","iso":"FLK","kind":"country","scope":"world","isUSA":false,"neType":"Disputed","continent":"South America","state":"Falkland Islands","direction":"W","directionLabel":"west","lat":-51.83945,"lng":-61.14502},"geometry":{"type":"Point","coordinates":[-61.14502,-51.83945]}},{"type":"Feature","properties":{"name":"Cayman Islands","abbr":"KY","iso":"CYM","kind":"country","scope":"world","isUSA":false,"neType":"Dependency","continent":"North America","state":"Cayman Islands","direction":"N","directionLabel":"north","lat":19.76572,"lng":-79.76636},"geometry":{"type":"Point","coordinates":[-79.76636,19.76572]}},{"type":"Feature","properties":{"name":"Cayman Islands","abbr":"KY","iso":"CYM","kind":"country","scope":"world","isUSA":false,"neType":"Dependency","continent":"North America","state":"Cayman Islands","direction":"E","directionLabel":"east","lat":19.75713,"lng":-79.74228},"geometry":{"type":"Point","coordinates":[-79.74228,19.75713]}},{"type":"Feature","properties":{"name":"Cayman Islands","abbr":"KY","iso":"CYM","kind":"country","scope":"world","isUSA":false,"neType":"Dependency","continent":"North America","state":"Cayman Islands","direction":"S","directionLabel":"south","lat":19.27188,"lng":-81.30371},"geometry":{"type":"Point","coordinates":[-81.30371,19.27188]}},{"type":"Feature","properties":{"name":"Cayman Islands","abbr":"KY","iso":"CYM","kind":"country","scope":"world","isUSA":false,"neType":"Dependency","continent":"North America","state":"Cayman Islands","direction":"W","directionLabel":"west","lat":19.37476,"lng":-81.41909},"geometry":{"type":"Point","coordinates":[-81.41909,19.37476]}},{"type":"Feature","properties":{"name":"Bermuda","abbr":"BM","iso":"BMU","kind":"country","scope":"world","isUSA":false,"neType":"Dependency","continent":"North America","state":"Bermuda","direction":"N","directionLabel":"north","lat":32.38691,"lng":-64.69463},"geometry":{"type":"Point","coordinates":[-64.69463,32.38691]}},{"type":"Feature","properties":{"name":"Bermuda","abbr":"BM","iso":"BMU","kind":"country","scope":"world","isUSA":false,"neType":"Dependency","continent":"North America","state":"Bermuda","direction":"E","directionLabel":"east","lat":32.38193,"lng":-64.66831},"geometry":{"type":"Point","coordinates":[-64.66831,32.38193]}},{"type":"Feature","properties":{"name":"Bermuda","abbr":"BM","iso":"BMU","kind":"country","scope":"world","isUSA":false,"neType":"Dependency","continent":"North America","state":"Bermuda","direction":"S","directionLabel":"south","lat":32.25962,"lng":-64.82012},"geometry":{"type":"Point","coordinates":[-64.82012,32.25962]}},{"type":"Feature","properties":{"name":"Bermuda","abbr":"BM","iso":"BMU","kind":"country","scope":"world","isUSA":false,"neType":"Dependency","continent":"North America","state":"Bermuda","direction":"W","directionLabel":"west","lat":32.27388,"lng":-64.86284},"geometry":{"type":"Point","coordinates":[-64.86284,32.27388]}},{"type":"Feature","properties":{"name":"British Virgin Islands","abbr":"VG","iso":"VGB","kind":"country","scope":"world","isUSA":false,"neType":"Dependency","continent":"North America","state":"British Virgin Islands","direction":"N","directionLabel":"north","lat":18.75269,"lng":-64.3231},"geometry":{"type":"Point","coordinates":[-64.3231,18.75269]}},{"type":"Feature","properties":{"name":"British Virgin Islands","abbr":"VG","iso":"VGB","kind":"country","scope":"world","isUSA":false,"neType":"Dependency","continent":"North America","state":"British Virgin Islands","direction":"E","directionLabel":"east","lat":18.70713,"lng":-64.27358},"geometry":{"type":"Point","coordinates":[-64.27358,18.70713]}},{"type":"Feature","properties":{"name":"British Virgin Islands","abbr":"VG","iso":"VGB","kind":"country","scope":"world","isUSA":false,"neType":"Dependency","continent":"North America","state":"British Virgin Islands","direction":"S","directionLabel":"south","lat":18.39912,"lng":-64.67183},"geometry":{"type":"Point","coordinates":[-64.67183,18.39912]}},{"type":"Feature","properties":{"name":"British Virgin Islands","abbr":"VG","iso":"VGB","kind":"country","scope":"world","isUSA":false,"neType":"Dependency","continent":"North America","state":"British Virgin Islands","direction":"W","directionLabel":"west","lat":18.41167,"lng":-64.69512},"geometry":{"type":"Point","coordinates":[-64.69512,18.41167]}},{"type":"Feature","properties":{"name":"Turks and Caicos Islands","abbr":"TC","iso":"TCA","kind":"country","scope":"world","isUSA":false,"neType":"Dependency","continent":"North America","state":"Turks and Caicos Islands","direction":"N","directionLabel":"north","lat":21.9519,"lng":-71.93154},"geometry":{"type":"Point","coordinates":[-71.93154,21.9519]}},{"type":"Feature","properties":{"name":"Turks and Caicos Islands","abbr":"TC","iso":"TCA","kind":"country","scope":"world","isUSA":false,"neType":"Dependency","continent":"North America","state":"Turks and Caicos Islands","direction":"E","directionLabel":"east","lat":21.78755,"lng":-71.63691},"geometry":{"type":"Point","coordinates":[-71.63691,21.78755]}},{"type":"Feature","properties":{"name":"Turks and Caicos Islands","abbr":"TC","iso":"TCA","kind":"country","scope":"world","isUSA":false,"neType":"Dependency","continent":"North America","state":"Turks and Caicos Islands","direction":"S","directionLabel":"south","lat":21.75171,"lng":-71.66538},"geometry":{"type":"Point","coordinates":[-71.66538,21.75171]}},{"type":"Feature","properties":{"name":"Turks and Caicos Islands","abbr":"TC","iso":"TCA","kind":"country","scope":"world","isUSA":false,"neType":"Dependency","continent":"North America","state":"Turks and Caicos Islands","direction":"W","directionLabel":"west","lat":21.79531,"lng":-72.34238},"geometry":{"type":"Point","coordinates":[-72.34238,21.79531]}},{"type":"Feature","properties":{"name":"Montserrat","abbr":"MS","iso":"MSR","kind":"country","scope":"world","isUSA":false,"neType":"Dependency","continent":"North America","state":"Montserrat","direction":"N","directionLabel":"north","lat":16.80957,"lng":-62.17578},"geometry":{"type":"Point","coordinates":[-62.17578,16.80957]}},{"type":"Feature","properties":{"name":"Montserrat","abbr":"MS","iso":"MSR","kind":"country","scope":"world","isUSA":false,"neType":"Dependency","continent":"North America","state":"Montserrat","direction":"E","directionLabel":"east","lat":16.74033,"lng":-62.14844},"geometry":{"type":"Point","coordinates":[-62.14844,16.74033]}},{"type":"Feature","properties":{"name":"Montserrat","abbr":"MS","iso":"MSR","kind":"country","scope":"world","isUSA":false,"neType":"Dependency","continent":"North America","state":"Montserrat","direction":"S","directionLabel":"south","lat":16.6812,"lng":-62.15425},"geometry":{"type":"Point","coordinates":[-62.15425,16.6812]}},{"type":"Feature","properties":{"name":"Montserrat","abbr":"MS","iso":"MSR","kind":"country","scope":"world","isUSA":false,"neType":"Dependency","continent":"North America","state":"Montserrat","direction":"W","directionLabel":"west","lat":16.75156,"lng":-62.22305},"geometry":{"type":"Point","coordinates":[-62.22305,16.75156]}},{"type":"Feature","properties":{"name":"Jersey","abbr":"JE","iso":"JEY","kind":"country","scope":"world","isUSA":false,"neType":"Country","continent":"Europe","state":"Jersey","direction":"N","directionLabel":"north","lat":49.26636,"lng":-2.22051},"geometry":{"type":"Point","coordinates":[-2.22051,49.26636]}},{"type":"Feature","properties":{"name":"Jersey","abbr":"JE","iso":"JEY","kind":"country","scope":"world","isUSA":false,"neType":"Country","continent":"Europe","state":"Jersey","direction":"E","directionLabel":"east","lat":49.18081,"lng":-2.00991},"geometry":{"type":"Point","coordinates":[-2.00991,49.18081]}},{"type":"Feature","properties":{"name":"Jersey","abbr":"JE","iso":"JEY","kind":"country","scope":"world","isUSA":false,"neType":"Country","continent":"Europe","state":"Jersey","direction":"S","directionLabel":"south","lat":49.16982,"lng":-2.05376},"geometry":{"type":"Point","coordinates":[-2.05376,49.16982]}},{"type":"Feature","properties":{"name":"Jersey","abbr":"JE","iso":"JEY","kind":"country","scope":"world","isUSA":false,"neType":"Country","continent":"Europe","state":"Jersey","direction":"W","directionLabel":"west","lat":49.17637,"lng":-2.23584},"geometry":{"type":"Point","coordinates":[-2.23584,49.17637]}},{"type":"Feature","properties":{"name":"Guernsey","abbr":"GG","iso":"GGY","kind":"country","scope":"world","isUSA":false,"neType":"Country","continent":"Europe","state":"Guernsey","direction":"N","directionLabel":"north","lat":49.50659,"lng":-2.54219},"geometry":{"type":"Point","coordinates":[-2.54219,49.50659]}},{"type":"Feature","properties":{"name":"Guernsey","abbr":"GG","iso":"GGY","kind":"country","scope":"world","isUSA":false,"neType":"Country","continent":"Europe","state":"Guernsey","direction":"E","directionLabel":"east","lat":49.49453,"lng":-2.51231},"geometry":{"type":"Point","coordinates":[-2.51231,49.49453]}},{"type":"Feature","properties":{"name":"Guernsey","abbr":"GG","iso":"GGY","kind":"country","scope":"world","isUSA":false,"neType":"Country","continent":"Europe","state":"Guernsey","direction":"S","directionLabel":"south","lat":49.42871,"lng":-2.54736},"geometry":{"type":"Point","coordinates":[-2.54736,49.42871]}},{"type":"Feature","properties":{"name":"Guernsey","abbr":"GG","iso":"GGY","kind":"country","scope":"world","isUSA":false,"neType":"Country","continent":"Europe","state":"Guernsey","direction":"W","directionLabel":"west","lat":49.46821,"lng":-2.64614},"geometry":{"type":"Point","coordinates":[-2.64614,49.46821]}},{"type":"Feature","properties":{"name":"Isle of Man","abbr":"IM","iso":"IMN","kind":"country","scope":"world","isUSA":false,"neType":"Country","continent":"Europe","state":"Isle of Man","direction":"N","directionLabel":"north","lat":54.40718,"lng":-4.42471},"geometry":{"type":"Point","coordinates":[-4.42471,54.40718]}},{"type":"Feature","properties":{"name":"Isle of Man","abbr":"IM","iso":"IMN","kind":"country","scope":"world","isUSA":false,"neType":"Country","continent":"Europe","state":"Isle of Man","direction":"E","directionLabel":"east","lat":54.26909,"lng":-4.33799},"geometry":{"type":"Point","coordinates":[-4.33799,54.26909]}},{"type":"Feature","properties":{"name":"Isle of Man","abbr":"IM","iso":"IMN","kind":"country","scope":"world","isUSA":false,"neType":"Country","continent":"Europe","state":"Isle of Man","direction":"S","directionLabel":"south","lat":54.05869,"lng":-4.61426},"geometry":{"type":"Point","coordinates":[-4.61426,54.05869]}},{"type":"Feature","properties":{"name":"Isle of Man","abbr":"IM","iso":"IMN","kind":"country","scope":"world","isUSA":false,"neType":"Country","continent":"Europe","state":"Isle of Man","direction":"W","directionLabel":"west","lat":54.07305,"lng":-4.78535},"geometry":{"type":"Point","coordinates":[-4.78535,54.07305]}},{"type":"Feature","properties":{"name":"United Kingdom","abbr":"GB","iso":"GBR","kind":"country","scope":"world","isUSA":false,"neType":"Country","continent":"Europe","state":"United Kingdom","direction":"N","directionLabel":"north","lat":60.83188,"lng":-0.82344},"geometry":{"type":"Point","coordinates":[-0.82344,60.83188]}},{"type":"Feature","properties":{"name":"United Kingdom","abbr":"GB","iso":"GBR","kind":"country","scope":"world","isUSA":false,"neType":"Country","continent":"Europe","state":"United Kingdom","direction":"E","directionLabel":"east","lat":52.46899,"lng":1.74658},"geometry":{"type":"Point","coordinates":[1.74658,52.46899]}},{"type":"Feature","properties":{"name":"United Kingdom","abbr":"GB","iso":"GBR","kind":"country","scope":"world","isUSA":false,"neType":"Country","continent":"Europe","state":"United Kingdom","direction":"S","directionLabel":"south","lat":50.02139,"lng":-5.22524},"geometry":{"type":"Point","coordinates":[-5.22524,50.02139]}},{"type":"Feature","properties":{"name":"United Kingdom","abbr":"GB","iso":"GBR","kind":"country","scope":"world","isUSA":false,"neType":"Country","continent":"Europe","state":"United Kingdom","direction":"W","directionLabel":"west","lat":54.45352,"lng":-8.14482},"geometry":{"type":"Point","coordinates":[-8.14482,54.45352]}},{"type":"Feature","properties":{"name":"United Arab Emirates","abbr":"AE","iso":"ARE","kind":"country","scope":"world","isUSA":false,"neType":"Sovereign country","continent":"Asia","state":"United Arab Emirates","direction":"N","directionLabel":"north","lat":26.06816,"lng":56.1165},"geometry":{"type":"Point","coordinates":[56.1165,26.06816]}},{"type":"Feature","properties":{"name":"United Arab Emirates","abbr":"AE","iso":"ARE","kind":"country","scope":"world","isUSA":false,"neType":"Sovereign country","continent":"Asia","state":"United Arab Emirates","direction":"E","directionLabel":"east","lat":24.9792,"lng":56.38799},"geometry":{"type":"Point","coordinates":[56.38799,24.9792]}},{"type":"Feature","properties":{"name":"United Arab Emirates","abbr":"AE","iso":"ARE","kind":"country","scope":"world","isUSA":false,"neType":"Sovereign country","continent":"Asia","state":"United Arab Emirates","direction":"S","directionLabel":"south","lat":22.62148,"lng":55.1043},"geometry":{"type":"Point","coordinates":[55.1043,22.62148]}},{"type":"Feature","properties":{"name":"United Arab Emirates","abbr":"AE","iso":"ARE","kind":"country","scope":"world","isUSA":false,"neType":"Sovereign country","continent":"Asia","state":"United Arab Emirates","direction":"W","directionLabel":"west","lat":24.25791,"lng":51.56836},"geometry":{"type":"Point","coordinates":[51.56836,24.25791]}},{"type":"Feature","properties":{"name":"Ukraine","abbr":"UA","iso":"UKR","kind":"country","scope":"world","isUSA":false,"neType":"Sovereign country","continent":"Europe","state":"Ukraine","direction":"N","directionLabel":"north","lat":52.35356,"lng":33.28711},"geometry":{"type":"Point","coordinates":[33.28711,52.35356]}},{"type":"Feature","properties":{"name":"Ukraine","abbr":"UA","iso":"UKR","kind":"country","scope":"world","isUSA":false,"neType":"Sovereign country","continent":"Europe","state":"Ukraine","direction":"E","directionLabel":"east","lat":49.30723,"lng":40.12832},"geometry":{"type":"Point","coordinates":[40.12832,49.30723]}},{"type":"Feature","properties":{"name":"Ukraine","abbr":"UA","iso":"UKR","kind":"country","scope":"world","isUSA":false,"neType":"Sovereign country","continent":"Europe","state":"Ukraine","direction":"S","directionLabel":"south","lat":45.23413,"lng":28.76074},"geometry":{"type":"Point","coordinates":[28.76074,45.23413]}},{"type":"Feature","properties":{"name":"Ukraine","abbr":"UA","iso":"UKR","kind":"country","scope":"world","isUSA":false,"neType":"Sovereign country","continent":"Europe","state":"Ukraine","direction":"W","directionLabel":"west","lat":48.40532,"lng":22.13184},"geometry":{"type":"Point","coordinates":[22.13184,48.40532]}},{"type":"Feature","properties":{"name":"Uganda","abbr":"UG","iso":"UGA","kind":"country","scope":"world","isUSA":false,"neType":"Sovereign country","continent":"Africa","state":"Uganda","direction":"N","directionLabel":"north","lat":4.22021,"lng":33.97607},"geometry":{"type":"Point","coordinates":[33.97607,4.22021]}},{"type":"Feature","properties":{"name":"Uganda","abbr":"UG","iso":"UGA","kind":"country","scope":"world","isUSA":false,"neType":"Sovereign country","continent":"Africa","state":"Uganda","direction":"E","directionLabel":"east","lat":1.77363,"lng":34.97822},"geometry":{"type":"Point","coordinates":[34.97822,1.77363]}},{"type":"Feature","properties":{"name":"Uganda","abbr":"UG","iso":"UGA","kind":"country","scope":"world","isUSA":false,"neType":"Sovereign country","continent":"Africa","state":"Uganda","direction":"S","directionLabel":"south","lat":-1.46992,"lng":29.93008},"geometry":{"type":"Point","coordinates":[29.93008,-1.46992]}},{"type":"Feature","properties":{"name":"Uganda","abbr":"UG","iso":"UGA","kind":"country","scope":"world","isUSA":false,"neType":"Sovereign country","continent":"Africa","state":"Uganda","direction":"W","directionLabel":"west","lat":-0.97734,"lng":29.56191},"geometry":{"type":"Point","coordinates":[29.56191,-0.97734]}},{"type":"Feature","properties":{"name":"Turkmenistan","abbr":"TM","iso":"TKM","kind":"country","scope":"world","isUSA":false,"neType":"Sovereign country","continent":"Asia","state":"Turkmenistan","direction":"N","directionLabel":"north","lat":42.77847,"lng":58.58906},"geometry":{"type":"Point","coordinates":[58.58906,42.77847]}},{"type":"Feature","properties":{"name":"Turkmenistan","abbr":"TM","iso":"TKM","kind":"country","scope":"world","isUSA":false,"neType":"Sovereign country","continent":"Asia","state":"Turkmenistan","direction":"E","directionLabel":"east","lat":37.93203,"lng":66.6293},"geometry":{"type":"Point","coordinates":[66.6293,37.93203]}},{"type":"Feature","properties":{"name":"Turkmenistan","abbr":"TM","iso":"TKM","kind":"country","scope":"world","isUSA":false,"neType":"Sovereign country","continent":"Asia","state":"Turkmenistan","direction":"S","directionLabel":"south","lat":35.1708,"lng":62.30781},"geometry":{"type":"Point","coordinates":[62.30781,35.1708]}},{"type":"Feature","properties":{"name":"Turkmenistan","abbr":"TM","iso":"TKM","kind":"country","scope":"world","isUSA":false,"neType":"Sovereign country","continent":"Asia","state":"Turkmenistan","direction":"W","directionLabel":"west","lat":41.78037,"lng":52.49385},"geometry":{"type":"Point","coordinates":[52.49385,41.78037]}},{"type":"Feature","properties":{"name":"Turkey","abbr":"TR","iso":"TUR","kind":"country","scope":"world","isUSA":false,"neType":"Sovereign country","continent":"Asia","state":"Turkey","direction":"N","directionLabel":"north","lat":42.09326,"lng":27.24434},"geometry":{"type":"Point","coordinates":[27.24434,42.09326]}},{"type":"Feature","properties":{"name":"Turkey","abbr":"TR","iso":"TUR","kind":"country","scope":"world","isUSA":false,"neType":"Sovereign country","continent":"Asia","state":"Turkey","direction":"E","directionLabel":"east","lat":39.65044,"lng":44.81719},"geometry":{"type":"Point","coordinates":[44.81719,39.65044]}},{"type":"Feature","properties":{"name":"Turkey","abbr":"TR","iso":"TUR","kind":"country","scope":"world","isUSA":false,"neType":"Sovereign country","continent":"Asia","state":"Turkey","direction":"S","directionLabel":"south","lat":35.83145,"lng":36.12734},"geometry":{"type":"Point","coordinates":[36.12734,35.83145]}},{"type":"Feature","properties":{"name":"Turkey","abbr":"TR","iso":"TUR","kind":"country","scope":"world","isUSA":false,"neType":"Sovereign country","continent":"Asia","state":"Turkey","direction":"W","directionLabel":"west","lat":40.13589,"lng":25.66895},"geometry":{"type":"Point","coordinates":[25.66895,40.13589]}},{"type":"Feature","properties":{"name":"Tunisia","abbr":"TN","iso":"TUN","kind":"country","scope":"world","isUSA":false,"neType":"Sovereign country","continent":"Africa","state":"Tunisia","direction":"N","directionLabel":"north","lat":37.34038,"lng":9.68799},"geometry":{"type":"Point","coordinates":[9.68799,37.34038]}},{"type":"Feature","properties":{"name":"Tunisia","abbr":"TN","iso":"TUN","kind":"country","scope":"world","isUSA":false,"neType":"Sovereign country","continent":"Africa","state":"Tunisia","direction":"E","directionLabel":"east","lat":32.47334,"lng":11.53594},"geometry":{"type":"Point","coordinates":[11.53594,32.47334]}},{"type":"Feature","properties":{"name":"Tunisia","abbr":"TN","iso":"TUN","kind":"country","scope":"world","isUSA":false,"neType":"Sovereign country","continent":"Africa","state":"Tunisia","direction":"S","directionLabel":"south","lat":30.2294,"lng":9.51875},"geometry":{"type":"Point","coordinates":[9.51875,30.2294]}},{"type":"Feature","properties":{"name":"Tunisia","abbr":"TN","iso":"TUN","kind":"country","scope":"world","isUSA":false,"neType":"Sovereign country","continent":"Africa","state":"Tunisia","direction":"W","directionLabel":"west","lat":33.97651,"lng":7.49561},"geometry":{"type":"Point","coordinates":[7.49561,33.97651]}},{"type":"Feature","properties":{"name":"Trinidad and Tobago","abbr":"TT","iso":"TTO","kind":"country","scope":"world","isUSA":false,"neType":"Sovereign country","continent":"North America","state":"Trinidad and Tobago","direction":"N","directionLabel":"north","lat":11.32539,"lng":-60.52549},"geometry":{"type":"Point","coordinates":[-60.52549,11.32539]}},{"type":"Feature","properties":{"name":"Trinidad and Tobago","abbr":"TT","iso":"TTO","kind":"country","scope":"world","isUSA":false,"neType":"Sovereign country","continent":"North America","state":"Trinidad and Tobago","direction":"E","directionLabel":"east","lat":11.32539,"lng":-60.52549},"geometry":{"type":"Point","coordinates":[-60.52549,11.32539]}},{"type":"Feature","properties":{"name":"Trinidad and Tobago","abbr":"TT","iso":"TTO","kind":"country","scope":"world","isUSA":false,"neType":"Sovereign country","continent":"North America","state":"Trinidad and Tobago","direction":"S","directionLabel":"south","lat":10.06465,"lng":-61.59668},"geometry":{"type":"Point","coordinates":[-61.59668,10.06465]}},{"type":"Feature","properties":{"name":"Trinidad and Tobago","abbr":"TT","iso":"TTO","kind":"country","scope":"world","isUSA":false,"neType":"Sovereign country","continent":"North America","state":"Trinidad and Tobago","direction":"W","directionLabel":"west","lat":10.06914,"lng":-61.9061},"geometry":{"type":"Point","coordinates":[-61.9061,10.06914]}},{"type":"Feature","properties":{"name":"Tonga","abbr":"TO","iso":"TON","kind":"country","scope":"world","isUSA":false,"neType":"Sovereign country","continent":"Oceania","state":"Tonga","direction":"N","directionLabel":"north","lat":-18.56533,"lng":-173.96807},"geometry":{"type":"Point","coordinates":[-173.96807,-18.56533]}},{"type":"Feature","properties":{"name":"Tonga","abbr":"TO","iso":"TON","kind":"country","scope":"world","isUSA":false,"neType":"Sovereign country","continent":"Oceania","state":"Tonga","direction":"E","directionLabel":"east","lat":-18.58857,"lng":-173.92188},"geometry":{"type":"Point","coordinates":[-173.92188,-18.58857]}},{"type":"Feature","properties":{"name":"Tonga","abbr":"TO","iso":"TON","kind":"country","scope":"world","isUSA":false,"neType":"Sovereign country","continent":"Oceania","state":"Tonga","direction":"S","directionLabel":"south","lat":-21.45059,"lng":-174.91865},"geometry":{"type":"Point","coordinates":[-174.91865,-21.45059]}},{"type":"Feature","properties":{"name":"Tonga","abbr":"TO","iso":"TON","kind":"country","scope":"world","isUSA":false,"neType":"Sovereign country","continent":"Oceania","state":"Tonga","direction":"W","directionLabel":"west","lat":-21.10684,"lng":-175.36235},"geometry":{"type":"Point","coordinates":[-175.36235,-21.10684]}},{"type":"Feature","properties":{"name":"Togo","abbr":"TG","iso":"TGO","kind":"country","scope":"world","isUSA":false,"neType":"Sovereign country","continent":"Africa","state":"Togo","direction":"N","directionLabel":"north","lat":11.11562,"lng":-0.0686},"geometry":{"type":"Point","coordinates":[-0.0686,11.11562]}},{"type":"Feature","properties":{"name":"Togo","abbr":"TG","iso":"TGO","kind":"country","scope":"world","isUSA":false,"neType":"Sovereign country","continent":"Africa","state":"Togo","direction":"E","directionLabel":"east","lat":6.29463,"lng":1.77793},"geometry":{"type":"Point","coordinates":[1.77793,6.29463]}},{"type":"Feature","properties":{"name":"Togo","abbr":"TG","iso":"TGO","kind":"country","scope":"world","isUSA":false,"neType":"Sovereign country","continent":"Africa","state":"Togo","direction":"S","directionLabel":"south","lat":6.0894,"lng":1.18721},"geometry":{"type":"Point","coordinates":[1.18721,6.0894]}},{"type":"Feature","properties":{"name":"Togo","abbr":"TG","iso":"TGO","kind":"country","scope":"world","isUSA":false,"neType":"Sovereign country","continent":"Africa","state":"Togo","direction":"W","directionLabel":"west","lat":10.71553,"lng":-0.09019},"geometry":{"type":"Point","coordinates":[-0.09019,10.71553]}},{"type":"Feature","properties":{"name":"East Timor","abbr":"TL","iso":"TLS","kind":"country","scope":"world","isUSA":false,"neType":"Sovereign country","continent":"Asia","state":"East Timor","direction":"N","directionLabel":"north","lat":-8.13994,"lng":125.64609},"geometry":{"type":"Point","coordinates":[125.64609,-8.13994]}},{"type":"Feature","properties":{"name":"East Timor","abbr":"TL","iso":"TLS","kind":"country","scope":"world","isUSA":false,"neType":"Sovereign country","continent":"Asia","state":"East Timor","direction":"E","directionLabel":"east","lat":-8.42451,"lng":127.29609},"geometry":{"type":"Point","coordinates":[127.29609,-8.42451]}},{"type":"Feature","properties":{"name":"East Timor","abbr":"TL","iso":"TLS","kind":"country","scope":"world","isUSA":false,"neType":"Sovereign country","continent":"Asia","state":"East Timor","direction":"S","directionLabel":"south","lat":-9.51191,"lng":125.06816},"geometry":{"type":"Point","coordinates":[125.06816,-9.51191]}},{"type":"Feature","properties":{"name":"East Timor","abbr":"TL","iso":"TLS","kind":"country","scope":"world","isUSA":false,"neType":"Sovereign country","continent":"Asia","state":"East Timor","direction":"W","directionLabel":"west","lat":-9.3416,"lng":124.03633},"geometry":{"type":"Point","coordinates":[124.03633,-9.3416]}},{"type":"Feature","properties":{"name":"Thailand","abbr":"TH","iso":"THA","kind":"country","scope":"world","isUSA":false,"neType":"Sovereign country","continent":"Asia","state":"Thailand","direction":"N","directionLabel":"north","lat":20.42441,"lng":99.89033},"geometry":{"type":"Point","coordinates":[99.89033,20.42441]}},{"type":"Feature","properties":{"name":"Thailand","abbr":"TH","iso":"THA","kind":"country","scope":"world","isUSA":false,"neType":"Sovereign country","continent":"Asia","state":"Thailand","direction":"E","directionLabel":"east","lat":15.65654,"lng":105.64102},"geometry":{"type":"Point","coordinates":[105.64102,15.65654]}},{"type":"Feature","properties":{"name":"Thailand","abbr":"TH","iso":"THA","kind":"country","scope":"world","isUSA":false,"neType":"Sovereign country","continent":"Asia","state":"Thailand","direction":"S","directionLabel":"south","lat":5.63677,"lng":101.11396},"geometry":{"type":"Point","coordinates":[101.11396,5.63677]}},{"type":"Feature","properties":{"name":"Thailand","abbr":"TH","iso":"THA","kind":"country","scope":"world","isUSA":false,"neType":"Sovereign country","continent":"Asia","state":"Thailand","direction":"W","directionLabel":"west","lat":18.51797,"lng":97.37393},"geometry":{"type":"Point","coordinates":[97.37393,18.51797]}},{"type":"Feature","properties":{"name":"Tanzania","abbr":"TZ","iso":"TZA","kind":"country","scope":"world","isUSA":false,"neType":"Sovereign country","continent":"Africa","state":"Tanzania","direction":"N","directionLabel":"north","lat":-0.99492,"lng":30.80918},"geometry":{"type":"Point","coordinates":[30.80918,-0.99492]}},{"type":"Feature","properties":{"name":"Tanzania","abbr":"TZ","iso":"TZA","kind":"country","scope":"world","isUSA":false,"neType":"Sovereign country","continent":"Africa","state":"Tanzania","direction":"E","directionLabel":"east","lat":-10.46435,"lng":40.46357},"geometry":{"type":"Point","coordinates":[40.46357,-10.46435]}},{"type":"Feature","properties":{"name":"Tanzania","abbr":"TZ","iso":"TZA","kind":"country","scope":"world","isUSA":false,"neType":"Sovereign country","continent":"Africa","state":"Tanzania","direction":"S","directionLabel":"south","lat":-11.71621,"lng":36.51865},"geometry":{"type":"Point","coordinates":[36.51865,-11.71621]}},{"type":"Feature","properties":{"name":"Tanzania","abbr":"TZ","iso":"TZA","kind":"country","scope":"world","isUSA":false,"neType":"Sovereign country","continent":"Africa","state":"Tanzania","direction":"W","directionLabel":"west","lat":-4.89883,"lng":29.32344},"geometry":{"type":"Point","coordinates":[29.32344,-4.89883]}},{"type":"Feature","properties":{"name":"Tajikistan","abbr":"TJ","iso":"TJK","kind":"country","scope":"world","isUSA":false,"neType":"Sovereign country","continent":"Asia","state":"Tajikistan","direction":"N","directionLabel":"north","lat":41.03511,"lng":70.40195},"geometry":{"type":"Point","coordinates":[70.40195,41.03511]}},{"type":"Feature","properties":{"name":"Tajikistan","abbr":"TJ","iso":"TJK","kind":"country","scope":"world","isUSA":false,"neType":"Sovereign country","continent":"Asia","state":"Tajikistan","direction":"E","directionLabel":"east","lat":37.38569,"lng":75.11875},"geometry":{"type":"Point","coordinates":[75.11875,37.38569]}},{"type":"Feature","properties":{"name":"Tajikistan","abbr":"TJ","iso":"TJK","kind":"country","scope":"world","isUSA":false,"neType":"Sovereign country","continent":"Asia","state":"Tajikistan","direction":"S","directionLabel":"south","lat":36.68403,"lng":71.73379},"geometry":{"type":"Point","coordinates":[71.73379,36.68403]}},{"type":"Feature","properties":{"name":"Tajikistan","abbr":"TJ","iso":"TJK","kind":"country","scope":"world","isUSA":false,"neType":"Sovereign country","continent":"Asia","state":"Tajikistan","direction":"W","directionLabel":"west","lat":39.24209,"lng":67.34961},"geometry":{"type":"Point","coordinates":[67.34961,39.24209]}},{"type":"Feature","properties":{"name":"Taiwan","abbr":"TW","iso":"TWN","kind":"country","scope":"world","isUSA":false,"neType":"Sovereign country","continent":"Asia","state":"Taiwan","direction":"N","directionLabel":"north","lat":25.2769,"lng":121.51709},"geometry":{"type":"Point","coordinates":[121.51709,25.2769]}},{"type":"Feature","properties":{"name":"Taiwan","abbr":"TW","iso":"TWN","kind":"country","scope":"world","isUSA":false,"neType":"Sovereign country","continent":"Asia","state":"Taiwan","direction":"E","directionLabel":"east","lat":24.97373,"lng":121.929},"geometry":{"type":"Point","coordinates":[121.929,24.97373]}},{"type":"Feature","properties":{"name":"Taiwan","abbr":"TW","iso":"TWN","kind":"country","scope":"world","isUSA":false,"neType":"Sovereign country","continent":"Asia","state":"Taiwan","direction":"S","directionLabel":"south","lat":21.925,"lng":120.83984},"geometry":{"type":"Point","coordinates":[120.83984,21.925]}},{"type":"Feature","properties":{"name":"Taiwan","abbr":"TW","iso":"TWN","kind":"country","scope":"world","isUSA":false,"neType":"Sovereign country","continent":"Asia","state":"Taiwan","direction":"W","directionLabel":"west","lat":24.47661,"lng":118.28731},"geometry":{"type":"Point","coordinates":[118.28731,24.47661]}},{"type":"Feature","properties":{"name":"Syria","abbr":"SY","iso":"SYR","kind":"country","scope":"world","isUSA":false,"neType":"Sovereign country","continent":"Asia","state":"Syria","direction":"N","directionLabel":"north","lat":37.29727,"lng":42.20273},"geometry":{"type":"Point","coordinates":[42.20273,37.29727]}},{"type":"Feature","properties":{"name":"Syria","abbr":"SY","iso":"SYR","kind":"country","scope":"world","isUSA":false,"neType":"Sovereign country","continent":"Asia","state":"Syria","direction":"E","directionLabel":"east","lat":37.09502,"lng":42.35908},"geometry":{"type":"Point","coordinates":[42.35908,37.09502]}},{"type":"Feature","properties":{"name":"Syria","abbr":"SY","iso":"SYR","kind":"country","scope":"world","isUSA":false,"neType":"Sovereign country","continent":"Asia","state":"Syria","direction":"S","directionLabel":"south","lat":32.31728,"lng":36.81836},"geometry":{"type":"Point","coordinates":[36.81836,32.31728]}},{"type":"Feature","properties":{"name":"Syria","abbr":"SY","iso":"SYR","kind":"country","scope":"world","isUSA":false,"neType":"Sovereign country","continent":"Asia","state":"Syria","direction":"W","directionLabel":"west","lat":35.57158,"lng":35.76445},"geometry":{"type":"Point","coordinates":[35.76445,35.57158]}},{"type":"Feature","properties":{"name":"Switzerland","abbr":"CH","iso":"CHE","kind":"country","scope":"world","isUSA":false,"neType":"Sovereign country","continent":"Europe","state":"Switzerland","direction":"N","directionLabel":"north","lat":47.77564,"lng":8.57266},"geometry":{"type":"Point","coordinates":[8.57266,47.77564]}},{"type":"Feature","properties":{"name":"Switzerland","abbr":"CH","iso":"CHE","kind":"country","scope":"world","isUSA":false,"neType":"Sovereign country","continent":"Europe","state":"Switzerland","direction":"E","directionLabel":"east","lat":46.89941,"lng":10.45459},"geometry":{"type":"Point","coordinates":[10.45459,46.89941]}},{"type":"Feature","properties":{"name":"Switzerland","abbr":"CH","iso":"CHE","kind":"country","scope":"world","isUSA":false,"neType":"Sovereign country","continent":"Europe","state":"Switzerland","direction":"S","directionLabel":"south","lat":45.83003,"lng":8.95371},"geometry":{"type":"Point","coordinates":[8.95371,45.83003]}},{"type":"Feature","properties":{"name":"Switzerland","abbr":"CH","iso":"CHE","kind":"country","scope":"world","isUSA":false,"neType":"Sovereign country","continent":"Europe","state":"Switzerland","direction":"W","directionLabel":"west","lat":46.2147,"lng":5.97002},"geometry":{"type":"Point","coordinates":[5.97002,46.2147]}},{"type":"Feature","properties":{"name":"Sweden","abbr":"SE","iso":"SWE","kind":"country","scope":"world","isUSA":false,"neType":"Sovereign country","continent":"Europe","state":"Sweden","direction":"N","directionLabel":"north","lat":69.03687,"lng":20.62217},"geometry":{"type":"Point","coordinates":[20.62217,69.03687]}},{"type":"Feature","properties":{"name":"Sweden","abbr":"SE","iso":"SWE","kind":"country","scope":"world","isUSA":false,"neType":"Sovereign country","continent":"Europe","state":"Sweden","direction":"E","directionLabel":"east","lat":65.80527,"lng":24.15547},"geometry":{"type":"Point","coordinates":[24.15547,65.80527]}},{"type":"Feature","properties":{"name":"Sweden","abbr":"SE","iso":"SWE","kind":"country","scope":"world","isUSA":false,"neType":"Sovereign country","continent":"Europe","state":"Sweden","direction":"S","directionLabel":"south","lat":55.34639,"lng":13.32139},"geometry":{"type":"Point","coordinates":[13.32139,55.34639]}},{"type":"Feature","properties":{"name":"Sweden","abbr":"SE","iso":"SWE","kind":"country","scope":"world","isUSA":false,"neType":"Sovereign country","continent":"Europe","state":"Sweden","direction":"W","directionLabel":"west","lat":58.98862,"lng":11.14717},"geometry":{"type":"Point","coordinates":[11.14717,58.98862]}},{"type":"Feature","properties":{"name":"Eswatini","abbr":"SZ","iso":"SWZ","kind":"country","scope":"world","isUSA":false,"neType":"Sovereign country","continent":"Africa","state":"Eswatini","direction":"N","directionLabel":"north","lat":-25.74297,"lng":31.38262},"geometry":{"type":"Point","coordinates":[31.38262,-25.74297]}},{"type":"Feature","properties":{"name":"Eswatini","abbr":"SZ","iso":"SWZ","kind":"country","scope":"world","isUSA":false,"neType":"Sovereign country","continent":"Africa","state":"Eswatini","direction":"E","directionLabel":"east","lat":-26.83945,"lng":32.11289},"geometry":{"type":"Point","coordinates":[32.11289,-26.83945]}},{"type":"Feature","properties":{"name":"Eswatini","abbr":"SZ","iso":"SWZ","kind":"country","scope":"world","isUSA":false,"neType":"Sovereign country","continent":"Africa","state":"Eswatini","direction":"S","directionLabel":"south","lat":-27.30996,"lng":31.74258},"geometry":{"type":"Point","coordinates":[31.74258,-27.30996]}},{"type":"Feature","properties":{"name":"Eswatini","abbr":"SZ","iso":"SWZ","kind":"country","scope":"world","isUSA":false,"neType":"Sovereign country","continent":"Africa","state":"Eswatini","direction":"W","directionLabel":"west","lat":-26.61367,"lng":30.7875},"geometry":{"type":"Point","coordinates":[30.7875,-26.61367]}},{"type":"Feature","properties":{"name":"Suriname","abbr":"SR","iso":"SUR","kind":"country","scope":"world","isUSA":false,"neType":"Sovereign country","continent":"South America","state":"Suriname","direction":"N","directionLabel":"north","lat":5.99346,"lng":-55.14829},"geometry":{"type":"Point","coordinates":[-55.14829,5.99346]}},{"type":"Feature","properties":{"name":"Suriname","abbr":"SR","iso":"SUR","kind":"country","scope":"world","isUSA":false,"neType":"Sovereign country","continent":"South America","state":"Suriname","direction":"E","directionLabel":"east","lat":3.58955,"lng":-53.99048},"geometry":{"type":"Point","coordinates":[-53.99048,3.58955]}},{"type":"Feature","properties":{"name":"Suriname","abbr":"SR","iso":"SUR","kind":"country","scope":"world","isUSA":false,"neType":"Sovereign country","continent":"South America","state":"Suriname","direction":"S","directionLabel":"south","lat":1.84224,"lng":-56.01992},"geometry":{"type":"Point","coordinates":[-56.01992,1.84224]}},{"type":"Feature","properties":{"name":"Suriname","abbr":"SR","iso":"SUR","kind":"country","scope":"world","isUSA":false,"neType":"Sovereign country","continent":"South America","state":"Suriname","direction":"W","directionLabel":"west","lat":4.17192,"lng":-58.05449},"geometry":{"type":"Point","coordinates":[-58.05449,4.17192]}},{"type":"Feature","properties":{"name":"South Sudan","abbr":"SS","iso":"SSD","kind":"country","scope":"world","isUSA":false,"neType":"Sovereign country","continent":"Africa","state":"South Sudan","direction":"N","directionLabel":"north","lat":12.2231,"lng":32.72187},"geometry":{"type":"Point","coordinates":[32.72187,12.2231]}},{"type":"Feature","properties":{"name":"South Sudan","abbr":"SS","iso":"SSD","kind":"country","scope":"world","isUSA":false,"neType":"Sovereign country","continent":"Africa","state":"South Sudan","direction":"E","directionLabel":"east","lat":5.49228,"lng":35.26836},"geometry":{"type":"Point","coordinates":[35.26836,5.49228]}},{"type":"Feature","properties":{"name":"South Sudan","abbr":"SS","iso":"SSD","kind":"country","scope":"world","isUSA":false,"neType":"Sovereign country","continent":"Africa","state":"South Sudan","direction":"S","directionLabel":"south","lat":3.49072,"lng":30.83857},"geometry":{"type":"Point","coordinates":[30.83857,3.49072]}},{"type":"Feature","properties":{"name":"South Sudan","abbr":"SS","iso":"SSD","kind":"country","scope":"world","isUSA":false,"neType":"Sovereign country","continent":"Africa","state":"South Sudan","direction":"W","directionLabel":"west","lat":8.66563,"lng":24.14736},"geometry":{"type":"Point","coordinates":[24.14736,8.66563]}},{"type":"Feature","properties":{"name":"Sudan","abbr":"SD","iso":"SDN","kind":"country","scope":"world","isUSA":false,"neType":"Sovereign country","continent":"Africa","state":"Sudan","direction":"N","directionLabel":"north","lat":22.20244,"lng":31.40029},"geometry":{"type":"Point","coordinates":[31.40029,22.20244]}},{"type":"Feature","properties":{"name":"Sudan","abbr":"SD","iso":"SDN","kind":"country","scope":"world","isUSA":false,"neType":"Sovereign country","continent":"Africa","state":"Sudan","direction":"E","directionLabel":"east","lat":18.00508,"lng":38.60947},"geometry":{"type":"Point","coordinates":[38.60947,18.00508]}},{"type":"Feature","properties":{"name":"Sudan","abbr":"SD","iso":"SDN","kind":"country","scope":"world","isUSA":false,"neType":"Sovereign country","continent":"Africa","state":"Sudan","direction":"S","directionLabel":"south","lat":8.66563,"lng":24.14736},"geometry":{"type":"Point","coordinates":[24.14736,8.66563]}},{"type":"Feature","properties":{"name":"Sudan","abbr":"SD","iso":"SDN","kind":"country","scope":"world","isUSA":false,"neType":"Sovereign country","continent":"Africa","state":"Sudan","direction":"W","directionLabel":"west","lat":12.79053,"lng":21.82529},"geometry":{"type":"Point","coordinates":[21.82529,12.79053]}},{"type":"Feature","properties":{"name":"Sri Lanka","abbr":"LK","iso":"LKA","kind":"country","scope":"world","isUSA":false,"neType":"Sovereign country","continent":"Asia","state":"Sri Lanka","direction":"N","directionLabel":"north","lat":9.81269,"lng":79.98232},"geometry":{"type":"Point","coordinates":[79.98232,9.81269]}},{"type":"Feature","properties":{"name":"Sri Lanka","abbr":"LK","iso":"LKA","kind":"country","scope":"world","isUSA":false,"neType":"Sovereign country","continent":"Asia","state":"Sri Lanka","direction":"E","directionLabel":"east","lat":7.02046,"lng":81.87695},"geometry":{"type":"Point","coordinates":[81.87695,7.02046]}},{"type":"Feature","properties":{"name":"Sri Lanka","abbr":"LK","iso":"LKA","kind":"country","scope":"world","isUSA":false,"neType":"Sovereign country","continent":"Asia","state":"Sri Lanka","direction":"S","directionLabel":"south","lat":5.94937,"lng":80.4958},"geometry":{"type":"Point","coordinates":[80.4958,5.94937]}},{"type":"Feature","properties":{"name":"Sri Lanka","abbr":"LK","iso":"LKA","kind":"country","scope":"world","isUSA":false,"neType":"Sovereign country","continent":"Asia","state":"Sri Lanka","direction":"W","directionLabel":"west","lat":8.06567,"lng":79.70781},"geometry":{"type":"Point","coordinates":[79.70781,8.06567]}},{"type":"Feature","properties":{"name":"Spain","abbr":"ES","iso":"ESP","kind":"country","scope":"world","isUSA":false,"neType":"Sovereign country","continent":"Europe","state":"Spain","direction":"N","directionLabel":"north","lat":43.76455,"lng":-7.69815},"geometry":{"type":"Point","coordinates":[-7.69815,43.76455]}},{"type":"Feature","properties":{"name":"Spain","abbr":"ES","iso":"ESP","kind":"country","scope":"world","isUSA":false,"neType":"Sovereign country","continent":"Europe","state":"Spain","direction":"E","directionLabel":"east","lat":39.89751,"lng":4.32207},"geometry":{"type":"Point","coordinates":[4.32207,39.89751]}},{"type":"Feature","properties":{"name":"Spain","abbr":"ES","iso":"ESP","kind":"country","scope":"world","isUSA":false,"neType":"Sovereign country","continent":"Europe","state":"Spain","direction":"S","directionLabel":"south","lat":27.64639,"lng":-17.98477},"geometry":{"type":"Point","coordinates":[-17.98477,27.64639]}},{"type":"Feature","properties":{"name":"Spain","abbr":"ES","iso":"ESP","kind":"country","scope":"world","isUSA":false,"neType":"Sovereign country","continent":"Europe","state":"Spain","direction":"W","directionLabel":"west","lat":27.76148,"lng":-18.16055},"geometry":{"type":"Point","coordinates":[-18.16055,27.76148]}},{"type":"Feature","properties":{"name":"South Korea","abbr":"KR","iso":"KOR","kind":"country","scope":"world","isUSA":false,"neType":"Sovereign country","continent":"Asia","state":"South Korea","direction":"N","directionLabel":"north","lat":38.62344,"lng":128.37461},"geometry":{"type":"Point","coordinates":[128.37461,38.62344]}},{"type":"Feature","properties":{"name":"South Korea","abbr":"KR","iso":"KOR","kind":"country","scope":"world","isUSA":false,"neType":"Sovereign country","continent":"Asia","state":"South Korea","direction":"E","directionLabel":"east","lat":37.52974,"lng":130.93428},"geometry":{"type":"Point","coordinates":[130.93428,37.52974]}},{"type":"Feature","properties":{"name":"South Korea","abbr":"KR","iso":"KOR","kind":"country","scope":"world","isUSA":false,"neType":"Sovereign country","continent":"Asia","state":"South Korea","direction":"S","directionLabel":"south","lat":33.20151,"lng":126.28203},"geometry":{"type":"Point","coordinates":[126.28203,33.20151]}},{"type":"Feature","properties":{"name":"South Korea","abbr":"KR","iso":"KOR","kind":"country","scope":"world","isUSA":false,"neType":"Sovereign country","continent":"Asia","state":"South Korea","direction":"W","directionLabel":"west","lat":34.86748,"lng":126.00752},"geometry":{"type":"Point","coordinates":[126.00752,34.86748]}},{"type":"Feature","properties":{"name":"South Africa","abbr":"ZA","iso":"ZAF","kind":"country","scope":"world","isUSA":false,"neType":"Sovereign country","continent":"Africa","state":"South Africa","direction":"N","directionLabel":"north","lat":-22.14629,"lng":29.66309},"geometry":{"type":"Point","coordinates":[29.66309,-22.14629]}},{"type":"Feature","properties":{"name":"South Africa","abbr":"ZA","iso":"ZAF","kind":"country","scope":"world","isUSA":false,"neType":"Sovereign country","continent":"Africa","state":"South Africa","direction":"E","directionLabel":"east","lat":-46.90166,"lng":37.8877},"geometry":{"type":"Point","coordinates":[37.8877,-46.90166]}},{"type":"Feature","properties":{"name":"South Africa","abbr":"ZA","iso":"ZAF","kind":"country","scope":"world","isUSA":false,"neType":"Sovereign country","continent":"Africa","state":"South Africa","direction":"S","directionLabel":"south","lat":-46.96289,"lng":37.81397},"geometry":{"type":"Point","coordinates":[37.81397,-46.96289]}},{"type":"Feature","properties":{"name":"South Africa","abbr":"ZA","iso":"ZAF","kind":"country","scope":"world","isUSA":false,"neType":"Sovereign country","continent":"Africa","state":"South Africa","direction":"W","directionLabel":"west","lat":-28.61758,"lng":16.44756},"geometry":{"type":"Point","coordinates":[16.44756,-28.61758]}},{"type":"Feature","properties":{"name":"Somalia","abbr":"SO","iso":"SOM","kind":"country","scope":"world","isUSA":false,"neType":"Sovereign country","continent":"Africa","state":"Somalia","direction":"N","directionLabel":"north","lat":11.98369,"lng":50.79228},"geometry":{"type":"Point","coordinates":[50.79228,11.98369]}},{"type":"Feature","properties":{"name":"Somalia","abbr":"SO","iso":"SOM","kind":"country","scope":"world","isUSA":false,"neType":"Sovereign country","continent":"Africa","state":"Somalia","direction":"E","directionLabel":"east","lat":10.42261,"lng":51.39023},"geometry":{"type":"Point","coordinates":[51.39023,10.42261]}},{"type":"Feature","properties":{"name":"Somalia","abbr":"SO","iso":"SOM","kind":"country","scope":"world","isUSA":false,"neType":"Sovereign country","continent":"Africa","state":"Somalia","direction":"S","directionLabel":"south","lat":-1.69531,"lng":41.53272},"geometry":{"type":"Point","coordinates":[41.53272,-1.69531]}},{"type":"Feature","properties":{"name":"Somalia","abbr":"SO","iso":"SOM","kind":"country","scope":"world","isUSA":false,"neType":"Sovereign country","continent":"Africa","state":"Somalia","direction":"W","directionLabel":"west","lat":2.81465,"lng":40.96445},"geometry":{"type":"Point","coordinates":[40.96445,2.81465]}},{"type":"Feature","properties":{"name":"Somaliland","abbr":"SOL","iso":"SOL","kind":"country","scope":"world","isUSA":false,"neType":"Sovereign country","continent":"Africa","state":"Somaliland","direction":"N","directionLabel":"north","lat":11.49981,"lng":43.246},"geometry":{"type":"Point","coordinates":[43.246,11.49981]}},{"type":"Feature","properties":{"name":"Somaliland","abbr":"SOL","iso":"SOL","kind":"country","scope":"world","isUSA":false,"neType":"Sovereign country","continent":"Africa","state":"Somaliland","direction":"E","directionLabel":"east","lat":11.25845,"lng":48.93857},"geometry":{"type":"Point","coordinates":[48.93857,11.25845]}},{"type":"Feature","properties":{"name":"Somaliland","abbr":"SOL","iso":"SOL","kind":"country","scope":"world","isUSA":false,"neType":"Sovereign country","continent":"Africa","state":"Somaliland","direction":"S","directionLabel":"south","lat":7.99707,"lng":47.97822},"geometry":{"type":"Point","coordinates":[47.97822,7.99707]}},{"type":"Feature","properties":{"name":"Somaliland","abbr":"SOL","iso":"SOL","kind":"country","scope":"world","isUSA":false,"neType":"Sovereign country","continent":"Africa","state":"Somaliland","direction":"W","directionLabel":"west","lat":10.6,"lng":42.65644},"geometry":{"type":"Point","coordinates":[42.65644,10.6]}},{"type":"Feature","properties":{"name":"Solomon Islands","abbr":"SB","iso":"SLB","kind":"country","scope":"world","isUSA":false,"neType":"Sovereign country","continent":"Oceania","state":"Solomon Islands","direction":"N","directionLabel":"north","lat":-6.60889,"lng":156.4794},"geometry":{"type":"Point","coordinates":[156.4794,-6.60889]}},{"type":"Feature","properties":{"name":"Solomon Islands","abbr":"SB","iso":"SLB","kind":"country","scope":"world","isUSA":false,"neType":"Sovereign country","continent":"Oceania","state":"Solomon Islands","direction":"E","directionLabel":"east","lat":-11.66514,"lng":166.9292},"geometry":{"type":"Point","coordinates":[166.9292,-11.66514]}},{"type":"Feature","properties":{"name":"Solomon Islands","abbr":"SB","iso":"SLB","kind":"country","scope":"world","isUSA":false,"neType":"Sovereign country","continent":"Oceania","state":"Solomon Islands","direction":"S","directionLabel":"south","lat":-11.83223,"lng":160.50654},"geometry":{"type":"Point","coordinates":[160.50654,-11.83223]}},{"type":"Feature","properties":{"name":"Solomon Islands","abbr":"SB","iso":"SLB","kind":"country","scope":"world","isUSA":false,"neType":"Sovereign country","continent":"Oceania","state":"Solomon Islands","direction":"W","directionLabel":"west","lat":-7.08896,"lng":155.67754},"geometry":{"type":"Point","coordinates":[155.67754,-7.08896]}},{"type":"Feature","properties":{"name":"Slovakia","abbr":"SK","iso":"SVK","kind":"country","scope":"world","isUSA":false,"neType":"Sovereign country","continent":"Europe","state":"Slovakia","direction":"N","directionLabel":"north","lat":49.5977,"lng":19.4416},"geometry":{"type":"Point","coordinates":[19.4416,49.5977]}},{"type":"Feature","properties":{"name":"Slovakia","abbr":"SK","iso":"SVK","kind":"country","scope":"world","isUSA":false,"neType":"Sovereign country","continent":"Europe","state":"Slovakia","direction":"E","directionLabel":"east","lat":49.0727,"lng":22.53867},"geometry":{"type":"Point","coordinates":[22.53867,49.0727]}},{"type":"Feature","properties":{"name":"Slovakia","abbr":"SK","iso":"SVK","kind":"country","scope":"world","isUSA":false,"neType":"Sovereign country","continent":"Europe","state":"Slovakia","direction":"S","directionLabel":"south","lat":47.76343,"lng":18.1456},"geometry":{"type":"Point","coordinates":[18.1456,47.76343]}},{"type":"Feature","properties":{"name":"Slovakia","abbr":"SK","iso":"SVK","kind":"country","scope":"world","isUSA":false,"neType":"Sovereign country","continent":"Europe","state":"Slovakia","direction":"W","directionLabel":"west","lat":48.44141,"lng":16.86269},"geometry":{"type":"Point","coordinates":[16.86269,48.44141]}},{"type":"Feature","properties":{"name":"Slovenia","abbr":"SI","iso":"SVN","kind":"country","scope":"world","isUSA":false,"neType":"Sovereign country","continent":"Europe","state":"Slovenia","direction":"N","directionLabel":"north","lat":46.86328,"lng":16.09307},"geometry":{"type":"Point","coordinates":[16.09307,46.86328]}},{"type":"Feature","properties":{"name":"Slovenia","abbr":"SI","iso":"SVN","kind":"country","scope":"world","isUSA":false,"neType":"Sovereign country","continent":"Europe","state":"Slovenia","direction":"E","directionLabel":"east","lat":46.4999,"lng":16.51621},"geometry":{"type":"Point","coordinates":[16.51621,46.4999]}},{"type":"Feature","properties":{"name":"Slovenia","abbr":"SI","iso":"SVN","kind":"country","scope":"world","isUSA":false,"neType":"Sovereign country","continent":"Europe","state":"Slovenia","direction":"S","directionLabel":"south","lat":45.42837,"lng":13.87871},"geometry":{"type":"Point","coordinates":[13.87871,45.42837]}},{"type":"Feature","properties":{"name":"Slovenia","abbr":"SI","iso":"SVN","kind":"country","scope":"world","isUSA":false,"neType":"Sovereign country","continent":"Europe","state":"Slovenia","direction":"W","directionLabel":"west","lat":46.26162,"lng":13.37822},"geometry":{"type":"Point","coordinates":[13.37822,46.26162]}},{"type":"Feature","properties":{"name":"Singapore","abbr":"SG","iso":"SGP","kind":"country","scope":"world","isUSA":false,"neType":"Sovereign country","continent":"Asia","state":"Singapore","direction":"N","directionLabel":"north","lat":1.44707,"lng":103.81797},"geometry":{"type":"Point","coordinates":[103.81797,1.44707]}},{"type":"Feature","properties":{"name":"Singapore","abbr":"SG","iso":"SGP","kind":"country","scope":"world","isUSA":false,"neType":"Sovereign country","continent":"Asia","state":"Singapore","direction":"E","directionLabel":"east","lat":1.36523,"lng":103.99639},"geometry":{"type":"Point","coordinates":[103.99639,1.36523]}},{"type":"Feature","properties":{"name":"Singapore","abbr":"SG","iso":"SGP","kind":"country","scope":"world","isUSA":false,"neType":"Sovereign country","continent":"Asia","state":"Singapore","direction":"S","directionLabel":"south","lat":1.26538,"lng":103.81992},"geometry":{"type":"Point","coordinates":[103.81992,1.26538]}},{"type":"Feature","properties":{"name":"Singapore","abbr":"SG","iso":"SGP","kind":"country","scope":"world","isUSA":false,"neType":"Sovereign country","continent":"Asia","state":"Singapore","direction":"W","directionLabel":"west","lat":1.32554,"lng":103.65019},"geometry":{"type":"Point","coordinates":[103.65019,1.32554]}},{"type":"Feature","properties":{"name":"Sierra Leone","abbr":"SL","iso":"SLE","kind":"country","scope":"world","isUSA":false,"neType":"Sovereign country","continent":"Africa","state":"Sierra Leone","direction":"N","directionLabel":"north","lat":9.99653,"lng":-11.27363},"geometry":{"type":"Point","coordinates":[-11.27363,9.99653]}},{"type":"Feature","properties":{"name":"Sierra Leone","abbr":"SL","iso":"SLE","kind":"country","scope":"world","isUSA":false,"neType":"Sovereign country","continent":"Africa","state":"Sierra Leone","direction":"E","directionLabel":"east","lat":8.48516,"lng":-10.2832},"geometry":{"type":"Point","coordinates":[-10.2832,8.48516]}},{"type":"Feature","properties":{"name":"Sierra Leone","abbr":"SL","iso":"SLE","kind":"country","scope":"world","isUSA":false,"neType":"Sovereign country","continent":"Africa","state":"Sierra Leone","direction":"S","directionLabel":"south","lat":6.90654,"lng":-11.50752},"geometry":{"type":"Point","coordinates":[-11.50752,6.90654]}},{"type":"Feature","properties":{"name":"Sierra Leone","abbr":"SL","iso":"SLE","kind":"country","scope":"world","isUSA":false,"neType":"Sovereign country","continent":"Africa","state":"Sierra Leone","direction":"W","directionLabel":"west","lat":9.04922,"lng":-13.29268},"geometry":{"type":"Point","coordinates":[-13.29268,9.04922]}},{"type":"Feature","properties":{"name":"Seychelles","abbr":"SC","iso":"SYC","kind":"country","scope":"world","isUSA":false,"neType":"Sovereign country","continent":"Seven seas (open ocean)","state":"Seychelles","direction":"N","directionLabel":"north","lat":-4.55879,"lng":55.45576},"geometry":{"type":"Point","coordinates":[55.45576,-4.55879]}},{"type":"Feature","properties":{"name":"Seychelles","abbr":"SC","iso":"SYC","kind":"country","scope":"world","isUSA":false,"neType":"Sovereign country","continent":"Seven seas (open ocean)","state":"Seychelles","direction":"E","directionLabel":"east","lat":-4.78555,"lng":55.54297},"geometry":{"type":"Point","coordinates":[55.54297,-4.78555]}},{"type":"Feature","properties":{"name":"Seychelles","abbr":"SC","iso":"SYC","kind":"country","scope":"world","isUSA":false,"neType":"Sovereign country","continent":"Seven seas (open ocean)","state":"Seychelles","direction":"S","directionLabel":"south","lat":-4.78555,"lng":55.54297},"geometry":{"type":"Point","coordinates":[55.54297,-4.78555]}},{"type":"Feature","properties":{"name":"Seychelles","abbr":"SC","iso":"SYC","kind":"country","scope":"world","isUSA":false,"neType":"Sovereign country","continent":"Seven seas (open ocean)","state":"Seychelles","direction":"W","directionLabel":"west","lat":-4.60928,"lng":55.3834},"geometry":{"type":"Point","coordinates":[55.3834,-4.60928]}},{"type":"Feature","properties":{"name":"Serbia","abbr":"RS","iso":"SRB","kind":"country","scope":"world","isUSA":false,"neType":"Sovereign country","continent":"Europe","state":"Serbia","direction":"N","directionLabel":"north","lat":46.16919,"lng":19.61348},"geometry":{"type":"Point","coordinates":[19.61348,46.16919]}},{"type":"Feature","properties":{"name":"Serbia","abbr":"RS","iso":"SRB","kind":"country","scope":"world","isUSA":false,"neType":"Sovereign country","continent":"Europe","state":"Serbia","direction":"E","directionLabel":"east","lat":43.18799,"lng":22.97686},"geometry":{"type":"Point","coordinates":[22.97686,43.18799]}},{"type":"Feature","properties":{"name":"Serbia","abbr":"RS","iso":"SRB","kind":"country","scope":"world","isUSA":false,"neType":"Sovereign country","continent":"Europe","state":"Serbia","direction":"S","directionLabel":"south","lat":42.24214,"lng":21.61826},"geometry":{"type":"Point","coordinates":[21.61826,42.24214]}},{"type":"Feature","properties":{"name":"Serbia","abbr":"RS","iso":"SRB","kind":"country","scope":"world","isUSA":false,"neType":"Sovereign country","continent":"Europe","state":"Serbia","direction":"W","directionLabel":"west","lat":45.83574,"lng":18.83906},"geometry":{"type":"Point","coordinates":[18.83906,45.83574]}},{"type":"Feature","properties":{"name":"Senegal","abbr":"SN","iso":"SEN","kind":"country","scope":"world","isUSA":false,"neType":"Sovereign country","continent":"Africa","state":"Senegal","direction":"N","directionLabel":"north","lat":16.67891,"lng":-14.95952},"geometry":{"type":"Point","coordinates":[-14.95952,16.67891]}},{"type":"Feature","properties":{"name":"Senegal","abbr":"SN","iso":"SEN","kind":"country","scope":"world","isUSA":false,"neType":"Sovereign country","continent":"Africa","state":"Senegal","direction":"E","directionLabel":"east","lat":12.47925,"lng":-11.38242},"geometry":{"type":"Point","coordinates":[-11.38242,12.47925]}},{"type":"Feature","properties":{"name":"Senegal","abbr":"SN","iso":"SEN","kind":"country","scope":"world","isUSA":false,"neType":"Sovereign country","continent":"Africa","state":"Senegal","direction":"S","directionLabel":"south","lat":12.32803,"lng":-12.29121},"geometry":{"type":"Point","coordinates":[-12.29121,12.32803]}},{"type":"Feature","properties":{"name":"Senegal","abbr":"SN","iso":"SEN","kind":"country","scope":"world","isUSA":false,"neType":"Sovereign country","continent":"Africa","state":"Senegal","direction":"W","directionLabel":"west","lat":14.75513,"lng":-17.53564},"geometry":{"type":"Point","coordinates":[-17.53564,14.75513]}},{"type":"Feature","properties":{"name":"Saudi Arabia","abbr":"SA","iso":"SAU","kind":"country","scope":"world","isUSA":false,"neType":"Sovereign country","continent":"Asia","state":"Saudi Arabia","direction":"N","directionLabel":"north","lat":32.12451,"lng":39.14541},"geometry":{"type":"Point","coordinates":[39.14541,32.12451]}},{"type":"Feature","properties":{"name":"Saudi Arabia","abbr":"SA","iso":"SAU","kind":"country","scope":"world","isUSA":false,"neType":"Sovereign country","continent":"Asia","state":"Saudi Arabia","direction":"E","directionLabel":"east","lat":22.00185,"lng":55.64102},"geometry":{"type":"Point","coordinates":[55.64102,22.00185]}},{"type":"Feature","properties":{"name":"Saudi Arabia","abbr":"SA","iso":"SAU","kind":"country","scope":"world","isUSA":false,"neType":"Sovereign country","continent":"Asia","state":"Saudi Arabia","direction":"S","directionLabel":"south","lat":16.37178,"lng":42.79932},"geometry":{"type":"Point","coordinates":[42.79932,16.37178]}},{"type":"Feature","properties":{"name":"Saudi Arabia","abbr":"SA","iso":"SAU","kind":"country","scope":"world","isUSA":false,"neType":"Sovereign country","continent":"Asia","state":"Saudi Arabia","direction":"W","directionLabel":"west","lat":28.14834,"lng":34.61621},"geometry":{"type":"Point","coordinates":[34.61621,28.14834]}},{"type":"Feature","properties":{"name":"São Tomé and Príncipe","abbr":"ST","iso":"STP","kind":"country","scope":"world","isUSA":false,"neType":"Sovereign country","continent":"Africa","state":"São Tomé and Príncipe","direction":"N","directionLabel":"north","lat":1.69912,"lng":7.41445},"geometry":{"type":"Point","coordinates":[7.41445,1.69912]}},{"type":"Feature","properties":{"name":"São Tomé and Príncipe","abbr":"ST","iso":"STP","kind":"country","scope":"world","isUSA":false,"neType":"Sovereign country","continent":"Africa","state":"São Tomé and Príncipe","direction":"E","directionLabel":"east","lat":1.6311,"lng":7.45234},"geometry":{"type":"Point","coordinates":[7.45234,1.6311]}},{"type":"Feature","properties":{"name":"São Tomé and Príncipe","abbr":"ST","iso":"STP","kind":"country","scope":"world","isUSA":false,"neType":"Sovereign country","continent":"Africa","state":"São Tomé and Príncipe","direction":"S","directionLabel":"south","lat":0.04736,"lng":6.55684},"geometry":{"type":"Point","coordinates":[6.55684,0.04736]}},{"type":"Feature","properties":{"name":"São Tomé and Príncipe","abbr":"ST","iso":"STP","kind":"country","scope":"world","isUSA":false,"neType":"Sovereign country","continent":"Africa","state":"São Tomé and Príncipe","direction":"W","directionLabel":"west","lat":0.22734,"lng":6.46816},"geometry":{"type":"Point","coordinates":[6.46816,0.22734]}},{"type":"Feature","properties":{"name":"San Marino","abbr":"SM","iso":"SMR","kind":"country","scope":"world","isUSA":false,"neType":"Sovereign country","continent":"Europe","state":"San Marino","direction":"N","directionLabel":"north","lat":43.98975,"lng":12.50371},"geometry":{"type":"Point","coordinates":[12.50371,43.98975]}},{"type":"Feature","properties":{"name":"San Marino","abbr":"SM","iso":"SMR","kind":"country","scope":"world","isUSA":false,"neType":"Sovereign country","continent":"Europe","state":"San Marino","direction":"E","directionLabel":"east","lat":43.95298,"lng":12.51465},"geometry":{"type":"Point","coordinates":[12.51465,43.95298]}},{"type":"Feature","properties":{"name":"San Marino","abbr":"SM","iso":"SMR","kind":"country","scope":"world","isUSA":false,"neType":"Sovereign country","continent":"Europe","state":"San Marino","direction":"S","directionLabel":"south","lat":43.89409,"lng":12.42637},"geometry":{"type":"Point","coordinates":[12.42637,43.89409]}},{"type":"Feature","properties":{"name":"San Marino","abbr":"SM","iso":"SMR","kind":"country","scope":"world","isUSA":false,"neType":"Sovereign country","continent":"Europe","state":"San Marino","direction":"W","directionLabel":"west","lat":43.93457,"lng":12.39687},"geometry":{"type":"Point","coordinates":[12.39687,43.93457]}},{"type":"Feature","properties":{"name":"Samoa","abbr":"WS","iso":"WSM","kind":"country","scope":"world","isUSA":false,"neType":"Sovereign country","continent":"Oceania","state":"Samoa","direction":"N","directionLabel":"north","lat":-13.46523,"lng":-172.3335},"geometry":{"type":"Point","coordinates":[-172.3335,-13.46523]}},{"type":"Feature","properties":{"name":"Samoa","abbr":"WS","iso":"WSM","kind":"country","scope":"world","isUSA":false,"neType":"Sovereign country","continent":"Oceania","state":"Samoa","direction":"E","directionLabel":"east","lat":-14.02246,"lng":-171.44956},"geometry":{"type":"Point","coordinates":[-171.44956,-14.02246]}},{"type":"Feature","properties":{"name":"Samoa","abbr":"WS","iso":"WSM","kind":"country","scope":"world","isUSA":false,"neType":"Sovereign country","continent":"Oceania","state":"Samoa","direction":"S","directionLabel":"south","lat":-14.04727,"lng":-171.72822},"geometry":{"type":"Point","coordinates":[-171.72822,-14.04727]}},{"type":"Feature","properties":{"name":"Samoa","abbr":"WS","iso":"WSM","kind":"country","scope":"world","isUSA":false,"neType":"Sovereign country","continent":"Oceania","state":"Samoa","direction":"W","directionLabel":"west","lat":-13.5168,"lng":-172.77852},"geometry":{"type":"Point","coordinates":[-172.77852,-13.5168]}},{"type":"Feature","properties":{"name":"Saint Vincent and the Grenadines","abbr":"VC","iso":"VCT","kind":"country","scope":"world","isUSA":false,"neType":"Sovereign country","continent":"North America","state":"Saint Vincent and the Grenadines","direction":"N","directionLabel":"north","lat":13.35874,"lng":-61.13896},"geometry":{"type":"Point","coordinates":[-61.13896,13.35874]}},{"type":"Feature","properties":{"name":"Saint Vincent and the Grenadines","abbr":"VC","iso":"VCT","kind":"country","scope":"world","isUSA":false,"neType":"Sovereign country","continent":"North America","state":"Saint Vincent and the Grenadines","direction":"E","directionLabel":"east","lat":13.29404,"lng":-61.12402},"geometry":{"type":"Point","coordinates":[-61.12402,13.29404]}},{"type":"Feature","properties":{"name":"Saint Vincent and the Grenadines","abbr":"VC","iso":"VCT","kind":"country","scope":"world","isUSA":false,"neType":"Sovereign country","continent":"North America","state":"Saint Vincent and the Grenadines","direction":"S","directionLabel":"south","lat":12.69473,"lng":-61.34453},"geometry":{"type":"Point","coordinates":[-61.34453,12.69473]}},{"type":"Feature","properties":{"name":"Saint Vincent and the Grenadines","abbr":"VC","iso":"VCT","kind":"country","scope":"world","isUSA":false,"neType":"Sovereign country","continent":"North America","state":"Saint Vincent and the Grenadines","direction":"W","directionLabel":"west","lat":12.69815,"lng":-61.35352},"geometry":{"type":"Point","coordinates":[-61.35352,12.69815]}},{"type":"Feature","properties":{"name":"Saint Lucia","abbr":"LC","iso":"LCA","kind":"country","scope":"world","isUSA":false,"neType":"Sovereign country","continent":"North America","state":"Saint Lucia","direction":"N","directionLabel":"north","lat":14.09336,"lng":-60.9081},"geometry":{"type":"Point","coordinates":[-60.9081,14.09336]}},{"type":"Feature","properties":{"name":"Saint Lucia","abbr":"LC","iso":"LCA","kind":"country","scope":"world","isUSA":false,"neType":"Sovereign country","continent":"North America","state":"Saint Lucia","direction":"E","directionLabel":"east","lat":14.01113,"lng":-60.88677},"geometry":{"type":"Point","coordinates":[-60.88677,14.01113]}},{"type":"Feature","properties":{"name":"Saint Lucia","abbr":"LC","iso":"LCA","kind":"country","scope":"world","isUSA":false,"neType":"Sovereign country","continent":"North America","state":"Saint Lucia","direction":"S","directionLabel":"south","lat":13.71758,"lng":-60.95142},"geometry":{"type":"Point","coordinates":[-60.95142,13.71758]}},{"type":"Feature","properties":{"name":"Saint Lucia","abbr":"LC","iso":"LCA","kind":"country","scope":"world","isUSA":false,"neType":"Sovereign country","continent":"North America","state":"Saint Lucia","direction":"W","directionLabel":"west","lat":13.86558,"lng":-61.07314},"geometry":{"type":"Point","coordinates":[-61.07314,13.86558]}},{"type":"Feature","properties":{"name":"Saint Kitts and Nevis","abbr":"KN","iso":"KNA","kind":"country","scope":"world","isUSA":false,"neType":"Sovereign country","continent":"North America","state":"Saint Kitts and Nevis","direction":"N","directionLabel":"north","lat":17.40259,"lng":-62.79463},"geometry":{"type":"Point","coordinates":[-62.79463,17.40259]}},{"type":"Feature","properties":{"name":"Saint Kitts and Nevis","abbr":"KN","iso":"KNA","kind":"country","scope":"world","isUSA":false,"neType":"Sovereign country","continent":"North America","state":"Saint Kitts and Nevis","direction":"E","directionLabel":"east","lat":17.12187,"lng":-62.53223},"geometry":{"type":"Point","coordinates":[-62.53223,17.12187]}},{"type":"Feature","properties":{"name":"Saint Kitts and Nevis","abbr":"KN","iso":"KNA","kind":"country","scope":"world","isUSA":false,"neType":"Sovereign country","continent":"North America","state":"Saint Kitts and Nevis","direction":"S","directionLabel":"south","lat":17.10059,"lng":-62.58242},"geometry":{"type":"Point","coordinates":[-62.58242,17.10059]}},{"type":"Feature","properties":{"name":"Saint Kitts and Nevis","abbr":"KN","iso":"KNA","kind":"country","scope":"world","isUSA":false,"neType":"Sovereign country","continent":"North America","state":"Saint Kitts and Nevis","direction":"W","directionLabel":"west","lat":17.34707,"lng":-62.84048},"geometry":{"type":"Point","coordinates":[-62.84048,17.34707]}},{"type":"Feature","properties":{"name":"Rwanda","abbr":"RW","iso":"RWA","kind":"country","scope":"world","isUSA":false,"neType":"Sovereign country","continent":"Africa","state":"Rwanda","direction":"N","directionLabel":"north","lat":-1.06309,"lng":30.4123},"geometry":{"type":"Point","coordinates":[30.4123,-1.06309]}},{"type":"Feature","properties":{"name":"Rwanda","abbr":"RW","iso":"RWA","kind":"country","scope":"world","isUSA":false,"neType":"Sovereign country","continent":"Africa","state":"Rwanda","direction":"E","directionLabel":"east","lat":-2.14336,"lng":30.87656},"geometry":{"type":"Point","coordinates":[30.87656,-2.14336]}},{"type":"Feature","properties":{"name":"Rwanda","abbr":"RW","iso":"RWA","kind":"country","scope":"world","isUSA":false,"neType":"Sovereign country","continent":"Africa","state":"Rwanda","direction":"S","directionLabel":"south","lat":-2.80859,"lng":29.39023},"geometry":{"type":"Point","coordinates":[29.39023,-2.80859]}},{"type":"Feature","properties":{"name":"Rwanda","abbr":"RW","iso":"RWA","kind":"country","scope":"world","isUSA":false,"neType":"Sovereign country","continent":"Africa","state":"Rwanda","direction":"W","directionLabel":"west","lat":-2.44668,"lng":28.85762},"geometry":{"type":"Point","coordinates":[28.85762,-2.44668]}},{"type":"Feature","properties":{"name":"Russia","abbr":"RU","iso":"RUS","kind":"country","scope":"world","isUSA":false,"neType":"Sovereign country","continent":"Europe","state":"Russia","direction":"N","directionLabel":"north","lat":81.8542,"lng":59.26182},"geometry":{"type":"Point","coordinates":[59.26182,81.8542]}},{"type":"Feature","properties":{"name":"Russia","abbr":"RU","iso":"RUS","kind":"country","scope":"world","isUSA":false,"neType":"Sovereign country","continent":"Europe","state":"Russia","direction":"E","directionLabel":"east","lat":66.0581,"lng":-169.72915},"geometry":{"type":"Point","coordinates":[-169.72915,66.0581]}},{"type":"Feature","properties":{"name":"Russia","abbr":"RU","iso":"RUS","kind":"country","scope":"world","isUSA":false,"neType":"Sovereign country","continent":"Europe","state":"Russia","direction":"S","directionLabel":"south","lat":41.19927,"lng":47.79102},"geometry":{"type":"Point","coordinates":[47.79102,41.19927]}},{"type":"Feature","properties":{"name":"Russia","abbr":"RU","iso":"RUS","kind":"country","scope":"world","isUSA":false,"neType":"Sovereign country","continent":"Europe","state":"Russia","direction":"W","directionLabel":"west","lat":54.45918,"lng":19.6044},"geometry":{"type":"Point","coordinates":[19.6044,54.45918]}},{"type":"Feature","properties":{"name":"Romania","abbr":"RO","iso":"ROU","kind":"country","scope":"world","isUSA":false,"neType":"Sovereign country","continent":"Europe","state":"Romania","direction":"N","directionLabel":"north","lat":48.26348,"lng":26.71377},"geometry":{"type":"Point","coordinates":[26.71377,48.26348]}},{"type":"Feature","properties":{"name":"Romania","abbr":"RO","iso":"ROU","kind":"country","scope":"world","isUSA":false,"neType":"Sovereign country","continent":"Europe","state":"Romania","direction":"E","directionLabel":"east","lat":45.25991,"lng":29.70586},"geometry":{"type":"Point","coordinates":[29.70586,45.25991]}},{"type":"Feature","properties":{"name":"Romania","abbr":"RO","iso":"ROU","kind":"country","scope":"world","isUSA":false,"neType":"Sovereign country","continent":"Europe","state":"Romania","direction":"S","directionLabel":"south","lat":43.6708,"lng":25.49707},"geometry":{"type":"Point","coordinates":[25.49707,43.6708]}},{"type":"Feature","properties":{"name":"Romania","abbr":"RO","iso":"ROU","kind":"country","scope":"world","isUSA":false,"neType":"Sovereign country","continent":"Europe","state":"Romania","direction":"W","directionLabel":"west","lat":46.10859,"lng":20.2418},"geometry":{"type":"Point","coordinates":[20.2418,46.10859]}},{"type":"Feature","properties":{"name":"Qatar","abbr":"QA","iso":"QAT","kind":"country","scope":"world","isUSA":false,"neType":"Sovereign country","continent":"Asia","state":"Qatar","direction":"N","directionLabel":"north","lat":26.15327,"lng":51.2623},"geometry":{"type":"Point","coordinates":[51.2623,26.15327]}},{"type":"Feature","properties":{"name":"Qatar","abbr":"QA","iso":"QAT","kind":"country","scope":"world","isUSA":false,"neType":"Sovereign country","continent":"Asia","state":"Qatar","direction":"E","directionLabel":"east","lat":25.05288,"lng":51.60889},"geometry":{"type":"Point","coordinates":[51.60889,25.05288]}},{"type":"Feature","properties":{"name":"Qatar","abbr":"QA","iso":"QAT","kind":"country","scope":"world","isUSA":false,"neType":"Sovereign country","continent":"Asia","state":"Qatar","direction":"S","directionLabel":"south","lat":24.56465,"lng":51.09336},"geometry":{"type":"Point","coordinates":[51.09336,24.56465]}},{"type":"Feature","properties":{"name":"Qatar","abbr":"QA","iso":"QAT","kind":"country","scope":"world","isUSA":false,"neType":"Sovereign country","continent":"Asia","state":"Qatar","direction":"W","directionLabel":"west","lat":25.39927,"lng":50.75459},"geometry":{"type":"Point","coordinates":[50.75459,25.39927]}},{"type":"Feature","properties":{"name":"Portugal","abbr":"PT","iso":"PRT","kind":"country","scope":"world","isUSA":false,"neType":"Sovereign country","continent":"Europe","state":"Portugal","direction":"N","directionLabel":"north","lat":42.1374,"lng":-8.26606},"geometry":{"type":"Point","coordinates":[-8.26606,42.1374]}},{"type":"Feature","properties":{"name":"Portugal","abbr":"PT","iso":"PRT","kind":"country","scope":"world","isUSA":false,"neType":"Sovereign country","continent":"Europe","state":"Portugal","direction":"E","directionLabel":"east","lat":41.53203,"lng":-6.2125},"geometry":{"type":"Point","coordinates":[-6.2125,41.53203]}},{"type":"Feature","properties":{"name":"Portugal","abbr":"PT","iso":"PRT","kind":"country","scope":"world","isUSA":false,"neType":"Sovereign country","continent":"Europe","state":"Portugal","direction":"S","directionLabel":"south","lat":32.64829,"lng":-16.8374},"geometry":{"type":"Point","coordinates":[-16.8374,32.64829]}},{"type":"Feature","properties":{"name":"Portugal","abbr":"PT","iso":"PRT","kind":"country","scope":"world","isUSA":false,"neType":"Sovereign country","continent":"Europe","state":"Portugal","direction":"W","directionLabel":"west","lat":39.39409,"lng":-31.28296},"geometry":{"type":"Point","coordinates":[-31.28296,39.39409]}},{"type":"Feature","properties":{"name":"Poland","abbr":"PL","iso":"POL","kind":"country","scope":"world","isUSA":false,"neType":"Sovereign country","continent":"Europe","state":"Poland","direction":"N","directionLabel":"north","lat":54.83818,"lng":18.32344},"geometry":{"type":"Point","coordinates":[18.32344,54.83818]}},{"type":"Feature","properties":{"name":"Poland","abbr":"PL","iso":"POL","kind":"country","scope":"world","isUSA":false,"neType":"Sovereign country","continent":"Europe","state":"Poland","direction":"E","directionLabel":"east","lat":50.84497,"lng":24.10576},"geometry":{"type":"Point","coordinates":[24.10576,50.84497]}},{"type":"Feature","properties":{"name":"Poland","abbr":"PL","iso":"POL","kind":"country","scope":"world","isUSA":false,"neType":"Sovereign country","continent":"Europe","state":"Poland","direction":"S","directionLabel":"south","lat":49.02075,"lng":22.80977},"geometry":{"type":"Point","coordinates":[22.80977,49.02075]}},{"type":"Feature","properties":{"name":"Poland","abbr":"PL","iso":"POL","kind":"country","scope":"world","isUSA":false,"neType":"Sovereign country","continent":"Europe","state":"Poland","direction":"W","directionLabel":"west","lat":52.87822,"lng":14.12861},"geometry":{"type":"Point","coordinates":[14.12861,52.87822]}},{"type":"Feature","properties":{"name":"Philippines","abbr":"PH","iso":"PHL","kind":"country","scope":"world","isUSA":false,"neType":"Sovereign country","continent":"Asia","state":"Philippines","direction":"N","directionLabel":"north","lat":20.84126,"lng":121.84785},"geometry":{"type":"Point","coordinates":[121.84785,20.84126]}},{"type":"Feature","properties":{"name":"Philippines","abbr":"PH","iso":"PHL","kind":"country","scope":"world","isUSA":false,"neType":"Sovereign country","continent":"Asia","state":"Philippines","direction":"E","directionLabel":"east","lat":7.54678,"lng":126.59336},"geometry":{"type":"Point","coordinates":[126.59336,7.54678]}},{"type":"Feature","properties":{"name":"Philippines","abbr":"PH","iso":"PHL","kind":"country","scope":"world","isUSA":false,"neType":"Sovereign country","continent":"Asia","state":"Philippines","direction":"S","directionLabel":"south","lat":5.0602,"lng":119.87754},"geometry":{"type":"Point","coordinates":[119.87754,5.0602]}},{"type":"Feature","properties":{"name":"Philippines","abbr":"PH","iso":"PHL","kind":"country","scope":"world","isUSA":false,"neType":"Sovereign country","continent":"Asia","state":"Philippines","direction":"W","directionLabel":"west","lat":7.89492,"lng":116.96953},"geometry":{"type":"Point","coordinates":[116.96953,7.89492]}},{"type":"Feature","properties":{"name":"Peru","abbr":"PE","iso":"PER","kind":"country","scope":"world","isUSA":false,"neType":"Sovereign country","continent":"South America","state":"Peru","direction":"N","directionLabel":"north","lat":-0.04175,"lng":-75.22461},"geometry":{"type":"Point","coordinates":[-75.22461,-0.04175]}},{"type":"Feature","properties":{"name":"Peru","abbr":"PE","iso":"PER","kind":"country","scope":"world","isUSA":false,"neType":"Sovereign country","continent":"South America","state":"Peru","direction":"E","directionLabel":"east","lat":-12.50195,"lng":-68.68525},"geometry":{"type":"Point","coordinates":[-68.68525,-12.50195]}},{"type":"Feature","properties":{"name":"Peru","abbr":"PE","iso":"PER","kind":"country","scope":"world","isUSA":false,"neType":"Sovereign country","continent":"South America","state":"Peru","direction":"S","directionLabel":"south","lat":-18.3456,"lng":-70.41826},"geometry":{"type":"Point","coordinates":[-70.41826,-18.3456]}},{"type":"Feature","properties":{"name":"Peru","abbr":"PE","iso":"PER","kind":"country","scope":"world","isUSA":false,"neType":"Sovereign country","continent":"South America","state":"Peru","direction":"W","directionLabel":"west","lat":-4.66953,"lng":-81.33662},"geometry":{"type":"Point","coordinates":[-81.33662,-4.66953]}},{"type":"Feature","properties":{"name":"Paraguay","abbr":"PY","iso":"PRY","kind":"country","scope":"world","isUSA":false,"neType":"Sovereign country","continent":"South America","state":"Paraguay","direction":"N","directionLabel":"north","lat":-19.28623,"lng":-59.09053},"geometry":{"type":"Point","coordinates":[-59.09053,-19.28623]}},{"type":"Feature","properties":{"name":"Paraguay","abbr":"PY","iso":"PRY","kind":"country","scope":"world","isUSA":false,"neType":"Sovereign country","continent":"South America","state":"Paraguay","direction":"E","directionLabel":"east","lat":-24.04727,"lng":-54.2418},"geometry":{"type":"Point","coordinates":[-54.2418,-24.04727]}},{"type":"Feature","properties":{"name":"Paraguay","abbr":"PY","iso":"PRY","kind":"country","scope":"world","isUSA":false,"neType":"Sovereign country","continent":"South America","state":"Paraguay","direction":"S","directionLabel":"south","lat":-27.55381,"lng":-56.43716},"geometry":{"type":"Point","coordinates":[-56.43716,-27.55381]}},{"type":"Feature","properties":{"name":"Paraguay","abbr":"PY","iso":"PRY","kind":"country","scope":"world","isUSA":false,"neType":"Sovereign country","continent":"South America","state":"Paraguay","direction":"W","directionLabel":"west","lat":-22.23369,"lng":-62.65098},"geometry":{"type":"Point","coordinates":[-62.65098,-22.23369]}},{"type":"Feature","properties":{"name":"Papua New Guinea","abbr":"PG","iso":"PNG","kind":"country","scope":"world","isUSA":false,"neType":"Sovereign country","continent":"Oceania","state":"Papua New Guinea","direction":"N","directionLabel":"north","lat":-1.35322,"lng":149.58096},"geometry":{"type":"Point","coordinates":[149.58096,-1.35322]}},{"type":"Feature","properties":{"name":"Papua New Guinea","abbr":"PG","iso":"PNG","kind":"country","scope":"world","isUSA":false,"neType":"Sovereign country","continent":"Oceania","state":"Papua New Guinea","direction":"E","directionLabel":"east","lat":-6.68682,"lng":155.95762},"geometry":{"type":"Point","coordinates":[155.95762,-6.68682]}},{"type":"Feature","properties":{"name":"Papua New Guinea","abbr":"PG","iso":"PNG","kind":"country","scope":"world","isUSA":false,"neType":"Sovereign country","continent":"Oceania","state":"Papua New Guinea","direction":"S","directionLabel":"south","lat":-11.63057,"lng":153.55371},"geometry":{"type":"Point","coordinates":[153.55371,-11.63057]}},{"type":"Feature","properties":{"name":"Papua New Guinea","abbr":"PG","iso":"PNG","kind":"country","scope":"world","isUSA":false,"neType":"Sovereign country","continent":"Oceania","state":"Papua New Guinea","direction":"W","directionLabel":"west","lat":-6.74004,"lng":140.8623},"geometry":{"type":"Point","coordinates":[140.8623,-6.74004]}},{"type":"Feature","properties":{"name":"Panama","abbr":"PA","iso":"PAN","kind":"country","scope":"world","isUSA":false,"neType":"Sovereign country","continent":"North America","state":"Panama","direction":"N","directionLabel":"north","lat":9.59785,"lng":-79.5773},"geometry":{"type":"Point","coordinates":[-79.5773,9.59785]}},{"type":"Feature","properties":{"name":"Panama","abbr":"PA","iso":"PAN","kind":"country","scope":"world","isUSA":false,"neType":"Sovereign country","continent":"North America","state":"Panama","direction":"E","directionLabel":"east","lat":7.97246,"lng":-77.196},"geometry":{"type":"Point","coordinates":[-77.196,7.97246]}},{"type":"Feature","properties":{"name":"Panama","abbr":"PA","iso":"PAN","kind":"country","scope":"world","isUSA":false,"neType":"Sovereign country","continent":"North America","state":"Panama","direction":"S","directionLabel":"south","lat":7.22007,"lng":-80.84556},"geometry":{"type":"Point","coordinates":[-80.84556,7.22007]}},{"type":"Feature","properties":{"name":"Panama","abbr":"PA","iso":"PAN","kind":"country","scope":"world","isUSA":false,"neType":"Sovereign country","continent":"North America","state":"Panama","direction":"W","directionLabel":"west","lat":8.33774,"lng":-83.02734},"geometry":{"type":"Point","coordinates":[-83.02734,8.33774]}},{"type":"Feature","properties":{"name":"Palau","abbr":"PW","iso":"PLW","kind":"country","scope":"world","isUSA":false,"neType":"Sovereign country","continent":"Oceania","state":"Palau","direction":"N","directionLabel":"north","lat":7.71211,"lng":134.65117},"geometry":{"type":"Point","coordinates":[134.65117,7.71211]}},{"type":"Feature","properties":{"name":"Palau","abbr":"PW","iso":"PLW","kind":"country","scope":"world","isUSA":false,"neType":"Sovereign country","continent":"Oceania","state":"Palau","direction":"E","directionLabel":"east","lat":7.66328,"lng":134.65957},"geometry":{"type":"Point","coordinates":[134.65957,7.66328]}},{"type":"Feature","properties":{"name":"Palau","abbr":"PW","iso":"PLW","kind":"country","scope":"world","isUSA":false,"neType":"Sovereign country","continent":"Oceania","state":"Palau","direction":"S","directionLabel":"south","lat":3.02188,"lng":131.14961},"geometry":{"type":"Point","coordinates":[131.14961,3.02188]}},{"type":"Feature","properties":{"name":"Palau","abbr":"PW","iso":"PLW","kind":"country","scope":"world","isUSA":false,"neType":"Sovereign country","continent":"Oceania","state":"Palau","direction":"W","directionLabel":"west","lat":3.02524,"lng":131.13496},"geometry":{"type":"Point","coordinates":[131.13496,3.02524]}},{"type":"Feature","properties":{"name":"Pakistan","abbr":"PK","iso":"PAK","kind":"country","scope":"world","isUSA":false,"neType":"Sovereign country","continent":"Asia","state":"Pakistan","direction":"N","directionLabel":"north","lat":37.03667,"lng":74.60059},"geometry":{"type":"Point","coordinates":[74.60059,37.03667]}},{"type":"Feature","properties":{"name":"Pakistan","abbr":"PK","iso":"PAK","kind":"country","scope":"world","isUSA":false,"neType":"Sovereign country","continent":"Asia","state":"Pakistan","direction":"E","directionLabel":"east","lat":35.10991,"lng":77.04863},"geometry":{"type":"Point","coordinates":[77.04863,35.10991]}},{"type":"Feature","properties":{"name":"Pakistan","abbr":"PK","iso":"PAK","kind":"country","scope":"world","isUSA":false,"neType":"Sovereign country","continent":"Asia","state":"Pakistan","direction":"S","directionLabel":"south","lat":23.75337,"lng":68.11553},"geometry":{"type":"Point","coordinates":[68.11553,23.75337]}},{"type":"Feature","properties":{"name":"Pakistan","abbr":"PK","iso":"PAK","kind":"country","scope":"world","isUSA":false,"neType":"Sovereign country","continent":"Asia","state":"Pakistan","direction":"W","directionLabel":"west","lat":29.85869,"lng":60.84336},"geometry":{"type":"Point","coordinates":[60.84336,29.85869]}},{"type":"Feature","properties":{"name":"Oman","abbr":"OM","iso":"OMN","kind":"country","scope":"world","isUSA":false,"neType":"Sovereign country","continent":"Asia","state":"Oman","direction":"N","directionLabel":"north","lat":26.35635,"lng":56.37871},"geometry":{"type":"Point","coordinates":[56.37871,26.35635]}},{"type":"Feature","properties":{"name":"Oman","abbr":"OM","iso":"OMN","kind":"country","scope":"world","isUSA":false,"neType":"Sovereign country","continent":"Asia","state":"Oman","direction":"E","directionLabel":"east","lat":22.42056,"lng":59.8375},"geometry":{"type":"Point","coordinates":[59.8375,22.42056]}},{"type":"Feature","properties":{"name":"Oman","abbr":"OM","iso":"OMN","kind":"country","scope":"world","isUSA":false,"neType":"Sovereign country","continent":"Asia","state":"Oman","direction":"S","directionLabel":"south","lat":16.64839,"lng":53.08564},"geometry":{"type":"Point","coordinates":[53.08564,16.64839]}},{"type":"Feature","properties":{"name":"Oman","abbr":"OM","iso":"OMN","kind":"country","scope":"world","isUSA":false,"neType":"Sovereign country","continent":"Asia","state":"Oman","direction":"W","directionLabel":"west","lat":18.99614,"lng":51.97764},"geometry":{"type":"Point","coordinates":[51.97764,18.99614]}},{"type":"Feature","properties":{"name":"Norway","abbr":"NO","iso":"NOR","kind":"country","scope":"world","isUSA":false,"neType":"Sovereign country","continent":"Europe","state":"Norway","direction":"N","directionLabel":"north","lat":80.47783,"lng":19.7333},"geometry":{"type":"Point","coordinates":[19.7333,80.47783]}},{"type":"Feature","properties":{"name":"Norway","abbr":"NO","iso":"NOR","kind":"country","scope":"world","isUSA":false,"neType":"Sovereign country","continent":"Europe","state":"Norway","direction":"E","directionLabel":"east","lat":80.21743,"lng":33.6293},"geometry":{"type":"Point","coordinates":[33.6293,80.21743]}},{"type":"Feature","properties":{"name":"Norway","abbr":"NO","iso":"NOR","kind":"country","scope":"world","isUSA":false,"neType":"Sovereign country","continent":"Europe","state":"Norway","direction":"S","directionLabel":"south","lat":58.02095,"lng":7.46592},"geometry":{"type":"Point","coordinates":[7.46592,58.02095]}},{"type":"Feature","properties":{"name":"Norway","abbr":"NO","iso":"NOR","kind":"country","scope":"world","isUSA":false,"neType":"Sovereign country","continent":"Europe","state":"Norway","direction":"W","directionLabel":"west","lat":70.85488,"lng":-9.09888},"geometry":{"type":"Point","coordinates":[-9.09888,70.85488]}},{"type":"Feature","properties":{"name":"North Korea","abbr":"KP","iso":"PRK","kind":"country","scope":"world","isUSA":false,"neType":"Sovereign country","continent":"Asia","state":"North Korea","direction":"N","directionLabel":"north","lat":42.99815,"lng":129.89824},"geometry":{"type":"Point","coordinates":[129.89824,42.99815]}},{"type":"Feature","properties":{"name":"North Korea","abbr":"KP","iso":"PRK","kind":"country","scope":"world","isUSA":false,"neType":"Sovereign country","continent":"Asia","state":"North Korea","direction":"E","directionLabel":"east","lat":42.30254,"lng":130.68731},"geometry":{"type":"Point","coordinates":[130.68731,42.30254]}},{"type":"Feature","properties":{"name":"North Korea","abbr":"KP","iso":"PRK","kind":"country","scope":"world","isUSA":false,"neType":"Sovereign country","continent":"Asia","state":"North Korea","direction":"S","directionLabel":"south","lat":37.71904,"lng":125.40664},"geometry":{"type":"Point","coordinates":[125.40664,37.71904]}},{"type":"Feature","properties":{"name":"North Korea","abbr":"KP","iso":"PRK","kind":"country","scope":"world","isUSA":false,"neType":"Sovereign country","continent":"Asia","state":"North Korea","direction":"W","directionLabel":"west","lat":39.90689,"lng":124.34863},"geometry":{"type":"Point","coordinates":[124.34863,39.90689]}},{"type":"Feature","properties":{"name":"Nigeria","abbr":"NG","iso":"NGA","kind":"country","scope":"world","isUSA":false,"neType":"Sovereign country","continent":"Africa","state":"Nigeria","direction":"N","directionLabel":"north","lat":13.87285,"lng":5.49199},"geometry":{"type":"Point","coordinates":[5.49199,13.87285]}},{"type":"Feature","properties":{"name":"Nigeria","abbr":"NG","iso":"NGA","kind":"country","scope":"world","isUSA":false,"neType":"Sovereign country","continent":"Africa","state":"Nigeria","direction":"E","directionLabel":"east","lat":12.10869,"lng":14.62715},"geometry":{"type":"Point","coordinates":[14.62715,12.10869]}},{"type":"Feature","properties":{"name":"Nigeria","abbr":"NG","iso":"NGA","kind":"country","scope":"world","isUSA":false,"neType":"Sovereign country","continent":"Africa","state":"Nigeria","direction":"S","directionLabel":"south","lat":4.27739,"lng":6.17334},"geometry":{"type":"Point","coordinates":[6.17334,4.27739]}},{"type":"Feature","properties":{"name":"Nigeria","abbr":"NG","iso":"NGA","kind":"country","scope":"world","isUSA":false,"neType":"Sovereign country","continent":"Africa","state":"Nigeria","direction":"W","directionLabel":"west","lat":7.87373,"lng":2.68603},"geometry":{"type":"Point","coordinates":[2.68603,7.87373]}},{"type":"Feature","properties":{"name":"Niger","abbr":"NE","iso":"NER","kind":"country","scope":"world","isUSA":false,"neType":"Sovereign country","continent":"Africa","state":"Niger","direction":"N","directionLabel":"north","lat":23.51787,"lng":11.96787},"geometry":{"type":"Point","coordinates":[11.96787,23.51787]}},{"type":"Feature","properties":{"name":"Niger","abbr":"NE","iso":"NER","kind":"country","scope":"world","isUSA":false,"neType":"Sovereign country","continent":"Africa","state":"Niger","direction":"E","directionLabel":"east","lat":20.34619,"lng":15.96318},"geometry":{"type":"Point","coordinates":[15.96318,20.34619]}},{"type":"Feature","properties":{"name":"Niger","abbr":"NE","iso":"NER","kind":"country","scope":"world","isUSA":false,"neType":"Sovereign country","continent":"Africa","state":"Niger","direction":"S","directionLabel":"south","lat":11.69629,"lng":3.59541},"geometry":{"type":"Point","coordinates":[3.59541,11.69629]}},{"type":"Feature","properties":{"name":"Niger","abbr":"NE","iso":"NER","kind":"country","scope":"world","isUSA":false,"neType":"Sovereign country","continent":"Africa","state":"Niger","direction":"W","directionLabel":"west","lat":14.49722,"lng":0.16387},"geometry":{"type":"Point","coordinates":[0.16387,14.49722]}},{"type":"Feature","properties":{"name":"Nicaragua","abbr":"NI","iso":"NIC","kind":"country","scope":"world","isUSA":false,"neType":"Sovereign country","continent":"North America","state":"Nicaragua","direction":"N","directionLabel":"north","lat":15.00806,"lng":-83.41504},"geometry":{"type":"Point","coordinates":[-83.41504,15.00806]}},{"type":"Feature","properties":{"name":"Nicaragua","abbr":"NI","iso":"NIC","kind":"country","scope":"world","isUSA":false,"neType":"Sovereign country","continent":"North America","state":"Nicaragua","direction":"E","directionLabel":"east","lat":14.99307,"lng":-83.15752},"geometry":{"type":"Point","coordinates":[-83.15752,14.99307]}},{"type":"Feature","properties":{"name":"Nicaragua","abbr":"NI","iso":"NIC","kind":"country","scope":"world","isUSA":false,"neType":"Sovereign country","continent":"North America","state":"Nicaragua","direction":"S","directionLabel":"south","lat":10.73535,"lng":-83.91929},"geometry":{"type":"Point","coordinates":[-83.91929,10.73535]}},{"type":"Feature","properties":{"name":"Nicaragua","abbr":"NI","iso":"NIC","kind":"country","scope":"world","isUSA":false,"neType":"Sovereign country","continent":"North America","state":"Nicaragua","direction":"W","directionLabel":"west","lat":12.96567,"lng":-87.67017},"geometry":{"type":"Point","coordinates":[-87.67017,12.96567]}},{"type":"Feature","properties":{"name":"New Zealand","abbr":"NZ","iso":"NZL","kind":"country","scope":"world","isUSA":false,"neType":"Country","continent":"Oceania","state":"New Zealand","direction":"N","directionLabel":"north","lat":-8.54648,"lng":-172.49702},"geometry":{"type":"Point","coordinates":[-172.49702,-8.54648]}},{"type":"Feature","properties":{"name":"New Zealand","abbr":"NZ","iso":"NZL","kind":"country","scope":"world","isUSA":false,"neType":"Country","continent":"Oceania","state":"New Zealand","direction":"E","directionLabel":"east","lat":-9.35547,"lng":-171.18643},"geometry":{"type":"Point","coordinates":[-171.18643,-9.35547]}},{"type":"Feature","properties":{"name":"New Zealand","abbr":"NZ","iso":"NZL","kind":"country","scope":"world","isUSA":false,"neType":"Country","continent":"Oceania","state":"New Zealand","direction":"S","directionLabel":"south","lat":-52.57031,"lng":169.12754},"geometry":{"type":"Point","coordinates":[169.12754,-52.57031]}},{"type":"Feature","properties":{"name":"New Zealand","abbr":"NZ","iso":"NZL","kind":"country","scope":"world","isUSA":false,"neType":"Country","continent":"Oceania","state":"New Zealand","direction":"W","directionLabel":"west","lat":-50.80772,"lng":165.88916},"geometry":{"type":"Point","coordinates":[165.88916,-50.80772]}},{"type":"Feature","properties":{"name":"Niue","abbr":"NU","iso":"NIU","kind":"country","scope":"world","isUSA":false,"neType":"Dependency","continent":"Oceania","state":"Niue","direction":"N","directionLabel":"north","lat":-18.96602,"lng":-169.83403},"geometry":{"type":"Point","coordinates":[-169.83403,-18.96602]}},{"type":"Feature","properties":{"name":"Niue","abbr":"NU","iso":"NIU","kind":"country","scope":"world","isUSA":false,"neType":"Dependency","continent":"Oceania","state":"Niue","direction":"E","directionLabel":"east","lat":-19.04258,"lng":-169.79341},"geometry":{"type":"Point","coordinates":[-169.79341,-19.04258]}},{"type":"Feature","properties":{"name":"Niue","abbr":"NU","iso":"NIU","kind":"country","scope":"world","isUSA":false,"neType":"Dependency","continent":"Oceania","state":"Niue","direction":"S","directionLabel":"south","lat":-19.13789,"lng":-169.90381},"geometry":{"type":"Point","coordinates":[-169.90381,-19.13789]}},{"type":"Feature","properties":{"name":"Niue","abbr":"NU","iso":"NIU","kind":"country","scope":"world","isUSA":false,"neType":"Dependency","continent":"Oceania","state":"Niue","direction":"W","directionLabel":"west","lat":-19.07285,"lng":-169.94834},"geometry":{"type":"Point","coordinates":[-169.94834,-19.07285]}},{"type":"Feature","properties":{"name":"Cook Islands","abbr":"CK","iso":"COK","kind":"country","scope":"world","isUSA":false,"neType":"Dependency","continent":"Oceania","state":"Cook Islands","direction":"N","directionLabel":"north","lat":-21.18643,"lng":-159.8106},"geometry":{"type":"Point","coordinates":[-159.8106,-21.18643]}},{"type":"Feature","properties":{"name":"Cook Islands","abbr":"CK","iso":"COK","kind":"country","scope":"world","isUSA":false,"neType":"Dependency","continent":"Oceania","state":"Cook Islands","direction":"E","directionLabel":"east","lat":-21.24063,"lng":-159.73686},"geometry":{"type":"Point","coordinates":[-159.73686,-21.24063]}},{"type":"Feature","properties":{"name":"Cook Islands","abbr":"CK","iso":"COK","kind":"country","scope":"world","isUSA":false,"neType":"Dependency","continent":"Oceania","state":"Cook Islands","direction":"S","directionLabel":"south","lat":-21.24951,"lng":-159.77256},"geometry":{"type":"Point","coordinates":[-159.77256,-21.24951]}},{"type":"Feature","properties":{"name":"Cook Islands","abbr":"CK","iso":"COK","kind":"country","scope":"world","isUSA":false,"neType":"Dependency","continent":"Oceania","state":"Cook Islands","direction":"W","directionLabel":"west","lat":-21.2291,"lng":-159.84248},"geometry":{"type":"Point","coordinates":[-159.84248,-21.2291]}},{"type":"Feature","properties":{"name":"Netherlands","abbr":"NL","iso":"NLD","kind":"country","scope":"world","isUSA":false,"neType":"Country","continent":"Europe","state":"Netherlands","direction":"N","directionLabel":"north","lat":53.62549,"lng":6.75459},"geometry":{"type":"Point","coordinates":[6.75459,53.62549]}},{"type":"Feature","properties":{"name":"Netherlands","abbr":"NL","iso":"NLD","kind":"country","scope":"world","isUSA":false,"neType":"Country","continent":"Europe","state":"Netherlands","direction":"E","directionLabel":"east","lat":53.28227,"lng":7.19727},"geometry":{"type":"Point","coordinates":[7.19727,53.28227]}},{"type":"Feature","properties":{"name":"Netherlands","abbr":"NL","iso":"NLD","kind":"country","scope":"world","isUSA":false,"neType":"Country","continent":"Europe","state":"Netherlands","direction":"S","directionLabel":"south","lat":12.03208,"lng":-68.25435},"geometry":{"type":"Point","coordinates":[-68.25435,12.03208]}},{"type":"Feature","properties":{"name":"Netherlands","abbr":"NL","iso":"NLD","kind":"country","scope":"world","isUSA":false,"neType":"Country","continent":"Europe","state":"Netherlands","direction":"W","directionLabel":"west","lat":12.25752,"lng":-68.37109},"geometry":{"type":"Point","coordinates":[-68.37109,12.25752]}},{"type":"Feature","properties":{"name":"Aruba","abbr":"AW","iso":"ABW","kind":"country","scope":"world","isUSA":false,"neType":"Country","continent":"North America","state":"Aruba","direction":"N","directionLabel":"north","lat":12.61411,"lng":-70.03511},"geometry":{"type":"Point","coordinates":[-70.03511,12.61411]}},{"type":"Feature","properties":{"name":"Aruba","abbr":"AW","iso":"ABW","kind":"country","scope":"world","isUSA":false,"neType":"Country","continent":"North America","state":"Aruba","direction":"E","directionLabel":"east","lat":12.423,"lng":-69.8957},"geometry":{"type":"Point","coordinates":[-69.8957,12.423]}},{"type":"Feature","properties":{"name":"Aruba","abbr":"AW","iso":"ABW","kind":"country","scope":"world","isUSA":false,"neType":"Country","continent":"North America","state":"Aruba","direction":"S","directionLabel":"south","lat":12.423,"lng":-69.8957},"geometry":{"type":"Point","coordinates":[-69.8957,12.423]}},{"type":"Feature","properties":{"name":"Aruba","abbr":"AW","iso":"ABW","kind":"country","scope":"world","isUSA":false,"neType":"Country","continent":"North America","state":"Aruba","direction":"W","directionLabel":"west","lat":12.54697,"lng":-70.06611},"geometry":{"type":"Point","coordinates":[-70.06611,12.54697]}},{"type":"Feature","properties":{"name":"Curaçao","abbr":"CW","iso":"CUW","kind":"country","scope":"world","isUSA":false,"neType":"Country","continent":"North America","state":"Curaçao","direction":"N","directionLabel":"north","lat":12.38027,"lng":-69.15889},"geometry":{"type":"Point","coordinates":[-69.15889,12.38027]}},{"type":"Feature","properties":{"name":"Curaçao","abbr":"CW","iso":"CUW","kind":"country","scope":"world","isUSA":false,"neType":"Country","continent":"North America","state":"Curaçao","direction":"E","directionLabel":"east","lat":12.05977,"lng":-68.75107},"geometry":{"type":"Point","coordinates":[-68.75107,12.05977]}},{"type":"Feature","properties":{"name":"Curaçao","abbr":"CW","iso":"CUW","kind":"country","scope":"world","isUSA":false,"neType":"Country","continent":"North America","state":"Curaçao","direction":"S","directionLabel":"south","lat":12.04546,"lng":-68.80332},"geometry":{"type":"Point","coordinates":[-68.80332,12.04546]}},{"type":"Feature","properties":{"name":"Curaçao","abbr":"CW","iso":"CUW","kind":"country","scope":"world","isUSA":false,"neType":"Country","continent":"North America","state":"Curaçao","direction":"W","directionLabel":"west","lat":12.38027,"lng":-69.15889},"geometry":{"type":"Point","coordinates":[-69.15889,12.38027]}},{"type":"Feature","properties":{"name":"Nepal","abbr":"NP","iso":"NPL","kind":"country","scope":"world","isUSA":false,"neType":"Sovereign country","continent":"Asia","state":"Nepal","direction":"N","directionLabel":"north","lat":30.3875,"lng":81.6419},"geometry":{"type":"Point","coordinates":[81.6419,30.3875]}},{"type":"Feature","properties":{"name":"Nepal","abbr":"NP","iso":"NPL","kind":"country","scope":"world","isUSA":false,"neType":"Sovereign country","continent":"Asia","state":"Nepal","direction":"E","directionLabel":"east","lat":26.7248,"lng":88.16152},"geometry":{"type":"Point","coordinates":[88.16152,26.7248]}},{"type":"Feature","properties":{"name":"Nepal","abbr":"NP","iso":"NPL","kind":"country","scope":"world","isUSA":false,"neType":"Sovereign country","continent":"Asia","state":"Nepal","direction":"S","directionLabel":"south","lat":26.3603,"lng":87.2874},"geometry":{"type":"Point","coordinates":[87.2874,26.3603]}},{"type":"Feature","properties":{"name":"Nepal","abbr":"NP","iso":"NPL","kind":"country","scope":"world","isUSA":false,"neType":"Sovereign country","continent":"Asia","state":"Nepal","direction":"W","directionLabel":"west","lat":28.87031,"lng":80.05166},"geometry":{"type":"Point","coordinates":[80.05166,28.87031]}},{"type":"Feature","properties":{"name":"Nauru","abbr":"NR","iso":"NRU","kind":"country","scope":"world","isUSA":false,"neType":"Sovereign country","continent":"Oceania","state":"Nauru","direction":"N","directionLabel":"north","lat":-0.48935,"lng":166.93896},"geometry":{"type":"Point","coordinates":[166.93896,-0.48935]}},{"type":"Feature","properties":{"name":"Nauru","abbr":"NR","iso":"NRU","kind":"country","scope":"world","isUSA":false,"neType":"Sovereign country","continent":"Oceania","state":"Nauru","direction":"E","directionLabel":"east","lat":-0.5166,"lng":166.9584},"geometry":{"type":"Point","coordinates":[166.9584,-0.5166]}},{"type":"Feature","properties":{"name":"Nauru","abbr":"NR","iso":"NRU","kind":"country","scope":"world","isUSA":false,"neType":"Sovereign country","continent":"Oceania","state":"Nauru","direction":"S","directionLabel":"south","lat":-0.55078,"lng":166.93896},"geometry":{"type":"Point","coordinates":[166.93896,-0.55078]}},{"type":"Feature","properties":{"name":"Nauru","abbr":"NR","iso":"NRU","kind":"country","scope":"world","isUSA":false,"neType":"Sovereign country","continent":"Oceania","state":"Nauru","direction":"W","directionLabel":"west","lat":-0.52373,"lng":166.90703},"geometry":{"type":"Point","coordinates":[166.90703,-0.52373]}},{"type":"Feature","properties":{"name":"Namibia","abbr":"NA","iso":"NAM","kind":"country","scope":"world","isUSA":false,"neType":"Sovereign country","continent":"Africa","state":"Namibia","direction":"N","directionLabel":"north","lat":-16.96768,"lng":13.10117},"geometry":{"type":"Point","coordinates":[13.10117,-16.96768]}},{"type":"Feature","properties":{"name":"Namibia","abbr":"NA","iso":"NAM","kind":"country","scope":"world","isUSA":false,"neType":"Sovereign country","continent":"Africa","state":"Namibia","direction":"E","directionLabel":"east","lat":-17.79356,"lng":25.25879},"geometry":{"type":"Point","coordinates":[25.25879,-17.79356]}},{"type":"Feature","properties":{"name":"Namibia","abbr":"NA","iso":"NAM","kind":"country","scope":"world","isUSA":false,"neType":"Sovereign country","continent":"Africa","state":"Namibia","direction":"S","directionLabel":"south","lat":-28.93877,"lng":19.16172},"geometry":{"type":"Point","coordinates":[19.16172,-28.93877]}},{"type":"Feature","properties":{"name":"Namibia","abbr":"NA","iso":"NAM","kind":"country","scope":"world","isUSA":false,"neType":"Sovereign country","continent":"Africa","state":"Namibia","direction":"W","directionLabel":"west","lat":-17.4668,"lng":11.72168},"geometry":{"type":"Point","coordinates":[11.72168,-17.4668]}},{"type":"Feature","properties":{"name":"Mozambique","abbr":"MZ","iso":"MOZ","kind":"country","scope":"world","isUSA":false,"neType":"Sovereign country","continent":"Africa","state":"Mozambique","direction":"N","directionLabel":"north","lat":-10.46435,"lng":40.46357},"geometry":{"type":"Point","coordinates":[40.46357,-10.46435]}},{"type":"Feature","properties":{"name":"Mozambique","abbr":"MZ","iso":"MOZ","kind":"country","scope":"world","isUSA":false,"neType":"Sovereign country","continent":"Africa","state":"Mozambique","direction":"E","directionLabel":"east","lat":-14.71865,"lng":40.84453},"geometry":{"type":"Point","coordinates":[40.84453,-14.71865]}},{"type":"Feature","properties":{"name":"Mozambique","abbr":"MZ","iso":"MOZ","kind":"country","scope":"world","isUSA":false,"neType":"Sovereign country","continent":"Africa","state":"Mozambique","direction":"S","directionLabel":"south","lat":-26.86162,"lng":32.35352},"geometry":{"type":"Point","coordinates":[32.35352,-26.86162]}},{"type":"Feature","properties":{"name":"Mozambique","abbr":"MZ","iso":"MOZ","kind":"country","scope":"world","isUSA":false,"neType":"Sovereign country","continent":"Africa","state":"Mozambique","direction":"W","directionLabel":"west","lat":-15.01055,"lng":30.22178},"geometry":{"type":"Point","coordinates":[30.22178,-15.01055]}},{"type":"Feature","properties":{"name":"Morocco","abbr":"MA","iso":"MAR","kind":"country","scope":"world","isUSA":false,"neType":"Sovereign country","continent":"Africa","state":"Morocco","direction":"N","directionLabel":"north","lat":35.92988,"lng":-5.39736},"geometry":{"type":"Point","coordinates":[-5.39736,35.92988]}},{"type":"Feature","properties":{"name":"Morocco","abbr":"MA","iso":"MAR","kind":"country","scope":"world","isUSA":false,"neType":"Sovereign country","continent":"Africa","state":"Morocco","direction":"E","directionLabel":"east","lat":32.46831,"lng":-1.06553},"geometry":{"type":"Point","coordinates":[-1.06553,32.46831]}},{"type":"Feature","properties":{"name":"Morocco","abbr":"MA","iso":"MAR","kind":"country","scope":"world","isUSA":false,"neType":"Sovereign country","continent":"Africa","state":"Morocco","direction":"S","directionLabel":"south","lat":21.4207,"lng":-17.00308},"geometry":{"type":"Point","coordinates":[-17.00308,21.4207]}},{"type":"Feature","properties":{"name":"Morocco","abbr":"MA","iso":"MAR","kind":"country","scope":"world","isUSA":false,"neType":"Sovereign country","continent":"Africa","state":"Morocco","direction":"W","directionLabel":"west","lat":21.4207,"lng":-17.00308},"geometry":{"type":"Point","coordinates":[-17.00308,21.4207]}},{"type":"Feature","properties":{"name":"Western Sahara","abbr":"EH","iso":"ESH","kind":"country","scope":"world","isUSA":false,"neType":"Indeterminate","continent":"Africa","state":"Western Sahara","direction":"N","directionLabel":"north","lat":27.65645,"lng":-8.81782},"geometry":{"type":"Point","coordinates":[-8.81782,27.65645]}},{"type":"Feature","properties":{"name":"Western Sahara","abbr":"EH","iso":"ESH","kind":"country","scope":"world","isUSA":false,"neType":"Indeterminate","continent":"Africa","state":"Western Sahara","direction":"E","directionLabel":"east","lat":26.27319,"lng":-8.68213},"geometry":{"type":"Point","coordinates":[-8.68213,26.27319]}},{"type":"Feature","properties":{"name":"Western Sahara","abbr":"EH","iso":"ESH","kind":"country","scope":"world","isUSA":false,"neType":"Indeterminate","continent":"Africa","state":"Western Sahara","direction":"S","directionLabel":"south","lat":20.80615,"lng":-17.04805},"geometry":{"type":"Point","coordinates":[-17.04805,20.80615]}},{"type":"Feature","properties":{"name":"Western Sahara","abbr":"EH","iso":"ESH","kind":"country","scope":"world","isUSA":false,"neType":"Indeterminate","continent":"Africa","state":"Western Sahara","direction":"W","directionLabel":"west","lat":20.85688,"lng":-17.09878},"geometry":{"type":"Point","coordinates":[-17.09878,20.85688]}},{"type":"Feature","properties":{"name":"Montenegro","abbr":"ME","iso":"MNE","kind":"country","scope":"world","isUSA":false,"neType":"Sovereign country","continent":"Europe","state":"Montenegro","direction":"N","directionLabel":"north","lat":43.54233,"lng":18.97422},"geometry":{"type":"Point","coordinates":[18.97422,43.54233]}},{"type":"Feature","properties":{"name":"Montenegro","abbr":"ME","iso":"MNE","kind":"country","scope":"world","isUSA":false,"neType":"Sovereign country","continent":"Europe","state":"Montenegro","direction":"E","directionLabel":"east","lat":42.85278,"lng":20.34766},"geometry":{"type":"Point","coordinates":[20.34766,42.85278]}},{"type":"Feature","properties":{"name":"Montenegro","abbr":"ME","iso":"MNE","kind":"country","scope":"world","isUSA":false,"neType":"Sovereign country","continent":"Europe","state":"Montenegro","direction":"S","directionLabel":"south","lat":41.86909,"lng":19.34238},"geometry":{"type":"Point","coordinates":[19.34238,41.86909]}},{"type":"Feature","properties":{"name":"Montenegro","abbr":"ME","iso":"MNE","kind":"country","scope":"world","isUSA":false,"neType":"Sovereign country","continent":"Europe","state":"Montenegro","direction":"W","directionLabel":"west","lat":42.55972,"lng":18.43633},"geometry":{"type":"Point","coordinates":[18.43633,42.55972]}},{"type":"Feature","properties":{"name":"Mongolia","abbr":"MN","iso":"MNG","kind":"country","scope":"world","isUSA":false,"neType":"Sovereign country","continent":"Asia","state":"Mongolia","direction":"N","directionLabel":"north","lat":52.11729,"lng":98.89316},"geometry":{"type":"Point","coordinates":[98.89316,52.11729]}},{"type":"Feature","properties":{"name":"Mongolia","abbr":"MN","iso":"MNG","kind":"country","scope":"world","isUSA":false,"neType":"Sovereign country","continent":"Asia","state":"Mongolia","direction":"E","directionLabel":"east","lat":46.85781,"lng":119.89785},"geometry":{"type":"Point","coordinates":[119.89785,46.85781]}},{"type":"Feature","properties":{"name":"Mongolia","abbr":"MN","iso":"MNG","kind":"country","scope":"world","isUSA":false,"neType":"Sovereign country","continent":"Asia","state":"Mongolia","direction":"S","directionLabel":"south","lat":41.59551,"lng":104.98203},"geometry":{"type":"Point","coordinates":[104.98203,41.59551]}},{"type":"Feature","properties":{"name":"Mongolia","abbr":"MN","iso":"MNG","kind":"country","scope":"world","isUSA":false,"neType":"Sovereign country","continent":"Asia","state":"Mongolia","direction":"W","directionLabel":"west","lat":48.88164,"lng":87.74316},"geometry":{"type":"Point","coordinates":[87.74316,48.88164]}},{"type":"Feature","properties":{"name":"Moldova","abbr":"MD","iso":"MDA","kind":"country","scope":"world","isUSA":false,"neType":"Sovereign country","continent":"Europe","state":"Moldova","direction":"N","directionLabel":"north","lat":48.47773,"lng":27.54922},"geometry":{"type":"Point","coordinates":[27.54922,48.47773]}},{"type":"Feature","properties":{"name":"Moldova","abbr":"MD","iso":"MDA","kind":"country","scope":"world","isUSA":false,"neType":"Sovereign country","continent":"Europe","state":"Moldova","direction":"E","directionLabel":"east","lat":46.4231,"lng":30.13105},"geometry":{"type":"Point","coordinates":[30.13105,46.4231]}},{"type":"Feature","properties":{"name":"Moldova","abbr":"MD","iso":"MDA","kind":"country","scope":"world","isUSA":false,"neType":"Sovereign country","continent":"Europe","state":"Moldova","direction":"S","directionLabel":"south","lat":45.45044,"lng":28.2125},"geometry":{"type":"Point","coordinates":[28.2125,45.45044]}},{"type":"Feature","properties":{"name":"Moldova","abbr":"MD","iso":"MDA","kind":"country","scope":"world","isUSA":false,"neType":"Sovereign country","continent":"Europe","state":"Moldova","direction":"W","directionLabel":"west","lat":48.25986,"lng":26.61895},"geometry":{"type":"Point","coordinates":[26.61895,48.25986]}},{"type":"Feature","properties":{"name":"Monaco","abbr":"MC","iso":"MCO","kind":"country","scope":"world","isUSA":false,"neType":"Sovereign country","continent":"Europe","state":"Monaco","direction":"N","directionLabel":"north","lat":43.7709,"lng":7.41445},"geometry":{"type":"Point","coordinates":[7.41445,43.7709]}},{"type":"Feature","properties":{"name":"Monaco","abbr":"MC","iso":"MCO","kind":"country","scope":"world","isUSA":false,"neType":"Sovereign country","continent":"Europe","state":"Monaco","direction":"E","directionLabel":"east","lat":43.75044,"lng":7.43867},"geometry":{"type":"Point","coordinates":[7.43867,43.75044]}},{"type":"Feature","properties":{"name":"Monaco","abbr":"MC","iso":"MCO","kind":"country","scope":"world","isUSA":false,"neType":"Sovereign country","continent":"Europe","state":"Monaco","direction":"S","directionLabel":"south","lat":43.73174,"lng":7.37773},"geometry":{"type":"Point","coordinates":[7.37773,43.73174]}},{"type":"Feature","properties":{"name":"Monaco","abbr":"MC","iso":"MCO","kind":"country","scope":"world","isUSA":false,"neType":"Sovereign country","continent":"Europe","state":"Monaco","direction":"W","directionLabel":"west","lat":43.73174,"lng":7.37773},"geometry":{"type":"Point","coordinates":[7.37773,43.73174]}},{"type":"Feature","properties":{"name":"Mexico","abbr":"MX","iso":"MEX","kind":"country","scope":"world","isUSA":false,"neType":"Sovereign country","continent":"North America","state":"Mexico","direction":"N","directionLabel":"north","lat":32.71533,"lng":-114.72476},"geometry":{"type":"Point","coordinates":[-114.72476,32.71533]}},{"type":"Feature","properties":{"name":"Mexico","abbr":"MX","iso":"MEX","kind":"country","scope":"world","isUSA":false,"neType":"Sovereign country","continent":"North America","state":"Mexico","direction":"E","directionLabel":"east","lat":21.19102,"lng":-86.69629},"geometry":{"type":"Point","coordinates":[-86.69629,21.19102]}},{"type":"Feature","properties":{"name":"Mexico","abbr":"MX","iso":"MEX","kind":"country","scope":"world","isUSA":false,"neType":"Sovereign country","continent":"North America","state":"Mexico","direction":"S","directionLabel":"south","lat":14.54541,"lng":-92.23516},"geometry":{"type":"Point","coordinates":[-92.23516,14.54541]}},{"type":"Feature","properties":{"name":"Mexico","abbr":"MX","iso":"MEX","kind":"country","scope":"world","isUSA":false,"neType":"Sovereign country","continent":"North America","state":"Mexico","direction":"W","directionLabel":"west","lat":29.16274,"lng":-118.40137},"geometry":{"type":"Point","coordinates":[-118.40137,29.16274]}},{"type":"Feature","properties":{"name":"Mauritius","abbr":"MU","iso":"MUS","kind":"country","scope":"world","isUSA":false,"neType":"Sovereign country","continent":"Seven seas (open ocean)","state":"Mauritius","direction":"N","directionLabel":"north","lat":-19.98994,"lng":57.65654},"geometry":{"type":"Point","coordinates":[57.65654,-19.98994]}},{"type":"Feature","properties":{"name":"Mauritius","abbr":"MU","iso":"MUS","kind":"country","scope":"world","isUSA":false,"neType":"Sovereign country","continent":"Seven seas (open ocean)","state":"Mauritius","direction":"E","directionLabel":"east","lat":-20.2126,"lng":57.79199},"geometry":{"type":"Point","coordinates":[57.79199,-20.2126]}},{"type":"Feature","properties":{"name":"Mauritius","abbr":"MU","iso":"MUS","kind":"country","scope":"world","isUSA":false,"neType":"Sovereign country","continent":"Seven seas (open ocean)","state":"Mauritius","direction":"S","directionLabel":"south","lat":-20.51318,"lng":57.52481},"geometry":{"type":"Point","coordinates":[57.52481,-20.51318]}},{"type":"Feature","properties":{"name":"Mauritius","abbr":"MU","iso":"MUS","kind":"country","scope":"world","isUSA":false,"neType":"Sovereign country","continent":"Seven seas (open ocean)","state":"Mauritius","direction":"W","directionLabel":"west","lat":-20.42764,"lng":57.31768},"geometry":{"type":"Point","coordinates":[57.31768,-20.42764]}},{"type":"Feature","properties":{"name":"Mauritania","abbr":"MR","iso":"MRT","kind":"country","scope":"world","isUSA":false,"neType":"Sovereign country","continent":"Africa","state":"Mauritania","direction":"N","directionLabel":"north","lat":27.28594,"lng":-8.68335},"geometry":{"type":"Point","coordinates":[-8.68335,27.28594]}},{"type":"Feature","properties":{"name":"Mauritania","abbr":"MR","iso":"MRT","kind":"country","scope":"world","isUSA":false,"neType":"Sovereign country","continent":"Africa","state":"Mauritania","direction":"E","directionLabel":"east","lat":24.99561,"lng":-4.82261},"geometry":{"type":"Point","coordinates":[-4.82261,24.99561]}},{"type":"Feature","properties":{"name":"Mauritania","abbr":"MR","iso":"MRT","kind":"country","scope":"world","isUSA":false,"neType":"Sovereign country","continent":"Africa","state":"Mauritania","direction":"S","directionLabel":"south","lat":14.74536,"lng":-12.10469},"geometry":{"type":"Point","coordinates":[-12.10469,14.74536]}},{"type":"Feature","properties":{"name":"Mauritania","abbr":"MR","iso":"MRT","kind":"country","scope":"world","isUSA":false,"neType":"Sovereign country","continent":"Africa","state":"Mauritania","direction":"W","directionLabel":"west","lat":20.89883,"lng":-17.06396},"geometry":{"type":"Point","coordinates":[-17.06396,20.89883]}},{"type":"Feature","properties":{"name":"Malta","abbr":"MT","iso":"MLT","kind":"country","scope":"world","isUSA":false,"neType":"Sovereign country","continent":"Europe","state":"Malta","direction":"N","directionLabel":"north","lat":36.07578,"lng":14.26328},"geometry":{"type":"Point","coordinates":[14.26328,36.07578]}},{"type":"Feature","properties":{"name":"Malta","abbr":"MT","iso":"MLT","kind":"country","scope":"world","isUSA":false,"neType":"Sovereign country","continent":"Europe","state":"Malta","direction":"E","directionLabel":"east","lat":35.85273,"lng":14.56621},"geometry":{"type":"Point","coordinates":[14.56621,35.85273]}},{"type":"Feature","properties":{"name":"Malta","abbr":"MT","iso":"MLT","kind":"country","scope":"world","isUSA":false,"neType":"Sovereign country","continent":"Europe","state":"Malta","direction":"S","directionLabel":"south","lat":35.82021,"lng":14.53271},"geometry":{"type":"Point","coordinates":[14.53271,35.82021]}},{"type":"Feature","properties":{"name":"Malta","abbr":"MT","iso":"MLT","kind":"country","scope":"world","isUSA":false,"neType":"Sovereign country","continent":"Europe","state":"Malta","direction":"W","directionLabel":"west","lat":36.0604,"lng":14.18037},"geometry":{"type":"Point","coordinates":[14.18037,36.0604]}},{"type":"Feature","properties":{"name":"Mali","abbr":"ML","iso":"MLI","kind":"country","scope":"world","isUSA":false,"neType":"Sovereign country","continent":"Africa","state":"Mali","direction":"N","directionLabel":"north","lat":24.99561,"lng":-4.82261},"geometry":{"type":"Point","coordinates":[-4.82261,24.99561]}},{"type":"Feature","properties":{"name":"Mali","abbr":"ML","iso":"MLI","kind":"country","scope":"world","isUSA":false,"neType":"Sovereign country","continent":"Africa","state":"Mali","direction":"E","directionLabel":"east","lat":16.99639,"lng":4.23467},"geometry":{"type":"Point","coordinates":[4.23467,16.99639]}},{"type":"Feature","properties":{"name":"Mali","abbr":"ML","iso":"MLI","kind":"country","scope":"world","isUSA":false,"neType":"Sovereign country","continent":"Africa","state":"Mali","direction":"S","directionLabel":"south","lat":10.14326,"lng":-7.01709},"geometry":{"type":"Point","coordinates":[-7.01709,10.14326]}},{"type":"Feature","properties":{"name":"Mali","abbr":"ML","iso":"MLI","kind":"country","scope":"world","isUSA":false,"neType":"Sovereign country","continent":"Africa","state":"Mali","direction":"W","directionLabel":"west","lat":14.80903,"lng":-12.28061},"geometry":{"type":"Point","coordinates":[-12.28061,14.80903]}},{"type":"Feature","properties":{"name":"Maldives","abbr":"MV","iso":"MDV","kind":"country","scope":"world","isUSA":false,"neType":"Sovereign country","continent":"Seven seas (open ocean)","state":"Maldives","direction":"N","directionLabel":"north","lat":4.24766,"lng":73.51777},"geometry":{"type":"Point","coordinates":[73.51777,4.24766]}},{"type":"Feature","properties":{"name":"Maldives","abbr":"MV","iso":"MDV","kind":"country","scope":"world","isUSA":false,"neType":"Sovereign country","continent":"Seven seas (open ocean)","state":"Maldives","direction":"E","directionLabel":"east","lat":4.24331,"lng":73.52832},"geometry":{"type":"Point","coordinates":[73.52832,4.24331]}},{"type":"Feature","properties":{"name":"Maldives","abbr":"MV","iso":"MDV","kind":"country","scope":"world","isUSA":false,"neType":"Sovereign country","continent":"Seven seas (open ocean)","state":"Maldives","direction":"S","directionLabel":"south","lat":3.22939,"lng":73.39531},"geometry":{"type":"Point","coordinates":[73.39531,3.22939]}},{"type":"Feature","properties":{"name":"Maldives","abbr":"MV","iso":"MDV","kind":"country","scope":"world","isUSA":false,"neType":"Sovereign country","continent":"Seven seas (open ocean)","state":"Maldives","direction":"W","directionLabel":"west","lat":3.24648,"lng":73.38203},"geometry":{"type":"Point","coordinates":[73.38203,3.24648]}},{"type":"Feature","properties":{"name":"Malaysia","abbr":"MY","iso":"MYS","kind":"country","scope":"world","isUSA":false,"neType":"Sovereign country","continent":"Asia","state":"Malaysia","direction":"N","directionLabel":"north","lat":7.35166,"lng":117.26406},"geometry":{"type":"Point","coordinates":[117.26406,7.35166]}},{"type":"Feature","properties":{"name":"Malaysia","abbr":"MY","iso":"MYS","kind":"country","scope":"world","isUSA":false,"neType":"Sovereign country","continent":"Asia","state":"Malaysia","direction":"E","directionLabel":"east","lat":5.30811,"lng":119.26631},"geometry":{"type":"Point","coordinates":[119.26631,5.30811]}},{"type":"Feature","properties":{"name":"Malaysia","abbr":"MY","iso":"MYS","kind":"country","scope":"world","isUSA":false,"neType":"Sovereign country","continent":"Asia","state":"Malaysia","direction":"S","directionLabel":"south","lat":0.86196,"lng":110.50576},"geometry":{"type":"Point","coordinates":[110.50576,0.86196]}},{"type":"Feature","properties":{"name":"Malaysia","abbr":"MY","iso":"MYS","kind":"country","scope":"world","isUSA":false,"neType":"Sovereign country","continent":"Asia","state":"Malaysia","direction":"W","directionLabel":"west","lat":6.41836,"lng":99.64629},"geometry":{"type":"Point","coordinates":[99.64629,6.41836]}},{"type":"Feature","properties":{"name":"Malawi","abbr":"MW","iso":"MWI","kind":"country","scope":"world","isUSA":false,"neType":"Sovereign country","continent":"Africa","state":"Malawi","direction":"N","directionLabel":"north","lat":-9.39502,"lng":32.97402},"geometry":{"type":"Point","coordinates":[32.97402,-9.39502]}},{"type":"Feature","properties":{"name":"Malawi","abbr":"MW","iso":"MWI","kind":"country","scope":"world","isUSA":false,"neType":"Sovereign country","continent":"Africa","state":"Malawi","direction":"E","directionLabel":"east","lat":-14.8918,"lng":35.89277},"geometry":{"type":"Point","coordinates":[35.89277,-14.8918]}},{"type":"Feature","properties":{"name":"Malawi","abbr":"MW","iso":"MWI","kind":"country","scope":"world","isUSA":false,"neType":"Sovereign country","continent":"Africa","state":"Malawi","direction":"S","directionLabel":"south","lat":-17.13105,"lng":35.20137},"geometry":{"type":"Point","coordinates":[35.20137,-17.13105]}},{"type":"Feature","properties":{"name":"Malawi","abbr":"MW","iso":"MWI","kind":"country","scope":"world","isUSA":false,"neType":"Sovereign country","continent":"Africa","state":"Malawi","direction":"W","directionLabel":"west","lat":-13.59043,"lng":32.67041},"geometry":{"type":"Point","coordinates":[32.67041,-13.59043]}},{"type":"Feature","properties":{"name":"Madagascar","abbr":"MG","iso":"MDG","kind":"country","scope":"world","isUSA":false,"neType":"Sovereign country","continent":"Africa","state":"Madagascar","direction":"N","directionLabel":"north","lat":-12.07959,"lng":49.20703},"geometry":{"type":"Point","coordinates":[49.20703,-12.07959]}},{"type":"Feature","properties":{"name":"Madagascar","abbr":"MG","iso":"MDG","kind":"country","scope":"world","isUSA":false,"neType":"Sovereign country","continent":"Africa","state":"Madagascar","direction":"E","directionLabel":"east","lat":-15.38565,"lng":50.48271},"geometry":{"type":"Point","coordinates":[50.48271,-15.38565]}},{"type":"Feature","properties":{"name":"Madagascar","abbr":"MG","iso":"MDG","kind":"country","scope":"world","isUSA":false,"neType":"Sovereign country","continent":"Africa","state":"Madagascar","direction":"S","directionLabel":"south","lat":-25.57051,"lng":45.20576},"geometry":{"type":"Point","coordinates":[45.20576,-25.57051]}},{"type":"Feature","properties":{"name":"Madagascar","abbr":"MG","iso":"MDG","kind":"country","scope":"world","isUSA":false,"neType":"Sovereign country","continent":"Africa","state":"Madagascar","direction":"W","directionLabel":"west","lat":-22.27637,"lng":43.25713},"geometry":{"type":"Point","coordinates":[43.25713,-22.27637]}},{"type":"Feature","properties":{"name":"North Macedonia","abbr":"MK","iso":"MKD","kind":"country","scope":"world","isUSA":false,"neType":"Sovereign country","continent":"Europe","state":"North Macedonia","direction":"N","directionLabel":"north","lat":42.35815,"lng":22.23975},"geometry":{"type":"Point","coordinates":[22.23975,42.35815]}},{"type":"Feature","properties":{"name":"North Macedonia","abbr":"MK","iso":"MKD","kind":"country","scope":"world","isUSA":false,"neType":"Sovereign country","continent":"Europe","state":"North Macedonia","direction":"E","directionLabel":"east","lat":41.71694,"lng":23.00566},"geometry":{"type":"Point","coordinates":[23.00566,41.71694]}},{"type":"Feature","properties":{"name":"North Macedonia","abbr":"MK","iso":"MKD","kind":"country","scope":"world","isUSA":false,"neType":"Sovereign country","continent":"Europe","state":"North Macedonia","direction":"S","directionLabel":"south","lat":40.8499,"lng":20.96426},"geometry":{"type":"Point","coordinates":[20.96426,40.8499]}},{"type":"Feature","properties":{"name":"North Macedonia","abbr":"MK","iso":"MKD","kind":"country","scope":"world","isUSA":false,"neType":"Sovereign country","continent":"Europe","state":"North Macedonia","direction":"W","directionLabel":"west","lat":41.52129,"lng":20.44863},"geometry":{"type":"Point","coordinates":[20.44863,41.52129]}},{"type":"Feature","properties":{"name":"Luxembourg","abbr":"LU","iso":"LUX","kind":"country","scope":"world","isUSA":false,"neType":"Sovereign country","continent":"Europe","state":"Luxembourg","direction":"N","directionLabel":"north","lat":50.16719,"lng":5.97627},"geometry":{"type":"Point","coordinates":[5.97627,50.16719]}},{"type":"Feature","properties":{"name":"Luxembourg","abbr":"LU","iso":"LUX","kind":"country","scope":"world","isUSA":false,"neType":"Sovereign country","continent":"Europe","state":"Luxembourg","direction":"E","directionLabel":"east","lat":49.7544,"lng":6.49375},"geometry":{"type":"Point","coordinates":[6.49375,49.7544]}},{"type":"Feature","properties":{"name":"Luxembourg","abbr":"LU","iso":"LUX","kind":"country","scope":"world","isUSA":false,"neType":"Sovereign country","continent":"Europe","state":"Luxembourg","direction":"S","directionLabel":"south","lat":49.44546,"lng":6.01143},"geometry":{"type":"Point","coordinates":[6.01143,49.44546]}},{"type":"Feature","properties":{"name":"Luxembourg","abbr":"LU","iso":"LUX","kind":"country","scope":"world","isUSA":false,"neType":"Sovereign country","continent":"Europe","state":"Luxembourg","direction":"W","directionLabel":"west","lat":49.8083,"lng":5.725},"geometry":{"type":"Point","coordinates":[5.725,49.8083]}},{"type":"Feature","properties":{"name":"Lithuania","abbr":"LT","iso":"LTU","kind":"country","scope":"world","isUSA":false,"neType":"Sovereign country","continent":"Europe","state":"Lithuania","direction":"N","directionLabel":"north","lat":56.41118,"lng":24.84102},"geometry":{"type":"Point","coordinates":[24.84102,56.41118]}},{"type":"Feature","properties":{"name":"Lithuania","abbr":"LT","iso":"LTU","kind":"country","scope":"world","isUSA":false,"neType":"Sovereign country","continent":"Europe","state":"Lithuania","direction":"E","directionLabel":"east","lat":55.2731,"lng":26.77568},"geometry":{"type":"Point","coordinates":[26.77568,55.2731]}},{"type":"Feature","properties":{"name":"Lithuania","abbr":"LT","iso":"LTU","kind":"country","scope":"world","isUSA":false,"neType":"Sovereign country","continent":"Europe","state":"Lithuania","direction":"S","directionLabel":"south","lat":53.89297,"lng":24.31797},"geometry":{"type":"Point","coordinates":[24.31797,53.89297]}},{"type":"Feature","properties":{"name":"Lithuania","abbr":"LT","iso":"LTU","kind":"country","scope":"world","isUSA":false,"neType":"Sovereign country","continent":"Europe","state":"Lithuania","direction":"W","directionLabel":"west","lat":55.28667,"lng":20.89981},"geometry":{"type":"Point","coordinates":[20.89981,55.28667]}},{"type":"Feature","properties":{"name":"Liechtenstein","abbr":"LI","iso":"LIE","kind":"country","scope":"world","isUSA":false,"neType":"Sovereign country","continent":"Europe","state":"Liechtenstein","direction":"N","directionLabel":"north","lat":47.27075,"lng":9.52754},"geometry":{"type":"Point","coordinates":[9.52754,47.27075]}},{"type":"Feature","properties":{"name":"Liechtenstein","abbr":"LI","iso":"LIE","kind":"country","scope":"world","isUSA":false,"neType":"Sovereign country","continent":"Europe","state":"Liechtenstein","direction":"E","directionLabel":"east","lat":47.10713,"lng":9.61055},"geometry":{"type":"Point","coordinates":[9.61055,47.10713]}},{"type":"Feature","properties":{"name":"Liechtenstein","abbr":"LI","iso":"LIE","kind":"country","scope":"world","isUSA":false,"neType":"Sovereign country","continent":"Europe","state":"Liechtenstein","direction":"S","directionLabel":"south","lat":47.05737,"lng":9.58027},"geometry":{"type":"Point","coordinates":[9.58027,47.05737]}},{"type":"Feature","properties":{"name":"Liechtenstein","abbr":"LI","iso":"LIE","kind":"country","scope":"world","isUSA":false,"neType":"Sovereign country","continent":"Europe","state":"Liechtenstein","direction":"W","directionLabel":"west","lat":47.09751,"lng":9.47949},"geometry":{"type":"Point","coordinates":[9.47949,47.09751]}},{"type":"Feature","properties":{"name":"Libya","abbr":"LY","iso":"LBY","kind":"country","scope":"world","isUSA":false,"neType":"Sovereign country","continent":"Africa","state":"Libya","direction":"N","directionLabel":"north","lat":33.18193,"lng":11.50459},"geometry":{"type":"Point","coordinates":[11.50459,33.18193]}},{"type":"Feature","properties":{"name":"Libya","abbr":"LY","iso":"LBY","kind":"country","scope":"world","isUSA":false,"neType":"Sovereign country","continent":"Africa","state":"Libya","direction":"E","directionLabel":"east","lat":31.65498,"lng":25.15049},"geometry":{"type":"Point","coordinates":[25.15049,31.65498]}},{"type":"Feature","properties":{"name":"Libya","abbr":"LY","iso":"LBY","kind":"country","scope":"world","isUSA":false,"neType":"Sovereign country","continent":"Africa","state":"Libya","direction":"S","directionLabel":"south","lat":19.49663,"lng":23.98027},"geometry":{"type":"Point","coordinates":[23.98027,19.49663]}},{"type":"Feature","properties":{"name":"Libya","abbr":"LY","iso":"LBY","kind":"country","scope":"world","isUSA":false,"neType":"Sovereign country","continent":"Africa","state":"Libya","direction":"W","directionLabel":"west","lat":30.11523,"lng":9.31025},"geometry":{"type":"Point","coordinates":[9.31025,30.11523]}},{"type":"Feature","properties":{"name":"Liberia","abbr":"LR","iso":"LBR","kind":"country","scope":"world","isUSA":false,"neType":"Sovereign country","continent":"Africa","state":"Liberia","direction":"N","directionLabel":"north","lat":8.53769,"lng":-9.78198},"geometry":{"type":"Point","coordinates":[-9.78198,8.53769]}},{"type":"Feature","properties":{"name":"Liberia","abbr":"LR","iso":"LBR","kind":"country","scope":"world","isUSA":false,"neType":"Sovereign country","continent":"Africa","state":"Liberia","direction":"E","directionLabel":"east","lat":5.55059,"lng":-7.3999},"geometry":{"type":"Point","coordinates":[-7.3999,5.55059]}},{"type":"Feature","properties":{"name":"Liberia","abbr":"LR","iso":"LBR","kind":"country","scope":"world","isUSA":false,"neType":"Sovereign country","continent":"Africa","state":"Liberia","direction":"S","directionLabel":"south","lat":4.35132,"lng":-7.54497},"geometry":{"type":"Point","coordinates":[-7.54497,4.35132]}},{"type":"Feature","properties":{"name":"Liberia","abbr":"LR","iso":"LBR","kind":"country","scope":"world","isUSA":false,"neType":"Sovereign country","continent":"Africa","state":"Liberia","direction":"W","directionLabel":"west","lat":6.90654,"lng":-11.50752},"geometry":{"type":"Point","coordinates":[-11.50752,6.90654]}},{"type":"Feature","properties":{"name":"Lesotho","abbr":"LS","iso":"LSO","kind":"country","scope":"world","isUSA":false,"neType":"Sovereign country","continent":"Africa","state":"Lesotho","direction":"N","directionLabel":"north","lat":-28.58174,"lng":28.62578},"geometry":{"type":"Point","coordinates":[28.62578,-28.58174]}},{"type":"Feature","properties":{"name":"Lesotho","abbr":"LS","iso":"LSO","kind":"country","scope":"world","isUSA":false,"neType":"Sovereign country","continent":"Africa","state":"Lesotho","direction":"E","directionLabel":"east","lat":-29.26973,"lng":29.39072},"geometry":{"type":"Point","coordinates":[29.39072,-29.26973]}},{"type":"Feature","properties":{"name":"Lesotho","abbr":"LS","iso":"LSO","kind":"country","scope":"world","isUSA":false,"neType":"Sovereign country","continent":"Africa","state":"Lesotho","direction":"S","directionLabel":"south","lat":-30.64229,"lng":28.01816},"geometry":{"type":"Point","coordinates":[28.01816,-30.64229]}},{"type":"Feature","properties":{"name":"Lesotho","abbr":"LS","iso":"LSO","kind":"country","scope":"world","isUSA":false,"neType":"Sovereign country","continent":"Africa","state":"Lesotho","direction":"W","directionLabel":"west","lat":-29.66406,"lng":27.05176},"geometry":{"type":"Point","coordinates":[27.05176,-29.66406]}},{"type":"Feature","properties":{"name":"Lebanon","abbr":"LB","iso":"LBN","kind":"country","scope":"world","isUSA":false,"neType":"Sovereign country","continent":"Asia","state":"Lebanon","direction":"N","directionLabel":"north","lat":34.67871,"lng":36.29629},"geometry":{"type":"Point","coordinates":[36.29629,34.67871]}},{"type":"Feature","properties":{"name":"Lebanon","abbr":"LB","iso":"LBN","kind":"country","scope":"world","isUSA":false,"neType":"Sovereign country","continent":"Asia","state":"Lebanon","direction":"E","directionLabel":"east","lat":34.22124,"lng":36.58496},"geometry":{"type":"Point","coordinates":[36.58496,34.22124]}},{"type":"Feature","properties":{"name":"Lebanon","abbr":"LB","iso":"LBN","kind":"country","scope":"world","isUSA":false,"neType":"Sovereign country","continent":"Asia","state":"Lebanon","direction":"S","directionLabel":"south","lat":33.07568,"lng":35.41123},"geometry":{"type":"Point","coordinates":[35.41123,33.07568]}},{"type":"Feature","properties":{"name":"Lebanon","abbr":"LB","iso":"LBN","kind":"country","scope":"world","isUSA":false,"neType":"Sovereign country","continent":"Asia","state":"Lebanon","direction":"W","directionLabel":"west","lat":33.08369,"lng":35.10859},"geometry":{"type":"Point","coordinates":[35.10859,33.08369]}},{"type":"Feature","properties":{"name":"Latvia","abbr":"LV","iso":"LVA","kind":"country","scope":"world","isUSA":false,"neType":"Sovereign country","continent":"Europe","state":"Latvia","direction":"N","directionLabel":"north","lat":58.06343,"lng":25.11104},"geometry":{"type":"Point","coordinates":[25.11104,58.06343]}},{"type":"Feature","properties":{"name":"Latvia","abbr":"LV","iso":"LVA","kind":"country","scope":"world","isUSA":false,"neType":"Sovereign country","continent":"Europe","state":"Latvia","direction":"E","directionLabel":"east","lat":56.2604,"lng":28.20205},"geometry":{"type":"Point","coordinates":[28.20205,56.2604]}},{"type":"Feature","properties":{"name":"Latvia","abbr":"LV","iso":"LVA","kind":"country","scope":"world","isUSA":false,"neType":"Sovereign country","continent":"Europe","state":"Latvia","direction":"S","directionLabel":"south","lat":55.66753,"lng":26.59355},"geometry":{"type":"Point","coordinates":[26.59355,55.66753]}},{"type":"Feature","properties":{"name":"Latvia","abbr":"LV","iso":"LVA","kind":"country","scope":"world","isUSA":false,"neType":"Sovereign country","continent":"Europe","state":"Latvia","direction":"W","directionLabel":"west","lat":56.25894,"lng":21.01494},"geometry":{"type":"Point","coordinates":[21.01494,56.25894]}},{"type":"Feature","properties":{"name":"Laos","abbr":"LA","iso":"LAO","kind":"country","scope":"world","isUSA":false,"neType":"Sovereign country","continent":"Asia","state":"Laos","direction":"N","directionLabel":"north","lat":22.49526,"lng":101.73877},"geometry":{"type":"Point","coordinates":[101.73877,22.49526]}},{"type":"Feature","properties":{"name":"Laos","abbr":"LA","iso":"LAO","kind":"country","scope":"world","isUSA":false,"neType":"Sovereign country","continent":"Asia","state":"Laos","direction":"E","directionLabel":"east","lat":15.25522,"lng":107.65313},"geometry":{"type":"Point","coordinates":[107.65313,15.25522]}},{"type":"Feature","properties":{"name":"Laos","abbr":"LA","iso":"LAO","kind":"country","scope":"world","isUSA":false,"neType":"Sovereign country","continent":"Asia","state":"Laos","direction":"S","directionLabel":"south","lat":13.92119,"lng":106.0668},"geometry":{"type":"Point","coordinates":[106.0668,13.92119]}},{"type":"Feature","properties":{"name":"Laos","abbr":"LA","iso":"LAO","kind":"country","scope":"world","isUSA":false,"neType":"Sovereign country","continent":"Asia","state":"Laos","direction":"W","directionLabel":"west","lat":20.25767,"lng":100.11494},"geometry":{"type":"Point","coordinates":[100.11494,20.25767]}},{"type":"Feature","properties":{"name":"Kyrgyzstan","abbr":"KG","iso":"KGZ","kind":"country","scope":"world","isUSA":false,"neType":"Sovereign country","continent":"Asia","state":"Kyrgyzstan","direction":"N","directionLabel":"north","lat":43.24038,"lng":74.20908},"geometry":{"type":"Point","coordinates":[74.20908,43.24038]}},{"type":"Feature","properties":{"name":"Kyrgyzstan","abbr":"KG","iso":"KGZ","kind":"country","scope":"world","isUSA":false,"neType":"Sovereign country","continent":"Asia","state":"Kyrgyzstan","direction":"E","directionLabel":"east","lat":42.05981,"lng":80.24619},"geometry":{"type":"Point","coordinates":[80.24619,42.05981]}},{"type":"Feature","properties":{"name":"Kyrgyzstan","abbr":"KG","iso":"KGZ","kind":"country","scope":"world","isUSA":false,"neType":"Sovereign country","continent":"Asia","state":"Kyrgyzstan","direction":"S","directionLabel":"south","lat":39.20752,"lng":72.22998},"geometry":{"type":"Point","coordinates":[72.22998,39.20752]}},{"type":"Feature","properties":{"name":"Kyrgyzstan","abbr":"KG","iso":"KGZ","kind":"country","scope":"world","isUSA":false,"neType":"Sovereign country","continent":"Asia","state":"Kyrgyzstan","direction":"W","directionLabel":"west","lat":39.76108,"lng":69.2291},"geometry":{"type":"Point","coordinates":[69.2291,39.76108]}},{"type":"Feature","properties":{"name":"Kuwait","abbr":"KW","iso":"KWT","kind":"country","scope":"world","isUSA":false,"neType":"Sovereign country","continent":"Asia","state":"Kuwait","direction":"N","directionLabel":"north","lat":30.09731,"lng":47.64375},"geometry":{"type":"Point","coordinates":[47.64375,30.09731]}},{"type":"Feature","properties":{"name":"Kuwait","abbr":"KW","iso":"KWT","kind":"country","scope":"world","isUSA":false,"neType":"Sovereign country","continent":"Asia","state":"Kuwait","direction":"E","directionLabel":"east","lat":28.54292,"lng":48.44248},"geometry":{"type":"Point","coordinates":[48.44248,28.54292]}},{"type":"Feature","properties":{"name":"Kuwait","abbr":"KW","iso":"KWT","kind":"country","scope":"world","isUSA":false,"neType":"Sovereign country","continent":"Asia","state":"Kuwait","direction":"S","directionLabel":"south","lat":28.53315,"lng":47.67129},"geometry":{"type":"Point","coordinates":[47.67129,28.53315]}},{"type":"Feature","properties":{"name":"Kuwait","abbr":"KW","iso":"KWT","kind":"country","scope":"world","isUSA":false,"neType":"Sovereign country","continent":"Asia","state":"Kuwait","direction":"W","directionLabel":"west","lat":29.09624,"lng":46.53144},"geometry":{"type":"Point","coordinates":[46.53144,29.09624]}},{"type":"Feature","properties":{"name":"Kosovo","abbr":"XK","iso":"KOS","kind":"country","scope":"world","isUSA":false,"neType":"Disputed","continent":"Europe","state":"Kosovo","direction":"N","directionLabel":"north","lat":43.26108,"lng":20.80059},"geometry":{"type":"Point","coordinates":[20.80059,43.26108]}},{"type":"Feature","properties":{"name":"Kosovo","abbr":"XK","iso":"KOS","kind":"country","scope":"world","isUSA":false,"neType":"Disputed","continent":"Europe","state":"Kosovo","direction":"E","directionLabel":"east","lat":42.66982,"lng":21.75293},"geometry":{"type":"Point","coordinates":[21.75293,42.66982]}},{"type":"Feature","properties":{"name":"Kosovo","abbr":"XK","iso":"KOS","kind":"country","scope":"world","isUSA":false,"neType":"Disputed","continent":"Europe","state":"Kosovo","direction":"S","directionLabel":"south","lat":41.85381,"lng":20.69492},"geometry":{"type":"Point","coordinates":[20.69492,41.85381]}},{"type":"Feature","properties":{"name":"Kosovo","abbr":"XK","iso":"KOS","kind":"country","scope":"world","isUSA":false,"neType":"Disputed","continent":"Europe","state":"Kosovo","direction":"W","directionLabel":"west","lat":42.73203,"lng":20.02949},"geometry":{"type":"Point","coordinates":[20.02949,42.73203]}},{"type":"Feature","properties":{"name":"Kiribati","abbr":"KI","iso":"KIR","kind":"country","scope":"world","isUSA":false,"neType":"Sovereign country","continent":"Oceania","state":"Kiribati","direction":"N","directionLabel":"north","lat":3.92354,"lng":-159.33906},"geometry":{"type":"Point","coordinates":[-159.33906,3.92354]}},{"type":"Feature","properties":{"name":"Kiribati","abbr":"KI","iso":"KIR","kind":"country","scope":"world","isUSA":false,"neType":"Sovereign country","continent":"Oceania","state":"Kiribati","direction":"E","directionLabel":"east","lat":-11.44102,"lng":-151.78262},"geometry":{"type":"Point","coordinates":[-151.78262,-11.44102]}},{"type":"Feature","properties":{"name":"Kiribati","abbr":"KI","iso":"KIR","kind":"country","scope":"world","isUSA":false,"neType":"Sovereign country","continent":"Oceania","state":"Kiribati","direction":"S","directionLabel":"south","lat":-11.45684,"lng":-151.79087},"geometry":{"type":"Point","coordinates":[-151.79087,-11.45684]}},{"type":"Feature","properties":{"name":"Kiribati","abbr":"KI","iso":"KIR","kind":"country","scope":"world","isUSA":false,"neType":"Sovereign country","continent":"Oceania","state":"Kiribati","direction":"W","directionLabel":"west","lat":-0.86562,"lng":169.52295},"geometry":{"type":"Point","coordinates":[169.52295,-0.86562]}},{"type":"Feature","properties":{"name":"Kenya","abbr":"KE","iso":"KEN","kind":"country","scope":"world","isUSA":false,"neType":"Sovereign country","continent":"Africa","state":"Kenya","direction":"N","directionLabel":"north","lat":5.49228,"lng":35.26836},"geometry":{"type":"Point","coordinates":[35.26836,5.49228]}},{"type":"Feature","properties":{"name":"Kenya","abbr":"KE","iso":"KEN","kind":"country","scope":"world","isUSA":false,"neType":"Sovereign country","continent":"Africa","state":"Kenya","direction":"E","directionLabel":"east","lat":3.97773,"lng":41.88398},"geometry":{"type":"Point","coordinates":[41.88398,3.97773]}},{"type":"Feature","properties":{"name":"Kenya","abbr":"KE","iso":"KEN","kind":"country","scope":"world","isUSA":false,"neType":"Sovereign country","continent":"Africa","state":"Kenya","direction":"S","directionLabel":"south","lat":-4.69238,"lng":39.22178},"geometry":{"type":"Point","coordinates":[39.22178,-4.69238]}},{"type":"Feature","properties":{"name":"Kenya","abbr":"KE","iso":"KEN","kind":"country","scope":"world","isUSA":false,"neType":"Sovereign country","continent":"Africa","state":"Kenya","direction":"W","directionLabel":"west","lat":-0.83164,"lng":33.9},"geometry":{"type":"Point","coordinates":[33.9,-0.83164]}},{"type":"Feature","properties":{"name":"Kazakhstan","abbr":"KZ","iso":"KAZ","kind":"country","scope":"world","isUSA":false,"neType":"Sovereignty","continent":"Asia","state":"Kazakhstan","direction":"N","directionLabel":"north","lat":55.3896,"lng":68.97725},"geometry":{"type":"Point","coordinates":[68.97725,55.3896]}},{"type":"Feature","properties":{"name":"Kazakhstan","abbr":"KZ","iso":"KAZ","kind":"country","scope":"world","isUSA":false,"neType":"Sovereignty","continent":"Asia","state":"Kazakhstan","direction":"E","directionLabel":"east","lat":49.08579,"lng":87.32285},"geometry":{"type":"Point","coordinates":[87.32285,49.08579]}},{"type":"Feature","properties":{"name":"Kazakhstan","abbr":"KZ","iso":"KAZ","kind":"country","scope":"world","isUSA":false,"neType":"Sovereignty","continent":"Asia","state":"Kazakhstan","direction":"S","directionLabel":"south","lat":40.60864,"lng":68.4957},"geometry":{"type":"Point","coordinates":[68.4957,40.60864]}},{"type":"Feature","properties":{"name":"Kazakhstan","abbr":"KZ","iso":"KAZ","kind":"country","scope":"world","isUSA":false,"neType":"Sovereignty","continent":"Asia","state":"Kazakhstan","direction":"W","directionLabel":"west","lat":48.57388,"lng":46.60918},"geometry":{"type":"Point","coordinates":[46.60918,48.57388]}},{"type":"Feature","properties":{"name":"Jordan","abbr":"JO","iso":"JOR","kind":"country","scope":"world","isUSA":false,"neType":"Sovereign country","continent":"Asia","state":"Jordan","direction":"N","directionLabel":"north","lat":33.37222,"lng":38.77354},"geometry":{"type":"Point","coordinates":[38.77354,33.37222]}},{"type":"Feature","properties":{"name":"Jordan","abbr":"JO","iso":"JOR","kind":"country","scope":"world","isUSA":false,"neType":"Sovereign country","continent":"Asia","state":"Jordan","direction":"E","directionLabel":"east","lat":32.24385,"lng":39.29277},"geometry":{"type":"Point","coordinates":[39.29277,32.24385]}},{"type":"Feature","properties":{"name":"Jordan","abbr":"JO","iso":"JOR","kind":"country","scope":"world","isUSA":false,"neType":"Sovereign country","continent":"Asia","state":"Jordan","direction":"S","directionLabel":"south","lat":29.19048,"lng":36.01543},"geometry":{"type":"Point","coordinates":[36.01543,29.19048]}},{"type":"Feature","properties":{"name":"Jordan","abbr":"JO","iso":"JOR","kind":"country","scope":"world","isUSA":false,"neType":"Sovereign country","continent":"Asia","state":"Jordan","direction":"W","directionLabel":"west","lat":29.35352,"lng":34.95078},"geometry":{"type":"Point","coordinates":[34.95078,29.35352]}},{"type":"Feature","properties":{"name":"Japan","abbr":"JP","iso":"JPN","kind":"country","scope":"world","isUSA":false,"neType":"Sovereign country","continent":"Asia","state":"Japan","direction":"N","directionLabel":"north","lat":45.50952,"lng":141.93769},"geometry":{"type":"Point","coordinates":[141.93769,45.50952]}},{"type":"Feature","properties":{"name":"Japan","abbr":"JP","iso":"JPN","kind":"country","scope":"world","isUSA":false,"neType":"Sovereign country","continent":"Asia","state":"Japan","direction":"E","directionLabel":"east","lat":43.38594,"lng":145.83301},"geometry":{"type":"Point","coordinates":[145.83301,43.38594]}},{"type":"Feature","properties":{"name":"Japan","abbr":"JP","iso":"JPN","kind":"country","scope":"world","isUSA":false,"neType":"Sovereign country","continent":"Asia","state":"Japan","direction":"S","directionLabel":"south","lat":24.26606,"lng":123.82559},"geometry":{"type":"Point","coordinates":[123.82559,24.26606]}},{"type":"Feature","properties":{"name":"Japan","abbr":"JP","iso":"JPN","kind":"country","scope":"world","isUSA":false,"neType":"Sovereign country","continent":"Asia","state":"Japan","direction":"W","directionLabel":"west","lat":24.31777,"lng":123.67978},"geometry":{"type":"Point","coordinates":[123.67978,24.31777]}},{"type":"Feature","properties":{"name":"Jamaica","abbr":"JM","iso":"JAM","kind":"country","scope":"world","isUSA":false,"neType":"Sovereign country","continent":"North America","state":"Jamaica","direction":"N","directionLabel":"north","lat":18.52222,"lng":-77.87344},"geometry":{"type":"Point","coordinates":[-77.87344,18.52222]}},{"type":"Feature","properties":{"name":"Jamaica","abbr":"JM","iso":"JAM","kind":"country","scope":"world","isUSA":false,"neType":"Sovereign country","continent":"North America","state":"Jamaica","direction":"E","directionLabel":"east","lat":17.91352,"lng":-76.21079},"geometry":{"type":"Point","coordinates":[-76.21079,17.91352]}},{"type":"Feature","properties":{"name":"Jamaica","abbr":"JM","iso":"JAM","kind":"country","scope":"world","isUSA":false,"neType":"Sovereign country","continent":"North America","state":"Jamaica","direction":"S","directionLabel":"south","lat":17.71494,"lng":-77.20498},"geometry":{"type":"Point","coordinates":[-77.20498,17.71494]}},{"type":"Feature","properties":{"name":"Jamaica","abbr":"JM","iso":"JAM","kind":"country","scope":"world","isUSA":false,"neType":"Sovereign country","continent":"North America","state":"Jamaica","direction":"W","directionLabel":"west","lat":18.28721,"lng":-78.3395},"geometry":{"type":"Point","coordinates":[-78.3395,18.28721]}},{"type":"Feature","properties":{"name":"Italy","abbr":"IT","iso":"ITA","kind":"country","scope":"world","isUSA":false,"neType":"Sovereign country","continent":"Europe","state":"Italy","direction":"N","directionLabel":"north","lat":47.08213,"lng":12.16943},"geometry":{"type":"Point","coordinates":[12.16943,47.08213]}},{"type":"Feature","properties":{"name":"Italy","abbr":"IT","iso":"ITA","kind":"country","scope":"world","isUSA":false,"neType":"Sovereign country","continent":"Europe","state":"Italy","direction":"E","directionLabel":"east","lat":40.10483,"lng":18.48584},"geometry":{"type":"Point","coordinates":[18.48584,40.10483]}},{"type":"Feature","properties":{"name":"Italy","abbr":"IT","iso":"ITA","kind":"country","scope":"world","isUSA":false,"neType":"Sovereign country","continent":"Europe","state":"Italy","direction":"S","directionLabel":"south","lat":36.68784,"lng":15.1126},"geometry":{"type":"Point","coordinates":[15.1126,36.68784]}},{"type":"Feature","properties":{"name":"Italy","abbr":"IT","iso":"ITA","kind":"country","scope":"world","isUSA":false,"neType":"Sovereign country","continent":"Europe","state":"Italy","direction":"W","directionLabel":"west","lat":45.11797,"lng":6.62773},"geometry":{"type":"Point","coordinates":[6.62773,45.11797]}},{"type":"Feature","properties":{"name":"Israel","abbr":"IL","iso":"ISR","kind":"country","scope":"world","isUSA":false,"neType":"Disputed","continent":"Asia","state":"Israel","direction":"N","directionLabel":"north","lat":33.41567,"lng":35.84072},"geometry":{"type":"Point","coordinates":[35.84072,33.41567]}},{"type":"Feature","properties":{"name":"Israel","abbr":"IL","iso":"ISR","kind":"country","scope":"world","isUSA":false,"neType":"Disputed","continent":"Asia","state":"Israel","direction":"E","directionLabel":"east","lat":32.94438,"lng":35.88798},"geometry":{"type":"Point","coordinates":[35.88798,32.94438]}},{"type":"Feature","properties":{"name":"Israel","abbr":"IL","iso":"ISR","kind":"country","scope":"world","isUSA":false,"neType":"Disputed","continent":"Asia","state":"Israel","direction":"S","directionLabel":"south","lat":29.47734,"lng":34.9043},"geometry":{"type":"Point","coordinates":[34.9043,29.47734]}},{"type":"Feature","properties":{"name":"Israel","abbr":"IL","iso":"ISR","kind":"country","scope":"world","isUSA":false,"neType":"Disputed","continent":"Asia","state":"Israel","direction":"W","directionLabel":"west","lat":31.2083,"lng":34.24531},"geometry":{"type":"Point","coordinates":[34.24531,31.2083]}},{"type":"Feature","properties":{"name":"Palestine","abbr":"PS","iso":"PSE","kind":"country","scope":"world","isUSA":false,"neType":"Indeterminate","continent":"Asia","state":"Palestine","direction":"N","directionLabel":"north","lat":32.53442,"lng":35.19326},"geometry":{"type":"Point","coordinates":[35.19326,32.53442]}},{"type":"Feature","properties":{"name":"Palestine","abbr":"PS","iso":"PSE","kind":"country","scope":"world","isUSA":false,"neType":"Indeterminate","continent":"Asia","state":"Palestine","direction":"E","directionLabel":"east","lat":32.23789,"lng":35.57207},"geometry":{"type":"Point","coordinates":[35.57207,32.23789]}},{"type":"Feature","properties":{"name":"Palestine","abbr":"PS","iso":"PSE","kind":"country","scope":"world","isUSA":false,"neType":"Indeterminate","continent":"Asia","state":"Palestine","direction":"S","directionLabel":"south","lat":31.2083,"lng":34.24531},"geometry":{"type":"Point","coordinates":[34.24531,31.2083]}},{"type":"Feature","properties":{"name":"Palestine","abbr":"PS","iso":"PSE","kind":"country","scope":"world","isUSA":false,"neType":"Indeterminate","continent":"Asia","state":"Palestine","direction":"W","directionLabel":"west","lat":31.32261,"lng":34.19814},"geometry":{"type":"Point","coordinates":[34.19814,31.32261]}},{"type":"Feature","properties":{"name":"Ireland","abbr":"IE","iso":"IRL","kind":"country","scope":"world","isUSA":false,"neType":"Sovereign country","continent":"Europe","state":"Ireland","direction":"N","directionLabel":"north","lat":55.36582,"lng":-7.30879},"geometry":{"type":"Point","coordinates":[-7.30879,55.36582]}},{"type":"Feature","properties":{"name":"Ireland","abbr":"IE","iso":"IRL","kind":"country","scope":"world","isUSA":false,"neType":"Sovereign country","continent":"Europe","state":"Ireland","direction":"E","directionLabel":"east","lat":52.9271,"lng":-6.02739},"geometry":{"type":"Point","coordinates":[-6.02739,52.9271]}},{"type":"Feature","properties":{"name":"Ireland","abbr":"IE","iso":"IRL","kind":"country","scope":"world","isUSA":false,"neType":"Sovereign country","continent":"Europe","state":"Ireland","direction":"S","directionLabel":"south","lat":51.47373,"lng":-9.7373},"geometry":{"type":"Point","coordinates":[-9.7373,51.47373]}},{"type":"Feature","properties":{"name":"Ireland","abbr":"IE","iso":"IRL","kind":"country","scope":"world","isUSA":false,"neType":"Sovereign country","continent":"Europe","state":"Ireland","direction":"W","directionLabel":"west","lat":52.13491,"lng":-10.39023},"geometry":{"type":"Point","coordinates":[-10.39023,52.13491]}},{"type":"Feature","properties":{"name":"Iraq","abbr":"IQ","iso":"IRQ","kind":"country","scope":"world","isUSA":false,"neType":"Sovereign country","continent":"Asia","state":"Iraq","direction":"N","directionLabel":"north","lat":37.37188,"lng":42.77461},"geometry":{"type":"Point","coordinates":[42.77461,37.37188]}},{"type":"Feature","properties":{"name":"Iraq","abbr":"IQ","iso":"IRQ","kind":"country","scope":"world","isUSA":false,"neType":"Sovereign country","continent":"Asia","state":"Iraq","direction":"E","directionLabel":"east","lat":29.96235,"lng":48.54648},"geometry":{"type":"Point","coordinates":[48.54648,29.96235]}},{"type":"Feature","properties":{"name":"Iraq","abbr":"IQ","iso":"IRQ","kind":"country","scope":"world","isUSA":false,"neType":"Sovereign country","continent":"Asia","state":"Iraq","direction":"S","directionLabel":"south","lat":29.06367,"lng":46.35645},"geometry":{"type":"Point","coordinates":[46.35645,29.06367]}},{"type":"Feature","properties":{"name":"Iraq","abbr":"IQ","iso":"IRQ","kind":"country","scope":"world","isUSA":false,"neType":"Sovereign country","continent":"Asia","state":"Iraq","direction":"W","directionLabel":"west","lat":33.37222,"lng":38.77354},"geometry":{"type":"Point","coordinates":[38.77354,33.37222]}},{"type":"Feature","properties":{"name":"Iran","abbr":"IR","iso":"IRN","kind":"country","scope":"world","isUSA":false,"neType":"Sovereign country","continent":"Asia","state":"Iran","direction":"N","directionLabel":"north","lat":39.76855,"lng":44.58711},"geometry":{"type":"Point","coordinates":[44.58711,39.76855]}},{"type":"Feature","properties":{"name":"Iran","abbr":"IR","iso":"IRN","kind":"country","scope":"world","isUSA":false,"neType":"Sovereign country","continent":"Asia","state":"Iran","direction":"E","directionLabel":"east","lat":27.12456,"lng":63.30518},"geometry":{"type":"Point","coordinates":[63.30518,27.12456]}},{"type":"Feature","properties":{"name":"Iran","abbr":"IR","iso":"IRN","kind":"country","scope":"world","isUSA":false,"neType":"Sovereign country","continent":"Asia","state":"Iran","direction":"S","directionLabel":"south","lat":25.1021,"lng":61.41221},"geometry":{"type":"Point","coordinates":[61.41221,25.1021]}},{"type":"Feature","properties":{"name":"Iran","abbr":"IR","iso":"IRN","kind":"country","scope":"world","isUSA":false,"neType":"Sovereign country","continent":"Asia","state":"Iran","direction":"W","directionLabel":"west","lat":39.37744,"lng":44.02324},"geometry":{"type":"Point","coordinates":[44.02324,39.37744]}},{"type":"Feature","properties":{"name":"Indonesia","abbr":"ID","iso":"IDN","kind":"country","scope":"world","isUSA":false,"neType":"Sovereign country","continent":"Asia","state":"Indonesia","direction":"N","directionLabel":"north","lat":5.90703,"lng":95.24199},"geometry":{"type":"Point","coordinates":[95.24199,5.90703]}},{"type":"Feature","properties":{"name":"Indonesia","abbr":"ID","iso":"IDN","kind":"country","scope":"world","isUSA":false,"neType":"Sovereign country","continent":"Asia","state":"Indonesia","direction":"E","directionLabel":"east","lat":-9.11875,"lng":140.97617},"geometry":{"type":"Point","coordinates":[140.97617,-9.11875]}},{"type":"Feature","properties":{"name":"Indonesia","abbr":"ID","iso":"IDN","kind":"country","scope":"world","isUSA":false,"neType":"Sovereign country","continent":"Asia","state":"Indonesia","direction":"S","directionLabel":"south","lat":-10.90967,"lng":122.85586},"geometry":{"type":"Point","coordinates":[122.85586,-10.90967]}},{"type":"Feature","properties":{"name":"Indonesia","abbr":"ID","iso":"IDN","kind":"country","scope":"world","isUSA":false,"neType":"Sovereign country","continent":"Asia","state":"Indonesia","direction":"W","directionLabel":"west","lat":5.28403,"lng":95.20664},"geometry":{"type":"Point","coordinates":[95.20664,5.28403]}},{"type":"Feature","properties":{"name":"India","abbr":"IN","iso":"IND","kind":"country","scope":"world","isUSA":false,"neType":"Sovereign country","continent":"Asia","state":"India","direction":"N","directionLabel":"north","lat":35.4959,"lng":77.79941},"geometry":{"type":"Point","coordinates":[77.79941,35.4959]}},{"type":"Feature","properties":{"name":"India","abbr":"IN","iso":"IND","kind":"country","scope":"world","isUSA":false,"neType":"Sovereign country","continent":"Asia","state":"India","direction":"E","directionLabel":"east","lat":27.98232,"lng":97.34355},"geometry":{"type":"Point","coordinates":[97.34355,27.98232]}},{"type":"Feature","properties":{"name":"India","abbr":"IN","iso":"IND","kind":"country","scope":"world","isUSA":false,"neType":"Sovereign country","continent":"Asia","state":"India","direction":"S","directionLabel":"south","lat":6.74868,"lng":93.82881},"geometry":{"type":"Point","coordinates":[93.82881,6.74868]}},{"type":"Feature","properties":{"name":"India","abbr":"IN","iso":"IND","kind":"country","scope":"world","isUSA":false,"neType":"Sovereign country","continent":"Asia","state":"India","direction":"W","directionLabel":"west","lat":23.85732,"lng":68.16504},"geometry":{"type":"Point","coordinates":[68.16504,23.85732]}},{"type":"Feature","properties":{"name":"Iceland","abbr":"IS","iso":"ISL","kind":"country","scope":"world","isUSA":false,"neType":"Sovereign country","continent":"Europe","state":"Iceland","direction":"N","directionLabel":"north","lat":66.52607,"lng":-16.03589},"geometry":{"type":"Point","coordinates":[-16.03589,66.52607]}},{"type":"Feature","properties":{"name":"Iceland","abbr":"IS","iso":"ISL","kind":"country","scope":"world","isUSA":false,"neType":"Sovereign country","continent":"Europe","state":"Iceland","direction":"E","directionLabel":"east","lat":65.09766,"lng":-13.5561},"geometry":{"type":"Point","coordinates":[-13.5561,65.09766]}},{"type":"Feature","properties":{"name":"Iceland","abbr":"IS","iso":"ISL","kind":"country","scope":"world","isUSA":false,"neType":"Sovereign country","continent":"Europe","state":"Iceland","direction":"S","directionLabel":"south","lat":63.40669,"lng":-18.65361},"geometry":{"type":"Point","coordinates":[-18.65361,63.40669]}},{"type":"Feature","properties":{"name":"Iceland","abbr":"IS","iso":"ISL","kind":"country","scope":"world","isUSA":false,"neType":"Sovereign country","continent":"Europe","state":"Iceland","direction":"W","directionLabel":"west","lat":65.52519,"lng":-24.47568},"geometry":{"type":"Point","coordinates":[-24.47568,65.52519]}},{"type":"Feature","properties":{"name":"Hungary","abbr":"HU","iso":"HUN","kind":"country","scope":"world","isUSA":false,"neType":"Sovereign country","continent":"Europe","state":"Hungary","direction":"N","directionLabel":"north","lat":48.55347,"lng":21.38242},"geometry":{"type":"Point","coordinates":[21.38242,48.55347]}},{"type":"Feature","properties":{"name":"Hungary","abbr":"HU","iso":"HUN","kind":"country","scope":"world","isUSA":false,"neType":"Sovereign country","continent":"Europe","state":"Hungary","direction":"E","directionLabel":"east","lat":47.94727,"lng":22.87666},"geometry":{"type":"Point","coordinates":[22.87666,47.94727]}},{"type":"Feature","properties":{"name":"Hungary","abbr":"HU","iso":"HUN","kind":"country","scope":"world","isUSA":false,"neType":"Sovereign country","continent":"Europe","state":"Hungary","direction":"S","directionLabel":"south","lat":45.75303,"lng":18.3583},"geometry":{"type":"Point","coordinates":[18.3583,45.75303]}},{"type":"Feature","properties":{"name":"Hungary","abbr":"HU","iso":"HUN","kind":"country","scope":"world","isUSA":false,"neType":"Sovereign country","continent":"Europe","state":"Hungary","direction":"W","directionLabel":"west","lat":46.86328,"lng":16.09307},"geometry":{"type":"Point","coordinates":[16.09307,46.86328]}},{"type":"Feature","properties":{"name":"Honduras","abbr":"HN","iso":"HND","kind":"country","scope":"world","isUSA":false,"neType":"Sovereign country","continent":"North America","state":"Honduras","direction":"N","directionLabel":"north","lat":16.51396,"lng":-85.87822},"geometry":{"type":"Point","coordinates":[-85.87822,16.51396]}},{"type":"Feature","properties":{"name":"Honduras","abbr":"HN","iso":"HND","kind":"country","scope":"world","isUSA":false,"neType":"Sovereign country","continent":"North America","state":"Honduras","direction":"E","directionLabel":"east","lat":14.99307,"lng":-83.15752},"geometry":{"type":"Point","coordinates":[-83.15752,14.99307]}},{"type":"Feature","properties":{"name":"Honduras","abbr":"HN","iso":"HND","kind":"country","scope":"world","isUSA":false,"neType":"Sovereign country","continent":"North America","state":"Honduras","direction":"S","directionLabel":"south","lat":12.97925,"lng":-87.33726},"geometry":{"type":"Point","coordinates":[-87.33726,12.97925]}},{"type":"Feature","properties":{"name":"Honduras","abbr":"HN","iso":"HND","kind":"country","scope":"world","isUSA":false,"neType":"Sovereign country","continent":"North America","state":"Honduras","direction":"W","directionLabel":"west","lat":14.41602,"lng":-89.3626},"geometry":{"type":"Point","coordinates":[-89.3626,14.41602]}},{"type":"Feature","properties":{"name":"Haiti","abbr":"HT","iso":"HTI","kind":"country","scope":"world","isUSA":false,"neType":"Sovereign country","continent":"North America","state":"Haiti","direction":"N","directionLabel":"north","lat":20.09365,"lng":-72.85147},"geometry":{"type":"Point","coordinates":[-72.85147,20.09365]}},{"type":"Feature","properties":{"name":"Haiti","abbr":"HT","iso":"HTI","kind":"country","scope":"world","isUSA":false,"neType":"Sovereign country","continent":"North America","state":"Haiti","direction":"E","directionLabel":"east","lat":19.16352,"lng":-71.64531},"geometry":{"type":"Point","coordinates":[-71.64531,19.16352]}},{"type":"Feature","properties":{"name":"Haiti","abbr":"HT","iso":"HTI","kind":"country","scope":"world","isUSA":false,"neType":"Sovereign country","continent":"North America","state":"Haiti","direction":"S","directionLabel":"south","lat":18.03916,"lng":-71.76831},"geometry":{"type":"Point","coordinates":[-71.76831,18.03916]}},{"type":"Feature","properties":{"name":"Haiti","abbr":"HT","iso":"HTI","kind":"country","scope":"world","isUSA":false,"neType":"Sovereign country","continent":"North America","state":"Haiti","direction":"W","directionLabel":"west","lat":18.45,"lng":-74.47813},"geometry":{"type":"Point","coordinates":[-74.47813,18.45]}},{"type":"Feature","properties":{"name":"Guyana","abbr":"GY","iso":"GUY","kind":"country","scope":"world","isUSA":false,"neType":"Sovereign country","continent":"South America","state":"Guyana","direction":"N","directionLabel":"north","lat":8.54932,"lng":-60.01753},"geometry":{"type":"Point","coordinates":[-60.01753,8.54932]}},{"type":"Feature","properties":{"name":"Guyana","abbr":"GY","iso":"GUY","kind":"country","scope":"world","isUSA":false,"neType":"Sovereign country","continent":"South America","state":"Guyana","direction":"E","directionLabel":"east","lat":1.94214,"lng":-56.48281},"geometry":{"type":"Point","coordinates":[-56.48281,1.94214]}},{"type":"Feature","properties":{"name":"Guyana","abbr":"GY","iso":"GUY","kind":"country","scope":"world","isUSA":false,"neType":"Sovereign country","continent":"South America","state":"Guyana","direction":"S","directionLabel":"south","lat":1.20122,"lng":-58.82178},"geometry":{"type":"Point","coordinates":[-58.82178,1.20122]}},{"type":"Feature","properties":{"name":"Guyana","abbr":"GY","iso":"GUY","kind":"country","scope":"world","isUSA":false,"neType":"Sovereign country","continent":"South America","state":"Guyana","direction":"W","directionLabel":"west","lat":5.93877,"lng":-61.39082},"geometry":{"type":"Point","coordinates":[-61.39082,5.93877]}},{"type":"Feature","properties":{"name":"Guinea-Bissau","abbr":"GW","iso":"GNB","kind":"country","scope":"world","isUSA":false,"neType":"Sovereign country","continent":"Africa","state":"Guinea-Bissau","direction":"N","directionLabel":"north","lat":12.67993,"lng":-15.19609},"geometry":{"type":"Point","coordinates":[-15.19609,12.67993]}},{"type":"Feature","properties":{"name":"Guinea-Bissau","abbr":"GW","iso":"GNB","kind":"country","scope":"world","isUSA":false,"neType":"Sovereign country","continent":"Africa","state":"Guinea-Bissau","direction":"E","directionLabel":"east","lat":12.47852,"lng":-13.67353},"geometry":{"type":"Point","coordinates":[-13.67353,12.47852]}},{"type":"Feature","properties":{"name":"Guinea-Bissau","abbr":"GW","iso":"GNB","kind":"country","scope":"world","isUSA":false,"neType":"Sovereign country","continent":"Africa","state":"Guinea-Bissau","direction":"S","directionLabel":"south","lat":10.94014,"lng":-15.04302},"geometry":{"type":"Point","coordinates":[-15.04302,10.94014]}},{"type":"Feature","properties":{"name":"Guinea-Bissau","abbr":"GW","iso":"GNB","kind":"country","scope":"world","isUSA":false,"neType":"Sovereign country","continent":"Africa","state":"Guinea-Bissau","direction":"W","directionLabel":"west","lat":12.35483,"lng":-16.71182},"geometry":{"type":"Point","coordinates":[-16.71182,12.35483]}},{"type":"Feature","properties":{"name":"Guinea","abbr":"GN","iso":"GIN","kind":"country","scope":"world","isUSA":false,"neType":"Sovereign country","continent":"Africa","state":"Guinea","direction":"N","directionLabel":"north","lat":12.67393,"lng":-13.72925},"geometry":{"type":"Point","coordinates":[-13.72925,12.67393]}},{"type":"Feature","properties":{"name":"Guinea","abbr":"GN","iso":"GIN","kind":"country","scope":"world","isUSA":false,"neType":"Sovereign country","continent":"Africa","state":"Guinea","direction":"E","directionLabel":"east","lat":8.41035,"lng":-7.6812},"geometry":{"type":"Point","coordinates":[-7.6812,8.41035]}},{"type":"Feature","properties":{"name":"Guinea","abbr":"GN","iso":"GIN","kind":"country","scope":"world","isUSA":false,"neType":"Sovereign country","continent":"Africa","state":"Guinea","direction":"S","directionLabel":"south","lat":7.21592,"lng":-9.11758},"geometry":{"type":"Point","coordinates":[-9.11758,7.21592]}},{"type":"Feature","properties":{"name":"Guinea","abbr":"GN","iso":"GIN","kind":"country","scope":"world","isUSA":false,"neType":"Sovereign country","continent":"Africa","state":"Guinea","direction":"W","directionLabel":"west","lat":10.83457,"lng":-15.05122},"geometry":{"type":"Point","coordinates":[-15.05122,10.83457]}},{"type":"Feature","properties":{"name":"Guatemala","abbr":"GT","iso":"GTM","kind":"country","scope":"world","isUSA":false,"neType":"Sovereign country","continent":"North America","state":"Guatemala","direction":"N","directionLabel":"north","lat":17.81641,"lng":-90.98916},"geometry":{"type":"Point","coordinates":[-90.98916,17.81641]}},{"type":"Feature","properties":{"name":"Guatemala","abbr":"GT","iso":"GTM","kind":"country","scope":"world","isUSA":false,"neType":"Sovereign country","continent":"North America","state":"Guatemala","direction":"E","directionLabel":"east","lat":15.729,"lng":-88.22832},"geometry":{"type":"Point","coordinates":[-88.22832,15.729]}},{"type":"Feature","properties":{"name":"Guatemala","abbr":"GT","iso":"GTM","kind":"country","scope":"world","isUSA":false,"neType":"Sovereign country","continent":"North America","state":"Guatemala","direction":"S","directionLabel":"south","lat":13.73652,"lng":-90.09521},"geometry":{"type":"Point","coordinates":[-90.09521,13.73652]}},{"type":"Feature","properties":{"name":"Guatemala","abbr":"GT","iso":"GTM","kind":"country","scope":"world","isUSA":false,"neType":"Sovereign country","continent":"North America","state":"Guatemala","direction":"W","directionLabel":"west","lat":14.54541,"lng":-92.23516},"geometry":{"type":"Point","coordinates":[-92.23516,14.54541]}},{"type":"Feature","properties":{"name":"Grenada","abbr":"GD","iso":"GRD","kind":"country","scope":"world","isUSA":false,"neType":"Sovereign country","continent":"North America","state":"Grenada","direction":"N","directionLabel":"north","lat":12.23701,"lng":-61.66045},"geometry":{"type":"Point","coordinates":[-61.66045,12.23701]}},{"type":"Feature","properties":{"name":"Grenada","abbr":"GD","iso":"GRD","kind":"country","scope":"world","isUSA":false,"neType":"Sovereign country","continent":"North America","state":"Grenada","direction":"E","directionLabel":"east","lat":12.22329,"lng":-61.60703},"geometry":{"type":"Point","coordinates":[-61.60703,12.22329]}},{"type":"Feature","properties":{"name":"Grenada","abbr":"GD","iso":"GRD","kind":"country","scope":"world","isUSA":false,"neType":"Sovereign country","continent":"North America","state":"Grenada","direction":"S","directionLabel":"south","lat":12.00845,"lng":-61.78218},"geometry":{"type":"Point","coordinates":[-61.78218,12.00845]}},{"type":"Feature","properties":{"name":"Grenada","abbr":"GD","iso":"GRD","kind":"country","scope":"world","isUSA":false,"neType":"Sovereign country","continent":"North America","state":"Grenada","direction":"W","directionLabel":"west","lat":12.00845,"lng":-61.78218},"geometry":{"type":"Point","coordinates":[-61.78218,12.00845]}},{"type":"Feature","properties":{"name":"Greece","abbr":"GR","iso":"GRC","kind":"country","scope":"world","isUSA":false,"neType":"Sovereign country","continent":"Europe","state":"Greece","direction":"N","directionLabel":"north","lat":41.7438,"lng":26.20059},"geometry":{"type":"Point","coordinates":[26.20059,41.7438]}},{"type":"Feature","properties":{"name":"Greece","abbr":"GR","iso":"GRC","kind":"country","scope":"world","isUSA":false,"neType":"Sovereign country","continent":"Europe","state":"Greece","direction":"E","directionLabel":"east","lat":36.43364,"lng":28.23184},"geometry":{"type":"Point","coordinates":[28.23184,36.43364]}},{"type":"Feature","properties":{"name":"Greece","abbr":"GR","iso":"GRC","kind":"country","scope":"world","isUSA":false,"neType":"Sovereign country","continent":"Europe","state":"Greece","direction":"S","directionLabel":"south","lat":34.93447,"lng":24.7998},"geometry":{"type":"Point","coordinates":[24.7998,34.93447]}},{"type":"Feature","properties":{"name":"Greece","abbr":"GR","iso":"GRC","kind":"country","scope":"world","isUSA":false,"neType":"Sovereign country","continent":"Europe","state":"Greece","direction":"W","directionLabel":"west","lat":39.76709,"lng":19.64648},"geometry":{"type":"Point","coordinates":[19.64648,39.76709]}},{"type":"Feature","properties":{"name":"Ghana","abbr":"GH","iso":"GHA","kind":"country","scope":"world","isUSA":false,"neType":"Sovereign country","continent":"Africa","state":"Ghana","direction":"N","directionLabel":"north","lat":11.1669,"lng":-0.29946},"geometry":{"type":"Point","coordinates":[-0.29946,11.1669]}},{"type":"Feature","properties":{"name":"Ghana","abbr":"GH","iso":"GHA","kind":"country","scope":"world","isUSA":false,"neType":"Sovereign country","continent":"Africa","state":"Ghana","direction":"E","directionLabel":"east","lat":6.0894,"lng":1.18721},"geometry":{"type":"Point","coordinates":[1.18721,6.0894]}},{"type":"Feature","properties":{"name":"Ghana","abbr":"GH","iso":"GHA","kind":"country","scope":"world","isUSA":false,"neType":"Sovereign country","continent":"Africa","state":"Ghana","direction":"S","directionLabel":"south","lat":4.76245,"lng":-2.00185},"geometry":{"type":"Point","coordinates":[-2.00185,4.76245]}},{"type":"Feature","properties":{"name":"Ghana","abbr":"GH","iso":"GHA","kind":"country","scope":"world","isUSA":false,"neType":"Sovereign country","continent":"Africa","state":"Ghana","direction":"W","directionLabel":"west","lat":6.64868,"lng":-3.2439},"geometry":{"type":"Point","coordinates":[-3.2439,6.64868]}},{"type":"Feature","properties":{"name":"Germany","abbr":"DE","iso":"DEU","kind":"country","scope":"world","isUSA":false,"neType":"Sovereign country","continent":"Europe","state":"Germany","direction":"N","directionLabel":"north","lat":55.05874,"lng":8.40518},"geometry":{"type":"Point","coordinates":[8.40518,55.05874]}},{"type":"Feature","properties":{"name":"Germany","abbr":"DE","iso":"DEU","kind":"country","scope":"world","isUSA":false,"neType":"Sovereign country","continent":"Europe","state":"Germany","direction":"E","directionLabel":"east","lat":51.25273,"lng":15.0166},"geometry":{"type":"Point","coordinates":[15.0166,51.25273]}},{"type":"Feature","properties":{"name":"Germany","abbr":"DE","iso":"DEU","kind":"country","scope":"world","isUSA":false,"neType":"Sovereign country","continent":"Europe","state":"Germany","direction":"S","directionLabel":"south","lat":47.27881,"lng":10.18301},"geometry":{"type":"Point","coordinates":[10.18301,47.27881]}},{"type":"Feature","properties":{"name":"Germany","abbr":"DE","iso":"DEU","kind":"country","scope":"world","isUSA":false,"neType":"Sovereign country","continent":"Europe","state":"Germany","direction":"W","directionLabel":"west","lat":51.03013,"lng":5.85752},"geometry":{"type":"Point","coordinates":[5.85752,51.03013]}},{"type":"Feature","properties":{"name":"Georgia","abbr":"GE","iso":"GEO","kind":"country","scope":"world","isUSA":false,"neType":"Sovereign country","continent":"Asia","state":"Georgia","direction":"N","directionLabel":"north","lat":43.56977,"lng":40.15019},"geometry":{"type":"Point","coordinates":[40.15019,43.56977]}},{"type":"Feature","properties":{"name":"Georgia","abbr":"GE","iso":"GEO","kind":"country","scope":"world","isUSA":false,"neType":"Sovereign country","continent":"Asia","state":"Georgia","direction":"E","directionLabel":"east","lat":41.28682,"lng":46.67256},"geometry":{"type":"Point","coordinates":[46.67256,41.28682]}},{"type":"Feature","properties":{"name":"Georgia","abbr":"GE","iso":"GEO","kind":"country","scope":"world","isUSA":false,"neType":"Sovereign country","continent":"Asia","state":"Georgia","direction":"S","directionLabel":"south","lat":41.07021,"lng":46.45791},"geometry":{"type":"Point","coordinates":[46.45791,41.07021]}},{"type":"Feature","properties":{"name":"Georgia","abbr":"GE","iso":"GEO","kind":"country","scope":"world","isUSA":false,"neType":"Sovereign country","continent":"Asia","state":"Georgia","direction":"W","directionLabel":"west","lat":43.41982,"lng":39.97832},"geometry":{"type":"Point","coordinates":[39.97832,43.41982]}},{"type":"Feature","properties":{"name":"The Gambia","abbr":"GM","iso":"GMB","kind":"country","scope":"world","isUSA":false,"neType":"Sovereign country","continent":"Africa","state":"The Gambia","direction":"N","directionLabel":"north","lat":13.81211,"lng":-15.10835},"geometry":{"type":"Point","coordinates":[-15.10835,13.81211]}},{"type":"Feature","properties":{"name":"The Gambia","abbr":"GM","iso":"GMB","kind":"country","scope":"world","isUSA":false,"neType":"Sovereign country","continent":"Africa","state":"The Gambia","direction":"E","directionLabel":"east","lat":13.40781,"lng":-13.82671},"geometry":{"type":"Point","coordinates":[-13.82671,13.40781]}},{"type":"Feature","properties":{"name":"The Gambia","abbr":"GM","iso":"GMB","kind":"country","scope":"world","isUSA":false,"neType":"Sovereign country","continent":"Africa","state":"The Gambia","direction":"S","directionLabel":"south","lat":13.06416,"lng":-16.76333},"geometry":{"type":"Point","coordinates":[-16.76333,13.06416]}},{"type":"Feature","properties":{"name":"The Gambia","abbr":"GM","iso":"GMB","kind":"country","scope":"world","isUSA":false,"neType":"Sovereign country","continent":"Africa","state":"The Gambia","direction":"W","directionLabel":"west","lat":13.34106,"lng":-16.82481},"geometry":{"type":"Point","coordinates":[-16.82481,13.34106]}},{"type":"Feature","properties":{"name":"Gabon","abbr":"GA","iso":"GAB","kind":"country","scope":"world","isUSA":false,"neType":"Sovereign country","continent":"Africa","state":"Gabon","direction":"N","directionLabel":"north","lat":2.3022,"lng":11.55898},"geometry":{"type":"Point","coordinates":[11.55898,2.3022]}},{"type":"Feature","properties":{"name":"Gabon","abbr":"GA","iso":"GAB","kind":"country","scope":"world","isUSA":false,"neType":"Sovereign country","continent":"Africa","state":"Gabon","direction":"E","directionLabel":"east","lat":-0.61836,"lng":14.48057},"geometry":{"type":"Point","coordinates":[14.48057,-0.61836]}},{"type":"Feature","properties":{"name":"Gabon","abbr":"GA","iso":"GAB","kind":"country","scope":"world","isUSA":false,"neType":"Sovereign country","continent":"Africa","state":"Gabon","direction":"S","directionLabel":"south","lat":-3.91631,"lng":11.13018},"geometry":{"type":"Point","coordinates":[11.13018,-3.91631]}},{"type":"Feature","properties":{"name":"Gabon","abbr":"GA","iso":"GAB","kind":"country","scope":"world","isUSA":false,"neType":"Sovereign country","continent":"Africa","state":"Gabon","direction":"W","directionLabel":"west","lat":-0.59102,"lng":8.70313},"geometry":{"type":"Point","coordinates":[8.70313,-0.59102]}},{"type":"Feature","properties":{"name":"France","abbr":"FR","iso":"FRA","kind":"country","scope":"world","isUSA":false,"neType":"Country","continent":"Europe","state":"France","direction":"N","directionLabel":"north","lat":51.09712,"lng":2.5249},"geometry":{"type":"Point","coordinates":[2.5249,51.09712]}},{"type":"Feature","properties":{"name":"France","abbr":"FR","iso":"FRA","kind":"country","scope":"world","isUSA":false,"neType":"Country","continent":"Europe","state":"France","direction":"E","directionLabel":"east","lat":-21.13857,"lng":55.83906},"geometry":{"type":"Point","coordinates":[55.83906,-21.13857]}},{"type":"Feature","properties":{"name":"France","abbr":"FR","iso":"FRA","kind":"country","scope":"world","isUSA":false,"neType":"Country","continent":"Europe","state":"France","direction":"S","directionLabel":"south","lat":-21.36904,"lng":55.65615},"geometry":{"type":"Point","coordinates":[55.65615,-21.36904]}},{"type":"Feature","properties":{"name":"France","abbr":"FR","iso":"FRA","kind":"country","scope":"world","isUSA":false,"neType":"Country","continent":"Europe","state":"France","direction":"W","directionLabel":"west","lat":16.30098,"lng":-61.79409},"geometry":{"type":"Point","coordinates":[-61.79409,16.30098]}},{"type":"Feature","properties":{"name":"Saint Pierre and Miquelon","abbr":"PM","iso":"SPM","kind":"country","scope":"world","isUSA":false,"neType":"Dependency","continent":"North America","state":"Saint Pierre and Miquelon","direction":"N","directionLabel":"north","lat":47.09898,"lng":-56.36465},"geometry":{"type":"Point","coordinates":[-56.36465,47.09898]}},{"type":"Feature","properties":{"name":"Saint Pierre and Miquelon","abbr":"PM","iso":"SPM","kind":"country","scope":"world","isUSA":false,"neType":"Dependency","continent":"North America","state":"Saint Pierre and Miquelon","direction":"E","directionLabel":"east","lat":46.80156,"lng":-56.13735},"geometry":{"type":"Point","coordinates":[-56.13735,46.80156]}},{"type":"Feature","properties":{"name":"Saint Pierre and Miquelon","abbr":"PM","iso":"SPM","kind":"country","scope":"world","isUSA":false,"neType":"Dependency","continent":"North America","state":"Saint Pierre and Miquelon","direction":"S","directionLabel":"south","lat":46.75283,"lng":-56.17168},"geometry":{"type":"Point","coordinates":[-56.17168,46.75283]}},{"type":"Feature","properties":{"name":"Saint Pierre and Miquelon","abbr":"PM","iso":"SPM","kind":"country","scope":"world","isUSA":false,"neType":"Dependency","continent":"North America","state":"Saint Pierre and Miquelon","direction":"W","directionLabel":"west","lat":47.06797,"lng":-56.38691},"geometry":{"type":"Point","coordinates":[-56.38691,47.06797]}},{"type":"Feature","properties":{"name":"Wallis and Futuna","abbr":"WF","iso":"WLF","kind":"country","scope":"world","isUSA":false,"neType":"Dependency","continent":"Oceania","state":"Wallis and Futuna","direction":"N","directionLabel":"north","lat":-13.22168,"lng":-176.14795},"geometry":{"type":"Point","coordinates":[-176.14795,-13.22168]}},{"type":"Feature","properties":{"name":"Wallis and Futuna","abbr":"WF","iso":"WLF","kind":"country","scope":"world","isUSA":false,"neType":"Dependency","continent":"Oceania","state":"Wallis and Futuna","direction":"E","directionLabel":"east","lat":-13.26816,"lng":-176.12808},"geometry":{"type":"Point","coordinates":[-176.12808,-13.26816]}},{"type":"Feature","properties":{"name":"Wallis and Futuna","abbr":"WF","iso":"WLF","kind":"country","scope":"world","isUSA":false,"neType":"Dependency","continent":"Oceania","state":"Wallis and Futuna","direction":"S","directionLabel":"south","lat":-14.3249,"lng":-178.10332},"geometry":{"type":"Point","coordinates":[-178.10332,-14.3249]}},{"type":"Feature","properties":{"name":"Wallis and Futuna","abbr":"WF","iso":"WLF","kind":"country","scope":"world","isUSA":false,"neType":"Dependency","continent":"Oceania","state":"Wallis and Futuna","direction":"W","directionLabel":"west","lat":-14.25547,"lng":-178.19439},"geometry":{"type":"Point","coordinates":[-178.19439,-14.25547]}},{"type":"Feature","properties":{"name":"Saint Martin","abbr":"MF","iso":"MAF","kind":"country","scope":"world","isUSA":false,"neType":"Dependency","continent":"North America","state":"Saint Martin","direction":"N","directionLabel":"north","lat":18.11533,"lng":-63.06309},"geometry":{"type":"Point","coordinates":[-63.06309,18.11533]}},{"type":"Feature","properties":{"name":"Saint Martin","abbr":"MF","iso":"MAF","kind":"country","scope":"world","isUSA":false,"neType":"Dependency","continent":"North America","state":"Saint Martin","direction":"E","directionLabel":"east","lat":18.1043,"lng":-63.00942},"geometry":{"type":"Point","coordinates":[-63.00942,18.1043]}},{"type":"Feature","properties":{"name":"Saint Martin","abbr":"MF","iso":"MAF","kind":"country","scope":"world","isUSA":false,"neType":"Dependency","continent":"North America","state":"Saint Martin","direction":"S","directionLabel":"south","lat":18.06894,"lng":-63.01118},"geometry":{"type":"Point","coordinates":[-63.01118,18.06894]}},{"type":"Feature","properties":{"name":"Saint Martin","abbr":"MF","iso":"MAF","kind":"country","scope":"world","isUSA":false,"neType":"Dependency","continent":"North America","state":"Saint Martin","direction":"W","directionLabel":"west","lat":18.06894,"lng":-63.12305},"geometry":{"type":"Point","coordinates":[-63.12305,18.06894]}},{"type":"Feature","properties":{"name":"Saint Barthélemy","abbr":"BL","iso":"BLM","kind":"country","scope":"world","isUSA":false,"neType":"Dependency","continent":"North America","state":"Saint Barthélemy","direction":"N","directionLabel":"north","lat":17.92227,"lng":-62.87422},"geometry":{"type":"Point","coordinates":[-62.87422,17.92227]}},{"type":"Feature","properties":{"name":"Saint Barthélemy","abbr":"BL","iso":"BLM","kind":"country","scope":"world","isUSA":false,"neType":"Dependency","continent":"North America","state":"Saint Barthélemy","direction":"E","directionLabel":"east","lat":17.90869,"lng":-62.79971},"geometry":{"type":"Point","coordinates":[-62.79971,17.90869]}},{"type":"Feature","properties":{"name":"Saint Barthélemy","abbr":"BL","iso":"BLM","kind":"country","scope":"world","isUSA":false,"neType":"Dependency","continent":"North America","state":"Saint Barthélemy","direction":"S","directionLabel":"south","lat":17.8752,"lng":-62.84692},"geometry":{"type":"Point","coordinates":[-62.84692,17.8752]}},{"type":"Feature","properties":{"name":"Saint Barthélemy","abbr":"BL","iso":"BLM","kind":"country","scope":"world","isUSA":false,"neType":"Dependency","continent":"North America","state":"Saint Barthélemy","direction":"W","directionLabel":"west","lat":17.91357,"lng":-62.87544},"geometry":{"type":"Point","coordinates":[-62.87544,17.91357]}},{"type":"Feature","properties":{"name":"French Polynesia","abbr":"PF","iso":"PYF","kind":"country","scope":"world","isUSA":false,"neType":"Dependency","continent":"Oceania","state":"French Polynesia","direction":"N","directionLabel":"north","lat":-8.78154,"lng":-140.22441},"geometry":{"type":"Point","coordinates":[-140.22441,-8.78154]}},{"type":"Feature","properties":{"name":"French Polynesia","abbr":"PF","iso":"PYF","kind":"country","scope":"world","isUSA":false,"neType":"Dependency","continent":"Oceania","state":"French Polynesia","direction":"E","directionLabel":"east","lat":-18.54434,"lng":-136.2939},"geometry":{"type":"Point","coordinates":[-136.2939,-18.54434]}},{"type":"Feature","properties":{"name":"French Polynesia","abbr":"PF","iso":"PYF","kind":"country","scope":"world","isUSA":false,"neType":"Dependency","continent":"Oceania","state":"French Polynesia","direction":"S","directionLabel":"south","lat":-20.87588,"lng":-138.53486},"geometry":{"type":"Point","coordinates":[-138.53486,-20.87588]}},{"type":"Feature","properties":{"name":"French Polynesia","abbr":"PF","iso":"PYF","kind":"country","scope":"world","isUSA":false,"neType":"Dependency","continent":"Oceania","state":"French Polynesia","direction":"W","directionLabel":"west","lat":-16.61904,"lng":-151.5124},"geometry":{"type":"Point","coordinates":[-151.5124,-16.61904]}},{"type":"Feature","properties":{"name":"New Caledonia","abbr":"NC","iso":"NCL","kind":"country","scope":"world","isUSA":false,"neType":"Dependency","continent":"Oceania","state":"New Caledonia","direction":"N","directionLabel":"north","lat":-19.11465,"lng":159.95986},"geometry":{"type":"Point","coordinates":[159.95986,-19.11465]}},{"type":"Feature","properties":{"name":"New Caledonia","abbr":"NC","iso":"NCL","kind":"country","scope":"world","isUSA":false,"neType":"Dependency","continent":"Oceania","state":"New Caledonia","direction":"E","directionLabel":"east","lat":-21.44522,"lng":168.13906},"geometry":{"type":"Point","coordinates":[168.13906,-21.44522]}},{"type":"Feature","properties":{"name":"New Caledonia","abbr":"NC","iso":"NCL","kind":"country","scope":"world","isUSA":false,"neType":"Dependency","continent":"Oceania","state":"New Caledonia","direction":"S","directionLabel":"south","lat":-22.66113,"lng":167.5127},"geometry":{"type":"Point","coordinates":[167.5127,-22.66113]}},{"type":"Feature","properties":{"name":"New Caledonia","abbr":"NC","iso":"NCL","kind":"country","scope":"world","isUSA":false,"neType":"Dependency","continent":"Oceania","state":"New Caledonia","direction":"W","directionLabel":"west","lat":-19.17432,"lng":159.92822},"geometry":{"type":"Point","coordinates":[159.92822,-19.17432]}},{"type":"Feature","properties":{"name":"French Southern and Antarctic Lands","abbr":"TF","iso":"ATF","kind":"country","scope":"world","isUSA":false,"neType":"Dependency","continent":"Seven seas (open ocean)","state":"French Southern and Antarctic Lands","direction":"N","directionLabel":"north","lat":-46.32686,"lng":51.74189},"geometry":{"type":"Point","coordinates":[51.74189,-46.32686]}},{"type":"Feature","properties":{"name":"French Southern and Antarctic Lands","abbr":"TF","iso":"ATF","kind":"country","scope":"world","isUSA":false,"neType":"Dependency","continent":"Seven seas (open ocean)","state":"French Southern and Antarctic Lands","direction":"E","directionLabel":"east","lat":-49.20146,"lng":70.55547},"geometry":{"type":"Point","coordinates":[70.55547,-49.20146]}},{"type":"Feature","properties":{"name":"French Southern and Antarctic Lands","abbr":"TF","iso":"ATF","kind":"country","scope":"world","isUSA":false,"neType":"Dependency","continent":"Seven seas (open ocean)","state":"French Southern and Antarctic Lands","direction":"S","directionLabel":"south","lat":-49.70986,"lng":68.87266},"geometry":{"type":"Point","coordinates":[68.87266,-49.70986]}},{"type":"Feature","properties":{"name":"French Southern and Antarctic Lands","abbr":"TF","iso":"ATF","kind":"country","scope":"world","isUSA":false,"neType":"Dependency","continent":"Seven seas (open ocean)","state":"French Southern and Antarctic Lands","direction":"W","directionLabel":"west","lat":-46.37363,"lng":51.65928},"geometry":{"type":"Point","coordinates":[51.65928,-46.37363]}},{"type":"Feature","properties":{"name":"Åland","abbr":"AX","iso":"ALA","kind":"country","scope":"world","isUSA":false,"neType":"Country","continent":"Europe","state":"Åland","direction":"N","directionLabel":"north","lat":60.40581,"lng":19.88828},"geometry":{"type":"Point","coordinates":[19.88828,60.40581]}},{"type":"Feature","properties":{"name":"Åland","abbr":"AX","iso":"ALA","kind":"country","scope":"world","isUSA":false,"neType":"Country","continent":"Europe","state":"Åland","direction":"E","directionLabel":"east","lat":60.04067,"lng":20.61133},"geometry":{"type":"Point","coordinates":[20.61133,60.04067]}},{"type":"Feature","properties":{"name":"Åland","abbr":"AX","iso":"ALA","kind":"country","scope":"world","isUSA":false,"neType":"Country","continent":"Europe","state":"Åland","direction":"S","directionLabel":"south","lat":60.01167,"lng":20.52178},"geometry":{"type":"Point","coordinates":[20.52178,60.01167]}},{"type":"Feature","properties":{"name":"Åland","abbr":"AX","iso":"ALA","kind":"country","scope":"world","isUSA":false,"neType":"Country","continent":"Europe","state":"Åland","direction":"W","directionLabel":"west","lat":60.18457,"lng":19.51904},"geometry":{"type":"Point","coordinates":[19.51904,60.18457]}},{"type":"Feature","properties":{"name":"Finland","abbr":"FI","iso":"FIN","kind":"country","scope":"world","isUSA":false,"neType":"Country","continent":"Europe","state":"Finland","direction":"N","directionLabel":"north","lat":70.06484,"lng":27.74785},"geometry":{"type":"Point","coordinates":[27.74785,70.06484]}},{"type":"Feature","properties":{"name":"Finland","abbr":"FI","iso":"FIN","kind":"country","scope":"world","isUSA":false,"neType":"Country","continent":"Europe","state":"Finland","direction":"E","directionLabel":"east","lat":62.92163,"lng":31.53652},"geometry":{"type":"Point","coordinates":[31.53652,62.92163]}},{"type":"Feature","properties":{"name":"Finland","abbr":"FI","iso":"FIN","kind":"country","scope":"world","isUSA":false,"neType":"Country","continent":"Europe","state":"Finland","direction":"S","directionLabel":"south","lat":59.81602,"lng":23.02129},"geometry":{"type":"Point","coordinates":[23.02129,59.81602]}},{"type":"Feature","properties":{"name":"Finland","abbr":"FI","iso":"FIN","kind":"country","scope":"world","isUSA":false,"neType":"Country","continent":"Europe","state":"Finland","direction":"W","directionLabel":"west","lat":69.03687,"lng":20.62217},"geometry":{"type":"Point","coordinates":[20.62217,69.03687]}},{"type":"Feature","properties":{"name":"Fiji","abbr":"FJ","iso":"FJI","kind":"country","scope":"world","isUSA":false,"neType":"Sovereign country","continent":"Oceania","state":"Fiji","direction":"N","directionLabel":"north","lat":-12.47695,"lng":177.06758},"geometry":{"type":"Point","coordinates":[177.06758,-12.47695]}},{"type":"Feature","properties":{"name":"Fiji","abbr":"FJ","iso":"FJI","kind":"country","scope":"world","isUSA":false,"neType":"Sovereign country","continent":"Oceania","state":"Fiji","direction":"E","directionLabel":"east","lat":-17.95273,"lng":-178.25112},"geometry":{"type":"Point","coordinates":[-178.25112,-17.95273]}},{"type":"Feature","properties":{"name":"Fiji","abbr":"FJ","iso":"FJI","kind":"country","scope":"world","isUSA":false,"neType":"Sovereign country","continent":"Oceania","state":"Fiji","direction":"S","directionLabel":"south","lat":-21.70586,"lng":174.62187},"geometry":{"type":"Point","coordinates":[174.62187,-21.70586]}},{"type":"Feature","properties":{"name":"Fiji","abbr":"FJ","iso":"FJI","kind":"country","scope":"world","isUSA":false,"neType":"Sovereign country","continent":"Oceania","state":"Fiji","direction":"W","directionLabel":"west","lat":-21.68008,"lng":174.58721},"geometry":{"type":"Point","coordinates":[174.58721,-21.68008]}},{"type":"Feature","properties":{"name":"Ethiopia","abbr":"ET","iso":"ETH","kind":"country","scope":"world","isUSA":false,"neType":"Sovereign country","continent":"Africa","state":"Ethiopia","direction":"N","directionLabel":"north","lat":14.85229,"lng":37.88418},"geometry":{"type":"Point","coordinates":[37.88418,14.85229]}},{"type":"Feature","properties":{"name":"Ethiopia","abbr":"ET","iso":"ETH","kind":"country","scope":"world","isUSA":false,"neType":"Sovereign country","continent":"Africa","state":"Ethiopia","direction":"E","directionLabel":"east","lat":7.99707,"lng":47.97822},"geometry":{"type":"Point","coordinates":[47.97822,7.99707]}},{"type":"Feature","properties":{"name":"Ethiopia","abbr":"ET","iso":"ETH","kind":"country","scope":"world","isUSA":false,"neType":"Sovereign country","continent":"Africa","state":"Ethiopia","direction":"S","directionLabel":"south","lat":3.4561,"lng":39.49443},"geometry":{"type":"Point","coordinates":[39.49443,3.4561]}},{"type":"Feature","properties":{"name":"Ethiopia","abbr":"ET","iso":"ETH","kind":"country","scope":"world","isUSA":false,"neType":"Sovereign country","continent":"Africa","state":"Ethiopia","direction":"W","directionLabel":"west","lat":7.89951,"lng":32.99893},"geometry":{"type":"Point","coordinates":[32.99893,7.89951]}},{"type":"Feature","properties":{"name":"Estonia","abbr":"EE","iso":"EST","kind":"country","scope":"world","isUSA":false,"neType":"Sovereign country","continent":"Europe","state":"Estonia","direction":"N","directionLabel":"north","lat":59.63901,"lng":25.50928},"geometry":{"type":"Point","coordinates":[25.50928,59.63901]}},{"type":"Feature","properties":{"name":"Estonia","abbr":"EE","iso":"EST","kind":"country","scope":"world","isUSA":false,"neType":"Sovereign country","continent":"Europe","state":"Estonia","direction":"E","directionLabel":"east","lat":59.37441,"lng":28.15107},"geometry":{"type":"Point","coordinates":[28.15107,59.37441]}},{"type":"Feature","properties":{"name":"Estonia","abbr":"EE","iso":"EST","kind":"country","scope":"world","isUSA":false,"neType":"Sovereign country","continent":"Europe","state":"Estonia","direction":"S","directionLabel":"south","lat":57.52549,"lng":27.32656},"geometry":{"type":"Point","coordinates":[27.32656,57.52549]}},{"type":"Feature","properties":{"name":"Estonia","abbr":"EE","iso":"EST","kind":"country","scope":"world","isUSA":false,"neType":"Sovereign country","continent":"Europe","state":"Estonia","direction":"W","directionLabel":"west","lat":58.30166,"lng":21.85449},"geometry":{"type":"Point","coordinates":[21.85449,58.30166]}},{"type":"Feature","properties":{"name":"Eritrea","abbr":"ER","iso":"ERI","kind":"country","scope":"world","isUSA":false,"neType":"Sovereign country","continent":"Africa","state":"Eritrea","direction":"N","directionLabel":"north","lat":18.00508,"lng":38.60947},"geometry":{"type":"Point","coordinates":[38.60947,18.00508]}},{"type":"Feature","properties":{"name":"Eritrea","abbr":"ER","iso":"ERI","kind":"country","scope":"world","isUSA":false,"neType":"Sovereign country","continent":"Africa","state":"Eritrea","direction":"E","directionLabel":"east","lat":12.70859,"lng":43.1167},"geometry":{"type":"Point","coordinates":[43.1167,12.70859]}},{"type":"Feature","properties":{"name":"Eritrea","abbr":"ER","iso":"ERI","kind":"country","scope":"world","isUSA":false,"neType":"Sovereign country","continent":"Africa","state":"Eritrea","direction":"S","directionLabel":"south","lat":12.37656,"lng":42.67012},"geometry":{"type":"Point","coordinates":[42.67012,12.37656]}},{"type":"Feature","properties":{"name":"Eritrea","abbr":"ER","iso":"ERI","kind":"country","scope":"world","isUSA":false,"neType":"Sovereign country","continent":"Africa","state":"Eritrea","direction":"W","directionLabel":"west","lat":15.13208,"lng":36.42676},"geometry":{"type":"Point","coordinates":[36.42676,15.13208]}},{"type":"Feature","properties":{"name":"Equatorial Guinea","abbr":"GQ","iso":"GNQ","kind":"country","scope":"world","isUSA":false,"neType":"Sovereign country","continent":"Africa","state":"Equatorial Guinea","direction":"N","directionLabel":"north","lat":3.7583,"lng":8.73574},"geometry":{"type":"Point","coordinates":[8.73574,3.7583]}},{"type":"Feature","properties":{"name":"Equatorial Guinea","abbr":"GQ","iso":"GNQ","kind":"country","scope":"world","isUSA":false,"neType":"Sovereign country","continent":"Africa","state":"Equatorial Guinea","direction":"E","directionLabel":"east","lat":0.99971,"lng":11.33535},"geometry":{"type":"Point","coordinates":[11.33535,0.99971]}},{"type":"Feature","properties":{"name":"Equatorial Guinea","abbr":"GQ","iso":"GNQ","kind":"country","scope":"world","isUSA":false,"neType":"Sovereign country","continent":"Africa","state":"Equatorial Guinea","direction":"S","directionLabel":"south","lat":0.96011,"lng":9.90674},"geometry":{"type":"Point","coordinates":[9.90674,0.96011]}},{"type":"Feature","properties":{"name":"Equatorial Guinea","abbr":"GQ","iso":"GNQ","kind":"country","scope":"world","isUSA":false,"neType":"Sovereign country","continent":"Africa","state":"Equatorial Guinea","direction":"W","directionLabel":"west","lat":3.33242,"lng":8.43428},"geometry":{"type":"Point","coordinates":[8.43428,3.33242]}},{"type":"Feature","properties":{"name":"El Salvador","abbr":"SV","iso":"SLV","kind":"country","scope":"world","isUSA":false,"neType":"Sovereign country","continent":"North America","state":"El Salvador","direction":"N","directionLabel":"north","lat":14.4311,"lng":-89.41885},"geometry":{"type":"Point","coordinates":[-89.41885,14.4311]}},{"type":"Feature","properties":{"name":"El Salvador","abbr":"SV","iso":"SLV","kind":"country","scope":"world","isUSA":false,"neType":"Sovereign country","continent":"North America","state":"El Salvador","direction":"E","directionLabel":"east","lat":13.81269,"lng":-87.71533},"geometry":{"type":"Point","coordinates":[-87.71533,13.81269]}},{"type":"Feature","properties":{"name":"El Salvador","abbr":"SV","iso":"SLV","kind":"country","scope":"world","isUSA":false,"neType":"Sovereign country","continent":"North America","state":"El Salvador","direction":"S","directionLabel":"south","lat":13.16401,"lng":-88.18066},"geometry":{"type":"Point","coordinates":[-88.18066,13.16401]}},{"type":"Feature","properties":{"name":"El Salvador","abbr":"SV","iso":"SLV","kind":"country","scope":"world","isUSA":false,"neType":"Sovereign country","continent":"North America","state":"El Salvador","direction":"W","directionLabel":"west","lat":13.78301,"lng":-90.10591},"geometry":{"type":"Point","coordinates":[-90.10591,13.78301]}},{"type":"Feature","properties":{"name":"Egypt","abbr":"EG","iso":"EGY","kind":"country","scope":"world","isUSA":false,"neType":"Sovereign country","continent":"Africa","state":"Egypt","direction":"N","directionLabel":"north","lat":31.65498,"lng":25.15049},"geometry":{"type":"Point","coordinates":[25.15049,31.65498]}},{"type":"Feature","properties":{"name":"Egypt","abbr":"EG","iso":"EGY","kind":"country","scope":"world","isUSA":false,"neType":"Sovereign country","continent":"Africa","state":"Egypt","direction":"E","directionLabel":"east","lat":21.99673,"lng":36.87139},"geometry":{"type":"Point","coordinates":[36.87139,21.99673]}},{"type":"Feature","properties":{"name":"Egypt","abbr":"EG","iso":"EGY","kind":"country","scope":"world","isUSA":false,"neType":"Sovereign country","continent":"Africa","state":"Egypt","direction":"S","directionLabel":"south","lat":21.99487,"lng":31.20918},"geometry":{"type":"Point","coordinates":[31.20918,21.99487]}},{"type":"Feature","properties":{"name":"Egypt","abbr":"EG","iso":"EGY","kind":"country","scope":"world","isUSA":false,"neType":"Sovereign country","continent":"Africa","state":"Egypt","direction":"W","directionLabel":"west","lat":30.20107,"lng":24.70322},"geometry":{"type":"Point","coordinates":[24.70322,30.20107]}},{"type":"Feature","properties":{"name":"Ecuador","abbr":"EC","iso":"ECU","kind":"country","scope":"world","isUSA":false,"neType":"Sovereign country","continent":"South America","state":"Ecuador","direction":"N","directionLabel":"north","lat":1.45537,"lng":-78.85967},"geometry":{"type":"Point","coordinates":[-78.85967,1.45537]}},{"type":"Feature","properties":{"name":"Ecuador","abbr":"EC","iso":"ECU","kind":"country","scope":"world","isUSA":false,"neType":"Sovereign country","continent":"South America","state":"Ecuador","direction":"E","directionLabel":"east","lat":-0.95186,"lng":-75.24961},"geometry":{"type":"Point","coordinates":[-75.24961,-0.95186]}},{"type":"Feature","properties":{"name":"Ecuador","abbr":"EC","iso":"ECU","kind":"country","scope":"world","isUSA":false,"neType":"Sovereign country","continent":"South America","state":"Ecuador","direction":"S","directionLabel":"south","lat":-4.99062,"lng":-79.07627},"geometry":{"type":"Point","coordinates":[-79.07627,-4.99062]}},{"type":"Feature","properties":{"name":"Ecuador","abbr":"EC","iso":"ECU","kind":"country","scope":"world","isUSA":false,"neType":"Sovereign country","continent":"South America","state":"Ecuador","direction":"W","directionLabel":"west","lat":-0.31094,"lng":-91.65415},"geometry":{"type":"Point","coordinates":[-91.65415,-0.31094]}},{"type":"Feature","properties":{"name":"Dominican Republic","abbr":"DO","iso":"DOM","kind":"country","scope":"world","isUSA":false,"neType":"Sovereign country","continent":"North America","state":"Dominican Republic","direction":"N","directionLabel":"north","lat":19.91397,"lng":-70.95415},"geometry":{"type":"Point","coordinates":[-70.95415,19.91397]}},{"type":"Feature","properties":{"name":"Dominican Republic","abbr":"DO","iso":"DOM","kind":"country","scope":"world","isUSA":false,"neType":"Sovereign country","continent":"North America","state":"Dominican Republic","direction":"E","directionLabel":"east","lat":18.61152,"lng":-68.33916},"geometry":{"type":"Point","coordinates":[-68.33916,18.61152]}},{"type":"Feature","properties":{"name":"Dominican Republic","abbr":"DO","iso":"DOM","kind":"country","scope":"world","isUSA":false,"neType":"Sovereign country","continent":"North America","state":"Dominican Republic","direction":"S","directionLabel":"south","lat":17.6356,"lng":-71.43896},"geometry":{"type":"Point","coordinates":[-71.43896,17.6356]}},{"type":"Feature","properties":{"name":"Dominican Republic","abbr":"DO","iso":"DOM","kind":"country","scope":"world","isUSA":false,"neType":"Sovereign country","continent":"North America","state":"Dominican Republic","direction":"W","directionLabel":"west","lat":18.5979,"lng":-72.00039},"geometry":{"type":"Point","coordinates":[-72.00039,18.5979]}},{"type":"Feature","properties":{"name":"Dominica","abbr":"DM","iso":"DMA","kind":"country","scope":"world","isUSA":false,"neType":"Sovereign country","continent":"North America","state":"Dominica","direction":"N","directionLabel":"north","lat":15.63311,"lng":-61.45811},"geometry":{"type":"Point","coordinates":[-61.45811,15.63311]}},{"type":"Feature","properties":{"name":"Dominica","abbr":"DM","iso":"DMA","kind":"country","scope":"world","isUSA":false,"neType":"Sovereign country","continent":"North America","state":"Dominica","direction":"E","directionLabel":"east","lat":15.37314,"lng":-61.25107},"geometry":{"type":"Point","coordinates":[-61.25107,15.37314]}},{"type":"Feature","properties":{"name":"Dominica","abbr":"DM","iso":"DMA","kind":"country","scope":"world","isUSA":false,"neType":"Sovereign country","continent":"North America","state":"Dominica","direction":"S","directionLabel":"south","lat":15.22729,"lng":-61.37539},"geometry":{"type":"Point","coordinates":[-61.37539,15.22729]}},{"type":"Feature","properties":{"name":"Dominica","abbr":"DM","iso":"DMA","kind":"country","scope":"world","isUSA":false,"neType":"Sovereign country","continent":"North America","state":"Dominica","direction":"W","directionLabel":"west","lat":15.52515,"lng":-61.48115},"geometry":{"type":"Point","coordinates":[-61.48115,15.52515]}},{"type":"Feature","properties":{"name":"Djibouti","abbr":"DJ","iso":"DJI","kind":"country","scope":"world","isUSA":false,"neType":"Sovereign country","continent":"Africa","state":"Djibouti","direction":"N","directionLabel":"north","lat":12.70859,"lng":43.1167},"geometry":{"type":"Point","coordinates":[43.1167,12.70859]}},{"type":"Feature","properties":{"name":"Djibouti","abbr":"DJ","iso":"DJI","kind":"country","scope":"world","isUSA":false,"neType":"Sovereign country","continent":"Africa","state":"Djibouti","direction":"E","directionLabel":"east","lat":12.18994,"lng":43.40977},"geometry":{"type":"Point","coordinates":[43.40977,12.18994]}},{"type":"Feature","properties":{"name":"Djibouti","abbr":"DJ","iso":"DJI","kind":"country","scope":"world","isUSA":false,"neType":"Sovereign country","continent":"Africa","state":"Djibouti","direction":"S","directionLabel":"south","lat":10.94102,"lng":41.95742},"geometry":{"type":"Point","coordinates":[41.95742,10.94102]}},{"type":"Feature","properties":{"name":"Djibouti","abbr":"DJ","iso":"DJI","kind":"country","scope":"world","isUSA":false,"neType":"Sovereign country","continent":"Africa","state":"Djibouti","direction":"W","directionLabel":"west","lat":11.41289,"lng":41.76465},"geometry":{"type":"Point","coordinates":[41.76465,11.41289]}},{"type":"Feature","properties":{"name":"Greenland","abbr":"GL","iso":"GRL","kind":"country","scope":"world","isUSA":false,"neType":"Country","continent":"North America","state":"Greenland","direction":"N","directionLabel":"north","lat":83.59961,"lng":-32.98442},"geometry":{"type":"Point","coordinates":[-32.98442,83.59961]}},{"type":"Feature","properties":{"name":"Greenland","abbr":"GL","iso":"GRL","kind":"country","scope":"world","isUSA":false,"neType":"Country","continent":"North America","state":"Greenland","direction":"E","directionLabel":"east","lat":81.48062,"lng":-11.42554},"geometry":{"type":"Point","coordinates":[-11.42554,81.48062]}},{"type":"Feature","properties":{"name":"Greenland","abbr":"GL","iso":"GRL","kind":"country","scope":"world","isUSA":false,"neType":"Country","continent":"North America","state":"Greenland","direction":"S","directionLabel":"south","lat":59.81548,"lng":-43.90654},"geometry":{"type":"Point","coordinates":[-43.90654,59.81548]}},{"type":"Feature","properties":{"name":"Greenland","abbr":"GL","iso":"GRL","kind":"country","scope":"world","isUSA":false,"neType":"Country","continent":"North America","state":"Greenland","direction":"W","directionLabel":"west","lat":78.19434,"lng":-72.81807},"geometry":{"type":"Point","coordinates":[-72.81807,78.19434]}},{"type":"Feature","properties":{"name":"Faroe Islands","abbr":"FO","iso":"FRO","kind":"country","scope":"world","isUSA":false,"neType":"Dependency","continent":"Europe","state":"Faroe Islands","direction":"N","directionLabel":"north","lat":62.35566,"lng":-6.55459},"geometry":{"type":"Point","coordinates":[-6.55459,62.35566]}},{"type":"Feature","properties":{"name":"Faroe Islands","abbr":"FO","iso":"FRO","kind":"country","scope":"world","isUSA":false,"neType":"Dependency","continent":"Europe","state":"Faroe Islands","direction":"E","directionLabel":"east","lat":62.25864,"lng":-6.40606},"geometry":{"type":"Point","coordinates":[-6.40606,62.25864]}},{"type":"Feature","properties":{"name":"Faroe Islands","abbr":"FO","iso":"FRO","kind":"country","scope":"world","isUSA":false,"neType":"Dependency","continent":"Europe","state":"Faroe Islands","direction":"S","directionLabel":"south","lat":61.41431,"lng":-6.67969},"geometry":{"type":"Point","coordinates":[-6.67969,61.41431]}},{"type":"Feature","properties":{"name":"Faroe Islands","abbr":"FO","iso":"FRO","kind":"country","scope":"world","isUSA":false,"neType":"Dependency","continent":"Europe","state":"Faroe Islands","direction":"W","directionLabel":"west","lat":62.14028,"lng":-7.42261},"geometry":{"type":"Point","coordinates":[-7.42261,62.14028]}},{"type":"Feature","properties":{"name":"Denmark","abbr":"DK","iso":"DNK","kind":"country","scope":"world","isUSA":false,"neType":"Country","continent":"Europe","state":"Denmark","direction":"N","directionLabel":"north","lat":57.73691,"lng":10.60996},"geometry":{"type":"Point","coordinates":[10.60996,57.73691]}},{"type":"Feature","properties":{"name":"Denmark","abbr":"DK","iso":"DNK","kind":"country","scope":"world","isUSA":false,"neType":"Country","continent":"Europe","state":"Denmark","direction":"E","directionLabel":"east","lat":55.08716,"lng":15.13711},"geometry":{"type":"Point","coordinates":[15.13711,55.08716]}},{"type":"Feature","properties":{"name":"Denmark","abbr":"DK","iso":"DNK","kind":"country","scope":"world","isUSA":false,"neType":"Country","continent":"Europe","state":"Denmark","direction":"S","directionLabel":"south","lat":54.62886,"lng":11.45742},"geometry":{"type":"Point","coordinates":[11.45742,54.62886]}},{"type":"Feature","properties":{"name":"Denmark","abbr":"DK","iso":"DNK","kind":"country","scope":"world","isUSA":false,"neType":"Country","continent":"Europe","state":"Denmark","direction":"W","directionLabel":"west","lat":56.13989,"lng":8.12148},"geometry":{"type":"Point","coordinates":[8.12148,56.13989]}},{"type":"Feature","properties":{"name":"Czech Republic","abbr":"CZ","iso":"CZE","kind":"country","scope":"world","isUSA":false,"neType":"Sovereign country","continent":"Europe","state":"Czech Republic","direction":"N","directionLabel":"north","lat":51.03779,"lng":14.31973},"geometry":{"type":"Point","coordinates":[14.31973,51.03779]}},{"type":"Feature","properties":{"name":"Czech Republic","abbr":"CZ","iso":"CZE","kind":"country","scope":"world","isUSA":false,"neType":"Sovereign country","continent":"Europe","state":"Czech Republic","direction":"E","directionLabel":"east","lat":49.51079,"lng":18.83223},"geometry":{"type":"Point","coordinates":[18.83223,49.51079]}},{"type":"Feature","properties":{"name":"Czech Republic","abbr":"CZ","iso":"CZE","kind":"country","scope":"world","isUSA":false,"neType":"Sovereign country","continent":"Europe","state":"Czech Republic","direction":"S","directionLabel":"south","lat":48.57622,"lng":14.36758},"geometry":{"type":"Point","coordinates":[14.36758,48.57622]}},{"type":"Feature","properties":{"name":"Czech Republic","abbr":"CZ","iso":"CZE","kind":"country","scope":"world","isUSA":false,"neType":"Sovereign country","continent":"Europe","state":"Czech Republic","direction":"W","directionLabel":"west","lat":50.26855,"lng":12.08975},"geometry":{"type":"Point","coordinates":[12.08975,50.26855]}},{"type":"Feature","properties":{"name":"Turkish Republic of Northern Cyprus","abbr":"CYN","iso":"CYN","kind":"country","scope":"world","isUSA":false,"neType":"Sovereign country","continent":"Asia","state":"Turkish Republic of Northern Cyprus","direction":"N","directionLabel":"north","lat":35.66206,"lng":34.55606},"geometry":{"type":"Point","coordinates":[34.55606,35.66206]}},{"type":"Feature","properties":{"name":"Turkish Republic of Northern Cyprus","abbr":"CYN","iso":"CYN","kind":"country","scope":"world","isUSA":false,"neType":"Sovereign country","continent":"Asia","state":"Turkish Republic of Northern Cyprus","direction":"E","directionLabel":"east","lat":35.66206,"lng":34.55606},"geometry":{"type":"Point","coordinates":[34.55606,35.66206]}},{"type":"Feature","properties":{"name":"Turkish Republic of Northern Cyprus","abbr":"CYN","iso":"CYN","kind":"country","scope":"world","isUSA":false,"neType":"Sovereign country","continent":"Asia","state":"Turkish Republic of Northern Cyprus","direction":"S","directionLabel":"south","lat":35.00034,"lng":33.47578},"geometry":{"type":"Point","coordinates":[33.47578,35.00034]}},{"type":"Feature","properties":{"name":"Turkish Republic of Northern Cyprus","abbr":"CYN","iso":"CYN","kind":"country","scope":"world","isUSA":false,"neType":"Sovereign country","continent":"Asia","state":"Turkish Republic of Northern Cyprus","direction":"W","directionLabel":"west","lat":35.17104,"lng":32.71269},"geometry":{"type":"Point","coordinates":[32.71269,35.17104]}},{"type":"Feature","properties":{"name":"Cyprus","abbr":"CY","iso":"CYP","kind":"country","scope":"world","isUSA":false,"neType":"Sovereign country","continent":"Asia","state":"Cyprus","direction":"N","directionLabel":"north","lat":35.18267,"lng":32.65234},"geometry":{"type":"Point","coordinates":[32.65234,35.18267]}},{"type":"Feature","properties":{"name":"Cyprus","abbr":"CY","iso":"CYP","kind":"country","scope":"world","isUSA":false,"neType":"Sovereign country","continent":"Asia","state":"Cyprus","direction":"E","directionLabel":"east","lat":34.98838,"lng":34.0502},"geometry":{"type":"Point","coordinates":[34.0502,34.98838]}},{"type":"Feature","properties":{"name":"Cyprus","abbr":"CY","iso":"CYP","kind":"country","scope":"world","isUSA":false,"neType":"Sovereign country","continent":"Asia","state":"Cyprus","direction":"S","directionLabel":"south","lat":34.56958,"lng":33.00791},"geometry":{"type":"Point","coordinates":[33.00791,34.56958]}},{"type":"Feature","properties":{"name":"Cyprus","abbr":"CY","iso":"CYP","kind":"country","scope":"world","isUSA":false,"neType":"Sovereign country","continent":"Asia","state":"Cyprus","direction":"W","directionLabel":"west","lat":35.08296,"lng":32.30098},"geometry":{"type":"Point","coordinates":[32.30098,35.08296]}},{"type":"Feature","properties":{"name":"Cuba","abbr":"CU","iso":"CUB","kind":"country","scope":"world","isUSA":false,"neType":"Sovereignty","continent":"North America","state":"Cuba","direction":"N","directionLabel":"north","lat":23.19043,"lng":-82.10137},"geometry":{"type":"Point","coordinates":[-82.10137,23.19043]}},{"type":"Feature","properties":{"name":"Cuba","abbr":"CU","iso":"CUB","kind":"country","scope":"world","isUSA":false,"neType":"Sovereignty","continent":"North America","state":"Cuba","direction":"E","directionLabel":"east","lat":20.23193,"lng":-74.13682},"geometry":{"type":"Point","coordinates":[-74.13682,20.23193]}},{"type":"Feature","properties":{"name":"Cuba","abbr":"CU","iso":"CUB","kind":"country","scope":"world","isUSA":false,"neType":"Sovereignty","continent":"North America","state":"Cuba","direction":"S","directionLabel":"south","lat":19.85547,"lng":-77.71509},"geometry":{"type":"Point","coordinates":[-77.71509,19.85547]}},{"type":"Feature","properties":{"name":"Cuba","abbr":"CU","iso":"CUB","kind":"country","scope":"world","isUSA":false,"neType":"Sovereignty","continent":"North America","state":"Cuba","direction":"W","directionLabel":"west","lat":21.85698,"lng":-84.88721},"geometry":{"type":"Point","coordinates":[-84.88721,21.85698]}},{"type":"Feature","properties":{"name":"Croatia","abbr":"HR","iso":"HRV","kind":"country","scope":"world","isUSA":false,"neType":"Sovereign country","continent":"Europe","state":"Croatia","direction":"N","directionLabel":"north","lat":46.53462,"lng":16.32119},"geometry":{"type":"Point","coordinates":[16.32119,46.53462]}},{"type":"Feature","properties":{"name":"Croatia","abbr":"HR","iso":"HRV","kind":"country","scope":"world","isUSA":false,"neType":"Sovereign country","continent":"Europe","state":"Croatia","direction":"E","directionLabel":"east","lat":45.18906,"lng":19.40098},"geometry":{"type":"Point","coordinates":[19.40098,45.18906]}},{"type":"Feature","properties":{"name":"Croatia","abbr":"HR","iso":"HRV","kind":"country","scope":"world","isUSA":false,"neType":"Sovereign country","continent":"Europe","state":"Croatia","direction":"S","directionLabel":"south","lat":42.43291,"lng":18.51748},"geometry":{"type":"Point","coordinates":[18.51748,42.43291]}},{"type":"Feature","properties":{"name":"Croatia","abbr":"HR","iso":"HRV","kind":"country","scope":"world","isUSA":false,"neType":"Sovereign country","continent":"Europe","state":"Croatia","direction":"W","directionLabel":"west","lat":45.48179,"lng":13.51719},"geometry":{"type":"Point","coordinates":[13.51719,45.48179]}},{"type":"Feature","properties":{"name":"Ivory Coast","abbr":"CI","iso":"CIV","kind":"country","scope":"world","isUSA":false,"neType":"Sovereign country","continent":"Africa","state":"Ivory Coast","direction":"N","directionLabel":"north","lat":10.72407,"lng":-6.26113},"geometry":{"type":"Point","coordinates":[-6.26113,10.72407]}},{"type":"Feature","properties":{"name":"Ivory Coast","abbr":"CI","iso":"CIV","kind":"country","scope":"world","isUSA":false,"neType":"Sovereign country","continent":"Africa","state":"Ivory Coast","direction":"E","directionLabel":"east","lat":8.20874,"lng":-2.50586},"geometry":{"type":"Point","coordinates":[-2.50586,8.20874]}},{"type":"Feature","properties":{"name":"Ivory Coast","abbr":"CI","iso":"CIV","kind":"country","scope":"world","isUSA":false,"neType":"Sovereign country","continent":"Africa","state":"Ivory Coast","direction":"S","directionLabel":"south","lat":4.35132,"lng":-7.54497},"geometry":{"type":"Point","coordinates":[-7.54497,4.35132]}},{"type":"Feature","properties":{"name":"Ivory Coast","abbr":"CI","iso":"CIV","kind":"country","scope":"world","isUSA":false,"neType":"Sovereign country","continent":"Africa","state":"Ivory Coast","direction":"W","directionLabel":"west","lat":6.50781,"lng":-8.60356},"geometry":{"type":"Point","coordinates":[-8.60356,6.50781]}},{"type":"Feature","properties":{"name":"Costa Rica","abbr":"CR","iso":"CRI","kind":"country","scope":"world","isUSA":false,"neType":"Sovereign country","continent":"North America","state":"Costa Rica","direction":"N","directionLabel":"north","lat":11.18945,"lng":-85.58418},"geometry":{"type":"Point","coordinates":[-85.58418,11.18945]}},{"type":"Feature","properties":{"name":"Costa Rica","abbr":"CR","iso":"CRI","kind":"country","scope":"world","isUSA":false,"neType":"Sovereign country","continent":"North America","state":"Costa Rica","direction":"E","directionLabel":"east","lat":9.57666,"lng":-82.56357},"geometry":{"type":"Point","coordinates":[-82.56357,9.57666]}},{"type":"Feature","properties":{"name":"Costa Rica","abbr":"CR","iso":"CRI","kind":"country","scope":"world","isUSA":false,"neType":"Sovereign country","continent":"North America","state":"Costa Rica","direction":"S","directionLabel":"south","lat":8.07065,"lng":-82.87935},"geometry":{"type":"Point","coordinates":[-82.87935,8.07065]}},{"type":"Feature","properties":{"name":"Costa Rica","abbr":"CR","iso":"CRI","kind":"country","scope":"world","isUSA":false,"neType":"Sovereign country","continent":"North America","state":"Costa Rica","direction":"W","directionLabel":"west","lat":10.89756,"lng":-85.90801},"geometry":{"type":"Point","coordinates":[-85.90801,10.89756]}},{"type":"Feature","properties":{"name":"Democratic Republic of the Congo","abbr":"CD","iso":"COD","kind":"country","scope":"world","isUSA":false,"neType":"Sovereign country","continent":"Africa","state":"Democratic Republic of the Congo","direction":"N","directionLabel":"north","lat":5.31211,"lng":25.5251},"geometry":{"type":"Point","coordinates":[25.5251,5.31211]}},{"type":"Feature","properties":{"name":"Democratic Republic of the Congo","abbr":"CD","iso":"COD","kind":"country","scope":"world","isUSA":false,"neType":"Sovereign country","continent":"Africa","state":"Democratic Republic of the Congo","direction":"E","directionLabel":"east","lat":2.14629,"lng":31.27402},"geometry":{"type":"Point","coordinates":[31.27402,2.14629]}},{"type":"Feature","properties":{"name":"Democratic Republic of the Congo","abbr":"CD","iso":"COD","kind":"country","scope":"world","isUSA":false,"neType":"Sovereign country","continent":"Africa","state":"Democratic Republic of the Congo","direction":"S","directionLabel":"south","lat":-13.45381,"lng":29.72266},"geometry":{"type":"Point","coordinates":[29.72266,-13.45381]}},{"type":"Feature","properties":{"name":"Democratic Republic of the Congo","abbr":"CD","iso":"COD","kind":"country","scope":"world","isUSA":false,"neType":"Sovereign country","continent":"Africa","state":"Democratic Republic of the Congo","direction":"W","directionLabel":"west","lat":-5.75869,"lng":12.21367},"geometry":{"type":"Point","coordinates":[12.21367,-5.75869]}},{"type":"Feature","properties":{"name":"Republic of the Congo","abbr":"CG","iso":"COG","kind":"country","scope":"world","isUSA":false,"neType":"Sovereign country","continent":"Africa","state":"Republic of the Congo","direction":"N","directionLabel":"north","lat":3.6873,"lng":17.4916},"geometry":{"type":"Point","coordinates":[17.4916,3.6873]}},{"type":"Feature","properties":{"name":"Republic of the Congo","abbr":"CG","iso":"COG","kind":"country","scope":"world","isUSA":false,"neType":"Sovereign country","continent":"Africa","state":"Republic of the Congo","direction":"E","directionLabel":"east","lat":3.30405,"lng":18.62217},"geometry":{"type":"Point","coordinates":[18.62217,3.30405]}},{"type":"Feature","properties":{"name":"Republic of the Congo","abbr":"CG","iso":"COG","kind":"country","scope":"world","isUSA":false,"neType":"Sovereign country","continent":"Africa","state":"Republic of the Congo","direction":"S","directionLabel":"south","lat":-5.0043,"lng":12.01836},"geometry":{"type":"Point","coordinates":[12.01836,-5.0043]}},{"type":"Feature","properties":{"name":"Republic of the Congo","abbr":"CG","iso":"COG","kind":"country","scope":"world","isUSA":false,"neType":"Sovereign country","continent":"Africa","state":"Republic of the Congo","direction":"W","directionLabel":"west","lat":-3.91631,"lng":11.13018},"geometry":{"type":"Point","coordinates":[11.13018,-3.91631]}},{"type":"Feature","properties":{"name":"Comoros","abbr":"KM","iso":"COM","kind":"country","scope":"world","isUSA":false,"neType":"Sovereign country","continent":"Africa","state":"Comoros","direction":"N","directionLabel":"north","lat":-11.36846,"lng":43.3415},"geometry":{"type":"Point","coordinates":[43.3415,-11.36846]}},{"type":"Feature","properties":{"name":"Comoros","abbr":"KM","iso":"COM","kind":"country","scope":"world","isUSA":false,"neType":"Sovereign country","continent":"Africa","state":"Comoros","direction":"E","directionLabel":"east","lat":-12.21953,"lng":44.52676},"geometry":{"type":"Point","coordinates":[44.52676,-12.21953]}},{"type":"Feature","properties":{"name":"Comoros","abbr":"KM","iso":"COM","kind":"country","scope":"world","isUSA":false,"neType":"Sovereign country","continent":"Africa","state":"Comoros","direction":"S","directionLabel":"south","lat":-12.36826,"lng":43.85898},"geometry":{"type":"Point","coordinates":[43.85898,-12.36826]}},{"type":"Feature","properties":{"name":"Comoros","abbr":"KM","iso":"COM","kind":"country","scope":"world","isUSA":false,"neType":"Sovereign country","continent":"Africa","state":"Comoros","direction":"W","directionLabel":"west","lat":-11.75186,"lng":43.22666},"geometry":{"type":"Point","coordinates":[43.22666,-11.75186]}},{"type":"Feature","properties":{"name":"Colombia","abbr":"CO","iso":"COL","kind":"country","scope":"world","isUSA":false,"neType":"Sovereign country","continent":"South America","state":"Colombia","direction":"N","directionLabel":"north","lat":12.43437,"lng":-71.59746},"geometry":{"type":"Point","coordinates":[-71.59746,12.43437]}},{"type":"Feature","properties":{"name":"Colombia","abbr":"CO","iso":"COL","kind":"country","scope":"world","isUSA":false,"neType":"Sovereign country","continent":"South America","state":"Colombia","direction":"E","directionLabel":"east","lat":1.22305,"lng":-66.87602},"geometry":{"type":"Point","coordinates":[-66.87602,1.22305]}},{"type":"Feature","properties":{"name":"Colombia","abbr":"CO","iso":"COL","kind":"country","scope":"world","isUSA":false,"neType":"Sovereign country","continent":"South America","state":"Colombia","direction":"S","directionLabel":"south","lat":-4.23594,"lng":-69.96592},"geometry":{"type":"Point","coordinates":[-69.96592,-4.23594]}},{"type":"Feature","properties":{"name":"Colombia","abbr":"CO","iso":"COL","kind":"country","scope":"world","isUSA":false,"neType":"Sovereign country","continent":"South America","state":"Colombia","direction":"W","directionLabel":"west","lat":1.62368,"lng":-79.02544},"geometry":{"type":"Point","coordinates":[-79.02544,1.62368]}},{"type":"Feature","properties":{"name":"People's Republic of China","abbr":"CN","iso":"CHN","kind":"country","scope":"world","isUSA":false,"neType":"Country","continent":"Asia","state":"People's Republic of China","direction":"N","directionLabel":"north","lat":53.55562,"lng":123.30957},"geometry":{"type":"Point","coordinates":[123.30957,53.55562]}},{"type":"Feature","properties":{"name":"People's Republic of China","abbr":"CN","iso":"CHN","kind":"country","scope":"world","isUSA":false,"neType":"Country","continent":"Asia","state":"People's Republic of China","direction":"E","directionLabel":"east","lat":47.71543,"lng":134.75234},"geometry":{"type":"Point","coordinates":[134.75234,47.71543]}},{"type":"Feature","properties":{"name":"People's Republic of China","abbr":"CN","iso":"CHN","kind":"country","scope":"world","isUSA":false,"neType":"Country","continent":"Asia","state":"People's Republic of China","direction":"S","directionLabel":"south","lat":18.21826,"lng":109.51934},"geometry":{"type":"Point","coordinates":[109.51934,18.21826]}},{"type":"Feature","properties":{"name":"People's Republic of China","abbr":"CN","iso":"CHN","kind":"country","scope":"world","isUSA":false,"neType":"Country","continent":"Asia","state":"People's Republic of China","direction":"W","directionLabel":"west","lat":39.2292,"lng":73.60732},"geometry":{"type":"Point","coordinates":[73.60732,39.2292]}},{"type":"Feature","properties":{"name":"Macau","abbr":"MO","iso":"MAC","kind":"country","scope":"world","isUSA":false,"neType":"Country","continent":"Asia","state":"Macau","direction":"N","directionLabel":"north","lat":22.24595,"lng":113.52705},"geometry":{"type":"Point","coordinates":[113.52705,22.24595]}},{"type":"Feature","properties":{"name":"Macau","abbr":"MO","iso":"MAC","kind":"country","scope":"world","isUSA":false,"neType":"Country","continent":"Asia","state":"Macau","direction":"E","directionLabel":"east","lat":22.22261,"lng":113.54815},"geometry":{"type":"Point","coordinates":[113.54815,22.22261]}},{"type":"Feature","properties":{"name":"Macau","abbr":"MO","iso":"MAC","kind":"country","scope":"world","isUSA":false,"neType":"Country","continent":"Asia","state":"Macau","direction":"S","directionLabel":"south","lat":22.19556,"lng":113.47891},"geometry":{"type":"Point","coordinates":[113.47891,22.19556]}},{"type":"Feature","properties":{"name":"Macau","abbr":"MO","iso":"MAC","kind":"country","scope":"world","isUSA":false,"neType":"Country","continent":"Asia","state":"Macau","direction":"W","directionLabel":"west","lat":22.19556,"lng":113.47891},"geometry":{"type":"Point","coordinates":[113.47891,22.19556]}},{"type":"Feature","properties":{"name":"Hong Kong","abbr":"HK","iso":"HKG","kind":"country","scope":"world","isUSA":false,"neType":"Country","continent":"Asia","state":"Hong Kong","direction":"N","directionLabel":"north","lat":22.56499,"lng":114.12285},"geometry":{"type":"Point","coordinates":[114.12285,22.56499]}},{"type":"Feature","properties":{"name":"Hong Kong","abbr":"HK","iso":"HKG","kind":"country","scope":"world","isUSA":false,"neType":"Country","continent":"Asia","state":"Hong Kong","direction":"E","directionLabel":"east","lat":22.39624,"lng":114.33525},"geometry":{"type":"Point","coordinates":[114.33525,22.39624]}},{"type":"Feature","properties":{"name":"Hong Kong","abbr":"HK","iso":"HKG","kind":"country","scope":"world","isUSA":false,"neType":"Country","continent":"Asia","state":"Hong Kong","direction":"S","directionLabel":"south","lat":22.19517,"lng":114.20723},"geometry":{"type":"Point","coordinates":[114.20723,22.19517]}},{"type":"Feature","properties":{"name":"Hong Kong","abbr":"HK","iso":"HKG","kind":"country","scope":"world","isUSA":false,"neType":"Country","continent":"Asia","state":"Hong Kong","direction":"W","directionLabel":"west","lat":22.2417,"lng":113.83887},"geometry":{"type":"Point","coordinates":[113.83887,22.2417]}},{"type":"Feature","properties":{"name":"Chile","abbr":"CL","iso":"CHL","kind":"country","scope":"world","isUSA":false,"neType":"Sovereign country","continent":"South America","state":"Chile","direction":"N","directionLabel":"north","lat":-17.50605,"lng":-69.51094},"geometry":{"type":"Point","coordinates":[-69.51094,-17.50605]}},{"type":"Feature","properties":{"name":"Chile","abbr":"CL","iso":"CHL","kind":"country","scope":"world","isUSA":false,"neType":"Sovereign country","continent":"South America","state":"Chile","direction":"E","directionLabel":"east","lat":-55.18975,"lng":-66.43579},"geometry":{"type":"Point","coordinates":[-66.43579,-55.18975]}},{"type":"Feature","properties":{"name":"Chile","abbr":"CL","iso":"CHL","kind":"country","scope":"world","isUSA":false,"neType":"Sovereign country","continent":"South America","state":"Chile","direction":"S","directionLabel":"south","lat":-55.8917,"lng":-67.61143},"geometry":{"type":"Point","coordinates":[-67.61143,-55.8917]}},{"type":"Feature","properties":{"name":"Chile","abbr":"CL","iso":"CHL","kind":"country","scope":"world","isUSA":false,"neType":"Sovereign country","continent":"South America","state":"Chile","direction":"W","directionLabel":"west","lat":-27.17129,"lng":-109.43413},"geometry":{"type":"Point","coordinates":[-109.43413,-27.17129]}},{"type":"Feature","properties":{"name":"Chad","abbr":"TD","iso":"TCD","kind":"country","scope":"world","isUSA":false,"neType":"Sovereign country","continent":"Africa","state":"Chad","direction":"N","directionLabel":"north","lat":23.44522,"lng":15.98408},"geometry":{"type":"Point","coordinates":[15.98408,23.44522]}},{"type":"Feature","properties":{"name":"Chad","abbr":"TD","iso":"TCD","kind":"country","scope":"world","isUSA":false,"neType":"Sovereign country","continent":"Africa","state":"Chad","direction":"E","directionLabel":"east","lat":15.78018,"lng":23.9834},"geometry":{"type":"Point","coordinates":[23.9834,15.78018]}},{"type":"Feature","properties":{"name":"Chad","abbr":"TD","iso":"TCD","kind":"country","scope":"world","isUSA":false,"neType":"Sovereign country","continent":"Africa","state":"Chad","direction":"S","directionLabel":"south","lat":7.47529,"lng":15.84502},"geometry":{"type":"Point","coordinates":[15.84502,7.47529]}},{"type":"Feature","properties":{"name":"Chad","abbr":"TD","iso":"TCD","kind":"country","scope":"world","isUSA":false,"neType":"Sovereign country","continent":"Africa","state":"Chad","direction":"W","directionLabel":"west","lat":14.38066,"lng":13.44824},"geometry":{"type":"Point","coordinates":[13.44824,14.38066]}},{"type":"Feature","properties":{"name":"Central African Republic","abbr":"CF","iso":"CAF","kind":"country","scope":"world","isUSA":false,"neType":"Sovereign country","continent":"Africa","state":"Central African Republic","direction":"N","directionLabel":"north","lat":10.99624,"lng":22.49385},"geometry":{"type":"Point","coordinates":[22.49385,10.99624]}},{"type":"Feature","properties":{"name":"Central African Republic","abbr":"CF","iso":"CAF","kind":"country","scope":"world","isUSA":false,"neType":"Sovereign country","continent":"Africa","state":"Central African Republic","direction":"E","directionLabel":"east","lat":5.10918,"lng":27.40332},"geometry":{"type":"Point","coordinates":[27.40332,5.10918]}},{"type":"Feature","properties":{"name":"Central African Republic","abbr":"CF","iso":"CAF","kind":"country","scope":"world","isUSA":false,"neType":"Sovereign country","continent":"Africa","state":"Central African Republic","direction":"S","directionLabel":"south","lat":2.27007,"lng":16.1834},"geometry":{"type":"Point","coordinates":[16.1834,2.27007]}},{"type":"Feature","properties":{"name":"Central African Republic","abbr":"CF","iso":"CAF","kind":"country","scope":"world","isUSA":false,"neType":"Sovereign country","continent":"Africa","state":"Central African Republic","direction":"W","directionLabel":"west","lat":6.03872,"lng":14.43115},"geometry":{"type":"Point","coordinates":[14.43115,6.03872]}},{"type":"Feature","properties":{"name":"Cape Verde","abbr":"CV","iso":"CPV","kind":"country","scope":"world","isUSA":false,"neType":"Sovereign country","continent":"Africa","state":"Cape Verde","direction":"N","directionLabel":"north","lat":17.19365,"lng":-25.11348},"geometry":{"type":"Point","coordinates":[-25.11348,17.19365]}},{"type":"Feature","properties":{"name":"Cape Verde","abbr":"CV","iso":"CPV","kind":"country","scope":"world","isUSA":false,"neType":"Sovereign country","continent":"Africa","state":"Cape Verde","direction":"E","directionLabel":"east","lat":16.11328,"lng":-22.68189},"geometry":{"type":"Point","coordinates":[-22.68189,16.11328]}},{"type":"Feature","properties":{"name":"Cape Verde","abbr":"CV","iso":"CPV","kind":"country","scope":"world","isUSA":false,"neType":"Sovereign country","continent":"Africa","state":"Cape Verde","direction":"S","directionLabel":"south","lat":14.81821,"lng":-24.38613},"geometry":{"type":"Point","coordinates":[-24.38613,14.81821]}},{"type":"Feature","properties":{"name":"Cape Verde","abbr":"CV","iso":"CPV","kind":"country","scope":"world","isUSA":false,"neType":"Sovereign country","continent":"Africa","state":"Cape Verde","direction":"W","directionLabel":"west","lat":17.06772,"lng":-25.34155},"geometry":{"type":"Point","coordinates":[-25.34155,17.06772]}},{"type":"Feature","properties":{"name":"Canada","abbr":"CA","iso":"CAN","kind":"country","scope":"world","isUSA":false,"neType":"Sovereign country","continent":"North America","state":"Canada","direction":"N","directionLabel":"north","lat":83.11611,"lng":-69.96992},"geometry":{"type":"Point","coordinates":[-69.96992,83.11611]}},{"type":"Feature","properties":{"name":"Canada","abbr":"CA","iso":"CAN","kind":"country","scope":"world","isUSA":false,"neType":"Sovereign country","continent":"North America","state":"Canada","direction":"E","directionLabel":"east","lat":47.54941,"lng":-52.65366},"geometry":{"type":"Point","coordinates":[-52.65366,47.54941]}},{"type":"Feature","properties":{"name":"Canada","abbr":"CA","iso":"CAN","kind":"country","scope":"world","isUSA":false,"neType":"Sovereign country","continent":"North America","state":"Canada","direction":"S","directionLabel":"south","lat":41.67485,"lng":-82.43906},"geometry":{"type":"Point","coordinates":[-82.43906,41.67485]}},{"type":"Feature","properties":{"name":"Canada","abbr":"CA","iso":"CAN","kind":"country","scope":"world","isUSA":false,"neType":"Sovereign country","continent":"North America","state":"Canada","direction":"W","directionLabel":"west","lat":60.30024,"lng":-141.00215},"geometry":{"type":"Point","coordinates":[-141.00215,60.30024]}},{"type":"Feature","properties":{"name":"Cameroon","abbr":"CM","iso":"CMR","kind":"country","scope":"world","isUSA":false,"neType":"Sovereign country","continent":"Africa","state":"Cameroon","direction":"N","directionLabel":"north","lat":13.07852,"lng":14.06396},"geometry":{"type":"Point","coordinates":[14.06396,13.07852]}},{"type":"Feature","properties":{"name":"Cameroon","abbr":"CM","iso":"CMR","kind":"country","scope":"world","isUSA":false,"neType":"Sovereign country","continent":"Africa","state":"Cameroon","direction":"E","directionLabel":"east","lat":2.27007,"lng":16.1834},"geometry":{"type":"Point","coordinates":[16.1834,2.27007]}},{"type":"Feature","properties":{"name":"Cameroon","abbr":"CM","iso":"CMR","kind":"country","scope":"world","isUSA":false,"neType":"Sovereign country","continent":"Africa","state":"Cameroon","direction":"S","directionLabel":"south","lat":1.67622,"lng":16.05937},"geometry":{"type":"Point","coordinates":[16.05937,1.67622]}},{"type":"Feature","properties":{"name":"Cameroon","abbr":"CM","iso":"CMR","kind":"country","scope":"world","isUSA":false,"neType":"Sovereign country","continent":"Africa","state":"Cameroon","direction":"W","directionLabel":"west","lat":4.60586,"lng":8.53281},"geometry":{"type":"Point","coordinates":[8.53281,4.60586]}},{"type":"Feature","properties":{"name":"Cambodia","abbr":"KH","iso":"KHM","kind":"country","scope":"world","isUSA":false,"neType":"Sovereign country","continent":"Asia","state":"Cambodia","direction":"N","directionLabel":"north","lat":14.70508,"lng":107.51943},"geometry":{"type":"Point","coordinates":[107.51943,14.70508]}},{"type":"Feature","properties":{"name":"Cambodia","abbr":"KH","iso":"KHM","kind":"country","scope":"world","isUSA":false,"neType":"Sovereign country","continent":"Asia","state":"Cambodia","direction":"E","directionLabel":"east","lat":13.43779,"lng":107.60547},"geometry":{"type":"Point","coordinates":[107.60547,13.43779]}},{"type":"Feature","properties":{"name":"Cambodia","abbr":"KH","iso":"KHM","kind":"country","scope":"world","isUSA":false,"neType":"Sovereign country","continent":"Asia","state":"Cambodia","direction":"S","directionLabel":"south","lat":10.41123,"lng":104.42637},"geometry":{"type":"Point","coordinates":[104.42637,10.41123]}},{"type":"Feature","properties":{"name":"Cambodia","abbr":"KH","iso":"KHM","kind":"country","scope":"world","isUSA":false,"neType":"Sovereign country","continent":"Asia","state":"Cambodia","direction":"W","directionLabel":"west","lat":13.53999,"lng":102.31973},"geometry":{"type":"Point","coordinates":[102.31973,13.53999]}},{"type":"Feature","properties":{"name":"Myanmar","abbr":"MM","iso":"MMR","kind":"country","scope":"world","isUSA":false,"neType":"Sovereign country","continent":"Asia","state":"Myanmar","direction":"N","directionLabel":"north","lat":28.51704,"lng":97.59922},"geometry":{"type":"Point","coordinates":[97.59922,28.51704]}},{"type":"Feature","properties":{"name":"Myanmar","abbr":"MM","iso":"MMR","kind":"country","scope":"world","isUSA":false,"neType":"Sovereign country","continent":"Asia","state":"Myanmar","direction":"E","directionLabel":"east","lat":21.58164,"lng":101.14727},"geometry":{"type":"Point","coordinates":[101.14727,21.58164]}},{"type":"Feature","properties":{"name":"Myanmar","abbr":"MM","iso":"MMR","kind":"country","scope":"world","isUSA":false,"neType":"Sovereign country","continent":"Asia","state":"Myanmar","direction":"S","directionLabel":"south","lat":9.87539,"lng":98.13438},"geometry":{"type":"Point","coordinates":[98.13438,9.87539]}},{"type":"Feature","properties":{"name":"Myanmar","abbr":"MM","iso":"MMR","kind":"country","scope":"world","isUSA":false,"neType":"Sovereign country","continent":"Asia","state":"Myanmar","direction":"W","directionLabel":"west","lat":21.29312,"lng":92.17959},"geometry":{"type":"Point","coordinates":[92.17959,21.29312]}},{"type":"Feature","properties":{"name":"Burundi","abbr":"BI","iso":"BDI","kind":"country","scope":"world","isUSA":false,"neType":"Sovereign country","continent":"Africa","state":"Burundi","direction":"N","directionLabel":"north","lat":-2.31299,"lng":30.4085},"geometry":{"type":"Point","coordinates":[30.4085,-2.31299]}},{"type":"Feature","properties":{"name":"Burundi","abbr":"BI","iso":"BDI","kind":"country","scope":"world","isUSA":false,"neType":"Sovereign country","continent":"Africa","state":"Burundi","direction":"E","directionLabel":"east","lat":-3.20059,"lng":30.81143},"geometry":{"type":"Point","coordinates":[30.81143,-3.20059]}},{"type":"Feature","properties":{"name":"Burundi","abbr":"BI","iso":"BDI","kind":"country","scope":"world","isUSA":false,"neType":"Sovereign country","continent":"Africa","state":"Burundi","direction":"S","directionLabel":"south","lat":-4.45586,"lng":29.71777},"geometry":{"type":"Point","coordinates":[29.71777,-4.45586]}},{"type":"Feature","properties":{"name":"Burundi","abbr":"BI","iso":"BDI","kind":"country","scope":"world","isUSA":false,"neType":"Sovereign country","continent":"Africa","state":"Burundi","direction":"W","directionLabel":"west","lat":-2.7583,"lng":29.01416},"geometry":{"type":"Point","coordinates":[29.01416,-2.7583]}},{"type":"Feature","properties":{"name":"Burkina Faso","abbr":"BF","iso":"BFA","kind":"country","scope":"world","isUSA":false,"neType":"Sovereign country","continent":"Africa","state":"Burkina Faso","direction":"N","directionLabel":"north","lat":15.07788,"lng":-0.53652},"geometry":{"type":"Point","coordinates":[-0.53652,15.07788]}},{"type":"Feature","properties":{"name":"Burkina Faso","abbr":"BF","iso":"BFA","kind":"country","scope":"world","isUSA":false,"neType":"Sovereign country","continent":"Africa","state":"Burkina Faso","direction":"E","directionLabel":"east","lat":11.89707,"lng":2.38916},"geometry":{"type":"Point","coordinates":[2.38916,11.89707]}},{"type":"Feature","properties":{"name":"Burkina Faso","abbr":"BF","iso":"BFA","kind":"country","scope":"world","isUSA":false,"neType":"Sovereign country","continent":"Africa","state":"Burkina Faso","direction":"S","directionLabel":"south","lat":9.42471,"lng":-2.7666},"geometry":{"type":"Point","coordinates":[-2.7666,9.42471]}},{"type":"Feature","properties":{"name":"Burkina Faso","abbr":"BF","iso":"BFA","kind":"country","scope":"world","isUSA":false,"neType":"Sovereign country","continent":"Africa","state":"Burkina Faso","direction":"W","directionLabel":"west","lat":10.42602,"lng":-5.52353},"geometry":{"type":"Point","coordinates":[-5.52353,10.42602]}},{"type":"Feature","properties":{"name":"Bulgaria","abbr":"BG","iso":"BGR","kind":"country","scope":"world","isUSA":false,"neType":"Sovereign country","continent":"Europe","state":"Bulgaria","direction":"N","directionLabel":"north","lat":44.23779,"lng":22.70508},"geometry":{"type":"Point","coordinates":[22.70508,44.23779]}},{"type":"Feature","properties":{"name":"Bulgaria","abbr":"BG","iso":"BGR","kind":"country","scope":"world","isUSA":false,"neType":"Sovereign country","continent":"Europe","state":"Bulgaria","direction":"E","directionLabel":"east","lat":43.74224,"lng":28.58535},"geometry":{"type":"Point","coordinates":[28.58535,43.74224]}},{"type":"Feature","properties":{"name":"Bulgaria","abbr":"BG","iso":"BGR","kind":"country","scope":"world","isUSA":false,"neType":"Sovereign country","continent":"Europe","state":"Bulgaria","direction":"S","directionLabel":"south","lat":41.24356,"lng":25.25117},"geometry":{"type":"Point","coordinates":[25.25117,41.24356]}},{"type":"Feature","properties":{"name":"Bulgaria","abbr":"BG","iso":"BGR","kind":"country","scope":"world","isUSA":false,"neType":"Sovereign country","continent":"Europe","state":"Bulgaria","direction":"W","directionLabel":"west","lat":42.31397,"lng":22.34404},"geometry":{"type":"Point","coordinates":[22.34404,42.31397]}},{"type":"Feature","properties":{"name":"Brunei","abbr":"BN","iso":"BRN","kind":"country","scope":"world","isUSA":false,"neType":"Sovereign country","continent":"Asia","state":"Brunei","direction":"N","directionLabel":"north","lat":5.02236,"lng":114.99541},"geometry":{"type":"Point","coordinates":[114.99541,5.02236]}},{"type":"Feature","properties":{"name":"Brunei","abbr":"BN","iso":"BRN","kind":"country","scope":"world","isUSA":false,"neType":"Sovereign country","continent":"Asia","state":"Brunei","direction":"E","directionLabel":"east","lat":4.38076,"lng":115.32676},"geometry":{"type":"Point","coordinates":[115.32676,4.38076]}},{"type":"Feature","properties":{"name":"Brunei","abbr":"BN","iso":"BRN","kind":"country","scope":"world","isUSA":false,"neType":"Sovereign country","continent":"Asia","state":"Brunei","direction":"S","directionLabel":"south","lat":4.02398,"lng":114.6083},"geometry":{"type":"Point","coordinates":[114.6083,4.02398]}},{"type":"Feature","properties":{"name":"Brunei","abbr":"BN","iso":"BRN","kind":"country","scope":"world","isUSA":false,"neType":"Sovereign country","continent":"Asia","state":"Brunei","direction":"W","directionLabel":"west","lat":4.59268,"lng":114.06387},"geometry":{"type":"Point","coordinates":[114.06387,4.59268]}},{"type":"Feature","properties":{"name":"Brazil","abbr":"BR","iso":"BRA","kind":"country","scope":"world","isUSA":false,"neType":"Sovereign country","continent":"South America","state":"Brazil","direction":"N","directionLabel":"north","lat":5.25796,"lng":-60.24165},"geometry":{"type":"Point","coordinates":[-60.24165,5.25796]}},{"type":"Feature","properties":{"name":"Brazil","abbr":"BR","iso":"BRA","kind":"country","scope":"world","isUSA":false,"neType":"Sovereign country","continent":"South America","state":"Brazil","direction":"E","directionLabel":"east","lat":-7.28838,"lng":-34.80547},"geometry":{"type":"Point","coordinates":[-34.80547,-7.28838]}},{"type":"Feature","properties":{"name":"Brazil","abbr":"BR","iso":"BRA","kind":"country","scope":"world","isUSA":false,"neType":"Sovereign country","continent":"South America","state":"Brazil","direction":"S","directionLabel":"south","lat":-33.74219,"lng":-53.3706},"geometry":{"type":"Point","coordinates":[-53.3706,-33.74219]}},{"type":"Feature","properties":{"name":"Brazil","abbr":"BR","iso":"BRA","kind":"country","scope":"world","isUSA":false,"neType":"Sovereign country","continent":"South America","state":"Brazil","direction":"W","directionLabel":"west","lat":-7.55605,"lng":-74.00205},"geometry":{"type":"Point","coordinates":[-74.00205,-7.55605]}},{"type":"Feature","properties":{"name":"Botswana","abbr":"BW","iso":"BWA","kind":"country","scope":"world","isUSA":false,"neType":"Sovereign country","continent":"Africa","state":"Botswana","direction":"N","directionLabel":"north","lat":-17.7876,"lng":25.21602},"geometry":{"type":"Point","coordinates":[25.21602,-17.7876]}},{"type":"Feature","properties":{"name":"Botswana","abbr":"BW","iso":"BWA","kind":"country","scope":"world","isUSA":false,"neType":"Sovereign country","continent":"Africa","state":"Botswana","direction":"E","directionLabel":"east","lat":-22.19394,"lng":29.36484},"geometry":{"type":"Point","coordinates":[29.36484,-22.19394]}},{"type":"Feature","properties":{"name":"Botswana","abbr":"BW","iso":"BWA","kind":"country","scope":"world","isUSA":false,"neType":"Sovereign country","continent":"Africa","state":"Botswana","direction":"S","directionLabel":"south","lat":-26.8542,"lng":21.64629},"geometry":{"type":"Point","coordinates":[21.64629,-26.8542]}},{"type":"Feature","properties":{"name":"Botswana","abbr":"BW","iso":"BWA","kind":"country","scope":"world","isUSA":false,"neType":"Sovereign country","continent":"Africa","state":"Botswana","direction":"W","directionLabel":"west","lat":-22.0002,"lng":19.97734},"geometry":{"type":"Point","coordinates":[19.97734,-22.0002]}},{"type":"Feature","properties":{"name":"Bosnia and Herzegovina","abbr":"BA","iso":"BIH","kind":"country","scope":"world","isUSA":false,"neType":"Sovereign country","continent":"Europe","state":"Bosnia and Herzegovina","direction":"N","directionLabel":"north","lat":45.27656,"lng":16.91865},"geometry":{"type":"Point","coordinates":[16.91865,45.27656]}},{"type":"Feature","properties":{"name":"Bosnia and Herzegovina","abbr":"BA","iso":"BIH","kind":"country","scope":"world","isUSA":false,"neType":"Sovereign country","continent":"Europe","state":"Bosnia and Herzegovina","direction":"E","directionLabel":"east","lat":44.04346,"lng":19.58379},"geometry":{"type":"Point","coordinates":[19.58379,44.04346]}},{"type":"Feature","properties":{"name":"Bosnia and Herzegovina","abbr":"BA","iso":"BIH","kind":"country","scope":"world","isUSA":false,"neType":"Sovereign country","continent":"Europe","state":"Bosnia and Herzegovina","direction":"S","directionLabel":"south","lat":42.55972,"lng":18.43633},"geometry":{"type":"Point","coordinates":[18.43633,42.55972]}},{"type":"Feature","properties":{"name":"Bosnia and Herzegovina","abbr":"BA","iso":"BIH","kind":"country","scope":"world","isUSA":false,"neType":"Sovereign country","continent":"Europe","state":"Bosnia and Herzegovina","direction":"W","directionLabel":"west","lat":44.76582,"lng":15.73662},"geometry":{"type":"Point","coordinates":[15.73662,44.76582]}},{"type":"Feature","properties":{"name":"Bolivia","abbr":"BO","iso":"BOL","kind":"country","scope":"world","isUSA":false,"neType":"Sovereign country","continent":"South America","state":"Bolivia","direction":"N","directionLabel":"north","lat":-9.71045,"lng":-65.43677},"geometry":{"type":"Point","coordinates":[-65.43677,-9.71045]}},{"type":"Feature","properties":{"name":"Bolivia","abbr":"BO","iso":"BOL","kind":"country","scope":"world","isUSA":false,"neType":"Sovereign country","continent":"South America","state":"Bolivia","direction":"E","directionLabel":"east","lat":-18.21465,"lng":-57.49565},"geometry":{"type":"Point","coordinates":[-57.49565,-18.21465]}},{"type":"Feature","properties":{"name":"Bolivia","abbr":"BO","iso":"BOL","kind":"country","scope":"world","isUSA":false,"neType":"Sovereign country","continent":"South America","state":"Bolivia","direction":"S","directionLabel":"south","lat":-22.8917,"lng":-67.57993},"geometry":{"type":"Point","coordinates":[-67.57993,-22.8917]}},{"type":"Feature","properties":{"name":"Bolivia","abbr":"BO","iso":"BOL","kind":"country","scope":"world","isUSA":false,"neType":"Sovereign country","continent":"South America","state":"Bolivia","direction":"W","directionLabel":"west","lat":-17.24854,"lng":-69.6457},"geometry":{"type":"Point","coordinates":[-69.6457,-17.24854]}},{"type":"Feature","properties":{"name":"Bhutan","abbr":"BT","iso":"BTN","kind":"country","scope":"world","isUSA":false,"neType":"Sovereign country","continent":"Asia","state":"Bhutan","direction":"N","directionLabel":"north","lat":28.31118,"lng":89.98105},"geometry":{"type":"Point","coordinates":[89.98105,28.31118]}},{"type":"Feature","properties":{"name":"Bhutan","abbr":"BT","iso":"BTN","kind":"country","scope":"world","isUSA":false,"neType":"Sovereign country","continent":"Asia","state":"Bhutan","direction":"E","directionLabel":"east","lat":27.29062,"lng":92.0834},"geometry":{"type":"Point","coordinates":[92.0834,27.29062]}},{"type":"Feature","properties":{"name":"Bhutan","abbr":"BT","iso":"BTN","kind":"country","scope":"world","isUSA":false,"neType":"Sovereign country","continent":"Asia","state":"Bhutan","direction":"S","directionLabel":"south","lat":26.70156,"lng":89.76387},"geometry":{"type":"Point","coordinates":[89.76387,26.70156]}},{"type":"Feature","properties":{"name":"Bhutan","abbr":"BT","iso":"BTN","kind":"country","scope":"world","isUSA":false,"neType":"Sovereign country","continent":"Asia","state":"Bhutan","direction":"W","directionLabel":"west","lat":27.17559,"lng":88.73877},"geometry":{"type":"Point","coordinates":[88.73877,27.17559]}},{"type":"Feature","properties":{"name":"Benin","abbr":"BJ","iso":"BEN","kind":"country","scope":"world","isUSA":false,"neType":"Sovereign country","continent":"Africa","state":"Benin","direction":"N","directionLabel":"north","lat":12.38384,"lng":2.80527},"geometry":{"type":"Point","coordinates":[2.80527,12.38384]}},{"type":"Feature","properties":{"name":"Benin","abbr":"BJ","iso":"BEN","kind":"country","scope":"world","isUSA":false,"neType":"Sovereign country","continent":"Africa","state":"Benin","direction":"E","directionLabel":"east","lat":10.60742,"lng":3.83447},"geometry":{"type":"Point","coordinates":[3.83447,10.60742]}},{"type":"Feature","properties":{"name":"Benin","abbr":"BJ","iso":"BEN","kind":"country","scope":"world","isUSA":false,"neType":"Sovereign country","continent":"Africa","state":"Benin","direction":"S","directionLabel":"south","lat":6.2168,"lng":1.62266},"geometry":{"type":"Point","coordinates":[1.62266,6.2168]}},{"type":"Feature","properties":{"name":"Benin","abbr":"BJ","iso":"BEN","kind":"country","scope":"world","isUSA":false,"neType":"Sovereign country","continent":"Africa","state":"Benin","direction":"W","directionLabel":"west","lat":10.38667,"lng":0.76338},"geometry":{"type":"Point","coordinates":[0.76338,10.38667]}},{"type":"Feature","properties":{"name":"Belize","abbr":"BZ","iso":"BLZ","kind":"country","scope":"world","isUSA":false,"neType":"Sovereign country","continent":"North America","state":"Belize","direction":"N","directionLabel":"north","lat":18.48232,"lng":-88.37241},"geometry":{"type":"Point","coordinates":[-88.37241,18.48232]}},{"type":"Feature","properties":{"name":"Belize","abbr":"BZ","iso":"BLZ","kind":"country","scope":"world","isUSA":false,"neType":"Sovereign country","continent":"North America","state":"Belize","direction":"E","directionLabel":"east","lat":17.52422,"lng":-87.78862},"geometry":{"type":"Point","coordinates":[-87.78862,17.52422]}},{"type":"Feature","properties":{"name":"Belize","abbr":"BZ","iso":"BLZ","kind":"country","scope":"world","isUSA":false,"neType":"Sovereign country","continent":"North America","state":"Belize","direction":"S","directionLabel":"south","lat":15.88867,"lng":-89.23281},"geometry":{"type":"Point","coordinates":[-89.23281,15.88867]}},{"type":"Feature","properties":{"name":"Belize","abbr":"BZ","iso":"BLZ","kind":"country","scope":"world","isUSA":false,"neType":"Sovereign country","continent":"North America","state":"Belize","direction":"W","directionLabel":"west","lat":15.89443,"lng":-89.2375},"geometry":{"type":"Point","coordinates":[-89.2375,15.89443]}},{"type":"Feature","properties":{"name":"Belgium","abbr":"BE","iso":"BEL","kind":"country","scope":"world","isUSA":false,"neType":"Sovereign country","continent":"Europe","state":"Belgium","direction":"N","directionLabel":"north","lat":51.49111,"lng":4.75566},"geometry":{"type":"Point","coordinates":[4.75566,51.49111]}},{"type":"Feature","properties":{"name":"Belgium","abbr":"BE","iso":"BEL","kind":"country","scope":"world","isUSA":false,"neType":"Sovereign country","continent":"Europe","state":"Belgium","direction":"E","directionLabel":"east","lat":50.31616,"lng":6.36445},"geometry":{"type":"Point","coordinates":[6.36445,50.31616]}},{"type":"Feature","properties":{"name":"Belgium","abbr":"BE","iso":"BEL","kind":"country","scope":"world","isUSA":false,"neType":"Sovereign country","continent":"Europe","state":"Belgium","direction":"S","directionLabel":"south","lat":49.51089,"lng":5.50732},"geometry":{"type":"Point","coordinates":[5.50732,49.51089]}},{"type":"Feature","properties":{"name":"Belgium","abbr":"BE","iso":"BEL","kind":"country","scope":"world","isUSA":false,"neType":"Sovereign country","continent":"Europe","state":"Belgium","direction":"W","directionLabel":"west","lat":51.09712,"lng":2.5249},"geometry":{"type":"Point","coordinates":[2.5249,51.09712]}},{"type":"Feature","properties":{"name":"Belarus","abbr":"BY","iso":"BLR","kind":"country","scope":"world","isUSA":false,"neType":"Sovereign country","continent":"Europe","state":"Belarus","direction":"N","directionLabel":"north","lat":56.1458,"lng":28.11787},"geometry":{"type":"Point","coordinates":[28.11787,56.1458]}},{"type":"Feature","properties":{"name":"Belarus","abbr":"BY","iso":"BLR","kind":"country","scope":"world","isUSA":false,"neType":"Sovereign country","continent":"Europe","state":"Belarus","direction":"E","directionLabel":"east","lat":53.37144,"lng":32.71025},"geometry":{"type":"Point","coordinates":[32.71025,53.37144]}},{"type":"Feature","properties":{"name":"Belarus","abbr":"BY","iso":"BLR","kind":"country","scope":"world","isUSA":false,"neType":"Sovereign country","continent":"Europe","state":"Belarus","direction":"S","directionLabel":"south","lat":51.26504,"lng":30.54453},"geometry":{"type":"Point","coordinates":[30.54453,51.26504]}},{"type":"Feature","properties":{"name":"Belarus","abbr":"BY","iso":"BLR","kind":"country","scope":"world","isUSA":false,"neType":"Sovereign country","continent":"Europe","state":"Belarus","direction":"W","directionLabel":"west","lat":52.28662,"lng":23.1751},"geometry":{"type":"Point","coordinates":[23.1751,52.28662]}},{"type":"Feature","properties":{"name":"Barbados","abbr":"BB","iso":"BRB","kind":"country","scope":"world","isUSA":false,"neType":"Sovereign country","continent":"North America","state":"Barbados","direction":"N","directionLabel":"north","lat":13.31768,"lng":-59.5916},"geometry":{"type":"Point","coordinates":[-59.5916,13.31768]}},{"type":"Feature","properties":{"name":"Barbados","abbr":"BB","iso":"BRB","kind":"country","scope":"world","isUSA":false,"neType":"Sovereign country","continent":"North America","state":"Barbados","direction":"E","directionLabel":"east","lat":13.15278,"lng":-59.42764},"geometry":{"type":"Point","coordinates":[-59.42764,13.15278]}},{"type":"Feature","properties":{"name":"Barbados","abbr":"BB","iso":"BRB","kind":"country","scope":"world","isUSA":false,"neType":"Sovereign country","continent":"North America","state":"Barbados","direction":"S","directionLabel":"south","lat":13.06221,"lng":-59.52188},"geometry":{"type":"Point","coordinates":[-59.52188,13.06221]}},{"type":"Feature","properties":{"name":"Barbados","abbr":"BB","iso":"BRB","kind":"country","scope":"world","isUSA":false,"neType":"Sovereign country","continent":"North America","state":"Barbados","direction":"W","directionLabel":"west","lat":13.30312,"lng":-59.64668},"geometry":{"type":"Point","coordinates":[-59.64668,13.30312]}},{"type":"Feature","properties":{"name":"Bangladesh","abbr":"BD","iso":"BGD","kind":"country","scope":"world","isUSA":false,"neType":"Sovereign country","continent":"Asia","state":"Bangladesh","direction":"N","directionLabel":"north","lat":26.57153,"lng":88.41816},"geometry":{"type":"Point","coordinates":[88.41816,26.57153]}},{"type":"Feature","properties":{"name":"Bangladesh","abbr":"BD","iso":"BGD","kind":"country","scope":"world","isUSA":false,"neType":"Sovereign country","continent":"Asia","state":"Bangladesh","direction":"E","directionLabel":"east","lat":21.3062,"lng":92.63164},"geometry":{"type":"Point","coordinates":[92.63164,21.3062]}},{"type":"Feature","properties":{"name":"Bangladesh","abbr":"BD","iso":"BGD","kind":"country","scope":"world","isUSA":false,"neType":"Sovereign country","continent":"Asia","state":"Bangladesh","direction":"S","directionLabel":"south","lat":20.79043,"lng":92.30781},"geometry":{"type":"Point","coordinates":[92.30781,20.79043]}},{"type":"Feature","properties":{"name":"Bangladesh","abbr":"BD","iso":"BGD","kind":"country","scope":"world","isUSA":false,"neType":"Sovereign country","continent":"Asia","state":"Bangladesh","direction":"W","directionLabel":"west","lat":24.62783,"lng":88.02344},"geometry":{"type":"Point","coordinates":[88.02344,24.62783]}},{"type":"Feature","properties":{"name":"Bahrain","abbr":"BH","iso":"BHR","kind":"country","scope":"world","isUSA":false,"neType":"Sovereign country","continent":"Asia","state":"Bahrain","direction":"N","directionLabel":"north","lat":26.24644,"lng":50.56406},"geometry":{"type":"Point","coordinates":[50.56406,26.24644]}},{"type":"Feature","properties":{"name":"Bahrain","abbr":"BH","iso":"BHR","kind":"country","scope":"world","isUSA":false,"neType":"Sovereign country","continent":"Asia","state":"Bahrain","direction":"E","directionLabel":"east","lat":26.00234,"lng":50.61748},"geometry":{"type":"Point","coordinates":[50.61748,26.00234]}},{"type":"Feature","properties":{"name":"Bahrain","abbr":"BH","iso":"BHR","kind":"country","scope":"world","isUSA":false,"neType":"Sovereign country","continent":"Asia","state":"Bahrain","direction":"S","directionLabel":"south","lat":25.80679,"lng":50.5749},"geometry":{"type":"Point","coordinates":[50.5749,25.80679]}},{"type":"Feature","properties":{"name":"Bahrain","abbr":"BH","iso":"BHR","kind":"country","scope":"world","isUSA":false,"neType":"Sovereign country","continent":"Asia","state":"Bahrain","direction":"W","directionLabel":"west","lat":26.19082,"lng":50.45244},"geometry":{"type":"Point","coordinates":[50.45244,26.19082]}},{"type":"Feature","properties":{"name":"The Bahamas","abbr":"BS","iso":"BHS","kind":"country","scope":"world","isUSA":false,"neType":"Sovereign country","continent":"North America","state":"The Bahamas","direction":"N","directionLabel":"north","lat":26.94009,"lng":-77.86255},"geometry":{"type":"Point","coordinates":[-77.86255,26.94009]}},{"type":"Feature","properties":{"name":"The Bahamas","abbr":"BS","iso":"BHS","kind":"country","scope":"world","isUSA":false,"neType":"Sovereign country","continent":"North America","state":"The Bahamas","direction":"E","directionLabel":"east","lat":22.32739,"lng":-72.74727},"geometry":{"type":"Point","coordinates":[-72.74727,22.32739]}},{"type":"Feature","properties":{"name":"The Bahamas","abbr":"BS","iso":"BHS","kind":"country","scope":"world","isUSA":false,"neType":"Sovereign country","continent":"North America","state":"The Bahamas","direction":"S","directionLabel":"south","lat":20.9374,"lng":-73.66103},"geometry":{"type":"Point","coordinates":[-73.66103,20.9374]}},{"type":"Feature","properties":{"name":"The Bahamas","abbr":"BS","iso":"BHS","kind":"country","scope":"world","isUSA":false,"neType":"Sovereign country","continent":"North America","state":"The Bahamas","direction":"W","directionLabel":"west","lat":26.6895,"lng":-78.98565},"geometry":{"type":"Point","coordinates":[-78.98565,26.6895]}},{"type":"Feature","properties":{"name":"Azerbaijan","abbr":"AZ","iso":"AZE","kind":"country","scope":"world","isUSA":false,"neType":"Sovereign country","continent":"Asia","state":"Azerbaijan","direction":"N","directionLabel":"north","lat":41.89097,"lng":46.42988},"geometry":{"type":"Point","coordinates":[46.42988,41.89097]}},{"type":"Feature","properties":{"name":"Azerbaijan","abbr":"AZ","iso":"AZE","kind":"country","scope":"world","isUSA":false,"neType":"Sovereign country","continent":"Asia","state":"Azerbaijan","direction":"E","directionLabel":"east","lat":40.27949,"lng":50.36592},"geometry":{"type":"Point","coordinates":[50.36592,40.27949]}},{"type":"Feature","properties":{"name":"Azerbaijan","abbr":"AZ","iso":"AZE","kind":"country","scope":"world","isUSA":false,"neType":"Sovereign country","continent":"Asia","state":"Azerbaijan","direction":"S","directionLabel":"south","lat":38.39873,"lng":48.63555},"geometry":{"type":"Point","coordinates":[48.63555,38.39873]}},{"type":"Feature","properties":{"name":"Azerbaijan","abbr":"AZ","iso":"AZE","kind":"country","scope":"world","isUSA":false,"neType":"Sovereign country","continent":"Asia","state":"Azerbaijan","direction":"W","directionLabel":"west","lat":39.70352,"lng":44.76826},"geometry":{"type":"Point","coordinates":[44.76826,39.70352]}},{"type":"Feature","properties":{"name":"Austria","abbr":"AT","iso":"AUT","kind":"country","scope":"world","isUSA":false,"neType":"Sovereign country","continent":"Europe","state":"Austria","direction":"N","directionLabel":"north","lat":49.00112,"lng":14.99346},"geometry":{"type":"Point","coordinates":[14.99346,49.00112]}},{"type":"Feature","properties":{"name":"Austria","abbr":"AT","iso":"AUT","kind":"country","scope":"world","isUSA":false,"neType":"Sovereign country","continent":"Europe","state":"Austria","direction":"E","directionLabel":"east","lat":48.00596,"lng":17.14736},"geometry":{"type":"Point","coordinates":[17.14736,48.00596]}},{"type":"Feature","properties":{"name":"Austria","abbr":"AT","iso":"AUT","kind":"country","scope":"world","isUSA":false,"neType":"Sovereign country","continent":"Europe","state":"Austria","direction":"S","directionLabel":"south","lat":46.39971,"lng":14.5498},"geometry":{"type":"Point","coordinates":[14.5498,46.39971]}},{"type":"Feature","properties":{"name":"Austria","abbr":"AT","iso":"AUT","kind":"country","scope":"world","isUSA":false,"neType":"Sovereign country","continent":"Europe","state":"Austria","direction":"W","directionLabel":"west","lat":47.52422,"lng":9.52402},"geometry":{"type":"Point","coordinates":[9.52402,47.52422]}},{"type":"Feature","properties":{"name":"Australia","abbr":"AU","iso":"AUS","kind":"country","scope":"world","isUSA":false,"neType":"Country","continent":"Oceania","state":"Australia","direction":"N","directionLabel":"north","lat":-10.05176,"lng":142.14883},"geometry":{"type":"Point","coordinates":[142.14883,-10.05176]}},{"type":"Feature","properties":{"name":"Australia","abbr":"AU","iso":"AUS","kind":"country","scope":"world","isUSA":false,"neType":"Country","continent":"Oceania","state":"Australia","direction":"E","directionLabel":"east","lat":-54.47236,"lng":158.95889},"geometry":{"type":"Point","coordinates":[158.95889,-54.47236]}},{"type":"Feature","properties":{"name":"Australia","abbr":"AU","iso":"AUS","kind":"country","scope":"world","isUSA":false,"neType":"Country","continent":"Oceania","state":"Australia","direction":"S","directionLabel":"south","lat":-54.74922,"lng":158.84521},"geometry":{"type":"Point","coordinates":[158.84521,-54.74922]}},{"type":"Feature","properties":{"name":"Australia","abbr":"AU","iso":"AUS","kind":"country","scope":"world","isUSA":false,"neType":"Country","continent":"Oceania","state":"Australia","direction":"W","directionLabel":"west","lat":-25.56982,"lng":112.9082},"geometry":{"type":"Point","coordinates":[112.9082,-25.56982]}},{"type":"Feature","properties":{"name":"Australian Indian Ocean Territories","abbr":"AU","iso":"AUS","kind":"country","scope":"world","isUSA":false,"neType":"Dependency","continent":"Asia","state":"Australian Indian Ocean Territories","direction":"N","directionLabel":"north","lat":-10.43066,"lng":105.70547},"geometry":{"type":"Point","coordinates":[105.70547,-10.43066]}},{"type":"Feature","properties":{"name":"Australian Indian Ocean Territories","abbr":"AU","iso":"AUS","kind":"country","scope":"world","isUSA":false,"neType":"Dependency","continent":"Asia","state":"Australian Indian Ocean Territories","direction":"E","directionLabel":"east","lat":-10.49297,"lng":105.72539},"geometry":{"type":"Point","coordinates":[105.72539,-10.49297]}},{"type":"Feature","properties":{"name":"Australian Indian Ocean Territories","abbr":"AU","iso":"AUS","kind":"country","scope":"world","isUSA":false,"neType":"Dependency","continent":"Asia","state":"Australian Indian Ocean Territories","direction":"S","directionLabel":"south","lat":-12.1998,"lng":96.90654},"geometry":{"type":"Point","coordinates":[96.90654,-12.1998]}},{"type":"Feature","properties":{"name":"Australian Indian Ocean Territories","abbr":"AU","iso":"AUS","kind":"country","scope":"world","isUSA":false,"neType":"Dependency","continent":"Asia","state":"Australian Indian Ocean Territories","direction":"W","directionLabel":"west","lat":-12.12617,"lng":96.82588},"geometry":{"type":"Point","coordinates":[96.82588,-12.12617]}},{"type":"Feature","properties":{"name":"Heard Island and McDonald Islands","abbr":"HM","iso":"HMD","kind":"country","scope":"world","isUSA":false,"neType":"Dependency","continent":"Seven seas (open ocean)","state":"Heard Island and McDonald Islands","direction":"N","directionLabel":"north","lat":-52.96631,"lng":73.30527},"geometry":{"type":"Point","coordinates":[73.30527,-52.96631]}},{"type":"Feature","properties":{"name":"Heard Island and McDonald Islands","abbr":"HM","iso":"HMD","kind":"country","scope":"world","isUSA":false,"neType":"Dependency","continent":"Seven seas (open ocean)","state":"Heard Island and McDonald Islands","direction":"E","directionLabel":"east","lat":-53.11279,"lng":73.83779},"geometry":{"type":"Point","coordinates":[73.83779,-53.11279]}},{"type":"Feature","properties":{"name":"Heard Island and McDonald Islands","abbr":"HM","iso":"HMD","kind":"country","scope":"world","isUSA":false,"neType":"Dependency","continent":"Seven seas (open ocean)","state":"Heard Island and McDonald Islands","direction":"S","directionLabel":"south","lat":-53.18457,"lng":73.58799},"geometry":{"type":"Point","coordinates":[73.58799,-53.18457]}},{"type":"Feature","properties":{"name":"Heard Island and McDonald Islands","abbr":"HM","iso":"HMD","kind":"country","scope":"world","isUSA":false,"neType":"Dependency","continent":"Seven seas (open ocean)","state":"Heard Island and McDonald Islands","direction":"W","directionLabel":"west","lat":-52.97578,"lng":73.25117},"geometry":{"type":"Point","coordinates":[73.25117,-52.97578]}},{"type":"Feature","properties":{"name":"Norfolk Island","abbr":"NF","iso":"NFK","kind":"country","scope":"world","isUSA":false,"neType":"Dependency","continent":"Oceania","state":"Norfolk Island","direction":"N","directionLabel":"north","lat":-29.01396,"lng":167.9206},"geometry":{"type":"Point","coordinates":[167.9206,-29.01396]}},{"type":"Feature","properties":{"name":"Norfolk Island","abbr":"NF","iso":"NFK","kind":"country","scope":"world","isUSA":false,"neType":"Dependency","continent":"Oceania","state":"Norfolk Island","direction":"E","directionLabel":"east","lat":-29.04209,"lng":167.99043},"geometry":{"type":"Point","coordinates":[167.99043,-29.04209]}},{"type":"Feature","properties":{"name":"Norfolk Island","abbr":"NF","iso":"NFK","kind":"country","scope":"world","isUSA":false,"neType":"Dependency","continent":"Oceania","state":"Norfolk Island","direction":"S","directionLabel":"south","lat":-29.09629,"lng":167.96074},"geometry":{"type":"Point","coordinates":[167.96074,-29.09629]}},{"type":"Feature","properties":{"name":"Norfolk Island","abbr":"NF","iso":"NFK","kind":"country","scope":"world","isUSA":false,"neType":"Dependency","continent":"Oceania","state":"Norfolk Island","direction":"W","directionLabel":"west","lat":-29.02812,"lng":167.90615},"geometry":{"type":"Point","coordinates":[167.90615,-29.02812]}},{"type":"Feature","properties":{"name":"Ashmore and Cartier Islands","abbr":"AU","iso":"AUS","kind":"country","scope":"world","isUSA":false,"neType":"Dependency","continent":"Oceania","state":"Ashmore and Cartier Islands","direction":"N","directionLabel":"north","lat":-12.42393,"lng":123.57246},"geometry":{"type":"Point","coordinates":[123.57246,-12.42393]}},{"type":"Feature","properties":{"name":"Ashmore and Cartier Islands","abbr":"AU","iso":"AUS","kind":"country","scope":"world","isUSA":false,"neType":"Dependency","continent":"Oceania","state":"Ashmore and Cartier Islands","direction":"E","directionLabel":"east","lat":-12.43594,"lng":123.59521},"geometry":{"type":"Point","coordinates":[123.59521,-12.43594]}},{"type":"Feature","properties":{"name":"Ashmore and Cartier Islands","abbr":"AU","iso":"AUS","kind":"country","scope":"world","isUSA":false,"neType":"Dependency","continent":"Oceania","state":"Ashmore and Cartier Islands","direction":"S","directionLabel":"south","lat":-12.43594,"lng":123.59521},"geometry":{"type":"Point","coordinates":[123.59521,-12.43594]}},{"type":"Feature","properties":{"name":"Ashmore and Cartier Islands","abbr":"AU","iso":"AUS","kind":"country","scope":"world","isUSA":false,"neType":"Dependency","continent":"Oceania","state":"Ashmore and Cartier Islands","direction":"W","directionLabel":"west","lat":-12.42393,"lng":123.57246},"geometry":{"type":"Point","coordinates":[123.57246,-12.42393]}},{"type":"Feature","properties":{"name":"Armenia","abbr":"AM","iso":"ARM","kind":"country","scope":"world","isUSA":false,"neType":"Sovereign country","continent":"Asia","state":"Armenia","direction":"N","directionLabel":"north","lat":41.29097,"lng":45.00137},"geometry":{"type":"Point","coordinates":[45.00137,41.29097]}},{"type":"Feature","properties":{"name":"Armenia","abbr":"AM","iso":"ARM","kind":"country","scope":"world","isUSA":false,"neType":"Sovereign country","continent":"Asia","state":"Armenia","direction":"E","directionLabel":"east","lat":39.22368,"lng":46.58477},"geometry":{"type":"Point","coordinates":[46.58477,39.22368]}},{"type":"Feature","properties":{"name":"Armenia","abbr":"AM","iso":"ARM","kind":"country","scope":"world","isUSA":false,"neType":"Sovereign country","continent":"Asia","state":"Armenia","direction":"S","directionLabel":"south","lat":38.86904,"lng":46.17012},"geometry":{"type":"Point","coordinates":[46.17012,38.86904]}},{"type":"Feature","properties":{"name":"Armenia","abbr":"AM","iso":"ARM","kind":"country","scope":"world","isUSA":false,"neType":"Sovereign country","continent":"Asia","state":"Armenia","direction":"W","directionLabel":"west","lat":41.10713,"lng":43.43945},"geometry":{"type":"Point","coordinates":[43.43945,41.10713]}},{"type":"Feature","properties":{"name":"Argentina","abbr":"AR","iso":"ARG","kind":"country","scope":"world","isUSA":false,"neType":"Sovereign country","continent":"South America","state":"Argentina","direction":"N","directionLabel":"north","lat":-21.80254,"lng":-66.22017},"geometry":{"type":"Point","coordinates":[-66.22017,-21.80254]}},{"type":"Feature","properties":{"name":"Argentina","abbr":"AR","iso":"ARG","kind":"country","scope":"world","isUSA":false,"neType":"Sovereign country","continent":"South America","state":"Argentina","direction":"E","directionLabel":"east","lat":-26.28818,"lng":-53.66855},"geometry":{"type":"Point","coordinates":[-53.66855,-26.28818]}},{"type":"Feature","properties":{"name":"Argentina","abbr":"AR","iso":"ARG","kind":"country","scope":"world","isUSA":false,"neType":"Sovereign country","continent":"South America","state":"Argentina","direction":"S","directionLabel":"south","lat":-55.03213,"lng":-66.51113},"geometry":{"type":"Point","coordinates":[-66.51113,-55.03213]}},{"type":"Feature","properties":{"name":"Argentina","abbr":"AR","iso":"ARG","kind":"country","scope":"world","isUSA":false,"neType":"Sovereign country","continent":"South America","state":"Argentina","direction":"W","directionLabel":"west","lat":-49.58291,"lng":-73.57627},"geometry":{"type":"Point","coordinates":[-73.57627,-49.58291]}},{"type":"Feature","properties":{"name":"Antigua and Barbuda","abbr":"AG","iso":"ATG","kind":"country","scope":"world","isUSA":false,"neType":"Sovereign country","continent":"North America","state":"Antigua and Barbuda","direction":"N","directionLabel":"north","lat":17.71406,"lng":-61.85244},"geometry":{"type":"Point","coordinates":[-61.85244,17.71406]}},{"type":"Feature","properties":{"name":"Antigua and Barbuda","abbr":"AG","iso":"ATG","kind":"country","scope":"world","isUSA":false,"neType":"Sovereign country","continent":"North America","state":"Antigua and Barbuda","direction":"E","directionLabel":"east","lat":17.09844,"lng":-61.68603},"geometry":{"type":"Point","coordinates":[-61.68603,17.09844]}},{"type":"Feature","properties":{"name":"Antigua and Barbuda","abbr":"AG","iso":"ATG","kind":"country","scope":"world","isUSA":false,"neType":"Sovereign country","continent":"North America","state":"Antigua and Barbuda","direction":"S","directionLabel":"south","lat":16.99717,"lng":-61.74815},"geometry":{"type":"Point","coordinates":[-61.74815,16.99717]}},{"type":"Feature","properties":{"name":"Antigua and Barbuda","abbr":"AG","iso":"ATG","kind":"country","scope":"world","isUSA":false,"neType":"Sovereign country","continent":"North America","state":"Antigua and Barbuda","direction":"W","directionLabel":"west","lat":17.09814,"lng":-61.88711},"geometry":{"type":"Point","coordinates":[-61.88711,17.09814]}},{"type":"Feature","properties":{"name":"Angola","abbr":"AO","iso":"AGO","kind":"country","scope":"world","isUSA":false,"neType":"Sovereign country","continent":"Africa","state":"Angola","direction":"N","directionLabel":"north","lat":-4.42891,"lng":12.84815},"geometry":{"type":"Point","coordinates":[12.84815,-4.42891]}},{"type":"Feature","properties":{"name":"Angola","abbr":"AO","iso":"AGO","kind":"country","scope":"world","isUSA":false,"neType":"Sovereign country","continent":"Africa","state":"Angola","direction":"E","directionLabel":"east","lat":-11.40537,"lng":24.04668},"geometry":{"type":"Point","coordinates":[24.04668,-11.40537]}},{"type":"Feature","properties":{"name":"Angola","abbr":"AO","iso":"AGO","kind":"country","scope":"world","isUSA":false,"neType":"Sovereign country","continent":"Africa","state":"Angola","direction":"S","directionLabel":"south","lat":-18.01973,"lng":20.74551},"geometry":{"type":"Point","coordinates":[20.74551,-18.01973]}},{"type":"Feature","properties":{"name":"Angola","abbr":"AO","iso":"AGO","kind":"country","scope":"world","isUSA":false,"neType":"Sovereign country","continent":"Africa","state":"Angola","direction":"W","directionLabel":"west","lat":-17.24922,"lng":11.74307},"geometry":{"type":"Point","coordinates":[11.74307,-17.24922]}},{"type":"Feature","properties":{"name":"Andorra","abbr":"AD","iso":"AND","kind":"country","scope":"world","isUSA":false,"neType":"Sovereign country","continent":"Europe","state":"Andorra","direction":"N","directionLabel":"north","lat":42.64272,"lng":1.50137},"geometry":{"type":"Point","coordinates":[1.50137,42.64272]}},{"type":"Feature","properties":{"name":"Andorra","abbr":"AD","iso":"AND","kind":"country","scope":"world","isUSA":false,"neType":"Sovereign country","continent":"Europe","state":"Andorra","direction":"E","directionLabel":"east","lat":42.55674,"lng":1.74023},"geometry":{"type":"Point","coordinates":[1.74023,42.55674]}},{"type":"Feature","properties":{"name":"Andorra","abbr":"AD","iso":"AND","kind":"country","scope":"world","isUSA":false,"neType":"Sovereign country","continent":"Europe","state":"Andorra","direction":"S","directionLabel":"south","lat":42.43447,"lng":1.48623},"geometry":{"type":"Point","coordinates":[1.48623,42.43447]}},{"type":"Feature","properties":{"name":"Andorra","abbr":"AD","iso":"AND","kind":"country","scope":"world","isUSA":false,"neType":"Sovereign country","continent":"Europe","state":"Andorra","direction":"W","directionLabel":"west","lat":42.54839,"lng":1.41484},"geometry":{"type":"Point","coordinates":[1.41484,42.54839]}},{"type":"Feature","properties":{"name":"Algeria","abbr":"DZ","iso":"DZA","kind":"country","scope":"world","isUSA":false,"neType":"Sovereign country","continent":"Africa","state":"Algeria","direction":"N","directionLabel":"north","lat":37.09238,"lng":7.2043},"geometry":{"type":"Point","coordinates":[7.2043,37.09238]}},{"type":"Feature","properties":{"name":"Algeria","abbr":"DZ","iso":"DZA","kind":"country","scope":"world","isUSA":false,"neType":"Sovereign country","continent":"Africa","state":"Algeria","direction":"E","directionLabel":"east","lat":23.51787,"lng":11.96787},"geometry":{"type":"Point","coordinates":[11.96787,23.51787]}},{"type":"Feature","properties":{"name":"Algeria","abbr":"DZ","iso":"DZA","kind":"country","scope":"world","isUSA":false,"neType":"Sovereign country","continent":"Africa","state":"Algeria","direction":"S","directionLabel":"south","lat":18.98662,"lng":3.35644},"geometry":{"type":"Point","coordinates":[3.35644,18.98662]}},{"type":"Feature","properties":{"name":"Algeria","abbr":"DZ","iso":"DZA","kind":"country","scope":"world","isUSA":false,"neType":"Sovereign country","continent":"Africa","state":"Algeria","direction":"W","directionLabel":"west","lat":27.28594,"lng":-8.68335},"geometry":{"type":"Point","coordinates":[-8.68335,27.28594]}},{"type":"Feature","properties":{"name":"Albania","abbr":"AL","iso":"ALB","kind":"country","scope":"world","isUSA":false,"neType":"Sovereign country","continent":"Europe","state":"Albania","direction":"N","directionLabel":"north","lat":42.64795,"lng":19.70342},"geometry":{"type":"Point","coordinates":[19.70342,42.64795]}},{"type":"Feature","properties":{"name":"Albania","abbr":"AL","iso":"ALB","kind":"country","scope":"world","isUSA":false,"neType":"Sovereign country","continent":"Europe","state":"Albania","direction":"E","directionLabel":"east","lat":40.65864,"lng":21.03105},"geometry":{"type":"Point","coordinates":[21.03105,40.65864]}},{"type":"Feature","properties":{"name":"Albania","abbr":"AL","iso":"ALB","kind":"country","scope":"world","isUSA":false,"neType":"Sovereign country","continent":"Europe","state":"Albania","direction":"S","directionLabel":"south","lat":39.65352,"lng":20.20684},"geometry":{"type":"Point","coordinates":[20.20684,39.65352]}},{"type":"Feature","properties":{"name":"Albania","abbr":"AL","iso":"ALB","kind":"country","scope":"world","isUSA":false,"neType":"Sovereign country","continent":"Europe","state":"Albania","direction":"W","directionLabel":"west","lat":42.17256,"lng":19.28066},"geometry":{"type":"Point","coordinates":[19.28066,42.17256]}},{"type":"Feature","properties":{"name":"Afghanistan","abbr":"AF","iso":"AFG","kind":"country","scope":"world","isUSA":false,"neType":"Sovereign country","continent":"Asia","state":"Afghanistan","direction":"N","directionLabel":"north","lat":38.4564,"lng":70.87891},"geometry":{"type":"Point","coordinates":[70.87891,38.4564]}},{"type":"Feature","properties":{"name":"Afghanistan","abbr":"AF","iso":"AFG","kind":"country","scope":"world","isUSA":false,"neType":"Sovereign country","continent":"Asia","state":"Afghanistan","direction":"E","directionLabel":"east","lat":37.23164,"lng":74.89131},"geometry":{"type":"Point","coordinates":[74.89131,37.23164]}},{"type":"Feature","properties":{"name":"Afghanistan","abbr":"AF","iso":"AFG","kind":"country","scope":"world","isUSA":false,"neType":"Sovereign country","continent":"Asia","state":"Afghanistan","direction":"S","directionLabel":"south","lat":29.39194,"lng":64.09873},"geometry":{"type":"Point","coordinates":[64.09873,29.39194]}},{"type":"Feature","properties":{"name":"Afghanistan","abbr":"AF","iso":"AFG","kind":"country","scope":"world","isUSA":false,"neType":"Sovereign country","continent":"Asia","state":"Afghanistan","direction":"W","directionLabel":"west","lat":34.09477,"lng":60.48574},"geometry":{"type":"Point","coordinates":[60.48574,34.09477]}},{"type":"Feature","properties":{"name":"Siachen Glacier","abbr":"KAS","iso":"KAS","kind":"country","scope":"world","isUSA":false,"neType":"Indeterminate","continent":"Asia","state":"Siachen Glacier","direction":"N","directionLabel":"north","lat":35.66172,"lng":76.7669},"geometry":{"type":"Point","coordinates":[76.7669,35.66172]}},{"type":"Feature","properties":{"name":"Siachen Glacier","abbr":"KAS","iso":"KAS","kind":"country","scope":"world","isUSA":false,"neType":"Indeterminate","continent":"Asia","state":"Siachen Glacier","direction":"E","directionLabel":"east","lat":35.4959,"lng":77.79941},"geometry":{"type":"Point","coordinates":[77.79941,35.4959]}},{"type":"Feature","properties":{"name":"Siachen Glacier","abbr":"KAS","iso":"KAS","kind":"country","scope":"world","isUSA":false,"neType":"Indeterminate","continent":"Asia","state":"Siachen Glacier","direction":"S","directionLabel":"south","lat":35.10991,"lng":77.04863},"geometry":{"type":"Point","coordinates":[77.04863,35.10991]}},{"type":"Feature","properties":{"name":"Siachen Glacier","abbr":"KAS","iso":"KAS","kind":"country","scope":"world","isUSA":false,"neType":"Indeterminate","continent":"Asia","state":"Siachen Glacier","direction":"W","directionLabel":"west","lat":35.66172,"lng":76.7669},"geometry":{"type":"Point","coordinates":[76.7669,35.66172]}},{"type":"Feature","properties":{"name":"Antarctica","abbr":"AQ","iso":"ATA","kind":"country","scope":"world","isUSA":false,"neType":"Indeterminate","continent":"Antarctica","state":"Antarctica","direction":"N","directionLabel":"north","lat":-60.5209,"lng":-45.71777},"geometry":{"type":"Point","coordinates":[-45.71777,-60.5209]}},{"type":"Feature","properties":{"name":"Antarctica","abbr":"AQ","iso":"ATA","kind":"country","scope":"world","isUSA":false,"neType":"Indeterminate","continent":"Antarctica","state":"Antarctica","direction":"E","directionLabel":"east","lat":-66.49854,"lng":98.46172},"geometry":{"type":"Point","coordinates":[98.46172,-66.49854]}},{"type":"Feature","properties":{"name":"Antarctica","abbr":"AQ","iso":"ATA","kind":"country","scope":"world","isUSA":false,"neType":"Indeterminate","continent":"Antarctica","state":"Antarctica","direction":"S","directionLabel":"south","lat":-89.99893,"lng":180},"geometry":{"type":"Point","coordinates":[180,-89.99893]}},{"type":"Feature","properties":{"name":"Antarctica","abbr":"AQ","iso":"ATA","kind":"country","scope":"world","isUSA":false,"neType":"Indeterminate","continent":"Antarctica","state":"Antarctica","direction":"W","directionLabel":"west","lat":-66.38262,"lng":98.59648},"geometry":{"type":"Point","coordinates":[98.59648,-66.38262]}},{"type":"Feature","properties":{"name":"Sint Maarten","abbr":"SX","iso":"SXM","kind":"country","scope":"world","isUSA":false,"neType":"Country","continent":"North America","state":"Sint Maarten","direction":"N","directionLabel":"north","lat":18.06894,"lng":-63.12305},"geometry":{"type":"Point","coordinates":[-63.12305,18.06894]}},{"type":"Feature","properties":{"name":"Sint Maarten","abbr":"SX","iso":"SXM","kind":"country","scope":"world","isUSA":false,"neType":"Country","continent":"North America","state":"Sint Maarten","direction":"E","directionLabel":"east","lat":18.06894,"lng":-63.01118},"geometry":{"type":"Point","coordinates":[-63.01118,18.06894]}},{"type":"Feature","properties":{"name":"Sint Maarten","abbr":"SX","iso":"SXM","kind":"country","scope":"world","isUSA":false,"neType":"Country","continent":"North America","state":"Sint Maarten","direction":"S","directionLabel":"south","lat":18.01919,"lng":-63.02305},"geometry":{"type":"Point","coordinates":[-63.02305,18.01919]}},{"type":"Feature","properties":{"name":"Sint Maarten","abbr":"SX","iso":"SXM","kind":"country","scope":"world","isUSA":false,"neType":"Country","continent":"North America","state":"Sint Maarten","direction":"W","directionLabel":"west","lat":18.06431,"lng":-63.12471},"geometry":{"type":"Point","coordinates":[-63.12471,18.06431]}},{"type":"Feature","properties":{"name":"Tuvalu","abbr":"TV","iso":"TUV","kind":"country","scope":"world","isUSA":false,"neType":"Sovereign country","continent":"Oceania","state":"Tuvalu","direction":"N","directionLabel":"north","lat":-8.46631,"lng":179.20303},"geometry":{"type":"Point","coordinates":[179.20303,-8.46631]}},{"type":"Feature","properties":{"name":"Tuvalu","abbr":"TV","iso":"TUV","kind":"country","scope":"world","isUSA":false,"neType":"Sovereign country","continent":"Oceania","state":"Tuvalu","direction":"E","directionLabel":"east","lat":-8.51484,"lng":179.2166},"geometry":{"type":"Point","coordinates":[179.2166,-8.51484]}},{"type":"Feature","properties":{"name":"Tuvalu","abbr":"TV","iso":"TUV","kind":"country","scope":"world","isUSA":false,"neType":"Sovereign country","continent":"Oceania","state":"Tuvalu","direction":"S","directionLabel":"south","lat":-8.53496,"lng":179.20059},"geometry":{"type":"Point","coordinates":[179.20059,-8.53496]}},{"type":"Feature","properties":{"name":"Tuvalu","abbr":"TV","iso":"TUV","kind":"country","scope":"world","isUSA":false,"neType":"Sovereign country","continent":"Oceania","state":"Tuvalu","direction":"W","directionLabel":"west","lat":-8.53477,"lng":179.1957},"geometry":{"type":"Point","coordinates":[179.1957,-8.53477]}}]}
