{"type":"FeatureCollection","features":[{"type":"Feature","properties":{"name":"Zimbabwe","state":"Zimbabwe","abbr":"ZW","iso":"ZWE","kind":"country","scope":"world","isUSA":false,"continent":"Africa"},"geometry":{"type":"Polygon","coordinates":[[[31.287891,-22.402051],[29.364844,-22.193945],[29.042383,-22.018359],[29.025586,-21.796875],[28.014063,-21.554199],[27.669434,-21.064258],[27.699609,-20.530664],[27.280762,-20.478711],[27.178223,-20.100977],[26.168066,-19.538281],[25.258789,-17.793555],[25.995898,-17.969824],[27.020801,-17.958398],[27.932227,-16.896191],[28.760547,-16.532129],[28.913086,-15.987793],[29.72959,-15.644629],[30.396094,-15.643066],[30.437793,-15.995313],[31.23623,-16.023633],[31.939844,-16.428809],[32.948047,-16.712305],[32.993066,-18.35957],[32.699707,-18.940918],[32.849805,-19.104395],[32.777637,-19.38877],[32.992773,-19.984863],[32.492383,-20.659766],[32.429785,-21.29707],[31.429492,-22.298828],[31.287891,-22.402051]]]}},{"type":"Feature","properties":{"name":"Zambia","state":"Zambia","abbr":"ZM","iso":"ZMB","kind":"country","scope":"world","isUSA":false,"continent":"Africa"},"geometry":{"type":"Polygon","coordinates":[[[30.396094,-15.643066],[29.487305,-15.696777],[28.913086,-15.987793],[28.760547,-16.532129],[27.932227,-16.896191],[27.020801,-17.958398],[26.779883,-18.041504],[25.863281,-17.951953],[24.73291,-17.517773],[23.380664,-17.640625],[22.150684,-16.597168],[22.040234,-16.262793],[21.978906,-13.000977],[23.962988,-12.988477],[23.966504,-10.871777],[24.365723,-11.129883],[24.37793,-11.41709],[25.28877,-11.212402],[25.349414,-11.623047],[26.025977,-11.890137],[26.824023,-11.965234],[27.15918,-11.579199],[27.573828,-12.227051],[28.412891,-12.518066],[29.014258,-13.368848],[29.554199,-13.248926],[29.775195,-13.438086],[29.795117,-12.155469],[29.508203,-12.228223],[29.485547,-12.418457],[29.064355,-12.348828],[28.383398,-11.566699],[28.645508,-10.550195],[28.604199,-9.678809],[28.400684,-9.224805],[28.869531,-8.78584],[28.898145,-8.485449],[30.751172,-8.193652],[31.033398,-8.597656],[31.449219,-8.653906],[31.673633,-8.908789],[33.195703,-9.626172],[33.661523,-10.553125],[33.261328,-10.893359],[33.379785,-11.15791],[33.232715,-11.417676],[33.252344,-12.112598],[33.512305,-12.347754],[33.021582,-12.630469],[32.967578,-13.225],[32.67041,-13.59043],[32.99209,-14.022168],[33.201758,-14.013379],[30.231836,-14.990332],[30.379883,-15.505859],[30.396094,-15.643066]]]}},{"type":"Feature","properties":{"name":"Yemen","state":"Yemen","abbr":"YE","iso":"YEM","kind":"country","scope":"world","isUSA":false,"continent":"Asia"},"geometry":{"type":"MultiPolygon","coordinates":[[[[53.085645,16.648389],[52.327734,16.293555],[52.21748,15.655518],[51.603711,15.336816],[49.349902,14.637793],[48.668359,14.050146],[47.989941,14.048096],[46.788867,13.465576],[45.657324,13.338721],[45.038672,12.815869],[44.005859,12.607666],[43.487598,12.698828],[43.231934,13.26709],[43.282422,13.692529],[43.089063,14.010986],[42.936426,14.938574],[42.657813,15.232812],[42.799023,15.32627],[42.799316,16.371777],[43.165039,16.689404],[43.190918,17.359375],[43.346094,17.486035],[43.916992,17.324707],[45.148047,17.427441],[46.727637,17.265576],[47.143555,16.94668],[47.441797,17.111865],[48.172168,18.156934],[49.192383,18.621338],[51.977637,18.996143],[53.025,16.780225],[53.085645,16.648389]]],[[[42.590234,15.303418],[42.602344,15.43252],[42.610449,15.332275],[42.590234,15.303418]]],[[[42.755859,13.704297],[42.689746,13.673633],[42.734961,13.752979],[42.78125,13.769287],[42.794141,13.766113],[42.755859,13.704297]]],[[[42.787402,13.971484],[42.774219,13.950244],[42.756055,13.954883],[42.694043,14.00791],[42.762109,14.06748],[42.79834,14.012256],[42.787402,13.971484]]],[[[53.763184,12.636816],[54.511133,12.552783],[53.718848,12.318994],[53.31582,12.533154],[53.638477,12.707373],[53.763184,12.636816]]]]}},{"type":"Feature","properties":{"name":"Vietnam","state":"Vietnam","abbr":"VN","iso":"VNM","kind":"country","scope":"world","isUSA":false,"continent":"Asia"},"geometry":{"type":"MultiPolygon","coordinates":[[[[104.063965,10.39082],[104.018457,10.029199],[103.849512,10.371094],[104.027734,10.428369],[104.063965,10.39082]]],[[[107.972656,21.507959],[107.409961,21.284814],[107.164746,20.94873],[106.683398,21.000293],[106.753418,20.735059],[106.517969,20.288867],[105.984082,19.939062],[105.621777,18.966309],[105.888281,18.50249],[106.499023,17.946436],[106.478906,17.71958],[106.370508,17.746875],[107.833789,16.322461],[108.029395,16.331104],[108.821289,15.37793],[109.30332,13.856445],[109.444922,12.599609],[109.335547,12.751904],[109.218945,12.645801],[109.25918,11.954541],[108.986719,11.336377],[107.261523,10.398389],[107.006641,10.660547],[106.947461,10.400342],[106.605859,10.464941],[106.757422,10.295801],[106.464063,10.298291],[106.785254,10.116455],[106.595605,9.859863],[106.136426,10.22168],[106.572461,9.641113],[106.378027,9.556104],[105.830957,10.000732],[106.168359,9.396729],[105.500977,9.093213],[105.114355,8.629199],[104.77041,8.597656],[104.896289,8.746631],[104.845215,9.606152],[105.094922,9.945264],[104.426367,10.41123],[104.850586,10.534473],[105.045703,10.911377],[105.755078,10.98999],[106.163965,10.794922],[106.160937,11.037109],[105.856055,11.294287],[105.851465,11.63501],[106.006055,11.758008],[106.399219,11.687012],[106.413867,11.948437],[107.506445,12.364551],[107.605469,13.437793],[107.331445,14.126611],[107.653125,15.255225],[107.165918,15.80249],[107.396387,16.043018],[106.851074,16.515625],[106.656445,16.492627],[106.502246,16.954102],[105.114551,18.405273],[105.146484,18.650977],[103.891602,19.30498],[104.032031,19.675146],[104.587891,19.61875],[104.92793,20.018115],[104.367773,20.441406],[104.583203,20.64668],[104.101367,20.945508],[103.635059,20.69707],[103.104492,20.89165],[102.851172,21.265918],[102.949609,21.681348],[102.815918,21.807373],[102.662012,21.676025],[102.127441,22.379199],[102.470898,22.750928],[102.981934,22.448242],[103.32666,22.769775],[103.492969,22.587988],[103.620215,22.782031],[103.941504,22.540088],[104.143066,22.800146],[104.371777,22.704053],[104.687305,22.822217],[104.864746,23.136377],[105.275391,23.345215],[105.842969,22.922803],[106.780273,22.778906],[106.550391,22.501367],[106.663574,21.978906],[107.351172,21.608887],[107.908398,21.5604],[107.972656,21.507959]]],[[[106.61748,8.682812],[106.589258,8.680518],[106.567969,8.700928],[106.658594,8.766357],[106.649512,8.722998],[106.652539,8.701123],[106.61748,8.682812]]],[[[107.167676,10.397168],[107.083789,10.336572],[107.194922,10.445703],[107.167676,10.397168]]],[[[106.865625,20.815723],[106.854102,20.796387],[106.803125,20.84375],[106.769434,20.864209],[106.795313,20.92793],[106.855078,20.858252],[106.865625,20.815723]]],[[[107.602734,21.216797],[107.403516,21.093652],[107.562695,21.22041],[107.602734,21.216797]]],[[[107.521289,20.926611],[107.399219,20.903467],[107.551074,20.981201],[107.521289,20.926611]]],[[[107.031348,20.747021],[106.910645,20.824219],[107.042285,20.761035],[107.031348,20.747021]]]]}},{"type":"Feature","properties":{"name":"Venezuela","state":"Venezuela","abbr":"VE","iso":"VEN","kind":"country","scope":"world","isUSA":false,"continent":"South America"},"geometry":{"type":"MultiPolygon","coordinates":[[[[-60.821191,9.138379],[-60.941406,9.105566],[-60.790381,9.177197],[-60.821191,9.138379]]],[[[-63.849365,11.131006],[-63.917627,10.887549],[-64.402344,10.981592],[-64.02832,11.001855],[-63.893115,11.167236],[-63.849365,11.131006]]],[[[-65.2125,10.906445],[-65.414648,10.937891],[-65.226562,10.930225],[-65.2125,10.906445]]],[[[-60.9979,8.867334],[-60.91582,9.070312],[-60.916406,8.899268],[-60.9979,8.867334]]],[[[-60.017529,8.549316],[-59.849072,8.248682],[-60.718652,7.535937],[-60.633301,7.211084],[-60.345068,7.15],[-60.3521,7.002881],[-61.145605,6.694531],[-61.128711,6.214307],[-61.39082,5.93877],[-60.671973,5.164355],[-60.627588,4.892529],[-61.554248,4.287793],[-62.712109,4.01792],[-62.856982,3.593457],[-63.338672,3.943896],[-64.021484,3.929102],[-64.19248,4.126855],[-64.788672,4.276025],[-64.221094,3.587402],[-64.046582,2.502393],[-63.389258,2.411914],[-63.393945,2.22251],[-64.008496,1.931592],[-64.205029,1.529492],[-65.026562,1.158447],[-65.556055,0.687988],[-65.644678,0.970361],[-66.30166,0.751953],[-66.876025,1.223047],[-67.21084,2.390137],[-67.618701,2.793604],[-67.859082,2.793604],[-67.311133,3.415869],[-67.661621,3.864258],[-67.855273,4.506885],[-67.824902,5.270459],[-67.481982,6.180273],[-67.85918,6.289893],[-69.427148,6.123975],[-70.129199,6.953613],[-70.737158,7.090039],[-72.006641,7.032617],[-72.471973,7.524268],[-72.390332,8.287061],[-72.796387,9.108984],[-73.058398,9.25957],[-73.366211,9.194141],[-73.006543,9.78916],[-72.690088,10.83584],[-71.958105,11.666406],[-71.319727,11.861914],[-71.956934,11.569922],[-71.594336,10.657373],[-72.112842,9.815576],[-71.686719,9.07251],[-71.241406,9.160449],[-71.052686,9.705811],[-71.494238,10.533203],[-71.469531,10.96416],[-70.097119,11.519775],[-69.804785,11.474219],[-69.817334,11.67207],[-70.192578,11.624609],[-70.286523,11.886035],[-70.003955,12.177881],[-69.631592,11.479932],[-68.827979,11.431738],[-68.398633,11.160986],[-68.139941,10.492725],[-66.247217,10.632227],[-65.851758,10.257764],[-65.129102,10.070068],[-63.731885,10.503418],[-64.298193,10.635156],[-61.879492,10.741016],[-62.913574,10.531494],[-62.68584,10.289795],[-62.740576,10.056152],[-62.550342,10.200439],[-62.32041,9.783057],[-62.0771,9.975049],[-61.735937,9.631201],[-61.765918,9.813818],[-61.588867,9.894531],[-60.79248,9.360742],[-61.247266,8.600342],[-61.618701,8.597461],[-61.304004,8.4104],[-60.16748,8.616992],[-60.017529,8.549316]]]]}},{"type":"Feature","properties":{"name":"Vatican City","state":"Vatican City","abbr":"VA","iso":"VAT","kind":"country","scope":"world","isUSA":false,"continent":"Europe"},"geometry":{"type":"Polygon","coordinates":[[[12.43916,41.898389],[12.430566,41.897559],[12.427539,41.900732],[12.430566,41.905469],[12.438379,41.906201],[12.43916,41.898389]]]}},{"type":"Feature","properties":{"name":"Vanuatu","state":"Vanuatu","abbr":"VU","iso":"VUT","kind":"country","scope":"world","isUSA":false,"continent":"Oceania"},"geometry":{"type":"MultiPolygon","coordinates":[[[[166.745801,-14.826855],[166.810156,-15.157422],[167.075586,-14.935645],[167.200781,-15.443066],[167.093945,-15.580859],[166.758301,-15.631152],[166.631055,-15.406055],[166.526074,-14.759766],[166.567383,-14.641797],[166.662598,-14.735059],[166.745801,-14.826855]]],[[[167.4125,-16.095898],[167.836621,-16.449707],[167.449316,-16.55498],[167.349219,-16.154492],[167.151465,-16.080469],[167.199512,-15.885059],[167.335742,-15.916699],[167.4125,-16.095898]]],[[[168.446777,-16.778809],[168.181445,-16.804004],[168.135352,-16.636914],[168.366016,-16.758789],[168.446777,-16.778809]]],[[[168.29668,-16.336523],[167.929004,-16.228711],[168.163867,-16.081641],[168.297949,-16.29873],[168.29668,-16.336523]]],[[[168.445801,-17.542188],[168.524609,-17.798047],[168.158203,-17.710547],[168.341016,-17.552051],[168.445801,-17.542188]]],[[[167.911328,-15.435938],[167.674219,-15.451563],[168.002539,-15.283203],[167.911328,-15.435938]]],[[[168.212891,-15.97041],[168.159961,-15.461816],[168.256348,-15.955176],[168.212891,-15.97041]]],[[[168.18916,-15.328711],[168.114941,-14.988574],[168.186914,-15.196875],[168.18916,-15.328711]]],[[[167.218945,-15.724121],[167.094727,-15.685254],[167.234375,-15.64502],[167.218945,-15.724121]]],[[[167.584863,-14.260938],[167.410742,-14.197461],[167.598926,-14.183789],[167.584863,-14.260938]]],[[[167.488867,-13.907227],[167.481055,-13.709473],[167.498633,-13.88457],[167.488867,-13.907227]]],[[[169.896289,-20.186621],[169.7375,-20.202148],[169.852344,-20.147949],[169.896289,-20.186621]]],[[[169.491309,-19.540137],[169.347266,-19.623535],[169.247461,-19.344727],[169.359961,-19.457813],[169.491309,-19.540137]]],[[[169.334375,-18.940234],[168.986914,-18.871289],[169.01582,-18.64375],[169.296191,-18.866797],[169.334375,-18.940234]]]]}},{"type":"Feature","properties":{"name":"Uzbekistan","state":"Uzbekistan","abbr":"UZ","iso":"UZB","kind":"country","scope":"world","isUSA":false,"continent":"Asia"},"geometry":{"type":"MultiPolygon","coordinates":[[[[70.946777,42.248682],[71.228516,42.162891],[70.200879,41.514453],[71.393066,41.123389],[71.664941,41.541211],[72.187305,41.025928],[73.136914,40.810645],[71.69248,40.152344],[71.304688,40.286914],[70.602734,40.21416],[70.377148,40.439258],[70.750977,40.7396],[70.401953,41.035107],[69.712891,40.656982],[69.413867,40.797168],[69.20625,40.566553],[69.274902,40.198096],[68.630664,40.16709],[68.97207,40.089941],[68.506934,39.562793],[67.719043,39.621387],[67.426172,39.465576],[67.357617,39.216699],[68.13252,38.927637],[68.087207,38.473535],[68.350293,38.211035],[67.814355,37.487012],[67.758984,37.172217],[66.522266,37.348486],[66.574512,38.010791],[65.612891,38.238574],[63.763672,39.160547],[62.483203,39.975635],[61.902832,41.093701],[61.496973,41.276074],[60.45498,41.221631],[60.089648,41.399414],[60.075586,41.759668],[60.200781,41.803125],[59.941797,41.973535],[59.985156,42.211719],[59.354297,42.323291],[58.589063,42.778467],[58.151563,42.628076],[58.474414,42.299365],[58.028906,42.487646],[57.814258,42.189844],[57.290625,42.123779],[56.964063,41.856543],[57.118848,41.350293],[57.017969,41.263477],[55.977441,41.322217],[55.975684,44.994922],[58.555273,45.555371],[61.00791,44.393799],[61.990234,43.492139],[63.207031,43.627979],[64.443164,43.551172],[64.905469,43.714697],[65.496191,43.310547],[65.803027,42.876953],[66.100293,42.99082],[66.00957,42.004883],[66.498633,41.994873],[66.709668,41.17915],[67.935742,41.196582],[68.113086,41.028613],[68.047656,40.809277],[68.415039,40.619434],[68.572656,40.622656],[68.584082,40.87627],[69.153613,41.425244],[70.860352,42.207227],[70.946777,42.248682]],[[70.652539,40.936621],[70.55,41.014893],[70.622754,40.934424],[70.652539,40.936621]]],[[[71.206152,39.892578],[71.011719,39.895117],[70.97627,40.133252],[71.228711,40.048145],[71.215625,39.906787],[71.206152,39.892578]]],[[[71.779688,39.950244],[71.668945,39.946094],[71.789941,39.995312],[71.779688,39.950244]]]]}},{"type":"Feature","properties":{"name":"Uruguay","state":"Uruguay","abbr":"UY","iso":"URY","kind":"country","scope":"world","isUSA":false,"continent":"South America"},"geometry":{"type":"Polygon","coordinates":[[[-53.370605,-33.742188],[-53.785303,-34.380371],[-54.902295,-34.932813],[-55.673145,-34.775684],[-56.249951,-34.90127],[-57.170703,-34.452344],[-57.873242,-34.447656],[-58.438135,-33.719141],[-58.363525,-33.182324],[-58.092676,-32.967383],[-58.189014,-31.924219],[-57.988867,-31.620605],[-57.87251,-30.591016],[-57.645752,-30.226953],[-57.214453,-30.283398],[-56.832715,-30.107227],[-56.044824,-30.777637],[-56.004687,-31.079199],[-55.603027,-30.850781],[-55.173535,-31.27959],[-54.587646,-31.485156],[-53.761719,-32.056836],[-53.601709,-32.403027],[-53.125586,-32.736719],[-53.531348,-33.170898],[-53.531348,-33.655469],[-53.397559,-33.737305],[-53.370605,-33.742188]]]}},{"type":"Feature","properties":{"name":"Federated States of Micronesia","state":"Federated States of Micronesia","abbr":"FM","iso":"FSM","kind":"country","scope":"world","isUSA":false,"continent":"Oceania"},"geometry":{"type":"MultiPolygon","coordinates":[[[[162.983203,5.325732],[162.993457,5.277246],[162.929883,5.300781],[162.921094,5.31792],[162.958203,5.33501],[162.983203,5.325732]]],[[[138.142676,9.500684],[138.06709,9.419043],[138.18252,9.507373],[138.142676,9.500684]]],[[[151.647754,7.346191],[151.639453,7.333008],[151.57832,7.338086],[151.569727,7.345508],[151.575098,7.351318],[151.604297,7.357227],[151.607813,7.375391],[151.592871,7.379248],[151.605664,7.388721],[151.629492,7.39043],[151.643262,7.379248],[151.650488,7.362842],[151.647754,7.346191]]],[[[151.881445,7.432031],[151.864258,7.426758],[151.855957,7.431787],[151.859961,7.457373],[151.865332,7.466162],[151.881836,7.46709],[151.910547,7.460156],[151.912598,7.453857],[151.881445,7.432031]]],[[[158.314844,6.813672],[158.134766,6.944824],[158.309375,6.854639],[158.314844,6.813672]]]]}},{"type":"Feature","properties":{"name":"Marshall Islands","state":"Marshall Islands","abbr":"MH","iso":"MHL","kind":"country","scope":"world","isUSA":false,"continent":"Oceania"},"geometry":{"type":"MultiPolygon","coordinates":[[[[169.635059,5.830078],[169.73457,6.01416],[169.672559,5.935205],[169.635059,5.830078]]],[[[168.830273,7.308984],[168.81543,7.293555],[168.719238,7.302734],[168.675098,7.321924],[168.679297,7.33623],[168.755469,7.322461],[168.830273,7.308984]]],[[[171.577344,7.048242],[171.756836,6.973145],[171.592773,7.01626],[171.577344,7.048242]]],[[[171.101953,7.138232],[171.39375,7.110937],[171.050391,7.171777],[171.101953,7.138232]]],[[[166.890332,11.153076],[166.864453,11.14624],[166.844727,11.153369],[166.858887,11.166309],[166.888086,11.168652],[166.899414,11.165039],[166.890332,11.153076]]]]}},{"type":"Feature","properties":{"name":"United States of America","state":"United States of America","abbr":"US","iso":"USA","kind":"country","scope":"world","isUSA":true,"continent":"North America"},"geometry":{"type":"MultiPolygon","coordinates":[[[[-132.746875,56.525684],[-132.948047,56.567236],[-132.842529,56.794775],[-132.567969,56.57583],[-132.714453,56.542529],[-132.746875,56.525684]]],[[[-132.779883,56.247266],[-133.037646,56.364844],[-132.706055,56.448486],[-132.669385,56.287305],[-132.779883,56.247266]]],[[[-134.312744,58.228906],[-134.661572,58.290918],[-134.398877,58.287207],[-134.312744,58.228906]]],[[[-145.118506,60.337109],[-145.284277,60.336816],[-145.102441,60.388232],[-145.118506,60.337109]]],[[[-144.565625,59.818408],[-144.235742,60.015186],[-144.403223,59.921094],[-144.565625,59.818408]]],[[[-148.021777,60.065332],[-148.271875,60.053271],[-147.914209,60.092334],[-148.021777,60.065332]]],[[[-152.020752,60.361719],[-151.899414,60.490381],[-151.986914,60.373975],[-152.020752,60.361719]]],[[[-160.329297,55.337695],[-160.51748,55.333838],[-160.362305,55.356982],[-160.329297,55.337695]]],[[[-159.362012,54.972412],[-159.461914,55.058789],[-159.363184,54.999512],[-159.362012,54.972412]]],[[[-159.515137,55.151855],[-159.648486,55.074561],[-159.545068,55.225977],[-159.515137,55.151855]]],[[[-166.209766,53.723291],[-166.102686,53.832812],[-166.18374,53.756885],[-166.209766,53.723291]]],[[[-176.008984,51.812354],[-176.204443,51.834814],[-176.071631,51.843311],[-176.008984,51.812354]]],[[[-166.109863,66.227441],[-165.822217,66.328076],[-165.942285,66.278174],[-166.109863,66.227441]]],[[[-171.463037,63.640039],[-170.43042,63.698828],[-169.554541,63.373486],[-168.716016,63.310596],[-169.676367,62.956104],[-170.848389,63.444385],[-171.631836,63.351221],[-171.819385,63.477246],[-171.646484,63.727002],[-171.463037,63.640039]]],[[[-166.135449,60.383545],[-165.729688,60.314209],[-165.591797,59.913135],[-166.14873,59.764111],[-167.436426,60.206641],[-166.184961,60.396777],[-166.135449,60.383545]]],[[[-152.898047,57.823926],[-152.42876,57.825684],[-152.482617,57.70332],[-152.216211,57.577002],[-152.412207,57.454785],[-152.940771,57.498096],[-152.679053,57.345117],[-153.732568,57.052344],[-153.643311,56.960742],[-153.972705,56.774219],[-154.07085,56.820654],[-153.793213,56.989502],[-154.24375,57.143018],[-154.381104,57.096533],[-154.184326,57.005322],[-154.338965,56.920898],[-154.705957,57.335352],[-154.535303,57.559424],[-154.116162,57.651221],[-153.687695,57.305127],[-153.838135,57.63584],[-153.693164,57.663428],[-153.904443,57.819873],[-153.487939,57.730957],[-153.21748,57.795752],[-153.225928,57.957617],[-152.850391,57.896777],[-152.898047,57.823926]]],[[[-130.025098,55.888232],[-130.146533,55.654492],[-130.036572,55.2979],[-130.575342,54.769678],[-130.849609,54.807617],[-131.047852,55.157666],[-130.748193,55.318018],[-131.127686,55.960156],[-131.032764,56.088086],[-131.78418,55.876562],[-131.94502,55.55415],[-132.118994,55.569775],[-132.20752,55.753418],[-131.843848,56.160107],[-131.551367,56.206787],[-132.182031,56.420654],[-132.824609,57.055811],[-133.465869,57.172168],[-133.64873,57.642285],[-133.117041,57.566211],[-133.535205,57.832959],[-133.194336,57.877686],[-133.722314,57.844238],[-134.031104,58.072168],[-133.876758,58.518164],[-134.208838,58.232959],[-134.776123,58.453857],[-135.131836,58.842871],[-135.363672,59.419434],[-135.502344,59.202295],[-135.090234,58.24585],[-135.897559,58.400195],[-136.043115,58.821631],[-135.826367,58.897949],[-136.016602,58.873975],[-136.150049,59.048096],[-136.22583,58.765479],[-136.989014,59.034473],[-137.059033,58.87373],[-136.613916,58.809277],[-136.061475,58.452734],[-136.607422,58.243994],[-137.543994,58.581201],[-138.514893,59.165918],[-139.799121,59.54624],[-139.513037,59.698096],[-139.512305,59.953564],[-139.330957,59.877002],[-139.286719,59.610937],[-139.220801,59.819873],[-138.988086,59.83501],[-139.431445,60.012256],[-140.419824,59.710742],[-141.408301,59.902783],[-141.289941,60.00415],[-141.40874,60.117676],[-141.670166,59.969873],[-142.945654,60.096973],[-144.147217,60.016406],[-144.185498,60.150732],[-144.901318,60.335156],[-144.691113,60.669092],[-145.248291,60.380127],[-145.898877,60.478174],[-145.674902,60.651123],[-146.570459,60.72915],[-146.391992,60.81084],[-146.636035,60.992529],[-146.284912,61.112646],[-146.384375,61.13584],[-147.807617,60.8854],[-148.005127,60.968555],[-147.751855,61.218945],[-148.341895,61.0604],[-148.208691,61.029932],[-148.557373,60.80293],[-148.284229,60.609326],[-148.640137,60.489453],[-147.964111,60.484863],[-148.430713,59.989111],[-149.395264,60.105762],[-149.598047,59.770459],[-149.713867,59.91958],[-150.198047,59.566553],[-150.607373,59.563379],[-150.934521,59.249121],[-151.949512,59.265088],[-151.046484,59.771826],[-151.450098,59.650391],[-151.853223,59.78208],[-151.395996,60.274463],[-151.321777,60.74292],[-150.44126,61.023584],[-149.075098,60.876416],[-150.053271,61.171094],[-149.329053,61.497363],[-149.433545,61.500781],[-149.975684,61.279346],[-150.945508,61.198242],[-151.733984,60.910742],[-151.750488,60.754883],[-152.270703,60.528125],[-152.368848,60.336328],[-153.025,60.295654],[-152.660107,59.997217],[-153.21123,59.842725],[-153.024609,59.793994],[-153.093604,59.709131],[-153.652539,59.647021],[-154.17832,59.155566],[-153.418262,58.959961],[-153.437598,58.754834],[-154.289014,58.304346],[-154.247021,58.159424],[-155.006885,58.016064],[-156.435889,57.359961],[-156.400488,57.204834],[-156.629004,57.009961],[-158.414404,56.43584],[-158.552148,56.312695],[-158.275635,56.19624],[-158.476123,56.075488],[-158.591162,56.184521],[-159.659668,55.625928],[-159.771387,55.841113],[-161.178027,55.388867],[-161.463867,55.38252],[-161.41333,55.536133],[-161.2021,55.543555],[-161.516943,55.618408],[-162.073975,55.139307],[-162.386377,55.052344],[-162.630371,55.24668],[-162.674365,54.996582],[-163.119629,55.064697],[-163.335303,54.83916],[-163.278809,55.121826],[-161.697314,55.907227],[-161.215625,56.021436],[-160.898633,55.993652],[-161.005371,55.887158],[-160.802832,55.754443],[-160.706348,55.870459],[-160.291699,55.805078],[-160.539062,56.006299],[-160.302051,56.314111],[-158.918018,56.882178],[-158.675146,56.794873],[-158.660791,57.039404],[-158.320947,57.2979],[-157.845752,57.528076],[-157.461914,57.506201],[-157.697217,57.679443],[-157.610889,58.05083],[-157.193701,58.194189],[-157.488379,58.253711],[-157.523633,58.421338],[-156.974658,58.736328],[-156.808887,59.134277],[-157.142041,58.877637],[-158.190918,58.614258],[-158.503174,58.850342],[-158.425635,58.999316],[-158.080518,58.977441],[-158.422803,59.089844],[-158.809473,58.973877],[-158.788623,58.440967],[-158.950684,58.404541],[-159.670264,58.911133],[-159.920215,58.819873],[-160.363135,59.051172],[-161.361328,58.669531],[-162.144922,58.644238],[-161.724365,58.794287],[-161.788672,59.016406],[-161.644385,59.109668],[-161.981055,59.146143],[-161.828711,59.588623],[-162.421338,60.283984],[-161.946582,60.684814],[-162.684961,60.268945],[-162.526953,60.199121],[-162.570752,59.989746],[-163.906885,59.806787],[-165.026514,60.500635],[-165.353809,60.541211],[-164.805176,60.892041],[-164.318506,60.771289],[-164.372363,60.591846],[-163.999561,60.766064],[-163.72998,60.58999],[-163.420947,60.757422],[-163.906543,60.853809],[-163.586914,60.902979],[-165.114844,60.932812],[-164.868994,61.111768],[-165.344873,61.197705],[-165.273633,61.274854],[-165.565869,61.102344],[-165.863965,61.335693],[-165.845313,61.53623],[-166.093994,61.506738],[-166.168115,61.65083],[-165.808936,61.696094],[-166.078809,61.803125],[-165.612793,61.869287],[-165.707275,62.100439],[-165.194531,62.473535],[-164.757861,62.496729],[-164.844385,62.581055],[-164.589453,62.709375],[-164.792676,62.623193],[-164.799658,62.918066],[-164.384229,63.030469],[-164.525195,63.127637],[-164.409033,63.215039],[-163.942871,63.247217],[-163.616309,63.125146],[-163.737842,63.016406],[-163.287842,63.046436],[-162.282813,63.529199],[-161.50542,63.468164],[-160.926709,63.660547],[-160.778564,63.818945],[-160.987549,64.25127],[-161.490723,64.433789],[-160.931934,64.579102],[-160.886963,64.795557],[-161.130176,64.925439],[-161.759375,64.81626],[-162.711084,64.377539],[-163.203906,64.652002],[-163.302832,64.605908],[-163.051758,64.519727],[-163.144336,64.423828],[-163.713086,64.588232],[-164.97876,64.453662],[-166.142773,64.582764],[-166.481396,64.728076],[-166.415234,64.926514],[-166.928418,65.15708],[-166.157031,65.28584],[-167.404004,65.422119],[-168.088379,65.657764],[-166.39873,66.144434],[-165.629932,66.131201],[-165.811865,66.288477],[-164.460498,66.588428],[-163.638232,66.574658],[-163.893945,66.575879],[-163.775488,66.531104],[-164.03374,66.215527],[-163.695361,66.083838],[-161.933691,66.042871],[-161.45542,66.281396],[-161.034277,66.188818],[-161.120313,66.334326],[-161.828174,66.37085],[-162.607422,66.894385],[-162.361621,66.947314],[-161.591016,66.459521],[-160.231689,66.420264],[-160.360889,66.6125],[-161.398047,66.551855],[-161.856689,66.700342],[-161.622217,66.979346],[-161.719922,67.020557],[-163.531836,67.102588],[-164.125195,67.606738],[-166.786279,68.359619],[-166.380518,68.425146],[-166.209082,68.885352],[-164.302344,68.936475],[-163.535693,69.170117],[-163.161475,69.387939],[-162.9521,69.758105],[-161.880957,70.331738],[-161.761084,70.257666],[-162.073877,70.161963],[-160.117139,70.591211],[-159.963135,70.568164],[-160.095068,70.333301],[-159.865674,70.278857],[-159.81499,70.49707],[-159.386768,70.524512],[-160.081592,70.634863],[-159.680908,70.786768],[-157.909375,70.860107],[-156.470215,71.407666],[-156.567236,71.341553],[-155.579443,71.121094],[-156.146582,70.927832],[-155.973535,70.841992],[-154.943799,71.083057],[-154.673682,70.987109],[-154.785205,70.894287],[-154.195215,70.801123],[-153.23291,70.932568],[-152.300391,70.846777],[-152.470605,70.653613],[-151.769043,70.560156],[-151.944678,70.4521],[-149.269434,70.500781],[-147.705371,70.217236],[-144.619189,69.982129],[-143.218311,70.11626],[-141.002148,69.650781],[-141.002148,60.300244],[-139.973291,60.183154],[-139.079248,60.343701],[-139.185156,60.083594],[-137.593311,59.22627],[-137.438574,58.903125],[-136.57876,59.152246],[-136.466357,59.459082],[-136.247119,59.53291],[-136.321826,59.604834],[-135.475928,59.793262],[-135.051025,59.578662],[-134.94375,59.288281],[-133.401123,58.410889],[-132.232178,57.198535],[-132.337988,57.079443],[-132.031543,57.026562],[-132.104297,56.856787],[-131.866162,56.792822],[-131.824268,56.58999],[-130.741699,56.34082],[-130.097852,56.109277],[-130.014062,55.950537],[-130.025098,55.888232]]],[[[-163.476025,54.980713],[-163.083252,54.668994],[-164.073291,54.620996],[-164.59082,54.404346],[-164.903955,54.544775],[-164.478613,54.906836],[-163.510889,55.014307],[-163.476025,54.980713]]],[[[-133.305078,55.54375],[-133.650195,55.269287],[-133.737109,55.496924],[-133.345557,55.559082],[-133.305078,55.54375]]],[[[-131.339746,55.079834],[-131.232031,54.90376],[-131.592236,55.025684],[-131.56543,55.264111],[-131.404639,55.21333],[-131.339746,55.079834]]],[[[-132.112354,56.109375],[-132.132959,55.943262],[-132.368604,55.939746],[-132.699023,56.198193],[-132.379834,56.498779],[-132.066895,56.244238],[-132.112354,56.109375]]],[[[-130.97915,55.48916],[-131.187891,55.206299],[-131.447559,55.408789],[-131.810986,55.223096],[-131.624951,55.831689],[-131.236182,55.948975],[-130.965039,55.568018],[-130.97915,55.48916]]],[[[-133.366211,57.003516],[-132.99624,56.93042],[-132.95918,56.677051],[-133.328955,56.830078],[-133.158154,56.495166],[-133.602783,56.464111],[-133.680957,56.79751],[-133.979443,57.00957],[-133.707715,57.062842],[-133.366211,57.003516]]],[[[-132.862256,54.894434],[-132.617236,54.892432],[-132.705811,54.68418],[-133.453809,55.260352],[-133.296582,55.325732],[-132.945996,55.002588],[-132.862256,54.894434]]],[[[-146.393945,60.449658],[-146.102246,60.411182],[-146.595313,60.268457],[-146.702539,60.408545],[-146.560303,60.480566],[-146.393945,60.449658]]],[[[-147.735889,59.813232],[-147.872461,59.828369],[-147.180859,60.358252],[-146.957861,60.288867],[-147.66875,59.831543],[-147.735889,59.813232]]],[[[-147.658252,60.450488],[-147.81582,60.185156],[-147.891455,60.299414],[-147.688574,60.491406],[-147.658252,60.450488]]],[[[-147.930713,60.826172],[-148.123779,60.844336],[-147.943115,60.875391],[-147.930713,60.826172]]],[[[-153.00708,57.124854],[-153.374609,57.051904],[-153.285205,57.185059],[-152.933447,57.129248],[-153.00708,57.124854]]],[[[-152.486084,58.48501],[-152.636621,58.541699],[-152.392822,58.540869],[-152.486084,58.48501]]],[[[-153.240625,57.850098],[-153.520068,57.955762],[-153.290039,57.8979],[-153.240625,57.850098]]],[[[-155.566016,55.821191],[-155.737354,55.829785],[-155.563916,55.88667],[-155.566016,55.821191]]],[[[-154.682813,56.435791],[-154.751221,56.412158],[-154.773926,56.420264],[-154.777148,56.439893],[-154.760938,56.471143],[-154.729346,56.502148],[-154.62373,56.561328],[-154.517529,56.600537],[-154.463379,56.598193],[-154.444873,56.573193],[-154.511182,56.521436],[-154.682813,56.435791]]],[[[-154.208643,56.514893],[-154.322217,56.570605],[-154.149805,56.52959],[-154.208643,56.514893]]],[[[-160.684912,55.314795],[-160.552783,55.380762],[-160.487549,55.184863],[-160.825488,55.173975],[-160.839648,55.3354],[-160.666357,55.359424],[-160.684912,55.314795]]],[[[-162.298145,54.847021],[-162.433887,54.931543],[-162.2646,54.983496],[-162.272559,54.867188],[-162.298145,54.847021]]],[[[-162.554395,54.401367],[-162.820557,54.494531],[-162.607959,54.446631],[-162.554395,54.401367]]],[[[-159.872998,55.12876],[-160.227051,54.922705],[-160.17207,55.123047],[-159.887354,55.272998],[-159.854102,55.144678],[-159.872998,55.12876]]],[[[-165.841553,54.070654],[-166.105811,54.144824],[-165.737891,54.081104],[-165.841553,54.070654]]],[[[-165.561133,54.136719],[-165.65415,54.25332],[-165.467578,54.180908],[-165.561133,54.136719]]],[[[-160.918994,58.5771],[-161.131494,58.668213],[-160.715137,58.795215],[-160.918994,58.5771]]],[[[-172.742236,60.457373],[-172.23208,60.299121],[-173.074023,60.493213],[-172.923877,60.606836],[-172.860205,60.505664],[-172.742236,60.457373]]],[[[-170.160547,57.183936],[-170.386621,57.203027],[-170.116162,57.241797],[-170.160547,57.183936]]],[[[-169.691943,52.847363],[-169.991846,52.829834],[-169.710986,52.866748],[-169.691943,52.847363]]],[[[-170.733398,52.581494],[-170.584619,52.667578],[-170.692285,52.592969],[-170.733398,52.581494]]],[[[-172.464795,52.272266],[-172.619824,52.272852],[-172.313623,52.32959],[-172.464795,52.272266]]],[[[-169.755225,56.635059],[-169.474316,56.594043],[-169.766162,56.607959],[-169.755225,56.635059]]],[[[-176.286719,51.791992],[-176.413721,51.840576],[-176.280225,51.802832],[-176.286719,51.791992]]],[[[-176.021533,52.002441],[-176.184521,52.056055],[-175.975293,52.028955],[-176.021533,52.002441]]],[[[-177.148193,51.716748],[-177.670215,51.701074],[-177.110059,51.92876],[-177.135107,51.806934],[-177.148193,51.716748]]],[[[178.575488,51.91626],[178.475,51.967725],[178.607324,51.953027],[178.575488,51.91626]]],[[[179.451563,51.372607],[178.647949,51.643896],[179.415527,51.400879],[179.451563,51.372607]]],[[[173.722754,52.35957],[173.402344,52.404785],[173.744727,52.446631],[173.722754,52.35957]]],[[[-134.969775,57.351416],[-134.620703,56.718311],[-134.681885,56.216162],[-134.980566,56.518945],[-134.883447,56.679053],[-135.330615,56.821875],[-135.199609,57.027344],[-135.454932,57.249414],[-135.812305,57.009521],[-135.822754,57.28042],[-135.487305,57.516504],[-135.065234,57.416699],[-134.969775,57.351416]]],[[[-134.680273,58.16167],[-134.240088,58.143994],[-133.822754,57.628662],[-134.306885,58.034375],[-133.908838,57.368701],[-134.435303,57.056982],[-134.613086,57.137939],[-134.486768,57.482031],[-134.923486,58.354639],[-134.733203,58.225],[-134.680273,58.16167]]],[[[-135.730371,58.244238],[-135.613232,57.991846],[-135.346631,58.124121],[-134.954688,58.015332],[-134.970654,57.817236],[-135.338477,57.768652],[-134.978857,57.724365],[-134.931494,57.481152],[-135.564209,57.666406],[-135.691943,57.419922],[-135.910791,57.446582],[-136.568604,57.972168],[-136.321973,58.218896],[-136.14375,58.098486],[-135.787061,58.268506],[-135.730371,58.244238]]],[[[-133.566113,56.339209],[-133.202979,56.319824],[-133.096631,56.090039],[-132.597607,55.89502],[-132.172705,55.480615],[-132.511279,55.593945],[-132.631299,55.473193],[-131.976416,55.208594],[-132.02168,54.726318],[-133.118555,55.327637],[-132.958887,55.395557],[-133.033398,55.589697],[-133.680176,55.785156],[-133.241504,55.920801],[-133.37124,56.035889],[-133.742529,55.964844],[-133.530859,56.145654],[-133.598633,56.31626],[-133.566113,56.339209]]],[[[-133.9896,56.844971],[-133.738379,56.650439],[-133.949707,56.127734],[-134.1896,56.076953],[-134.084375,56.456348],[-134.373682,56.838672],[-134.000586,56.869189],[-133.9896,56.844971]]],[[[-152.416943,58.360205],[-151.98252,58.244336],[-152.928418,57.993701],[-153.381348,58.087207],[-152.771875,58.278564],[-152.841113,58.416406],[-152.478467,58.399707],[-152.416943,58.360205]]],[[[-167.964355,53.345117],[-169.088916,52.832031],[-168.689844,53.227246],[-168.38042,53.283447],[-168.287695,53.500146],[-167.985693,53.558203],[-167.804688,53.484961],[-167.865137,53.387305],[-167.964355,53.345117]]],[[[-166.615332,53.900928],[-166.230859,53.932617],[-166.549219,53.700977],[-166.309473,53.69751],[-166.77041,53.476025],[-167.808789,53.323779],[-167.136084,53.526465],[-167.015723,53.698389],[-166.808984,53.646143],[-167.118164,53.872607],[-166.627393,53.995654],[-166.615332,53.900928]]],[[[-173.55332,52.136279],[-173.0229,52.07915],[-173.99248,52.12334],[-173.656836,52.14375],[-173.55332,52.136279]]],[[[-174.677393,52.03501],[-175.295557,52.022168],[-174.045605,52.367236],[-174.120654,52.135205],[-174.343555,52.077783],[-174.677393,52.03501]]],[[[-176.593311,51.866699],[-176.452344,51.735693],[-176.961621,51.603662],[-176.69834,51.986035],[-176.551611,51.91958],[-176.593311,51.866699]]],[[[-177.879053,51.649707],[-178.194531,51.882227],[-177.644482,51.82627],[-177.826953,51.685889],[-177.879053,51.649707]]],[[[179.727734,51.90542],[179.503906,51.97959],[179.77998,51.966846],[179.727734,51.90542]]],[[[177.41543,51.882812],[177.250293,51.90293],[177.669629,52.103027],[177.594141,51.947559],[177.41543,51.882812]]],[[[172.811816,53.012988],[173.436035,52.852051],[172.935156,52.7521],[172.494824,52.937891],[172.67793,53.007568],[172.811816,53.012988]]],[[[-155.581348,19.012012],[-155.881299,19.070508],[-156.048682,19.749951],[-155.820312,20.01416],[-155.831641,20.27583],[-155.198779,19.994385],[-154.804199,19.524463],[-155.535254,19.109082],[-155.581348,19.012012]]],[[[-157.213623,21.215381],[-156.712158,21.155078],[-157.290332,21.112598],[-157.249951,21.229785],[-157.213623,21.215381]]],[[[-156.486816,20.932568],[-155.989844,20.757129],[-156.438232,20.617871],[-156.689697,20.901416],[-156.532324,20.992676],[-156.486816,20.932568]]],[[[-157.799365,21.456641],[-157.6354,21.307617],[-158.110352,21.318604],[-158.273145,21.585254],[-157.9625,21.701367],[-157.82959,21.471436],[-157.799365,21.456641]]],[[[-159.372754,21.932373],[-159.78916,22.041797],[-159.352051,22.21958],[-159.34375,21.973633],[-159.372754,21.932373]]],[[[-160.180029,21.841064],[-160.04873,22.004639],[-160.153418,21.87876],[-160.180029,21.841064]]],[[[-156.849609,20.772656],[-157.050586,20.912451],[-156.809375,20.831152],[-156.849609,20.772656]]],[[[-74.708887,45.003857],[-71.517529,45.007568],[-71.327295,45.290088],[-70.865039,45.270703],[-70.29624,45.906104],[-70.007715,46.708936],[-69.242871,47.462988],[-68.937207,47.21123],[-68.235498,47.345947],[-67.806787,47.082812],[-67.802246,45.727539],[-67.432666,45.603125],[-67.472559,45.275879],[-67.124854,45.169434],[-66.987012,44.827686],[-68.056641,44.384326],[-68.450586,44.507617],[-68.53252,44.258643],[-68.811914,44.339355],[-68.762695,44.570752],[-69.137256,44.037842],[-69.623926,43.880615],[-69.652881,43.993896],[-69.80835,43.772314],[-70.062354,43.834619],[-70.269238,43.671924],[-70.829053,42.825342],[-70.612939,42.623242],[-71.046191,42.331104],[-70.738281,42.228857],[-70.42666,41.757275],[-70.001416,41.826172],[-70.241064,42.091211],[-70.108936,42.07832],[-69.948633,41.677148],[-70.657129,41.534229],[-70.701123,41.714844],[-71.168555,41.489404],[-71.14873,41.745703],[-71.390137,41.795312],[-71.522852,41.378955],[-72.924707,41.285156],[-73.987109,40.751367],[-73.871973,41.055176],[-73.969922,41.249707],[-73.927197,40.914258],[-74.264209,40.528613],[-73.972266,40.400342],[-74.079932,39.788135],[-74.0646,39.993115],[-74.794482,39.001904],[-74.954297,38.949951],[-74.897021,39.145459],[-75.524219,39.490186],[-75.421875,39.789697],[-75.07417,39.983496],[-75.587598,39.640771],[-75.03877,38.426367],[-75.934375,37.151904],[-75.975049,37.398438],[-75.659277,37.953955],[-75.85083,37.971582],[-75.858691,38.362061],[-76.051221,38.279541],[-76.264648,38.436426],[-76.26416,38.599951],[-76.016943,38.625098],[-76.341162,38.709668],[-76.168164,38.852734],[-76.330664,38.908594],[-76.135205,39.082129],[-76.235693,39.191602],[-75.872949,39.510889],[-76.062988,39.561133],[-76.420898,39.225],[-76.57041,39.269336],[-76.427588,39.126025],[-76.558545,39.065234],[-76.394092,38.368994],[-76.668555,38.5375],[-76.341162,38.087012],[-77.001172,38.445264],[-77.23252,38.407715],[-77.030371,38.889258],[-77.2604,38.6],[-77.273242,38.351758],[-76.264258,37.893555],[-76.344141,37.675684],[-76.49248,37.682227],[-77.111084,38.165674],[-76.305566,37.571484],[-76.263477,37.357031],[-76.453906,37.273535],[-76.757715,37.50542],[-76.283301,37.052686],[-77.250879,37.329199],[-76.671875,37.172949],[-76.487842,36.897021],[-75.999414,36.912646],[-75.53418,35.819092],[-75.946484,36.659082],[-75.820068,36.112842],[-76.147852,36.279297],[-76.15,36.145752],[-76.559375,36.015332],[-76.733643,36.22915],[-76.726221,35.957617],[-76.069775,35.970312],[-76.083594,35.690527],[-75.853906,35.960156],[-75.758838,35.843262],[-75.773926,35.646973],[-76.173828,35.35415],[-77.03999,35.527393],[-76.512939,35.27041],[-76.77915,34.990332],[-77.070264,35.154639],[-76.974951,35.025195],[-76.456738,34.989355],[-76.439795,34.84292],[-77.29624,34.60293],[-77.412256,34.730811],[-77.379785,34.526611],[-77.750732,34.284961],[-77.927832,33.939746],[-77.953271,34.168994],[-78.01333,33.911816],[-78.841455,33.724072],[-79.193799,33.244141],[-79.226465,33.404883],[-79.276025,33.1354],[-79.933105,32.810059],[-79.940723,32.667139],[-80.63418,32.511719],[-80.474268,32.422754],[-80.579346,32.287305],[-80.802539,32.448047],[-80.694238,32.215723],[-81.113281,31.878613],[-81.460352,31.127051],[-81.516211,30.801807],[-81.249512,29.793799],[-80.524121,28.486084],[-80.456885,27.900684],[-80.606934,28.5229],[-80.693506,28.344971],[-80.838184,28.757666],[-80.050049,26.807715],[-80.126367,25.833496],[-80.484668,25.229834],[-81.110498,25.138037],[-81.136035,25.309668],[-80.94043,25.264209],[-81.364941,25.831055],[-81.715479,25.983154],[-81.958936,26.489941],[-81.828662,26.687061],[-82.0396,26.552051],[-82.013281,26.961572],[-82.290039,26.870801],[-82.7146,27.499609],[-82.405762,27.862891],[-82.675195,27.96377],[-82.610986,27.777246],[-82.742871,27.709375],[-82.843506,27.845996],[-82.651465,28.8875],[-83.694385,29.925977],[-84.309668,30.064746],[-84.382812,29.907373],[-85.318945,29.680225],[-85.675781,30.121924],[-85.603516,30.286768],[-85.755811,30.166992],[-86.454443,30.399121],[-86.123828,30.405811],[-86.257373,30.493018],[-87.201172,30.339258],[-86.985791,30.430859],[-86.997559,30.570312],[-87.281055,30.339258],[-88.005957,30.230908],[-87.790283,30.291797],[-88.011328,30.694189],[-88.135449,30.366602],[-88.905225,30.415137],[-89.588477,30.165967],[-90.125977,30.369092],[-90.331982,30.277588],[-90.413037,30.140332],[-90.175342,30.029102],[-89.737451,30.171973],[-89.815186,30.007275],[-89.631689,29.903809],[-89.400732,30.046045],[-89.354443,29.820215],[-89.720898,29.619287],[-89.015723,29.202881],[-89.376123,28.981348],[-89.443164,29.194141],[-90.159082,29.537158],[-90.052783,29.336816],[-90.212793,29.104932],[-90.379199,29.295117],[-90.751025,29.130859],[-91.290137,29.288965],[-91.150781,29.31792],[-91.248828,29.564209],[-91.514209,29.555371],[-91.893164,29.836035],[-92.26084,29.556836],[-93.175684,29.778955],[-93.826465,29.725146],[-93.841455,29.979736],[-93.890479,29.689355],[-94.759619,29.384277],[-94.52627,29.547949],[-94.778271,29.547852],[-94.741943,29.75],[-95.022852,29.702344],[-94.888281,29.370557],[-95.273486,28.963867],[-96.234521,28.488965],[-96.011035,28.631934],[-96.640039,28.708789],[-96.421094,28.457324],[-96.773535,28.421631],[-96.839502,28.194385],[-97.156494,28.144336],[-97.073096,27.986084],[-97.431494,27.837207],[-97.288721,27.670605],[-97.439111,27.328271],[-97.768457,27.45752],[-97.485107,27.237402],[-97.435059,26.48584],[-97.140186,26.029736],[-97.358154,25.870508],[-99.107764,26.446924],[-99.456543,27.056689],[-99.505322,27.54834],[-100.296045,28.327686],[-100.75459,29.18252],[-101.380371,29.742578],[-102.343066,29.86499],[-102.73418,29.643945],[-102.891992,29.216406],[-103.257715,29.001123],[-104.400635,29.57373],[-104.917871,30.58335],[-106.44541,31.768408],[-108.211816,31.779346],[-108.214453,31.329443],[-111.041992,31.324219],[-114.835938,32.508301],[-114.724756,32.715332],[-117.128271,32.53335],[-117.467432,33.295508],[-118.080518,33.722168],[-118.410449,33.743945],[-118.506201,34.017383],[-119.14375,34.112012],[-119.606055,34.418018],[-120.644678,34.57998],[-120.659082,35.122412],[-121.877393,36.331055],[-121.807422,36.851221],[-122.394922,37.20752],[-122.499219,37.542627],[-122.445605,37.797998],[-122.070508,37.478271],[-122.314258,38.007324],[-121.525342,38.055908],[-122.393359,38.144824],[-122.521338,37.826416],[-122.998779,37.988623],[-122.908154,38.196582],[-123.701123,38.907275],[-123.83291,39.775488],[-124.324023,40.251953],[-124.071924,41.459521],[-124.539648,42.812891],[-124.14873,43.691748],[-123.929346,45.576953],[-123.989307,46.219385],[-123.220605,46.153613],[-124.072754,46.279443],[-124.044336,46.605078],[-123.946143,46.432568],[-123.88916,46.66001],[-124.112549,46.862695],[-123.842871,46.963184],[-124.139258,46.954687],[-124.376025,47.658643],[-124.663086,47.974121],[-124.709961,48.380371],[-123.975781,48.168457],[-122.778613,48.137598],[-122.656641,47.881152],[-123.139062,47.386084],[-122.922168,47.407666],[-123.060156,47.453662],[-122.532813,47.919727],[-122.675488,47.612354],[-122.577881,47.293164],[-122.767773,47.218359],[-122.828467,47.336572],[-123.027588,47.138916],[-122.701953,47.110889],[-122.353809,47.371582],[-122.401807,47.784277],[-122.241992,48.010742],[-122.516992,48.159668],[-122.408545,48.293896],[-122.668994,48.465234],[-122.496777,48.505566],[-122.512744,48.669434],[-122.78877,48.993018],[-95.162061,48.991748],[-95.155273,49.369678],[-94.854346,49.30459],[-94.620898,48.742627],[-93.707715,48.525439],[-92.99624,48.611816],[-92.4146,48.276611],[-92.005176,48.301855],[-91.518311,48.058301],[-90.916064,48.209131],[-89.455664,47.99624],[-88.378174,48.303076],[-84.875977,46.899902],[-84.561768,46.457373],[-84.149463,46.542773],[-83.977783,46.084912],[-83.615967,46.116846],[-83.469482,45.994678],[-83.592676,45.817139],[-82.551074,45.347363],[-82.137842,43.570898],[-82.545312,42.624707],[-83.149658,42.141943],[-83.02998,41.832959],[-82.690039,41.675195],[-79.036719,42.802344],[-78.915088,42.909131],[-79.171875,43.466553],[-78.845557,43.58335],[-76.819971,43.628809],[-76.151172,44.303955],[-74.762451,44.999072],[-74.708887,45.003857]]],[[[-72.509766,40.986035],[-71.903223,41.060693],[-73.194287,40.654199],[-74.032031,40.638672],[-73.573828,40.919629],[-72.274121,41.153027],[-72.427393,41.038525],[-72.509766,40.986035]]],[[[-68.187256,44.332471],[-68.411719,44.294336],[-68.299414,44.456494],[-68.190918,44.364355],[-68.187256,44.332471]]],[[[-74.188135,40.522852],[-74.06875,40.649316],[-74.138525,40.541846],[-74.188135,40.522852]]],[[[-70.509912,41.376318],[-70.829199,41.358984],[-70.525342,41.414795],[-70.509912,41.376318]]],[[[-71.241406,41.491943],[-71.34624,41.469385],[-71.232031,41.654297],[-71.241406,41.491943]]],[[[-69.97793,41.265576],[-70.233057,41.286328],[-70.041211,41.397461],[-69.985596,41.298633],[-69.97793,41.265576]]],[[[-75.635693,35.855908],[-75.717187,35.946143],[-75.63667,35.880664],[-75.635693,35.855908]]],[[[-75.544141,35.240088],[-75.690088,35.221582],[-75.536377,35.278613],[-75.503516,35.769141],[-75.509326,35.280322],[-75.544141,35.240088]]],[[[-75.781934,35.190186],[-75.98418,35.123096],[-75.864941,35.174121],[-75.781934,35.190186]]],[[[-76.503662,34.642969],[-76.207373,34.938916],[-76.357715,34.803662],[-76.503662,34.642969]]],[[[-82.037207,26.453613],[-82.201367,26.548047],[-82.116064,26.460938],[-82.037207,26.453613]]],[[[-82.083789,26.552344],[-82.085205,26.493604],[-82.135596,26.591992],[-82.169141,26.700732],[-82.121143,26.665527],[-82.083789,26.552344]]],[[[-80.381836,25.142285],[-80.580566,24.954248],[-80.25708,25.347607],[-80.381836,25.142285]]],[[[-91.793701,29.500732],[-92.006641,29.610303],[-91.761914,29.539014],[-91.793701,29.500732]]],[[[-97.014355,27.901611],[-96.857422,28.13291],[-96.921338,28.016016],[-97.014355,27.901611]]],[[[-96.764404,28.152588],[-96.403564,28.381592],[-96.543896,28.275586],[-96.764404,28.152588]]],[[[-97.353613,27.300049],[-97.060547,27.822021],[-97.250879,27.541211],[-97.353613,27.300049]]],[[[-95.039697,29.145898],[-94.767627,29.339062],[-94.864941,29.252881],[-95.039697,29.145898]]],[[[-97.170703,26.159375],[-97.385986,27.196484],[-97.202246,26.299805],[-97.170703,26.159375]]],[[[-120.306592,34.024854],[-120.359717,34.022266],[-120.441553,34.03291],[-120.412939,34.056299],[-120.367725,34.073291],[-120.35332,34.060596],[-120.306592,34.024854]]],[[[-119.438037,33.217187],[-119.575195,33.27832],[-119.442041,33.232422],[-119.438037,33.217187]]],[[[-118.350391,32.827588],[-118.590186,33.011182],[-118.383203,32.849463],[-118.350391,32.827588]]],[[[-120.043555,33.918848],[-120.251904,34.013867],[-119.983936,33.97334],[-120.043555,33.918848]]],[[[-119.882373,34.079687],[-119.549268,34.028174],[-119.918066,34.067822],[-119.882373,34.079687]]],[[[-118.347949,33.385742],[-118.569434,33.46416],[-118.391699,33.415088],[-118.347949,33.385742]]],[[[-122.782129,48.672705],[-122.985645,48.626709],[-122.897705,48.710352],[-122.782129,48.672705]]],[[[-123.013135,48.500879],[-123.162158,48.606396],[-123.02417,48.538477],[-123.013135,48.500879]]],[[[-122.572754,48.156641],[-122.383154,47.923193],[-122.741504,48.225293],[-122.628613,48.384229],[-122.597607,48.200439],[-122.572754,48.156641]]],[[[-71.365332,41.485254],[-71.393066,41.466748],[-71.403418,41.515039],[-71.383984,41.570557],[-71.364307,41.571826],[-71.354492,41.542285],[-71.365332,41.485254]]],[[[-74.133203,39.680762],[-74.250488,39.529395],[-74.106738,39.746436],[-74.133203,39.680762]]],[[[-75.333057,37.888281],[-75.0979,38.298096],[-75.203223,38.072412],[-75.333057,37.888281]]],[[[-76.54624,34.654883],[-76.568506,34.652539],[-76.607812,34.663574],[-76.661963,34.684668],[-76.673926,34.700146],[-76.622266,34.694531],[-76.54624,34.654883]]],[[[-81.334814,24.650488],[-81.420068,24.75],[-81.319824,24.667627],[-81.334814,24.650488]]],[[[-80.829395,24.803662],[-80.84834,24.803662],[-80.838867,24.817871],[-80.799414,24.846289],[-80.785205,24.835254],[-80.786768,24.821045],[-80.829395,24.803662]]],[[[-80.638281,24.903174],[-80.665137,24.898438],[-80.625684,24.941113],[-80.6146,24.937939],[-80.638281,24.903174]]],[[[-81.044189,24.716797],[-81.08999,24.693115],[-81.137354,24.710498],[-81.085254,24.73418],[-80.930469,24.759473],[-80.988916,24.727881],[-81.044189,24.716797]]],[[[-81.418994,30.971436],[-81.463477,30.727783],[-81.450928,30.947412],[-81.418994,30.971436]]],[[[-81.566699,24.599902],[-81.631494,24.590039],[-81.579248,24.629395],[-81.562305,24.68916],[-81.531641,24.64248],[-81.532227,24.61416],[-81.566699,24.599902]]],[[[-80.186768,27.278418],[-80.436914,27.850537],[-80.355518,27.678613],[-80.186768,27.278418]]],[[[-81.783838,24.54458],[-81.809229,24.542334],[-81.811426,24.557812],[-81.767676,24.576709],[-81.738672,24.575439],[-81.739746,24.554492],[-81.783838,24.54458]]],[[[-88.889307,29.712598],[-88.943604,29.660254],[-88.941113,29.680225],[-88.901172,29.732617],[-88.872656,29.752979],[-88.889307,29.712598]]],[[[-88.558105,30.215918],[-88.722852,30.264258],[-88.573975,30.22915],[-88.558105,30.215918]]],[[[-88.071338,30.252344],[-88.31626,30.24043],[-88.109375,30.27373],[-88.071338,30.252344]]],[[[-89.223975,30.084082],[-89.341992,30.062842],[-89.210693,30.126221],[-89.223975,30.084082]]],[[[-88.827441,29.807715],[-88.866895,30.056738],[-88.812598,29.93335],[-88.827441,29.807715]]],[[[-84.90791,29.642627],[-85.116748,29.632812],[-84.737158,29.732422],[-84.90791,29.642627]]],[[[-122.853076,47.204736],[-122.862598,47.185059],[-122.876758,47.186133],[-122.907959,47.226123],[-122.911914,47.254346],[-122.885107,47.274707],[-122.84917,47.216309],[-122.853076,47.204736]]],[[[-122.394141,47.395264],[-122.509912,47.358008],[-122.44209,47.446143],[-122.394141,47.395264]]],[[[-122.497266,47.59458],[-122.502637,47.575439],[-122.557812,47.598291],[-122.575928,47.619482],[-122.57373,47.666846],[-122.560107,47.697754],[-122.549756,47.703955],[-122.517236,47.690576],[-122.507861,47.682666],[-122.497266,47.59458]]],[[[-122.820898,48.431348],[-122.912207,48.537988],[-122.8146,48.452344],[-122.820898,48.431348]]],[[[-68.623193,44.196045],[-68.661182,44.17627],[-68.701709,44.182666],[-68.703027,44.231982],[-68.690771,44.24873],[-68.676758,44.256201],[-68.655957,44.242334],[-68.623193,44.196045]]]]}},{"type":"Feature","properties":{"name":"South Georgia and the South Sandwich Islands","state":"South Georgia and the South Sandwich Islands","abbr":"GS","iso":"SGS","kind":"country","scope":"world","isUSA":false,"continent":"Seven seas (open ocean)"},"geometry":{"type":"MultiPolygon","coordinates":[[[[-26.264111,-58.435156],[-26.451025,-58.415332],[-26.279395,-58.401758],[-26.264111,-58.435156]]],[[[-37.10332,-54.065625],[-36.326465,-54.251172],[-35.798584,-54.763477],[-36.085498,-54.866797],[-36.885986,-54.339453],[-38.017432,-54.008008],[-37.232812,-54.060547],[-37.10332,-54.065625]]]]}},{"type":"Feature","properties":{"name":"British Indian Ocean Territory","state":"British Indian Ocean Territory","abbr":"IO","iso":"IOT","kind":"country","scope":"world","isUSA":false,"continent":"Seven seas (open ocean)"},"geometry":{"type":"Polygon","coordinates":[[[72.491992,-7.377441],[72.349707,-7.263379],[72.447266,-7.395703],[72.498535,-7.294824],[72.491992,-7.377441]]]}},{"type":"Feature","properties":{"name":"Saint Helena","state":"Saint Helena","abbr":"SH","iso":"SHN","kind":"country","scope":"world","isUSA":false,"continent":"Seven seas (open ocean)"},"geometry":{"type":"MultiPolygon","coordinates":[[[[-5.692139,-15.997754],[-5.78252,-16.004004],[-5.775049,-15.956738],[-5.707861,-15.906152],[-5.6625,-15.912793],[-5.659717,-15.970898],[-5.692139,-15.997754]]],[[[-14.364355,-7.974316],[-14.398682,-7.975781],[-14.408691,-7.96748],[-14.414941,-7.94375],[-14.398584,-7.905762],[-14.383643,-7.882617],[-14.3604,-7.885938],[-14.328857,-7.912598],[-14.302539,-7.935449],[-14.316797,-7.956152],[-14.364355,-7.974316]]]]}},{"type":"Feature","properties":{"name":"Pitcairn Islands","state":"Pitcairn Islands","abbr":"PN","iso":"PCN","kind":"country","scope":"world","isUSA":false,"continent":"Oceania"},"geometry":{"type":"Polygon","coordinates":[[[-128.290088,-24.397363],[-128.3,-24.412598],[-128.320654,-24.399707],[-128.342187,-24.370703],[-128.350195,-24.340234],[-128.330127,-24.323242],[-128.303613,-24.333594],[-128.29082,-24.364648],[-128.290088,-24.397363]]]}},{"type":"Feature","properties":{"name":"Anguilla","state":"Anguilla","abbr":"AI","iso":"AIA","kind":"country","scope":"world","isUSA":false,"continent":"North America"},"geometry":{"type":"Polygon","coordinates":[[[-63.001221,18.221777],[-63.16001,18.171387],[-62.97959,18.264795],[-63.001221,18.221777]]]}},{"type":"Feature","properties":{"name":"Falkland Islands","state":"Falkland Islands","abbr":"FK","iso":"FLK","kind":"country","scope":"world","isUSA":false,"continent":"South America"},"geometry":{"type":"MultiPolygon","coordinates":[[[[-58.850195,-51.269922],[-58.42583,-51.324219],[-58.508936,-51.483594],[-58.271582,-51.574707],[-58.259229,-51.41709],[-57.976514,-51.384375],[-57.808496,-51.517969],[-57.960449,-51.583203],[-57.791797,-51.636133],[-58.683496,-51.93623],[-58.652783,-52.099219],[-59.19585,-52.017676],[-59.068018,-52.173047],[-59.532227,-52.236426],[-59.64873,-52.134375],[-59.570801,-51.925391],[-59.059521,-51.685449],[-58.91748,-51.27207],[-58.850195,-51.269922]]],[[[-60.28623,-51.461914],[-59.268066,-51.427539],[-60.384229,-52.154004],[-60.961426,-52.057324],[-60.238477,-51.771973],[-60.58252,-51.712695],[-60.245166,-51.638867],[-60.568457,-51.357812],[-60.445459,-51.399414],[-60.28623,-51.461914]]],[[[-61.01875,-51.785742],[-60.875977,-51.794238],[-60.947559,-51.946289],[-61.05166,-51.813965],[-61.01875,-51.785742]]],[[[-58.438818,-52.011035],[-58.432715,-52.099023],[-58.512842,-52.071094],[-58.541406,-52.028418],[-58.49707,-51.999414],[-58.460547,-52.001563],[-58.438818,-52.011035]]],[[[-60.111719,-51.395898],[-60.275342,-51.280566],[-60.076465,-51.342578],[-60.111719,-51.395898]]],[[[-59.682666,-52.231641],[-59.793311,-52.13418],[-59.681006,-52.180078],[-59.682666,-52.231641]]]]}},{"type":"Feature","properties":{"name":"Cayman Islands","state":"Cayman Islands","abbr":"KY","iso":"CYM","kind":"country","scope":"world","isUSA":false,"continent":"North America"},"geometry":{"type":"MultiPolygon","coordinates":[[[[-81.369531,19.348877],[-81.107129,19.305176],[-81.404785,19.278418],[-81.391016,19.384912],[-81.369531,19.348877]]],[[[-79.979004,19.708203],[-80.125879,19.668359],[-79.975098,19.709961],[-79.979004,19.708203]]],[[[-79.823389,19.711914],[-79.870068,19.69668],[-79.906201,19.702539],[-79.824219,19.744092],[-79.803125,19.758105],[-79.785156,19.765625],[-79.766357,19.765723],[-79.742285,19.757129],[-79.742285,19.750879],[-79.823389,19.711914]]]]}},{"type":"Feature","properties":{"name":"Bermuda","state":"Bermuda","abbr":"BM","iso":"BMU","kind":"country","scope":"world","isUSA":false,"continent":"North America"},"geometry":{"type":"Polygon","coordinates":[[[-64.730273,32.293457],[-64.862842,32.273877],[-64.668311,32.381934],[-64.730273,32.293457]]]}},{"type":"Feature","properties":{"name":"British Virgin Islands","state":"British Virgin Islands","abbr":"VG","iso":"VGB","kind":"country","scope":"world","isUSA":false,"continent":"North America"},"geometry":{"type":"MultiPolygon","coordinates":[[[[-64.395215,18.4646],[-64.421143,18.457422],[-64.438037,18.458984],[-64.44375,18.473389],[-64.426074,18.513086],[-64.324658,18.51748],[-64.395215,18.4646]]],[[[-64.593652,18.402832],[-64.695117,18.41167],[-64.545166,18.438135],[-64.593652,18.402832]]],[[[-64.287891,18.740576],[-64.273584,18.707129],[-64.282324,18.707715],[-64.339453,18.730713],[-64.383398,18.732617],[-64.401465,18.738574],[-64.411426,18.751172],[-64.323096,18.752686],[-64.287891,18.740576]]]]}},{"type":"Feature","properties":{"name":"Turks and Caicos Islands","state":"Turks and Caicos Islands","abbr":"TC","iso":"TCA","kind":"country","scope":"world","isUSA":false,"continent":"North America"},"geometry":{"type":"MultiPolygon","coordinates":[[[[-71.661426,21.765234],[-71.847656,21.843457],[-71.636914,21.787549],[-71.661426,21.765234]]],[[[-71.879932,21.84043],[-72.010645,21.950439],[-71.899609,21.8625],[-71.879932,21.84043]]],[[[-72.332812,21.851367],[-72.144336,21.792725],[-72.342383,21.795312],[-72.332812,21.851367]]]]}},{"type":"Feature","properties":{"name":"Montserrat","state":"Montserrat","abbr":"MS","iso":"MSR","kind":"country","scope":"world","isUSA":false,"continent":"North America"},"geometry":{"type":"Polygon","coordinates":[[[-62.148438,16.740332],[-62.154248,16.681201],[-62.221631,16.699512],[-62.223047,16.751562],[-62.191357,16.804395],[-62.175781,16.80957],[-62.148438,16.740332]]]}},{"type":"Feature","properties":{"name":"Jersey","state":"Jersey","abbr":"JE","iso":"JEY","kind":"country","scope":"world","isUSA":false,"continent":"Europe"},"geometry":{"type":"Polygon","coordinates":[[[-2.018652,49.23125],[-2.23584,49.176367],[-2.082227,49.255371],[-2.018652,49.23125]]]}},{"type":"Feature","properties":{"name":"Guernsey","state":"Guernsey","abbr":"GG","iso":"GGY","kind":"country","scope":"world","isUSA":false,"continent":"Europe"},"geometry":{"type":"Polygon","coordinates":[[[-2.512305,49.494531],[-2.646143,49.468213],[-2.520898,49.506299],[-2.512305,49.494531]]]}},{"type":"Feature","properties":{"name":"Isle of Man","state":"Isle of Man","abbr":"IM","iso":"IMN","kind":"country","scope":"world","isUSA":false,"continent":"Europe"},"geometry":{"type":"Polygon","coordinates":[[[-4.412061,54.185352],[-4.785352,54.073047],[-4.424707,54.407178],[-4.392285,54.225391],[-4.412061,54.185352]]]}},{"type":"Feature","properties":{"name":"United Kingdom","state":"United Kingdom","abbr":"GB","iso":"GBR","kind":"country","scope":"world","isUSA":false,"continent":"Europe"},"geometry":{"type":"MultiPolygon","coordinates":[[[[-2.667676,51.622998],[-3.562354,51.413818],[-4.23457,51.569092],[-4.091016,51.659912],[-4.386279,51.741064],[-4.902295,51.62627],[-5.262305,51.880176],[-4.149365,52.32627],[-3.980322,52.541748],[-4.101465,52.915479],[-4.683057,52.806152],[-4.268555,53.144531],[-3.764209,53.307617],[-3.097559,53.260303],[-3.064746,53.426855],[-2.749512,53.310205],[-3.0646,53.512842],[-2.867578,54.177246],[-3.165967,54.12793],[-3.592041,54.564355],[-3.03623,54.953076],[-3.95791,54.780957],[-4.818066,54.846143],[-4.91123,54.689453],[-5.135498,54.85752],[-5.172705,54.985889],[-4.676758,55.501318],[-4.891846,55.699121],[-4.826074,55.929541],[-4.584082,55.938672],[-4.844092,56.051172],[-4.800293,56.15835],[-5.2146,55.888867],[-5.222949,56.06582],[-4.996973,56.23335],[-5.383447,56.019238],[-5.556445,55.3896],[-5.768213,55.362646],[-5.504492,55.802393],[-5.622852,55.813135],[-5.534961,56.25083],[-5.188379,56.758057],[-5.652441,56.531982],[-6.132764,56.718018],[-5.730615,56.853076],[-5.861426,56.902686],[-5.561914,57.232715],[-5.794922,57.378809],[-5.581787,57.546777],[-5.744922,57.668311],[-5.60835,57.881348],[-5.157227,57.881348],[-5.413184,58.069727],[-5.338281,58.238721],[-5.008301,58.262646],[-5.016748,58.566553],[-3.053076,58.634814],[-3.212354,58.32124],[-3.990039,57.959033],[-4.035596,57.852002],[-3.857129,57.818555],[-4.134521,57.577734],[-3.294531,57.710156],[-1.867383,57.612354],[-1.780664,57.474023],[-2.500977,56.636572],[-3.309961,56.363477],[-2.885156,56.39751],[-2.674268,56.253418],[-3.362256,56.027637],[-3.789062,56.095215],[-2.14707,55.902979],[-1.655371,55.570361],[-1.232422,54.703711],[-0.084375,54.118066],[-0.205566,54.021729],[0.115332,53.609277],[-0.659912,53.724023],[-0.293701,53.692334],[0.270996,53.335498],[0.355762,53.159961],[0.045898,52.905615],[0.279785,52.808691],[0.558789,52.966943],[1.271289,52.924561],[1.743359,52.578516],[1.591406,52.119775],[1.232422,51.97124],[1.274414,51.845361],[0.752246,51.72959],[0.890918,51.571436],[0.424512,51.465625],[1.414941,51.363281],[1.397559,51.182031],[0.960156,50.925879],[0.205078,50.763037],[-1.416455,50.896875],[-1.334473,50.820801],[-2.031055,50.725391],[-2.03584,50.603076],[-2.999414,50.716602],[-3.40459,50.632422],[-3.679785,50.239941],[-4.19458,50.393311],[-5.118506,50.03833],[-5.655176,50.077246],[-4.188184,51.188525],[-3.135986,51.205029],[-2.433057,51.740723],[-2.539355,51.695215],[-2.667676,51.622998]]],[[[-4.196777,53.321436],[-4.049365,53.305762],[-4.471973,53.176367],[-4.567871,53.386475],[-4.315088,53.417236],[-4.196777,53.321436]]],[[[-2.548877,59.231348],[-2.662061,59.230176],[-2.429834,59.271045],[-2.548877,59.231348]]],[[[-1.042529,60.513867],[-1.093311,60.720215],[-1.034229,60.530176],[-1.042529,60.513867]]],[[[-1.308105,60.5375],[-1.052441,60.444482],[-1.299463,59.878662],[-1.290918,60.153467],[-1.66377,60.28252],[-1.374609,60.33291],[-1.571777,60.494434],[-1.301709,60.607666],[-1.308105,60.5375]]],[[[-0.774268,60.811963],[-0.922266,60.697266],[-0.801807,60.83125],[-0.774268,60.811963]]],[[[-3.164941,58.794189],[-3.394727,58.909619],[-3.158545,58.801221],[-3.164941,58.794189]]],[[[-2.929395,58.741602],[-3.035449,58.822656],[-2.913086,58.799609],[-2.929395,58.741602]]],[[[-3.057422,59.029639],[-2.762451,58.955811],[-3.353711,59.01875],[-3.248584,59.143945],[-3.02002,59.057666],[-3.057422,59.029639]]],[[[-2.729395,59.186768],[-3.052051,59.323877],[-2.719922,59.219482],[-2.729395,59.186768]]],[[[-6.607617,56.58501],[-6.664453,56.579443],[-6.668555,56.593604],[-6.569922,56.66123],[-6.506055,56.672363],[-6.483691,56.665771],[-6.530078,56.626611],[-6.607617,56.58501]]],[[[-5.10542,55.448828],[-5.331494,55.481055],[-5.370801,55.666943],[-5.185449,55.690967],[-5.094727,55.494336],[-5.10542,55.448828]]],[[[-5.777881,56.344336],[-6.313428,56.293652],[-6.138867,56.490625],[-6.319678,56.569434],[-6.102734,56.645654],[-5.76084,56.490674],[-5.777881,56.344336]]],[[[-6.128906,55.930566],[-6.088379,55.65752],[-6.305078,55.606934],[-6.301758,55.780615],[-6.491357,55.697314],[-6.215674,55.90459],[-6.128906,55.930566]]],[[[-5.970068,55.814551],[-6.071973,55.893115],[-5.725146,56.118555],[-5.797217,56.005615],[-5.970068,55.814551]]],[[[-6.198682,58.363281],[-6.55459,58.092871],[-6.425195,58.021289],[-7.083447,57.81377],[-6.856836,57.923535],[-7.05708,58.003174],[-7.028418,58.222314],[-6.726465,58.189404],[-6.742285,58.321631],[-6.194238,58.435107],[-6.198682,58.363281]]],[[[-6.279053,56.964697],[-6.432617,57.01792],[-6.260547,56.985254],[-6.279053,56.964697]]],[[[-6.144727,57.50498],[-6.135547,57.314258],[-5.668652,57.226904],[-5.987305,57.044434],[-6.034375,57.201221],[-6.761133,57.442383],[-6.357666,57.666797],[-6.166064,57.585303],[-6.144727,57.50498]]],[[[-7.205566,57.682959],[-7.092773,57.62666],[-7.182617,57.533301],[-7.514746,57.601953],[-7.271191,57.657471],[-7.205566,57.682959]]],[[[-7.249854,57.115332],[-7.381494,57.130664],[-7.410547,57.381104],[-7.267139,57.371777],[-7.247559,57.126367],[-7.249854,57.115332]]],[[[-7.416895,56.96543],[-7.542969,56.972363],[-7.398926,56.98335],[-7.416895,56.96543]]],[[[-6.218018,54.088721],[-6.649805,54.058643],[-7.007715,54.406689],[-7.324512,54.133447],[-7.606543,54.143848],[-8.144824,54.453516],[-7.754395,54.594922],[-7.910596,54.69834],[-7.550391,54.767969],[-7.218652,55.091992],[-6.12915,55.217383],[-5.716846,54.81748],[-5.878613,54.641309],[-5.58252,54.663428],[-5.47041,54.500195],[-5.671094,54.549756],[-5.606787,54.272559],[-6.119531,54.058887],[-6.218018,54.088721]]],[[[-1.065576,50.690234],[-1.563428,50.666113],[-1.144238,50.734717],[-1.065576,50.690234]]]]}},{"type":"Feature","properties":{"name":"United Arab Emirates","state":"United Arab Emirates","abbr":"AE","iso":"ARE","kind":"country","scope":"world","isUSA":false,"continent":"Asia"},"geometry":{"type":"MultiPolygon","coordinates":[[[[56.297852,25.650684],[56.387988,24.979199],[56.063867,24.73877],[56.000586,24.953223],[55.795703,24.868115],[55.76084,24.242676],[55.985156,24.063379],[55.468457,23.941113],[55.119434,22.623926],[52.555078,22.932812],[51.572168,24.12832],[51.605469,24.338428],[51.906055,23.985352],[52.648242,24.154639],[53.893359,24.077051],[54.39707,24.278174],[54.746777,24.810449],[55.941211,25.793994],[56.080469,26.062646],[56.278516,25.627734],[56.297852,25.650684]],[[56.281836,25.235547],[56.287793,25.278613],[56.277344,25.300879],[56.234277,25.303809],[56.216504,25.266699],[56.210547,25.213281],[56.240234,25.208838],[56.281836,25.235547]]],[[[53.332227,24.258594],[53.190918,24.290918],[53.412402,24.411035],[53.382617,24.280859],[53.332227,24.258594]]],[[[52.616895,24.288574],[52.6,24.281299],[52.582227,24.335254],[52.583594,24.352344],[52.629395,24.376758],[52.657617,24.332617],[52.616895,24.288574]]],[[[53.927832,24.177197],[53.634473,24.169775],[53.89375,24.215137],[53.927832,24.177197]]],[[[54.46543,24.442773],[54.456641,24.42334],[54.428418,24.425098],[54.357715,24.442773],[54.334766,24.471045],[54.378906,24.50459],[54.39834,24.506348],[54.426563,24.471045],[54.46543,24.442773]]]]}},{"type":"Feature","properties":{"name":"Ukraine","state":"Ukraine","abbr":"UA","iso":"UKR","kind":"country","scope":"world","isUSA":false,"continent":"Europe"},"geometry":{"type":"MultiPolygon","coordinates":[[[[38.214355,47.091455],[37.543359,47.074561],[36.794824,46.714404],[35.827148,46.624316],[35.014551,46.106006],[35.280176,46.279492],[35.230371,46.440625],[34.849609,46.189893],[34.946428,45.728686],[34.686878,45.97695],[33.806667,46.208288],[33.429883,46.057617],[33.202246,46.175732],[32.476758,46.083691],[31.83125,46.281689],[32.008496,46.42998],[31.554883,46.554297],[32.361328,46.474951],[32.578027,46.615625],[32.044336,46.64248],[31.75918,47.212842],[31.872852,46.649756],[31.532129,46.664746],[31.563379,46.777295],[30.796289,46.552002],[30.219043,45.866748],[29.628418,45.722461],[29.705859,45.259912],[29.403711,45.419678],[28.760742,45.234131],[28.2125,45.450439],[28.499023,45.517725],[28.491602,45.665771],[28.947754,46.049951],[28.958398,46.458496],[30.131055,46.423096],[29.924316,46.538867],[29.877832,46.828906],[29.571973,46.964014],[29.53916,47.270996],[29.134863,47.489697],[29.125391,47.964551],[27.549219,48.477734],[26.84707,48.387158],[26.305664,48.20376],[26.162695,47.992529],[24.893359,47.717773],[24.484082,47.947119],[23.139453,48.087402],[22.87666,47.947266],[22.131836,48.405322],[22.142871,48.568506],[22.538672,49.072705],[22.839746,49.038916],[22.705664,49.171191],[22.706152,49.606201],[24.089941,50.530469],[23.978418,50.785596],[24.095801,50.872754],[23.664453,51.310059],[23.608594,51.610498],[23.97832,51.591309],[24.361914,51.867529],[25.925293,51.913525],[27.141992,51.752051],[27.7,51.477979],[28.183789,51.607861],[28.73125,51.433398],[29.102051,51.627539],[29.346484,51.382568],[30.160742,51.477881],[30.544531,51.265039],[30.583887,51.688965],[30.980664,52.046191],[32.122266,52.050586],[32.435449,52.307227],[33.735254,52.344775],[34.397852,51.78042],[34.121094,51.67915],[34.213867,51.255371],[35.064063,51.203418],[35.311914,51.043896],[35.411621,50.539697],[35.591113,50.36875],[36.116406,50.408545],[36.619434,50.209229],[37.422852,50.411475],[38.046875,49.92002],[38.258594,50.052344],[40.080664,49.576855],[40.108789,49.251562],[39.686523,49.00791],[40.003613,48.82207],[39.792871,48.807715],[39.644727,48.591211],[39.835645,48.542773],[39.95791,48.268896],[39.778711,47.887549],[38.822266,47.837012],[38.287402,47.55918],[38.205859,47.135596],[38.214355,47.091455]]],[[[32.012207,46.203906],[32.150098,46.154687],[31.508789,46.373145],[31.638477,46.272559],[32.012207,46.203906]]]]}},{"type":"Feature","properties":{"name":"Uganda","state":"Uganda","abbr":"UG","iso":"UGA","kind":"country","scope":"world","isUSA":false,"continent":"Africa"},"geometry":{"type":"Polygon","coordinates":[[[33.903223,-1.002051],[30.80918,-0.994922],[30.360254,-1.074609],[29.930078,-1.469922],[29.825391,-1.335547],[29.576953,-1.387891],[29.717676,0.09834],[29.942871,0.819238],[31.252734,2.04458],[31.176367,2.270068],[30.728613,2.455371],[30.838574,3.490723],[31.048047,3.725],[31.798047,3.802637],[32.135938,3.519727],[32.997266,3.880176],[33.489355,3.755078],[33.976074,4.220215],[34.165039,3.812988],[34.437695,3.650586],[34.447852,3.163477],[34.905762,2.479687],[34.976465,1.719629],[34.798633,1.244531],[34.481738,1.042139],[33.943164,0.173779],[33.9,-0.831641],[33.903223,-1.002051]]]}},{"type":"Feature","properties":{"name":"Turkmenistan","state":"Turkmenistan","abbr":"TM","iso":"TKM","kind":"country","scope":"world","isUSA":false,"continent":"Asia"},"geometry":{"type":"MultiPolygon","coordinates":[[[[53.10957,38.803076],[53.100195,38.756152],[53.045898,38.897217],[53.018555,39.052734],[53.05332,39.096582],[53.092188,39.094092],[53.055176,39.037939],[53.10957,38.803076]]],[[[55.977441,41.322217],[57.017969,41.263477],[57.118848,41.350293],[56.964063,41.856543],[57.290625,42.123779],[57.814258,42.189844],[58.028906,42.487646],[58.474414,42.299365],[58.151563,42.628076],[58.589063,42.778467],[59.354297,42.323291],[59.985156,42.211719],[59.941797,41.973535],[60.200781,41.803125],[60.075586,41.759668],[60.089648,41.399414],[60.45498,41.221631],[61.496973,41.276074],[61.902832,41.093701],[62.483203,39.975635],[63.763672,39.160547],[65.612891,38.238574],[66.574512,38.010791],[66.522266,37.348486],[65.765039,37.569141],[65.55498,37.251172],[64.816309,37.13208],[64.511035,36.340674],[64.009668,36.012109],[63.12998,35.846191],[63.056641,35.445801],[62.307813,35.170801],[61.983887,35.443701],[61.262012,35.61958],[61.119629,36.642578],[60.341309,36.637646],[59.301758,37.510645],[58.261621,37.66582],[57.353711,37.97334],[57.193555,38.216406],[56.440625,38.249414],[56.27207,38.08042],[55.380859,38.051123],[54.900098,37.77793],[54.699414,37.470166],[53.91416,37.343555],[53.868652,38.949268],[53.70459,39.20957],[53.156641,39.26499],[53.235645,39.608545],[53.603125,39.546973],[53.487305,39.909375],[52.9875,39.987598],[53.035547,39.774414],[52.733691,40.39873],[52.943457,41.038086],[53.145215,40.824951],[53.615234,40.818506],[53.87002,40.648682],[54.377344,40.693262],[54.319434,40.83457],[54.685059,40.873047],[54.703711,41.071143],[54.094824,41.519385],[53.804688,42.117627],[52.97002,41.976221],[52.814844,41.711816],[52.850391,41.200293],[52.493848,41.780371],[53.055859,42.147754],[54.120996,42.335205],[54.853809,41.965186],[55.434375,41.296289],[55.934961,41.324121],[55.977441,41.322217]]]]}},{"type":"Feature","properties":{"name":"Turkey","state":"Turkey","abbr":"TR","iso":"TUR","kind":"country","scope":"world","isUSA":false,"continent":"Asia"},"geometry":{"type":"MultiPolygon","coordinates":[[[[25.97002,40.136328],[25.668945,40.135889],[25.977051,40.177832],[25.97002,40.136328]]],[[[41.510059,41.51748],[42.466406,41.439844],[42.787891,41.563721],[43.631641,40.929004],[43.666211,40.126367],[44.399609,39.995752],[44.817188,39.650439],[44.587109,39.768555],[44.389355,39.422119],[44.023242,39.377441],[44.298535,38.386279],[44.449902,38.334229],[44.211328,37.908057],[44.589941,37.710352],[44.765137,37.142432],[44.281836,36.978027],[44.114453,37.301855],[42.774609,37.371875],[42.358984,37.108594],[42.202734,37.297266],[41.515527,37.08916],[40.705664,37.097705],[39.356641,36.681592],[38.191699,36.901562],[37.436328,36.643311],[36.658594,36.802539],[36.5375,36.457422],[36.636719,36.233984],[36.375391,36.17124],[36.127344,35.831445],[35.892676,35.916553],[35.810938,36.309863],[36.188477,36.658984],[36.048926,36.910596],[35.393164,36.575195],[34.703613,36.816797],[33.694727,36.181982],[32.794824,36.035889],[31.352539,36.801074],[30.644043,36.865674],[30.446094,36.269873],[29.689063,36.156689],[29.223633,36.324463],[28.969629,36.715332],[27.453906,36.712158],[28.242383,37.029053],[27.262988,36.976562],[27.300195,37.126855],[27.535059,37.163867],[27.067969,37.65791],[27.224414,37.725439],[27.232422,37.978662],[26.290723,38.277197],[26.441309,38.641211],[26.674219,38.335742],[27.144238,38.451953],[26.906836,38.481738],[26.763672,38.709619],[27.013672,38.886865],[26.814941,38.960986],[26.681836,39.292236],[26.899219,39.549658],[26.113086,39.467383],[26.181348,39.990088],[26.738086,40.400244],[27.728027,40.328809],[27.874902,40.512939],[27.962598,40.369873],[29.007129,40.389746],[28.787891,40.534033],[29.844922,40.738086],[29.113867,40.937842],[29.148145,41.221045],[31.254883,41.107617],[32.306445,41.72959],[33.284766,42.00459],[35.006445,42.063281],[35.297754,41.728516],[36.051758,41.682568],[36.405371,41.274609],[36.777734,41.363477],[38.381055,40.924512],[39.426367,41.106445],[40.265234,40.961328],[41.414355,41.423633],[41.510059,41.51748]]],[[[28.014453,41.969043],[28.197852,41.554492],[29.057227,41.229736],[28.95625,41.008203],[27.499414,40.973145],[26.202734,40.075391],[26.253809,40.314697],[26.79209,40.626611],[26.105469,40.611328],[26.038965,40.726758],[26.331055,40.954492],[26.330664,41.23877],[26.624902,41.401758],[26.327246,41.772803],[27.244336,42.093262],[27.534863,41.920801],[27.879199,41.986621],[28.014453,41.969043]]]]}},{"type":"Feature","properties":{"name":"Tunisia","state":"Tunisia","abbr":"TN","iso":"TUN","kind":"country","scope":"world","isUSA":false,"continent":"Africa"},"geometry":{"type":"MultiPolygon","coordinates":[[[[11.50459,33.181934],[11.50498,32.413672],[10.274609,31.684961],[10.114941,31.46377],[10.216406,30.783203],[9.89502,30.387305],[9.51875,30.229395],[9.044043,32.072363],[8.333398,32.543604],[8.1125,33.055322],[7.731348,33.268506],[7.500195,33.832471],[7.513867,34.080518],[8.245605,34.734082],[8.394238,35.203857],[8.24707,35.801807],[8.34873,36.367969],[8.207617,36.518945],[8.576563,36.937207],[9.687988,37.340381],[9.838477,37.308984],[9.830273,37.135352],[9.875586,37.25415],[10.196387,37.205859],[10.412305,36.731836],[11.053906,37.07251],[11.12666,36.874072],[10.476562,36.175146],[10.59082,35.887256],[11.004297,35.633838],[11.120117,35.240283],[10.040039,34.140332],[10.305273,33.728271],[10.713184,33.689014],[10.722754,33.514404],[10.958008,33.626318],[11.202637,33.249219],[11.400586,33.224902],[11.50459,33.181934]]],[[[11.278027,34.753809],[11.123633,34.681689],[11.281055,34.802197],[11.278027,34.753809]]],[[[10.957617,33.72207],[10.72207,33.738916],[10.745215,33.888672],[10.993066,33.745947],[10.957617,33.72207]]]]}},{"type":"Feature","properties":{"name":"Trinidad and Tobago","state":"Trinidad and Tobago","abbr":"TT","iso":"TTO","kind":"country","scope":"world","isUSA":false,"continent":"North America"},"geometry":{"type":"MultiPolygon","coordinates":[[[[-60.756299,11.178516],[-60.810645,11.168604],[-60.804297,11.208398],[-60.708936,11.277246],[-60.562793,11.323535],[-60.525488,11.325391],[-60.546484,11.263721],[-60.756299,11.178516]]],[[[-61.012109,10.134326],[-61.906104,10.069141],[-61.499316,10.268555],[-61.478271,10.603369],[-61.651172,10.718066],[-60.917627,10.840234],[-61.004102,10.167822],[-61.012109,10.134326]]]]}},{"type":"Feature","properties":{"name":"Tonga","state":"Tonga","abbr":"TO","iso":"TON","kind":"country","scope":"world","isUSA":false,"continent":"Oceania"},"geometry":{"type":"MultiPolygon","coordinates":[[[[-175.161914,-21.169336],[-175.362354,-21.106836],[-175.199756,-21.155664],[-175.161914,-21.169336]]],[[[-173.953516,-18.639355],[-174.069141,-18.640234],[-173.923975,-18.608496],[-173.953516,-18.639355]]],[[[-174.913135,-21.300488],[-174.918652,-21.450586],[-174.923486,-21.303418],[-174.913135,-21.300488]]]]}},{"type":"Feature","properties":{"name":"Togo","state":"Togo","abbr":"TG","iso":"TGO","kind":"country","scope":"world","isUSA":false,"continent":"Africa"},"geometry":{"type":"Polygon","coordinates":[[[0.900488,10.993262],[0.763379,10.38667],[1.330078,9.996973],[1.385742,9.36167],[1.600195,9.050049],[1.530957,6.992432],[1.77793,6.294629],[1.187207,6.089404],[0.736914,6.452588],[0.525586,6.850928],[0.634766,7.353662],[0.5,7.546875],[0.688086,8.304248],[0.372559,8.759277],[0.525684,9.398486],[0.233398,9.463525],[0.380859,10.291846],[-0.086328,10.673047],[-0.068604,11.115625],[0.642969,10.983057],[0.900488,10.993262]]]}},{"type":"Feature","properties":{"name":"East Timor","state":"East Timor","abbr":"TL","iso":"TLS","kind":"country","scope":"world","isUSA":false,"continent":"Asia"},"geometry":{"type":"MultiPolygon","coordinates":[[[[125.646094,-8.139941],[125.507129,-8.275098],[125.621094,-8.15],[125.646094,-8.139941]]],[[[125.068164,-9.511914],[124.960156,-9.21377],[125.149023,-9.042578],[124.922266,-8.94248],[125.178027,-8.647852],[126.966406,-8.315723],[127.296094,-8.424512],[126.915234,-8.715234],[125.210254,-9.403516],[125.068164,-9.511914]]],[[[124.036328,-9.341602],[124.444434,-9.190332],[124.319336,-9.41377],[124.052441,-9.375391],[124.036328,-9.341602]]]]}},{"type":"Feature","properties":{"name":"Thailand","state":"Thailand","abbr":"TH","iso":"THA","kind":"country","scope":"world","isUSA":false,"continent":"Asia"},"geometry":{"type":"MultiPolygon","coordinates":[[[[102.606445,11.676514],[102.589941,11.572168],[102.568945,11.691699],[102.606445,11.676514]]],[[[102.426758,11.988721],[102.277441,12.151855],[102.408398,12.025098],[102.426758,11.988721]]],[[[98.409082,7.902051],[98.296289,7.776074],[98.32207,8.166309],[98.398828,7.964551],[98.409082,7.902051]]],[[[100.122461,20.31665],[100.317969,20.385889],[100.519531,20.17793],[100.397656,19.756104],[100.513574,19.553467],[101.211914,19.54834],[101.286328,18.977148],[101.046973,18.441992],[101.143945,18.142627],[100.955859,17.541113],[101.16748,17.499023],[102.101465,18.210645],[102.660645,17.817969],[103.051367,18.028516],[103.288281,18.408398],[103.949609,18.318994],[104.816016,17.300293],[104.819336,16.466064],[105.641016,15.656543],[105.475586,14.530127],[105.074121,14.227441],[104.779004,14.427832],[103.199414,14.332617],[102.546875,13.585693],[102.319727,13.53999],[102.499609,12.669971],[102.755664,12.42627],[102.933887,11.706689],[102.594141,12.203027],[102.540234,12.109229],[101.835742,12.640381],[100.897754,12.653809],[100.962695,13.431982],[100.60293,13.568164],[100.01748,13.353174],[99.989062,12.170801],[99.165039,10.319824],[99.160742,9.734033],[99.253906,9.265234],[99.835547,9.288379],[99.989551,8.589209],[100.279395,8.268506],[100.545215,7.226904],[100.256641,7.774902],[100.160742,7.599268],[100.423535,7.187842],[101.017871,6.860937],[101.497949,6.865283],[102.101074,6.242236],[101.873633,5.825293],[101.556055,5.907764],[101.113965,5.636768],[100.981641,5.771045],[101.053516,6.242578],[100.261426,6.682715],[100.119141,6.441992],[99.695996,6.87666],[99.596973,7.355615],[99.358594,7.372217],[98.703516,8.256738],[98.579199,8.344287],[98.360742,8.186963],[98.238184,8.423096],[98.757227,10.660937],[99.614746,11.781201],[99.123926,13.030762],[99.136816,13.716699],[98.202148,14.975928],[98.191016,15.204102],[98.556934,15.367676],[98.592383,16.050684],[98.888281,16.351904],[98.660742,16.33042],[98.438867,16.975684],[97.706445,17.797119],[97.632227,18.290332],[97.373926,18.517969],[97.745898,18.588184],[97.816797,19.459961],[98.015039,19.749512],[98.916699,19.7729],[99.074219,20.099365],[99.485938,20.149854],[99.458887,20.363037],[100.003613,20.37959],[100.122461,20.31665]]],[[[100.074121,9.69668],[99.983398,9.793555],[100.073047,9.749121],[100.074121,9.69668]]],[[[100.070703,9.586035],[99.962402,9.421631],[100.042969,9.576855],[100.070703,9.586035]]],[[[99.663086,6.521924],[99.654004,6.714111],[99.701367,6.570557],[99.663086,6.521924]]],[[[98.591992,7.933936],[98.57998,7.917041],[98.529395,8.108545],[98.604297,8.057324],[98.591992,7.933936]]],[[[98.30752,9.051465],[98.250781,9.04082],[98.258398,9.09541],[98.273633,9.129883],[98.301172,9.139111],[98.3125,9.080371],[98.30752,9.051465]]],[[[99.078418,7.591846],[99.104395,7.471289],[99.045117,7.636523],[99.078418,7.591846]]]]}},{"type":"Feature","properties":{"name":"Tanzania","state":"Tanzania","abbr":"TZ","iso":"TZA","kind":"country","scope":"world","isUSA":false,"continent":"Africa"},"geometry":{"type":"MultiPolygon","coordinates":[[[[39.496484,-6.174609],[39.480957,-6.453711],[39.182324,-6.172559],[39.308984,-5.721973],[39.487891,-6.166211],[39.496484,-6.174609]]],[[[39.865039,-4.906152],[39.749316,-5.443848],[39.673438,-4.927051],[39.780762,-4.944922],[39.865039,-4.906152]]],[[[32.919922,-9.407422],[31.942578,-9.054004],[31.350586,-8.607031],[30.968359,-8.550977],[30.212695,-7.037891],[29.54082,-6.313867],[29.607031,-5.722656],[29.323438,-4.898828],[29.403223,-4.449316],[29.947266,-4.307324],[30.811426,-3.200586],[30.780273,-2.984863],[30.424023,-2.824023],[30.533691,-2.42627],[30.828711,-2.338477],[30.876563,-2.143359],[30.812598,-1.563086],[30.519922,-1.0625],[33.979395,-1.002051],[37.643848,-3.04541],[37.608203,-3.49707],[39.221777,-4.692383],[38.804688,-6.070117],[38.874023,-6.33125],[39.546094,-7.024023],[39.288477,-7.517871],[39.441016,-8.011523],[39.304004,-8.443848],[39.641309,-9.19248],[39.725195,-10.000488],[40.463574,-10.464355],[39.321582,-11.122559],[38.491797,-11.413281],[37.920215,-11.294727],[37.724805,-11.580664],[37.372852,-11.710449],[36.978906,-11.566992],[36.305664,-11.706348],[35.911328,-11.454688],[35.564355,-11.602344],[34.959473,-11.578125],[34.60791,-11.080469],[34.569922,-10.241113],[34.320898,-9.731543],[33.995605,-9.49541],[33.888867,-9.670117],[32.937305,-9.399707],[32.919922,-9.407422]]],[[[39.711328,-7.977441],[39.60293,-7.936133],[39.907129,-7.649219],[39.761816,-7.911914],[39.711328,-7.977441]]]]}},{"type":"Feature","properties":{"name":"Tajikistan","state":"Tajikistan","abbr":"TJ","iso":"TJK","kind":"country","scope":"world","isUSA":false,"continent":"Asia"},"geometry":{"type":"MultiPolygon","coordinates":[[[[67.758984,37.172217],[67.814355,37.487012],[68.350293,38.211035],[68.087207,38.473535],[68.13252,38.927637],[67.357617,39.216699],[67.426172,39.465576],[67.719043,39.621387],[68.463281,39.536719],[68.97207,40.089941],[68.630664,40.16709],[69.274902,40.198096],[69.20625,40.566553],[69.357227,40.767383],[69.712891,40.656982],[70.401953,41.035107],[70.751074,40.721777],[70.371582,40.384131],[70.946387,40.187598],[70.515137,39.949902],[69.966797,40.202246],[69.530273,40.097314],[69.47627,39.919727],[69.278809,39.917773],[69.297656,39.524805],[70.501172,39.587354],[70.799316,39.394727],[71.470313,39.603662],[71.778613,39.277979],[72.042773,39.352148],[72.22998,39.20752],[72.563379,39.377197],[73.631641,39.448877],[73.80166,38.606885],[74.277441,38.659766],[74.812305,38.460303],[74.894238,37.601416],[75.11875,37.385693],[74.891309,37.231641],[74.349023,37.41875],[73.749609,37.231787],[73.627539,37.261572],[73.720605,37.41875],[73.38291,37.462256],[72.657422,37.029053],[71.665625,36.696924],[71.43291,37.127539],[71.582227,37.910107],[71.278516,37.918408],[71.255859,38.306982],[70.878906,38.456396],[70.214648,37.924414],[70.188672,37.582471],[69.49209,37.553076],[69.303906,37.116943],[68.911816,37.333936],[68.067773,36.949805],[67.766016,37.140137],[67.758984,37.172217]]],[[[70.652539,40.936621],[70.55,41.014893],[70.649219,40.96084],[70.652539,40.936621]]],[[[70.70166,39.825293],[70.482813,39.882715],[70.698242,39.84585],[70.70166,39.825293]]]]}},{"type":"Feature","properties":{"name":"Taiwan","state":"Taiwan","abbr":"TW","iso":"TWN","kind":"country","scope":"world","isUSA":false,"continent":"Asia"},"geometry":{"type":"MultiPolygon","coordinates":[[[[121.008789,22.620361],[120.839844,21.925],[120.742773,21.956006],[120.083398,23.093701],[120.132129,23.65293],[121.040625,25.032812],[121.593652,25.275342],[121.929004,24.97373],[121.16123,22.776367],[121.008789,22.620361]]],[[[118.407422,24.522119],[118.432715,24.414355],[118.339355,24.469141],[118.407422,24.522119]]]]}},{"type":"Feature","properties":{"name":"Syria","state":"Syria","abbr":"SY","iso":"SYR","kind":"country","scope":"world","isUSA":false,"continent":"Asia"},"geometry":{"type":"Polygon","coordinates":[[[35.892676,35.916553],[36.153613,35.833887],[36.375391,36.17124],[36.636719,36.233984],[36.5375,36.457422],[36.658594,36.802539],[37.436328,36.643311],[38.191699,36.901562],[39.356641,36.681592],[40.705664,37.097705],[41.515527,37.08916],[42.202734,37.297266],[42.358984,37.108594],[41.788574,36.597168],[41.295996,36.38335],[41.354102,35.64043],[41.194727,34.768994],[40.987012,34.429053],[36.818359,32.317285],[36.37207,32.386914],[35.787305,32.734912],[35.792531,33.334107],[36.034473,33.585059],[35.968457,33.732422],[36.365039,33.839355],[36.277832,33.925293],[36.584961,34.22124],[36.329883,34.499609],[36.383887,34.65791],[35.97627,34.629199],[35.902441,35.420703],[35.764453,35.571582],[35.839648,35.849219],[35.892676,35.916553]]]}},{"type":"Feature","properties":{"name":"Switzerland","state":"Switzerland","abbr":"CH","iso":"CHE","kind":"country","scope":"world","isUSA":false,"continent":"Europe"},"geometry":{"type":"Polygon","coordinates":[[[9.524023,47.524219],[9.625879,47.467041],[9.487695,47.062256],[10.133496,46.851514],[10.45459,46.899414],[10.430664,46.550049],[10.087012,46.599902],[10.12832,46.238232],[9.939258,46.361816],[9.528711,46.306201],[9.304395,46.495557],[8.953711,45.830029],[8.818555,46.077148],[8.458398,46.245898],[8.422559,46.446045],[7.787891,45.921826],[7.055762,45.903809],[6.77207,46.165137],[6.758105,46.415771],[6.428906,46.430518],[5.971484,46.151221],[6.160742,46.611035],[6.952051,47.267187],[6.968359,47.453223],[8.454004,47.596191],[8.572656,47.775635],[9.35,47.598926],[9.524023,47.524219]]]}},{"type":"Feature","properties":{"name":"Sweden","state":"Sweden","abbr":"SE","iso":"SWE","kind":"country","scope":"world","isUSA":false,"continent":"Europe"},"geometry":{"type":"MultiPolygon","coordinates":[[[[19.076465,57.835938],[18.813867,57.706201],[18.90791,57.39834],[18.146387,56.920508],[18.285352,57.083203],[18.105078,57.271875],[18.136523,57.556641],[18.956445,57.9],[19.076465,57.835938]]],[[[16.528516,56.290527],[16.40127,56.310889],[16.412305,56.568994],[17.117676,57.319824],[16.778027,56.805225],[16.528516,56.290527]]],[[[11.388281,59.036523],[11.642773,58.926074],[11.798145,59.289893],[11.680762,59.592285],[12.486133,60.106787],[12.588672,60.450732],[12.294141,61.002686],[12.706055,61.059863],[12.880762,61.352295],[12.155371,61.720752],[12.303516,62.285596],[12.114551,62.591895],[12.218164,63.000635],[11.999902,63.291699],[12.175195,63.595947],[12.792773,64],[13.960547,64.014014],[14.141211,64.173535],[14.077637,64.464014],[13.650293,64.581543],[14.479688,65.301465],[14.63457,65.793262],[14.543262,66.129346],[15.483789,66.305957],[15.422949,66.489844],[16.403516,67.05498],[16.193555,67.505176],[17.324609,68.103809],[17.916699,67.964893],[18.17666,68.200635],[18.162598,68.528418],[19.969824,68.356396],[20.240039,68.477539],[19.968848,68.542041],[20.348047,68.84873],[20.116699,69.020898],[20.895117,68.979834],[21.997461,68.520605],[22.854102,68.367334],[23.638867,67.954395],[23.501855,67.875195],[23.454883,67.460254],[23.733594,67.4229],[23.641504,67.129395],[23.988574,66.810547],[23.701172,66.480762],[23.700293,66.252637],[24.155469,65.805273],[23.102344,65.735352],[22.400977,65.862109],[22.254004,65.597559],[21.565527,65.408105],[21.60918,65.261377],[21.410352,65.317432],[21.573926,65.125781],[21.138184,64.808691],[21.519629,64.463086],[20.762695,63.867822],[18.606445,63.178271],[18.312891,62.996387],[18.463086,62.89585],[17.87959,62.873193],[18.037305,62.600537],[17.378418,62.462793],[17.633691,62.233008],[17.374512,61.866309],[17.46543,61.684473],[17.196387,61.724561],[17.130762,61.575732],[17.250977,60.700781],[17.955762,60.589795],[18.99043,59.827783],[17.964258,59.359375],[18.617578,59.327051],[18.285352,59.109375],[16.978125,58.65415],[16.214258,58.63667],[16.923828,58.492578],[16.651953,58.434326],[16.769922,58.214258],[16.555371,57.812256],[16.652246,57.500684],[16.475977,57.265137],[16.52793,57.068164],[15.920313,56.167383],[14.713965,56.134131],[14.754785,56.033154],[14.215039,55.832617],[14.341699,55.527734],[14.17373,55.396631],[12.88584,55.411377],[12.973926,55.748145],[12.471191,56.290527],[12.80166,56.263916],[12.656445,56.440576],[12.857422,56.452393],[12.883691,56.617725],[12.421484,56.906396],[11.734961,57.717676],[11.703223,57.973193],[11.449316,58.118359],[11.431543,58.33999],[11.248242,58.369141],[11.147168,58.988623],[11.295313,59.086865],[11.388281,59.036523]]],[[[19.156348,57.922607],[19.039258,57.911035],[19.331445,57.962891],[19.156348,57.922607]]],[[[18.416211,59.029102],[18.371875,59.01958],[18.349902,59.022607],[18.377246,59.069043],[18.397559,59.089111],[18.464941,59.107861],[18.485547,59.10459],[18.416211,59.029102]]],[[[18.59541,59.470361],[18.570312,59.437256],[18.545117,59.477832],[18.555176,59.485791],[18.572363,59.52583],[18.620898,59.547803],[18.698438,59.534619],[18.697949,59.524609],[18.623828,59.492188],[18.59541,59.470361]]]]}},{"type":"Feature","properties":{"name":"Eswatini","state":"Eswatini","abbr":"SZ","iso":"SWZ","kind":"country","scope":"world","isUSA":false,"continent":"Africa"},"geometry":{"type":"Polygon","coordinates":[[[31.948242,-25.957617],[32.112891,-26.839453],[31.994727,-26.81748],[31.958398,-27.305859],[31.063379,-27.112305],[30.794336,-26.764258],[30.789062,-26.455469],[31.088086,-25.980664],[31.382617,-25.742969],[31.92168,-25.96875],[31.948242,-25.957617]]]}},{"type":"Feature","properties":{"name":"Suriname","state":"Suriname","abbr":"SR","iso":"SUR","kind":"country","scope":"world","isUSA":false,"continent":"South America"},"geometry":{"type":"Polygon","coordinates":[[[-54.155957,5.358984],[-54.452197,5.013477],[-54.449609,4.48501],[-54.350732,4.054102],[-53.990479,3.589551],[-54.402002,2.461523],[-54.661865,2.327539],[-54.978662,2.597656],[-55.730566,2.406152],[-55.957471,2.520459],[-56.137695,2.259033],[-55.915332,2.039551],[-55.96333,1.85708],[-56.704346,2.036475],[-57.197363,2.853271],[-57.303662,3.3771],[-57.646729,3.394531],[-58.032227,4.001953],[-57.881104,4.880615],[-57.305762,5.049561],[-57.207324,5.214209],[-57.318555,5.335352],[-56.969824,5.992871],[-55.897607,5.699316],[-55.828174,5.96167],[-54.356152,5.909863],[-54.054199,5.80791],[-54.080469,5.502246],[-54.155957,5.358984]]]}},{"type":"Feature","properties":{"name":"South Sudan","state":"South Sudan","abbr":"SS","iso":"SSD","kind":"country","scope":"world","isUSA":false,"continent":"Africa"},"geometry":{"type":"Polygon","coordinates":[[[33.976074,4.220215],[33.489355,3.755078],[32.997266,3.880176],[32.135938,3.519727],[31.798047,3.802637],[31.547168,3.677588],[31.152344,3.785596],[30.838574,3.490723],[29.552051,4.636035],[29.224902,4.391895],[28.727051,4.50498],[28.19209,4.350244],[27.491016,4.967578],[27.143945,5.722949],[26.514258,6.069238],[26.361816,6.635303],[25.278906,7.42749],[25.200391,7.80791],[24.85332,8.137549],[24.291406,8.291406],[24.160449,8.696289],[24.531934,8.886914],[25.066992,10.293799],[25.798047,10.420508],[26.658691,9.484131],[27.880859,9.601611],[28.048926,9.328613],[28.844531,9.326074],[28.97959,9.594189],[29.473145,9.768604],[29.605469,10.065088],[30.003027,10.277393],[30.755371,9.731201],[31.154492,9.770947],[32.420801,11.089111],[32.338477,11.710107],[32.072266,12.006738],[32.736719,12.009668],[32.721875,12.223096],[33.199316,12.217285],[33.130078,10.745947],[33.907031,10.181445],[33.871484,9.506152],[34.078125,9.461523],[34.101758,8.676367],[33.95332,8.443506],[33.281055,8.437256],[32.998926,7.899512],[33.902441,7.509521],[34.710645,6.660303],[35.268359,5.492285],[34.176855,4.419092],[33.976074,4.220215]]]}},{"type":"Feature","properties":{"name":"Sudan","state":"Sudan","abbr":"SD","iso":"SDN","kind":"country","scope":"world","isUSA":false,"continent":"Africa"},"geometry":{"type":"Polygon","coordinates":[[[34.078125,9.461523],[33.871484,9.506152],[33.907031,10.181445],[33.130078,10.745947],[33.199316,12.217285],[32.721875,12.223096],[32.736719,12.009668],[32.072266,12.006738],[32.338477,11.710107],[32.420801,11.089111],[31.154492,9.770947],[30.755371,9.731201],[30.003027,10.277393],[29.605469,10.065088],[29.473145,9.768604],[28.97959,9.594189],[28.844531,9.326074],[28.048926,9.328613],[27.880859,9.601611],[26.658691,9.484131],[25.798047,10.420508],[25.066992,10.293799],[24.531934,8.886914],[24.147363,8.665625],[23.537305,8.81582],[23.468262,9.114746],[23.646289,9.8229],[22.860059,10.919678],[22.922656,11.344873],[22.591113,11.579883],[22.352344,12.660449],[21.825293,12.790527],[22.228125,13.32959],[22.106445,13.799805],[22.538574,14.161865],[22.381543,14.550488],[22.932324,15.162109],[22.933887,15.533105],[23.105176,15.702539],[23.970801,15.721533],[23.980273,19.995947],[24.979492,20.002588],[24.980273,21.99585],[31.20918,21.994873],[31.400293,22.202441],[31.434473,21.99585],[36.871387,21.996729],[36.926953,21.586523],[37.258594,21.108545],[37.141113,20.981787],[37.193164,20.120703],[37.471289,18.820117],[38.609473,18.005078],[38.253516,17.584766],[37.547461,17.324121],[37.411035,17.061719],[37.008984,17.058887],[36.91377,16.296191],[36.426758,15.13208],[36.524316,14.256836],[36.125195,12.757031],[35.670215,12.62373],[35.112305,11.816553],[34.931445,10.864795],[34.771289,10.746191],[34.571875,10.880176],[34.343945,10.658643],[34.079297,9.513477],[34.078125,9.461523]]]}},{"type":"Feature","properties":{"name":"Sri Lanka","state":"Sri Lanka","abbr":"LK","iso":"LKA","kind":"country","scope":"world","isUSA":false,"continent":"Asia"},"geometry":{"type":"MultiPolygon","coordinates":[[[[79.969531,9.630664],[79.906836,9.619824],[79.857422,9.686377],[79.845703,9.714648],[79.858594,9.734375],[79.872266,9.744336],[79.888477,9.741162],[79.911914,9.67915],[79.969531,9.630664]]],[[[79.874805,9.050732],[79.747656,9.10459],[79.859961,9.065723],[79.874805,9.050732]]],[[[79.982324,9.812695],[80.252832,9.796338],[80.711133,9.366357],[81.372852,8.431445],[81.874121,7.28833],[81.637402,6.425146],[80.724121,5.979053],[80.095313,6.153174],[79.859375,6.829297],[79.712988,8.182324],[79.749805,8.294238],[79.783496,8.018457],[80.086328,9.577832],[80.42832,9.480957],[79.966992,9.792627],[79.982324,9.812695]]]]}},{"type":"Feature","properties":{"name":"Spain","state":"Spain","abbr":"ES","iso":"ESP","kind":"country","scope":"world","isUSA":false,"continent":"Europe"},"geometry":{"type":"MultiPolygon","coordinates":[[[[1.593945,38.67207],[1.401953,38.711426],[1.592676,38.701465],[1.593945,38.67207]]],[[[3.145313,39.790088],[3.461816,39.697754],[3.072852,39.30127],[2.37002,39.57207],[2.904785,39.908301],[3.197559,39.961084],[3.158691,39.836572],[3.145313,39.790088]]],[[[4.293652,39.841846],[3.853418,40.063037],[4.32207,39.89751],[4.293652,39.841846]]],[[[1.445215,38.918701],[1.22334,38.903857],[1.564453,39.121045],[1.494531,38.93252],[1.445215,38.918701]]],[[[-1.794043,43.407324],[-1.410693,43.240088],[-1.42876,43.036768],[-0.041162,42.689111],[0.631641,42.6896],[0.696875,42.845117],[1.349414,42.690674],[1.448828,42.437451],[3.211426,42.431152],[3.248047,41.944238],[2.082617,41.287402],[1.03291,41.062061],[0.714648,40.822852],[0.891113,40.722363],[0.596094,40.614502],[-0.327002,39.519873],[-0.204932,39.062598],[0.201563,38.75918],[-0.520801,38.317285],[-0.814648,37.769922],[-0.721582,37.631055],[-1.640967,37.386963],[-2.111523,36.77666],[-4.366846,36.718115],[-5.171484,36.423779],[-5.625488,36.025928],[-6.040674,36.188428],[-6.384131,36.637012],[-6.216797,36.913574],[-6.396191,36.831641],[-6.86377,37.278906],[-7.406152,37.179443],[-7.443945,37.728271],[-6.957568,38.187891],[-7.343018,38.457422],[-6.997949,39.056445],[-7.535693,39.661572],[-6.975391,39.798389],[-6.896094,40.021826],[-7.032617,40.16792],[-6.810156,40.343115],[-6.928467,41.009131],[-6.2125,41.532031],[-6.542187,41.67251],[-6.618262,41.942383],[-8.15249,41.811963],[-8.266064,42.137402],[-8.852344,41.926904],[-8.887207,42.105273],[-8.690918,42.27417],[-8.81582,42.285254],[-8.811523,42.640332],[-9.033105,42.593848],[-8.927197,42.798584],[-9.235205,42.976904],[-9.178076,43.174023],[-7.698145,43.764551],[-7.060986,43.553955],[-5.84668,43.645068],[-4.523047,43.415723],[-3.604639,43.519482],[-3.045605,43.371582],[-1.828516,43.40083],[-1.794043,43.407324]]],[[[-16.334473,28.379932],[-16.658008,28.007178],[-16.905322,28.3396],[-16.119141,28.528271],[-16.334473,28.379932]]],[[[-13.715967,28.91123],[-13.859912,28.869092],[-13.463574,29.237207],[-13.554688,28.960205],[-13.715967,28.91123]]],[[[-14.196777,28.169287],[-14.491797,28.100928],[-14.231982,28.21582],[-13.886279,28.744678],[-13.928027,28.253467],[-14.196777,28.169287]]],[[[-15.400586,28.147363],[-15.436768,27.810693],[-15.710303,27.784082],[-15.809473,27.994482],[-15.415479,28.159326],[-15.400586,28.147363]]],[[[-17.184668,28.021973],[-17.258594,28.203174],[-17.101074,28.083447],[-17.184668,28.021973]]],[[[-17.887939,27.80957],[-17.984766,27.646387],[-18.160547,27.761475],[-17.924512,27.850146],[-17.887939,27.80957]]],[[[-17.834277,28.493213],[-17.928809,28.84458],[-17.744531,28.786572],[-17.758008,28.569092],[-17.834277,28.493213]]]]}},{"type":"Feature","properties":{"name":"South Korea","state":"South Korea","abbr":"KR","iso":"KOR","kind":"country","scope":"world","isUSA":false,"continent":"Asia"},"geometry":{"type":"MultiPolygon","coordinates":[[[[126.633887,37.781836],[127.090332,38.283887],[128.038965,38.308545],[128.374609,38.623437],[129.418262,37.059033],[129.403516,36.052148],[129.561719,35.947656],[129.21416,35.181836],[128.510938,35.100977],[128.443945,34.870361],[128.03623,35.021973],[127.714844,34.954687],[127.71543,34.721045],[127.404297,34.823096],[127.479102,34.625244],[127.324609,34.463281],[127.173438,34.546143],[127.24707,34.755127],[126.531445,34.314258],[126.264453,34.673242],[126.593359,34.824365],[126.420703,34.823389],[126.291113,35.15415],[126.614062,35.570996],[126.488477,35.64707],[126.753027,35.871973],[126.54043,36.166162],[126.487695,36.693799],[126.160547,36.771924],[126.487012,37.007471],[126.87207,36.824463],[126.976855,36.939404],[126.746387,37.193555],[126.620703,37.755469],[126.633887,37.781836]]],[[[128.741016,34.798535],[128.489258,34.865283],[128.721875,35.013574],[128.741016,34.798535]]],[[[128.06582,34.805859],[127.983984,34.703223],[127.838281,34.81333],[128.037988,34.878613],[128.06582,34.805859]]],[[[126.233691,34.370508],[126.108594,34.39873],[126.247461,34.56333],[126.335449,34.426416],[126.233691,34.370508]]],[[[126.520703,37.736816],[126.42334,37.623633],[126.369336,37.772021],[126.493555,37.782568],[126.520703,37.736816]]],[[[126.753027,34.343994],[126.769922,34.296436],[126.689063,34.30542],[126.646094,34.351123],[126.651855,34.390332],[126.7,34.395898],[126.753027,34.343994]]],[[[127.799023,34.615039],[127.787793,34.584082],[127.737305,34.630908],[127.787109,34.682129],[127.799023,34.615039]]],[[[126.417578,36.492578],[126.403809,36.427881],[126.3375,36.470557],[126.318555,36.612549],[126.386621,36.571143],[126.417578,36.492578]]],[[[126.171973,34.731152],[126.00752,34.86748],[126.168555,34.829687],[126.171973,34.731152]]],[[[130.916016,37.478467],[130.810254,37.509912],[130.934277,37.529736],[130.916016,37.478467]]],[[[126.326953,33.223633],[126.165625,33.312012],[126.337695,33.4604],[126.901172,33.515137],[126.872852,33.341162],[126.581738,33.23833],[126.326953,33.223633]]]]}},{"type":"Feature","properties":{"name":"South Africa","state":"South Africa","abbr":"ZA","iso":"ZAF","kind":"country","scope":"world","isUSA":false,"continent":"Africa"},"geometry":{"type":"MultiPolygon","coordinates":[[[[29.364844,-22.193945],[31.287891,-22.402051],[31.545605,-23.482324],[31.966602,-24.376465],[31.948242,-25.957617],[31.415137,-25.746582],[31.207324,-25.843359],[30.80332,-26.413477],[30.806738,-26.785254],[31.274023,-27.238379],[31.742578,-27.309961],[31.958398,-27.305859],[31.994727,-26.81748],[32.886133,-26.849316],[32.375195,-28.498242],[31.335156,-29.378125],[30.288672,-30.970117],[27.860645,-33.053906],[26.613672,-33.707422],[25.805859,-33.737109],[25.574219,-34.035352],[25.00293,-33.973633],[24.595508,-34.174512],[23.697852,-33.992773],[22.553809,-34.010059],[21.788965,-34.372656],[20.529883,-34.463086],[20.020605,-34.785742],[19.298242,-34.615039],[19.09834,-34.350098],[18.831348,-34.364063],[18.752148,-34.082617],[18.500391,-34.109277],[18.461621,-34.346875],[18.333398,-34.074219],[18.433008,-33.717285],[17.851074,-32.827441],[18.325293,-32.50498],[18.21084,-31.74248],[17.34707,-30.444824],[16.95,-29.403418],[16.447559,-28.617578],[16.755762,-28.452148],[16.875293,-28.12793],[17.05625,-28.031055],[17.358691,-28.269434],[17.447949,-28.698145],[19.245801,-28.90166],[19.539844,-28.574609],[19.980469,-28.45127],[19.980469,-24.776758],[20.430664,-25.14707],[20.793164,-25.915625],[20.626758,-26.443848],[20.685059,-26.822461],[21.694727,-26.840918],[22.597656,-26.132715],[23.05752,-25.312305],[23.389258,-25.291406],[23.89375,-25.600879],[24.748145,-25.817383],[25.443652,-25.714453],[25.912109,-24.747461],[26.397168,-24.613574],[26.835059,-24.24082],[27.085547,-23.57793],[27.758301,-23.196777],[28.210156,-22.693652],[28.839844,-22.480859],[29.129883,-22.213281],[29.364844,-22.193945]],[[28.736914,-30.101953],[29.098047,-29.919043],[29.390723,-29.269727],[28.625781,-28.581738],[27.735547,-28.940039],[27.056934,-29.625586],[27.388477,-30.315918],[27.753125,-30.6],[28.056836,-30.631055],[28.39209,-30.147559],[28.646875,-30.126563],[28.736914,-30.101953]]],[[[37.856934,-46.944238],[37.590039,-46.908008],[37.887695,-46.90166],[37.856934,-46.944238]]]]}},{"type":"Feature","properties":{"name":"Somalia","state":"Somalia","abbr":"SO","iso":"SOM","kind":"country","scope":"world","isUSA":false,"continent":"Africa"},"geometry":{"type":"Polygon","coordinates":[[[41.532715,-1.695312],[40.978711,-0.870313],[40.978711,2.842432],[42.024121,4.137939],[42.791602,4.291992],[43.583496,4.85498],[44.940527,4.912012],[47.978223,7.99707],[48.938086,9.451758],[48.938574,11.258447],[50.110059,11.529297],[50.792285,11.983691],[51.254883,11.830713],[51.031836,10.444775],[51.192969,10.554639],[51.38457,10.386523],[50.930078,10.335547],[50.825,9.428174],[49.852051,7.962549],[49.049316,6.173633],[47.975293,4.497021],[46.051172,2.475146],[44.332715,1.390967],[43.467676,0.621631],[41.979883,-0.973047],[41.632031,-1.578516],[41.532715,-1.695312]]]}},{"type":"Feature","properties":{"name":"Somaliland","state":"Somaliland","abbr":"SOL","iso":"SOL","kind":"country","scope":"world","isUSA":false,"continent":"Africa"},"geometry":{"type":"Polygon","coordinates":[[[48.938574,11.258447],[48.938086,9.451758],[47.978223,7.99707],[46.978223,7.99707],[44.022852,8.986035],[43.394336,9.480273],[42.656445,10.6],[43.245996,11.499805],[43.852734,10.784277],[44.386523,10.430225],[44.942969,10.436719],[45.816699,10.835889],[46.565039,10.745996],[47.40498,11.174023],[48.903125,11.254883],[48.938574,11.258447]]]}},{"type":"Feature","properties":{"name":"Solomon Islands","state":"Solomon Islands","abbr":"SB","iso":"SLB","kind":"country","scope":"world","isUSA":false,"continent":"Oceania"},"geometry":{"type":"MultiPolygon","coordinates":[[[[159.687695,-8.50791],[159.538477,-8.451367],[159.646289,-8.450391],[159.687695,-8.50791]]],[[[166.929199,-11.665137],[166.747461,-11.59082],[166.875098,-11.629688],[166.929199,-11.665137]]],[[[166.133203,-10.757812],[165.791016,-10.784766],[166.129883,-10.745215],[166.133203,-10.757812]]],[[[160.57627,-11.797852],[159.986328,-11.494727],[160.537109,-11.758789],[160.57627,-11.797852]]],[[[161.547852,-9.625684],[161.553809,-9.769727],[161.409766,-9.681641],[161.406836,-9.368457],[161.547852,-9.625684]]],[[[159.188574,-9.123535],[159.036328,-9.075],[159.233984,-9.09375],[159.188574,-9.123535]]],[[[160.168164,-8.995508],[160.40752,-9.140332],[160.096289,-9.033984],[160.168164,-8.995508]]],[[[157.763477,-8.242188],[157.819336,-8.612012],[157.558008,-8.269922],[157.217578,-8.262793],[157.490625,-7.965723],[157.65127,-8.216797],[157.763477,-8.242188]]],[[[158.200781,-8.821973],[158.209961,-8.678125],[158.253418,-8.797363],[158.200781,-8.821973]]],[[[158.10791,-8.68418],[157.879297,-8.66875],[157.998438,-8.508203],[158.103516,-8.646484],[158.10791,-8.68418]]],[[[157.388965,-8.713477],[157.212305,-8.565039],[157.379492,-8.420898],[157.332227,-8.650684],[157.388965,-8.713477]]],[[[156.687891,-7.923047],[156.560938,-7.574023],[156.809082,-7.722852],[156.708008,-7.876953],[156.687891,-7.923047]]],[[[156.603906,-8.171582],[156.570312,-7.958789],[156.612402,-8.096191],[156.603906,-8.171582]]],[[[157.171875,-8.108105],[156.958984,-7.937988],[157.102734,-7.855469],[157.191504,-8.081836],[157.171875,-8.108105]]],[[[155.839844,-7.097168],[155.677539,-7.088965],[155.864648,-7.043262],[155.839844,-7.097168]]],[[[157.64541,-8.758887],[157.453516,-8.705957],[157.623242,-8.73457],[157.64541,-8.758887]]],[[[159.750391,-9.272656],[159.970605,-9.433301],[160.35459,-9.421582],[160.818945,-9.862793],[159.853711,-9.791504],[159.621875,-9.532129],[159.686328,-9.268652],[159.750391,-9.272656]]],[[[159.879102,-8.534277],[158.944043,-8.040723],[158.457422,-7.544727],[159.431445,-8.029004],[159.848633,-8.463477],[159.879102,-8.534277]]],[[[157.486719,-7.330371],[157.101562,-7.323633],[156.452539,-6.638281],[157.030273,-6.891992],[157.451563,-7.313672],[157.486719,-7.330371]]],[[[160.749414,-8.313965],[161.367383,-9.61123],[160.77207,-8.963867],[160.59043,-8.372754],[160.702148,-8.316504],[160.749414,-8.313965]]],[[[161.715332,-10.387305],[162.105371,-10.453809],[162.37334,-10.823242],[161.786816,-10.716895],[161.304785,-10.204395],[161.697949,-10.371289],[161.715332,-10.387305]]]]}},{"type":"Feature","properties":{"name":"Slovakia","state":"Slovakia","abbr":"SK","iso":"SVK","kind":"country","scope":"world","isUSA":false,"continent":"Europe"},"geometry":{"type":"Polygon","coordinates":[[[22.538672,49.072705],[22.111328,48.393359],[21.721484,48.346582],[21.451367,48.552246],[20.490039,48.526904],[19.950391,48.146631],[19.625391,48.223096],[18.791895,48.000293],[18.724219,47.787158],[17.635254,47.809912],[17.085938,48.039551],[16.86543,48.386914],[17.135645,48.841064],[17.758496,48.888135],[18.596484,49.491455],[19.149414,49.4],[19.441602,49.597705],[19.802246,49.192334],[20.362988,49.385254],[21.350488,49.42876],[22.473047,49.081299],[22.538672,49.072705]]]}},{"type":"Feature","properties":{"name":"Slovenia","state":"Slovenia","abbr":"SI","iso":"SVN","kind":"country","scope":"world","isUSA":false,"continent":"Europe"},"geometry":{"type":"Polygon","coordinates":[[[16.516211,46.499902],[15.635938,46.200732],[15.652148,45.862158],[15.277051,45.732617],[15.24209,45.441406],[14.793066,45.478223],[14.568848,45.657227],[14.369922,45.481445],[13.615234,45.476758],[13.874707,45.614844],[13.487695,45.987109],[13.63252,46.177051],[13.378223,46.261621],[13.7,46.520264],[14.549805,46.399707],[14.893262,46.605908],[15.957617,46.677637],[16.093066,46.863281],[16.283594,46.857275],[16.505664,46.52207],[16.516211,46.499902]]]}},{"type":"Feature","properties":{"name":"Singapore","state":"Singapore","abbr":"SG","iso":"SGP","kind":"country","scope":"world","isUSA":false,"continent":"Asia"},"geometry":{"type":"Polygon","coordinates":[[[103.969727,1.331445],[103.650195,1.325537],[103.817969,1.44707],[103.996387,1.365234],[103.969727,1.331445]]]}},{"type":"Feature","properties":{"name":"Sierra Leone","state":"Sierra Leone","abbr":"SL","iso":"SLE","kind":"country","scope":"world","isUSA":false,"continent":"Africa"},"geometry":{"type":"MultiPolygon","coordinates":[[[[-10.283203,8.485156],[-10.647461,7.759375],[-11.50752,6.906543],[-12.485645,7.386279],[-12.480273,7.753271],[-12.850879,7.818701],[-13.272754,8.429736],[-12.894092,8.629785],[-13.181836,8.576904],[-13.206934,8.843115],[-13.059473,8.881152],[-13.292676,9.049219],[-13.028027,9.103564],[-12.427979,9.898145],[-11.273633,9.996533],[-10.690527,9.314258],[-10.747021,9.095264],[-10.500537,8.687549],[-10.712109,8.335254],[-10.360059,8.495508],[-10.283203,8.485156]]],[[[-12.526074,7.436328],[-12.951611,7.57085],[-12.500635,7.535107],[-12.526074,7.436328]]]]}},{"type":"Feature","properties":{"name":"Seychelles","state":"Seychelles","abbr":"SC","iso":"SYC","kind":"country","scope":"world","isUSA":false,"continent":"Seven seas (open ocean)"},"geometry":{"type":"Polygon","coordinates":[[[55.540332,-4.693066],[55.542969,-4.785547],[55.494727,-4.75459],[55.48125,-4.694824],[55.416797,-4.650293],[55.383398,-4.609277],[55.455762,-4.558789],[55.540332,-4.693066]]]}},{"type":"Feature","properties":{"name":"Serbia","state":"Serbia","abbr":"RS","iso":"SRB","kind":"country","scope":"world","isUSA":false,"continent":"Europe"},"geometry":{"type":"Polygon","coordinates":[[[21.360059,44.82666],[22.093066,44.541943],[22.497656,44.70625],[22.720898,44.605518],[22.502344,44.4896],[22.705078,44.237793],[22.369629,43.781299],[22.55459,43.454492],[22.976855,43.187988],[22.466797,42.84248],[22.42207,42.328857],[21.5625,42.24751],[21.75293,42.669824],[21.390625,42.751416],[20.800586,43.261084],[20.344336,42.82793],[19.21875,43.449951],[19.495117,43.642871],[19.24502,43.965039],[19.583789,44.043457],[19.118457,44.359961],[19.348633,44.880908],[18.995508,44.904004],[19.136914,45.19624],[19.4,45.2125],[19.004688,45.399512],[18.839063,45.835742],[19.530762,46.155176],[20.210156,46.126025],[20.775,45.749805],[20.794043,45.467871],[21.490234,45.1479],[21.35293,45.008984],[21.532324,44.900684],[21.35791,44.861816],[21.360059,44.82666]]]}},{"type":"Feature","properties":{"name":"Senegal","state":"Senegal","abbr":"SN","iso":"SEN","kind":"country","scope":"world","isUSA":false,"continent":"Africa"},"geometry":{"type":"Polygon","coordinates":[[[-12.280615,14.809033],[-12.019189,14.206494],[-12.054199,13.633057],[-11.831689,13.31582],[-11.634961,13.369873],[-11.390381,12.941992],[-11.389404,12.404395],[-12.291211,12.328027],[-13.061279,12.48999],[-13.08291,12.633545],[-15.196094,12.679932],[-15.574805,12.490381],[-16.711816,12.354834],[-16.760303,12.525781],[-16.442871,12.609473],[-16.767969,12.628418],[-16.648779,13.15415],[-15.834277,13.156445],[-15.814404,13.325146],[-15.28623,13.395996],[-15.151123,13.556494],[-14.246777,13.23584],[-13.826709,13.407812],[-15.10835,13.812109],[-15.509668,13.58623],[-16.562305,13.587305],[-16.766943,13.904932],[-16.618115,14.040527],[-16.791748,14.00415],[-17.168066,14.640625],[-17.535645,14.755127],[-17.147168,14.922021],[-16.843408,15.293994],[-16.239014,16.531299],[-14.959521,16.678906],[-14.300098,16.580273],[-13.868457,16.148145],[-13.506982,16.135205],[-13.206445,15.616895],[-12.302539,14.816992],[-12.280615,14.809033]]]}},{"type":"Feature","properties":{"name":"Saudi Arabia","state":"Saudi Arabia","abbr":"SA","iso":"SAU","kind":"country","scope":"world","isUSA":false,"continent":"Asia"},"geometry":{"type":"MultiPolygon","coordinates":[[[[36.90166,25.383057],[36.533594,25.688721],[36.954785,25.414648],[36.90166,25.383057]]],[[[41.987695,16.715625],[42.059961,16.803516],[42.157813,16.570703],[41.801563,16.77876],[41.860449,17.002539],[41.94668,16.748926],[41.987695,16.715625]]],[[[51.977637,18.996143],[49.041992,18.581787],[48.172168,18.156934],[47.441797,17.111865],[47.143555,16.94668],[46.727637,17.265576],[45.148047,17.427441],[43.916992,17.324707],[43.417969,17.51626],[43.190918,17.359375],[43.165039,16.689404],[42.799316,16.371777],[42.293945,17.434961],[41.75,17.885742],[41.229492,18.678418],[40.75918,19.755469],[39.72832,20.390332],[39.276074,20.973975],[38.987891,21.881738],[39.062012,22.592187],[38.46416,23.711865],[37.919727,24.1854],[37.543066,24.29165],[37.180859,24.82002],[37.148828,25.291113],[35.180469,28.034863],[34.625,28.064502],[34.950781,29.353516],[36.068457,29.200537],[36.755273,29.866016],[37.469238,29.995068],[37.649902,30.330957],[37.980078,30.5],[36.958594,31.491504],[39.14541,32.124512],[40.369336,31.938965],[42.074414,31.080371],[44.69082,29.202344],[47.433203,28.989551],[47.671289,28.533154],[48.44248,28.54292],[48.797168,27.724316],[50.149805,26.662646],[50.008105,26.678516],[50.213867,26.308496],[50.081055,25.961377],[50.855664,24.679639],[51.41123,24.570801],[51.309863,24.340381],[51.568359,24.286182],[51.592578,24.078857],[52.555078,22.932812],[55.18584,22.704102],[55.641016,22.001855],[54.977344,19.995947],[52.118555,19.043164],[51.977637,18.996143]]],[[[36.595508,25.712793],[36.582715,25.855518],[36.595605,25.734863],[36.595508,25.712793]]]]}},{"type":"Feature","properties":{"name":"São Tomé and Príncipe","state":"São Tomé and Príncipe","abbr":"ST","iso":"STP","kind":"country","scope":"world","isUSA":false,"continent":"Africa"},"geometry":{"type":"MultiPolygon","coordinates":[[[[7.423828,1.567725],[7.386621,1.541553],[7.342383,1.563574],[7.330664,1.603369],[7.387598,1.680176],[7.414453,1.699121],[7.437012,1.683057],[7.450391,1.661963],[7.452344,1.631104],[7.423828,1.567725]]],[[[6.659961,0.120654],[6.519727,0.066309],[6.477539,0.280127],[6.686914,0.404395],[6.75,0.243457],[6.659961,0.120654]]]]}},{"type":"Feature","properties":{"name":"San Marino","state":"San Marino","abbr":"SM","iso":"SMR","kind":"country","scope":"world","isUSA":false,"continent":"Europe"},"geometry":{"type":"Polygon","coordinates":[[[12.485254,43.901416],[12.426367,43.894092],[12.396875,43.93457],[12.441113,43.982422],[12.503711,43.989746],[12.514648,43.952979],[12.485254,43.901416]]]}},{"type":"Feature","properties":{"name":"Samoa","state":"Samoa","abbr":"WS","iso":"WSM","kind":"country","scope":"world","isUSA":false,"continent":"Oceania"},"geometry":{"type":"MultiPolygon","coordinates":[[[[-172.333496,-13.465234],[-172.224951,-13.804297],[-172.535693,-13.791699],[-172.778516,-13.516797],[-172.510889,-13.482813],[-172.333496,-13.465234]]],[[[-171.454102,-14.046484],[-172.045898,-13.857129],[-171.449561,-14.022461],[-171.454102,-14.046484]]]]}},{"type":"Feature","properties":{"name":"Saint Vincent and the Grenadines","state":"Saint Vincent and the Grenadines","abbr":"VC","iso":"VCT","kind":"country","scope":"world","isUSA":false,"continent":"North America"},"geometry":{"type":"MultiPolygon","coordinates":[[[[-61.174512,13.158105],[-61.277295,13.20957],[-61.182129,13.355957],[-61.134521,13.202881],[-61.174512,13.158105]]],[[[-61.226221,12.994629],[-61.242236,12.983691],[-61.234717,12.983691],[-61.242236,12.97627],[-61.247266,12.983643],[-61.255225,12.988184],[-61.265332,12.990186],[-61.276953,12.989893],[-61.276953,12.997363],[-61.262061,12.992773],[-61.239355,12.997266],[-61.239258,13.005371],[-61.245947,13.012695],[-61.249023,13.017822],[-61.240625,13.025732],[-61.212842,13.043262],[-61.201172,13.052539],[-61.199805,13.04873],[-61.199316,13.045117],[-61.197949,13.041699],[-61.19375,13.038281],[-61.208057,13.024707],[-61.226221,12.994629]]],[[[-61.334375,12.695215],[-61.344531,12.694727],[-61.353516,12.698145],[-61.351123,12.701172],[-61.339746,12.703613],[-61.334424,12.710205],[-61.336328,12.719043],[-61.33584,12.728809],[-61.326807,12.734814],[-61.319873,12.735449],[-61.316797,12.731689],[-61.314844,12.722559],[-61.320117,12.715527],[-61.325928,12.709863],[-61.328809,12.701123],[-61.334375,12.695215]]]]}},{"type":"Feature","properties":{"name":"Saint Lucia","state":"Saint Lucia","abbr":"LC","iso":"LCA","kind":"country","scope":"world","isUSA":false,"continent":"North America"},"geometry":{"type":"Polygon","coordinates":[[[-60.895215,13.821973],[-60.951416,13.717578],[-61.073145,13.865576],[-60.886768,14.011133],[-60.895215,13.821973]]]}},{"type":"Feature","properties":{"name":"Saint Kitts and Nevis","state":"Saint Kitts and Nevis","abbr":"KN","iso":"KNA","kind":"country","scope":"world","isUSA":false,"continent":"North America"},"geometry":{"type":"MultiPolygon","coordinates":[[[[-62.532227,17.121875],[-62.582422,17.100586],[-62.624902,17.12959],[-62.615283,17.199121],[-62.574707,17.201025],[-62.53418,17.170117],[-62.532227,17.121875]]],[[[-62.630664,17.23999],[-62.827051,17.386426],[-62.640527,17.262305],[-62.630664,17.23999]]]]}},{"type":"Feature","properties":{"name":"Rwanda","state":"Rwanda","abbr":"RW","iso":"RWA","kind":"country","scope":"world","isUSA":false,"continent":"Africa"},"geometry":{"type":"Polygon","coordinates":[[[29.576953,-1.387891],[29.825391,-1.335547],[29.930078,-1.469922],[30.509961,-1.067285],[30.812598,-1.563086],[30.828711,-2.338477],[29.930176,-2.339551],[29.868164,-2.716406],[29.698047,-2.794727],[29.390234,-2.808594],[29.102051,-2.595703],[28.921777,-2.682031],[28.857617,-2.44668],[29.131543,-2.195117],[29.143262,-1.816016],[29.537793,-1.409766],[29.576953,-1.387891]]]}},{"type":"Feature","properties":{"name":"Russia","state":"Russia","abbr":"RU","iso":"RUS","kind":"country","scope":"world","isUSA":false,"continent":"Europe"},"geometry":{"type":"MultiPolygon","coordinates":[[[[145.881543,43.459521],[145.895605,43.454541],[145.913867,43.455371],[145.931152,43.457031],[145.941113,43.445459],[145.943555,43.426465],[145.931152,43.425635],[145.907227,43.422314],[145.893945,43.419824],[145.886523,43.433057],[145.881543,43.443799],[145.869141,43.450439],[145.869141,43.457861],[145.881543,43.459521]]],[[[146.358789,43.625391],[146.332324,43.619922],[146.288184,43.625391],[146.273828,43.629834],[146.283691,43.638623],[146.310156,43.651855],[146.333301,43.647461],[146.349805,43.644141],[146.358789,43.625391]]],[[[146.045605,43.409326],[146.032324,43.407129],[146.028027,43.420361],[146.048926,43.433594],[146.088574,43.449023],[146.100781,43.440186],[146.086328,43.429199],[146.069922,43.421484],[146.045605,43.409326]]],[[[137.178613,55.100439],[137.055273,54.926758],[136.714648,54.956152],[137.156055,55.107813],[137.178613,55.100439]]],[[[150.589941,59.01875],[150.470215,59.054053],[150.727734,59.095215],[150.589941,59.01875]]],[[[120.261328,73.089844],[119.64043,73.124316],[120.236816,73.107275],[120.261328,73.089844]]],[[[124.542969,73.850098],[124.336523,73.928369],[124.65293,73.888037],[124.542969,73.850098]]],[[[106.27041,78.206201],[106.023633,78.220117],[106.719629,78.294189],[106.472461,78.24502],[106.27041,78.206201]]],[[[107.414746,77.242676],[107.269531,77.289014],[107.679492,77.268262],[107.414746,77.242676]]],[[[97.588379,76.599365],[97.535254,76.584424],[97.430371,76.590723],[97.341699,76.628857],[97.310352,76.6896],[97.381641,76.706689],[97.588379,76.599365]]],[[[96.853906,76.19917],[96.739355,76.206934],[96.835254,76.344824],[97.045313,76.315381],[96.974219,76.236523],[96.853906,76.19917]]],[[[100.135938,79.614209],[99.91543,79.601611],[100.300293,79.670264],[100.135938,79.614209]]],[[[76.756055,73.445801],[76.083105,73.523486],[76.250684,73.555273],[76.756055,73.445801]]],[[[82.709961,74.090869],[82.329395,74.131104],[82.688965,74.11123],[82.709961,74.090869]]],[[[84.758984,74.459424],[84.389453,74.454443],[84.872852,74.515527],[84.758984,74.459424]]],[[[86.653125,74.981299],[87.124316,74.939893],[86.258594,74.893506],[86.605469,74.992822],[86.653125,74.981299]]],[[[59.313086,81.305225],[58.610156,81.337256],[59.374609,81.325049],[59.313086,81.305225]]],[[[-179.798535,68.94043],[-178.873877,68.754102],[-178.538525,68.585645],[-178.751465,68.660449],[-178.692627,68.545996],[-178.097461,68.424805],[-178.055811,68.264893],[-177.796777,68.337988],[-178.373047,68.565674],[-177.589209,68.224219],[-175.345215,67.678076],[-175.23252,67.44668],[-175.374707,67.357373],[-174.849854,67.348877],[-174.938135,67.093018],[-174.771191,66.784326],[-174.924902,66.623145],[-174.50376,66.537939],[-174.394092,66.344238],[-174.084766,66.473096],[-174.065039,66.22959],[-173.773975,66.434668],[-174.231592,66.631885],[-174.005518,66.778613],[-174.086426,66.942871],[-174.550098,67.090625],[-173.157813,67.069092],[-173.323535,66.954834],[-173.258936,66.840088],[-173.193018,66.993604],[-172.520117,66.95249],[-173.00752,67.064893],[-171.795557,66.931738],[-170.473096,66.320264],[-170.604443,66.248926],[-170.301221,66.294043],[-169.72915,66.058105],[-170.540674,65.86543],[-170.666309,65.621533],[-171.451172,65.794238],[-171.054248,65.549951],[-171.169971,65.5021],[-172.783301,65.681055],[-172.232812,65.455713],[-172.309277,65.275635],[-172.661914,65.248535],[-172.286035,65.205713],[-172.213184,65.048145],[-173.066211,64.847168],[-172.801074,64.790527],[-172.900879,64.628857],[-172.37876,64.431543],[-172.903174,64.526074],[-172.915869,64.369434],[-173.157422,64.279736],[-173.375684,64.354883],[-173.32749,64.539551],[-173.729736,64.364502],[-174.570557,64.717773],[-175.442139,64.816699],[-175.853857,65.01084],[-175.856152,65.232812],[-176.093262,65.471045],[-177.05625,65.613623],[-178.4125,65.495557],[-178.502344,65.74043],[-178.939063,66.032764],[-178.746729,66.013672],[-178.526563,66.401562],[-178.868115,66.187061],[-179.143408,66.375049],[-179.327197,66.162598],[-179.683301,66.184131],[-179.789697,65.900879],[-179.3521,65.516748],[-180,65.067236],[-179.999951,68.983447],[-179.798535,68.94043]]],[[[130.687305,42.302539],[130.424805,42.727051],[131.068555,42.902246],[131.257324,43.378076],[131.255273,44.071582],[130.981641,44.844336],[131.446875,44.984033],[131.851855,45.326855],[132.936035,45.029932],[133.113477,45.130713],[133.186035,45.494824],[133.436426,45.604687],[133.861328,46.247754],[134.167676,47.302197],[134.752344,47.71543],[134.566016,48.02251],[134.665234,48.253906],[134.293359,48.373437],[133.144043,48.105664],[132.47627,47.71499],[130.961914,47.709326],[130.732617,48.019238],[130.804297,48.341504],[130.552148,48.60249],[130.553125,48.861182],[130.195996,48.89165],[129.498145,49.388818],[129.065137,49.374658],[128.704004,49.600146],[127.999609,49.568604],[127.550781,49.801807],[127.590234,50.208984],[127.337207,50.350146],[127.307031,50.707959],[126.924805,51.100146],[126.048145,52.739453],[125.649023,53.042285],[124.812305,53.133838],[123.607813,53.546533],[120.985449,53.28457],[120.094531,52.787207],[120.067578,52.63291],[120.656152,52.56665],[120.681445,51.973047],[120.066895,51.600684],[119.163672,50.406006],[119.346289,50.278955],[119.259863,50.066406],[117.873438,49.513477],[116.216797,50.009277],[115.429199,49.896484],[114.743164,50.233691],[114.29707,50.274414],[112.806445,49.523584],[110.709766,49.142969],[108.613672,49.322803],[107.96543,49.653516],[107.916602,49.947803],[107.233301,49.989404],[106.711133,50.312598],[105.383594,50.47373],[104.078711,50.154248],[103.304395,50.200293],[102.288379,50.585107],[102.111523,51.353467],[99.92168,51.755518],[98.893164,52.117285],[98.037598,51.449951],[97.835742,51.05166],[98.029785,50.644629],[98.279492,50.533252],[98.250293,50.302441],[98.003906,50.014258],[97.359766,49.741455],[96.065527,49.99873],[94.614746,50.02373],[94.354688,50.221826],[94.251074,50.556396],[93.103125,50.603906],[92.941309,50.778223],[92.62666,50.688281],[92.354785,50.86416],[92.192383,50.700586],[90.053711,50.09375],[89.643848,49.903027],[89.654102,49.71748],[89.109473,49.501367],[88.192578,49.451709],[87.988086,49.186914],[87.416699,49.076611],[86.626465,49.562695],[86.675488,49.777295],[86.180859,49.499316],[85.232617,49.61582],[84.989453,50.061426],[84.323242,50.23916],[83.945117,50.774658],[83.357324,50.99458],[82.493945,50.727588],[81.465918,50.739844],[81.388281,50.956494],[81.071484,50.96875],[81.127246,51.191064],[80.735254,51.293408],[80.448047,51.18335],[80.423633,50.946289],[79.98623,50.774561],[77.859961,53.269189],[76.484766,54.022559],[76.42168,54.151514],[76.65459,54.145264],[76.837305,54.442383],[75.437207,54.089648],[74.351562,53.487646],[73.858984,53.619727],[73.406934,53.447559],[73.305664,53.707227],[73.712402,54.042383],[73.229883,53.957812],[72.622266,54.134326],[72.446777,53.941846],[72.186035,54.325635],[72.004492,54.205664],[71.093164,54.212207],[71.185547,54.599316],[70.738086,55.305176],[70.182422,55.162451],[68.977246,55.3896],[68.20625,55.160937],[68.155859,54.976709],[65.476953,54.623291],[65.088379,54.340186],[64.46123,54.38418],[61.928711,53.946484],[61.231055,54.019482],[60.979492,53.621729],[61.534961,53.523291],[61.228906,53.445898],[61.199219,53.287158],[62.082715,53.00542],[61.047461,52.972461],[60.774414,52.675781],[60.994531,52.336865],[60.030273,51.933252],[60.464746,51.651172],[61.554688,51.324609],[61.389453,50.861035],[60.942285,50.695508],[60.424805,50.67915],[60.058594,50.850293],[59.523047,50.492871],[59.452344,50.62041],[58.883691,50.694434],[58.35918,51.063818],[57.838867,51.09165],[57.442188,50.888867],[57.011719,51.065186],[56.491406,51.019531],[55.68623,50.582861],[54.641602,51.011572],[54.555273,50.535791],[54.139746,51.040771],[53.338086,51.482373],[52.571191,51.481641],[52.219141,51.709375],[51.344531,51.475342],[50.793945,51.729199],[50.309277,51.321582],[48.625098,50.612695],[48.758984,49.92832],[48.334961,49.858252],[47.705762,50.377979],[47.429199,50.357959],[46.889551,49.696973],[46.802051,49.36709],[47.031348,49.150293],[46.702637,48.805566],[46.660938,48.412256],[47.064648,48.232471],[47.292383,47.740918],[48.166992,47.708789],[48.959375,46.774609],[48.558398,46.757129],[48.541211,46.605615],[49.245898,46.291602],[48.683691,46.086182],[48.72959,45.896826],[48.487012,45.934863],[47.633301,45.584033],[47.463281,45.679688],[47.514551,45.490918],[47.083789,44.816992],[46.716113,44.560693],[47.307031,44.103125],[47.462793,43.555029],[47.646484,43.884619],[47.463184,43.035059],[48.572852,41.844482],[47.861133,41.212744],[47.520605,41.229053],[46.749316,41.812598],[45.638574,42.205078],[45.655566,42.517676],[44.870996,42.756396],[44.771094,42.616797],[44.505859,42.748633],[43.825977,42.571533],[43.782617,42.747021],[42.760645,43.16958],[41.580566,43.219238],[40.648047,43.533887],[40.150195,43.569775],[39.97832,43.419824],[38.717285,44.288086],[36.650781,45.126465],[36.941211,45.289697],[36.79375,45.409717],[37.213574,45.272314],[37.647168,45.377197],[37.612402,45.564697],[37.933105,46.001709],[38.492285,46.090527],[37.766504,46.636133],[38.500977,46.663672],[38.438672,46.813086],[39.270703,47.044141],[39.195703,47.268848],[38.214355,47.091455],[38.201367,47.320801],[38.287402,47.55918],[38.822266,47.837012],[39.778711,47.887549],[39.95791,48.268896],[39.835645,48.542773],[39.644727,48.591211],[39.792871,48.807715],[40.003613,48.82207],[39.686523,49.00791],[40.108789,49.251562],[40.080664,49.576855],[38.258594,50.052344],[38.046875,49.92002],[37.422852,50.411475],[36.619434,50.209229],[36.116406,50.408545],[35.591113,50.36875],[35.411621,50.539697],[35.311914,51.043896],[35.064063,51.203418],[34.213867,51.255371],[34.121094,51.67915],[34.397852,51.78042],[33.735254,52.344775],[32.435449,52.307227],[32.122266,52.050586],[31.763379,52.101074],[31.577344,52.312305],[31.564844,52.759229],[31.258789,53.016699],[31.417871,53.196045],[32.141992,53.091162],[32.706445,53.419434],[32.450195,53.69292],[31.754199,53.810449],[31.825977,54.030713],[31.403613,54.195947],[31.074805,54.491797],[31.152148,54.625342],[30.798828,54.783252],[30.977734,55.050488],[30.810547,55.306982],[30.906836,55.57002],[30.233594,55.845215],[29.482227,55.68457],[29.283008,55.967871],[28.284277,56.055908],[27.881543,56.82417],[27.639453,56.845654],[27.828613,57.293311],[27.354297,57.550293],[27.778516,57.870703],[27.502441,58.221338],[27.43418,58.787256],[28.151074,59.374414],[28.0125,59.484277],[28.058008,59.781543],[28.33457,59.692529],[29.147266,59.999756],[30.172656,59.957129],[29.721191,60.195312],[29.069141,60.191455],[28.643164,60.375293],[28.491602,60.540137],[28.650586,60.610986],[28.512793,60.677295],[27.797656,60.536133],[31.186719,62.481396],[31.536523,62.921631],[29.991504,63.735156],[30.526074,64.077295],[29.986621,64.524268],[30.110254,64.732568],[29.604199,64.968408],[29.826953,65.145068],[29.608008,65.248682],[29.819434,65.56875],[29.715918,65.624561],[30.0875,65.786523],[29.066211,66.891748],[29.988086,67.668262],[29.343848,68.061865],[28.685156,68.189795],[28.470703,68.488379],[28.772852,68.840039],[28.414062,68.90415],[29.994043,69.39248],[30.159766,69.629883],[30.860742,69.538428],[30.869727,69.783447],[31.546973,69.696924],[31.997949,69.809912],[31.98457,69.953662],[33.007812,69.722119],[32.915039,69.601709],[32.091504,69.632568],[32.377734,69.479102],[33.454297,69.428174],[33.141211,69.068701],[33.684375,69.310254],[35.85791,69.191748],[40.966406,67.713477],[41.133887,67.266943],[41.358789,67.209668],[41.188965,66.826172],[40.10332,66.299951],[38.653906,66.069043],[34.482617,66.550342],[33.150195,66.843945],[32.847559,67.021533],[32.930469,67.086816],[31.895313,67.161426],[33.655957,66.442627],[33.360547,66.329541],[34.112695,66.225244],[34.691797,65.951855],[34.776953,65.768262],[34.406445,65.395752],[34.803516,64.985986],[34.952246,64.755957],[34.869531,64.56001],[35.035352,64.440234],[37.442188,63.813379],[38.062207,64.091016],[37.953711,64.320117],[37.183691,64.408496],[36.578711,64.790967],[36.53457,64.938623],[36.882812,65.172363],[39.758008,64.577051],[40.057813,64.770752],[40.444922,64.778711],[39.798047,65.349854],[39.816504,65.597949],[41.475781,66.123437],[42.210547,66.519678],[43.233203,66.415527],[43.653125,66.250977],[43.541895,66.123389],[44.104395,66.008594],[44.097168,66.235059],[44.488672,66.671777],[44.429297,66.937744],[43.782422,67.254492],[44.225391,67.995605],[44.204688,68.25376],[43.333203,68.673389],[45.891992,68.479687],[46.69043,67.848828],[45.528711,67.757568],[44.902148,67.413135],[45.562207,67.185596],[45.885352,66.891064],[46.492383,66.800195],[47.655859,66.975928],[47.874707,67.58418],[48.833203,67.681494],[48.754297,67.895947],[49.155273,67.87041],[51.994727,68.53877],[52.39668,68.351709],[52.722656,68.484033],[52.344043,68.608154],[53.801953,68.995898],[54.491211,68.992334],[53.797656,68.907471],[53.970605,68.844287],[53.758887,68.633984],[53.930859,68.435547],[53.260547,68.26748],[54.861328,68.201855],[54.923047,68.373828],[55.418066,68.567822],[57.126855,68.554004],[59.057324,69.006055],[59.370508,68.738379],[59.112305,68.616309],[59.099023,68.444336],[59.725684,68.351611],[59.922852,68.471338],[59.895996,68.706348],[60.48916,68.728955],[60.933594,68.986768],[60.170605,69.590918],[60.909082,69.847119],[64.19043,69.534668],[64.896289,69.247803],[67.002441,68.873584],[68.504199,68.348438],[69.140527,68.950635],[68.542773,68.96709],[68.005859,69.480029],[67.624121,69.584424],[67.064453,69.693701],[66.89668,69.553809],[66.80293,69.740137],[66.926367,70.014258],[67.239258,70.108057],[67.146484,70.219922],[67.284766,70.738721],[66.702246,70.818506],[66.84707,71.063721],[66.639648,71.081396],[68.269238,71.682812],[69.391406,72.955518],[71.500195,72.913672],[72.812109,72.691406],[72.574121,72.012549],[71.867285,71.457373],[72.704492,70.963232],[72.7,70.457324],[72.469434,70.274951],[72.576758,68.968701],[73.591699,68.481885],[73.139453,68.181348],[73.066797,67.766943],[71.847461,67.007617],[71.365234,66.961523],[71.539551,66.683105],[70.724902,66.519434],[70.382812,66.60249],[70.690723,66.745312],[69.013477,66.78833],[69.194336,66.578662],[69.982422,66.401416],[72.067578,66.25332],[72.321582,66.332129],[72.417383,66.560791],[73.79209,66.995312],[74.074512,67.414111],[74.769531,67.766357],[74.742676,68.073535],[74.391406,68.420605],[74.57959,68.751221],[75.124609,68.861719],[76.45918,68.978271],[77.238477,68.46958],[77.174414,67.778516],[77.771582,67.570264],[78.922461,67.589111],[77.588281,67.751904],[77.664844,68.190381],[77.995117,68.259473],[77.650684,68.903027],[76.000977,69.235059],[74.814844,69.090576],[73.775684,69.198242],[73.890918,69.417969],[73.578125,69.802979],[74.343359,70.578711],[73.08623,71.444922],[73.671777,71.845068],[74.992188,72.144824],[75.060352,72.548779],[74.786816,72.811865],[75.369336,72.796631],[75.603516,72.581055],[75.741406,72.29624],[75.273828,71.958936],[75.247461,71.813379],[75.503223,71.654639],[75.280273,71.430078],[75.733594,71.265918],[79.01543,70.950195],[78.491406,71.025391],[78.212598,71.266309],[76.433398,71.55249],[76.032422,71.9104],[76.871387,72.033008],[77.550781,71.84209],[78.186914,71.90708],[78.016406,72.092041],[77.41084,72.107764],[78.482617,72.394971],[79.42207,72.380762],[80.7625,72.08916],[81.661621,71.715967],[83.106641,71.720508],[83.233594,71.668164],[82.977051,71.451367],[82.322852,71.26001],[82.335938,70.807373],[82.163184,70.598145],[82.221191,70.395703],[82.59248,70.889941],[83.010156,70.89541],[83.030176,70.580518],[82.682324,70.217725],[83.080762,70.093018],[83.073828,70.276709],[83.735938,70.546484],[83.15127,71.103613],[83.534375,71.683936],[82.64541,71.925244],[82.093652,72.26543],[80.827051,72.488281],[80.65625,72.712012],[80.841602,72.94917],[80.424512,73.231152],[80.583203,73.568457],[86.892969,73.887109],[87.029492,73.82417],[85.792578,73.43833],[86.677051,73.106787],[85.910059,73.39043],[87.571191,73.810742],[86.571094,74.24375],[86.001367,74.316016],[86.395801,74.450098],[87.229688,74.363867],[85.791016,74.645117],[86.20127,74.816211],[86.862891,74.717871],[87.467578,75.013232],[86.939063,75.068115],[87.005957,75.169824],[87.671387,75.12959],[90.184961,75.591064],[94.156348,75.959229],[92.858594,75.979492],[93.259277,76.098779],[95.578711,76.137305],[96.075488,76.081982],[95.65332,75.892188],[96.600586,75.989893],[96.49707,75.891211],[98.662012,76.242676],[99.77041,76.02876],[99.540723,75.798584],[99.851367,75.930273],[99.825391,76.135937],[98.805664,76.480664],[101.597754,76.439209],[100.928027,76.556738],[101.099316,76.704004],[100.905859,76.900684],[102.610156,77.508545],[104.014551,77.73042],[106.05957,77.390527],[104.202441,77.101807],[107.429785,76.926563],[106.413574,76.512256],[107.722168,76.522314],[108.181641,76.737842],[111.114844,76.723047],[112.093945,76.480322],[111.942676,76.380469],[112.619531,76.383545],[112.798438,76.129639],[112.65625,76.053564],[113.272656,76.25166],[113.563867,75.89165],[113.857227,75.921289],[113.567578,75.568408],[112.466113,75.843652],[112.955664,75.571924],[113.726172,75.450635],[112.924902,75.015039],[109.840332,74.321973],[109.810254,74.169189],[108.199512,73.694092],[107.271094,73.621045],[106.679395,73.330664],[106.188672,73.308008],[105.143945,72.777051],[106.47793,73.139404],[107.750391,73.173145],[110.868164,73.730713],[109.665625,73.800244],[110.261426,74.017432],[111.550586,74.028516],[111.228125,73.968555],[112.147266,73.708936],[112.79541,73.746094],[112.939648,73.835645],[112.835938,73.962061],[113.032813,73.913867],[113.416211,73.647607],[113.156934,73.45957],[113.490918,73.346094],[113.474609,73.047852],[113.127832,72.830664],[113.664551,72.634521],[113.215527,72.805859],[113.558887,73.232617],[113.88623,73.345801],[113.510352,73.50498],[114.060547,73.584668],[115.337695,73.702588],[118.450195,73.589795],[118.936426,73.481201],[118.457031,73.464404],[118.430273,73.246533],[119.750391,72.979102],[122.5375,72.877783],[122.751953,72.906494],[122.526758,73.016699],[123.160352,72.954883],[123.622266,73.193262],[123.322656,73.430811],[123.416211,73.636865],[124.541211,73.75127],[125.598535,73.447412],[126.254492,73.548193],[126.29248,73.394189],[126.552539,73.334912],[127.031348,73.547461],[127.740332,73.481543],[129.100586,73.112354],[128.599023,72.895166],[129.250391,72.705176],[128.418262,72.535156],[129.281348,72.437695],[129.411719,72.315479],[129.283496,72.092041],[127.726074,72.413184],[128.911426,71.755322],[129.210254,71.916943],[129.46084,71.739307],[128.843262,71.663477],[129.761914,71.119531],[130.537109,70.892529],[130.757129,70.962354],[131.021582,70.746094],[131.562012,70.901025],[132.653906,71.925977],[133.688867,71.434229],[134.702734,71.386816],[136.090332,71.61958],[137.939648,71.133398],[137.844043,71.226807],[138.314063,71.325537],[137.918359,71.384082],[138.23418,71.596338],[139.98418,71.491504],[139.695117,71.700439],[139.722949,71.884961],[139.359277,71.951367],[140.187695,72.191309],[139.176367,72.163477],[139.14082,72.329736],[139.601172,72.496094],[141.079297,72.586914],[140.652344,72.842822],[140.808203,72.890967],[146.25293,72.442236],[144.169238,72.258789],[144.470703,72.174756],[146.831836,72.29541],[146.113281,71.944971],[146.005859,71.945459],[146.230273,72.1375],[145.758594,72.225879],[145.756738,71.941309],[145.063965,71.926074],[144.989648,71.753369],[145.188574,71.695801],[146.073242,71.80835],[147.261816,72.327881],[149.501563,72.164307],[150.016895,71.895654],[148.92334,71.714648],[150.667773,71.455225],[150.097656,71.226562],[150.967773,71.380469],[151.582422,71.286963],[152.092773,71.023291],[151.762012,70.982471],[152.508789,70.834473],[155.895215,71.095508],[158.702148,70.93501],[159.911816,70.506104],[160.006445,70.309668],[159.729395,69.870215],[159.83252,69.784961],[160.910742,69.606348],[161.035547,69.098193],[161.340625,68.905176],[160.856055,68.53833],[161.565625,68.905176],[161.536914,69.379541],[162.166016,69.611572],[163.201367,69.714746],[166.820312,69.499561],[167.856836,69.728223],[168.15,69.577393],[168.303027,69.271484],[169.310645,69.079541],[169.609863,68.786035],[170.537598,68.825391],[170.99668,69.134717],[170.582227,69.58335],[170.160938,69.626563],[170.503125,69.856543],[170.486816,70.107568],[173.277441,69.823828],[173.438672,69.946826],[175.921484,69.895313],[178.84834,69.387207],[180,68.983447],[180,65.067236],[178.519531,64.602979],[177.748633,64.717041],[176.880859,65.081934],[176.341016,65.047314],[177.222852,64.86167],[176.061133,64.960889],[174.548828,64.683887],[176.056543,64.904736],[176.350977,64.705127],[176.140918,64.58584],[177.3875,64.774023],[177.43291,64.444482],[177.6875,64.304736],[178.044727,64.21958],[178.229492,64.364404],[178.69248,63.842334],[178.731445,63.66709],[178.466113,63.574072],[178.744043,63.394775],[178.792969,63.540332],[179.332324,63.190186],[179.405078,63.077734],[179.25957,63.008301],[179.570508,62.773486],[179.120703,62.320361],[177.292578,62.599023],[177.338965,62.781348],[177.023535,62.777246],[176.964746,62.658643],[177.159473,62.560986],[174.514355,61.823633],[173.623438,61.716064],[173.131836,61.406641],[172.856543,61.469189],[172.908008,61.311621],[172.392773,61.061768],[170.608203,60.434912],[170.350977,59.965527],[169.226758,60.595947],[167.226758,60.406299],[166.273047,59.85625],[166.136035,59.979346],[166.352148,60.484814],[165.08457,60.098584],[164.953711,59.843604],[164.525293,60.061279],[164.113281,59.897559],[163.743848,60.028027],[163.364844,59.781445],[163.272852,59.302588],[162.141602,58.447412],[161.960059,58.076904],[162.391406,57.717236],[162.654297,57.948242],[163.225781,57.790381],[162.761523,57.243945],[162.802637,56.811475],[163.256543,56.688037],[163.335547,56.23252],[162.840332,56.065625],[162.628125,56.232275],[163.038379,56.521875],[162.671484,56.490088],[162.488672,56.399121],[162.528223,56.260693],[162.084961,56.089648],[161.723926,55.496143],[162.105566,54.752148],[161.624805,54.51626],[160.772656,54.541357],[160.074414,54.18916],[159.84375,53.783643],[160.025098,53.12959],[159.585938,53.237695],[158.74541,52.908936],[158.47207,53.032373],[158.608789,52.873633],[158.493164,52.383154],[158.103516,51.809619],[156.747754,50.969287],[156.521191,51.380273],[156.364746,52.509375],[156.110352,52.866162],[155.563867,55.199121],[155.98252,56.695215],[156.848828,57.290186],[156.976758,57.466309],[156.829883,57.779639],[157.450391,57.799268],[157.666406,58.019775],[158.275195,58.008984],[162.068164,60.466406],[163.709961,60.916797],[163.553516,61.025635],[164.005469,61.343799],[163.804395,61.461377],[164.207227,62.292236],[164.59834,62.470557],[165.208105,62.373975],[165.396582,62.493896],[164.418359,62.704639],[163.331738,62.550928],[163.017676,61.891064],[163.257812,61.699463],[163.085254,61.570557],[162.855957,61.705029],[162.392578,61.662109],[160.766602,60.75332],[160.173633,60.638428],[160.378906,61.025488],[159.79043,60.956641],[160.309375,61.894385],[159.552344,61.719482],[159.189258,61.929395],[157.08418,61.675684],[154.293066,59.83335],[154.149805,59.528516],[154.971289,59.449609],[155.166699,59.360156],[155.160449,59.190137],[154.010938,59.075537],[153.361133,59.214795],[152.817871,58.92627],[152.319629,59.030762],[151.326758,58.875098],[151.121094,59.08252],[152.260645,59.223584],[151.348242,59.561133],[150.483594,59.494385],[150.667285,59.556348],[149.642578,59.77041],[149.065234,59.630518],[149.20498,59.488184],[148.79707,59.532324],[148.744141,59.373535],[148.964648,59.369141],[148.72666,59.25791],[148.257422,59.414209],[147.514453,59.268555],[146.537207,59.456982],[146.049512,59.170557],[145.55459,59.413525],[143.86875,59.411377],[142.580273,59.240137],[142.025391,58.999658],[140.790234,58.303467],[140.446875,57.813672],[139.181641,57.261523],[137.691504,56.139355],[135.211523,54.84082],[135.851562,54.583936],[136.797266,54.620996],[136.683008,53.931299],[136.802637,53.781982],[137.155371,53.82168],[137.258008,54.025244],[137.141602,54.182227],[137.666016,54.283301],[137.339258,54.100537],[137.834766,53.946729],[137.253711,53.546143],[137.950488,53.603564],[138.52793,53.959863],[138.569141,53.818799],[138.249707,53.524023],[138.450684,53.537012],[138.699414,53.869727],[138.657227,54.29834],[139.707422,54.277148],[141.37373,53.292773],[141.18125,53.015283],[140.839648,53.087891],[141.255859,52.840137],[141.132422,52.435693],[141.485254,52.178516],[140.932617,51.619922],[140.520898,50.800195],[140.624512,50.082422],[140.462695,49.911475],[140.37832,48.964111],[140.113281,48.422656],[138.586816,47.057227],[138.336914,46.543408],[137.685449,45.818359],[135.874609,44.373535],[135.131055,43.525732],[133.159961,42.696973],[132.303809,42.883301],[132.30957,43.313525],[131.866602,43.095166],[131.938965,43.301953],[131.158301,42.626025],[130.709375,42.656396],[130.83418,42.522949],[130.729883,42.325781],[130.687305,42.302539]]],[[[47.441992,80.853662],[48.445703,80.806006],[48.683594,80.633252],[47.705273,80.765186],[46.141406,80.446729],[44.90498,80.611279],[47.352344,80.85293],[47.441992,80.853662]]],[[[50.278125,80.927246],[51.703613,80.687646],[48.896094,80.369189],[48.677051,80.300049],[48.977539,80.162598],[48.38623,80.095801],[46.644434,80.300342],[47.895801,80.529053],[49.087793,80.515771],[49.244336,80.821387],[50.124316,80.923877],[50.278125,80.927246]]],[[[67.765332,76.237598],[61.355957,75.314844],[60.276855,75.007568],[60.501367,74.904639],[59.747266,74.745898],[59.674023,74.610156],[59.240137,74.692969],[59.04043,74.485547],[58.534668,74.498926],[58.617871,74.227393],[57.767383,74.013818],[57.872266,73.850439],[57.755957,73.769189],[57.313086,73.838037],[57.542578,73.658203],[56.63418,73.304297],[55.006836,73.453857],[54.299902,73.350977],[53.762891,73.766162],[54.642676,73.95957],[55.340918,74.419629],[56.137109,74.496094],[55.582227,74.627686],[56.49873,74.95708],[55.998047,75.003369],[55.821191,75.090625],[55.920703,75.168359],[56.570312,75.097754],[56.87627,75.244385],[56.844434,75.351416],[57.606836,75.34126],[58.058301,75.663086],[60.279297,76.09624],[60.942188,76.071289],[61.20166,76.282031],[64.463477,76.378174],[67.534961,77.007764],[68.911719,76.760547],[68.899805,76.572949],[68.16543,76.284863],[67.765332,76.237598]]],[[[55.319824,73.308301],[56.42959,73.201172],[56.12168,72.806592],[55.40332,72.549072],[55.518066,72.220654],[55.297852,71.935352],[56.454395,71.107373],[57.625391,70.728809],[57.145898,70.589111],[56.260059,70.714746],[56.561328,70.593555],[56.43457,70.562988],[53.722363,70.814453],[53.383594,70.873535],[53.613574,70.914648],[53.670508,71.086914],[54.155664,71.125488],[53.409961,71.340137],[53.411621,71.530127],[51.937891,71.474707],[51.438672,71.776807],[51.58252,72.071191],[52.62207,72.300977],[52.916602,72.668896],[52.550586,72.768555],[53.369824,72.916748],[53.251172,73.182959],[55.121387,73.356836],[55.319824,73.308301]]],[[[96.526563,81.075586],[97.856445,80.698096],[97.113086,80.614063],[97.025391,80.535547],[97.416992,80.323145],[97.175195,80.241016],[93.872363,80.010107],[91.523828,80.358545],[93.2625,80.79126],[92.592578,80.780859],[93.065137,80.988477],[95.15957,81.270996],[96.471094,81.099268],[96.526563,81.075586]]],[[[97.674512,80.158252],[98.017773,80.022852],[97.65166,79.760645],[98.596484,80.052197],[99.946582,79.848975],[100.06123,79.7771],[99.781641,79.628271],[99.680664,79.32334],[99.041797,79.293018],[99.929297,78.961426],[97.555469,78.826562],[94.791016,79.086621],[94.21875,79.402344],[93.070801,79.495312],[94.987305,80.096826],[97.586816,80.168262],[97.674512,80.158252]]],[[[102.884766,79.253955],[102.412305,78.835449],[103.800781,79.149268],[104.633203,78.835156],[105.145996,78.818848],[105.342676,78.593945],[104.741797,78.339746],[101.204102,78.191943],[99.84502,77.956836],[99.287109,78.038086],[100.018945,78.338916],[100.416406,78.753174],[100.955762,78.788477],[100.85625,78.897754],[101.052246,79.123242],[101.590625,79.350439],[102.25127,79.256055],[102.180664,79.373389],[102.404883,79.433203],[103.097949,79.299121],[102.939648,79.271191],[102.884766,79.253955]]],[[[140.04873,75.828955],[140.815918,75.630713],[140.985352,75.964502],[141.485449,76.137158],[145.359961,75.530469],[144.019727,75.044678],[142.820117,75.267822],[142.699609,75.448877],[142.941797,75.713281],[142.30791,75.691699],[142.08623,75.660645],[142.198828,75.392676],[143.12793,74.970313],[142.472754,74.82041],[141.987305,74.99126],[140.267871,74.846924],[139.68125,74.964062],[139.099121,74.656543],[138.092285,74.797461],[136.947656,75.325537],[137.289746,75.348633],[137.268848,75.749414],[137.706543,75.75957],[137.501172,75.909668],[137.625391,75.988184],[138.813965,76.199707],[139.743359,75.953076],[140.04873,75.828955]]],[[[146.795215,75.370752],[148.432422,75.413525],[148.590137,75.236377],[150.822363,75.156543],[150.580273,74.918945],[149.050195,74.772461],[146.148535,75.198291],[146.438477,75.558203],[146.748242,75.428662],[146.795215,75.370752]]],[[[178.861523,70.826416],[178.683887,71.105664],[180,71.537744],[180,70.993018],[179.152539,70.880273],[178.861523,70.826416]]],[[[142.761035,54.393945],[142.976172,54.140967],[142.917969,53.794238],[143.324707,52.963086],[143.190625,51.944482],[143.816016,50.282617],[144.71377,48.640283],[144.04873,49.24917],[143.10498,49.198828],[142.574219,48.072168],[142.556934,47.737891],[143.217676,46.794873],[143.485645,46.752051],[143.580664,46.360693],[143.431641,46.028662],[143.282324,46.558984],[142.578027,46.700781],[142.077148,45.917041],[141.830371,46.451074],[142.038672,47.140283],[141.964063,47.587451],[142.181738,48.013379],[141.866309,48.750098],[142.142285,49.569141],[142.066016,50.630469],[142.206738,51.222559],[141.722363,51.736328],[141.66084,52.272949],[141.855566,52.793506],[141.823535,53.339502],[142.141992,53.495605],[142.526172,53.447461],[142.705957,53.895703],[142.334961,54.280713],[142.692773,54.416113],[142.761035,54.393945]]],[[[-178.876465,71.577051],[-177.498486,71.219141],[-179.156885,70.939844],[-179.999951,70.993018],[-179.999951,71.537744],[-178.994043,71.593213],[-178.876465,71.577051]]],[[[35.816113,65.18208],[35.778711,64.97666],[35.528906,65.151074],[35.729102,65.197559],[35.816113,65.18208]]],[[[42.713672,66.701709],[42.460059,66.770361],[42.690723,66.735303],[42.713672,66.701709]]],[[[52.90332,71.36499],[53.192578,71.215283],[53.120996,70.982031],[52.239844,71.325049],[52.776758,71.399805],[52.90332,71.36499]]],[[[168.039062,54.56499],[167.441504,54.855859],[167.882617,54.690479],[168.039062,54.56499]]],[[[160.718945,70.822705],[160.436914,70.851025],[160.644922,70.883545],[160.718945,70.822705]]],[[[161.46709,68.900977],[161.136523,69.110254],[161.082813,69.405664],[161.505176,69.639453],[161.609277,69.500928],[161.350879,69.369336],[161.506738,68.927588],[161.46709,68.900977]]],[[[152.885938,76.121729],[152.558594,76.143604],[152.86377,76.163428],[152.885938,76.121729]]],[[[149.150195,76.659912],[148.398633,76.648242],[149.406445,76.78208],[149.204785,76.677002],[149.150195,76.659912]]],[[[137.959863,71.507666],[137.064063,71.529883],[137.933789,71.542773],[137.959863,71.507666]]],[[[107.695508,78.130908],[106.415527,78.139844],[107.573242,78.185547],[107.695508,78.130908]]],[[[112.478027,76.620898],[112.66084,76.50957],[111.968945,76.626172],[112.394141,76.643799],[112.478027,76.620898]]],[[[96.532422,76.278125],[96.300586,76.121729],[95.311133,76.214746],[96.270703,76.305371],[96.532422,76.278125]]],[[[96.285449,77.02666],[95.270312,77.018848],[96.528418,77.205518],[96.424316,77.071191],[96.285449,77.02666]]],[[[89.514258,77.188818],[89.141699,77.226807],[89.66582,77.254492],[89.514258,77.188818]]],[[[74.660547,72.873437],[74.100195,73.021533],[74.961523,73.0625],[74.697168,72.907715],[74.660547,72.873437]]],[[[75.503711,73.456641],[75.344336,73.432275],[76.051562,73.549268],[75.827148,73.459131],[75.503711,73.456641]]],[[[83.549023,74.071777],[82.817773,74.091602],[83.618359,74.089453],[83.549023,74.071777]]],[[[67.344922,69.529834],[67.025879,69.483203],[67.328906,69.572119],[67.344922,69.529834]]],[[[66.560938,70.541748],[66.568555,70.501465],[66.51582,70.514893],[66.448633,70.561035],[66.407617,70.615771],[66.394824,70.727295],[66.418164,70.757129],[66.440234,70.772656],[66.462891,70.769336],[66.457715,70.698779],[66.560938,70.541748]]],[[[70.020703,66.502197],[69.469336,66.715967],[70.07666,66.695898],[70.05918,66.517578],[70.020703,66.502197]]],[[[50.051758,80.074316],[49.556055,80.158936],[50.319141,80.172363],[50.072266,80.109473],[50.051758,80.074316]]],[[[51.409277,79.944238],[50.091406,79.980566],[50.936328,80.094238],[51.326953,79.972314],[51.409277,79.944238]]],[[[50.753711,81.047412],[50.368457,81.12251],[50.946191,81.108154],[50.78877,81.071826],[50.753711,81.047412]]],[[[55.479688,80.273828],[54.979688,80.256445],[55.434766,80.302246],[55.479688,80.273828]]],[[[54.415332,80.472803],[53.811914,80.476221],[53.877246,80.605273],[54.437305,80.498682],[54.415332,80.472803]]],[[[59.688867,79.955811],[58.919238,79.984619],[59.544531,80.118848],[59.911035,79.994287],[59.688867,79.955811]]],[[[58.622363,81.04165],[58.930566,80.831689],[57.937891,80.793359],[57.210938,81.01709],[58.507617,81.061768],[58.622363,81.04165]]],[[[47.983008,45.488232],[47.947168,45.64707],[47.987109,45.554053],[47.983008,45.488232]]],[[[50.265234,69.185596],[50.220605,69.048779],[50.093945,69.125537],[49.62627,68.859717],[48.910352,68.743066],[48.439063,68.804883],[48.278809,69.040332],[48.413867,69.345654],[48.95332,69.509277],[50.167285,69.25708],[50.265234,69.185596]]],[[[63.373828,80.700098],[62.520313,80.821875],[64.095703,80.99834],[64.575391,81.198486],[65.171973,81.144043],[65.437402,80.930713],[64.54834,80.75542],[63.373828,80.700098]]],[[[57.95625,80.123242],[57.332324,80.158105],[57.011133,80.468311],[59.255469,80.343213],[58.163184,80.196533],[57.95625,80.123242]]],[[[62.167773,80.834766],[62.075781,80.616943],[61.05127,80.418604],[59.649805,80.43125],[59.288184,80.572656],[59.71582,80.836377],[62.10293,80.866602],[62.167773,80.834766]]],[[[61.14082,80.950342],[60.058203,80.984619],[61.567383,81.050293],[61.471973,81.011035],[61.14082,80.950342]]],[[[53.521387,80.185205],[52.213379,80.263721],[53.185645,80.412646],[53.85166,80.268359],[53.65293,80.222559],[53.521387,80.185205]]],[[[57.078711,80.350928],[56.986914,80.071484],[55.724023,80.104736],[56.012207,80.203906],[56.024414,80.341309],[56.944531,80.366162],[57.078711,80.350928]]],[[[57.810254,81.546045],[58.563867,81.418408],[57.858691,81.368066],[58.015332,81.254834],[57.450977,81.135547],[55.716699,81.188477],[55.466016,81.311182],[57.716602,81.564648],[57.810254,81.546045]]],[[[54.718945,81.115967],[57.694141,80.792285],[55.883398,80.628418],[54.066602,80.813623],[54.633984,81.113184],[54.718945,81.115967]]],[[[63.650977,81.609326],[62.106445,81.679346],[63.782422,81.649805],[63.650977,81.609326]]],[[[58.29541,81.715186],[57.909277,81.721924],[58.13457,81.827979],[59.356445,81.758984],[58.29541,81.715186]]],[[[92.683496,79.685205],[91.070312,79.981494],[93.803125,79.904541],[92.92627,79.704492],[92.683496,79.685205]]],[[[91.567187,81.141211],[89.901172,81.170703],[91.477832,81.183936],[91.567187,81.141211]]],[[[141.010254,73.999463],[140.409473,73.92168],[140.101562,74.184277],[140.944336,74.264648],[141.046875,74.050391],[141.010254,73.999463]]],[[[142.184863,73.895898],[143.34375,73.56875],[143.491309,73.246436],[139.685547,73.425732],[140.380664,73.483008],[141.084766,73.865869],[141.931836,73.914941],[142.184863,73.895898]]],[[[135.948633,75.40957],[135.451953,75.389551],[135.698633,75.845264],[136.168945,75.605566],[136.020508,75.438379],[135.948633,75.40957]]],[[[136.197461,73.913623],[135.387012,74.253369],[136.25918,73.984961],[136.197461,73.913623]]],[[[137.940527,55.092627],[138.206152,55.033545],[137.721484,54.663232],[137.462695,54.873389],[137.23291,54.790576],[137.577344,55.197021],[137.910449,55.110059],[137.940527,55.092627]]],[[[169.200781,69.580469],[167.788867,69.836865],[168.35791,70.015674],[169.374805,69.882617],[169.245801,69.601123],[169.200781,69.580469]]],[[[163.635156,58.603369],[163.431836,58.546143],[163.760938,59.015039],[164.572656,59.221143],[164.615723,58.885596],[163.960059,58.74375],[163.635156,58.603369]]],[[[166.650293,54.839062],[166.645117,54.694092],[165.751074,55.294531],[166.275781,55.311963],[166.248047,55.16543],[166.577344,54.907715],[166.650293,54.839062]]],[[[154.810449,49.312012],[154.610938,49.294043],[154.824902,49.646924],[154.829883,49.3479],[154.810449,49.312012]]],[[[156.405078,50.657617],[156.167969,50.731885],[156.376465,50.862109],[156.483105,50.751221],[156.405078,50.657617]]],[[[155.921094,50.302197],[155.397168,50.04126],[155.195117,50.264551],[155.680176,50.400732],[156.096875,50.771875],[156.044434,50.451758],[155.921094,50.302197]]],[[[154.08125,48.790283],[154.042969,48.73877],[154.000684,48.755713],[153.992285,48.77251],[154.091699,48.832129],[154.126367,48.904443],[154.199023,48.904932],[154.228418,48.89209],[154.204688,48.857178],[154.08125,48.790283]]],[[[155.644824,50.821924],[155.467383,50.913574],[155.653613,50.845361],[155.644824,50.821924]]],[[[153.101074,47.762939],[152.984277,47.72793],[153.079199,47.80874],[153.101074,47.762939]]],[[[152.002051,46.897168],[151.715332,46.852686],[152.288867,47.142187],[152.002051,46.897168]]],[[[149.687695,45.642041],[149.44707,45.593359],[149.962305,46.021924],[150.553125,46.208545],[149.883398,45.783154],[149.687695,45.642041]]],[[[148.599512,45.317627],[147.657813,44.977148],[146.897461,44.404297],[147.924023,45.383301],[148.324219,45.282422],[148.772656,45.526465],[148.790723,45.323975],[148.599512,45.317627]]],[[[146.713965,43.743799],[146.621973,43.812988],[146.899023,43.80415],[146.713965,43.743799]]],[[[146.207617,44.497656],[146.567773,44.44043],[145.914062,44.103711],[145.555859,43.6646],[145.439258,43.737061],[146.112109,44.500146],[146.207617,44.497656]]],[[[113.387207,74.400439],[112.782422,74.095068],[111.503418,74.353076],[111.879785,74.363818],[112.084473,74.548975],[113.28623,74.441016],[113.387207,74.400439]]],[[[76.248926,79.651074],[77.588965,79.501904],[76.649512,79.493408],[76.148438,79.664453],[76.248926,79.651074]]],[[[80.02666,80.848145],[78.977637,80.848242],[79.806641,80.975391],[80.42793,80.927686],[80.344824,80.86792],[80.02666,80.848145]]],[[[70.673926,73.09502],[69.920117,73.084521],[69.995898,73.359375],[70.35,73.477637],[71.023242,73.504199],[71.630469,73.224805],[70.886719,73.119629],[70.673926,73.09502]]],[[[77.63252,72.29126],[76.871094,72.317041],[77.578711,72.630859],[78.365137,72.482422],[77.780859,72.308545],[77.63252,72.29126]]],[[[79.501465,72.721924],[78.633203,72.850732],[79.164258,73.094336],[79.541309,72.918652],[79.537891,72.769336],[79.501465,72.721924]]],[[[82.172363,75.419385],[81.978516,75.247119],[81.500586,75.36792],[82.165625,75.515625],[82.172363,75.419385]]],[[[60.450488,69.934863],[60.440234,69.725928],[59.724609,69.706201],[59.502637,69.866211],[58.952734,69.892773],[58.473047,70.266846],[59.048047,70.460498],[60.392578,69.962402],[60.450488,69.934863]]],[[[20.957813,55.278906],[20.594824,54.982373],[21.188867,54.935205],[21.235742,55.264111],[21.389258,55.275537],[22.567285,55.059131],[22.824707,54.871289],[22.684473,54.562939],[22.766211,54.356787],[19.604395,54.45918],[19.974512,54.921191],[20.520313,54.994873],[20.899805,55.28667],[20.957813,55.278906]]],[[[33.594141,46.09624],[33.806667,46.208288],[34.686878,45.97695],[35.45752,45.316309],[36.575,45.393555],[36.393359,45.065381],[35.472559,45.098486],[35.087695,44.802637],[34.716895,44.807129],[34.074414,44.423828],[33.755664,44.398926],[33.450684,44.553662],[33.555176,45.097656],[32.508008,45.403809],[33.636719,46.032861],[33.594141,46.09624]]]]}},{"type":"Feature","properties":{"name":"Romania","state":"Romania","abbr":"RO","iso":"ROU","kind":"country","scope":"world","isUSA":false,"continent":"Europe"},"geometry":{"type":"Polygon","coordinates":[[[28.2125,45.450439],[28.760742,45.234131],[29.403711,45.419678],[29.705859,45.259912],[29.55752,44.843408],[29.048242,44.757568],[29.095313,44.975049],[28.891504,44.918652],[28.585352,43.742236],[27.086914,44.167383],[26.21582,44.007275],[25.49707,43.670801],[22.919043,43.834473],[23.028516,44.077979],[22.494531,44.435449],[22.720898,44.605518],[22.497656,44.70625],[22.093066,44.541943],[21.360059,44.82666],[21.532324,44.900684],[21.35293,45.008984],[21.490234,45.1479],[20.794043,45.467871],[20.775,45.749805],[20.241797,46.108594],[21.12168,46.282422],[21.999707,47.505029],[23.139453,48.087402],[24.578906,47.931055],[24.893359,47.717773],[26.162695,47.992529],[26.305664,48.20376],[26.71377,48.263477],[26.980762,48.155029],[28.071777,46.978418],[28.239453,46.64082],[28.1625,45.51377],[28.2125,45.450439]]]}},{"type":"Feature","properties":{"name":"Qatar","state":"Qatar","abbr":"QA","iso":"QAT","kind":"country","scope":"world","isUSA":false,"continent":"Asia"},"geometry":{"type":"Polygon","coordinates":[[[51.267969,24.607227],[50.855664,24.679639],[50.75459,25.399268],[51.003125,25.981445],[51.262305,26.153271],[51.572266,25.781006],[51.608887,25.052881],[51.396484,24.645117],[51.267969,24.607227]]]}},{"type":"Feature","properties":{"name":"Portugal","state":"Portugal","abbr":"PT","iso":"PRT","kind":"country","scope":"world","isUSA":false,"continent":"Europe"},"geometry":{"type":"MultiPolygon","coordinates":[[[[-17.190869,32.868604],[-16.693262,32.758008],[-17.018262,32.662793],[-17.241016,32.807373],[-17.190869,32.868604]]],[[[-8.777148,41.941064],[-8.266064,42.137402],[-8.15249,41.811963],[-6.618262,41.942383],[-6.542187,41.67251],[-6.2125,41.532031],[-6.928467,41.009131],[-6.810156,40.343115],[-7.032617,40.16792],[-6.896094,40.021826],[-6.975391,39.798389],[-7.535693,39.661572],[-6.997949,39.056445],[-7.343018,38.457422],[-6.957568,38.187891],[-7.443945,37.728271],[-7.406152,37.179443],[-7.834131,37.005713],[-8.997803,37.032275],[-8.81416,37.430811],[-8.881104,38.44668],[-8.668311,38.424316],[-9.213281,38.448096],[-9.250391,38.656738],[-8.791602,39.078174],[-9.135791,38.742773],[-9.474121,38.730859],[-9.374756,39.338281],[-8.837842,40.115674],[-8.684619,40.752539],[-8.878223,41.83208],[-8.777148,41.941064]]],[[[-25.027344,36.959961],[-25.198389,36.996533],[-25.044336,37.000195],[-25.027344,36.959961]]],[[[-31.137109,39.406934],[-31.282959,39.394092],[-31.138623,39.479443],[-31.137109,39.406934]]],[[[-27.075244,38.643457],[-27.385937,38.76582],[-27.041992,38.678906],[-27.075244,38.643457]]],[[[-27.778467,38.555615],[-28.310645,38.743896],[-27.962646,38.636328],[-27.778467,38.555615]]],[[[-28.641309,38.525],[-28.842041,38.598437],[-28.605811,38.550732],[-28.641309,38.525]]],[[[-28.147266,38.452686],[-28.531152,38.462549],[-28.402148,38.553369],[-28.147266,38.452686]]],[[[-25.648975,37.840918],[-25.181934,37.837891],[-25.439014,37.715332],[-25.734473,37.762891],[-25.78374,37.911133],[-25.648975,37.840918]]]]}},{"type":"Feature","properties":{"name":"Poland","state":"Poland","abbr":"PL","iso":"POL","kind":"country","scope":"world","isUSA":false,"continent":"Europe"},"geometry":{"type":"Polygon","coordinates":[[[23.605273,51.51792],[24.095801,50.872754],[23.978418,50.785596],[24.089941,50.530469],[22.706152,49.606201],[22.809766,49.020752],[21.639648,49.411963],[20.362988,49.385254],[20.057617,49.181299],[19.756641,49.204395],[19.773926,49.372168],[19.441602,49.597705],[18.968359,49.39624],[18.562402,49.879346],[17.627051,50.116406],[17.702246,50.307178],[16.880078,50.427051],[16.989648,50.236914],[16.63916,50.102148],[16.210352,50.42373],[16.419727,50.573633],[16.282227,50.655615],[16.007227,50.611621],[14.99375,51.014355],[14.809375,50.858984],[15.016602,51.252734],[14.60166,51.832373],[14.752539,52.081836],[14.55459,52.359668],[14.619434,52.528516],[14.128613,52.878223],[14.410938,53.199023],[14.258887,53.729639],[14.583496,53.639355],[14.558398,53.823193],[14.198242,53.919043],[18.085645,54.83584],[18.759277,54.68457],[18.43623,54.744727],[18.669629,54.430908],[18.97627,54.348926],[19.604395,54.45918],[22.893945,54.390527],[23.453613,54.143457],[23.887109,53.027539],[23.90127,52.703613],[23.175098,52.286621],[23.652441,52.040381],[23.539648,51.618896],[23.605273,51.51792]]]}},{"type":"Feature","properties":{"name":"Philippines","state":"Philippines","abbr":"PH","iso":"PHL","kind":"country","scope":"world","isUSA":false,"continent":"Asia"},"geometry":{"type":"MultiPolygon","coordinates":[[[[121.101562,18.615283],[121.845605,18.29541],[122.265527,18.458838],[122.152344,17.664404],[122.519141,17.124854],[122.135156,16.184814],[121.595313,15.933252],[121.392285,15.324414],[121.69541,14.737305],[121.766602,14.168066],[122.211719,13.930176],[122.199707,14.148047],[122.627148,14.317529],[122.93418,14.188086],[123.101953,13.750244],[123.296973,13.836426],[123.320312,14.06167],[123.815723,13.837109],[123.549609,13.645752],[123.785156,13.110547],[124.142773,13.035791],[124.059766,12.56709],[123.877832,12.689697],[123.948535,12.916406],[123.310938,13.044092],[123.163281,13.441748],[122.595215,13.907617],[122.467969,13.886719],[122.667871,13.395361],[122.599902,13.194141],[121.77793,13.937646],[121.344141,13.649121],[120.840723,13.884717],[120.637109,13.804492],[120.616797,14.188037],[120.941309,14.645068],[120.583691,14.88125],[120.588672,14.483105],[120.43877,14.453369],[120.082129,14.851074],[119.772559,16.255127],[120.159766,16.047656],[120.36875,16.10957],[120.358398,17.638184],[120.599707,18.507861],[121.051367,18.613672],[121.101562,18.615283]]],[[[117.311133,8.4396],[117.218555,8.367285],[117.349902,8.713574],[119.223828,10.477295],[119.305664,10.973633],[119.55332,11.313525],[119.686914,10.500342],[119.191504,10.061084],[118.782129,9.916113],[118.434961,9.256006],[117.4125,8.49585],[117.311133,8.4396]]],[[[122.496191,11.615088],[122.838086,11.595654],[122.894531,11.441309],[123.158301,11.535547],[123.119531,11.286816],[122.769922,10.823828],[121.954004,10.444385],[122.103516,11.64292],[121.891211,11.790869],[122.029199,11.89541],[122.399219,11.702197],[122.496191,11.615088]]],[[[123.130859,9.064111],[122.5625,9.482812],[122.399512,9.823047],[122.855566,10.086914],[122.816992,10.503809],[122.983301,10.886621],[123.256641,10.993945],[123.567578,10.780762],[123.162012,9.864258],[123.321875,9.31748],[123.19248,9.087891],[123.130859,9.064111]]],[[[124.574609,11.343066],[124.92998,11.372852],[125.026563,11.211719],[125.013184,10.785693],[125.268457,10.307715],[125.142578,10.189453],[124.9875,10.367578],[125.026563,10.033105],[124.780762,10.168066],[124.786719,10.781396],[124.662695,10.961963],[124.445508,10.923584],[124.330664,11.535205],[124.548242,11.39502],[124.574609,11.343066]]],[[[125.239551,12.527881],[125.535645,12.191406],[125.491797,11.594336],[125.735645,11.049609],[125.233398,11.145068],[125.034277,11.34126],[124.99502,11.764941],[124.445703,12.152783],[124.294727,12.569336],[125.150195,12.572559],[125.239551,12.527881]]],[[[120.704395,13.479492],[121.202734,13.432324],[121.522754,13.131201],[121.540625,12.638184],[121.236719,12.218799],[120.922168,12.511621],[120.651367,13.169141],[120.338477,13.412354],[120.65332,13.497607],[120.704395,13.479492]]],[[[126.005957,9.320947],[126.193359,9.276709],[126.30459,8.952051],[126.139551,8.595654],[126.365332,8.483887],[126.458691,8.202832],[126.581543,7.247754],[126.19209,6.852539],[126.189355,6.309668],[125.824414,7.333301],[125.689258,7.263037],[125.380664,6.689941],[125.588477,6.465771],[125.667969,5.978662],[125.346484,5.598975],[125.231543,6.069531],[124.927344,5.875342],[124.078125,6.404443],[123.985254,6.993701],[124.206641,7.396436],[123.66582,7.817773],[123.493066,7.80791],[123.390918,7.40752],[123.09668,7.700439],[122.842969,7.529297],[122.616211,7.763135],[122.14248,6.949658],[121.964258,6.968213],[122.131836,7.810498],[122.337109,8.028418],[122.911133,8.156445],[123.43457,8.70332],[123.849219,8.432715],[123.799414,8.049121],[124.197656,8.229541],[124.404883,8.599854],[124.731152,8.562988],[124.868945,8.972266],[125.141016,8.86875],[125.209668,9.027148],[125.49873,9.014746],[125.471289,9.756787],[125.954688,9.42666],[126.005957,9.320947]]],[[[123.370313,9.449609],[123.38623,9.96709],[124.038867,11.273535],[124.00498,10.400098],[123.700488,10.12832],[123.493555,9.589307],[123.370313,9.449609]]],[[[121.92168,18.894727],[121.825195,18.842725],[121.987891,18.956641],[121.92168,18.894727]]],[[[121.520898,19.361963],[121.53125,19.271338],[121.47207,19.27334],[121.38291,19.328467],[121.374609,19.356299],[121.375977,19.379688],[121.391602,19.399365],[121.520898,19.361963]]],[[[121.960059,20.365869],[121.941309,20.353711],[121.914062,20.359424],[121.941211,20.453711],[121.991211,20.47959],[122.031152,20.469385],[121.960059,20.365869]]],[[[121.878125,20.781885],[121.790625,20.701172],[121.866992,20.839209],[121.878125,20.781885]]],[[[121.159375,6.075635],[121.411035,5.939844],[120.930664,5.896191],[121.037695,6.095996],[121.159375,6.075635]]],[[[117.079883,7.883398],[116.969531,7.894922],[117.077051,8.069141],[117.079883,7.883398]]],[[[119.916211,10.485986],[119.764453,10.551611],[119.981152,10.538721],[119.916211,10.485986]]],[[[120.1,12.167676],[120.228223,12.219824],[120.314551,12.012402],[120.010547,12.008252],[119.885742,12.299854],[120.077539,12.197754],[120.1,12.167676]]],[[[120.03877,11.70332],[119.860938,11.953955],[120.073145,11.783496],[120.03877,11.70332]]],[[[122.649512,10.472705],[122.538379,10.424951],[122.5375,10.607568],[122.70127,10.740625],[122.68125,10.498242],[122.649512,10.472705]]],[[[124.593848,9.787207],[124.122461,9.599316],[123.817187,9.817383],[124.335742,10.159912],[124.577148,10.026709],[124.582227,9.82959],[124.593848,9.787207]]],[[[120.250391,5.256592],[119.821484,5.069531],[120.229395,5.284082],[120.250391,5.256592]]],[[[122.092871,6.42832],[121.832031,6.664062],[122.288086,6.638916],[122.200977,6.48291],[122.092871,6.42832]]],[[[126.059375,9.766211],[126.073828,10.059229],[126.136914,9.767773],[126.059375,9.766211]]],[[[125.690234,9.914453],[125.494824,10.118701],[125.666797,10.440137],[125.69248,9.939014],[125.690234,9.914453]]],[[[120.271289,13.750684],[120.104199,13.782373],[120.211426,13.820654],[120.271289,13.750684]]],[[[121.914844,13.540332],[122.114551,13.463184],[122.004883,13.20498],[121.829199,13.328613],[121.866211,13.566162],[121.914844,13.540332]]],[[[122.094043,12.354883],[122.013965,12.105615],[121.923242,12.331299],[122.001563,12.598535],[122.14502,12.652637],[122.131641,12.537549],[122.094043,12.354883]]],[[[122.654492,12.309033],[122.422949,12.455078],[122.683301,12.382324],[122.654492,12.309033]]],[[[123.281836,12.853418],[123.367188,12.70083],[122.95752,13.107178],[123.20625,12.90542],[123.281836,12.853418]]],[[[123.775391,12.453906],[123.587207,12.633301],[123.708691,12.610791],[123.775391,12.453906]]],[[[123.716602,12.287354],[124.040332,11.966797],[124.045508,11.752441],[123.47373,12.21665],[123.157813,11.925635],[123.236426,12.583496],[123.574805,12.406934],[123.716602,12.287354]]],[[[124.353613,13.632227],[124.057031,13.605566],[124.18623,14.059521],[124.417188,13.871045],[124.404004,13.679443],[124.353613,13.632227]]],[[[122.175391,14.048828],[122.172266,14.008008],[121.95625,14.156055],[121.946387,14.181494],[121.945996,14.205127],[121.95918,14.22876],[122.175391,14.048828]]],[[[122.033496,15.005029],[121.933008,14.656055],[121.820312,14.963574],[121.97168,15.046387],[122.033496,15.005029]]],[[[124.316211,10.606006],[124.288477,10.601465],[124.334668,10.706689],[124.371094,10.691357],[124.382324,10.679834],[124.381348,10.632568],[124.316211,10.606006]]],[[[125.280762,9.982178],[125.133008,10.155029],[125.230957,10.115674],[125.280762,9.982178]]],[[[122.937109,7.409131],[122.804688,7.315967],[122.914844,7.433398],[122.937109,7.409131]]],[[[125.78457,6.962744],[125.683008,7.073193],[125.783398,7.130664],[125.78457,6.962744]]],[[[124.608398,11.492188],[124.360352,11.665918],[124.622266,11.549561],[124.608398,11.492188]]],[[[124.806641,9.142627],[124.639063,9.175098],[124.790234,9.190088],[124.806641,9.142627]]],[[[121.252246,19.082422],[121.24668,19.015186],[121.196094,19.050684],[121.184863,19.101416],[121.189941,19.138916],[121.213184,19.183594],[121.244727,19.143018],[121.252246,19.082422]]],[[[119.861426,11.525342],[119.830664,11.375684],[119.725586,11.474658],[119.826758,11.51543],[119.861426,11.525342]]],[[[123.757031,11.283301],[123.815625,11.150732],[123.741406,11.27915],[123.757031,11.283301]]],[[[122.31084,12.528809],[122.279785,12.498291],[122.260938,12.503076],[122.247852,12.556934],[122.278027,12.59292],[122.2875,12.589258],[122.31084,12.528809]]],[[[125.970508,9.593555],[125.952441,9.567969],[125.92207,9.621484],[125.948535,9.739209],[125.967773,9.759082],[125.992969,9.68457],[125.970508,9.593555]]],[[[124.854395,11.594775],[124.730859,11.715332],[124.821484,11.626611],[124.854395,11.594775]]],[[[117.355273,8.214648],[117.287012,8.191016],[117.272266,8.253516],[117.280859,8.31499],[117.32959,8.308496],[117.353711,8.289258],[117.355273,8.214648]]],[[[123.697656,9.237305],[123.540723,9.129736],[123.654883,9.27876],[123.697656,9.237305]]]]}},{"type":"Feature","properties":{"name":"Peru","state":"Peru","abbr":"PE","iso":"PER","kind":"country","scope":"world","isUSA":false,"continent":"South America"},"geometry":{"type":"Polygon","coordinates":[[[-69.965918,-4.235938],[-70.05332,-4.333105],[-70.404639,-4.150098],[-70.799512,-4.17334],[-70.973682,-4.350488],[-71.844727,-4.504395],[-72.887061,-5.122754],[-73.235547,-6.098438],[-73.137354,-6.46582],[-73.758105,-6.905762],[-73.72041,-7.309277],[-73.964307,-7.378906],[-74.002051,-7.556055],[-72.974023,-8.993164],[-73.209424,-9.411426],[-72.379053,-9.510156],[-72.181592,-10.003711],[-71.237939,-9.966016],[-70.541113,-9.4375],[-70.642334,-11.010254],[-69.578613,-10.951758],[-68.685254,-12.501953],[-68.978613,-12.880078],[-69.074121,-13.682813],[-68.870898,-14.169727],[-69.359473,-14.795313],[-69.172461,-15.236621],[-69.420898,-15.640625],[-69.217578,-16.149121],[-68.842773,-16.337891],[-69.624854,-17.200195],[-69.510937,-17.506055],[-69.8521,-17.703809],[-69.926367,-18.206055],[-70.418262,-18.345605],[-71.336963,-17.68252],[-71.532227,-17.294336],[-75.104248,-15.411914],[-75.933887,-14.633594],[-76.376465,-13.863086],[-76.223633,-13.371191],[-77.152734,-12.060352],[-77.220312,-11.663379],[-77.633203,-11.287793],[-78.762256,-8.616992],[-79.994971,-6.768945],[-81.142041,-6.056738],[-81.164307,-5.875293],[-80.930664,-5.84082],[-80.881934,-5.635059],[-81.336621,-4.669531],[-81.232031,-4.234277],[-80.324658,-3.387891],[-80.179248,-3.877734],[-80.490137,-4.010059],[-80.352881,-4.208496],[-80.478564,-4.430078],[-80.139551,-4.296094],[-79.638525,-4.454883],[-79.330957,-4.927832],[-79.033301,-4.969141],[-78.686035,-4.562402],[-78.345361,-3.397363],[-78.158496,-3.465137],[-77.860596,-2.981641],[-76.679102,-2.562598],[-75.570557,-1.53125],[-75.408057,-0.924316],[-75.249609,-0.951855],[-75.259375,-0.590137],[-75.62627,-0.122852],[-75.224609,-0.041748],[-74.616357,-0.37002],[-74.246387,-0.970605],[-73.664307,-1.248828],[-73.496289,-1.693066],[-73.196973,-1.830273],[-73.154492,-2.278223],[-72.941113,-2.394043],[-72.218457,-2.400488],[-71.752539,-2.152734],[-71.396973,-2.334082],[-70.968555,-2.206836],[-70.09585,-2.658203],[-70.735107,-3.781543],[-70.339502,-3.814355],[-70.017187,-4.162012],[-69.965918,-4.235938]]]}},{"type":"Feature","properties":{"name":"Paraguay","state":"Paraguay","abbr":"PY","iso":"PRY","kind":"country","scope":"world","isUSA":false,"continent":"South America"},"geometry":{"type":"Polygon","coordinates":[[[-58.159766,-20.164648],[-57.830225,-20.997949],[-57.955908,-22.10918],[-56.937256,-22.271289],[-56.447803,-22.076172],[-56.246045,-22.264648],[-55.84917,-22.307617],[-55.617676,-22.671484],[-55.415918,-23.951367],[-55.194336,-24.01748],[-54.625488,-23.8125],[-54.241797,-24.047266],[-54.755078,-26.53291],[-55.135937,-26.931152],[-55.42666,-27.009277],[-55.714648,-27.414844],[-56.164062,-27.321484],[-56.437158,-27.553809],[-58.604834,-27.314355],[-58.618604,-27.132129],[-58.191309,-26.62998],[-58.111133,-26.180176],[-57.57168,-25.53418],[-57.643896,-25.328418],[-59.89248,-24.093555],[-61.03291,-23.755664],[-61.798535,-23.182031],[-62.650977,-22.233691],[-62.27666,-21.066016],[-62.276318,-20.5625],[-61.756836,-19.645313],[-60.007373,-19.297559],[-59.090527,-19.28623],[-58.180176,-19.817871],[-58.139941,-19.998828],[-58.159766,-20.164648]]]}},{"type":"Feature","properties":{"name":"Papua New Guinea","state":"Papua New Guinea","abbr":"PG","iso":"PNG","kind":"country","scope":"world","isUSA":false,"continent":"Oceania"},"geometry":{"type":"MultiPolygon","coordinates":[[[[152.96582,-4.756348],[152.891699,-4.832422],[152.739941,-4.63584],[152.668164,-4.131836],[152.279395,-3.582422],[150.746094,-2.738867],[150.825391,-2.572949],[152.03291,-3.251367],[153.016797,-4.105664],[153.13252,-4.352441],[153.023242,-4.666309],[152.96582,-4.756348]]],[[[151.915625,-4.296777],[152.117188,-4.212207],[152.405664,-4.340723],[152.351172,-4.822168],[151.983691,-5.074414],[152.077051,-5.458301],[151.515137,-5.552344],[151.229297,-5.919922],[150.473535,-6.263379],[149.652539,-6.29043],[148.337207,-5.669434],[148.432031,-5.471777],[149.831445,-5.524121],[150.090039,-5.011816],[150.183105,-5.523633],[150.900293,-5.447168],[151.326563,-4.960352],[151.671191,-4.883301],[151.593066,-4.200781],[151.864746,-4.26084],[151.915625,-4.296777]]],[[[140.976172,-9.11875],[140.975195,-6.905371],[140.862305,-6.740039],[140.975,-6.346094],[140.973438,-2.609766],[143.508984,-3.431152],[144.066406,-3.805176],[144.477734,-3.825293],[145.766992,-4.823047],[145.745215,-5.402441],[147.566699,-6.056934],[147.802051,-6.315234],[147.845508,-6.662402],[146.953613,-6.834082],[147.190039,-7.378125],[148.126758,-8.103613],[148.583105,-9.051758],[149.19834,-9.03125],[149.263184,-9.497852],[150.011035,-9.688184],[149.76123,-9.805859],[149.874414,-10.012988],[150.849512,-10.236035],[150.446094,-10.307324],[150.647168,-10.517969],[150.319922,-10.654883],[149.754102,-10.353027],[147.768652,-10.070117],[147.017188,-9.387891],[146.96377,-9.05957],[146.630859,-8.951172],[146.033203,-8.076367],[144.509863,-7.567383],[144.142871,-7.757227],[143.654883,-7.460352],[143.942285,-7.944238],[143.518164,-8.000684],[143.61377,-8.200391],[142.524121,-8.32168],[142.206836,-8.195801],[143.111816,-8.474512],[143.377246,-8.762207],[143.366211,-8.961035],[142.647168,-9.327832],[142.22959,-9.169922],[141.133203,-9.221289],[140.976172,-9.11875]]],[[[148.025781,-5.826367],[147.794629,-5.492383],[148.054785,-5.611523],[148.060449,-5.764648],[148.025781,-5.826367]]],[[[146.019336,-4.726172],[145.900195,-4.604199],[146.053418,-4.640137],[146.019336,-4.726172]]],[[[152.670605,-3.133398],[152.543262,-3.095605],[152.63877,-3.042773],[152.670605,-3.133398]]],[[[152.099219,-2.947363],[151.95459,-2.870508],[152.074609,-2.918457],[152.099219,-2.947363]]],[[[149.76543,-1.553027],[149.545898,-1.47168],[149.580957,-1.353223],[149.725293,-1.430664],[149.76543,-1.553027]]],[[[151.080957,-10.020117],[151.296484,-9.956738],[151.230859,-10.194727],[150.95918,-10.092578],[150.776074,-9.709082],[151.044141,-9.983105],[151.080957,-10.020117]]],[[[150.34541,-9.493848],[150.134961,-9.25957],[150.368164,-9.396484],[150.34541,-9.493848]]],[[[151.106836,-8.733496],[151.00498,-8.523828],[151.117578,-8.418848],[151.138574,-8.568066],[151.106836,-8.733496]]],[[[154.280762,-11.361426],[154.023438,-11.347949],[154.237891,-11.338867],[154.280762,-11.361426]]],[[[143.586816,-8.481738],[143.321875,-8.367578],[143.592578,-8.459961],[143.586816,-8.481738]]],[[[147.17627,-5.431934],[147.014746,-5.257422],[147.131055,-5.19082],[147.221875,-5.381543],[147.17627,-5.431934]]],[[[147.067578,-1.960156],[147.438086,-2.058984],[146.546484,-2.208594],[146.595898,-2.016895],[146.857129,-1.948535],[147.067578,-1.960156]]],[[[150.436621,-2.661816],[149.961621,-2.473828],[150.227148,-2.38418],[150.446094,-2.632324],[150.436621,-2.661816]]],[[[150.528418,-9.346582],[150.788672,-9.417969],[150.894043,-9.66748],[150.43623,-9.624609],[150.498926,-9.345605],[150.528418,-9.346582]]],[[[152.630957,-8.959375],[152.95293,-9.070117],[152.966895,-9.208984],[152.577051,-8.97002],[152.630957,-8.959375]]],[[[153.536133,-11.476172],[153.759863,-11.586328],[153.286816,-11.516992],[153.203613,-11.324121],[153.306738,-11.356348],[153.536133,-11.476172]]],[[[143.590332,-8.633398],[143.206836,-8.423438],[143.443359,-8.518945],[143.590332,-8.633398]]],[[[147.876953,-2.283105],[147.735547,-2.315527],[147.83584,-2.246777],[147.876953,-2.283105]]],[[[151.957227,-2.830176],[151.946387,-2.708594],[152.011328,-2.80918],[151.957227,-2.830176]]],[[[150.89873,-10.565332],[150.785742,-10.603418],[150.87207,-10.551855],[150.89873,-10.565332]]],[[[153.659277,-4.099316],[153.650098,-4.123047],[153.591504,-4.095996],[153.639746,-4.044727],[153.662988,-4.041211],[153.659277,-4.099316]]],[[[155.957617,-6.686816],[155.719336,-6.862793],[155.344043,-6.72168],[155.202148,-6.307617],[154.759277,-5.931348],[154.729297,-5.444434],[155.093848,-5.620215],[155.927637,-6.565039],[155.957617,-6.686816]]],[[[154.647266,-5.432715],[154.632617,-5.013867],[154.698438,-5.382812],[154.647266,-5.432715]]]]}},{"type":"Feature","properties":{"name":"Panama","state":"Panama","abbr":"PA","iso":"PAN","kind":"country","scope":"world","isUSA":false,"continent":"North America"},"geometry":{"type":"MultiPolygon","coordinates":[[[[-77.374219,8.658301],[-77.478516,8.498437],[-77.195996,7.972461],[-77.538281,7.56626],[-77.761914,7.698828],[-77.901172,7.229346],[-78.421582,8.060986],[-78.141895,8.386084],[-77.760547,8.133252],[-78.099463,8.496973],[-78.223047,8.396631],[-78.399219,8.505664],[-78.409863,8.355322],[-78.514062,8.628174],[-79.086377,8.997168],[-79.50708,8.970068],[-79.750439,8.595508],[-80.458984,8.213867],[-80.01123,7.500049],[-80.666699,7.225684],[-80.901221,7.277148],[-81.063867,7.899756],[-81.268408,7.625488],[-81.50415,7.721191],[-81.727637,8.137549],[-82.679541,8.321973],[-82.879346,8.070654],[-83.027344,8.337744],[-82.727832,8.916064],[-82.940332,9.060107],[-82.801025,9.591797],[-82.370801,9.428564],[-82.077881,8.934863],[-81.780225,8.957227],[-81.894482,9.14043],[-81.354785,8.780566],[-80.1271,9.209912],[-79.577295,9.597852],[-78.504346,9.406299],[-77.697217,8.889453],[-77.374219,8.658301]]],[[[-78.89834,8.274268],[-78.960596,8.43584],[-78.853223,8.302441],[-78.89834,8.274268]]],[[[-81.603271,7.332812],[-81.852051,7.45332],[-81.812158,7.592383],[-81.613428,7.380176],[-81.603271,7.332812]]],[[[-82.233496,9.380713],[-82.244434,9.334082],[-82.321729,9.418115],[-82.275781,9.431885],[-82.259424,9.430273],[-82.233496,9.380713]]],[[[-79.06543,8.254199],[-79.110352,8.209814],[-79.127539,8.251855],[-79.096289,8.29541],[-79.085303,8.295801],[-79.06543,8.254199]]]]}},{"type":"Feature","properties":{"name":"Palau","state":"Palau","abbr":"PW","iso":"PLW","kind":"country","scope":"world","isUSA":false,"continent":"Oceania"},"geometry":{"type":"MultiPolygon","coordinates":[[[[131.172363,3.026221],[131.149609,3.021875],[131.134961,3.025244],[131.136719,3.039453],[131.151563,3.054102],[131.172363,3.060596],[131.187891,3.055615],[131.186328,3.04209],[131.172363,3.026221]]],[[[134.59541,7.382031],[134.515723,7.525781],[134.651172,7.712109],[134.598242,7.438281],[134.59541,7.382031]]]]}},{"type":"Feature","properties":{"name":"Pakistan","state":"Pakistan","abbr":"PK","iso":"PAK","kind":"country","scope":"world","isUSA":false,"continent":"Asia"},"geometry":{"type":"Polygon","coordinates":[[[76.766895,35.661719],[77.048633,35.109912],[76.594434,34.73584],[75.70918,34.503076],[74.300391,34.765381],[73.96123,34.653467],[73.794531,34.378223],[73.972363,34.236621],[73.904102,34.075684],[74.250879,33.946094],[73.976465,33.721289],[74.15,33.506982],[74.003809,33.189453],[74.303613,32.991797],[74.35459,32.768701],[74.663281,32.757666],[74.685742,32.493799],[75.333496,32.279199],[74.555566,31.818555],[74.632812,31.034668],[73.899316,30.435352],[73.80918,30.093359],[73.381641,29.934375],[72.90332,29.02876],[72.341895,28.751904],[71.870313,27.9625],[70.797949,27.709619],[70.403711,28.025049],[69.537012,27.122949],[69.506934,26.742676],[70.147656,26.506445],[70.100195,25.910059],[70.264648,25.706543],[70.648438,25.666943],[71.044043,24.400098],[70.716309,24.237988],[70.489258,24.412158],[69.805176,24.165234],[68.781152,24.313721],[68.724121,23.964697],[68.28252,23.927979],[68.115527,23.753369],[67.503613,23.940039],[67.171484,24.756104],[66.703027,24.860937],[66.698633,25.226318],[66.324219,25.601807],[66.131152,25.493262],[66.467676,25.445312],[64.77666,25.307324],[64.658984,25.184082],[64.059375,25.40293],[63.556641,25.353174],[63.491406,25.21084],[61.566895,25.186328],[61.842383,26.225928],[62.439258,26.561035],[63.157813,26.649756],[63.301563,27.151465],[62.762988,27.250195],[62.758008,28.243555],[61.889844,28.546533],[60.843359,29.858691],[62.476562,29.40835],[63.567578,29.497998],[64.09873,29.391943],[66.23125,29.865723],[66.346875,30.802783],[66.829297,31.263672],[67.452832,31.234619],[67.737891,31.343945],[67.578223,31.506494],[68.161035,31.802979],[68.597656,31.802979],[68.868945,31.634229],[69.279297,31.936816],[69.241406,32.433545],[69.501563,33.020068],[70.261133,33.289014],[69.889648,34.007275],[71.051563,34.049707],[70.965625,34.530371],[71.620508,35.183008],[71.427539,35.83374],[71.185059,36.04209],[72.156738,36.700879],[73.116797,36.868555],[74.038867,36.825732],[74.600586,37.03667],[75.145215,36.973242],[75.884961,36.600732],[75.912305,36.048975],[76.147852,35.829004],[76.55127,35.887061],[76.727539,35.678662],[76.766895,35.661719]]]}},{"type":"Feature","properties":{"name":"Oman","state":"Oman","abbr":"OM","iso":"OMN","kind":"country","scope":"world","isUSA":false,"continent":"Asia"},"geometry":{"type":"MultiPolygon","coordinates":[[[[58.72207,20.21875],[58.641211,20.337354],[58.884375,20.680566],[58.950781,20.516162],[58.772266,20.266846],[58.72207,20.21875]]],[[[53.085645,16.648389],[51.977637,18.996143],[54.977344,19.995947],[55.641016,22.001855],[55.18584,22.704102],[55.199902,23.034766],[55.468457,23.941113],[55.985156,24.063379],[55.76084,24.242676],[55.795703,24.868115],[56.000586,24.953223],[56.063867,24.73877],[56.387988,24.979199],[57.123047,23.980713],[58.773047,23.517187],[59.429395,22.66084],[59.823242,22.508984],[59.8,22.219922],[58.474219,20.406885],[58.208984,20.423975],[58.169434,20.589502],[57.861816,20.244141],[57.71416,19.678418],[57.811621,19.01709],[56.825977,18.753516],[56.383496,17.987988],[55.479102,17.843262],[55.06416,17.038916],[54.068164,17.005518],[53.297754,16.72334],[53.085645,16.648389]]],[[[56.297852,25.650684],[56.144629,25.690527],[56.080469,26.062646],[56.378711,26.356348],[56.307227,25.709326],[56.297852,25.650684]]],[[[56.281836,25.235547],[56.240234,25.208838],[56.210547,25.213281],[56.216504,25.266699],[56.234277,25.303809],[56.277344,25.300879],[56.287793,25.278613],[56.281836,25.235547]]]]}},{"type":"Feature","properties":{"name":"Norway","state":"Norway","abbr":"NO","iso":"NOR","kind":"country","scope":"world","isUSA":false,"continent":"Europe"},"geometry":{"type":"MultiPolygon","coordinates":[[[[20.622168,69.036865],[20.116699,69.020898],[20.348047,68.84873],[19.968848,68.542041],[20.240039,68.477539],[19.969824,68.356396],[18.303027,68.55542],[18.162598,68.528418],[18.17666,68.200635],[17.916699,67.964893],[17.324609,68.103809],[16.783594,67.89502],[16.574121,67.61958],[16.127441,67.42583],[16.403516,67.05498],[15.422949,66.489844],[15.483789,66.305957],[14.543262,66.129346],[14.63457,65.793262],[14.479688,65.301465],[13.650293,64.581543],[14.077637,64.464014],[14.063281,64.095508],[12.792773,64],[12.175195,63.595947],[11.999902,63.291699],[12.218164,63.000635],[12.114551,62.591895],[12.303516,62.285596],[12.155371,61.720752],[12.880762,61.352295],[12.706055,61.059863],[12.294141,61.002686],[12.588672,60.450732],[12.486133,60.106787],[11.680762,59.592285],[11.798145,59.289893],[11.642773,58.926074],[10.834473,59.183936],[10.595313,59.764551],[10.179395,59.009277],[9.842578,58.958496],[9.557227,59.112695],[9.656934,58.971191],[8.166113,58.145313],[7.004883,58.024219],[6.877051,58.150732],[6.590527,58.097314],[6.659863,58.262744],[6.054688,58.375146],[5.517285,58.726514],[5.612207,59.012891],[6.099023,58.870264],[6.363281,59.000928],[6.099414,58.951953],[5.88916,59.097949],[5.951855,59.299072],[6.403906,59.560986],[5.362305,59.166357],[5.131641,59.226465],[5.304883,59.642578],[6.216602,59.818359],[5.730469,59.863086],[6.140527,60.233496],[6.518066,60.407568],[6.526855,60.15293],[6.995703,60.511963],[6.15332,60.34624],[5.145801,59.638818],[5.205664,60.087939],[5.688574,60.123193],[5.28584,60.205713],[5.137109,60.445605],[5.64834,60.687988],[5.11582,60.635986],[5.008594,61.038184],[6.777832,61.142432],[7.038672,60.95293],[7.040137,61.091162],[7.604492,61.210547],[7.346582,61.300586],[7.442578,61.434619],[7.173535,61.165967],[6.599902,61.289648],[6.383496,61.133887],[5.106738,61.187549],[5.002734,61.433594],[5.338672,61.485498],[4.927832,61.710693],[4.930078,61.87832],[6.730762,61.869775],[5.266895,61.935596],[5.096484,62.02666],[5.143164,62.159912],[5.718164,62.378906],[6.692383,62.468066],[6.136133,62.407471],[6.35293,62.611133],[7.570117,62.548193],[7.690723,62.585596],[7.538379,62.67207],[8.095508,62.731836],[6.734961,62.720703],[6.94043,62.930469],[7.571875,63.099512],[8.100586,63.090967],[8.623145,62.84624],[8.158008,63.161523],[8.635547,63.342334],[8.360742,63.498877],[8.576172,63.601172],[9.13584,63.593652],[9.156055,63.459326],[9.696875,63.624561],[10.020996,63.39082],[10.760156,63.461279],[10.725293,63.625],[11.370703,63.804834],[11.175586,63.898877],[11.457617,64.002979],[11.075195,63.988135],[10.934863,63.770215],[10.055078,63.512695],[9.567285,63.706152],[10.565625,64.418311],[11.63291,64.813916],[11.296777,64.754785],[11.489355,64.97583],[12.159668,65.178955],[12.508398,65.099414],[12.915527,65.339258],[12.417578,65.184082],[12.133887,65.27915],[12.688867,65.902197],[13.033105,65.95625],[12.783789,66.100439],[14.03418,66.297559],[13.118848,66.230664],[13.211426,66.64082],[13.959473,66.794336],[13.651563,66.90708],[14.108789,67.119238],[15.415723,67.202441],[14.441699,67.271387],[14.961914,67.574268],[15.594434,67.348535],[15.691504,67.521387],[15.24873,67.602148],[15.303906,67.765283],[14.781348,67.674902],[14.798926,67.809326],[15.134277,67.972705],[15.621387,67.948291],[15.292871,68.036475],[16.00791,68.228711],[16.312305,67.881445],[16.391992,68.091602],[16.203809,68.316748],[17.552832,68.42627],[16.514355,68.532568],[18.101465,69.156299],[18.259766,69.470605],[18.858984,69.314453],[18.614453,69.490576],[19.687012,69.804736],[19.641504,69.424023],[19.960547,69.824609],[20.324219,69.945312],[20.338184,69.61665],[20.107227,69.341211],[20.739453,69.520508],[20.532715,69.692334],[20.62207,69.913916],[21.43291,70.013184],[21.974707,69.83457],[21.802734,70.066064],[21.355762,70.233398],[22.68457,70.374756],[23.353906,69.983398],[23.379395,70.247461],[24.038477,70.485352],[24.42002,70.702002],[24.263477,70.826318],[24.764746,71.008447],[25.781445,70.816797],[25.273535,70.552393],[25.043848,70.109033],[26.506934,70.912793],[26.733984,70.853564],[26.558203,70.669141],[26.585059,70.41001],[26.989355,70.511377],[27.183691,70.744043],[27.546484,70.804004],[27.235254,70.947217],[27.59707,71.091309],[28.392285,70.975293],[27.898047,70.67793],[28.271777,70.667969],[28.192969,70.248584],[28.831543,70.863965],[30.065137,70.702979],[30.960645,70.343848],[30.262988,70.124707],[28.781152,70.14541],[29.601367,69.976758],[29.694629,69.74458],[30.088281,69.717578],[30.237598,69.862207],[30.42832,69.722266],[30.869727,69.783447],[30.924121,69.651758],[30.788867,69.528516],[30.159766,69.629883],[30.087305,69.432861],[29.388281,69.298145],[28.96582,69.021973],[28.846289,69.176904],[29.333398,69.472998],[29.141602,69.671436],[27.747852,70.064844],[26.525391,69.915039],[26.072461,69.691553],[25.767188,69.282666],[25.74834,68.990137],[24.941406,68.593262],[23.854004,68.805908],[23.324023,68.648975],[22.410938,68.719873],[21.621777,69.270703],[21.14375,69.247266],[21.065723,69.041748],[20.675879,69.069482],[20.622168,69.036865]]],[[[4.958691,61.08457],[4.799023,61.082715],[4.973242,61.148242],[4.958691,61.08457]]],[[[5.08584,60.307568],[5.089063,60.18877],[4.955566,60.243311],[4.930078,60.412061],[5.050195,60.388965],[5.08584,60.307568]]],[[[29.956152,69.796777],[29.744238,69.791602],[30.055176,69.838379],[29.956152,69.796777]]],[[[11.967969,65.626514],[11.765137,65.630957],[12.003223,65.679443],[11.967969,65.626514]]],[[[8.470801,63.667139],[8.287109,63.687158],[8.764648,63.804639],[8.786523,63.703467],[8.470801,63.667139]]],[[[8.102734,63.337598],[7.804004,63.413916],[8.140918,63.366406],[8.102734,63.337598]]],[[[23.440527,70.815771],[22.829102,70.541553],[21.994531,70.657129],[23.395605,70.842578],[23.440527,70.815771]]],[[[25.586328,71.14209],[26.146875,71.039502],[25.314941,71.034131],[25.423438,71.097412],[25.586328,71.14209]]],[[[23.615332,70.549316],[23.270703,70.296484],[22.917871,70.384668],[23.578906,70.593652],[23.615332,70.549316]]],[[[24.017578,70.567383],[23.663281,70.675244],[24.07832,70.650586],[24.017578,70.567383]]],[[[13.872852,68.265332],[14.118848,68.246826],[13.229395,67.995361],[13.300195,68.160449],[13.784082,68.276123],[13.872852,68.265332]]],[[[12.971777,67.874121],[12.824023,67.82124],[13.068066,68.071338],[13.074609,67.93457],[12.971777,67.874121]]],[[[15.207129,68.943115],[15.396582,68.783594],[15.22207,68.616309],[14.373438,68.711426],[15.175586,68.981543],[15.207129,68.943115]]],[[[19.76748,70.216699],[20.088477,70.102051],[19.780859,70.077441],[19.683789,70.273584],[19.76748,70.216699]]],[[[20.779199,70.089746],[20.405078,70.119141],[20.819434,70.205469],[20.779199,70.089746]]],[[[19.255078,70.066406],[19.607813,70.019141],[18.784766,69.579004],[18.061523,69.6021],[18.674023,69.781641],[19.132715,70.244141],[19.249414,70.178564],[19.255078,70.066406]]],[[[12.50957,65.901953],[12.429492,65.899072],[12.430176,65.939941],[12.476074,65.9771],[12.548828,66.001904],[12.642383,66.008545],[12.74707,66.011377],[12.778809,65.991699],[12.718652,65.963867],[12.50957,65.901953]]],[[[12.419922,66.043262],[12.527441,66.210547],[12.576367,66.071924],[12.419922,66.043262]]],[[[11.231445,64.865869],[10.739844,64.870312],[11.246191,64.90791],[11.231445,64.865869]]],[[[17.503027,69.59624],[18.076758,69.395752],[17.950684,69.198145],[16.810449,69.070703],[17.001758,69.361914],[17.36084,69.381494],[17.229883,69.477686],[17.488184,69.586865],[17.503027,69.59624]]],[[[15.760352,68.56123],[16.275586,68.868311],[16.547363,68.716553],[15.975293,68.40249],[14.25752,68.190771],[15.412598,68.61582],[15.564258,68.87373],[15.483008,69.043457],[16.129492,69.273926],[15.811719,69.024219],[15.92793,68.733203],[15.790723,68.617041],[15.760352,68.56123]]],[[[-8.953564,70.83916],[-9.098877,70.854883],[-8.343701,71.140137],[-7.978809,71.116895],[-8.635352,70.94043],[-8.953564,70.83916]]],[[[19.219336,74.391016],[18.797461,74.485693],[19.274707,74.456738],[19.219336,74.391016]]],[[[26.875977,78.648926],[26.407715,78.784326],[27.007617,78.69751],[26.875977,78.648926]]],[[[32.525977,80.119141],[31.481934,80.10791],[33.556641,80.198145],[32.525977,80.119141]]],[[[21.608105,78.595703],[22.043164,78.576953],[22.299512,78.228174],[23.451953,78.149463],[23.116699,77.991504],[24.901855,77.756592],[22.801758,77.275781],[22.426953,77.315918],[22.685352,77.553516],[20.928125,77.459668],[20.873145,77.565332],[21.653125,77.923535],[20.22793,78.477832],[21.454785,78.597559],[21.608105,78.595703]]],[[[20.897852,80.249951],[22.289746,80.049219],[22.450781,80.402246],[23.008008,80.473975],[23.31543,80.425244],[23.114551,80.186963],[24.402637,80.355176],[26.86084,80.16001],[27.198633,79.906592],[25.641211,79.403027],[23.947754,79.194287],[22.695703,79.329053],[22.865527,79.411865],[20.128223,79.4896],[19.674609,79.591162],[20.784082,79.748584],[18.725,79.760742],[18.255371,79.929199],[18.855957,80.036621],[17.916895,80.143115],[19.343359,80.116406],[19.537109,80.163232],[19.17832,80.331543],[19.751074,80.227197],[19.810352,80.326807],[19.614355,80.462549],[19.733301,80.477832],[20.693457,80.298682],[20.897852,80.249951]]],[[[16.786719,79.906738],[17.83457,79.800049],[17.956152,79.704248],[17.66875,79.385937],[18.397363,79.605176],[18.815234,79.42666],[18.677832,79.261719],[19.893555,79.056201],[20.611035,79.106641],[20.767188,79.059131],[20.500684,78.981396],[21.38877,78.74043],[19.676758,78.60957],[19.150488,78.379395],[18.995117,78.081494],[18.439258,78.025049],[18.22793,77.522607],[17.62334,77.399365],[17.152539,77.048926],[17.249023,76.969189],[16.97666,76.811621],[17.062695,76.658984],[16.700488,76.579297],[14.36582,77.234473],[13.995703,77.508203],[17.033301,77.797705],[16.914062,77.897998],[14.089941,77.771387],[13.680566,78.028125],[17.171973,78.417139],[16.448633,78.503564],[16.782617,78.663623],[15.417383,78.473242],[15.254199,78.589062],[15.38418,78.771191],[15.016309,78.630127],[14.689258,78.720947],[14.467188,78.675391],[14.431836,78.49248],[14.638281,78.4146],[13.150195,78.2375],[11.36543,78.950391],[12.40332,78.953223],[11.981836,79.025293],[11.892773,79.152344],[12.083984,79.267529],[11.97832,79.292676],[11.208105,79.129639],[10.737598,79.520166],[10.682129,79.758252],[13.692871,79.860986],[13.921094,79.761719],[12.555371,79.569482],[13.333789,79.574805],[13.957227,79.339648],[14.039844,79.585645],[14.831836,79.766406],[16.34375,78.976123],[15.816113,79.681836],[16.093848,80.007324],[16.524023,80.020508],[16.786719,79.906738]]],[[[11.250293,78.610693],[12.116406,78.232568],[11.121289,78.463281],[10.558203,78.90293],[10.96084,78.846387],[11.15498,78.640576],[11.250293,78.610693]]],[[[18.741602,80.300928],[18.162207,80.288184],[18.519336,80.34834],[18.741602,80.300928]]],[[[29.04707,78.912061],[29.69668,78.904736],[27.889063,78.852148],[28.845215,78.97085],[29.04707,78.912061]]]]}},{"type":"Feature","properties":{"name":"North Korea","state":"North Korea","abbr":"KP","iso":"PRK","kind":"country","scope":"world","isUSA":false,"continent":"Asia"},"geometry":{"type":"MultiPolygon","coordinates":[[[[128.374609,38.623437],[128.038965,38.308545],[127.090332,38.283887],[126.633887,37.781836],[126.369922,37.878369],[126.116699,37.74292],[125.769141,37.985352],[125.357813,37.724805],[124.98877,37.931445],[125.206738,38.081543],[124.690918,38.129199],[125.067383,38.556738],[125.554492,38.68623],[125.168848,38.805518],[125.409668,39.288379],[125.36084,39.526611],[124.775293,39.758057],[124.638281,39.615088],[124.348633,39.906885],[124.386621,40.104248],[125.989062,40.904639],[126.60127,41.640967],[126.903516,41.781055],[127.179688,41.531348],[128.149414,41.387744],[128.289258,41.607422],[128.045215,41.9875],[128.923438,42.038232],[129.313672,42.413574],[129.697852,42.448145],[129.861035,42.965088],[130.082617,42.97417],[130.687305,42.302539],[130.235742,42.183203],[129.756348,41.712256],[129.708691,40.857324],[127.527441,39.695703],[127.394531,39.20791],[128.329492,38.680908],[128.374609,38.623437]]],[[[124.905273,39.536279],[124.848926,39.507568],[124.846094,39.558887],[124.889551,39.6021],[124.93457,39.607812],[124.905273,39.536279]]]]}},{"type":"Feature","properties":{"name":"Nigeria","state":"Nigeria","abbr":"NG","iso":"NGA","kind":"country","scope":"world","isUSA":false,"continent":"Africa"},"geometry":{"type":"MultiPolygon","coordinates":[[[[7.300781,4.418164],[7.14043,4.395117],[7.32793,4.487207],[7.300781,4.418164]]],[[[13.606348,13.70459],[14.063965,13.078516],[14.197461,12.383789],[14.619727,12.150977],[14.575391,11.532422],[13.981445,11.211865],[13.699902,10.873145],[13.269922,10.036182],[13.19873,9.56377],[12.929492,9.42627],[12.731152,8.745654],[12.403516,8.595557],[11.767383,7.272266],[11.861426,7.116406],[11.401758,6.533936],[11.106445,6.457715],[11.008691,6.739111],[10.60625,7.063086],[10.413184,6.877734],[10.143555,6.996436],[9.060156,6.009082],[8.555859,4.755225],[8.233789,4.907471],[8.293066,4.557617],[7.644238,4.525342],[7.530762,4.655176],[7.284375,4.547656],[7.076563,4.716162],[7.154688,4.514404],[6.923242,4.390674],[6.767676,4.724707],[6.860352,4.37334],[6.633008,4.340234],[6.57998,4.475977],[6.55459,4.341406],[6.263672,4.309424],[6.270996,4.432129],[6.17334,4.277393],[5.587793,4.647217],[5.36416,5.259277],[5.549707,5.474219],[5.199219,5.533545],[5.456641,5.611719],[5.112402,5.641553],[4.431348,6.348584],[3.450781,6.427051],[3.716992,6.597949],[3.335547,6.396924],[2.706445,6.369238],[2.774805,9.048535],[3.044922,9.083838],[3.325195,9.778467],[3.602051,10.004541],[3.604102,10.350684],[3.783789,10.435889],[3.716406,11.07959],[3.487793,11.39541],[3.664746,11.762451],[3.64668,12.52998],[4.03877,12.934668],[4.147559,13.457715],[4.421387,13.64751],[5.491992,13.872852],[6.299805,13.658789],[6.937207,13.008203],[7.830469,13.340918],[8.750586,12.908154],[9.615918,12.810645],[10.045117,13.206152],[10.475879,13.330225],[11.411914,13.353613],[12.463184,13.09375],[13.426953,13.701758],[13.606348,13.70459]]]]}},{"type":"Feature","properties":{"name":"Niger","state":"Niger","abbr":"NE","iso":"NER","kind":"country","scope":"world","isUSA":false,"continent":"Africa"},"geometry":{"type":"Polygon","coordinates":[[[13.606348,13.70459],[12.87168,13.449023],[12.463184,13.09375],[11.411914,13.353613],[10.475879,13.330225],[10.045117,13.206152],[9.615918,12.810645],[8.750586,12.908154],[7.830469,13.340918],[6.937207,13.008203],[6.299805,13.658789],[5.491992,13.872852],[4.664844,13.733203],[4.147559,13.457715],[4.03877,12.934668],[3.64668,12.52998],[3.59541,11.696289],[2.805273,12.383838],[2.366016,12.221924],[2.38916,11.89707],[2.072949,12.309375],[2.22627,12.466064],[2.10459,12.70127],[1.564941,12.6354],[0.987305,13.041895],[0.988477,13.364844],[1.201172,13.35752],[0.618164,13.703418],[0.163867,14.497217],[0.228711,14.963672],[0.947461,14.982129],[1.300195,15.272266],[3.504297,15.356348],[3.876953,15.755273],[4.182129,16.581787],[4.227637,19.142773],[5.836621,19.47915],[7.481738,20.873096],[11.967871,23.517871],[13.48125,23.180176],[14.215527,22.619678],[14.978906,22.996289],[15.181836,21.523389],[15.963184,20.346191],[15.735059,19.904053],[15.474316,16.908398],[13.807129,14.966113],[13.448242,14.380664],[13.505762,14.134424],[13.606348,13.70459]]]}},{"type":"Feature","properties":{"name":"Nicaragua","state":"Nicaragua","abbr":"NI","iso":"NIC","kind":"country","scope":"world","isUSA":false,"continent":"North America"},"geometry":{"type":"Polygon","coordinates":[[[-83.15752,14.993066],[-83.413721,14.825342],[-83.187744,14.340088],[-83.567334,13.320312],[-83.510937,12.411816],[-83.593359,12.713086],[-83.754248,12.501953],[-83.68042,12.024316],[-83.828906,11.861035],[-83.651758,11.642041],[-83.867871,11.300049],[-83.641992,10.917236],[-83.712939,10.785889],[-84.168359,10.780371],[-84.348291,10.979883],[-84.90918,10.945312],[-85.58418,11.189453],[-85.744336,11.062109],[-87.667529,12.903564],[-87.585059,13.043311],[-87.389648,12.920654],[-86.958887,13.053711],[-86.710693,13.313379],[-86.733643,13.763477],[-86.331738,13.770068],[-86.040381,14.050146],[-85.733936,13.858691],[-85.179492,14.343311],[-84.985156,14.752441],[-84.453564,14.643701],[-83.415039,15.008057],[-83.15752,14.993066]]]}},{"type":"Feature","properties":{"name":"New Zealand","state":"New Zealand","abbr":"NZ","iso":"NZL","kind":"country","scope":"world","isUSA":false,"continent":"Oceania"},"geometry":{"type":"MultiPolygon","coordinates":[[[[173.115332,-41.279297],[173.947168,-40.924121],[173.797852,-41.271973],[173.999414,-40.993262],[174.302539,-41.019531],[174.038574,-41.241895],[174.370117,-41.103711],[174.069336,-41.429492],[174.21543,-41.850195],[173.221191,-42.976562],[172.624023,-43.272461],[172.734766,-43.354785],[172.52666,-43.464746],[173.073242,-43.676172],[173.093945,-43.844141],[172.502734,-43.843652],[172.480371,-43.72666],[172.296582,-43.867871],[172.035547,-43.701758],[172.179785,-43.895996],[171.240723,-44.26416],[171.146289,-44.912305],[170.999023,-44.911426],[171.113281,-45.039258],[170.700586,-45.684277],[170.77627,-45.870898],[170.335449,-45.991797],[169.686621,-46.55166],[169.098633,-46.630664],[168.382129,-46.605371],[168.18916,-46.362207],[167.841992,-46.366211],[167.539453,-46.148535],[166.830762,-46.225488],[166.712109,-46.133691],[166.916699,-45.957227],[166.493164,-45.963867],[166.512891,-45.811719],[167.00332,-45.712109],[166.797656,-45.645605],[166.99082,-45.531738],[166.733984,-45.543555],[166.869238,-45.31123],[167.155664,-45.410938],[167.230078,-45.290332],[167.025879,-45.123633],[167.259473,-45.082227],[167.171875,-44.99707],[167.410742,-44.82793],[167.466211,-44.958301],[167.484961,-44.771387],[167.787012,-44.59502],[167.908984,-44.664746],[167.856543,-44.500684],[168.366602,-44.082031],[169.178906,-43.913086],[169.169531,-43.777051],[170.396094,-43.182227],[170.302832,-43.107617],[170.735254,-43.029785],[170.969922,-42.718359],[171.038379,-42.862109],[171.48623,-41.794727],[171.948047,-41.538672],[172.272754,-40.758691],[172.640625,-40.518262],[172.943652,-40.51875],[172.704395,-40.667773],[172.988672,-40.848242],[173.068652,-41.18584],[173.115332,-41.279297]]],[[[173.914648,-40.863672],[173.780859,-40.921777],[173.958008,-40.786816],[173.914648,-40.863672]]],[[[166.746289,-45.655859],[166.532031,-45.699805],[166.731445,-45.638672],[166.746289,-45.655859]]],[[[166.979492,-45.179688],[167.022656,-45.299805],[166.962695,-45.180371],[166.979492,-45.179688]]],[[[168.144922,-46.862207],[168.043164,-46.932617],[168.240918,-47.07002],[167.521973,-47.258691],[167.800781,-46.906543],[167.783984,-46.699805],[167.955762,-46.694434],[168.144922,-46.862207]]],[[[175.543164,-36.279297],[175.336621,-36.134766],[175.512598,-36.176953],[175.543164,-36.279297]]],[[[173.269434,-34.934766],[173.447852,-34.844336],[174.104004,-35.142871],[174.143164,-35.3],[174.320312,-35.24668],[174.580664,-35.785547],[174.395801,-35.797363],[174.802148,-36.309473],[174.722461,-36.841211],[175.54248,-37.201367],[175.46084,-36.475684],[175.772168,-36.735156],[176.108398,-37.645117],[177.274023,-37.993457],[178.00918,-37.554883],[178.53623,-37.69209],[178.267676,-38.551172],[177.976172,-38.722266],[177.908789,-39.239551],[177.522949,-39.073828],[177.076758,-39.221777],[176.939258,-39.555273],[177.109863,-39.673145],[176.842188,-40.157813],[175.98291,-41.213281],[175.309766,-41.610645],[175.165625,-41.417383],[174.881348,-41.424023],[174.865625,-41.223047],[174.635352,-41.289453],[175.1625,-40.621582],[175.155957,-40.114941],[173.763672,-39.31875],[173.844336,-39.139355],[174.597363,-38.785059],[174.928027,-37.804492],[174.58584,-37.097754],[174.734277,-37.215234],[174.928906,-37.084766],[174.475586,-36.941895],[174.188867,-36.492285],[174.401563,-36.601953],[174.392773,-36.240039],[174.036426,-36.122461],[173.914453,-35.908691],[174.166406,-36.327637],[174.054688,-36.359766],[173.412207,-35.542578],[173.626172,-35.319141],[173.313965,-35.443359],[173.116699,-35.205273],[173.190625,-35.016211],[172.705957,-34.455176],[173.043945,-34.429102],[172.96377,-34.535156],[173.240527,-34.899023],[173.269434,-34.934766]]],[[[169.178223,-52.497266],[169.021777,-52.49541],[169.128613,-52.485156],[169.178223,-52.497266]]],[[[166.221094,-50.761523],[165.88916,-50.807715],[166.101367,-50.538965],[166.26748,-50.558594],[166.200781,-50.750879],[166.221094,-50.761523]]],[[[-176.177637,-43.740332],[-176.381738,-43.866797],[-176.499121,-43.768066],[-176.333838,-44.048438],[-176.571533,-44.114941],[-176.555127,-43.851953],[-176.847656,-43.823926],[-176.566113,-43.717578],[-176.177637,-43.740332]]],[[[-176.176465,-44.32168],[-176.220801,-44.330566],[-176.2146,-44.273535],[-176.229297,-44.236719],[-176.154687,-44.224512],[-176.122559,-44.268457],[-176.176465,-44.32168]]],[[[-172.47915,-8.580762],[-172.483691,-8.58291],[-172.488232,-8.571582],[-172.494043,-8.55918],[-172.498682,-8.547949],[-172.497021,-8.546484],[-172.487256,-8.556152],[-172.481104,-8.56748],[-172.47915,-8.580762]]],[[[-171.186426,-9.355469],[-171.188623,-9.358301],[-171.193018,-9.352441],[-171.200049,-9.344727],[-171.204443,-9.333301],[-171.20166,-9.332617],[-171.194434,-9.33877],[-171.189307,-9.346582],[-171.186426,-9.355469]]]]}},{"type":"Feature","properties":{"name":"Niue","state":"Niue","abbr":"NU","iso":"NIU","kind":"country","scope":"world","isUSA":false,"continent":"Oceania"},"geometry":{"type":"Polygon","coordinates":[[[-169.803418,-19.083008],[-169.94834,-19.072852],[-169.793408,-19.042578],[-169.803418,-19.083008]]]}},{"type":"Feature","properties":{"name":"Cook Islands","state":"Cook Islands","abbr":"CK","iso":"COK","kind":"country","scope":"world","isUSA":false,"continent":"Oceania"},"geometry":{"type":"Polygon","coordinates":[[[-159.740527,-21.249219],[-159.84248,-21.229102],[-159.736865,-21.240625],[-159.740527,-21.249219]]]}},{"type":"Feature","properties":{"name":"Netherlands","state":"Netherlands","abbr":"NL","iso":"NLD","kind":"country","scope":"world","isUSA":false,"continent":"Europe"},"geometry":{"type":"MultiPolygon","coordinates":[[[[5.993945,50.750439],[5.639453,50.843604],[5.796484,51.153076],[5.21416,51.278955],[5.030957,51.469092],[4.37373,51.356006],[3.448926,51.540771],[4.274121,51.471631],[4.004785,51.59585],[4.182617,51.610303],[3.946875,51.810547],[4.482813,52.30918],[4.76875,52.941309],[5.873535,53.375195],[6.816211,53.441162],[7.197266,53.282275],[7.033008,52.651367],[6.691602,52.530176],[7.001855,52.418994],[7.019629,52.266016],[6.724512,52.080225],[6.741797,51.910889],[5.94873,51.802686],[6.198828,51.45],[6.12998,51.147412],[5.85752,51.030127],[6.048438,50.904883],[5.993945,50.750439]]],[[[4.226172,51.386475],[3.902051,51.207666],[3.43252,51.245752],[3.350098,51.377686],[4.111523,51.360645],[4.226172,51.386475]]],[[[6.333398,53.510742],[6.159277,53.483936],[6.290918,53.51499],[6.333398,53.510742]]],[[[5.929297,53.458838],[5.654297,53.466504],[5.928223,53.46499],[5.929297,53.458838]]],[[[5.108594,53.308008],[4.90791,53.24624],[5.027051,53.310205],[5.108594,53.308008]]],[[[5.325781,53.385742],[5.190234,53.391797],[5.582617,53.438086],[5.325781,53.385742]]],[[[4.886133,53.070703],[4.70918,53.036035],[4.886426,53.183301],[4.886133,53.070703]]],[[[3.949121,51.739453],[4.075098,51.648779],[3.789062,51.746436],[3.949121,51.739453]]],[[[6.734766,53.58252],[6.64209,53.579199],[6.668555,53.605664],[6.75459,53.625488],[6.800879,53.625488],[6.734766,53.58252]]],[[[-68.205811,12.14458],[-68.254346,12.03208],[-68.369238,12.301953],[-68.219482,12.23125],[-68.205811,12.14458]]],[[[-62.9375,17.495654],[-62.961719,17.475049],[-62.983105,17.476904],[-62.997168,17.496826],[-62.999609,17.530371],[-62.979346,17.521191],[-62.971777,17.516064],[-62.96543,17.509277],[-62.9375,17.495654]]],[[[-63.232666,17.623145],[-63.241602,17.61958],[-63.254492,17.628662],[-63.252148,17.645264],[-63.24165,17.651807],[-63.233496,17.647217],[-63.226904,17.634131],[-63.232666,17.623145]]]]}},{"type":"Feature","properties":{"name":"Aruba","state":"Aruba","abbr":"AW","iso":"ABW","kind":"country","scope":"world","isUSA":false,"continent":"North America"},"geometry":{"type":"Polygon","coordinates":[[[-69.899121,12.452002],[-70.035107,12.614111],[-69.911816,12.480469],[-69.899121,12.452002]]]}},{"type":"Feature","properties":{"name":"Curaçao","state":"Curaçao","abbr":"CW","iso":"CUW","kind":"country","scope":"world","isUSA":false,"continent":"North America"},"geometry":{"type":"Polygon","coordinates":[[[-68.751074,12.059766],[-69.158887,12.380273],[-68.827393,12.158545],[-68.751074,12.059766]]]}},{"type":"Feature","properties":{"name":"Nepal","state":"Nepal","abbr":"NP","iso":"NPL","kind":"country","scope":"world","isUSA":false,"continent":"Asia"},"geometry":{"type":"Polygon","coordinates":[[[88.109766,27.870605],[88.054883,26.430029],[87.287402,26.360303],[87.016406,26.55542],[86.701367,26.435059],[85.794531,26.60415],[85.648438,26.829004],[85.191797,26.766553],[84.685352,27.041016],[84.610156,27.298682],[84.091016,27.491357],[83.289746,27.370996],[82.733398,27.518994],[82.677344,27.673437],[81.852637,27.86709],[80.05166,28.870312],[80.612891,29.955859],[80.907617,30.171924],[81.177148,30.039893],[81.417188,30.337598],[81.854883,30.362402],[83.155469,29.612646],[83.583496,29.183594],[84.101367,29.219971],[84.228711,28.911768],[84.796875,28.560205],[85.159082,28.592236],[85.122461,28.315967],[85.67832,28.277441],[85.994531,27.9104],[86.137012,28.114355],[86.408691,27.928662],[86.690527,28.094922],[87.141406,27.83833],[88.02334,27.883398],[88.109766,27.870605]]]}},{"type":"Feature","properties":{"name":"Nauru","state":"Nauru","abbr":"NR","iso":"NRU","kind":"country","scope":"world","isUSA":false,"continent":"Oceania"},"geometry":{"type":"Polygon","coordinates":[[[166.958398,-0.516602],[166.938965,-0.550781],[166.916406,-0.546484],[166.907031,-0.52373],[166.913574,-0.499121],[166.938965,-0.489355],[166.955664,-0.496973],[166.958398,-0.516602]]]}},{"type":"Feature","properties":{"name":"Namibia","state":"Namibia","abbr":"NA","iso":"NAM","kind":"country","scope":"world","isUSA":false,"continent":"Africa"},"geometry":{"type":"Polygon","coordinates":[[[23.380664,-17.640625],[24.73291,-17.517773],[25.258789,-17.793555],[24.243945,-18.023438],[23.599707,-18.459961],[23.219336,-17.999707],[20.974121,-18.318848],[20.970996,-22.000195],[19.977344,-22.000195],[19.980469,-28.45127],[19.539844,-28.574609],[19.161719,-28.93877],[18.102734,-28.87168],[17.447949,-28.698145],[17.358691,-28.269434],[17.05625,-28.031055],[16.447559,-28.617578],[15.719043,-27.96582],[15.287598,-27.275],[14.845215,-25.725684],[14.837109,-25.033203],[14.501563,-24.201953],[14.462793,-22.449121],[13.450586,-20.916699],[12.458203,-18.926758],[11.775879,-18.001758],[11.743066,-17.249219],[12.548145,-17.212695],[13.101172,-16.967676],[14.01748,-17.408887],[18.396387,-17.399414],[18.955273,-17.803516],[20.745508,-18.019727],[23.068262,-17.698828],[23.380664,-17.640625]]]}},{"type":"Feature","properties":{"name":"Mozambique","state":"Mozambique","abbr":"MZ","iso":"MOZ","kind":"country","scope":"world","isUSA":false,"continent":"Africa"},"geometry":{"type":"Polygon","coordinates":[[[31.287891,-22.402051],[32.429785,-21.29707],[32.492383,-20.659766],[32.992773,-19.984863],[32.777637,-19.38877],[32.849805,-19.104395],[32.699707,-18.940918],[32.993066,-18.35957],[32.948047,-16.712305],[31.939844,-16.428809],[31.23623,-16.023633],[30.409375,-15.978223],[30.231836,-14.990332],[33.201758,-14.013379],[33.636426,-14.568164],[34.375,-14.424805],[34.555469,-15.140918],[34.248242,-15.8875],[34.416406,-16.246777],[35.079883,-16.833887],[35.064648,-17.078613],[35.272559,-17.118457],[35.167188,-16.560254],[35.358496,-16.160547],[35.755273,-16.058301],[35.892773,-14.891797],[35.247461,-13.896875],[34.563672,-13.360156],[34.357813,-12.164746],[34.618555,-11.620215],[35.564355,-11.602344],[35.911328,-11.454688],[36.305664,-11.706348],[36.978906,-11.566992],[37.372852,-11.710449],[37.724805,-11.580664],[37.920215,-11.294727],[38.491797,-11.413281],[39.321582,-11.122559],[40.463574,-10.464355],[40.611719,-10.661523],[40.402832,-11.332031],[40.580859,-12.635547],[40.436816,-12.983105],[40.56875,-12.984668],[40.646094,-14.538672],[40.775,-14.421289],[40.844531,-14.718652],[40.558984,-15.473438],[39.790918,-16.294531],[39.844629,-16.435645],[39.084375,-16.972852],[37.512305,-17.570703],[36.939355,-17.993457],[36.403711,-18.769727],[35.853711,-18.993359],[34.947852,-19.812695],[34.649414,-19.701367],[34.705078,-20.473047],[34.982324,-20.80625],[35.267676,-21.650977],[35.315723,-22.396875],[35.456348,-22.115918],[35.530078,-22.248145],[35.575391,-22.963086],[35.37041,-23.798242],[35.541992,-23.824414],[35.489648,-24.065527],[34.99209,-24.650586],[33.347461,-25.260938],[32.792188,-25.644336],[32.59043,-26.004102],[32.848828,-26.268066],[32.954883,-26.083594],[32.886133,-26.849316],[32.112891,-26.839453],[31.920313,-25.773926],[31.98584,-24.460645],[31.293164,-22.454688],[31.287891,-22.402051]],[[34.641602,-12.013672],[34.624219,-11.984766],[34.591406,-11.971094],[34.554004,-11.982227],[34.541602,-12.018652],[34.580469,-12.06582],[34.621777,-12.066602],[34.641602,-12.013672]],[[34.719336,-12.110645],[34.714941,-12.002734],[34.68418,-12.118652],[34.719336,-12.110645]]]}},{"type":"Feature","properties":{"name":"Morocco","state":"Morocco","abbr":"MA","iso":"MAR","kind":"country","scope":"world","isUSA":false,"continent":"Africa"},"geometry":{"type":"Polygon","coordinates":[[[-2.219629,35.104199],[-1.795605,34.751904],[-1.679199,33.318652],[-1.45,32.784814],[-1.065527,32.468311],[-1.240332,32.337598],[-1.225928,32.107227],[-2.863428,32.074707],[-3.017383,31.834277],[-3.768164,31.689551],[-3.833398,31.197803],[-3.666797,30.964014],[-4.968262,30.465381],[-5.448779,29.956934],[-6.479736,29.820361],[-6.635352,29.568799],[-7.142432,29.61958],[-8.265186,28.980518],[-8.678418,28.689404],[-8.794873,27.120703],[-9.413037,27.088477],[-9.817871,26.850195],[-10.757764,27.020117],[-11.392578,26.883398],[-11.337891,26.633398],[-11.718213,26.104102],[-12.060986,25.99082],[-12.431152,24.830664],[-12.991162,24.470312],[-13.310986,23.981055],[-13.891113,23.691016],[-14.221191,22.310156],[-14.750977,21.500586],[-17.003076,21.420703],[-16.930859,21.9],[-16.35874,22.594531],[-15.789258,23.792871],[-15.980713,23.670312],[-15.899316,23.844434],[-14.904297,24.719775],[-14.794922,25.40415],[-14.413867,26.253711],[-13.575781,26.735107],[-12.948926,27.91416],[-11.552686,28.310107],[-10.200586,29.380371],[-9.66709,30.109277],[-9.65293,30.447559],[-9.875488,30.71792],[-9.808691,31.424609],[-9.347461,32.086377],[-9.24585,32.572461],[-8.512842,33.252441],[-6.900977,33.969043],[-6.353125,34.776074],[-5.924805,35.785791],[-5.277832,35.902734],[-5.252686,35.614746],[-4.62832,35.206396],[-3.394727,35.211816],[-2.972217,35.407275],[-2.839941,35.127832],[-2.42373,35.123486],[-2.219629,35.104199]]]}},{"type":"Feature","properties":{"name":"Western Sahara","state":"Western Sahara","abbr":"EH","iso":"ESH","kind":"country","scope":"world","isUSA":false,"continent":"Africa"},"geometry":{"type":"Polygon","coordinates":[[[-8.817773,27.655908],[-8.68335,27.656445],[-8.682227,25.995508],[-12.016309,25.99541],[-12.023438,23.467578],[-12.62041,23.271338],[-13.153271,22.820508],[-13.016211,21.333936],[-16.964551,21.329248],[-17.098779,20.856885],[-17.002979,21.420752],[-14.750977,21.500586],[-14.221191,22.310156],[-13.891113,23.691016],[-13.310986,23.981055],[-12.991162,24.470312],[-12.431152,24.830664],[-12.060986,25.99082],[-11.718213,26.104102],[-11.337891,26.633398],[-11.392578,26.883398],[-10.757764,27.020117],[-9.817871,26.850195],[-9.413037,27.088477],[-8.794873,27.120703],[-8.813916,27.613867],[-8.817773,27.655908]]]}},{"type":"Feature","properties":{"name":"Montenegro","state":"Montenegro","abbr":"ME","iso":"MNE","kind":"country","scope":"world","isUSA":false,"continent":"Europe"},"geometry":{"type":"Polygon","coordinates":[[[19.194336,43.533301],[20.347656,42.852783],[20.054297,42.760059],[19.939063,42.506689],[19.654492,42.628564],[19.280664,42.172559],[19.342383,41.869092],[18.438086,42.522949],[18.545898,42.641602],[18.460156,42.9979],[18.851074,43.346338],[19.02666,43.292432],[18.950684,43.52666],[19.164355,43.535449],[19.194336,43.533301]]]}},{"type":"Feature","properties":{"name":"Mongolia","state":"Mongolia","abbr":"MN","iso":"MNG","kind":"country","scope":"world","isUSA":false,"continent":"Asia"},"geometry":{"type":"Polygon","coordinates":[[[87.814258,49.162305],[88.115723,49.256299],[88.192578,49.451709],[89.109473,49.501367],[89.654102,49.71748],[89.643848,49.903027],[90.053711,50.09375],[92.192383,50.700586],[92.354785,50.86416],[92.62666,50.688281],[92.941309,50.778223],[93.103125,50.603906],[94.251074,50.556396],[94.354688,50.221826],[94.614746,50.02373],[96.065527,49.99873],[97.359766,49.741455],[98.003906,50.014258],[98.250293,50.302441],[98.279492,50.533252],[98.029785,50.644629],[97.835742,51.05166],[98.037598,51.449951],[98.893164,52.117285],[99.92168,51.755518],[102.111523,51.353467],[102.288379,50.585107],[103.304395,50.200293],[104.078711,50.154248],[105.383594,50.47373],[106.711133,50.312598],[107.233301,49.989404],[107.916602,49.947803],[107.96543,49.653516],[108.613672,49.322803],[110.709766,49.142969],[112.806445,49.523584],[114.29707,50.274414],[114.743164,50.233691],[115.429199,49.896484],[116.351172,49.978076],[116.683301,49.823779],[115.820508,48.577246],[115.785547,48.248242],[115.525098,48.130859],[115.616406,47.874805],[115.898242,47.686914],[116.760547,47.869775],[117.350781,47.652197],[117.768359,47.987891],[118.498438,47.983984],[119.711133,47.15],[119.895898,46.732861],[119.706641,46.606006],[118.843945,46.760205],[117.741211,46.518164],[117.438086,46.58623],[117.333398,46.362012],[116.562598,46.289795],[116.197656,45.739355],[115.681055,45.458252],[114.560156,45.38999],[113.587012,44.745703],[111.898047,45.064062],[111.402246,44.367285],[111.933203,43.711426],[111.007227,43.341406],[110.400391,42.773682],[109.339844,42.438379],[106.77002,42.288721],[104.982031,41.595508],[104.498242,41.658691],[104.498242,41.877002],[103.711133,41.751318],[102.156641,42.158105],[101.495313,42.53877],[96.385449,42.720361],[95.85957,43.275977],[95.525586,43.953955],[95.325586,44.039355],[95.350293,44.278076],[94.712012,44.35083],[93.516211,44.944482],[90.877246,45.196094],[90.661816,45.525244],[91.001758,46.035791],[90.911523,46.270654],[91.028906,46.566064],[90.330664,47.655176],[89.479199,48.029053],[89.047656,48.002539],[87.979688,48.555127],[88.060059,48.707178],[87.743164,48.881641],[87.825195,49.116309],[87.814258,49.162305]]]}},{"type":"Feature","properties":{"name":"Moldova","state":"Moldova","abbr":"MD","iso":"MDA","kind":"country","scope":"world","isUSA":false,"continent":"Europe"},"geometry":{"type":"Polygon","coordinates":[[[26.618945,48.259863],[27.549219,48.477734],[29.125391,47.964551],[29.134863,47.489697],[29.53916,47.270996],[29.571973,46.964014],[29.877832,46.828906],[29.924316,46.538867],[30.131055,46.423096],[28.958398,46.458496],[28.947754,46.049951],[28.491602,45.665771],[28.499023,45.517725],[28.2125,45.450439],[28.074707,45.598975],[28.239453,46.64082],[28.071777,46.978418],[26.980762,48.155029],[26.71377,48.263477],[26.618945,48.259863]]]}},{"type":"Feature","properties":{"name":"Monaco","state":"Monaco","abbr":"MC","iso":"MCO","kind":"country","scope":"world","isUSA":false,"continent":"Europe"},"geometry":{"type":"Polygon","coordinates":[[[7.438672,43.750439],[7.377734,43.731738],[7.380078,43.753223],[7.39502,43.765332],[7.414453,43.770898],[7.436914,43.761475],[7.438672,43.750439]]]}},{"type":"Feature","properties":{"name":"Mexico","state":"Mexico","abbr":"MX","iso":"MEX","kind":"country","scope":"world","isUSA":false,"continent":"North America"},"geometry":{"type":"MultiPolygon","coordinates":[[[[-117.128271,32.53335],[-114.724756,32.715332],[-114.835938,32.508301],[-111.041992,31.324219],[-108.214453,31.329443],[-108.211816,31.779346],[-106.453223,31.770166],[-104.917871,30.58335],[-104.400635,29.57373],[-103.257715,29.001123],[-102.891992,29.216406],[-102.614941,29.752344],[-102.268945,29.871191],[-101.440381,29.776855],[-100.75459,29.18252],[-100.296045,28.327686],[-99.505322,27.54834],[-99.456543,27.056689],[-99.107764,26.446924],[-97.375635,25.871826],[-97.14624,25.961475],[-97.667676,24.38999],[-97.84248,22.510303],[-97.763281,22.105859],[-97.314502,21.564209],[-97.40918,21.272559],[-97.383447,21.566699],[-97.753809,22.02666],[-97.186328,20.717041],[-95.778125,18.805518],[-95.920361,18.81958],[-95.181836,18.700732],[-94.459766,18.16665],[-92.441016,18.675293],[-91.973779,18.715869],[-91.913574,18.528516],[-91.533984,18.456543],[-91.275244,18.624463],[-91.43667,18.889795],[-90.739258,19.352246],[-90.693164,19.729883],[-90.491699,19.946777],[-90.353125,21.009424],[-89.819775,21.274609],[-88.466699,21.569385],[-87.250879,21.446973],[-87.188281,21.546436],[-87.38667,21.551465],[-87.128467,21.621484],[-86.824072,21.42168],[-86.771777,21.150537],[-87.687695,19.637109],[-87.424756,19.58335],[-87.658691,19.352344],[-87.501074,19.287793],[-87.804102,18.35708],[-87.881982,18.273877],[-88.039062,18.483887],[-88.073779,18.834473],[-88.806348,17.965527],[-89.133545,17.970801],[-89.161475,17.814844],[-90.98916,17.816406],[-90.992969,17.252441],[-91.409619,17.255859],[-90.416992,16.391016],[-90.447168,16.072705],[-91.736572,16.070166],[-92.204248,15.275],[-92.074805,15.074219],[-92.235156,14.54541],[-93.166895,15.448047],[-94.37417,16.284766],[-94.00127,16.018945],[-94.661523,16.201904],[-94.616846,16.347559],[-94.79082,16.287158],[-94.900439,16.41748],[-95.02085,16.277637],[-94.799414,16.209668],[-96.51084,15.651904],[-97.754785,15.966846],[-98.762207,16.534766],[-99.690674,16.719629],[-100.847803,17.200488],[-101.918701,17.959766],[-103.441602,18.325391],[-103.912451,18.828467],[-104.938477,19.309375],[-105.48208,19.976074],[-105.669434,20.385596],[-105.260156,20.579053],[-105.51084,20.80874],[-105.237061,21.119189],[-105.208691,21.49082],[-105.649121,21.988086],[-105.791797,22.62749],[-106.935498,23.88125],[-107.764941,24.471924],[-107.527246,24.360059],[-107.511914,24.48916],[-107.951172,24.614893],[-108.280762,25.081543],[-108.051465,25.067041],[-108.787256,25.538037],[-109.028809,25.480469],[-108.886572,25.733447],[-109.196484,25.592529],[-109.384961,25.727148],[-109.425635,26.032568],[-109.116699,26.252734],[-109.27627,26.533887],[-109.754785,26.70293],[-109.943994,27.079346],[-110.477783,27.322656],[-110.615479,27.653906],[-110.529883,27.864209],[-111.121387,27.966992],[-112.161768,29.018896],[-113.057666,30.651025],[-113.046729,31.179248],[-114.933594,31.900732],[-114.550488,30.022266],[-112.87085,28.424219],[-112.734033,27.825977],[-112.329199,27.523438],[-111.862646,26.678516],[-111.699414,26.580957],[-111.795264,26.879687],[-111.569678,26.707617],[-111.291602,25.789795],[-110.686768,24.867676],[-110.659326,24.341455],[-110.367432,24.100488],[-110.262891,24.344531],[-109.42085,23.480127],[-109.495703,23.159814],[-109.823047,22.922168],[-110.00625,22.894043],[-110.362695,23.604932],[-112.072559,24.840039],[-112.173828,25.912598],[-112.377246,26.213916],[-113.020752,26.583252],[-113.155811,26.94624],[-113.598535,26.721289],[-114.993506,27.736035],[-115.036475,27.841846],[-114.300586,27.872998],[-114.069336,27.675684],[-114.265869,27.934473],[-114.048486,28.426172],[-114.937305,29.351611],[-115.673828,29.756396],[-116.062158,30.80415],[-116.662158,31.564893],[-116.620801,31.851074],[-117.063135,32.343604],[-117.128271,32.53335]]],[[[-86.939648,20.30332],[-86.977979,20.489795],[-86.763281,20.579053],[-86.808789,20.468457],[-86.939648,20.30332]]],[[[-106.502246,21.61084],[-106.639355,21.697852],[-106.523828,21.652344],[-106.502246,21.61084]]],[[[-110.914453,18.741455],[-111.063672,18.781641],[-110.94209,18.801709],[-110.914453,18.741455]]],[[[-110.567383,25.003467],[-110.538867,24.891553],[-110.699268,25.081445],[-110.595215,25.042139],[-110.567383,25.003467]]],[[[-113.155615,29.052246],[-113.587207,29.573047],[-113.17793,29.131934],[-113.155615,29.052246]]],[[[-115.170605,28.069385],[-115.35293,28.103955],[-115.233545,28.368359],[-115.148535,28.172119],[-115.170605,28.069385]]],[[[-112.203076,29.005322],[-112.278418,28.769336],[-112.514062,28.847607],[-112.469824,29.167725],[-112.285059,29.24043],[-112.24873,29.125977],[-112.203076,29.005322]]],[[[-118.242773,28.941943],[-118.401367,29.162744],[-118.247363,29.043359],[-118.242773,28.941943]]],[[[-86.714014,21.239307],[-86.696289,21.191016],[-86.713623,21.196777],[-86.736377,21.233301],[-86.752881,21.278809],[-86.739062,21.27998],[-86.726904,21.264307],[-86.714014,21.239307]]],[[[-91.683691,18.677344],[-91.816113,18.675879],[-91.536719,18.76001],[-91.654248,18.711475],[-91.683691,18.677344]]],[[[-109.805078,24.151074],[-109.890332,24.344824],[-109.795605,24.163574],[-109.805078,24.151074]]],[[[-114.694141,31.705615],[-114.78457,31.789795],[-114.687939,31.724219],[-114.694141,31.705615]]],[[[-111.100293,26.020605],[-111.224658,25.835889],[-111.090869,26.075684],[-111.100293,26.020605]]],[[[-111.698877,24.393604],[-112.013281,24.533398],[-111.856836,24.537988],[-111.698877,24.393604]]],[[[-112.057275,24.545703],[-112.296777,24.789648],[-112.159424,25.285645],[-112.06748,24.583643],[-112.057275,24.545703]]]]}},{"type":"Feature","properties":{"name":"Mauritius","state":"Mauritius","abbr":"MU","iso":"MUS","kind":"country","scope":"world","isUSA":false,"continent":"Seven seas (open ocean)"},"geometry":{"type":"Polygon","coordinates":[[[57.65127,-20.484863],[57.317676,-20.427637],[57.575781,-19.997168],[57.791992,-20.212598],[57.706641,-20.434863],[57.65127,-20.484863]]]}},{"type":"Feature","properties":{"name":"Mauritania","state":"Mauritania","abbr":"MR","iso":"MRT","kind":"country","scope":"world","isUSA":false,"continent":"Africa"},"geometry":{"type":"MultiPolygon","coordinates":[[[[-16.37334,19.706445],[-16.437549,19.609277],[-16.343652,19.866211],[-16.37334,19.706445]]],[[[-12.280615,14.809033],[-13.206445,15.616895],[-13.409668,16.05918],[-13.868457,16.148145],[-14.53374,16.655957],[-16.239014,16.531299],[-16.535254,15.838379],[-16.463623,16.601514],[-16.078906,17.54585],[-16.046729,18.223145],[-16.213086,19.00332],[-16.514453,19.361963],[-16.305273,19.512646],[-16.444873,19.473145],[-16.210449,20.22793],[-16.92793,21.114795],[-17.048047,20.806152],[-16.964551,21.329248],[-13.016211,21.333936],[-13.153271,22.820508],[-12.62041,23.271338],[-12.023438,23.467578],[-12.016309,25.99541],[-8.682227,25.995508],[-8.68335,27.285937],[-4.822607,24.995605],[-6.594092,24.994629],[-5.628662,16.568652],[-5.359912,16.282861],[-5.5125,15.496289],[-9.176807,15.496094],[-9.350586,15.677393],[-9.446924,15.458203],[-10.696582,15.422656],[-10.948242,15.151123],[-11.502686,15.636816],[-12.104687,14.745361],[-12.280615,14.809033]]]]}},{"type":"Feature","properties":{"name":"Malta","state":"Malta","abbr":"MT","iso":"MLT","kind":"country","scope":"world","isUSA":false,"continent":"Europe"},"geometry":{"type":"MultiPolygon","coordinates":[[[[14.566211,35.852734],[14.35127,35.978418],[14.537012,35.886279],[14.566211,35.852734]]],[[[14.313477,36.027588],[14.180371,36.0604],[14.320898,36.03623],[14.313477,36.027588]]]]}},{"type":"Feature","properties":{"name":"Mali","state":"Mali","abbr":"ML","iso":"MLI","kind":"country","scope":"world","isUSA":false,"continent":"Africa"},"geometry":{"type":"Polygon","coordinates":[[[-11.389404,12.404395],[-11.390381,12.941992],[-11.634961,13.369873],[-11.831689,13.31582],[-12.054199,13.633057],[-12.019189,14.206494],[-12.280615,14.809033],[-12.104687,14.745361],[-11.940918,14.886914],[-11.760156,15.425537],[-11.502686,15.636816],[-10.948242,15.151123],[-10.696582,15.422656],[-9.446924,15.458203],[-9.350586,15.677393],[-9.176807,15.496094],[-5.5125,15.496289],[-5.359912,16.282861],[-5.628662,16.568652],[-6.594092,24.994629],[-4.822607,24.995605],[1.145508,21.102246],[1.165723,20.817432],[1.753223,20.331592],[3.130273,19.850195],[3.255859,19.410938],[3.106055,19.150098],[3.255957,19.013281],[4.227637,19.142773],[4.182129,16.581787],[3.876953,15.755273],[3.504297,15.356348],[1.300195,15.272266],[0.947461,14.982129],[0.21748,14.911475],[-0.666455,15.069775],[-1.973047,14.456543],[-2.113232,14.168457],[-2.586719,14.227588],[-2.95083,13.648438],[-3.248633,13.65835],[-3.301758,13.280762],[-3.527637,13.182715],[-3.947314,13.402197],[-4.328711,13.119043],[-4.2271,12.793701],[-4.480615,12.672217],[-4.428711,12.337598],[-5.288135,11.82793],[-5.250244,11.375781],[-5.490479,11.042383],[-5.523535,10.426025],[-6.03457,10.194824],[-6.238379,10.261621],[-6.261133,10.724072],[-6.423926,10.559131],[-6.65415,10.656445],[-6.693262,10.349463],[-6.950342,10.342334],[-7.01709,10.143262],[-7.497949,10.439795],[-7.990625,10.1625],[-8.26665,10.485986],[-8.337402,10.990625],[-8.666699,11.009473],[-8.398535,11.366553],[-8.822021,11.673242],[-9.120459,12.449951],[-9.395361,12.464648],[-9.358105,12.25542],[-9.714746,12.04248],[-10.274854,12.212646],[-10.677344,11.899414],[-10.933203,12.205176],[-11.305176,12.01543],[-11.492432,12.166943],[-11.418066,12.377686],[-11.389404,12.404395]]]}},{"type":"Feature","properties":{"name":"Maldives","state":"Maldives","abbr":"MV","iso":"MDV","kind":"country","scope":"world","isUSA":false,"continent":"Seven seas (open ocean)"},"geometry":{"type":"MultiPolygon","coordinates":[[[[73.416602,3.23125],[73.395313,3.229395],[73.382031,3.246484],[73.384961,3.271387],[73.401563,3.28877],[73.427734,3.289844],[73.442773,3.274316],[73.434961,3.250146],[73.416602,3.23125]]],[[[73.512207,4.164551],[73.494824,4.155176],[73.478613,4.158936],[73.473047,4.170703],[73.481152,4.188135],[73.494727,4.210449],[73.504102,4.234619],[73.517773,4.247656],[73.52832,4.243311],[73.527148,4.229687],[73.522168,4.211035],[73.519043,4.186865],[73.512207,4.164551]]]]}},{"type":"Feature","properties":{"name":"Malaysia","state":"Malaysia","abbr":"MY","iso":"MYS","kind":"country","scope":"world","isUSA":false,"continent":"Asia"},"geometry":{"type":"MultiPolygon","coordinates":[[[[100.119141,6.441992],[100.261426,6.682715],[101.053516,6.242578],[100.981641,5.771045],[101.113965,5.636768],[101.556055,5.907764],[101.790723,5.779346],[102.101074,6.242236],[102.274023,6.203418],[103.09707,5.408447],[103.453906,4.669482],[103.439453,2.933105],[103.812207,2.580469],[104.250098,1.388574],[103.981445,1.623633],[103.991504,1.454785],[103.480273,1.329492],[103.356836,1.546143],[101.295508,2.885205],[101.299902,3.253271],[100.71543,3.966211],[100.343262,5.98418],[100.158398,6.324219],[100.119141,6.441992]]],[[[117.574414,4.170605],[116.514746,4.370801],[115.860742,4.348047],[115.678809,4.193018],[115.454395,3.034326],[115.117578,2.894873],[115.179102,2.523193],[114.786426,2.250488],[114.830566,1.980029],[114.5125,1.452002],[113.902344,1.434277],[113.622266,1.235937],[112.942969,1.566992],[112.476172,1.559082],[111.808984,1.01167],[111.101367,1.050537],[110.505762,0.861963],[109.548926,1.84834],[109.628906,2.027539],[109.864844,1.764453],[111.223242,1.39585],[111.028711,1.557812],[111.242188,2.435742],[111.443848,2.381543],[111.623242,2.817969],[113.044727,3.205225],[113.923926,4.243213],[114.0125,4.575244],[114.654102,4.037646],[114.840234,4.393213],[114.74668,4.718066],[115.026758,4.899707],[115.107031,4.39043],[115.319238,4.365283],[115.140039,4.899756],[115.554492,5.093555],[115.419043,5.413184],[115.603906,5.603418],[115.877148,5.613525],[116.776172,6.990234],[116.788086,6.606104],[117.128516,6.968896],[117.645703,6.473682],[117.644531,6.001855],[117.501172,5.884668],[118.003809,6.05332],[118.11582,5.8625],[117.973633,5.70625],[118.353125,5.806055],[119.255566,5.365918],[119.132227,5.100488],[118.260547,4.988867],[118.185352,4.828516],[118.54834,4.379248],[118.008203,4.250244],[117.696484,4.342822],[117.603809,4.2],[117.574414,4.170605]]],[[[104.221582,2.731738],[104.184766,2.871729],[104.223242,2.774219],[104.221582,2.731738]]],[[[100.288965,5.294727],[100.203906,5.446875],[100.338867,5.410059],[100.288965,5.294727]]],[[[99.848047,6.465723],[99.918652,6.358594],[99.74375,6.263281],[99.646289,6.418359],[99.82168,6.44502],[99.848047,6.465723]]],[[[117.141602,7.168213],[117.064258,7.260693],[117.264063,7.35166],[117.239355,7.184766],[117.141602,7.168213]]],[[[101.318555,2.988477],[101.268066,2.97041],[101.26543,2.996484],[101.274219,3.032812],[101.31123,3.067383],[101.328418,3.047607],[101.318555,2.988477]]],[[[111.389258,2.415332],[111.333496,2.768311],[111.380469,2.458936],[111.389258,2.415332]]],[[[117.884766,4.186133],[117.649023,4.168994],[117.761426,4.252344],[117.884766,4.186133]]]]}},{"type":"Feature","properties":{"name":"Malawi","state":"Malawi","abbr":"MW","iso":"MWI","kind":"country","scope":"world","isUSA":false,"continent":"Africa"},"geometry":{"type":"MultiPolygon","coordinates":[[[[34.719336,-12.110645],[34.679883,-12.008887],[34.745996,-12.088379],[34.719336,-12.110645]]],[[[34.641602,-12.013672],[34.621777,-12.066602],[34.580469,-12.06582],[34.541602,-12.018652],[34.554004,-11.982227],[34.591406,-11.971094],[34.624219,-11.984766],[34.641602,-12.013672]]],[[[33.201758,-14.013379],[32.99209,-14.022168],[32.67041,-13.59043],[32.967578,-13.225],[33.021582,-12.630469],[33.512305,-12.347754],[33.252344,-12.112598],[33.232715,-11.417676],[33.379785,-11.15791],[33.261328,-10.893359],[33.661523,-10.553125],[32.974023,-9.39502],[33.888867,-9.670117],[33.995605,-9.49541],[34.524219,-10.030176],[34.60791,-11.080469],[34.959473,-11.578125],[34.618555,-11.620215],[34.357813,-12.164746],[34.563672,-13.360156],[35.247461,-13.896875],[35.892773,-14.891797],[35.755273,-16.058301],[35.358496,-16.160547],[35.167188,-16.560254],[35.272559,-17.118457],[35.064648,-17.078613],[35.079883,-16.833887],[34.416406,-16.246777],[34.248242,-15.8875],[34.54082,-15.297266],[34.505273,-14.598145],[34.33252,-14.408594],[33.636426,-14.568164],[33.243555,-14.043066],[33.201758,-14.013379]]]]}},{"type":"Feature","properties":{"name":"Madagascar","state":"Madagascar","abbr":"MG","iso":"MDG","kind":"country","scope":"world","isUSA":false,"continent":"Africa"},"geometry":{"type":"MultiPolygon","coordinates":[[[[49.538281,-12.432129],[49.9375,-13.072266],[50.235352,-14.732031],[50.441309,-15.149316],[50.40459,-15.629102],[50.184961,-15.957813],[49.892578,-15.457715],[49.664355,-15.521582],[49.839063,-16.486523],[49.449316,-17.240625],[49.362891,-18.336328],[47.177344,-24.787207],[46.728516,-25.149902],[46.158691,-25.230371],[45.508008,-25.563184],[45.115234,-25.543066],[44.035352,-24.995703],[43.67002,-24.300293],[43.722266,-23.529688],[43.264844,-22.383594],[43.501855,-21.356445],[43.800195,-21.179199],[44.404688,-19.92207],[44.448828,-19.428711],[44.040039,-18.288477],[43.979395,-17.391602],[44.421387,-16.702637],[44.476172,-16.217285],[46.15752,-15.738281],[46.399609,-15.924609],[46.331445,-15.713672],[46.475098,-15.513477],[46.942285,-15.219043],[47.099219,-15.43418],[47.092578,-15.150098],[47.351953,-14.766113],[47.464746,-14.713281],[47.47832,-15.009375],[47.774023,-14.636719],[47.96416,-14.672559],[47.77334,-14.369922],[47.995508,-13.960449],[47.895996,-13.730664],[48.039844,-13.596289],[48.255273,-13.719336],[48.796484,-13.26748],[48.919434,-12.839063],[48.786328,-12.470898],[49.207031,-12.07959],[49.479785,-12.348438],[49.538281,-12.432129]]],[[[48.342188,-13.363867],[48.191211,-13.259961],[48.351074,-13.30957],[48.342188,-13.363867]]],[[[49.936426,-16.90293],[49.824023,-17.086523],[50.023047,-16.695312],[49.936426,-16.90293]]]]}},{"type":"Feature","properties":{"name":"North Macedonia","state":"North Macedonia","abbr":"MK","iso":"MKD","kind":"country","scope":"world","isUSA":false,"continent":"Europe"},"geometry":{"type":"Polygon","coordinates":[[[21.5625,42.24751],[22.239746,42.358154],[22.796094,42.025684],[23.003613,41.739844],[22.929688,41.356104],[22.603613,41.140186],[21.993359,41.130957],[21.575781,40.868945],[20.74082,40.905273],[20.488965,41.272607],[20.553125,41.862354],[20.725,41.873535],[20.778125,42.071045],[21.56084,42.247656],[21.5625,42.24751]]]}},{"type":"Feature","properties":{"name":"Luxembourg","state":"Luxembourg","abbr":"LU","iso":"LUX","kind":"country","scope":"world","isUSA":false,"continent":"Europe"},"geometry":{"type":"Polygon","coordinates":[[[6.116504,50.120996],[6.487305,49.798486],[6.344336,49.452734],[5.789746,49.538281],[5.880371,49.644775],[5.744043,49.919629],[5.97627,50.167187],[6.110059,50.123779],[6.116504,50.120996]]]}},{"type":"Feature","properties":{"name":"Lithuania","state":"Lithuania","abbr":"LT","iso":"LTU","kind":"country","scope":"world","isUSA":false,"continent":"Europe"},"geometry":{"type":"MultiPolygon","coordinates":[[[[20.957813,55.278906],[21.114844,55.616504],[21.031738,55.350488],[20.957813,55.278906]]],[[[22.766211,54.356787],[22.684473,54.562939],[22.824707,54.871289],[22.567285,55.059131],[21.235742,55.264111],[21.046094,56.070068],[22.08457,56.406738],[24.120703,56.264258],[24.841016,56.411182],[25.069922,56.200391],[25.663184,56.104834],[26.593555,55.667529],[26.457617,55.34248],[26.775684,55.273096],[25.859277,54.919287],[25.547363,54.331836],[25.748145,54.259668],[25.680566,54.140479],[25.461133,54.292773],[24.869531,54.145166],[24.768164,53.974658],[23.559082,53.919824],[23.370117,54.200488],[22.82373,54.395801],[22.766211,54.356787]]]]}},{"type":"Feature","properties":{"name":"Liechtenstein","state":"Liechtenstein","abbr":"LI","iso":"LIE","kind":"country","scope":"world","isUSA":false,"continent":"Europe"},"geometry":{"type":"Polygon","coordinates":[[[9.580273,47.057373],[9.527539,47.270752],[9.595703,47.07583],[9.580273,47.057373]]]}},{"type":"Feature","properties":{"name":"Libya","state":"Libya","abbr":"LY","iso":"LBY","kind":"country","scope":"world","isUSA":false,"continent":"Africa"},"geometry":{"type":"Polygon","coordinates":[[[9.51875,30.229395],[9.89502,30.387305],[10.216406,30.783203],[10.114941,31.46377],[10.274609,31.684961],[11.50498,32.413672],[11.50459,33.181934],[12.279883,32.858545],[13.283496,32.914648],[15.176563,32.391162],[15.705957,31.426416],[17.830469,30.927588],[19.12373,30.266113],[19.713281,30.488379],[20.111523,30.963721],[19.926367,31.817529],[20.030957,32.107861],[21.062305,32.775537],[22.187402,32.918262],[23.090625,32.61875],[23.10625,32.331445],[23.286328,32.213818],[24.950684,31.953711],[25.150488,31.65498],[24.852734,31.334814],[24.961426,30.678516],[24.703223,30.201074],[24.980273,29.181885],[24.979492,20.002588],[23.980273,19.995947],[23.980273,19.496631],[15.984082,23.445215],[14.215527,22.619678],[13.48125,23.180176],[11.967871,23.517871],[11.507617,24.314355],[10.325781,24.530225],[10.000684,25.33208],[9.422363,26.14707],[9.883203,26.630811],[9.747559,27.330859],[9.916016,27.785693],[9.820703,29.114795],[9.310254,30.115234],[9.420996,30.179297],[9.51875,30.229395]]]}},{"type":"Feature","properties":{"name":"Liberia","state":"Liberia","abbr":"LR","iso":"LBR","kind":"country","scope":"world","isUSA":false,"continent":"Africa"},"geometry":{"type":"Polygon","coordinates":[[[-11.50752,6.906543],[-10.647461,7.759375],[-10.283203,8.485156],[-9.663574,8.473535],[-9.369141,7.703809],[-9.463818,7.415869],[-9.117578,7.215918],[-8.889648,7.262695],[-8.578857,7.677051],[-8.296631,7.074023],[-8.603564,6.507812],[-7.888623,6.234863],[-7.796533,5.975098],[-7.454395,5.841309],[-7.544971,4.351318],[-9.132178,5.054639],[-10.276367,6.077637],[-11.291602,6.688232],[-11.50752,6.906543]]]}},{"type":"Feature","properties":{"name":"Lesotho","state":"Lesotho","abbr":"LS","iso":"LSO","kind":"country","scope":"world","isUSA":false,"continent":"Africa"},"geometry":{"type":"Polygon","coordinates":[[[28.736914,-30.101953],[28.39209,-30.147559],[28.056836,-30.631055],[27.753125,-30.6],[27.388477,-30.315918],[27.056934,-29.625586],[27.735547,-28.940039],[28.625781,-28.581738],[29.390723,-29.269727],[29.098047,-29.919043],[28.901074,-30.038477],[28.736914,-30.101953]]]}},{"type":"Feature","properties":{"name":"Lebanon","state":"Lebanon","abbr":"LB","iso":"LBN","kind":"country","scope":"world","isUSA":false,"continent":"Asia"},"geometry":{"type":"Polygon","coordinates":[[[35.97627,34.629199],[36.383887,34.65791],[36.329883,34.499609],[36.584961,34.22124],[36.277832,33.925293],[36.365039,33.839355],[36.018848,33.783936],[36.022266,33.5625],[35.493164,33.119482],[35.108594,33.083691],[35.647852,34.248242],[35.97793,34.547412],[35.97627,34.629199]]]}},{"type":"Feature","properties":{"name":"Latvia","state":"Latvia","abbr":"LV","iso":"LVA","kind":"country","scope":"world","isUSA":false,"continent":"Europe"},"geometry":{"type":"Polygon","coordinates":[[[26.593555,55.667529],[25.663184,56.104834],[25.069922,56.200391],[24.841016,56.411182],[24.120703,56.264258],[22.08457,56.406738],[21.046094,56.070068],[21.031445,56.636572],[21.728711,57.570996],[22.55459,57.724268],[23.287305,57.089746],[23.647754,56.971045],[24.382617,57.250049],[24.322559,57.870605],[25.340039,58.039453],[26.462109,57.544482],[27.469727,57.524023],[27.828613,57.293311],[27.639453,56.845654],[27.848633,56.853418],[28.103125,56.545703],[28.147949,56.14292],[27.576758,55.798779],[26.620215,55.679639],[26.593555,55.667529]]]}},{"type":"Feature","properties":{"name":"Laos","state":"Laos","abbr":"LA","iso":"LAO","kind":"country","scope":"world","isUSA":false,"continent":"Asia"},"geometry":{"type":"Polygon","coordinates":[[[102.127441,22.379199],[102.662012,21.676025],[102.815918,21.807373],[102.949609,21.681348],[102.851172,21.265918],[103.104492,20.89165],[103.635059,20.69707],[104.101367,20.945508],[104.583203,20.64668],[104.367773,20.441406],[104.92793,20.018115],[104.587891,19.61875],[104.032031,19.675146],[103.891602,19.30498],[105.146484,18.650977],[105.114551,18.405273],[106.502246,16.954102],[106.656445,16.492627],[106.851074,16.515625],[107.396387,16.043018],[107.165918,15.80249],[107.653125,15.255225],[107.414746,14.562891],[106.819922,14.314697],[106.501465,14.578223],[106.225391,14.476221],[105.978906,14.343018],[106.066797,13.921191],[105.245703,14.200537],[105.183301,14.34624],[105.497363,14.590674],[105.641016,15.656543],[104.819336,16.466064],[104.816016,17.300293],[103.949609,18.318994],[103.288281,18.408398],[103.051367,18.028516],[102.660645,17.817969],[102.101465,18.210645],[101.16748,17.499023],[100.908496,17.583887],[101.286328,18.977148],[101.211914,19.54834],[100.513574,19.553467],[100.397656,19.756104],[100.519531,20.17793],[100.317969,20.385889],[100.114941,20.257666],[100.129687,20.372217],[100.249316,20.730273],[100.622949,20.85957],[100.536133,20.992383],[100.703125,21.251367],[101.138867,21.56748],[101.247852,21.197314],[101.800586,21.212598],[101.524512,22.253662],[101.70752,22.486572],[102.091504,22.412256],[102.127441,22.379199]]]}},{"type":"Feature","properties":{"name":"Kyrgyzstan","state":"Kyrgyzstan","abbr":"KG","iso":"KGZ","kind":"country","scope":"world","isUSA":false,"continent":"Asia"},"geometry":{"type":"Polygon","coordinates":[[[70.958008,40.238867],[71.69248,40.152344],[73.136914,40.810645],[72.187305,41.025928],[71.664941,41.541211],[71.393066,41.123389],[70.176953,41.53999],[71.228516,42.162891],[70.892871,42.33999],[71.42207,42.783154],[72.275781,42.757666],[73.492969,42.409033],[73.55625,43.002783],[74.209082,43.240381],[75.366211,42.836963],[76.988086,42.973584],[79.12666,42.775732],[79.428223,42.483496],[79.921094,42.413135],[80.246191,42.059814],[78.742578,41.560059],[78.123438,41.075635],[76.907715,41.02417],[76.318555,40.352246],[75.677148,40.305811],[75.555566,40.625195],[74.835156,40.482617],[74.830469,40.328516],[73.991602,40.043115],[73.835352,39.800146],[73.907129,39.578516],[73.715723,39.462256],[72.563379,39.377197],[72.22998,39.20752],[72.042773,39.352148],[71.778613,39.277979],[71.470313,39.603662],[70.799316,39.394727],[70.501172,39.587354],[69.297656,39.524805],[69.278809,39.917773],[69.47627,39.919727],[69.530273,40.097314],[69.966797,40.202246],[70.515137,39.949902],[70.960938,40.220654],[70.958008,40.238867]],[[71.206152,39.892578],[71.228711,40.048145],[71.005469,40.152295],[71.011719,39.895117],[71.15625,39.883447],[71.206152,39.892578]],[[71.779688,39.950244],[71.789941,39.995312],[71.765332,39.993262],[71.736523,39.980957],[71.68125,39.968652],[71.668945,39.946094],[71.705859,39.917432],[71.75293,39.907129],[71.779688,39.950244]],[[70.70166,39.825293],[70.482813,39.882715],[70.612109,39.786768],[70.70166,39.825293]]]}},{"type":"Feature","properties":{"name":"Kuwait","state":"Kuwait","abbr":"KW","iso":"KWT","kind":"country","scope":"world","isUSA":false,"continent":"Asia"},"geometry":{"type":"MultiPolygon","coordinates":[[[[48.275391,29.624316],[48.081445,29.798926],[48.184766,29.978857],[48.340234,29.694727],[48.275391,29.624316]]],[[[48.44248,28.54292],[47.671289,28.533154],[47.433203,28.989551],[46.531445,29.09624],[47.148242,30.000977],[47.753906,30.076611],[47.978711,29.982812],[48.143457,29.572461],[47.969629,29.616699],[47.722656,29.393018],[48.051465,29.355371],[48.389648,28.631592],[48.44248,28.54292]]]]}},{"type":"Feature","properties":{"name":"Kosovo","state":"Kosovo","abbr":"XK","iso":"KOS","kind":"country","scope":"world","isUSA":false,"continent":"Europe"},"geometry":{"type":"Polygon","coordinates":[[[20.344336,42.82793],[20.800586,43.261084],[21.390625,42.751416],[21.752148,42.651514],[21.5625,42.24751],[20.778125,42.071045],[20.694922,41.853809],[20.063965,42.547266],[20.029492,42.732031],[20.215137,42.798828],[20.344336,42.82793]]]}},{"type":"Feature","properties":{"name":"Kiribati","state":"Kiribati","abbr":"KI","iso":"KIR","kind":"country","scope":"world","isUSA":false,"continent":"Oceania"},"geometry":{"type":"MultiPolygon","coordinates":[[[[172.969629,3.129199],[172.90625,3.095898],[172.887109,3.10127],[172.9625,3.148779],[172.962207,3.14292],[172.969629,3.129199]]],[[[172.844238,3.051221],[172.770313,3.012549],[172.750488,3.033057],[172.777344,3.033887],[172.826953,3.071094],[172.887109,3.073975],[172.880273,3.053516],[172.844238,3.051221]]],[[[173.01875,1.845703],[173.023633,1.822559],[172.966602,1.8854],[172.932715,1.925928],[172.934766,1.943701],[172.950098,1.93252],[172.969141,1.912695],[172.981543,1.896973],[173.01875,1.845703]]],[[[173.029395,1.717383],[172.993262,1.713086],[173.02041,1.72749],[173.027832,1.747314],[173.023633,1.809326],[173.037695,1.804395],[173.042676,1.77876],[173.045215,1.741553],[173.029395,1.717383]]],[[[173.032813,1.013135],[172.991113,0.835449],[173.003711,1.025098],[173.032813,1.013135]]],[[[174.508691,-0.801758],[174.381055,-0.591797],[174.49541,-0.725684],[174.508691,-0.801758]]],[[[174.773242,-1.211914],[174.778906,-1.263379],[174.755957,-1.256445],[174.748438,-1.236426],[174.741016,-1.18457],[174.716797,-1.133691],[174.744141,-1.147363],[174.766602,-1.187109],[174.773242,-1.211914]]],[[[173.038379,1.34209],[173.171875,1.375146],[173.061719,1.346338],[173.038379,1.34209]]],[[[169.551074,-0.87373],[169.541699,-0.875977],[169.522949,-0.865625],[169.525586,-0.852637],[169.538672,-0.846875],[169.555273,-0.856543],[169.551074,-0.87373]]],[[[-172.214551,-4.511133],[-172.208301,-4.517969],[-172.193896,-4.516016],[-172.180957,-4.514844],[-172.188818,-4.52168],[-172.215234,-4.524414],[-172.22832,-4.507031],[-172.212207,-4.493945],[-172.197852,-4.491699],[-172.196387,-4.49541],[-172.197217,-4.499512],[-172.203857,-4.499512],[-172.214746,-4.502637],[-172.214551,-4.511133]]],[[[-171.085156,-3.135449],[-171.089795,-3.143262],[-171.096729,-3.136914],[-171.091748,-3.125098],[-171.087695,-3.115039],[-171.081006,-3.12041],[-171.085156,-3.135449]]],[[[-171.233203,-4.463477],[-171.243018,-4.468066],[-171.254541,-4.466504],[-171.261768,-4.459766],[-171.261963,-4.449219],[-171.252393,-4.441602],[-171.239404,-4.444141],[-171.231885,-4.453711],[-171.233203,-4.463477]]],[[[-174.512939,-4.675098],[-174.501123,-4.688379],[-174.501025,-4.694727],[-174.506738,-4.693652],[-174.523877,-4.689648],[-174.529248,-4.681641],[-174.516748,-4.686816],[-174.511475,-4.685645],[-174.523047,-4.674023],[-174.533105,-4.665332],[-174.540674,-4.661719],[-174.54082,-4.657324],[-174.531396,-4.659473],[-174.512939,-4.675098]]],[[[-154.95625,-4.087988],[-154.959033,-4.093848],[-154.971094,-4.08584],[-154.994629,-4.071094],[-155.0146,-4.054883],[-155.015039,-4.048047],[-154.986963,-4.038574],[-154.951221,-4.031055],[-154.943359,-4.041602],[-154.950049,-4.055957],[-154.95625,-4.087988]]],[[[-151.782617,-11.441016],[-151.790869,-11.456836],[-151.806689,-11.45127],[-151.815967,-11.431152],[-151.819141,-11.409277],[-151.813281,-11.391797],[-151.802783,-11.392676],[-151.791113,-11.414355],[-151.782617,-11.441016]]],[[[-155.863818,-5.62666],[-155.887109,-5.631836],[-155.914355,-5.631641],[-155.92793,-5.618555],[-155.928613,-5.607617],[-155.919385,-5.60752],[-155.910791,-5.609473],[-155.872266,-5.611328],[-155.862354,-5.619141],[-155.863818,-5.62666]]],[[[-157.342139,1.855566],[-157.175781,1.739844],[-157.578955,1.902051],[-157.365186,1.946094],[-157.492188,2.029297],[-157.321875,1.968555],[-157.342139,1.855566]]],[[[-159.339063,3.923535],[-159.274756,3.796582],[-159.369043,3.916992],[-159.339063,3.923535]]],[[[-171.697607,-2.766406],[-171.628418,-2.855859],[-171.718896,-2.761426],[-171.697607,-2.766406]]]]}},{"type":"Feature","properties":{"name":"Kenya","state":"Kenya","abbr":"KE","iso":"KEN","kind":"country","scope":"world","isUSA":false,"continent":"Africa"},"geometry":{"type":"MultiPolygon","coordinates":[[[[40.994434,-2.158398],[40.957324,-2.167285],[40.976465,-2.109766],[41.086035,-2.036523],[41.130664,-2.053027],[41.139258,-2.069824],[41.136816,-2.085059],[41.118164,-2.100098],[40.994434,-2.158398]]],[[[33.903223,-1.002051],[33.943164,0.173779],[34.481738,1.042139],[34.798633,1.244531],[34.978223,1.773633],[34.905762,2.479687],[34.447852,3.163477],[34.437695,3.650586],[34.165039,3.812988],[33.976074,4.220215],[35.268359,5.492285],[35.325293,5.364893],[35.74502,5.343994],[35.763086,4.808008],[36.021973,4.468115],[36.905566,4.411475],[38.086133,3.648828],[39.494434,3.456104],[39.842188,3.851465],[40.765234,4.273047],[41.14043,3.962988],[41.883984,3.977734],[40.964453,2.814648],[40.978711,-0.870313],[41.532715,-1.695312],[41.26748,-1.94502],[40.889746,-2.023535],[40.898242,-2.269922],[40.644141,-2.539453],[40.222461,-2.688379],[40.11543,-3.250586],[39.376953,-4.625488],[39.190137,-4.677246],[37.797266,-3.674414],[37.608203,-3.49707],[37.643848,-3.04541],[33.979395,-1.002051],[33.903223,-1.002051]]]]}},{"type":"Feature","properties":{"name":"Kazakhstan","state":"Kazakhstan","abbr":"KZ","iso":"KAZ","kind":"country","scope":"world","isUSA":false,"continent":"Asia"},"geometry":{"type":"MultiPolygon","coordinates":[[[[50.184473,44.854639],[49.995117,44.936963],[50.109863,45.081934],[50.098145,44.881543],[50.184473,44.854639]]],[[[50.311719,44.97207],[50.277246,44.958594],[50.256152,45.022412],[50.294922,45.075928],[50.349707,45.083008],[50.330859,44.998437],[50.311719,44.97207]]],[[[52.682422,45.411816],[52.554297,45.473975],[52.692969,45.460742],[52.682422,45.411816]]],[[[70.946777,42.248682],[69.153613,41.425244],[68.584082,40.87627],[68.572656,40.622656],[68.415039,40.619434],[68.047656,40.809277],[68.113086,41.028613],[67.935742,41.196582],[66.709668,41.17915],[66.498633,41.994873],[66.00957,42.004883],[66.100293,42.99082],[65.803027,42.876953],[65.496191,43.310547],[64.905469,43.714697],[64.443164,43.551172],[63.207031,43.627979],[61.990234,43.492139],[61.00791,44.393799],[58.555273,45.555371],[55.975684,44.994922],[55.977441,41.322217],[55.434375,41.296289],[54.853809,41.965186],[54.120996,42.335205],[53.055859,42.147754],[52.493848,41.780371],[52.596582,42.760156],[51.898242,42.869629],[51.616016,43.158447],[51.29541,43.174121],[51.301758,43.482373],[50.830762,44.192773],[50.25293,44.461523],[50.409473,44.624023],[51.543555,44.531006],[51.009375,44.921826],[51.415723,45.357861],[53.200391,45.331982],[52.773828,45.572754],[53.135254,46.19165],[53.069434,46.856055],[52.483203,46.990674],[52.138281,46.828613],[51.178027,47.110156],[49.347461,46.519141],[49.232227,46.337158],[48.610156,46.566455],[48.518555,46.734326],[48.959375,46.774609],[48.166992,47.708789],[47.292383,47.740918],[47.064648,48.232471],[46.660938,48.412256],[46.702637,48.805566],[47.031348,49.150293],[46.823145,49.502246],[47.503613,50.402734],[48.334961,49.858252],[48.758984,49.92832],[48.625098,50.612695],[50.309277,51.321582],[50.793945,51.729199],[51.344531,51.475342],[52.219141,51.709375],[52.571191,51.481641],[53.338086,51.482373],[54.139746,51.040771],[54.555273,50.535791],[54.641602,51.011572],[55.68623,50.582861],[56.491406,51.019531],[57.011719,51.065186],[57.442188,50.888867],[57.838867,51.09165],[58.35918,51.063818],[58.883691,50.694434],[59.452344,50.62041],[59.523047,50.492871],[60.058594,50.850293],[60.424805,50.67915],[60.942285,50.695508],[61.389453,50.861035],[61.554688,51.324609],[60.464746,51.651172],[60.030273,51.933252],[60.994531,52.336865],[60.774414,52.675781],[61.047461,52.972461],[62.082715,53.00542],[61.199219,53.287158],[61.228906,53.445898],[61.534961,53.523291],[60.979492,53.621729],[61.231055,54.019482],[61.928711,53.946484],[64.46123,54.38418],[65.088379,54.340186],[65.476953,54.623291],[68.155859,54.976709],[68.20625,55.160937],[68.977246,55.3896],[70.182422,55.162451],[70.738086,55.305176],[71.185547,54.599316],[71.093164,54.212207],[72.004492,54.205664],[72.186035,54.325635],[72.446777,53.941846],[72.622266,54.134326],[73.229883,53.957812],[73.712402,54.042383],[73.305664,53.707227],[73.406934,53.447559],[73.858984,53.619727],[74.351562,53.487646],[75.437207,54.089648],[76.837305,54.442383],[76.65459,54.145264],[76.42168,54.151514],[76.484766,54.022559],[77.859961,53.269189],[79.98623,50.774561],[80.423633,50.946289],[80.448047,51.18335],[80.735254,51.293408],[81.127246,51.191064],[81.071484,50.96875],[81.388281,50.956494],[81.465918,50.739844],[82.493945,50.727588],[83.357324,50.99458],[83.945117,50.774658],[84.323242,50.23916],[84.989453,50.061426],[85.232617,49.61582],[86.180859,49.499316],[86.675488,49.777295],[86.626465,49.562695],[87.322852,49.085791],[86.808301,49.049707],[86.549414,48.528613],[85.749414,48.385059],[85.525977,47.915625],[85.656641,47.254639],[85.484766,47.063525],[84.786133,46.830713],[84.666602,46.972363],[83.029492,47.185937],[82.315234,45.594922],[82.611621,45.424268],[82.521484,45.125488],[81.944922,45.16084],[81.691992,45.349365],[79.871875,44.883789],[80.481543,44.714648],[80.355273,44.097266],[80.785742,43.161572],[80.390234,43.043115],[80.538965,42.873486],[80.202246,42.734473],[80.209375,42.190039],[79.921094,42.413135],[79.428223,42.483496],[79.12666,42.775732],[76.988086,42.973584],[75.366211,42.836963],[74.209082,43.240381],[73.55625,43.002783],[73.492969,42.409033],[71.760547,42.821484],[71.256641,42.733545],[70.892871,42.293701],[70.946777,42.248682]]]]}},{"type":"Feature","properties":{"name":"Jordan","state":"Jordan","abbr":"JO","iso":"JOR","kind":"country","scope":"world","isUSA":false,"continent":"Asia"},"geometry":{"type":"Polygon","coordinates":[[[35.787305,32.734912],[36.37207,32.386914],[36.818359,32.317285],[38.773535,33.372217],[39.041406,32.305664],[39.292773,32.243848],[38.962305,31.994922],[36.958594,31.491504],[37.980078,30.5],[37.649902,30.330957],[37.469238,29.995068],[36.755273,29.866016],[36.01543,29.190479],[34.950781,29.353516],[35.439258,31.132422],[35.572852,32.640869],[35.734473,32.728906],[35.787305,32.734912]]]}},{"type":"Feature","properties":{"name":"Japan","state":"Japan","abbr":"JP","iso":"JPN","kind":"country","scope":"world","isUSA":false,"continent":"Asia"},"geometry":{"type":"MultiPolygon","coordinates":[[[[133.370508,36.203857],[133.189941,36.232617],[133.38125,36.246387],[133.370508,36.203857]]],[[[138.344043,37.822119],[138.225195,37.829395],[138.25,38.078467],[138.503613,38.315918],[138.496973,37.903906],[138.344043,37.822119]]],[[[134.932813,34.288135],[134.667871,34.294141],[135.004688,34.544043],[134.905469,34.398291],[134.932813,34.288135]]],[[[130.622754,30.262988],[130.388086,30.388184],[130.673242,30.366895],[130.622754,30.262988]]],[[[130.959766,30.396924],[131.060352,30.828467],[130.992578,30.52998],[130.959766,30.396924]]],[[[130.08252,32.229687],[129.960156,32.24375],[130.009766,32.521631],[130.167773,32.541211],[130.199512,32.340576],[130.08252,32.229687]]],[[[129.279492,34.123389],[129.214844,34.320654],[129.335059,34.230811],[129.279492,34.123389]]],[[[129.385645,34.353662],[129.266699,34.370459],[129.451074,34.686572],[129.381445,34.416455],[129.385645,34.353662]]],[[[128.665332,32.783887],[128.894531,32.652148],[128.649121,32.662012],[128.665332,32.783887]]],[[[130.381055,32.42373],[130.241699,32.462793],[130.418555,32.457715],[130.381055,32.42373]]],[[[141.072754,45.332861],[140.97168,45.465479],[141.069922,45.4],[141.072754,45.332861]]],[[[141.29541,45.119336],[141.135352,45.206201],[141.329199,45.150488],[141.29541,45.119336]]],[[[139.48125,42.081006],[139.558398,42.235205],[139.505078,42.096387],[139.48125,42.081006]]],[[[134.351855,34.483643],[134.182129,34.519238],[134.372266,34.522363],[134.351855,34.483643]]],[[[139.456445,34.726514],[139.445703,34.679541],[139.392383,34.689893],[139.366895,34.720508],[139.37002,34.775439],[139.426172,34.775879],[139.456445,34.726514]]],[[[129.076953,32.840283],[129.109766,33.132568],[129.111621,32.928857],[129.076953,32.840283]]],[[[129.491797,33.223047],[129.37041,33.176025],[129.508105,33.284326],[129.491797,33.223047]]],[[[129.795703,33.748828],[129.674805,33.739697],[129.776367,33.829199],[129.795703,33.748828]]],[[[132.578418,34.115186],[132.460938,34.087256],[132.560156,34.126904],[132.578418,34.115186]]],[[[132.266016,33.945166],[132.444922,33.913184],[132.208008,33.947803],[132.266016,33.945166]]],[[[129.717969,31.657129],[129.686816,31.639648],[129.706836,31.718262],[129.787305,31.787109],[129.793652,31.74248],[129.717969,31.657129]]],[[[142.188184,26.616504],[142.107129,26.721533],[142.202148,26.648779],[142.188184,26.616504]]],[[[143.824316,44.116992],[144.715234,43.927979],[145.369531,44.327393],[145.139648,43.6625],[145.34082,43.302539],[145.833008,43.385937],[144.921387,43.000928],[143.969336,42.881396],[143.429492,42.418896],[143.236523,42.000195],[141.851367,42.579053],[140.986133,42.342139],[140.480469,42.559375],[140.32666,42.293359],[141.150977,41.805078],[140.659863,41.815576],[140.270117,41.456006],[140.036621,41.473779],[140.108398,41.912939],[139.835449,42.278076],[139.860156,42.581738],[140.432227,42.954102],[140.392383,43.303125],[141.138184,43.179932],[141.374121,43.279639],[141.760938,44.48252],[141.583008,45.155957],[141.667969,45.40127],[141.980859,45.483496],[142.884766,44.670117],[143.759082,44.131641],[143.824316,44.116992]]],[[[131.174609,33.602588],[131.696289,33.602832],[131.537402,33.274072],[131.896582,33.25459],[132.002148,32.882373],[131.660352,32.465625],[131.337207,31.404687],[131.070801,31.436865],[131.098438,31.256152],[130.685742,31.015137],[130.77627,31.706299],[130.556055,31.563086],[130.58877,31.178516],[130.147266,31.408496],[130.321973,31.601465],[130.194434,32.090771],[130.640527,32.619238],[130.497852,32.656934],[130.547266,32.831592],[130.2375,33.177637],[130.175,32.851318],[130.326465,32.852637],[130.34043,32.701855],[130.054102,32.770801],[129.768555,32.570996],[129.679102,33.059961],[129.991699,32.851562],[129.580078,33.236279],[130.669531,33.915479],[130.953125,33.872021],[131.058105,33.672852],[131.174609,33.602588]]],[[[134.357422,34.256348],[134.6375,34.226611],[134.738867,33.820508],[134.377051,33.608398],[134.181641,33.247217],[133.632031,33.510986],[133.285938,33.359961],[132.804297,32.752002],[132.495117,32.916602],[132.412793,33.430469],[132.032617,33.33999],[132.643066,33.689941],[132.935156,34.095312],[133.133691,33.927295],[133.47207,33.972803],[133.602637,34.243848],[134.219238,34.319043],[134.357422,34.256348]]],[[[141.229297,41.372656],[141.455469,41.404736],[141.430469,40.72334],[141.79707,40.291162],[141.976953,39.428809],[141.46748,38.40415],[141.108398,38.337939],[140.962109,38.148877],[141.00166,37.114648],[140.573535,36.231348],[140.874023,35.724951],[140.457422,35.510254],[140.354688,35.181445],[139.843945,34.914893],[139.826465,35.29668],[140.096875,35.585156],[139.834766,35.658057],[139.65,35.409131],[139.675,35.149268],[139.249414,35.278027],[138.8375,34.619238],[138.903613,35.025244],[138.719629,35.124072],[138.189063,34.596338],[137.061719,34.582812],[137.275195,34.77251],[136.871289,34.733105],[136.804199,35.050293],[136.533008,34.678369],[136.853711,34.324072],[136.329883,34.176855],[135.916211,33.561719],[135.695312,33.486963],[135.452832,33.553369],[135.12793,34.006982],[135.100098,34.288379],[135.415918,34.61748],[134.740039,34.765234],[133.142383,34.302441],[132.312598,34.324951],[132.146484,33.83877],[131.740527,34.052051],[130.918848,33.975732],[131.004199,34.392578],[131.354395,34.413184],[132.922949,35.511279],[133.98125,35.507227],[135.174316,35.74707],[135.326953,35.525537],[135.903125,35.606885],[136.095313,35.767627],[136.06748,36.116846],[136.698145,36.742041],[136.843457,37.382129],[137.322656,37.52207],[136.899902,37.117676],[137.016699,36.837207],[137.246289,36.753174],[138.319922,37.218408],[138.885059,37.843945],[139.363867,38.099023],[139.801953,38.881592],[140.064746,39.624414],[139.994727,39.855078],[139.741504,39.92085],[140.011133,40.260352],[139.966699,40.672754],[140.28125,40.846094],[140.385938,41.229785],[140.627637,41.19541],[140.748633,40.830322],[141.183203,40.924023],[141.200391,41.243604],[140.800586,41.138818],[140.891504,41.479785],[141.105859,41.455859],[141.229297,41.372656]]],[[[124.293164,24.515918],[124.135742,24.347607],[124.324023,24.566357],[124.293164,24.515918]]],[[[123.888672,24.280127],[123.679785,24.317773],[123.928125,24.323633],[123.888672,24.280127]]],[[[125.444141,24.743164],[125.268945,24.73252],[125.283594,24.871924],[125.401855,24.776855],[125.444141,24.743164]]],[[[128.258789,26.652783],[127.86709,26.44248],[127.653125,26.094727],[127.907227,26.693604],[128.097656,26.667773],[128.254883,26.881885],[128.310938,26.720703],[128.258789,26.652783]]],[[[128.998145,27.720801],[128.907617,27.897998],[129.016406,27.770215],[128.998145,27.720801]]],[[[129.452539,28.208984],[129.164648,28.249756],[129.689551,28.51748],[129.439063,28.254785],[129.452539,28.208984]]],[[[129.324023,28.104932],[129.330566,28.081592],[129.232422,28.101123],[129.19248,28.19248],[129.257422,28.176172],[129.277344,28.144727],[129.324023,28.104932]]],[[[139.841113,33.056055],[139.823828,33.045459],[139.775684,33.078223],[139.768945,33.107178],[139.777441,33.125146],[139.808887,33.129248],[139.873633,33.093506],[139.841113,33.056055]]]]}},{"type":"Feature","properties":{"name":"Jamaica","state":"Jamaica","abbr":"JM","iso":"JAM","kind":"country","scope":"world","isUSA":false,"continent":"North America"},"geometry":{"type":"Polygon","coordinates":[[[-77.261475,18.457422],[-76.349854,18.151855],[-76.210791,17.913525],[-76.853223,17.97373],[-77.20498,17.714941],[-77.768164,17.877393],[-78.339502,18.287207],[-77.873437,18.522217],[-77.354248,18.466455],[-77.261475,18.457422]]]}},{"type":"Feature","properties":{"name":"Italy","state":"Italy","abbr":"IT","iso":"ITA","kind":"country","scope":"world","isUSA":false,"continent":"Europe"},"geometry":{"type":"MultiPolygon","coordinates":[[[[7.021094,45.925781],[7.787891,45.921826],[8.422559,46.446045],[8.458398,46.245898],[9.02373,45.845703],[9.304395,46.495557],[9.528711,46.306201],[9.939258,46.361816],[10.080566,46.227979],[10.087012,46.599902],[10.430664,46.550049],[10.452832,46.864941],[10.993262,46.777002],[11.244434,46.975684],[12.169434,47.082129],[12.388281,46.702637],[13.7,46.520264],[13.378223,46.261621],[13.63252,46.177051],[13.487695,45.987109],[13.874707,45.614844],[13.206348,45.771387],[12.274316,45.446045],[12.225684,45.241504],[12.523438,44.967969],[12.24834,44.72251],[12.396289,44.223877],[13.56416,43.571289],[14.010449,42.689551],[14.540723,42.244287],[15.16875,41.934033],[16.164648,41.896191],[15.900488,41.512061],[17.95498,40.655176],[18.460645,40.221045],[18.393457,39.903613],[18.07793,39.936963],[17.865039,40.280176],[16.928223,40.458057],[16.521875,39.747559],[17.114551,39.380615],[17.174609,38.998096],[16.616699,38.800146],[16.545605,38.409082],[16.056836,37.941846],[15.724512,37.939111],[15.643066,38.175391],[16.209961,38.941113],[15.692773,39.990186],[14.950879,40.239014],[14.765723,40.668408],[14.339941,40.598828],[14.460547,40.728711],[14.044336,40.812256],[13.733398,41.235645],[13.088672,41.243848],[11.637305,42.287549],[11.103223,42.416602],[11.167773,42.535156],[10.514844,42.967529],[10.245801,43.8521],[10.047656,44.019971],[8.76582,44.422314],[8.00498,43.876758],[7.493164,43.767139],[7.637207,44.164844],[6.900195,44.335742],[6.992676,44.827295],[6.634766,45.068164],[7.146387,45.381738],[6.790918,45.740869],[6.94082,45.868359],[7.021094,45.925781]],[[12.43916,41.898389],[12.438379,41.906201],[12.430566,41.905469],[12.427539,41.900732],[12.430566,41.897559],[12.43916,41.898389]],[[12.485254,43.901416],[12.514648,43.952979],[12.503711,43.989746],[12.441113,43.982422],[12.396875,43.93457],[12.426367,43.894092],[12.485254,43.901416]]],[[[10.395117,42.858154],[10.419336,42.713184],[10.109766,42.785059],[10.358984,42.822314],[10.395117,42.858154]]],[[[13.938281,40.705615],[13.893652,40.696973],[13.867676,40.70874],[13.853516,40.724072],[13.871191,40.761816],[13.962109,40.739404],[13.96084,40.718164],[13.938281,40.705615]]],[[[12.05127,36.757031],[11.936426,36.828613],[12.048047,36.776367],[12.05127,36.757031]]],[[[15.576563,38.220312],[15.099512,37.458594],[15.295703,37.055176],[15.112598,36.687842],[14.501855,36.798682],[14.259082,37.046436],[12.640234,37.594336],[12.435547,37.819775],[12.734375,38.183057],[12.902734,38.034863],[13.291113,38.191455],[13.788867,37.981201],[15.634668,38.267578],[15.576563,38.220312]]],[[[9.632031,40.882031],[9.805273,40.499561],[9.642969,40.268408],[9.5625,39.166016],[9.056348,39.23916],[8.966602,38.963721],[8.648535,38.926562],[8.418164,39.205713],[8.547754,39.839209],[8.407813,39.917236],[8.471289,40.292676],[8.189941,40.651611],[8.203809,40.870703],[8.698926,40.895264],[9.228418,41.25708],[9.615332,41.017285],[9.574023,40.914746],[9.632031,40.882031]]],[[[8.478906,39.067529],[8.421484,38.968652],[8.440625,39.090625],[8.478906,39.067529]]],[[[8.286035,41.039844],[8.252734,40.994141],[8.205664,40.997461],[8.224023,41.031299],[8.267383,41.099121],[8.320215,41.121875],[8.34375,41.101611],[8.318945,41.062744],[8.286035,41.039844]]]]}},{"type":"Feature","properties":{"name":"Israel","state":"Israel","abbr":"IL","iso":"ISR","kind":"country","scope":"world","isUSA":false,"continent":"Asia"},"geometry":{"type":"Polygon","coordinates":[[[35.840723,33.415674],[35.887977,32.944379],[35.572852,32.640869],[35.551465,32.395508],[35.193262,32.534424],[34.955957,32.160937],[34.961133,31.82334],[35.203711,31.75],[34.880469,31.368164],[35.450586,31.479297],[34.904297,29.477344],[34.245313,31.208301],[34.525586,31.525635],[35.108594,33.083691],[35.41123,33.075684],[35.7875,33.369775],[35.840723,33.415674]]]}},{"type":"Feature","properties":{"name":"Palestine","state":"Palestine","abbr":"PS","iso":"PSE","kind":"country","scope":"world","isUSA":false,"continent":"Asia"},"geometry":{"type":"MultiPolygon","coordinates":[[[[34.477344,31.584863],[34.245313,31.208301],[34.387305,31.483789],[34.477344,31.584863]]],[[[35.551465,32.395508],[35.450586,31.479297],[34.907813,31.351318],[34.950977,31.602295],[35.203711,31.75],[34.953809,31.84126],[35.065039,32.460449],[35.484375,32.40166],[35.551465,32.395508]]]]}},{"type":"Feature","properties":{"name":"Ireland","state":"Ireland","abbr":"IE","iso":"IRL","kind":"country","scope":"world","isUSA":false,"continent":"Europe"},"geometry":{"type":"MultiPolygon","coordinates":[[[[-9.948193,53.913135],[-10.265723,53.977686],[-9.956152,53.987207],[-9.948193,53.913135]]],[[[-7.218652,55.091992],[-7.550391,54.767969],[-7.910596,54.69834],[-7.754395,54.594922],[-8.144824,54.453516],[-7.606543,54.143848],[-7.324512,54.133447],[-7.007715,54.406689],[-6.649805,54.058643],[-6.175732,54.053516],[-6.347607,53.941309],[-6.027393,52.9271],[-6.463184,52.345361],[-6.325,52.24668],[-6.965771,52.249512],[-8.057812,51.825586],[-8.40918,51.88877],[-8.407812,51.712061],[-9.296484,51.498242],[-9.835352,51.48335],[-9.579834,51.689258],[-10.120752,51.600684],[-9.598828,51.874414],[-10.341064,51.798926],[-9.909668,52.122949],[-10.356689,52.206934],[-9.772119,52.250098],[-9.906055,52.403711],[-9.632227,52.546924],[-8.783447,52.679639],[-9.916602,52.569727],[-9.464893,52.823193],[-9.299219,53.097559],[-8.930127,53.20708],[-10.09126,53.412842],[-10.116992,53.548535],[-9.720654,53.604492],[-9.901611,53.727197],[-9.578223,53.80542],[-9.914062,53.863721],[-9.856445,54.095361],[-10.092676,54.155762],[-10.056396,54.257812],[-8.545557,54.241211],[-8.623145,54.346875],[-8.133447,54.64082],[-8.763916,54.681201],[-8.377295,54.889453],[-8.274609,55.146289],[-7.66709,55.256494],[-7.556641,55.122217],[-7.65874,54.970947],[-7.365967,55.360205],[-6.96167,55.237891],[-7.172852,55.137012],[-7.218652,55.091992]]]]}},{"type":"Feature","properties":{"name":"Iraq","state":"Iraq","abbr":"IQ","iso":"IRQ","kind":"country","scope":"world","isUSA":false,"continent":"Asia"},"geometry":{"type":"Polygon","coordinates":[[[42.358984,37.108594],[42.774609,37.371875],[44.114453,37.301855],[44.281836,36.978027],[44.730957,37.165283],[45.361621,36.015332],[46.273438,35.773242],[45.99502,35.608105],[46.133789,35.127637],[45.500781,34.581592],[45.542773,34.215527],[45.39707,33.97085],[46.019922,33.415723],[46.112793,32.957666],[47.371289,32.42373],[47.82998,31.794434],[47.679492,31.002393],[48.010645,30.989795],[48.014941,30.465625],[48.546484,29.962354],[47.223242,30.041504],[46.531445,29.09624],[44.716504,29.193604],[42.074414,31.080371],[40.369336,31.938965],[39.14541,32.124512],[39.292773,32.243848],[39.041406,32.305664],[38.773535,33.372217],[40.987012,34.429053],[41.194727,34.768994],[41.354102,35.64043],[41.295996,36.38335],[42.359082,37.09502],[42.358984,37.108594]]]}},{"type":"Feature","properties":{"name":"Iran","state":"Iran","abbr":"IR","iso":"IRN","kind":"country","scope":"world","isUSA":false,"continent":"Asia"},"geometry":{"type":"MultiPolygon","coordinates":[[[[56.187988,26.921143],[55.954297,26.701123],[55.29502,26.639209],[55.762598,26.811963],[55.757617,26.947656],[56.279395,26.9521],[56.187988,26.921143]]],[[[53.91416,37.343555],[54.699414,37.470166],[54.900098,37.77793],[55.380859,38.051123],[56.27207,38.08042],[56.440625,38.249414],[57.193555,38.216406],[57.353711,37.97334],[58.261621,37.66582],[59.301758,37.510645],[60.341309,36.637646],[61.169922,36.572266],[61.278516,35.51377],[61.1,35.272314],[61.080078,34.855615],[60.72627,34.518262],[60.889453,34.319434],[60.642676,34.307178],[60.485742,34.094775],[60.485938,33.711914],[60.916992,33.505225],[60.560547,33.137842],[60.829297,32.249414],[60.820703,31.495166],[61.660156,31.382422],[61.81084,30.913281],[60.843359,29.858691],[61.889844,28.546533],[62.758008,28.243555],[62.752734,27.265625],[63.305176,27.124561],[63.157813,26.649756],[62.439258,26.561035],[61.842383,26.225928],[61.587891,25.202344],[61.412207,25.1021],[60.510547,25.437061],[60.400195,25.311572],[59.046094,25.417285],[57.33457,25.791553],[56.982227,26.905469],[56.356152,27.200244],[54.759277,26.505078],[53.705762,26.725586],[52.691602,27.323389],[52.475879,27.616504],[51.589063,27.864209],[51.278906,28.131348],[50.875781,29.062695],[50.675195,29.146582],[50.649609,29.420068],[50.071582,30.198535],[49.554883,30.028955],[49.001953,30.373926],[49.224512,30.472314],[49.001953,30.506543],[48.870117,30.062402],[48.43457,30.037598],[48.014941,30.465625],[48.010645,30.989795],[47.679492,31.002393],[47.82998,31.794434],[47.371289,32.42373],[46.112793,32.957666],[46.019922,33.415723],[45.39707,33.97085],[45.542773,34.215527],[45.500781,34.581592],[46.133789,35.127637],[45.99502,35.608105],[46.273438,35.773242],[45.361621,36.015332],[45.053125,36.471631],[44.794141,37.290381],[44.574023,37.4354],[44.589941,37.710352],[44.211328,37.908057],[44.449902,38.334229],[44.298535,38.386279],[44.023242,39.377441],[44.389355,39.422119],[44.587109,39.768555],[45.479688,39.00625],[46.170117,38.869043],[46.554785,38.904395],[47.995898,39.683936],[48.322168,39.399072],[48.104395,39.241113],[48.29209,39.018848],[47.996484,38.85376],[48.592676,38.411084],[48.86875,38.435498],[49.080957,37.667578],[50.130469,37.407129],[50.927441,36.810205],[51.762012,36.614502],[53.767676,36.930322],[53.91543,36.930322],[53.679492,36.853125],[53.970117,36.818311],[53.951953,37.181738],[53.91416,37.343555]]]]}},{"type":"Feature","properties":{"name":"Indonesia","state":"Indonesia","abbr":"ID","iso":"IDN","kind":"country","scope":"world","isUSA":false,"continent":"Asia"},"geometry":{"type":"MultiPolygon","coordinates":[[[[97.481543,1.465088],[97.931934,0.973926],[97.82041,0.564453],[97.079199,1.425488],[97.355957,1.539746],[97.481543,1.465088]]],[[[99.163867,-1.77793],[98.827734,-1.609961],[98.601758,-1.197852],[98.676074,-0.970508],[98.932617,-0.954004],[99.271484,-1.738477],[99.163867,-1.77793]]],[[[116.64082,-8.613867],[116.586523,-8.886133],[115.857324,-8.787891],[116.076465,-8.744922],[116.061133,-8.437402],[116.304297,-8.237988],[116.734082,-8.386914],[116.64082,-8.613867]]],[[[115.447852,-8.155176],[115.704297,-8.407129],[115.144922,-8.849023],[115.055078,-8.573047],[114.467578,-8.166309],[115.340234,-8.11543],[115.447852,-8.155176]]],[[[106.045703,-1.669434],[106.365918,-2.464844],[106.818457,-2.57334],[106.612012,-2.895508],[106.667188,-3.071777],[105.99873,-2.824902],[105.78584,-2.181348],[105.133398,-2.042578],[105.45957,-1.574707],[105.585449,-1.526758],[105.700879,-1.731055],[105.72041,-1.533887],[106.027344,-1.593164],[106.045703,-1.669434]]],[[[123.179785,-4.551172],[123.195703,-4.822656],[123.055176,-4.748242],[122.97168,-5.138477],[123.187305,-5.333008],[122.64502,-5.663379],[122.85332,-4.618359],[123.068945,-4.433594],[123.179785,-4.551172]]],[[[122.645117,-5.269434],[122.563867,-5.3875],[122.283105,-5.319531],[122.368945,-4.767188],[122.701953,-4.618652],[122.759863,-4.933887],[122.614062,-5.138672],[122.645117,-5.269434]]],[[[108.316016,3.689648],[108.100391,3.704541],[108.243262,3.810352],[108.003516,4.042578],[108.24834,4.217139],[108.393555,3.836182],[108.316016,3.689648]]],[[[108.207227,-2.997656],[108.055273,-3.226855],[107.858203,-3.086328],[107.614453,-3.209375],[107.666309,-2.566309],[108.074414,-2.596973],[108.290625,-2.82998],[108.207227,-2.997656]]],[[[135.383008,-0.651367],[135.893555,-0.725781],[136.375293,-1.094043],[135.915039,-1.178418],[135.74707,-0.823047],[135.387695,-0.704883],[135.383008,-0.651367]]],[[[135.474219,-1.591797],[136.892578,-1.799707],[136.228125,-1.893652],[135.469727,-1.616211],[135.474219,-1.591797]]],[[[130.813281,-0.004102],[131.339746,-0.290332],[131.005371,-0.360742],[130.622168,-0.085938],[130.899219,-0.344434],[130.750195,-0.443848],[130.688672,-0.296582],[130.236621,-0.209668],[130.722363,-0.029834],[130.813281,-0.004102]]],[[[128.453906,2.051758],[128.295898,2.034717],[128.217969,2.297461],[128.602148,2.597607],[128.547559,2.09707],[128.453906,2.051758]]],[[[128.153027,-1.660547],[127.392188,-1.644824],[127.64668,-1.332422],[128.14873,-1.603711],[128.153027,-1.660547]]],[[[126.055078,-2.45127],[125.922754,-1.974805],[126.065723,-2.36582],[126.055078,-2.45127]]],[[[126.024219,-1.789746],[126.331738,-1.822852],[125.387207,-1.843066],[125.720313,-1.81377],[126.024219,-1.789746]]],[[[124.969531,-1.705469],[125.314063,-1.877148],[124.417773,-2.005176],[124.380859,-1.6875],[124.663965,-1.635938],[124.969531,-1.705469]]],[[[131.325586,-7.999512],[131.11377,-7.997363],[131.137793,-7.684863],[131.643457,-7.112793],[131.691113,-7.438867],[131.343457,-7.981445],[131.325586,-7.999512]]],[[[126.800977,-7.667871],[126.47207,-7.950391],[125.798242,-7.98457],[125.975293,-7.663379],[126.726367,-7.662207],[126.800977,-7.667871]]],[[[124.575586,-8.14082],[125.050293,-8.17959],[125.131738,-8.326465],[124.444238,-8.444629],[124.508594,-8.135449],[124.575586,-8.14082]]],[[[131.001855,-1.315527],[130.782324,-1.255469],[130.672949,-0.959766],[131.033008,-0.917578],[131.046191,-1.188184],[131.001855,-1.315527]]],[[[96.492578,5.229346],[97.547168,5.205859],[98.248438,4.414551],[98.307324,4.092871],[99.732324,3.183057],[100.523828,2.18916],[100.887891,1.948242],[100.828223,2.242578],[101.046191,2.257471],[101.47666,1.693066],[102.019922,1.442139],[102.389941,0.841992],[103.031836,0.578906],[103.00752,0.415332],[102.55,0.216455],[103.338965,0.513721],[103.672656,0.288916],[103.786719,0.046973],[103.428516,-0.191797],[103.438574,-0.575586],[103.721094,-0.886719],[104.360547,-1.038379],[104.515918,-1.819434],[104.845215,-2.092969],[104.650781,-2.595215],[104.970801,-2.370898],[105.396973,-2.380176],[106.044336,-3.10625],[105.84375,-3.613672],[105.887207,-5.00957],[105.74834,-5.818262],[105.349414,-5.549512],[105.081348,-5.745508],[104.639551,-5.52041],[104.601562,-5.90459],[101.578613,-3.166992],[100.889551,-2.248535],[100.308203,-0.82666],[99.669824,0.045068],[99.15918,0.351758],[98.595313,1.8646],[97.700781,2.358545],[97.59082,2.846582],[96.968945,3.575146],[96.444727,3.816309],[95.578613,4.661963],[95.206641,5.284033],[95.227832,5.564795],[95.737305,5.579297],[96.250879,5.266992],[96.492578,5.229346]]],[[[122.78291,-8.611719],[121.035254,-8.935449],[119.909375,-8.857617],[119.80791,-8.697656],[119.874805,-8.419824],[120.610254,-8.24043],[121.444531,-8.577832],[121.966504,-8.455176],[122.323242,-8.62832],[122.850488,-8.304395],[122.845703,-8.093262],[123.005957,-8.329102],[122.82002,-8.595703],[122.78291,-8.611719]]],[[[120.0125,-9.374707],[120.555566,-9.719043],[120.804199,-10.108496],[120.255469,-10.242285],[119.601074,-9.773535],[119.085449,-9.706934],[118.958789,-9.519336],[119.973828,-9.321582],[120.0125,-9.374707]]],[[[118.242383,-8.317773],[118.611914,-8.280664],[118.713867,-8.414941],[118.926172,-8.297656],[119.129687,-8.668164],[118.478613,-8.856445],[118.378906,-8.674609],[117.061328,-9.099023],[116.788477,-9.006348],[116.835059,-8.532422],[117.164844,-8.367188],[117.56709,-8.426367],[117.969531,-8.728027],[118.234863,-8.591895],[117.814844,-8.34209],[117.755273,-8.149512],[118.11748,-8.122266],[118.202832,-8.267285],[118.242383,-8.317773]]],[[[124.888867,0.995312],[124.427539,0.470605],[123.753809,0.305518],[122.996875,0.493506],[120.579004,0.52832],[120.192285,0.268506],[120.013281,-0.196191],[120.062891,-0.555566],[120.667383,-1.370117],[121.148535,-1.339453],[121.575586,-0.828516],[121.969629,-0.933301],[123.171484,-0.570703],[123.43418,-0.778223],[123.37793,-1.004102],[122.902832,-0.900977],[122.250684,-1.555273],[121.650977,-1.89541],[121.355469,-1.878223],[122.291699,-2.907617],[122.399023,-3.200879],[122.25293,-3.62041],[122.689648,-4.084473],[122.847949,-4.064551],[122.872266,-4.391992],[122.114258,-4.540234],[122.038086,-4.832422],[121.588672,-4.75957],[121.486523,-4.581055],[121.618066,-4.092676],[120.891797,-3.520605],[121.052148,-2.75166],[120.653613,-2.667578],[120.261035,-2.949316],[120.436621,-3.707324],[120.279297,-5.146094],[120.430371,-5.591016],[119.557422,-5.611035],[119.360352,-5.31416],[119.623633,-4.034375],[119.46748,-3.512988],[118.994629,-3.537598],[118.867676,-3.398047],[118.783301,-2.720801],[119.092188,-2.48291],[119.321875,-1.929688],[119.308984,-1.408203],[119.508203,-0.906738],[119.711328,-0.680762],[119.844336,-0.861914],[119.721875,-0.088477],[120.269531,0.970801],[120.602539,0.854395],[121.081738,1.327637],[121.591797,1.067969],[122.838281,0.845703],[123.930762,0.850439],[125.110938,1.685693],[125.233789,1.502295],[124.966797,1.082617],[124.888867,0.995312]]],[[[107.373926,-6.007617],[107.666797,-6.21582],[108.330176,-6.286035],[108.677832,-6.790527],[110.42627,-6.947266],[110.834766,-6.424219],[111.181543,-6.686719],[111.540332,-6.648242],[112.539258,-6.926465],[112.794531,-7.552441],[113.013574,-7.657715],[114.070703,-7.633008],[114.409277,-7.79248],[114.386914,-8.405176],[114.583789,-8.769629],[113.25332,-8.286719],[112.678809,-8.40918],[111.509961,-8.305078],[109.281641,-7.704883],[107.91748,-7.724121],[106.455273,-7.368652],[106.519727,-7.053711],[106.198242,-6.927832],[105.255469,-6.835254],[105.786914,-6.456934],[106.075,-5.91416],[106.825195,-6.098242],[107.046289,-5.904199],[107.331836,-5.978125],[107.373926,-6.007617]]],[[[109.628906,2.027539],[109.654004,1.614893],[110.505762,0.861963],[111.101367,1.050537],[111.808984,1.01167],[112.476172,1.559082],[112.942969,1.566992],[113.622266,1.235937],[113.902344,1.434277],[114.5125,1.452002],[114.830566,1.980029],[114.786426,2.250488],[115.179102,2.523193],[115.117578,2.894873],[115.454395,3.034326],[115.678809,4.193018],[115.860742,4.348047],[117.100586,4.337061],[117.574414,4.170605],[117.465332,4.076074],[117.777246,3.689258],[117.055957,3.622656],[117.346289,3.426611],[117.352441,3.19375],[117.610645,3.064355],[117.569141,2.929297],[118.066602,2.317822],[117.789258,2.026855],[118.984961,0.982129],[118.534766,0.813525],[117.911621,1.098682],[117.964258,0.889551],[117.522168,0.235889],[117.5625,-0.770898],[116.913965,-1.223633],[116.739844,-1.044238],[116.753418,-1.327344],[116.275488,-1.784863],[116.451953,-1.923145],[116.313965,-2.139844],[116.56543,-2.299707],[116.529297,-2.510547],[116.316797,-2.551855],[116.330664,-2.902148],[116.166309,-2.93457],[116.257227,-3.126367],[115.956152,-3.59502],[114.693555,-4.169727],[114.525586,-3.37666],[114.344336,-3.444434],[114.344336,-3.235156],[113.705078,-3.455273],[113.610059,-3.195703],[113.343164,-3.246484],[113.033984,-2.933496],[112.758008,-3.322168],[112.284961,-3.320996],[111.858105,-3.551855],[111.694727,-2.889453],[110.930078,-3.071094],[110.899316,-2.908594],[110.256055,-2.966113],[109.959863,-1.862793],[109.983301,-1.274805],[109.787402,-1.011328],[109.258789,-0.807422],[109.372754,-0.638184],[109.121094,-0.390918],[109.25752,0.031152],[108.944531,0.355664],[108.958594,1.134619],[109.378516,1.922705],[109.628906,2.027539]]],[[[127.732715,0.848145],[127.881055,0.832129],[128.222461,1.400635],[128.688379,1.572559],[128.702637,1.106396],[128.260645,0.733789],[128.899609,0.21626],[127.983105,0.471875],[127.887402,0.29834],[127.977832,-0.24834],[128.425488,-0.892676],[128.046387,-0.706055],[127.691602,-0.241895],[127.608008,0.848242],[127.428516,1.13999],[127.631738,1.843701],[128.036426,2.199023],[127.886816,1.832959],[128.011719,1.331738],[127.677441,0.886572],[127.732715,0.848145]]],[[[129.754688,-2.86582],[130.569922,-3.130859],[130.859961,-3.570312],[130.805078,-3.857715],[129.844141,-3.327148],[129.511719,-3.328516],[129.467676,-3.453223],[128.8625,-3.234961],[128.516602,-3.449121],[128.132031,-3.157422],[127.902344,-3.496289],[127.87793,-3.22207],[128.198535,-2.865918],[129.116309,-2.937012],[129.600488,-2.806152],[129.754688,-2.86582]]],[[[126.861133,-3.087891],[127.227344,-3.391016],[127.22959,-3.633008],[126.686328,-3.823633],[126.056543,-3.420996],[126.088281,-3.105469],[126.808301,-3.069141],[126.861133,-3.087891]]],[[[124.922266,-8.94248],[125.149023,-9.042578],[124.960156,-9.21377],[125.068164,-9.511914],[124.963086,-9.665625],[124.427539,-10.148633],[123.644141,-10.310938],[123.709375,-9.614844],[124.036328,-9.341602],[124.319336,-9.41377],[124.889746,-8.968457],[124.922266,-8.94248]]],[[[134.746973,-5.707031],[134.71416,-6.295117],[134.441113,-6.334863],[134.154883,-6.062891],[134.343066,-5.833008],[134.205371,-5.707227],[134.506445,-5.438477],[134.700781,-5.603027],[134.746973,-5.707031]]],[[[134.536816,-6.442285],[134.2,-6.908789],[134.05918,-6.769336],[134.194629,-6.459766],[134.114648,-6.19082],[134.415039,-6.386719],[134.536816,-6.442285]]],[[[138.535352,-8.273633],[138.296289,-8.405176],[137.650391,-8.386133],[138.081836,-7.566211],[138.769824,-7.39043],[138.989063,-7.696094],[138.611719,-8.19834],[138.535352,-8.273633]]],[[[140.973438,-2.609766],[140.975,-6.346094],[140.862305,-6.740039],[140.975195,-6.905371],[140.976172,-9.11875],[140.00293,-8.195508],[140.116992,-7.92373],[139.934766,-8.101172],[139.385645,-8.189063],[139.248828,-7.982422],[138.890625,-8.237793],[139.087988,-7.587207],[138.747949,-7.251465],[139.176855,-7.19043],[138.601367,-6.936523],[138.864551,-6.858398],[138.438672,-6.343359],[138.374609,-5.843652],[138.199609,-5.807031],[138.339648,-5.675684],[138.087109,-5.70918],[138.06084,-5.465234],[137.279785,-4.94541],[135.979688,-4.530859],[135.195605,-4.450684],[134.679688,-4.079102],[134.886523,-3.938477],[133.973828,-3.817969],[133.67832,-3.479492],[133.841504,-3.054785],[133.518164,-3.411914],[133.400879,-3.899023],[133.24873,-4.062305],[132.914453,-4.056934],[132.751367,-3.294629],[131.971191,-2.788574],[132.230664,-2.680371],[132.725,-2.789062],[133.191016,-2.437793],[133.700098,-2.624609],[133.921582,-2.102051],[132.307617,-2.242285],[132.023438,-1.990332],[131.930371,-1.559668],[130.995898,-1.424707],[131.257227,-0.855469],[132.39375,-0.355469],[133.472656,-0.726172],[133.974512,-0.744336],[134.25957,-1.362988],[134.105859,-1.720996],[134.194824,-2.309082],[134.459961,-2.832324],[134.483301,-2.583008],[134.627441,-2.536719],[134.886816,-3.209863],[135.251563,-3.368555],[135.486621,-3.345117],[135.85918,-2.995313],[136.389941,-2.27334],[137.07207,-2.105078],[137.123438,-1.840918],[137.80625,-1.483203],[139.789551,-2.348242],[140.622559,-2.445801],[140.747461,-2.607129],[140.973438,-2.609766]]],[[[138.895117,-8.388672],[138.563379,-8.309082],[138.796191,-8.173633],[138.897656,-8.3375],[138.895117,-8.388672]]],[[[101.708105,2.078418],[101.719434,1.78916],[101.500781,1.733203],[101.409668,2.02168],[101.640723,2.126709],[101.708105,2.078418]]],[[[102.427148,0.990137],[102.27959,1.075684],[102.256348,1.39707],[102.428906,1.067285],[102.427148,0.990137]]],[[[102.491895,1.45918],[102.499414,1.330908],[102.018359,1.585645],[102.469531,1.510059],[102.491895,1.45918]]],[[[103.027539,0.746631],[102.453906,0.889502],[102.549219,1.130225],[103.002441,0.859277],[103.027539,0.746631]]],[[[103.166406,0.870166],[102.701855,1.053711],[102.725586,1.158838],[103.067578,1.014746],[103.166406,0.870166]]],[[[103.284473,0.541943],[103.139551,0.549072],[103.187402,0.699756],[103.295117,0.613965],[103.284473,0.541943]]],[[[103.450195,0.664453],[103.386133,0.86958],[103.497461,0.722705],[103.450195,0.664453]]],[[[104.024805,1.180566],[104.139844,1.165576],[104.066113,0.989551],[103.999805,1.137256],[104.024805,1.180566]]],[[[104.585352,1.216113],[104.575195,0.831934],[104.439258,1.050439],[104.251953,1.014893],[104.500098,1.180225],[104.585352,1.216113]]],[[[104.778613,-0.175977],[105.005371,-0.282813],[104.44707,-0.18916],[104.542676,0.017725],[104.713477,-0.103027],[104.778613,-0.175977]]],[[[104.474219,-0.334668],[104.590137,-0.466602],[104.363184,-0.658594],[104.257129,-0.463281],[104.363574,-0.402832],[104.474219,-0.334668]]],[[[103.736523,-0.347949],[103.461328,-0.357617],[103.548926,-0.227539],[103.764258,-0.317773],[103.736523,-0.347949]]],[[[109.710254,-1.180664],[109.463672,-1.277539],[109.475977,-0.985352],[109.750781,-1.14502],[109.710254,-1.180664]]],[[[113.844531,-7.105371],[113.126953,-7.224121],[112.725879,-7.072754],[113.067383,-6.87998],[114.073633,-6.960156],[113.885352,-7.049023],[113.844531,-7.105371]]],[[[134.965332,-1.116016],[134.82793,-0.978809],[134.996289,-1.034082],[134.965332,-1.116016]]],[[[127.249902,-0.495313],[127.119141,-0.520508],[127.126465,-0.278613],[127.280566,-0.391016],[127.249902,-0.495313]]],[[[127.566992,-0.318945],[127.60498,-0.610156],[127.880176,-0.808691],[127.761133,-0.883691],[127.462695,-0.805957],[127.3,-0.500293],[127.325098,-0.33584],[127.527344,-0.306641],[127.566992,-0.318945]]],[[[132.92627,-5.902051],[132.84502,-5.987988],[133.138477,-5.317871],[132.971094,-5.73584],[132.92627,-5.902051]]],[[[132.807129,-5.850781],[132.681445,-5.912598],[132.630176,-5.607031],[132.804297,-5.788867],[132.807129,-5.850781]]],[[[128.275586,-3.674609],[127.925,-3.699316],[128.329102,-3.515918],[128.277441,-3.633203],[128.275586,-3.674609]]],[[[126.816602,4.033496],[126.704492,4.070996],[126.757324,4.5479],[126.847656,4.17998],[126.816602,4.033496]]],[[[125.658105,3.436035],[125.511523,3.461133],[125.468848,3.733252],[125.643555,3.476514],[125.658105,3.436035]]],[[[130.862207,-8.31875],[131.020117,-8.091309],[131.176367,-8.130762],[130.908105,-8.245703],[130.862207,-8.31875]]],[[[129.838867,-7.95459],[129.713477,-8.040723],[129.59873,-7.831348],[129.843555,-7.889355],[129.838867,-7.95459]]],[[[127.823438,-8.098828],[128.119238,-8.170703],[127.78623,-8.120313],[127.823438,-8.098828]]],[[[130.35332,-1.690527],[130.418848,-1.971289],[130.248047,-2.047754],[129.737695,-1.866895],[130.317969,-1.691992],[130.35332,-1.690527]]],[[[102.367188,-5.478711],[102.110742,-5.322559],[102.405469,-5.404785],[102.367188,-5.478711]]],[[[100.425098,-3.18291],[100.465137,-3.328516],[100.198535,-2.785547],[100.433887,-3.141309],[100.425098,-3.18291]]],[[[100.204102,-2.741016],[100.014941,-2.819727],[99.987891,-2.525391],[100.201953,-2.679688],[100.204102,-2.741016]]],[[[99.843066,-2.343066],[99.607031,-2.25752],[99.572168,-2.025781],[99.815723,-2.284375],[99.843066,-2.343066]]],[[[98.459277,-0.530469],[98.309668,-0.531836],[98.427148,-0.226465],[98.322949,-0.000781],[98.520117,-0.379688],[98.459277,-0.530469]]],[[[96.463672,2.36001],[95.717188,2.825977],[95.895801,2.889062],[96.459375,2.41582],[96.463672,2.36001]]],[[[122.042969,-5.437988],[121.808496,-5.256152],[121.913672,-5.072266],[122.061816,-5.221289],[122.042969,-5.437988]]],[[[123.212305,-1.171289],[123.237793,-1.389355],[123.434766,-1.236816],[123.511914,-1.447363],[123.274902,-1.437207],[123.172949,-1.616016],[123.150391,-1.304492],[122.89043,-1.587207],[122.832227,-1.283008],[123.158301,-1.15752],[123.212305,-1.171289]]],[[[121.864355,-0.406836],[121.655273,-0.526172],[121.797363,-0.417676],[121.864355,-0.406836]]],[[[120.52832,-6.298438],[120.487305,-6.464844],[120.477344,-5.775293],[120.549219,-5.969238],[120.52832,-6.298438]]],[[[115.377051,-6.970801],[115.240527,-6.86123],[115.546094,-6.938672],[115.424121,-6.940625],[115.377051,-6.970801]]],[[[116.30332,-3.868164],[116.058789,-4.006934],[116.063574,-3.45791],[116.269727,-3.251074],[116.289258,-3.820898],[116.30332,-3.868164]]],[[[122.948926,-10.909277],[122.845703,-10.761816],[123.371094,-10.474902],[123.418164,-10.65127],[123.005273,-10.876367],[122.948926,-10.909277]]],[[[124.286621,-8.329492],[124.14668,-8.531445],[123.927734,-8.448926],[124.304492,-8.228809],[124.286621,-8.329492]]],[[[123.924805,-8.272461],[123.553027,-8.566797],[123.230078,-8.530664],[123.391211,-8.280469],[123.896094,-8.239258],[123.924805,-8.272461]]],[[[123.31748,-8.354785],[123.025,-8.395508],[123.336035,-8.269043],[123.31748,-8.354785]]],[[[134.716113,-6.549414],[134.66084,-6.558887],[134.633691,-6.477246],[134.679102,-6.456055],[134.728516,-6.505859],[134.716113,-6.549414]]],[[[103.423926,1.04834],[103.429688,0.993359],[103.363281,1.006836],[103.31543,1.071289],[103.35498,1.117236],[103.37998,1.133643],[103.404883,1.072559],[103.423926,1.04834]]],[[[103.828613,0.801025],[103.833984,0.772217],[103.742383,0.82998],[103.740039,0.871826],[103.751953,0.891357],[103.806641,0.846338],[103.828613,0.801025]]],[[[104.239355,0.833984],[104.101074,0.91748],[104.227051,0.879883],[104.239355,0.833984]]],[[[104.689258,0.059521],[104.499219,0.23208],[104.659863,0.103076],[104.689258,0.059521]]],[[[106.285254,3.157129],[106.283691,3.088232],[106.214551,3.128564],[106.200977,3.204883],[106.22373,3.22959],[106.271191,3.216309],[106.285254,3.157129]]],[[[105.760352,2.863037],[105.692187,3.0625],[105.809375,2.903955],[105.760352,2.863037]]],[[[108.8875,2.90542],[108.786523,2.885645],[108.885742,2.998975],[108.8875,2.90542]]],[[[108.953125,-1.619629],[108.803711,-1.567773],[108.956836,-1.564063],[108.953125,-1.619629]]],[[[107.47334,-2.899512],[107.432813,-2.925293],[107.409277,-2.900586],[107.402441,-2.872949],[107.419336,-2.838086],[107.474414,-2.834668],[107.499707,-2.84502],[107.47334,-2.899512]]],[[[106.886426,-3.005273],[106.742871,-2.932813],[106.910645,-2.933984],[106.886426,-3.005273]]],[[[114.412598,-7.133496],[114.397656,-7.173145],[114.346875,-7.163281],[114.298828,-7.097559],[114.322168,-7.080371],[114.348926,-7.073438],[114.383594,-7.080664],[114.412598,-7.133496]]],[[[112.719434,-5.811035],[112.586035,-5.803613],[112.727344,-5.752734],[112.719434,-5.811035]]],[[[105.252832,-6.64043],[105.121387,-6.614941],[105.277441,-6.561426],[105.252832,-6.64043]]],[[[97.33418,2.075635],[97.108301,2.216895],[97.328711,2.148535],[97.33418,2.075635]]],[[[95.362109,5.812402],[95.217676,5.889502],[95.366016,5.842676],[95.362109,5.812402]]],[[[123.597559,-1.704297],[123.486621,-1.534863],[123.616406,-1.627441],[123.597559,-1.704297]]],[[[123.242383,-4.112988],[123.076172,-4.227148],[122.969043,-4.02998],[123.246973,-4.040918],[123.242383,-4.112988]]],[[[123.848242,-1.955469],[123.866016,-1.995703],[123.803516,-1.994336],[123.777246,-1.918652],[123.783496,-1.87832],[123.848242,-1.955469]]],[[[123.152539,-1.816504],[123.078809,-1.898926],[123.1375,-1.772656],[123.152539,-1.816504]]],[[[119.464063,-8.741016],[119.446484,-8.429199],[119.557227,-8.518848],[119.444043,-8.671777],[119.464063,-8.741016]]],[[[119.073828,-8.238867],[119.02998,-8.240039],[119.020898,-8.199902],[119.036621,-8.157813],[119.078711,-8.140234],[119.097754,-8.13916],[119.12832,-8.177148],[119.134863,-8.19707],[119.106738,-8.223438],[119.073828,-8.238867]]],[[[115.609961,-8.769824],[115.480469,-8.71543],[115.613281,-8.713184],[115.609961,-8.769824]]],[[[117.649023,4.168994],[117.884766,4.186133],[117.922852,4.054297],[117.625098,4.121484],[117.649023,4.168994]]],[[[117.658398,3.280518],[117.5375,3.386377],[117.680859,3.40752],[117.658398,3.280518]]],[[[124.05127,-5.97373],[124.04209,-6.021582],[124.005664,-5.966699],[123.972266,-5.939355],[123.975781,-5.880176],[124.022949,-5.902148],[124.05127,-5.97373]]],[[[123.626758,-5.271582],[123.582617,-5.367383],[123.560645,-5.249805],[123.626758,-5.271582]]],[[[120.774414,-7.118945],[120.633398,-7.018262],[120.781738,-7.063086],[120.774414,-7.118945]]],[[[117.556348,-8.367285],[117.490527,-8.183398],[117.669238,-8.189258],[117.556348,-8.367285]]],[[[116.424121,-3.464453],[116.387793,-3.636719],[116.426953,-3.399902],[116.424121,-3.464453]]],[[[127.372656,0.791309],[127.338379,0.758447],[127.306055,0.769434],[127.286426,0.811914],[127.292773,0.84248],[127.319824,0.862012],[127.353809,0.847461],[127.372656,0.791309]]],[[[134.374219,-2.123535],[134.345215,-2.13877],[134.335059,-2.095215],[134.350781,-2.036914],[134.369531,-2.027637],[134.391016,-2.030762],[134.419043,-2.051758],[134.374219,-2.123535]]],[[[133.570801,-4.245898],[133.320898,-4.111035],[133.464355,-4.199805],[133.570801,-4.245898]]],[[[130.905273,-0.777441],[130.402441,-0.923926],[130.807031,-0.765039],[130.905273,-0.777441]]],[[[130.62666,-0.528711],[130.46543,-0.486523],[130.684277,-0.469141],[130.62666,-0.528711]]],[[[129.548926,-0.187012],[129.308789,0.04541],[129.541992,-0.139258],[129.548926,-0.187012]]],[[[127.453418,-0.005859],[127.448633,-0.036621],[127.417871,0.006348],[127.396777,0.016602],[127.419531,0.124414],[127.431348,0.142578],[127.449414,0.068994],[127.453418,-0.005859]]],[[[127.419727,0.64209],[127.383984,0.631006],[127.373633,0.634863],[127.362891,0.675146],[127.382617,0.743555],[127.424805,0.744385],[127.442578,0.733447],[127.445898,0.683301],[127.419727,0.64209]]],[[[127.300391,-0.780957],[127.156445,-0.760938],[127.209082,-0.619336],[127.30127,-0.758398],[127.300391,-0.780957]]],[[[128.722461,-3.546875],[128.585156,-3.512207],[128.693555,-3.524512],[128.722461,-3.546875]]],[[[128.562598,-3.585449],[128.391602,-3.637891],[128.536328,-3.541309],[128.562598,-3.585449]]],[[[126.719336,3.874658],[126.6375,4.041943],[126.739648,3.917725],[126.719336,3.874658]]],[[[126.851855,3.768457],[126.835547,3.756934],[126.799609,3.783887],[126.777539,3.813428],[126.778906,3.843164],[126.804492,3.85791],[126.857031,3.812402],[126.857813,3.787207],[126.851855,3.768457]]],[[[125.407422,2.651611],[125.397266,2.629541],[125.360059,2.746826],[125.39082,2.805371],[125.435254,2.783887],[125.446484,2.762988],[125.403906,2.707031],[125.407422,2.651611]]],[[[131.982031,-7.202051],[131.750781,-7.116797],[131.922266,-7.104492],[131.982031,-7.202051]]],[[[128.670117,-7.183301],[128.529785,-7.13457],[128.666895,-7.137988],[128.670117,-7.183301]]],[[[127.419434,-7.623047],[127.370703,-7.512793],[127.463965,-7.596875],[127.419434,-7.623047]]],[[[123.416211,-10.302637],[123.458789,-10.139941],[123.405078,-10.227148],[123.416211,-10.302637]]],[[[121.883008,-10.590332],[121.704688,-10.555664],[121.866992,-10.438867],[121.981348,-10.528418],[121.883008,-10.590332]]],[[[134.819531,-6.43418],[134.795117,-6.442383],[134.795313,-6.393066],[134.822949,-6.349609],[134.851855,-6.324609],[134.88584,-6.323535],[134.819531,-6.43418]]],[[[134.674414,-6.749805],[134.657422,-6.765332],[134.631445,-6.73291],[134.629102,-6.712793],[134.663477,-6.657715],[134.697656,-6.625684],[134.735742,-6.62334],[134.726074,-6.668652],[134.674414,-6.749805]]],[[[127.987891,-2.936523],[127.834277,-3.004395],[127.938379,-2.952344],[127.987891,-2.936523]]],[[[127.60625,-3.315137],[127.629297,-3.35918],[127.531055,-3.331348],[127.487695,-3.288184],[127.530469,-3.261523],[127.554492,-3.254297],[127.60625,-3.315137]]],[[[122.977344,-8.545215],[123.153125,-8.475781],[123.030078,-8.494824],[122.977344,-8.545215]]]]}},{"type":"Feature","properties":{"name":"India","state":"India","abbr":"IN","iso":"IND","kind":"country","scope":"world","isUSA":false,"continent":"Asia"},"geometry":{"type":"MultiPolygon","coordinates":[[[[68.165039,23.857324],[68.724121,23.964697],[68.781152,24.313721],[69.805176,24.165234],[70.489258,24.412158],[70.716309,24.237988],[71.044043,24.400098],[70.648438,25.666943],[70.264648,25.706543],[70.100195,25.910059],[70.147656,26.506445],[69.506934,26.742676],[69.537012,27.122949],[70.403711,28.025049],[70.797949,27.709619],[71.870313,27.9625],[72.341895,28.751904],[72.90332,29.02876],[73.381641,29.934375],[73.80918,30.093359],[73.899316,30.435352],[74.632812,31.034668],[74.555566,31.818555],[75.324707,32.215283],[75.233691,32.372119],[74.685742,32.493799],[74.663281,32.757666],[74.35459,32.768701],[74.303613,32.991797],[74.003809,33.189453],[74.15,33.506982],[73.976465,33.721289],[74.250879,33.946094],[73.904102,34.075684],[73.972363,34.236621],[73.794531,34.378223],[73.96123,34.653467],[74.300391,34.765381],[75.70918,34.503076],[76.594434,34.73584],[77.799414,35.495898],[78.042676,35.479785],[78.326953,34.606396],[78.970117,34.302637],[78.72666,34.013379],[78.801855,33.499707],[79.135156,33.171924],[79.219336,32.501074],[78.918945,32.358203],[78.700879,32.597021],[78.389648,32.519873],[78.735449,31.957959],[78.743555,31.323779],[79.107129,31.402637],[79.493164,30.993701],[80.149414,30.789844],[80.191211,30.568408],[81.010254,30.164502],[80.401855,29.730273],[80.070703,28.830176],[81.852637,27.86709],[82.677344,27.673437],[82.733398,27.518994],[83.289746,27.370996],[84.091016,27.491357],[84.610156,27.298682],[84.685352,27.041016],[85.240234,26.750342],[85.568457,26.839844],[85.794531,26.60415],[87.995117,26.382373],[88.161523,26.724805],[87.984375,27.133936],[88.141113,27.948926],[88.57793,28.093359],[88.803711,28.006934],[88.749023,27.521875],[88.891406,27.316064],[88.73877,27.175586],[89.148242,26.816162],[89.763867,26.701563],[90.345898,26.890332],[90.739648,26.77168],[91.99834,26.85498],[92.083398,27.290625],[91.594727,27.557666],[91.631934,27.759961],[92.54668,27.879199],[93.251953,28.629492],[93.760742,28.729785],[94.623047,29.312402],[95.389258,29.037402],[96.035352,29.447168],[96.355859,29.249072],[96.122363,29.08208],[96.137109,28.922607],[96.435742,29.050684],[96.580859,28.763672],[96.281445,28.412061],[96.602637,28.459912],[97.322461,28.217969],[97.335156,27.937744],[96.876855,27.586719],[97.102051,27.11543],[96.731641,27.331494],[96.19082,27.261279],[95.128711,26.597266],[95.132422,26.04126],[94.579883,25.319824],[94.707617,25.04873],[94.127637,23.876465],[93.32627,24.064209],[93.366016,23.13252],[93.16416,23.032031],[93.151172,22.230615],[92.909473,21.988916],[92.720996,22.132422],[92.574902,21.978076],[92.246094,23.683594],[91.92959,23.685986],[91.619531,22.979688],[91.43623,23.199902],[91.315234,23.104395],[91.165527,23.581055],[91.36709,24.093506],[91.876953,24.195312],[92.101953,24.408057],[92.22832,24.881348],[92.468359,24.944141],[92.049707,25.169482],[90.439355,25.157715],[89.833301,25.292773],[89.822949,25.941406],[89.670898,26.213818],[89.549902,26.005273],[89.369727,26.006104],[89.018652,26.410254],[88.828027,26.252197],[88.369922,26.564111],[88.44043,26.369482],[88.08457,25.888232],[88.95166,25.259277],[88.45625,25.188428],[88.023438,24.627832],[88.723535,24.274902],[88.567383,23.674414],[88.724414,23.25498],[88.928125,23.186621],[89.05166,21.654102],[88.85752,21.744678],[88.74502,21.584375],[88.641602,22.121973],[88.584668,21.659717],[88.2875,21.758203],[88.12207,21.635791],[88.196289,22.139551],[87.941406,22.374316],[88.159277,22.121729],[87.948437,21.825439],[87.100684,21.500781],[86.85957,21.236719],[86.975488,20.700146],[86.750391,20.313232],[86.376563,20.006738],[86.245215,20.053027],[86.216211,19.895801],[85.575,19.69292],[85.504102,19.887695],[85.248633,19.757666],[85.180762,19.594873],[85.441602,19.626562],[84.770996,19.125391],[84.104102,18.292676],[82.35957,17.096191],[82.258789,16.559863],[81.761914,16.329492],[81.286133,16.337061],[80.978711,15.75835],[80.646582,15.89502],[80.293457,15.710742],[80.053418,15.074023],[80.306543,13.485059],[80.15625,13.71377],[80.062109,13.60625],[80.342383,13.361328],[79.693164,11.312549],[79.848633,11.196875],[79.838184,10.322559],[79.314551,10.256689],[78.939941,9.565771],[79.019922,9.33335],[79.411426,9.192383],[78.97959,9.268555],[78.421484,9.105029],[78.19248,8.890869],[78.060156,8.38457],[77.517578,8.07832],[77.065918,8.315918],[76.553418,8.902783],[76.324609,9.4521],[76.242383,9.9271],[76.458789,9.53623],[76.346484,9.922119],[75.723828,11.361768],[74.945508,12.564551],[74.382227,14.494727],[73.949219,15.074756],[73.832813,15.659375],[73.679883,15.708887],[73.337598,16.459863],[72.875488,18.642822],[73.005566,19.021094],[72.97207,19.15332],[72.834668,18.975586],[72.803027,19.079297],[72.811621,19.298926],[72.987207,19.277441],[72.787891,19.362988],[72.667773,19.830957],[72.89375,20.672754],[72.623828,21.371973],[72.734766,21.470801],[72.613281,21.461816],[73.1125,21.750439],[72.543066,21.696582],[72.700195,21.971924],[72.522266,21.976221],[72.553027,22.159961],[72.80918,22.233301],[72.182813,22.269727],[72.274414,22.089746],[72.037207,21.823047],[72.254004,21.531006],[72.015234,21.155713],[70.719336,20.74043],[70.127344,21.094678],[68.969922,22.290283],[69.05166,22.437305],[69.276563,22.285498],[70.177246,22.572754],[70.489258,23.089502],[69.664648,22.759082],[69.235937,22.848535],[68.640723,23.189941],[68.41748,23.571484],[68.776758,23.8521],[68.343359,23.616846],[68.191992,23.728906],[68.165039,23.857324]]],[[[93.890039,6.831055],[93.828809,6.748682],[93.658008,7.016064],[93.68418,7.183594],[93.858984,7.206836],[93.92959,6.973486],[93.890039,6.831055]]],[[[93.733594,7.356494],[93.638477,7.261865],[93.69248,7.410596],[93.733594,7.356494]]],[[[93.140723,8.249512],[93.170605,8.212061],[93.115234,8.218506],[93.064258,8.274951],[93.077539,8.327881],[93.096973,8.349365],[93.140723,8.249512]]],[[[93.442578,7.877832],[93.334473,8.006934],[93.447363,7.899121],[93.442578,7.877832]]],[[[93.536914,8.056641],[93.490039,8.019434],[93.478223,8.024463],[93.471777,8.052686],[93.469727,8.072656],[93.46123,8.108594],[93.456445,8.171875],[93.494043,8.224658],[93.531641,8.21377],[93.511621,8.159766],[93.536914,8.056641]]],[[[92.7875,9.13667],[92.743555,9.130957],[92.716602,9.165088],[92.713281,9.204883],[92.738574,9.230664],[92.762109,9.243896],[92.785742,9.240527],[92.809277,9.173389],[92.7875,9.13667]]],[[[92.502832,10.554883],[92.369531,10.547412],[92.370703,10.793506],[92.510352,10.897461],[92.574316,10.704248],[92.502832,10.554883]]],[[[92.693164,11.381152],[92.640234,11.509131],[92.687207,11.41123],[92.693164,11.381152]]],[[[92.722754,11.536084],[92.533887,11.873389],[92.788281,12.225781],[92.857324,13.358105],[93.062305,13.545459],[92.764648,11.63916],[92.722754,11.536084]]],[[[93.017383,12.036816],[93.062109,11.899414],[92.995801,12.031787],[93.017383,12.036816]]],[[[92.717578,12.864893],[92.685742,12.799951],[92.679688,12.939258],[92.694434,12.956787],[92.710645,12.961572],[92.730859,12.948535],[92.717578,12.864893]]],[[[72.780371,11.20249],[72.773047,11.196094],[72.772461,11.214258],[72.781836,11.243311],[72.792676,11.262744],[72.795898,11.260449],[72.792871,11.241553],[72.787891,11.215918],[72.780371,11.20249]]],[[[73.067383,8.269092],[73.05332,8.256689],[73.038867,8.251953],[73.028516,8.253516],[73.023438,8.265918],[73.026074,8.275293],[73.038965,8.264844],[73.055859,8.274561],[73.075195,8.306348],[73.079492,8.316504],[73.083594,8.311035],[73.079785,8.293066],[73.067383,8.269092]]]]}},{"type":"Feature","properties":{"name":"Iceland","state":"Iceland","abbr":"IS","iso":"ISL","kind":"country","scope":"world","isUSA":false,"continent":"Europe"},"geometry":{"type":"Polygon","coordinates":[[[-15.543115,66.228516],[-14.59585,66.381543],[-15.116406,66.102441],[-14.698193,66.020215],[-14.8271,65.764258],[-14.391846,65.787402],[-14.318164,65.684473],[-14.473389,65.575342],[-13.617871,65.519336],[-13.804785,65.354785],[-13.569678,65.068115],[-14.044434,64.741895],[-14.385107,64.745215],[-14.628223,64.415967],[-18.653613,63.406689],[-20.198145,63.555811],[-20.494043,63.687354],[-20.413965,63.805176],[-20.650928,63.737402],[-21.105957,63.939844],[-22.652197,63.827734],[-22.701172,64.083203],[-22.187598,64.039209],[-21.46333,64.37915],[-22.053369,64.313916],[-21.950342,64.51499],[-21.590625,64.626367],[-22.106006,64.533057],[-22.467041,64.794971],[-23.818994,64.73916],[-24.026172,64.863428],[-21.892139,65.048779],[-21.763721,65.17373],[-22.509082,65.196777],[-21.844385,65.447363],[-22.90249,65.580469],[-23.899902,65.407568],[-24.475684,65.525195],[-23.856738,65.538379],[-24.092627,65.776465],[-23.285352,65.75],[-23.832617,65.849219],[-23.524951,65.880029],[-23.777344,66.017578],[-23.434473,66.024219],[-23.598535,66.108838],[-23.452539,66.181006],[-22.441699,65.908301],[-22.445312,66.07002],[-22.9479,66.212744],[-22.484424,66.266309],[-23.116943,66.338721],[-22.889209,66.440625],[-22.426123,66.430127],[-21.406885,66.025586],[-21.51665,65.967578],[-21.308789,65.895313],[-21.374902,65.741895],[-21.658447,65.723584],[-21.129687,65.266602],[-20.804346,65.636426],[-20.454834,65.571045],[-20.356592,66.033252],[-20.20752,66.100098],[-19.489697,65.768066],[-19.382959,66.075684],[-18.845898,66.183936],[-18.141943,65.734082],[-18.297168,66.157422],[-17.550439,65.964404],[-17.153027,66.202832],[-16.48501,66.195947],[-16.540674,66.446729],[-16.249316,66.5229],[-15.647363,66.258789],[-15.543115,66.228516]]]}},{"type":"Feature","properties":{"name":"Hungary","state":"Hungary","abbr":"HU","iso":"HUN","kind":"country","scope":"world","isUSA":false,"continent":"Europe"},"geometry":{"type":"Polygon","coordinates":[[[22.131836,48.405322],[22.87666,47.947266],[21.999707,47.505029],[21.039844,46.242236],[19.613477,46.169189],[18.437305,45.767334],[17.963867,45.770264],[17.310645,45.996143],[16.516211,46.499902],[16.283594,46.857275],[16.093066,46.863281],[16.453418,47.006787],[16.442871,47.399512],[16.676563,47.536035],[16.421289,47.674463],[17.066602,47.707568],[17.147363,48.005957],[17.761914,47.770166],[18.724219,47.787158],[18.791895,48.000293],[19.625391,48.223096],[19.950391,48.146631],[20.490039,48.526904],[21.451367,48.552246],[21.721484,48.346582],[22.111328,48.393359],[22.131836,48.405322]]]}},{"type":"Feature","properties":{"name":"Honduras","state":"Honduras","abbr":"HN","iso":"HND","kind":"country","scope":"world","isUSA":false,"continent":"North America"},"geometry":{"type":"MultiPolygon","coordinates":[[[[-83.15752,14.993066],[-84.453564,14.643701],[-84.985156,14.752441],[-85.179492,14.343311],[-85.733936,13.858691],[-86.040381,14.050146],[-86.331738,13.770068],[-86.758984,13.746143],[-86.710693,13.313379],[-87.05918,12.991455],[-87.337256,12.979248],[-87.489111,13.35293],[-87.814209,13.39917],[-87.802246,13.88999],[-88.151025,13.987354],[-88.482666,13.854248],[-89.362598,14.416016],[-89.171777,14.606885],[-89.142578,15.072314],[-88.22832,15.729004],[-87.701855,15.910645],[-86.907227,15.762354],[-86.356641,15.783203],[-85.985645,16.02417],[-85.483691,15.899512],[-84.97373,15.989893],[-84.261426,15.822607],[-83.765283,15.405469],[-83.972803,15.519629],[-84.095068,15.400928],[-83.497949,15.222119],[-83.646387,15.368408],[-83.225586,15.042285],[-83.15752,14.993066]]],[[[-86.419922,16.378369],[-86.63042,16.301758],[-86.255518,16.428223],[-86.419922,16.378369]]],[[[-85.870947,16.461523],[-85.947217,16.403613],[-85.960986,16.429688],[-85.924219,16.483301],[-85.878223,16.513965],[-85.833789,16.510889],[-85.844434,16.487744],[-85.870947,16.461523]]]]}},{"type":"Feature","properties":{"name":"Haiti","state":"Haiti","abbr":"HT","iso":"HTI","kind":"country","scope":"world","isUSA":false,"continent":"North America"},"geometry":{"type":"MultiPolygon","coordinates":[[[[-71.779248,19.718164],[-71.645312,19.163525],[-71.807129,18.987012],[-71.743213,18.73291],[-72.000391,18.5979],[-71.761914,18.341309],[-71.768311,18.03916],[-72.059863,18.228564],[-73.385156,18.251172],[-73.884961,18.041895],[-74.459961,18.393066],[-74.227734,18.662695],[-72.789355,18.434814],[-72.376074,18.574463],[-72.811084,19.071582],[-72.703223,19.441064],[-73.396338,19.658691],[-73.315332,19.85459],[-72.876514,19.928076],[-71.834717,19.696729],[-71.779248,19.718164]]],[[[-72.80459,18.777686],[-73.276416,18.954053],[-72.919238,18.861475],[-72.80459,18.777686]]],[[[-72.664062,20.0375],[-72.960352,20.062256],[-72.791016,20.091895],[-72.664062,20.0375]]]]}},{"type":"Feature","properties":{"name":"Guyana","state":"Guyana","abbr":"GY","iso":"GUY","kind":"country","scope":"world","isUSA":false,"continent":"South America"},"geometry":{"type":"Polygon","coordinates":[[[-60.742139,5.202051],[-61.39082,5.93877],[-61.128711,6.214307],[-61.145605,6.694531],[-60.3521,7.002881],[-60.345068,7.15],[-60.633301,7.211084],[-60.718652,7.535937],[-59.849072,8.248682],[-60.017529,8.549316],[-59.200244,8.074609],[-58.511084,7.398047],[-58.672949,6.390771],[-58.298437,6.879297],[-57.227539,6.178418],[-57.194775,5.548437],[-57.318555,5.335352],[-57.209814,5.19541],[-57.331006,5.020166],[-57.881104,4.880615],[-58.054297,4.10166],[-57.646729,3.394531],[-57.303662,3.3771],[-57.197363,2.853271],[-56.704346,2.036475],[-56.482812,1.942139],[-57.31748,1.963477],[-58.034668,1.520264],[-58.340674,1.587549],[-58.511865,1.284668],[-58.821777,1.201221],[-59.231201,1.376025],[-59.666602,1.746289],[-59.994336,2.68999],[-59.854395,3.5875],[-59.551123,3.933545],[-59.703271,4.381104],[-60.148633,4.533252],[-59.990674,5.082861],[-60.142041,5.238818],[-60.651367,5.221143],[-60.742139,5.202051]]]}},{"type":"Feature","properties":{"name":"Guinea-Bissau","state":"Guinea-Bissau","abbr":"GW","iso":"GNB","kind":"country","scope":"world","isUSA":false,"continent":"Africa"},"geometry":{"type":"MultiPolygon","coordinates":[[[[-16.711816,12.354834],[-15.574805,12.490381],[-15.196094,12.679932],[-13.729248,12.673926],[-13.673535,12.478516],[-13.730078,12.280811],[-13.947314,12.215234],[-13.737988,12.009668],[-13.732764,11.736035],[-14.682959,11.508496],[-15.043018,10.940137],[-15.05459,11.141943],[-15.222119,11.030908],[-15.479492,11.410303],[-15.072656,11.597803],[-15.501904,11.723779],[-15.078271,11.968994],[-15.819385,11.763477],[-15.958789,11.959619],[-16.274316,11.978125],[-16.24458,12.237109],[-16.436816,12.20415],[-16.711816,12.354834]]],[[[-16.114502,11.059424],[-16.236426,11.113428],[-16.067334,11.197217],[-16.072217,11.084082],[-16.114502,11.059424]]],[[[-15.895898,11.082471],[-15.905176,11.054736],[-15.963965,11.058984],[-15.950635,11.087109],[-15.963477,11.095312],[-15.946484,11.179736],[-15.937695,11.192773],[-15.909131,11.161328],[-15.905273,11.14834],[-15.895898,11.082471]]],[[[-15.725146,11.215479],[-15.725146,11.174512],[-15.76748,11.182275],[-15.779785,11.194531],[-15.754687,11.268701],[-15.71748,11.301758],[-15.671924,11.296484],[-15.65835,11.286475],[-15.667187,11.257861],[-15.687109,11.234326],[-15.725146,11.215479]]],[[[-15.553418,11.537012],[-15.562793,11.51377],[-15.619629,11.533496],[-15.536572,11.617627],[-15.482471,11.632324],[-15.484424,11.567529],[-15.526221,11.553857],[-15.553418,11.537012]]],[[[-15.901807,11.46582],[-16.023193,11.477148],[-15.915332,11.589111],[-15.901807,11.46582]]],[[[-15.986426,11.882031],[-16.102441,11.773193],[-16.152441,11.876807],[-16.021875,11.88667],[-15.986426,11.882031]]]]}},{"type":"Feature","properties":{"name":"Guinea","state":"Guinea","abbr":"GN","iso":"GIN","kind":"country","scope":"world","isUSA":false,"continent":"Africa"},"geometry":{"type":"Polygon","coordinates":[[[-10.283203,8.485156],[-10.712109,8.335254],[-10.500537,8.687549],[-10.747021,9.095264],[-10.690527,9.314258],[-11.205664,9.977734],[-12.427979,9.898145],[-13.028027,9.103564],[-13.292676,9.049219],[-13.436279,9.420312],[-13.691357,9.535791],[-13.689795,9.927783],[-14.426904,10.24834],[-14.775928,10.931641],[-15.051221,10.83457],[-14.682959,11.508496],[-13.732764,11.736035],[-13.737988,12.009668],[-13.948877,12.178174],[-13.70791,12.312695],[-13.729248,12.673926],[-13.08291,12.633545],[-13.061279,12.48999],[-12.399072,12.340088],[-11.389404,12.404395],[-11.502197,12.198633],[-11.305176,12.01543],[-10.933203,12.205176],[-10.709229,11.89873],[-10.274854,12.212646],[-9.754004,12.029932],[-9.358105,12.25542],[-9.395361,12.464648],[-9.043066,12.402344],[-8.822021,11.673242],[-8.398535,11.366553],[-8.666699,11.009473],[-8.337402,10.990625],[-8.26665,10.485986],[-7.985693,10.278418],[-8.155176,9.973193],[-8.136963,9.495703],[-7.896191,9.415869],[-7.777979,9.080859],[-7.950977,8.786816],[-7.71958,8.643018],[-7.681201,8.410352],[-8.209961,8.483252],[-8.256104,8.253711],[-8.009863,8.078516],[-8.205957,7.590234],[-8.659766,7.688379],[-8.889648,7.262695],[-9.117578,7.215918],[-9.463818,7.415869],[-9.369141,7.703809],[-9.518262,8.346094],[-9.781982,8.537695],[-10.233057,8.488818],[-10.283203,8.485156]]]}},{"type":"Feature","properties":{"name":"Guatemala","state":"Guatemala","abbr":"GT","iso":"GTM","kind":"country","scope":"world","isUSA":false,"continent":"North America"},"geometry":{"type":"Polygon","coordinates":[[[-92.235156,14.54541],[-92.074805,15.074219],[-92.204248,15.275],[-91.736572,16.070166],[-90.447168,16.072705],[-90.416992,16.391016],[-91.409619,17.255859],[-90.992969,17.252441],[-90.98916,17.816406],[-89.161475,17.814844],[-89.2375,15.894434],[-88.603369,15.76416],[-88.593945,15.950293],[-88.22832,15.729004],[-89.142578,15.072314],[-89.171777,14.606885],[-89.573633,14.390088],[-89.547168,14.24126],[-90.095215,13.736523],[-91.377344,13.990186],[-91.819092,14.228223],[-92.235156,14.54541]]]}},{"type":"Feature","properties":{"name":"Grenada","state":"Grenada","abbr":"GD","iso":"GRD","kind":"country","scope":"world","isUSA":false,"continent":"North America"},"geometry":{"type":"Polygon","coordinates":[[[-61.715527,12.012646],[-61.660449,12.237012],[-61.627148,12.053955],[-61.715527,12.012646]]]}},{"type":"Feature","properties":{"name":"Greece","state":"Greece","abbr":"GR","iso":"GRC","kind":"country","scope":"world","isUSA":false,"continent":"Europe"},"geometry":{"type":"MultiPolygon","coordinates":[[[[27.860156,36.553906],[27.838281,36.537988],[27.788086,36.583691],[27.785742,36.60752],[27.836816,36.634863],[27.8625,36.641162],[27.869824,36.62251],[27.869043,36.582666],[27.860156,36.553906]]],[[[20.612305,38.38335],[20.761328,38.070557],[20.352539,38.179883],[20.563184,38.474951],[20.612305,38.38335]]],[[[20.888477,37.805371],[20.993945,37.708008],[20.818555,37.664746],[20.619531,37.855029],[20.839844,37.840723],[20.888477,37.805371]]],[[[20.686719,38.608691],[20.554688,38.582568],[20.694141,38.844238],[20.714844,38.63833],[20.686719,38.608691]]],[[[20.758691,38.329443],[20.623633,38.480322],[20.73916,38.365771],[20.758691,38.329443]]],[[[20.07793,39.432715],[19.646484,39.76709],[19.926074,39.77373],[19.84668,39.668115],[20.027734,39.44209],[20.07793,39.432715]]],[[[23.41543,38.958643],[24.127539,38.648486],[24.275781,38.22002],[24.578516,38.020166],[24.359473,38.018555],[24.040137,38.38999],[23.650781,38.443066],[23.252148,38.801221],[22.870313,38.870508],[23.312695,39.034912],[23.41543,38.958643]]],[[[23.779785,39.114404],[23.735156,39.080566],[23.666113,39.095361],[23.593945,39.208594],[23.779785,39.114404]]],[[[23.887988,39.158301],[23.841211,39.146582],[23.888086,39.226367],[23.970898,39.267725],[23.939746,39.200537],[23.887988,39.158301]]],[[[24.674707,38.809229],[24.541016,38.788672],[24.485645,38.980273],[24.58125,38.878857],[24.674707,38.809229]]],[[[24.774219,40.615186],[24.516699,40.687207],[24.719141,40.786279],[24.768652,40.658887],[24.774219,40.615186]]],[[[23.550977,37.925879],[23.419336,37.93125],[23.534863,37.970215],[23.550977,37.925879]]],[[[23.053809,36.189795],[22.939453,36.176221],[22.932617,36.36875],[23.09707,36.246582],[23.053809,36.189795]]],[[[27.176074,35.465283],[27.070703,35.597754],[27.223145,35.820459],[27.233594,35.478564],[27.176074,35.465283]]],[[[27.019727,36.959033],[26.888672,37.087256],[27.03457,36.975977],[27.019727,36.959033]]],[[[26.949609,36.7271],[27.352148,36.868896],[27.033594,36.770752],[26.949609,36.7271]]],[[[25.545898,36.967578],[25.361914,37.07041],[25.525293,37.196387],[25.584277,37.039307],[25.545898,36.967578]]],[[[25.278906,37.068408],[25.105469,37.034961],[25.271484,37.08418],[25.278906,37.068408]]],[[[25.482422,36.392627],[25.370508,36.358936],[25.467383,36.435059],[25.482422,36.392627]]],[[[25.381738,36.674023],[25.259961,36.758447],[25.406934,36.717334],[25.381738,36.674023]]],[[[26.824414,37.811426],[27.055078,37.709277],[26.581055,37.72373],[26.743359,37.809766],[26.824414,37.811426]]],[[[26.029297,37.529395],[26.351367,37.674316],[26.204883,37.568506],[26.029297,37.529395]]],[[[25.859375,36.79043],[25.743164,36.789746],[25.984668,36.879687],[25.859375,36.79043]]],[[[26.460645,36.5854],[26.27002,36.546924],[26.421289,36.624219],[26.460645,36.5854]]],[[[24.355957,37.576855],[24.288965,37.528271],[24.277441,37.601123],[24.32041,37.677734],[24.379102,37.682715],[24.400781,37.649023],[24.355957,37.576855]]],[[[24.435742,37.344434],[24.378906,37.314111],[24.397754,37.383447],[24.369727,37.419629],[24.394824,37.450391],[24.43125,37.475195],[24.448535,37.449561],[24.481445,37.408008],[24.435742,37.344434]]],[[[24.535742,36.76377],[24.325977,36.655615],[24.460352,36.747461],[24.535742,36.76377]]],[[[24.942871,37.493506],[24.911523,37.390576],[24.906543,37.508887],[24.942871,37.493506]]],[[[24.991699,37.759619],[24.700195,37.96167],[24.980469,37.796924],[24.991699,37.759619]]],[[[25.255859,37.599609],[24.996484,37.676904],[25.225391,37.630664],[25.255859,37.599609]]],[[[24.720898,36.921436],[24.681445,37.021631],[24.763184,36.949219],[24.720898,36.921436]]],[[[26.094043,38.218066],[25.891895,38.243311],[25.991406,38.353516],[25.846094,38.574023],[26.160352,38.540723],[26.103125,38.23418],[26.094043,38.218066]]],[[[26.410156,39.329443],[26.547168,38.994141],[26.16084,39.025879],[26.273145,39.197559],[26.072363,39.095605],[25.844141,39.200049],[26.347754,39.383008],[26.410156,39.329443]]],[[[25.685742,40.426562],[25.448047,40.482812],[25.664258,40.463867],[25.685742,40.426562]]],[[[25.437695,39.983301],[25.357031,39.808105],[25.062207,39.852393],[25.058008,39.999658],[25.449121,40.034814],[25.437695,39.983301]]],[[[25.402734,37.419141],[25.312695,37.489307],[25.457422,37.44707],[25.402734,37.419141]]],[[[24.523535,37.125098],[24.486523,37.110059],[24.424805,37.131982],[24.441211,37.186865],[24.483789,37.210205],[24.529102,37.192334],[24.535938,37.167676],[24.523535,37.125098]]],[[[27.842773,35.929297],[27.716309,36.171582],[28.231836,36.433643],[27.965527,36.04751],[27.842773,35.929297]]],[[[23.852246,35.535449],[24.166016,35.595215],[24.108984,35.495801],[24.354004,35.359473],[25.730176,35.348584],[25.791309,35.122852],[26.320215,35.315137],[26.165625,35.018604],[24.799805,34.934473],[24.463672,35.160352],[23.592773,35.257227],[23.569824,35.534766],[23.736914,35.655518],[23.793359,35.556201],[23.852246,35.535449]]],[[[26.320898,41.716553],[26.581348,41.60127],[26.624902,41.401758],[26.330664,41.23877],[26.354102,40.99707],[26.10918,40.749658],[25.104492,40.994727],[23.762793,40.747803],[23.866797,40.418555],[24.343359,40.147705],[23.72793,40.329736],[23.94707,39.965576],[23.42627,40.263965],[23.674121,39.958887],[23.395605,39.989844],[23.312012,40.216455],[22.896484,40.399902],[22.922266,40.590869],[22.629492,40.495557],[22.592188,40.036914],[23.327734,39.174902],[23.154688,39.101465],[23.161719,39.257764],[22.921387,39.306348],[23.066699,39.037939],[22.569141,38.86748],[23.966992,38.275],[24.055371,37.709619],[23.501758,38.034863],[23.036328,37.878369],[23.489258,37.440186],[23.161523,37.333838],[22.725391,37.542139],[23.160156,36.448096],[22.717188,36.793945],[22.427734,36.475781],[22.080469,37.028955],[21.892383,36.737305],[21.738086,36.863232],[21.58291,37.080957],[21.678906,37.387207],[21.124707,37.891602],[21.403711,38.19668],[21.95332,38.321191],[22.920313,37.958301],[23.183496,38.133691],[22.42168,38.438525],[21.472559,38.321387],[21.331055,38.487305],[21.182617,38.345557],[20.768555,38.874414],[21.111621,38.896289],[21.118359,39.02998],[20.779688,39.008545],[20.300781,39.3271],[20.00127,39.709424],[20.248242,39.678369],[20.382422,39.802637],[20.311133,39.979443],[20.657422,40.117383],[21.030859,40.622461],[20.964258,40.849902],[21.575781,40.868945],[21.993359,41.130957],[22.493555,41.118506],[22.783887,41.331982],[24.056055,41.527246],[24.518262,41.552539],[25.251172,41.243555],[25.92334,41.311914],[26.135352,41.385742],[26.066016,41.673242],[26.200586,41.743799],[26.320898,41.716553]]]]}},{"type":"Feature","properties":{"name":"Ghana","state":"Ghana","abbr":"GH","iso":"GHA","kind":"country","scope":"world","isUSA":false,"continent":"Africa"},"geometry":{"type":"Polygon","coordinates":[[[-0.068604,11.115625],[-0.086328,10.673047],[0.380859,10.291846],[0.233398,9.463525],[0.525684,9.398486],[0.372559,8.759277],[0.686328,8.354883],[0.525586,6.850928],[0.736914,6.452588],[1.187207,6.089404],[0.949707,5.810254],[0.259668,5.757324],[-2.001855,4.762451],[-3.114014,5.088672],[-2.815674,5.153027],[-2.75498,5.43252],[-2.998291,5.711328],[-3.235791,6.807227],[-2.789746,7.931934],[-2.505859,8.20874],[-2.746924,9.045117],[-2.766504,10.238184],[-2.914893,10.592334],[-2.829932,10.998389],[-0.627148,10.927393],[-0.299463,11.166895],[-0.068604,11.115625]]]}},{"type":"Feature","properties":{"name":"Germany","state":"Germany","abbr":"DE","iso":"DEU","kind":"country","scope":"world","isUSA":false,"continent":"Europe"},"geometry":{"type":"MultiPolygon","coordinates":[[[[9.524023,47.524219],[8.572656,47.775635],[8.430078,47.592139],[7.56543,47.606543],[7.616602,48.156787],[8.134863,48.973584],[6.735449,49.160596],[6.344336,49.452734],[6.487305,49.798486],[6.108301,50.094238],[6.340918,50.451758],[5.85752,51.030127],[6.12998,51.147412],[6.198828,51.45],[5.94873,51.802686],[6.741797,51.910889],[6.724512,52.080225],[7.019629,52.266016],[7.001855,52.418994],[6.691602,52.530176],[7.013184,52.633545],[7.179492,52.966211],[7.197266,53.282275],[7.05332,53.37583],[7.206445,53.654541],[8.009277,53.690723],[8.108496,53.467676],[8.333887,53.606201],[8.495215,53.394238],[8.618945,53.875],[9.205566,53.855957],[9.783984,53.554639],[8.978125,53.926221],[8.906641,54.260791],[8.644922,54.294971],[8.957227,54.53833],[8.670313,54.903418],[9.61582,54.85542],[10.022168,54.673926],[9.868652,54.472461],[11.013379,54.37915],[11.008594,54.181152],[10.810742,54.075146],[10.917773,53.995312],[11.399609,53.944629],[12.575391,54.467383],[13.724219,54.153223],[13.865527,53.853369],[14.258887,53.729639],[14.410938,53.199023],[14.128613,52.878223],[14.619434,52.528516],[14.55459,52.359668],[14.752539,52.081836],[14.60166,51.832373],[14.724707,51.523877],[14.935547,51.435352],[14.963867,51.095117],[14.766504,50.818311],[14.319727,51.037793],[14.369043,50.89873],[12.942676,50.406445],[12.549023,50.393408],[12.277344,50.181445],[12.089746,50.268555],[12.512012,49.895801],[12.390527,49.739648],[12.632031,49.46123],[13.769922,48.815967],[13.785352,48.587451],[13.486621,48.581836],[13.374609,48.361377],[12.760352,48.106982],[13.054102,47.655127],[13.014355,47.478076],[12.209277,47.718262],[11.041992,47.393115],[10.439453,47.551562],[10.183008,47.278809],[9.971582,47.505322],[9.548926,47.534033],[9.524023,47.524219]]],[[[13.70918,54.382715],[13.364355,54.24585],[13.156348,54.396924],[13.336816,54.697119],[13.657617,54.55957],[13.601855,54.425146],[13.70918,54.382715]]],[[[14.211426,53.950342],[13.925781,53.879053],[13.827734,54.127246],[14.038867,54.03457],[14.211426,53.950342]]],[[[11.282813,54.417969],[11.011719,54.466162],[11.280273,54.438379],[11.282813,54.417969]]],[[[8.307715,54.786963],[8.405176,55.05874],[8.379883,54.899854],[8.62959,54.891748],[8.347363,54.847607],[8.307715,54.786963]]],[[[8.587891,54.712695],[8.400391,54.714111],[8.573438,54.74873],[8.587891,54.712695]]]]}},{"type":"Feature","properties":{"name":"Georgia","state":"Georgia","abbr":"GE","iso":"GEO","kind":"country","scope":"world","isUSA":false,"continent":"Asia"},"geometry":{"type":"Polygon","coordinates":[[[43.439453,41.107129],[42.754102,41.578906],[42.466406,41.439844],[41.510059,41.51748],[41.762988,41.97002],[41.48877,42.659326],[39.97832,43.419824],[40.150195,43.569775],[40.648047,43.533887],[41.580566,43.219238],[42.760645,43.16958],[43.782617,42.747021],[43.825977,42.571533],[44.505859,42.748633],[44.771094,42.616797],[44.870996,42.756396],[45.655566,42.517676],[45.638574,42.205078],[46.429883,41.890967],[46.190527,41.624854],[46.672559,41.286816],[46.45791,41.070215],[45.280957,41.449561],[44.841406,41.211377],[43.491992,41.115527],[43.439453,41.107129]]]}},{"type":"Feature","properties":{"name":"The Gambia","state":"The Gambia","abbr":"GM","iso":"GMB","kind":"country","scope":"world","isUSA":false,"continent":"Africa"},"geometry":{"type":"Polygon","coordinates":[[[-16.562305,13.587305],[-15.509668,13.58623],[-15.10835,13.812109],[-13.826709,13.407812],[-14.246777,13.23584],[-15.151123,13.556494],[-15.28623,13.395996],[-15.814404,13.325146],[-15.834277,13.156445],[-16.76333,13.06416],[-16.824805,13.341064],[-16.669336,13.475],[-16.413379,13.269727],[-15.42749,13.468359],[-16.351807,13.343359],[-16.530078,13.457959],[-16.562305,13.587305]]]}},{"type":"Feature","properties":{"name":"Gabon","state":"Gabon","abbr":"GA","iso":"GAB","kind":"country","scope":"world","isUSA":false,"continent":"Africa"},"geometry":{"type":"Polygon","coordinates":[[[13.293555,2.161572],[13.216309,1.248437],[14.180859,1.370215],[14.429883,0.901465],[14.324219,0.624219],[13.949609,0.353809],[13.860059,-0.20332],[14.474121,-0.573438],[14.383984,-1.890039],[13.993848,-2.490625],[13.733789,-2.138477],[13.464941,-2.39541],[12.991992,-2.313379],[12.59043,-1.826855],[12.432129,-1.928906],[12.446387,-2.32998],[11.605469,-2.342578],[11.537793,-2.836719],[11.93418,-3.318555],[11.879883,-3.665918],[11.504297,-3.520313],[11.130176,-3.916309],[9.72207,-2.467578],[10.062012,-2.549902],[9.624609,-2.36709],[9.298926,-1.903027],[9.483203,-1.894629],[9.265625,-1.825098],[9.036328,-1.308887],[9.318848,-1.632031],[9.501074,-1.555176],[9.295801,-1.515234],[9.34668,-1.325],[9.064648,-1.29834],[8.703125,-0.591016],[8.946387,-0.68877],[9.29668,-0.35127],[9.354883,0.343604],[9.796777,0.044238],[10.001465,0.194971],[9.546484,0.295947],[9.324805,0.5521],[9.617969,0.576514],[9.59082,1.031982],[11.335352,0.999707],[11.348438,2.299707],[13.269922,2.224219],[13.293555,2.161572]]]}},{"type":"Feature","properties":{"name":"France","state":"France","abbr":"FR","iso":"FRA","kind":"country","scope":"world","isUSA":false,"continent":"Europe"},"geometry":{"type":"MultiPolygon","coordinates":[[[[9.480371,42.80542],[9.550684,42.129736],[9.186133,41.384912],[8.80752,41.588379],[8.886816,41.700684],[8.621875,41.930713],[8.565625,42.357715],[8.814844,42.60791],[9.313379,42.713184],[9.363184,43.017383],[9.478613,42.860498],[9.480371,42.80542]]],[[[7.615625,47.592725],[6.968359,47.453223],[7.000586,47.32251],[6.45625,46.94834],[5.97002,46.214697],[6.199414,46.193066],[6.428906,46.430518],[6.776074,46.406641],[6.77207,46.165137],[7.021094,45.925781],[6.790918,45.740869],[7.153418,45.400928],[6.634766,45.068164],[6.992676,44.827295],[6.900195,44.335742],[7.637207,44.164844],[7.493164,43.767139],[6.115918,43.072363],[5.059766,43.444531],[4.712109,43.373291],[3.91084,43.563086],[3.051758,42.915137],[3.211426,42.431152],[2.032715,42.353516],[1.709863,42.604443],[0.764453,42.838037],[0.631641,42.6896],[-0.041162,42.689111],[-1.46084,43.051758],[-1.410693,43.240088],[-1.794043,43.407324],[-1.484863,43.56377],[-1.245508,44.559863],[-1.076953,44.689844],[-1.245215,44.666699],[-1.081006,45.532422],[-0.548486,45.000586],[-0.790771,45.468018],[-1.195996,45.714453],[-1.031738,45.741064],[-1.146289,46.311377],[-1.786523,46.514844],[-2.059375,46.810303],[-2.018896,47.037646],[-2.19707,47.162939],[-1.742529,47.215967],[-2.503125,47.312061],[-2.427686,47.470898],[-2.787207,47.625537],[-4.312109,47.8229],[-4.678809,48.039502],[-4.329443,48.169971],[-4.577148,48.290039],[-4.241406,48.303662],[-4.7625,48.450244],[-4.531201,48.619971],[-3.231445,48.84082],[-2.692334,48.536816],[-1.376465,48.652588],[-1.565479,48.805518],[-1.583105,49.202393],[-1.856445,49.683789],[-1.258643,49.680176],[-1.138525,49.387891],[-0.163477,49.296777],[0.416895,49.448389],[0.129395,49.508447],[0.186719,49.703027],[1.245508,49.998242],[1.592773,50.252197],[1.672266,50.88501],[2.524902,51.097119],[2.759375,50.750635],[3.106836,50.779443],[3.689355,50.306055],[4.174609,50.246484],[4.176074,49.960254],[4.54502,49.960254],[4.818652,50.153174],[4.867578,49.788135],[5.507324,49.510889],[6.242188,49.494336],[6.735449,49.160596],[8.134863,48.973584],[7.616602,48.156787],[7.56543,47.606543],[7.615625,47.592725]]],[[[-1.17832,45.904053],[-1.388672,46.050391],[-1.285059,46.002686],[-1.17832,45.904053]]],[[[45.180273,-12.976758],[45.092383,-12.653027],[45.179395,-12.920215],[45.180273,-12.976758]]],[[[55.797363,-21.339355],[55.362695,-21.273633],[55.25,-21.002441],[55.661914,-20.90625],[55.822461,-21.277832],[55.797363,-21.339355]]],[[[-60.82627,14.494482],[-61.063721,14.46709],[-61.21333,14.848584],[-60.869971,14.613721],[-60.82627,14.494482]]],[[[-61.327148,16.23042],[-61.522168,16.228027],[-61.471191,16.506641],[-61.172607,16.256104],[-61.327148,16.23042]]],[[[-61.589551,16.006934],[-61.759424,16.062061],[-61.748047,16.355273],[-61.552344,16.270898],[-61.563867,16.047754],[-61.589551,16.006934]]],[[[-61.230469,15.889941],[-61.318408,15.954883],[-61.203418,15.92124],[-61.230469,15.889941]]],[[[-54.61626,2.326758],[-54.195508,2.817871],[-53.990479,3.589551],[-54.350732,4.054102],[-54.47334,4.914697],[-53.919922,5.768994],[-52.899316,5.425049],[-52.290527,4.942187],[-52.324609,4.770898],[-52.219971,4.862793],[-52.058105,4.717383],[-52.00293,4.352295],[-51.827539,4.635693],[-51.652539,4.061279],[-52.327881,3.181738],[-52.700635,2.363672],[-53.009717,2.181738],[-53.767773,2.354834],[-54.130078,2.121045],[-54.591943,2.31377],[-54.61626,2.326758]]]]}},{"type":"Feature","properties":{"name":"Saint Pierre and Miquelon","state":"Saint Pierre and Miquelon","abbr":"PM","iso":"SPM","kind":"country","scope":"world","isUSA":false,"continent":"North America"},"geometry":{"type":"MultiPolygon","coordinates":[[[[-56.150732,46.762402],[-56.17168,46.752832],[-56.243262,46.767187],[-56.20918,46.798242],[-56.185059,46.807275],[-56.152637,46.811084],[-56.137354,46.801562],[-56.139258,46.778662],[-56.150732,46.762402]]],[[[-56.26709,46.838477],[-56.384766,46.819434],[-56.364648,47.098975],[-56.255469,46.860986],[-56.26709,46.838477]]]]}},{"type":"Feature","properties":{"name":"Wallis and Futuna","state":"Wallis and Futuna","abbr":"WF","iso":"WLF","kind":"country","scope":"world","isUSA":false,"continent":"Oceania"},"geometry":{"type":"MultiPolygon","coordinates":[[[[-176.160596,-13.332813],[-176.176904,-13.340918],[-176.195361,-13.30166],[-176.171191,-13.242578],[-176.147949,-13.22168],[-176.128076,-13.268164],[-176.160596,-13.332813]]],[[[-178.04668,-14.318359],[-178.194385,-14.255469],[-178.043652,-14.303223],[-178.04668,-14.318359]]]]}},{"type":"Feature","properties":{"name":"Saint Martin","state":"Saint Martin","abbr":"MF","iso":"MAF","kind":"country","scope":"world","isUSA":false,"continent":"North America"},"geometry":{"type":"Polygon","coordinates":[[[-63.011182,18.068945],[-63.123047,18.068945],[-63.009424,18.104297],[-63.011182,18.068945]]]}},{"type":"Feature","properties":{"name":"Saint Barthélemy","state":"Saint Barthélemy","abbr":"BL","iso":"BLM","kind":"country","scope":"world","isUSA":false,"continent":"North America"},"geometry":{"type":"Polygon","coordinates":[[[-62.831934,17.876465],[-62.846924,17.875195],[-62.858936,17.883643],[-62.869385,17.898584],[-62.875439,17.913574],[-62.874219,17.922266],[-62.86543,17.918262],[-62.799707,17.908691],[-62.807031,17.897656],[-62.818164,17.885449],[-62.831934,17.876465]]]}},{"type":"Feature","properties":{"name":"French Polynesia","state":"French Polynesia","abbr":"PF","iso":"PYF","kind":"country","scope":"world","isUSA":false,"continent":"Oceania"},"geometry":{"type":"MultiPolygon","coordinates":[[[[-151.466602,-16.65752],[-151.484912,-16.665137],[-151.50415,-16.646973],[-151.512402,-16.619043],[-151.505762,-16.574023],[-151.457422,-16.603711],[-151.438086,-16.623438],[-151.466602,-16.65752]]],[[[-149.813672,-17.54502],[-149.902148,-17.469531],[-149.782422,-17.487793],[-149.813672,-17.54502]]],[[[-151.409814,-16.877734],[-151.466748,-16.739648],[-151.364502,-16.864258],[-151.409814,-16.877734]]],[[[-149.321533,-17.690039],[-149.181787,-17.862305],[-149.578906,-17.734961],[-149.63501,-17.564258],[-149.330078,-17.588965],[-149.321533,-17.690039]]],[[[-139.024316,-9.695215],[-138.827344,-9.741602],[-139.166455,-9.770215],[-139.024316,-9.695215]]],[[[-139.059717,-9.931348],[-139.133984,-10.00957],[-139.083154,-9.91543],[-139.059717,-9.931348]]],[[[-138.651123,-10.515332],[-138.687744,-10.532422],[-138.690381,-10.425586],[-138.64292,-10.445898],[-138.624463,-10.462988],[-138.632373,-10.492188],[-138.651123,-10.515332]]],[[[-140.072607,-8.910449],[-140.240039,-8.797559],[-140.046143,-8.873633],[-140.072607,-8.910449]]],[[[-140.075635,-9.425977],[-140.097363,-9.444141],[-140.138037,-9.384375],[-140.144385,-9.359375],[-140.070947,-9.328125],[-140.031104,-9.344727],[-140.075635,-9.425977]]],[[[-140.809375,-17.856641],[-140.638232,-17.678027],[-140.829248,-17.849219],[-140.809375,-17.856641]]],[[[-139.556201,-8.940234],[-139.620996,-8.947949],[-139.631787,-8.898535],[-139.611768,-8.872363],[-139.583984,-8.860059],[-139.53457,-8.875391],[-139.50835,-8.89707],[-139.509912,-8.915625],[-139.556201,-8.940234]]],[[[-140.685352,-18.379883],[-140.671875,-18.416113],[-140.696045,-18.399121],[-140.773242,-18.36377],[-140.781738,-18.33418],[-140.685352,-18.379883]]],[[[-140.829883,-18.189355],[-140.973535,-18.05918],[-140.893262,-18.120508],[-140.829883,-18.189355]]],[[[-136.293896,-18.544336],[-136.478516,-18.470801],[-136.327637,-18.519336],[-136.293896,-18.544336]]],[[[-136.971729,-18.341992],[-136.971338,-18.360938],[-137.067578,-18.265332],[-137.029639,-18.272852],[-136.971729,-18.341992]]],[[[-138.505859,-20.857227],[-138.534863,-20.875879],[-138.524023,-20.850586],[-138.546387,-20.795117],[-138.568359,-20.787109],[-138.546387,-20.771191],[-138.514941,-20.813379],[-138.505859,-20.857227]]],[[[-142.511816,-16.096289],[-142.52959,-16.107129],[-142.506836,-16.027734],[-142.481201,-16.017773],[-142.511816,-16.096289]]],[[[-143.440576,-16.619727],[-143.386182,-16.668848],[-143.458545,-16.635449],[-143.550684,-16.621094],[-143.515576,-16.612305],[-143.464697,-16.613574],[-143.440576,-16.619727]]],[[[-143.571143,-16.634766],[-143.610645,-16.64043],[-143.707422,-16.580859],[-143.670215,-16.580859],[-143.614795,-16.618066],[-143.571143,-16.634766]]],[[[-145.051367,-15.856055],[-145.057666,-15.901074],[-145.076416,-15.857617],[-145.137939,-15.788086],[-145.160742,-15.757031],[-145.133545,-15.762012],[-145.051367,-15.856055]]],[[[-145.48667,-16.329785],[-145.613818,-16.079199],[-145.516992,-16.277832],[-145.48667,-16.329785]]]]}},{"type":"Feature","properties":{"name":"New Caledonia","state":"New Caledonia","abbr":"NC","iso":"NCL","kind":"country","scope":"world","isUSA":false,"continent":"Oceania"},"geometry":{"type":"MultiPolygon","coordinates":[[[[164.202344,-20.246094],[165.191797,-20.768848],[165.662793,-21.267188],[166.942383,-22.090137],[166.970313,-22.322852],[166.467969,-22.256055],[164.927441,-21.289844],[164.169727,-20.480176],[164.059668,-20.141504],[164.202344,-20.246094]]],[[[167.544434,-22.623242],[167.42207,-22.618555],[167.529492,-22.579199],[167.544434,-22.623242]]],[[[159.951758,-19.311719],[159.959863,-19.114648],[159.975098,-19.238281],[159.951758,-19.311719]]],[[[168.010938,-21.42998],[168.139063,-21.445215],[168.120703,-21.61582],[167.966797,-21.641602],[167.81543,-21.392676],[167.994629,-21.406934],[168.010938,-21.42998]]],[[[166.546777,-20.69873],[166.58252,-20.413379],[166.588867,-20.661914],[166.546777,-20.69873]]],[[[167.400879,-21.160645],[167.072656,-20.997266],[167.189453,-20.803516],[167.055762,-20.720215],[167.268945,-20.700586],[167.430273,-21.087012],[167.400879,-21.160645]]]]}},{"type":"Feature","properties":{"name":"French Southern and Antarctic Lands","state":"French Southern and Antarctic Lands","abbr":"TF","iso":"ATF","kind":"country","scope":"world","isUSA":false,"continent":"Seven seas (open ocean)"},"geometry":{"type":"MultiPolygon","coordinates":[[[[69.184863,-49.10957],[69.592773,-48.970996],[69.644043,-49.117383],[69.405078,-49.181738],[69.542383,-49.255664],[70.320215,-49.058594],[70.555469,-49.201465],[70.386133,-49.433984],[69.759961,-49.430176],[70.307129,-49.583496],[70.124316,-49.704395],[69.153125,-49.529687],[68.814746,-49.699609],[68.883398,-49.164941],[68.769531,-49.065918],[69.057227,-48.656445],[69.052148,-49.081934],[69.184863,-49.10957]]],[[[69.282422,-49.058887],[69.167188,-48.88291],[69.36875,-48.89043],[69.321191,-49.034277],[69.282422,-49.058887]]],[[[51.83457,-46.439941],[51.659277,-46.373633],[51.81543,-46.394727],[51.83457,-46.439941]]]]}},{"type":"Feature","properties":{"name":"Åland","state":"Åland","abbr":"AX","iso":"ALA","kind":"country","scope":"world","isUSA":false,"continent":"Europe"},"geometry":{"type":"MultiPolygon","coordinates":[[[[19.989551,60.351172],[20.258887,60.261279],[19.745996,60.098975],[19.686914,60.267627],[19.944531,60.35752],[19.989551,60.351172]]],[[[19.662305,60.187158],[19.536523,60.144971],[19.628809,60.246094],[19.662305,60.187158]]],[[[20.611328,60.040674],[20.397949,60.040674],[20.569141,60.069629],[20.611328,60.040674]]]]}},{"type":"Feature","properties":{"name":"Finland","state":"Finland","abbr":"FI","iso":"FIN","kind":"country","scope":"world","isUSA":false,"continent":"Europe"},"geometry":{"type":"MultiPolygon","coordinates":[[[[24.155469,65.805273],[23.700293,66.252637],[23.701172,66.480762],[23.988574,66.810547],[23.641504,67.129395],[23.733594,67.4229],[23.454883,67.460254],[23.501855,67.875195],[23.638867,67.954395],[22.854102,68.367334],[20.622168,69.036865],[21.065723,69.041748],[21.066113,69.214111],[21.59375,69.273584],[22.410938,68.719873],[23.324023,68.648975],[23.854004,68.805908],[24.941406,68.593262],[25.74834,68.990137],[26.011523,69.652637],[26.525391,69.915039],[27.889941,70.06167],[29.141602,69.671436],[29.333398,69.472998],[28.846289,69.176904],[28.96582,69.021973],[28.414062,68.90415],[28.777637,68.813818],[28.470703,68.488379],[28.685156,68.189795],[29.343848,68.061865],[29.988086,67.668262],[29.066211,66.891748],[30.0875,65.786523],[29.715918,65.624561],[29.819434,65.56875],[29.608008,65.248682],[29.826953,65.145068],[29.604199,64.968408],[30.110254,64.732568],[29.986621,64.524268],[30.526074,64.077295],[29.991504,63.735156],[31.180859,63.208301],[31.533984,62.8854],[31.186719,62.481396],[27.797656,60.536133],[26.534668,60.412891],[26.569336,60.624561],[26.377734,60.424072],[25.955957,60.474219],[26.03584,60.341504],[25.758008,60.267529],[22.963867,59.826367],[23.198438,60.021826],[22.86709,60.21582],[22.462695,60.029199],[22.584961,60.380566],[21.436035,60.596387],[21.360547,60.96748],[21.605957,61.591553],[21.255957,61.989648],[21.343359,62.277393],[21.103613,62.622949],[21.473535,63.033252],[21.650977,63.039307],[21.545117,63.204297],[22.319727,63.310449],[22.243262,63.437939],[22.532324,63.647852],[23.598926,64.040918],[24.55791,64.801025],[25.288184,64.860352],[25.347852,65.479248],[24.674902,65.670703],[24.628027,65.85918],[24.2375,65.812354],[24.155469,65.805273]]],[[[21.994238,60.33667],[21.827246,60.469922],[21.979785,60.355225],[21.994238,60.33667]]],[[[21.217773,63.241309],[21.415625,63.197363],[21.083887,63.277539],[21.221777,63.259131],[21.217773,63.241309]]],[[[22.175098,60.370752],[22.415527,60.303369],[22.360547,60.165576],[22.125879,60.355859],[22.175098,60.370752]]],[[[21.450879,60.52959],[21.3,60.479785],[21.30127,60.595557],[21.450879,60.52959]]],[[[21.833203,60.140527],[21.69502,60.114355],[21.864355,60.201807],[21.833203,60.140527]]],[[[21.62832,60.107812],[21.486035,60.126807],[21.648145,60.140869],[21.62832,60.107812]]],[[[24.848242,64.991016],[24.576563,65.042871],[24.997559,65.038721],[24.891797,65.02627],[24.848242,64.991016]]]]}},{"type":"Feature","properties":{"name":"Fiji","state":"Fiji","abbr":"FJ","iso":"FJI","kind":"country","scope":"world","isUSA":false,"continent":"Oceania"},"geometry":{"type":"MultiPolygon","coordinates":[[[[179.999219,-16.168555],[179.56416,-16.636914],[179.568164,-16.747461],[179.930371,-16.519434],[179.92793,-16.744434],[179.202344,-16.712695],[178.706641,-16.976172],[178.497461,-16.787891],[178.583594,-16.621875],[180,-16.15293],[179.999219,-16.168555]]],[[[178.280176,-17.371973],[178.591602,-17.651465],[178.667676,-18.080859],[177.955469,-18.264063],[177.321387,-18.077539],[177.263965,-17.863477],[177.504492,-17.539551],[178.247168,-17.329102],[178.280176,-17.371973]]],[[[-179.974902,-16.924805],[-179.860986,-16.688281],[-179.867773,-16.850293],[-179.974902,-16.924805]]],[[[180,-16.963086],[179.896973,-16.964063],[179.999219,-16.858789],[180,-16.963086]]],[[[178.487891,-18.974121],[177.958691,-19.121582],[178.420313,-18.950781],[178.487891,-18.974121]]],[[[-178.988086,-17.97666],[-179.018408,-17.991797],[-179.039209,-17.988379],[-179.063818,-17.972363],[-179.079004,-17.944141],[-179.047607,-17.92041],[-178.999121,-17.947363],[-178.988086,-17.97666]]],[[[-178.761914,-18.233887],[-178.773633,-18.252441],[-178.827344,-18.222168],[-178.8479,-18.202051],[-178.790869,-18.186328],[-178.763086,-18.191406],[-178.761914,-18.233887]]],[[[-178.251123,-17.952734],[-178.357227,-17.920898],[-178.25459,-17.92998],[-178.251123,-17.952734]]],[[[-178.956494,-17.272852],[-179.005029,-17.14834],[-178.924561,-17.248633],[-178.956494,-17.272852]]],[[[-178.535107,-19.166016],[-178.546338,-19.175],[-178.57373,-19.164941],[-178.595947,-19.151367],[-178.598682,-19.137109],[-178.589307,-19.118848],[-178.567676,-19.109277],[-178.556689,-19.112988],[-178.562988,-19.11875],[-178.576172,-19.125195],[-178.574072,-19.143164],[-178.557129,-19.154102],[-178.540625,-19.157031],[-178.535107,-19.166016]]],[[[-179.799854,-18.940332],[-179.797607,-18.969824],[-179.812451,-18.968164],[-179.830225,-18.955566],[-179.839355,-18.961719],[-179.845508,-18.970801],[-179.848584,-18.991309],[-179.851221,-19.00293],[-179.865039,-18.99873],[-179.867334,-18.978418],[-179.862793,-18.96416],[-179.856201,-18.943262],[-179.831104,-18.924219],[-179.799854,-18.940332]]],[[[177.23418,-17.14707],[177.182813,-17.163867],[177.210156,-17.084277],[177.239258,-17.059375],[177.25752,-17.054199],[177.287402,-17.048633],[177.275781,-17.104883],[177.23418,-17.14707]]],[[[179.422363,-17.366797],[179.388965,-17.393848],[179.373145,-17.256152],[179.407617,-17.257324],[179.432813,-17.271582],[179.447168,-17.30625],[179.422363,-17.366797]]],[[[179.349316,-18.102344],[179.306445,-17.944043],[179.362402,-18.065234],[179.349316,-18.102344]]],[[[178.827539,-17.729004],[178.776074,-17.746777],[178.747656,-17.685742],[178.787109,-17.624414],[178.831055,-17.618848],[178.852539,-17.68125],[178.827539,-17.729004]]],[[[-179.929443,-16.502832],[-179.999951,-16.540039],[-179.999951,-16.488867],[-179.943652,-16.441406],[-179.900928,-16.431543],[-179.927344,-16.479102],[-179.929443,-16.502832]]],[[[-179.956152,-16.149219],[-180,-16.168262],[-180,-16.156055],[-180,-16.15293],[-179.969385,-16.126074],[-179.94458,-16.126074],[-179.956152,-16.149219]]],[[[180,-16.540039],[179.987207,-16.541211],[179.984668,-16.522168],[180,-16.488867],[180,-16.540039]]],[[[177.121484,-12.505469],[177.00625,-12.491113],[177.126953,-12.492871],[177.121484,-12.505469]]],[[[174.629688,-21.69502],[174.621875,-21.705859],[174.592969,-21.702344],[174.587207,-21.680078],[174.604199,-21.66748],[174.627734,-21.675977],[174.629688,-21.69502]]],[[[-178.711621,-20.667773],[-178.709521,-20.670508],[-178.714941,-20.670313],[-178.723096,-20.666797],[-178.729102,-20.660156],[-178.730566,-20.652832],[-178.727539,-20.645215],[-178.724561,-20.645703],[-178.719189,-20.652344],[-178.714209,-20.659766],[-178.711621,-20.667773]]]]}},{"type":"Feature","properties":{"name":"Ethiopia","state":"Ethiopia","abbr":"ET","iso":"ETH","kind":"country","scope":"world","isUSA":false,"continent":"Africa"},"geometry":{"type":"Polygon","coordinates":[[[35.268359,5.492285],[34.710645,6.660303],[33.902441,7.509521],[33.012598,7.951514],[33.281055,8.437256],[33.95332,8.443506],[34.094531,8.582227],[34.079297,9.513477],[34.275684,10.528125],[34.571875,10.880176],[34.771289,10.746191],[34.931445,10.864795],[35.112305,11.816553],[35.670215,12.62373],[36.10752,12.726465],[36.524316,14.256836],[37.024512,14.271973],[37.257227,14.45376],[37.571191,14.149072],[37.88418,14.852295],[38.431445,14.428613],[39.074219,14.628223],[39.198047,14.479395],[40.140625,14.456055],[40.820117,14.11167],[42.378516,12.466406],[41.792676,11.686035],[41.798242,10.980469],[42.922754,10.999316],[42.656445,10.6],[42.841602,10.203076],[43.48252,9.379492],[43.983789,9.008838],[46.978223,7.99707],[47.978223,7.99707],[44.940527,4.912012],[43.583496,4.85498],[42.856641,4.324219],[42.024121,4.137939],[41.883984,3.977734],[41.14043,3.962988],[40.765234,4.273047],[39.842188,3.851465],[39.494434,3.456104],[38.086133,3.648828],[36.905566,4.411475],[36.021973,4.468115],[35.763086,4.808008],[35.74502,5.343994],[35.263867,5.45791],[35.268359,5.492285]]]}},{"type":"Feature","properties":{"name":"Estonia","state":"Estonia","abbr":"EE","iso":"EST","kind":"country","scope":"world","isUSA":false,"continent":"Europe"},"geometry":{"type":"MultiPolygon","coordinates":[[[[27.351953,57.528125],[26.462109,57.544482],[25.282617,58.048486],[24.322559,57.870605],[24.529102,58.354248],[23.767578,58.36084],[23.509277,58.658545],[23.680762,58.787158],[23.432031,58.920654],[23.494434,59.195654],[24.380371,59.472656],[25.44375,59.521143],[25.509277,59.639014],[28.0125,59.484277],[28.151074,59.374414],[27.43418,58.787256],[27.502441,58.221338],[27.778516,57.870703],[27.354297,57.550293],[27.351953,57.528125]]],[[[22.617383,58.62124],[23.323242,58.45083],[22.37168,58.217139],[21.996875,57.931348],[22.187695,58.154346],[21.882129,58.262354],[21.984082,58.38667],[21.862305,58.497168],[22.546973,58.627393],[22.617383,58.62124]]],[[[22.92373,58.826904],[22.542188,58.68999],[22.05625,58.943604],[22.649414,59.087109],[23.008691,58.833936],[22.92373,58.826904]]],[[[23.343555,58.550342],[23.063477,58.611084],[23.356445,58.575537],[23.343555,58.550342]]]]}},{"type":"Feature","properties":{"name":"Eritrea","state":"Eritrea","abbr":"ER","iso":"ERI","kind":"country","scope":"world","isUSA":false,"continent":"Africa"},"geometry":{"type":"MultiPolygon","coordinates":[[[[36.524316,14.256836],[36.426758,15.13208],[36.91377,16.296191],[37.008984,17.058887],[37.411035,17.061719],[37.547461,17.324121],[38.253516,17.584766],[38.609473,18.005078],[39.034473,17.085547],[39.298926,15.921094],[39.785547,15.124854],[39.86377,15.470312],[40.204102,15.014111],[41.176465,14.620312],[41.658203,13.983057],[42.245117,13.587646],[42.399316,13.212598],[43.116699,12.708594],[42.703711,12.380322],[42.378516,12.466406],[40.820117,14.11167],[40.140625,14.456055],[39.198047,14.479395],[39.023828,14.628223],[38.431445,14.428613],[37.88418,14.852295],[37.571191,14.149072],[37.257227,14.45376],[37.024512,14.271973],[36.542383,14.258203],[36.524316,14.256836]]],[[[40.076465,16.082422],[40.110059,15.985742],[40.048145,16.104492],[40.076465,16.082422]]],[[[40.141211,15.696143],[40.399023,15.579883],[39.975195,15.612451],[39.956738,15.889404],[40.132422,15.795264],[40.141211,15.696143]]]]}},{"type":"Feature","properties":{"name":"Equatorial Guinea","state":"Equatorial Guinea","abbr":"GQ","iso":"GNQ","kind":"country","scope":"world","isUSA":false,"continent":"Africa"},"geometry":{"type":"MultiPolygon","coordinates":[[[[8.735742,3.758301],[8.946094,3.627539],[8.652344,3.21709],[8.434277,3.332422],[8.675879,3.735937],[8.735742,3.758301]]],[[[11.328711,2.167432],[11.335352,0.999707],[9.906738,0.960107],[9.385938,1.139258],[9.807031,1.92749],[9.800781,2.304443],[9.979883,2.167773],[11.096582,2.16748],[11.328711,2.167432]]]]}},{"type":"Feature","properties":{"name":"El Salvador","state":"El Salvador","abbr":"SV","iso":"SLV","kind":"country","scope":"world","isUSA":false,"continent":"North America"},"geometry":{"type":"Polygon","coordinates":[[[-89.362598,14.416016],[-88.482666,13.854248],[-88.151025,13.987354],[-87.731445,13.841064],[-87.820703,13.285156],[-88.180664,13.164014],[-88.685645,13.281494],[-88.512012,13.183936],[-90.095215,13.736523],[-89.547168,14.24126],[-89.573633,14.390088],[-89.383252,14.427637],[-89.362598,14.416016]]]}},{"type":"Feature","properties":{"name":"Egypt","state":"Egypt","abbr":"EG","iso":"EGY","kind":"country","scope":"world","isUSA":false,"continent":"Africa"},"geometry":{"type":"Polygon","coordinates":[[[36.871387,21.996729],[31.434473,21.99585],[31.400293,22.202441],[31.20918,21.994873],[24.980273,21.99585],[24.980273,29.181885],[24.703223,30.201074],[24.961426,30.678516],[24.852734,31.334814],[25.150488,31.65498],[25.382227,31.512793],[25.893262,31.620898],[29.07207,30.830273],[30.222656,31.258398],[30.395117,31.457617],[30.923535,31.566846],[30.562988,31.416992],[31.001758,31.462793],[31.08291,31.60332],[31.524414,31.458252],[31.888965,31.541406],[32.136035,31.341064],[31.892188,31.482471],[31.771094,31.292578],[32.101758,31.092822],[32.281836,31.200879],[32.216211,31.29375],[32.60332,31.06875],[33.666504,31.13042],[34.198145,31.322607],[34.904297,29.477344],[34.220117,27.764307],[33.247754,28.567725],[32.565723,29.973975],[32.359766,29.630664],[32.898242,28.565234],[33.54707,27.898145],[33.959082,26.649023],[35.194141,24.475146],[35.783887,23.937793],[35.54082,23.920654],[35.504395,23.779297],[35.697852,22.946191],[36.87041,22.015771],[36.871387,21.996729]]]}},{"type":"Feature","properties":{"name":"Ecuador","state":"Ecuador","abbr":"EC","iso":"ECU","kind":"country","scope":"world","isUSA":false,"continent":"South America"},"geometry":{"type":"MultiPolygon","coordinates":[[[[-75.284473,-0.106543],[-75.62627,-0.122852],[-75.259375,-0.590137],[-75.249609,-0.951855],[-75.408057,-0.924316],[-75.570557,-1.53125],[-76.679102,-2.562598],[-77.860596,-2.981641],[-78.158496,-3.465137],[-78.345361,-3.397363],[-78.686035,-4.562402],[-79.033301,-4.969141],[-79.330957,-4.927832],[-79.638525,-4.454883],[-80.139551,-4.296094],[-80.478564,-4.430078],[-80.352881,-4.208496],[-80.490137,-4.010059],[-80.179248,-3.877734],[-80.324658,-3.387891],[-79.96333,-3.157715],[-79.729883,-2.579102],[-79.842139,-2.067383],[-79.925586,-2.548535],[-80.006641,-2.353809],[-80.284717,-2.706738],[-80.932178,-2.269141],[-80.760596,-1.93457],[-80.902393,-1.078906],[-80.553906,-0.847949],[-80.455469,-0.585449],[-80.282373,-0.620508],[-80.482275,-0.368262],[-80.046143,0.155371],[-80.035937,0.83457],[-78.899658,1.20625],[-78.859668,1.455371],[-78.180664,0.968555],[-77.702881,0.837842],[-77.396338,0.393896],[-76.494629,0.235449],[-76.311035,0.448486],[-75.463965,-0.038428],[-75.284473,-0.106543]]],[[[-80.131592,-2.973145],[-80.272949,-2.995898],[-80.223682,-2.753125],[-79.909033,-2.725586],[-80.093408,-2.845898],[-80.131592,-2.973145]]],[[[-78.909229,1.252783],[-78.965625,1.245361],[-78.991699,1.293213],[-78.923242,1.348926],[-78.899805,1.359766],[-78.909229,1.252783]]],[[[-90.334863,-0.771582],[-90.542139,-0.676465],[-90.469727,-0.517383],[-90.185303,-0.544824],[-90.31543,-0.757227],[-90.334863,-0.771582]]],[[[-89.418896,-0.911035],[-89.608594,-0.888574],[-89.287842,-0.689844],[-89.35835,-0.826074],[-89.418896,-0.911035]]],[[[-91.425977,-0.46084],[-91.610742,-0.443945],[-91.64668,-0.284473],[-91.460156,-0.255664],[-91.399951,-0.420898],[-91.425977,-0.46084]]],[[[-90.423926,-1.339941],[-90.477197,-1.220996],[-90.37915,-1.292285],[-90.423926,-1.339941]]],[[[-91.272168,0.025146],[-90.799658,-0.752051],[-91.131055,-1.019629],[-91.49541,-0.860938],[-91.120947,-0.559082],[-91.428857,-0.023389],[-91.596826,0.0021],[-91.305762,0.091406],[-91.272168,0.025146]]],[[[-90.573926,-0.333984],[-90.867773,-0.271387],[-90.780371,-0.160449],[-90.55332,-0.278418],[-90.573926,-0.333984]]]]}},{"type":"Feature","properties":{"name":"Dominican Republic","state":"Dominican Republic","abbr":"DO","iso":"DOM","kind":"country","scope":"world","isUSA":false,"continent":"North America"},"geometry":{"type":"Polygon","coordinates":[[[-71.768311,18.03916],[-71.761914,18.341309],[-72.000391,18.5979],[-71.743213,18.73291],[-71.807129,18.987012],[-71.645312,19.163525],[-71.779248,19.718164],[-71.557764,19.895361],[-70.95415,19.913965],[-69.956836,19.671875],[-69.739404,19.299219],[-69.232471,19.271826],[-69.623633,19.117822],[-68.684766,18.904785],[-68.33916,18.611523],[-68.687402,18.214941],[-69.274512,18.439844],[-70.479932,18.217285],[-70.644678,18.33623],[-71.027832,18.273193],[-71.438965,17.635596],[-71.712451,18.005469],[-71.768311,18.03916]]]}},{"type":"Feature","properties":{"name":"Dominica","state":"Dominica","abbr":"DM","iso":"DMA","kind":"country","scope":"world","isUSA":false,"continent":"North America"},"geometry":{"type":"Polygon","coordinates":[[[-61.281689,15.249023],[-61.458105,15.633105],[-61.251074,15.373145],[-61.281689,15.249023]]]}},{"type":"Feature","properties":{"name":"Djibouti","state":"Djibouti","abbr":"DJ","iso":"DJI","kind":"country","scope":"world","isUSA":false,"continent":"Africa"},"geometry":{"type":"Polygon","coordinates":[[[43.245996,11.499805],[42.922754,10.999316],[41.798242,10.980469],[41.792676,11.686035],[42.45,12.521338],[42.703711,12.380322],[43.116699,12.708594],[43.380273,12.09126],[42.521777,11.572168],[43.161719,11.566016],[43.245996,11.499805]]]}},{"type":"Feature","properties":{"name":"Greenland","state":"Greenland","abbr":"GL","iso":"GRL","kind":"country","scope":"world","isUSA":false,"continent":"North America"},"geometry":{"type":"MultiPolygon","coordinates":[[[[-29.952881,83.564844],[-25.795068,83.260986],[-31.992676,83.085352],[-32.032715,82.983447],[-25.123389,83.159619],[-24.470312,82.877393],[-21.520654,82.59541],[-23.118066,82.324707],[-29.887402,82.054834],[-29.543848,81.939941],[-25.148828,82.001123],[-24.293066,81.700977],[-23.496143,81.773047],[-22.940088,82.030518],[-21.337988,82.068701],[-21.130322,81.934229],[-21.146582,81.695166],[-21.503906,81.4375],[-23.072461,80.926709],[-23.117725,80.778174],[-19.629932,81.639893],[-17.456055,81.397705],[-16.120703,81.776611],[-14.241992,81.813867],[-11.425537,81.480615],[-13.126221,81.087793],[-14.452344,80.993115],[-14.228564,80.870459],[-14.503564,80.763281],[-16.760596,80.573389],[-15.937256,80.427637],[-16.48877,80.251953],[-19.429199,80.257715],[-20.150146,80.01123],[-20.068848,79.773779],[-19.353027,79.73418],[-19.414014,79.348828],[-18.991992,79.178369],[-21.13374,78.658643],[-20.955664,78.555029],[-21.72959,77.708545],[-20.862598,77.911865],[-19.49043,77.718896],[-19.296094,77.585254],[-20.680811,77.618994],[-20.231934,77.368408],[-18.442627,77.259375],[-18.292383,77.132861],[-18.337256,76.921191],[-18.605762,76.763281],[-20.486719,76.920801],[-21.614697,76.687891],[-22.334326,76.793701],[-22.606641,76.680762],[-21.877344,76.573486],[-21.488232,76.271875],[-19.862891,76.120654],[-19.957715,75.99668],[-19.508984,75.75752],[-19.399512,75.494434],[-19.526367,75.180225],[-20.484961,75.314258],[-21.649316,75.023438],[-22.232861,75.119727],[-21.695117,74.964453],[-20.985791,75.074365],[-20.795312,74.805957],[-21.038477,74.65415],[-20.861572,74.635937],[-20.41709,74.975195],[-19.984912,74.975195],[-19.287012,74.546387],[-19.271582,74.342627],[-21.129443,74.110889],[-21.954932,74.244287],[-21.761963,74.482764],[-21.982617,74.56748],[-21.972705,74.390039],[-22.334326,74.286377],[-22.195654,74.205713],[-22.335254,74.063428],[-22.134814,73.990479],[-20.367285,73.848242],[-20.636719,73.463574],[-22.346875,73.269238],[-23.233203,73.397705],[-24.157715,73.764453],[-24.677246,73.602197],[-25.521289,73.851611],[-24.77832,73.539893],[-26.062305,73.253027],[-27.27041,73.436279],[-26.541846,73.248975],[-27.561621,73.138477],[-24.132666,73.409375],[-22.036328,72.918457],[-22.074805,72.399219],[-22.280225,72.344775],[-22.293213,72.119531],[-24.069043,72.49873],[-24.62998,73.037646],[-26.657617,72.71582],[-24.81333,72.901514],[-24.700684,72.506348],[-25.203711,72.392969],[-24.572363,72.420215],[-21.959668,71.744678],[-22.503223,71.500439],[-22.479639,71.383447],[-22.417578,71.248682],[-22.299023,71.432324],[-21.752246,71.47832],[-21.522656,70.526221],[-22.384131,70.462402],[-22.437012,70.86001],[-22.690674,70.437305],[-23.327832,70.450977],[-23.971387,70.649463],[-24.562207,71.223535],[-25.885156,71.571924],[-27.087207,71.626563],[-25.842725,71.480176],[-25.667578,71.265332],[-26.71792,70.950488],[-28.398438,70.99292],[-27.979297,70.839502],[-28.145654,70.655664],[-29.07207,70.444971],[-26.508398,70.396631],[-27.628857,70.028223],[-27.38418,69.991602],[-27.027734,70.201221],[-25.529883,70.353174],[-22.206592,70.10791],[-23.049561,69.792725],[-23.865723,69.736719],[-23.739404,69.588623],[-24.29668,69.585547],[-24.295557,69.439307],[-25.188574,69.260547],[-25.092432,69.165186],[-26.48291,68.675928],[-30.195508,68.198975],[-30.72002,68.251172],[-30.610742,68.11792],[-30.978564,68.061328],[-32.327441,68.437305],[-32.180127,68.257275],[-32.366846,68.213037],[-32.164551,67.991113],[-33.108154,67.658203],[-34.10166,66.725928],[-34.632812,66.434766],[-35.188574,66.250293],[-35.867236,66.441406],[-35.630078,66.139941],[-36.379199,65.830811],[-36.527246,66.007715],[-36.665186,65.790088],[-37.062793,65.871436],[-37.754199,65.593066],[-38.00127,65.709619],[-37.278711,66.304395],[-38.156641,66.385596],[-37.752344,66.261523],[-38.139941,65.903516],[-38.520361,66.009668],[-38.203369,65.711719],[-40.173535,65.556152],[-39.57793,65.340771],[-40.253125,65.048877],[-41.088672,65.035352],[-40.966016,64.868848],[-40.655469,64.915332],[-40.182227,64.479932],[-40.781738,64.221777],[-41.581006,64.29834],[-40.617773,64.131738],[-40.550391,63.725244],[-41.04873,63.513818],[-41.387891,63.061865],[-42.174512,63.208789],[-41.634473,62.972461],[-41.908984,62.737109],[-42.94165,62.720215],[-42.152979,62.568457],[-42.321484,62.152734],[-42.110205,61.857227],[-42.585303,61.71748],[-42.323633,61.681738],[-42.717041,60.76748],[-43.044092,60.523682],[-43.922705,60.595361],[-43.212988,60.390674],[-43.1229,60.06123],[-43.320117,59.928125],[-43.955029,60.025488],[-43.65791,59.858643],[-43.906543,59.815479],[-44.412939,59.922607],[-44.224365,60.273535],[-44.613281,60.01665],[-45.379248,60.20293],[-45.367773,60.372949],[-44.756738,60.6646],[-45.380518,60.444922],[-46.046631,60.615723],[-46.141943,60.776514],[-45.870215,61.218311],[-46.874463,60.816406],[-48.180811,60.769238],[-47.770312,60.997754],[-48.386426,61.004736],[-48.428174,61.187402],[-48.92207,61.277441],[-49.049219,61.523877],[-49.289062,61.589941],[-49.193115,61.685645],[-49.380273,61.890186],[-48.828711,62.079687],[-49.623779,61.998584],[-49.553467,62.232715],[-50.319238,62.473193],[-50.29873,62.721973],[-49.793115,63.044629],[-50.390088,62.822021],[-51.468848,63.642285],[-51.54751,64.006104],[-50.260693,64.214258],[-50.486621,64.208887],[-50.437061,64.312842],[-51.542285,64.097021],[-51.707861,64.205078],[-51.231543,64.560596],[-50.684326,64.678174],[-50.355127,64.682568],[-50.008984,64.447266],[-50.121631,64.70376],[-50.516992,64.766504],[-50.960645,65.201123],[-50.721582,64.797607],[-51.220605,64.628467],[-51.138965,64.785742],[-51.255371,64.758105],[-51.922607,64.21875],[-52.259033,65.154932],[-52.537695,65.328809],[-51.091895,65.775781],[-52.55127,65.461377],[-53.198975,65.594043],[-53.106348,65.977148],[-53.392041,66.04834],[-51.225,66.881543],[-53.035791,66.201416],[-53.614697,66.154492],[-53.634717,66.413672],[-53.41875,66.648535],[-52.386865,66.881152],[-53.687158,66.986475],[-53.884424,67.135547],[-53.798584,67.418164],[-52.512012,67.761279],[-50.613477,67.52793],[-51.171045,67.693604],[-50.968848,67.806641],[-52.344824,67.836914],[-53.735205,67.549023],[-53.151562,68.207764],[-51.596875,68.054785],[-51.169141,68.385205],[-52.198535,68.220801],[-53.383154,68.297363],[-53.039453,68.610889],[-52.60459,68.70874],[-51.623145,68.534814],[-51.133301,68.598438],[-50.800635,68.79126],[-51.249414,68.739941],[-51.084863,69.128271],[-50.297363,69.170605],[-51.076953,69.209473],[-50.804102,69.663037],[-50.349463,69.79624],[-50.5,69.935791],[-50.322949,70.027148],[-52.254639,70.058936],[-54.014453,70.42168],[-54.530762,70.699268],[-54.16582,70.820117],[-52.801953,70.750586],[-50.682129,70.396875],[-51.322852,70.58877],[-51.256592,70.852686],[-51.774316,71.010449],[-51.018945,71.001318],[-53.007568,71.17998],[-53.117041,71.312891],[-51.778613,71.68291],[-53.440088,71.579004],[-53.144531,71.807422],[-53.333691,71.789746],[-53.809863,72.292578],[-53.652148,72.362646],[-53.927734,72.318799],[-53.4625,71.893555],[-54.019922,71.657861],[-53.962988,71.458984],[-54.689062,71.367236],[-55.594043,71.553516],[-55.669336,71.691504],[-55.315576,72.110693],[-54.840137,72.356104],[-55.581445,72.178857],[-55.63584,72.300439],[-55.295703,72.354395],[-55.601709,72.453467],[-54.924951,72.571973],[-54.737939,72.87251],[-55.668555,73.00791],[-55.288281,73.3271],[-56.104053,73.558154],[-55.838281,73.759717],[-56.225391,74.129102],[-57.230566,74.125293],[-56.706348,74.219189],[-56.717676,74.429248],[-56.255469,74.526807],[-58.565527,75.352734],[-58.249658,75.506689],[-58.516211,75.689063],[-63.291309,76.352051],[-65.369922,76.130566],[-67.078711,76.194824],[-66.674805,75.977393],[-66.826172,75.968799],[-68.317285,76.090771],[-69.484082,76.39917],[-68.114258,76.650635],[-69.888086,76.827051],[-69.694238,76.989453],[-70.613135,76.821826],[-71.154883,77.073877],[-68.135547,77.37959],[-66.389453,77.280273],[-66.453076,77.393066],[-66.266455,77.515381],[-66.823535,77.686621],[-69.351367,77.467139],[-70.561914,77.717187],[-70.114453,77.841357],[-71.271631,77.813135],[-72.818066,78.194336],[-72.47251,78.482031],[-71.651318,78.623145],[-68.993457,78.857422],[-68.377051,79.037842],[-65.825537,79.17373],[-65.287793,79.437305],[-64.792285,80.000635],[-64.17915,80.099268],[-66.843652,80.076221],[-67.193164,80.280078],[-64.515527,81],[-63.721973,81.057324],[-63.058594,80.885596],[-63.235205,81.08335],[-62.993262,81.206982],[-61.435986,81.133594],[-61.1,81.396094],[-61.20293,81.746875],[-60.432373,81.920166],[-59.281934,81.884033],[-56.615137,81.362891],[-59.268018,81.98208],[-54.548877,82.350635],[-53.671338,82.164062],[-53.555664,81.653271],[-53.041211,81.870996],[-52.925537,82.038379],[-53.101953,82.118945],[-53.022559,82.321729],[-50.894434,81.895215],[-49.541064,81.918066],[-50.713135,82.237354],[-50.989941,82.460156],[-50.037109,82.472412],[-44.729492,81.779834],[-44.532422,81.848926],[-44.637109,82.104443],[-44.238867,82.368164],[-44.326562,82.471729],[-45.556543,82.747021],[-41.369629,82.75],[-46.478174,82.951904],[-43.009277,83.2646],[-41.300146,83.100781],[-40.356836,83.332178],[-38.15625,82.998633],[-37.934766,83.160742],[-38.749561,83.37085],[-36.606494,83.536963],[-30.70293,83.593408],[-29.952881,83.564844]]],[[[-52.731152,69.944727],[-52.045312,69.807227],[-51.900195,69.604785],[-53.754346,69.260156],[-54.182715,69.403516],[-53.658301,69.465137],[-53.825,69.540332],[-54.919141,69.713623],[-54.787891,69.949854],[-54.322607,69.941895],[-54.773633,70.052539],[-54.705957,70.256152],[-53.10293,70.140869],[-52.731152,69.944727]]],[[[-51.013672,69.55249],[-51.233984,69.551855],[-51.350293,69.854785],[-50.679004,69.848535],[-50.97041,69.583008],[-51.013672,69.55249]]],[[[-53.535205,71.04082],[-53.957812,71.127734],[-53.584473,71.29707],[-53.487793,71.056299],[-53.535205,71.04082]]],[[[-55.016895,72.791113],[-55.566602,72.564355],[-56.214795,72.719189],[-55.033008,72.820508],[-55.016895,72.791113]]],[[[-71.667334,77.325293],[-72.494922,77.385547],[-71.46709,77.353662],[-71.667334,77.325293]]],[[[-44.864551,82.083643],[-46.751904,82.348193],[-47.351221,82.599219],[-46.39917,82.692139],[-45.411377,82.577539],[-44.749902,82.401123],[-44.776367,82.242383],[-44.864551,82.083643]]],[[[-25.432324,70.921338],[-25.402246,70.652686],[-26.217871,70.454053],[-28.035254,70.486816],[-27.617236,70.91377],[-26.621777,70.875635],[-25.818896,71.043652],[-25.458252,70.942529],[-25.432324,70.921338]]],[[[-18.664746,81.846484],[-19.031445,81.827197],[-19.610547,82.078125],[-18.812695,81.949463],[-18.664746,81.846484]]],[[[-17.6125,79.825879],[-18.662012,79.72002],[-19.138281,79.852344],[-17.98291,80.055176],[-17.40083,79.940479],[-17.6125,79.825879]]],[[[-18.997168,77.973779],[-19.129492,77.938525],[-19.314697,78.344189],[-18.9354,78.423584],[-18.882471,78.114893],[-18.997168,77.973779]]],[[[-18.582617,76.042334],[-19.085352,76.430371],[-19.058887,76.694971],[-18.732617,76.642041],[-18.662012,76.403906],[-18.582617,76.042334]]],[[[-18.000537,75.407324],[-17.885889,75.204443],[-17.391992,75.036914],[-18.891309,75.072168],[-18.856055,75.319141],[-18.229883,75.37207],[-18.000537,75.407324]]],[[[-17.953711,77.642334],[-18.22002,77.668359],[-17.813574,77.874609],[-17.641357,77.782471],[-17.729492,77.706396],[-17.953711,77.642334]]],[[[-37.03125,65.531982],[-37.186816,65.531348],[-37.2229,65.695459],[-37.04751,65.722266],[-36.986914,65.575586],[-37.03125,65.531982]]],[[[-46.266699,60.781396],[-46.381543,60.660303],[-46.78999,60.779834],[-46.205225,60.943506],[-46.254492,60.841553],[-46.266699,60.781396]]],[[[-51.675146,70.855225],[-52.148047,70.904395],[-51.606934,70.868848],[-51.675146,70.855225]]]]}},{"type":"Feature","properties":{"name":"Faroe Islands","state":"Faroe Islands","abbr":"FO","iso":"FRO","kind":"country","scope":"world","isUSA":false,"continent":"Europe"},"geometry":{"type":"MultiPolygon","coordinates":[[[[-6.623193,61.805957],[-6.884766,61.899121],[-6.62583,61.826709],[-6.623193,61.805957]]],[[[-6.699463,61.444629],[-6.934863,61.634326],[-6.703516,61.495947],[-6.699463,61.444629]]],[[[-7.186865,62.139307],[-7.065186,62.073242],[-7.422607,62.140283],[-7.235303,62.151221],[-7.186865,62.139307]]],[[[-6.631055,62.227881],[-6.655811,62.093604],[-6.840527,62.119287],[-6.725195,61.951465],[-7.172168,62.285596],[-6.803662,62.265967],[-6.631055,62.227881]]],[[[-6.406055,62.258643],[-6.544141,62.205615],[-6.55459,62.355664],[-6.473047,62.291895],[-6.406055,62.258643]]]]}},{"type":"Feature","properties":{"name":"Denmark","state":"Denmark","abbr":"DK","iso":"DNK","kind":"country","scope":"world","isUSA":false,"continent":"Europe"},"geometry":{"type":"MultiPolygon","coordinates":[[[[12.56875,55.785059],[12.215039,55.466504],[12.413086,55.286182],[12.089941,55.188135],[12.050391,54.815332],[11.862305,54.772607],[11.653809,55.186914],[11.286328,55.204443],[10.978906,55.721533],[11.627734,55.956885],[11.819727,55.697656],[11.866406,55.968164],[12.218945,56.118652],[12.578711,56.064062],[12.524805,55.918457],[12.56875,55.785059]]],[[[9.739746,54.825537],[8.670313,54.903418],[8.615918,55.418213],[8.132129,55.599805],[8.163965,56.606885],[8.67168,56.495654],[8.888086,56.735059],[9.196387,56.70166],[9.254883,57.011719],[9.110449,57.043652],[8.771973,56.725293],[8.468359,56.664551],[8.266309,56.815332],[8.618555,57.111279],[9.433594,57.174316],[9.962305,57.580957],[10.609961,57.736914],[10.444629,57.562207],[10.524121,57.243213],[10.296094,56.999121],[10.282715,56.620508],[10.926172,56.443262],[10.753418,56.241992],[10.31875,56.212891],[10.183008,55.865186],[9.903711,55.842822],[10.023633,55.761426],[9.591113,55.493213],[9.670996,55.266406],[9.453711,55.039551],[9.705273,54.92832],[9.739746,54.825537]]],[[[10.645117,55.609814],[10.819238,55.321875],[10.623828,55.052441],[9.98877,55.163184],[9.858984,55.357227],[9.860645,55.515479],[10.622754,55.612842],[10.645117,55.609814]]],[[[11.361426,54.89165],[11.739551,54.807422],[11.765918,54.679443],[11.035547,54.773096],[11.058594,54.940576],[11.258496,54.951807],[11.361426,54.89165]]],[[[10.734082,54.750732],[10.62168,54.851416],[10.951074,55.156201],[10.765234,54.799658],[10.734082,54.750732]]],[[[12.549219,54.965771],[12.118848,54.914404],[12.274023,55.064111],[12.513281,54.997314],[12.549219,54.965771]]],[[[12.665723,55.596533],[12.520313,55.6146],[12.648438,55.646777],[12.665723,55.596533]]],[[[10.484375,54.847559],[10.199902,54.962744],[10.504883,54.860547],[10.484375,54.847559]]],[[[10.06123,54.886377],[9.80625,54.906006],[9.771191,55.059912],[10.057715,54.90791],[10.06123,54.886377]]],[[[10.607324,55.783057],[10.547168,55.991943],[10.627344,55.833887],[10.607324,55.783057]]],[[[11.052148,57.252539],[10.873828,57.262256],[11.174512,57.3229],[11.076855,57.276904],[11.052148,57.252539]]],[[[15.087695,55.021875],[14.68418,55.102246],[14.713672,55.238037],[15.137109,55.087158],[15.087695,55.021875]]]]}},{"type":"Feature","properties":{"name":"Czech Republic","state":"Czech Republic","abbr":"CZ","iso":"CZE","kind":"country","scope":"world","isUSA":false,"continent":"Europe"},"geometry":{"type":"Polygon","coordinates":[[[18.832227,49.510791],[18.160938,49.257373],[17.758496,48.888135],[17.135645,48.841064],[16.953125,48.598828],[16.543555,48.79624],[16.057227,48.754785],[14.993457,49.001123],[14.691309,48.599219],[14.189844,48.578564],[12.681152,49.414502],[12.390527,49.739648],[12.512012,49.895801],[12.089844,50.301758],[12.277344,50.181445],[12.549023,50.393408],[14.369043,50.89873],[14.283203,51.029492],[14.72334,50.814697],[14.99375,51.014355],[16.007227,50.611621],[16.359961,50.621387],[16.210352,50.42373],[16.63916,50.102148],[16.989648,50.236914],[16.880078,50.427051],[17.702246,50.307178],[17.627051,50.116406],[18.516211,49.902393],[18.829297,49.540137],[18.832227,49.510791]]]}},{"type":"Feature","properties":{"name":"Turkish Republic of Northern Cyprus","state":"Turkish Republic of Northern Cyprus","abbr":"CYN","iso":"CYN","kind":"country","scope":"world","isUSA":false,"continent":"Asia"},"geometry":{"type":"Polygon","coordinates":[[[34.004492,35.065234],[33.475781,35.000342],[33.383789,35.162695],[32.712695,35.171045],[32.879883,35.180566],[32.941602,35.39043],[33.607617,35.35415],[34.556055,35.662061],[33.941992,35.292041],[33.93125,35.140381],[34.004492,35.065234]]]}},{"type":"Feature","properties":{"name":"Cyprus","state":"Cyprus","abbr":"CY","iso":"CYP","kind":"country","scope":"world","isUSA":false,"continent":"Asia"},"geometry":{"type":"Polygon","coordinates":[[[32.712695,35.171045],[34.050195,34.988379],[33.699414,34.969873],[32.941797,34.575879],[32.449023,34.729443],[32.317188,34.95332],[32.300977,35.082959],[32.652344,35.182666],[32.712695,35.171045]]]}},{"type":"Feature","properties":{"name":"Cuba","state":"Cuba","abbr":"CU","iso":"CUB","kind":"country","scope":"world","isUSA":false,"continent":"North America"},"geometry":{"type":"MultiPolygon","coordinates":[[[[-81.837451,23.163037],[-80.650146,23.103076],[-79.820264,22.887012],[-79.275684,22.407617],[-78.686475,22.366846],[-77.636816,21.797363],[-77.497266,21.871631],[-77.144141,21.643604],[-77.366162,21.612646],[-77.252881,21.483496],[-77.098633,21.589014],[-76.867432,21.33042],[-75.722949,21.111035],[-75.595801,20.994678],[-75.724561,20.714551],[-74.882568,20.650635],[-74.153711,20.168555],[-75.116406,19.901416],[-75.151611,20.00835],[-75.290479,19.893115],[-76.158447,19.989746],[-77.715088,19.855469],[-77.103809,20.40752],[-77.22959,20.64375],[-78.116357,20.761865],[-78.490771,21.053711],[-78.727686,21.592725],[-79.357422,21.585156],[-80.231348,21.872168],[-80.485449,22.123437],[-81.035645,22.073584],[-81.185498,22.267969],[-81.284375,22.109424],[-81.849414,22.213672],[-82.077734,22.387695],[-81.710352,22.49668],[-81.838818,22.672461],[-82.738037,22.689258],[-83.379639,22.222998],[-83.900732,22.170117],[-84.030957,21.943115],[-84.502588,21.776172],[-84.501367,21.930273],[-84.887207,21.856982],[-84.326367,22.074316],[-84.361279,22.378906],[-84.044922,22.666016],[-82.101367,23.19043],[-81.837451,23.163037]]],[[[-77.668994,21.951953],[-77.918555,22.088086],[-77.645996,21.996484],[-77.668994,21.951953]]],[[[-78.0271,22.285156],[-78.273535,22.423584],[-78.06167,22.305908],[-78.0271,22.285156]]],[[[-78.630127,22.552246],[-78.283887,22.455469],[-78.695508,22.533984],[-78.630127,22.552246]]],[[[-77.879395,22.127539],[-77.999219,22.29873],[-77.84248,22.148975],[-77.879395,22.127539]]],[[[-82.561768,21.57168],[-82.959619,21.441309],[-83.183789,21.593457],[-82.973584,21.592285],[-82.991211,21.942725],[-82.714551,21.890283],[-82.567822,21.621826],[-82.561768,21.57168]]],[[[-79.349561,22.663916],[-79.628174,22.805225],[-79.382178,22.681348],[-79.349561,22.663916]]]]}},{"type":"Feature","properties":{"name":"Croatia","state":"Croatia","abbr":"HR","iso":"HRV","kind":"country","scope":"world","isUSA":false,"continent":"Europe"},"geometry":{"type":"MultiPolygon","coordinates":[[[[13.57793,45.516895],[14.369922,45.481445],[14.568848,45.657227],[14.793066,45.478223],[15.339453,45.467041],[15.277051,45.732617],[15.652148,45.862158],[15.608984,46.171924],[16.227441,46.372852],[16.321191,46.534619],[17.807129,45.79043],[18.358301,45.753027],[18.905371,45.931738],[19.004688,45.399512],[19.400977,45.189062],[19.136914,45.19624],[18.941309,44.865186],[18.662598,45.077441],[16.918652,45.276562],[16.293359,45.008838],[15.788086,45.178955],[15.736621,44.76582],[16.103418,44.520996],[16.300098,44.124512],[17.273828,43.445752],[17.585156,42.938379],[16.903125,43.392432],[15.985547,43.519775],[15.18584,44.172119],[15.122949,44.256787],[15.470996,44.271973],[14.981348,44.60293],[14.85459,45.081006],[14.550488,45.297705],[14.312695,45.337793],[13.899805,44.829346],[13.517188,45.481787],[13.57793,45.516895]]],[[[16.650684,42.996582],[17.188281,42.917041],[16.666309,42.959912],[16.650684,42.996582]]],[[[17.194043,43.125781],[16.376465,43.21377],[17.061133,43.143896],[17.194043,43.125781]]],[[[16.785254,43.270654],[16.423145,43.317236],[16.873633,43.297949],[16.785254,43.270654]]],[[[15.231055,44.062305],[15.24668,44.027051],[15.121875,44.093311],[15.074609,44.137842],[15.06582,44.157666],[15.231055,44.062305]]],[[[14.810254,44.977051],[14.437891,45.098633],[14.571094,45.224756],[14.73916,45.065479],[14.810254,44.977051]]],[[[14.831445,44.758936],[14.660352,44.799805],[14.76377,44.821387],[14.831445,44.758936]]],[[[15.188477,44.335742],[14.741895,44.697363],[15.213574,44.347559],[15.188477,44.335742]]],[[[15.18877,43.922363],[14.865039,44.167969],[14.952539,44.117188],[15.18877,43.922363]]],[[[15.371387,43.973828],[15.437207,43.899512],[15.374219,43.914795],[15.308594,43.960791],[15.27002,44.010742],[15.371387,43.973828]]],[[[14.488086,44.660059],[14.33125,45.16499],[14.48252,44.693359],[14.488086,44.660059]]],[[[17.607813,42.769043],[17.744238,42.700342],[17.431934,42.800391],[17.607813,42.769043]]],[[[18.436328,42.559717],[18.51748,42.43291],[17.04541,43.014893],[17.801953,42.902246],[18.346582,42.58667],[18.436328,42.559717]]]]}},{"type":"Feature","properties":{"name":"Ivory Coast","state":"Ivory Coast","abbr":"CI","iso":"CIV","kind":"country","scope":"world","isUSA":false,"continent":"Africa"},"geometry":{"type":"MultiPolygon","coordinates":[[[[-3.086719,5.12832],[-3.114014,5.088672],[-3.246387,5.114062],[-3.214893,5.147217],[-3.086719,5.12832]]],[[[-7.990625,10.1625],[-7.497949,10.439795],[-7.01709,10.143262],[-6.950342,10.342334],[-6.693262,10.349463],[-6.65415,10.656445],[-6.423926,10.559131],[-6.261133,10.724072],[-6.238379,10.261621],[-6.117188,10.201904],[-5.556592,10.439941],[-5.099854,10.241602],[-4.969922,9.930078],[-4.62583,9.713574],[-4.332227,9.645703],[-3.790625,9.917187],[-3.223535,9.895459],[-2.816748,9.42583],[-2.69585,9.481348],[-2.746924,9.045117],[-2.505859,8.20874],[-2.789746,7.931934],[-3.243896,6.648682],[-2.998291,5.711328],[-2.793652,5.600098],[-2.815674,5.153027],[-3.168701,5.203027],[-3.199951,5.354492],[-3.347559,5.130664],[-4.120166,5.309717],[-4.608887,5.235889],[-4.037207,5.230127],[-5.282373,5.210254],[-5.367529,5.150781],[-5.061816,5.130664],[-5.91377,5.010937],[-7.544971,4.351318],[-7.454395,5.841309],[-7.796533,5.975098],[-7.888623,6.234863],[-8.603564,6.507812],[-8.302344,6.980957],[-8.486426,7.558496],[-8.231885,7.556738],[-8.009863,8.078516],[-8.256104,8.253711],[-8.236963,8.455664],[-7.681201,8.410352],[-7.71958,8.643018],[-7.950977,8.786816],[-7.777979,9.080859],[-7.896191,9.415869],[-8.136963,9.495703],[-8.155176,9.973193],[-8.013525,10.125293],[-7.990625,10.1625]]]]}},{"type":"Feature","properties":{"name":"Costa Rica","state":"Costa Rica","abbr":"CR","iso":"CRI","kind":"country","scope":"world","isUSA":false,"continent":"North America"},"geometry":{"type":"Polygon","coordinates":[[[-82.563574,9.57666],[-82.939844,9.44917],[-82.940332,9.060107],[-82.727832,8.916064],[-83.027344,8.337744],[-82.879346,8.070654],[-83.285791,8.664355],[-83.469727,8.706836],[-83.291504,8.406006],[-83.604736,8.480322],[-83.734082,8.614453],[-83.613721,8.804053],[-83.736914,9.150293],[-84.581592,9.568359],[-84.714941,9.899414],[-85.025049,10.115723],[-85.263184,10.256641],[-84.886426,9.820947],[-85.114502,9.581787],[-85.624854,9.902441],[-85.849658,10.292041],[-85.667236,10.74502],[-85.908008,10.897559],[-85.58418,11.189453],[-84.90918,10.945312],[-84.348291,10.979883],[-83.919287,10.735352],[-83.641992,10.917236],[-83.346826,10.315381],[-82.610156,9.616016],[-82.563574,9.57666]]]}},{"type":"Feature","properties":{"name":"Democratic Republic of the Congo","state":"Democratic Republic of the Congo","abbr":"CD","iso":"COD","kind":"country","scope":"world","isUSA":false,"continent":"Africa"},"geometry":{"type":"Polygon","coordinates":[[[30.751172,-8.193652],[28.898145,-8.485449],[28.869531,-8.78584],[28.400684,-9.224805],[28.630078,-9.83125],[28.638867,-10.669238],[28.357227,-11.483008],[28.48252,-11.812109],[29.064355,-12.348828],[29.485547,-12.418457],[29.508203,-12.228223],[29.795117,-12.155469],[29.775195,-13.438086],[29.554199,-13.248926],[29.111621,-13.395117],[28.412891,-12.518066],[27.533398,-12.195312],[27.15918,-11.579199],[26.824023,-11.965234],[26.025977,-11.890137],[25.349414,-11.623047],[25.28877,-11.212402],[24.37793,-11.41709],[24.365723,-11.129883],[23.966504,-10.871777],[23.833887,-11.013672],[22.561035,-11.055859],[22.278809,-11.194141],[22.274512,-10.259082],[21.813184,-9.46875],[21.905371,-8.693359],[21.781641,-7.314648],[20.607813,-7.277734],[20.590039,-6.919922],[19.875195,-6.986328],[19.527637,-7.144434],[19.34082,-7.966602],[17.57959,-8.099023],[16.984766,-7.257422],[16.697266,-6.164258],[16.431445,-5.900195],[13.00332,-5.836133],[12.514551,-6.004199],[12.213672,-5.758691],[12.503711,-5.695801],[12.451465,-5.071484],[12.829688,-4.736621],[13.136621,-4.604297],[13.414941,-4.837402],[13.65957,-4.721484],[13.71709,-4.454492],[14.358301,-4.299414],[14.410742,-4.83125],[14.70791,-4.881738],[15.990039,-3.766211],[16.217383,-3.030273],[16.215332,-2.177832],[16.879883,-1.225879],[17.752832,-0.549023],[18.072168,2.013281],[18.622168,3.304053],[18.56748,4.257568],[19.068555,4.891406],[19.686035,5.121387],[20.558105,4.462695],[22.422168,4.134961],[22.864551,4.723877],[23.417188,4.663135],[24.319824,4.994141],[25.065234,4.967432],[25.525098,5.312109],[26.82207,5.062402],[27.114941,5.197852],[27.40332,5.10918],[28.19209,4.350244],[28.727051,4.50498],[29.224902,4.391895],[29.469629,4.611816],[29.676855,4.586914],[30.895313,3.463672],[30.728613,2.455371],[31.274023,2.146289],[29.942871,0.819238],[29.717676,0.09834],[29.576953,-1.387891],[29.196582,-1.719922],[29.131543,-2.195117],[28.857617,-2.44668],[29.224414,-3.053516],[29.211816,-3.833789],[29.403223,-4.449316],[29.323438,-4.898828],[29.607031,-5.722656],[29.54082,-6.313867],[30.212695,-7.037891],[30.720898,-8.104395],[30.751172,-8.193652]]]}},{"type":"Feature","properties":{"name":"Republic of the Congo","state":"Republic of the Congo","abbr":"CG","iso":"COG","kind":"country","scope":"world","isUSA":false,"continent":"Africa"},"geometry":{"type":"Polygon","coordinates":[[[11.130176,-3.916309],[11.504297,-3.520313],[11.879883,-3.665918],[11.93418,-3.318555],[11.537793,-2.836719],[11.605469,-2.342578],[12.446387,-2.32998],[12.432129,-1.928906],[12.59043,-1.826855],[12.991992,-2.313379],[13.464941,-2.39541],[13.733789,-2.138477],[13.993848,-2.490625],[14.383984,-1.890039],[14.474121,-0.573438],[13.860059,-0.20332],[13.949609,0.353809],[14.324219,0.624219],[14.429883,0.901465],[14.180859,1.370215],[13.216309,1.248437],[13.293555,2.161572],[14.578906,2.199121],[14.902441,2.012305],[15.741602,1.91499],[16.059375,1.676221],[16.080078,2.106787],[16.468555,2.831738],[16.610742,3.505371],[17.437988,3.684619],[18.160938,3.499805],[18.499805,3.604102],[18.622168,3.304053],[18.072168,2.013281],[17.752832,-0.549023],[16.879883,-1.225879],[16.215332,-2.177832],[16.146777,-3.46416],[15.872461,-3.934277],[14.70791,-4.881738],[14.410742,-4.83125],[14.358301,-4.299414],[13.71709,-4.454492],[13.65957,-4.721484],[13.414941,-4.837402],[12.798242,-4.430566],[12.018359,-5.004297],[11.364453,-4.130566],[11.130176,-3.916309]]]}},{"type":"Feature","properties":{"name":"Comoros","state":"Comoros","abbr":"KM","iso":"COM","kind":"country","scope":"world","isUSA":false,"continent":"Africa"},"geometry":{"type":"MultiPolygon","coordinates":[[[[44.476367,-12.081543],[44.50498,-12.356543],[44.220117,-12.171387],[44.451855,-12.071387],[44.476367,-12.081543]]],[[[43.788672,-12.307031],[43.858984,-12.368262],[43.663672,-12.342871],[43.63291,-12.287695],[43.631348,-12.24707],[43.704297,-12.255957],[43.788672,-12.307031]]],[[[43.46582,-11.90127],[43.22666,-11.751855],[43.299023,-11.374512],[43.491504,-11.862109],[43.46582,-11.90127]]]]}},{"type":"Feature","properties":{"name":"Colombia","state":"Colombia","abbr":"CO","iso":"COL","kind":"country","scope":"world","isUSA":false,"continent":"South America"},"geometry":{"type":"MultiPolygon","coordinates":[[[[-71.319727,11.861914],[-71.958105,11.666406],[-72.690088,10.83584],[-73.006543,9.78916],[-73.366211,9.194141],[-73.058398,9.25957],[-72.796387,9.108984],[-72.390332,8.287061],[-72.471973,7.524268],[-72.006641,7.032617],[-70.737158,7.090039],[-70.129199,6.953613],[-69.427148,6.123975],[-67.85918,6.289893],[-67.481982,6.180273],[-67.824902,5.270459],[-67.855273,4.506885],[-67.661621,3.864258],[-67.311133,3.415869],[-67.859082,2.793604],[-67.618701,2.793604],[-67.21084,2.390137],[-66.884473,1.358252],[-66.876025,1.223047],[-67.082275,1.1854],[-67.119238,1.703613],[-67.400439,2.116699],[-67.93623,1.748486],[-68.193799,1.987012],[-68.176562,1.719824],[-69.848584,1.70874],[-69.852148,1.059521],[-69.311816,1.050488],[-69.15332,0.658789],[-70.053906,0.578613],[-70.070508,-0.138867],[-69.633984,-0.509277],[-69.400244,-1.194922],[-69.965918,-4.235938],[-70.339502,-3.814355],[-70.735107,-3.781543],[-70.09585,-2.658203],[-70.968555,-2.206836],[-71.396973,-2.334082],[-71.752539,-2.152734],[-72.218457,-2.400488],[-72.941113,-2.394043],[-73.154492,-2.278223],[-73.196973,-1.830273],[-73.496289,-1.693066],[-73.664307,-1.248828],[-74.246387,-0.970605],[-74.801758,-0.200098],[-75.77666,0.089258],[-76.270605,0.439404],[-76.494629,0.235449],[-77.396338,0.393896],[-77.702881,0.837842],[-78.312109,1.046094],[-79.025439,1.623682],[-78.792969,1.84873],[-78.576904,1.773779],[-78.591699,2.356641],[-77.813574,2.716357],[-77.076807,3.913281],[-77.263525,3.893213],[-77.278027,4.058496],[-77.358203,3.944727],[-77.40874,4.247754],[-77.520703,4.212793],[-77.286328,4.721729],[-77.534424,5.537109],[-77.249268,5.780176],[-77.469434,6.176758],[-77.368799,6.575586],[-77.901172,7.229346],[-77.761914,7.698828],[-77.538281,7.56626],[-77.195996,7.972461],[-77.478516,8.498437],[-77.393066,8.644678],[-76.786572,7.931592],[-76.920459,8.57373],[-76.276855,8.989111],[-76.027246,9.365771],[-75.639355,9.450439],[-75.538574,10.205176],[-75.70835,10.143408],[-75.445996,10.610889],[-74.84458,11.109717],[-74.330225,10.99668],[-74.51626,10.8625],[-74.400879,10.765234],[-74.14292,11.32085],[-73.313379,11.295752],[-72.275,11.889258],[-72.135742,12.188574],[-71.714551,12.419971],[-71.262109,12.335303],[-71.137305,12.046338],[-71.28418,11.918311],[-71.319727,11.861914]]],[[[-78.113721,2.541748],[-78.14082,2.519678],[-78.19248,2.559277],[-78.210107,2.60918],[-78.178418,2.646338],[-78.137646,2.63418],[-78.119141,2.603613],[-78.113721,2.541748]]]]}},{"type":"Feature","properties":{"name":"People's Republic of China","state":"People's Republic of China","abbr":"CN","iso":"CHN","kind":"country","scope":"world","isUSA":false,"continent":"Asia"},"geometry":{"type":"MultiPolygon","coordinates":[[[[118.183008,24.496289],[118.090527,24.446143],[118.170703,24.518506],[118.183008,24.496289]]],[[[121.862695,31.492285],[121.211133,31.805371],[121.843652,31.526367],[121.862695,31.492285]]],[[[122.295898,29.963428],[121.969434,30.143115],[122.322266,30.031396],[122.295898,29.963428]]],[[[122.172559,29.679004],[122.042676,29.735937],[122.165039,29.700781],[122.172559,29.679004]]],[[[122.403906,29.892383],[122.394043,29.846094],[122.367578,29.852686],[122.331836,29.934961],[122.350977,29.955225],[122.401563,29.950244],[122.403906,29.892383]]],[[[119.820898,25.456982],[119.700293,25.432715],[119.722559,25.638818],[119.832422,25.47959],[119.820898,25.456982]]],[[[110.385156,21.093164],[110.503906,20.967725],[110.309863,21.074756],[110.385156,21.093164]]],[[[121.251367,28.086426],[121.131543,28.062598],[121.250977,28.145215],[121.251367,28.086426]]],[[[113.555273,22.804199],[113.404395,22.902832],[113.520508,22.852051],[113.555273,22.804199]]],[[[112.790234,21.601855],[112.771094,21.581836],[112.741992,21.618066],[112.733496,21.669922],[112.712695,21.697949],[112.760547,21.733252],[112.782031,21.772266],[112.839063,21.764502],[112.862598,21.752637],[112.812598,21.712158],[112.800684,21.694873],[112.790234,21.601855]]],[[[112.64375,21.639648],[112.525,21.623047],[112.647656,21.710254],[112.64375,21.639648]]],[[[107.972656,21.507959],[107.759277,21.655029],[107.351172,21.608887],[106.663574,21.978906],[106.550391,22.501367],[106.780273,22.778906],[105.842969,22.922803],[105.275391,23.345215],[104.864746,23.136377],[104.687305,22.822217],[104.371777,22.704053],[104.143066,22.800146],[103.941504,22.540088],[103.620215,22.782031],[103.492969,22.587988],[103.300586,22.764404],[102.981934,22.448242],[102.470898,22.750928],[102.127441,22.379199],[101.70752,22.486572],[101.524512,22.253662],[101.736523,21.826514],[101.728125,21.156396],[101.247852,21.197314],[101.079785,21.755859],[100.60459,21.471777],[100.147656,21.480518],[99.917676,22.028027],[99.173438,22.15332],[99.507129,22.959131],[98.86377,23.19126],[98.676758,23.905078],[98.835059,24.121191],[97.564551,23.911035],[97.708203,24.22876],[97.529395,24.631201],[97.819531,25.251855],[98.65625,25.863574],[98.651172,27.572461],[98.298828,27.550098],[98.098926,28.142285],[97.658887,28.5],[97.322461,28.217969],[96.602637,28.459912],[96.281445,28.412061],[96.580859,28.763672],[96.435742,29.050684],[96.137109,28.922607],[96.122363,29.08208],[96.355859,29.249072],[96.035352,29.447168],[95.389258,29.037402],[94.623047,29.312402],[93.760742,28.729785],[93.251953,28.629492],[92.652539,28.093359],[92.664355,27.948926],[91.977637,27.730371],[91.631934,27.759961],[91.641895,27.923242],[91.273047,28.078369],[91.020801,27.970068],[89.897852,28.294141],[89.480664,28.059961],[88.891406,27.316064],[88.749023,27.521875],[88.803711,28.006934],[88.621094,28.091846],[87.622559,27.815186],[87.141406,27.83833],[86.614453,28.103027],[86.408691,27.928662],[86.137012,28.114355],[85.994531,27.9104],[85.67832,28.277441],[85.122461,28.315967],[85.159082,28.592236],[84.796875,28.560205],[84.228711,28.911768],[84.101367,29.219971],[83.583496,29.183594],[83.155469,29.612646],[82.220703,30.063867],[82.043359,30.326758],[81.417188,30.337598],[81.110352,30.036816],[80.682129,30.414844],[80.191211,30.568408],[80.149414,30.789844],[79.388477,31.064209],[79.107129,31.402637],[78.757812,31.30249],[78.735449,31.957959],[78.389648,32.519873],[78.700879,32.597021],[78.918945,32.358203],[79.219336,32.501074],[79.135156,33.171924],[78.801855,33.499707],[78.72666,34.013379],[78.970117,34.302637],[78.282031,34.653906],[78.042676,35.479785],[77.090039,35.552051],[76.55127,35.887061],[76.177832,35.810547],[75.912305,36.048975],[75.974414,36.382422],[75.840234,36.649707],[74.376172,37.137354],[75.11875,37.385693],[74.894238,37.601416],[74.835938,38.404297],[74.277441,38.659766],[73.80166,38.606885],[73.631641,39.448877],[73.907129,39.578516],[73.835352,39.800146],[73.991602,40.043115],[74.830469,40.328516],[74.835156,40.482617],[75.555566,40.625195],[75.677148,40.305811],[76.318555,40.352246],[76.907715,41.02417],[78.123438,41.075635],[78.742578,41.560059],[80.235156,42.043457],[80.165039,42.665527],[80.538965,42.873486],[80.390234,43.043115],[80.785742,43.161572],[80.355273,44.097266],[80.481543,44.714648],[79.871875,44.883789],[81.691992,45.349365],[81.944922,45.16084],[82.521484,45.125488],[82.611621,45.424268],[82.315234,45.594922],[83.029492,47.185937],[84.666602,46.972363],[84.786133,46.830713],[85.484766,47.063525],[85.656641,47.254639],[85.525977,47.915625],[85.692187,48.311816],[86.549414,48.528613],[86.885938,49.090576],[87.814258,49.162305],[87.743164,48.881641],[88.060059,48.707178],[87.979688,48.555127],[89.047656,48.002539],[89.479199,48.029053],[90.313281,47.676172],[91.028906,46.566064],[90.911523,46.270654],[91.001758,46.035791],[90.661816,45.525244],[90.877246,45.196094],[93.516211,44.944482],[94.712012,44.35083],[95.350293,44.278076],[95.325586,44.039355],[95.525586,43.953955],[95.85957,43.275977],[96.385449,42.720361],[101.495313,42.53877],[102.156641,42.158105],[103.711133,41.751318],[104.498242,41.877002],[104.498242,41.658691],[104.982031,41.595508],[106.77002,42.288721],[109.339844,42.438379],[110.400391,42.773682],[111.007227,43.341406],[111.933203,43.711426],[111.402246,44.367285],[111.898047,45.064062],[113.587012,44.745703],[114.560156,45.38999],[115.681055,45.458252],[116.197656,45.739355],[116.562598,46.289795],[117.333398,46.362012],[117.438086,46.58623],[117.741211,46.518164],[118.843945,46.760205],[119.331836,46.613818],[119.867188,46.672168],[119.711133,47.15],[118.498438,47.983984],[117.768359,47.987891],[117.350781,47.652197],[116.760547,47.869775],[115.898242,47.686914],[115.525098,48.130859],[115.785547,48.248242],[115.820508,48.577246],[116.683301,49.823779],[117.873438,49.513477],[119.259863,50.066406],[119.346289,50.278955],[119.163672,50.406006],[120.066895,51.600684],[120.749805,52.096533],[120.656152,52.56665],[120.044336,52.718213],[120.985449,53.28457],[123.607813,53.546533],[124.812305,53.133838],[125.649023,53.042285],[126.341699,52.362012],[126.924805,51.100146],[127.307031,50.707959],[127.337207,50.350146],[127.590234,50.208984],[127.550781,49.801807],[127.999609,49.568604],[128.704004,49.600146],[129.065137,49.374658],[129.498145,49.388818],[130.195996,48.89165],[130.553125,48.861182],[130.552148,48.60249],[130.804297,48.341504],[130.732617,48.019238],[131.002734,47.691455],[132.47627,47.71499],[133.144043,48.105664],[134.293359,48.373437],[134.665234,48.253906],[134.566016,48.02251],[134.752344,47.71543],[134.167676,47.302197],[133.861328,46.247754],[133.436426,45.604687],[133.186035,45.494824],[133.113477,45.130713],[132.936035,45.029932],[131.851855,45.326855],[131.446875,44.984033],[130.981641,44.844336],[131.255273,44.071582],[131.257324,43.378076],[131.068555,42.902246],[130.424805,42.727051],[130.526953,42.5354],[130.240332,42.891797],[129.898242,42.998145],[129.697852,42.448145],[129.313672,42.413574],[128.923438,42.038232],[128.045215,41.9875],[128.289258,41.607422],[128.149414,41.387744],[127.179688,41.531348],[126.954785,41.769482],[126.721582,41.716553],[125.989062,40.904639],[124.889355,40.459814],[124.26748,39.92417],[122.840039,39.60083],[121.677246,39.003418],[121.649902,38.865088],[121.163574,38.731641],[121.106738,38.920801],[121.679883,39.108691],[121.818457,39.386523],[121.275488,39.384766],[121.26748,39.544678],[121.517578,39.638965],[121.517383,39.844824],[121.800977,39.950537],[122.263867,40.500195],[121.834863,40.974268],[121.729297,40.846143],[121.174512,40.90127],[120.479102,40.230957],[119.391113,39.75249],[118.976953,39.182568],[117.784668,39.134473],[117.553809,38.691455],[117.656055,38.424219],[118.014941,38.183398],[118.940039,38.042773],[119.08916,37.700732],[118.952637,37.331152],[119.287402,37.138281],[119.760547,37.155078],[120.257227,37.679004],[120.75,37.833936],[121.640234,37.460352],[122.666992,37.402832],[122.340918,36.832227],[121.932715,36.959473],[120.81084,36.632812],[120.895801,36.444141],[120.711523,36.413281],[120.637891,36.129932],[120.393066,36.053857],[120.327734,36.228174],[120.183301,36.202441],[120.094141,36.118896],[120.284766,35.984424],[119.429688,35.301416],[119.165332,34.848828],[120.266699,34.274023],[120.871094,33.016504],[120.853223,32.661377],[121.341699,32.425049],[121.450781,32.15332],[121.832422,31.899756],[121.763574,31.699512],[120.520117,32.105859],[120.035937,31.936279],[120.715527,31.98374],[121.834473,31.061621],[121.87793,30.916992],[121.418945,30.789795],[120.897461,30.392627],[120.194629,30.241309],[120.494531,30.303076],[120.633398,30.133154],[121.258008,30.304102],[122.08291,29.870361],[121.50625,29.48457],[121.887988,29.627783],[121.968359,29.490625],[121.917773,29.13501],[121.71748,29.256348],[121.447656,29.131348],[121.679688,28.953125],[121.540039,28.931885],[121.6625,28.851416],[121.475195,28.641406],[121.609961,28.292139],[121.145703,28.32666],[120.958594,28.037012],[120.747656,28.009961],[120.833008,27.891455],[120.60752,27.412402],[120.042969,26.633838],[119.882227,26.610449],[119.824219,26.846387],[119.588184,26.784961],[119.881055,26.33418],[119.463086,26.054688],[119.139453,26.121777],[119.332031,25.94873],[119.61875,26.003564],[119.622461,25.391162],[119.180078,25.449805],[119.285547,25.232227],[118.977539,25.209277],[118.909082,24.928906],[118.636914,24.835547],[118.657031,24.621436],[118.087109,24.627002],[117.842676,24.474316],[118.056055,24.246094],[117.466406,23.840576],[117.367676,23.588623],[117.29082,23.714355],[116.910645,23.64668],[116.470703,22.945898],[115.49834,22.718848],[115.195801,22.817285],[114.853809,22.616797],[114.65166,22.755273],[114.554199,22.528906],[114.01543,22.511914],[113.519727,23.1021],[113.331055,22.912012],[113.553027,22.594043],[113.549121,22.225195],[113.149023,22.075],[113.08877,22.207959],[112.953906,21.907324],[112.586328,21.776855],[112.359668,21.978027],[112.30498,21.741699],[111.943945,21.849658],[111.602734,21.559082],[111.016895,21.511719],[110.567187,21.214062],[110.410937,21.338135],[110.154004,20.944629],[110.511523,20.518262],[110.344727,20.294824],[109.88252,20.364063],[109.968359,20.448145],[109.662598,20.916895],[109.930762,21.480566],[109.566406,21.690576],[109.544043,21.537939],[109.148633,21.425537],[109.101758,21.590479],[108.77168,21.630469],[108.479883,21.904639],[108.502148,21.633447],[108.324805,21.693506],[108.067383,21.525977],[107.972656,21.507959]]],[[[110.88877,19.991943],[111.013672,19.655469],[110.640918,19.291211],[110.45127,18.747949],[110.067383,18.447559],[109.519336,18.218262],[108.701563,18.535254],[108.665527,19.304102],[109.263477,19.882666],[110.171582,20.053711],[110.588184,19.976367],[110.651758,20.137744],[110.809082,20.014404],[110.88877,19.991943]]]]}},{"type":"Feature","properties":{"name":"Macau","state":"Macau","abbr":"MO","iso":"MAC","kind":"country","scope":"world","isUSA":false,"continent":"Asia"},"geometry":{"type":"Polygon","coordinates":[[[113.478906,22.195557],[113.481055,22.21748],[113.494141,22.241553],[113.527051,22.245947],[113.548145,22.222607],[113.545508,22.221484],[113.498828,22.20166],[113.48418,22.197754],[113.478906,22.195557]]]}},{"type":"Feature","properties":{"name":"Hong Kong","state":"Hong Kong","abbr":"HK","iso":"HKG","kind":"country","scope":"world","isUSA":false,"continent":"Asia"},"geometry":{"type":"MultiPolygon","coordinates":[[[[114.01543,22.511914],[114.266016,22.540967],[114.335254,22.39624],[113.937305,22.36499],[114.006738,22.484033],[114.01543,22.511914]]],[[[114.232031,22.210547],[114.134473,22.292236],[114.243555,22.233545],[114.232031,22.210547]]],[[[113.997754,22.210498],[113.838867,22.241699],[114.00332,22.277539],[113.997754,22.210498]]]]}},{"type":"Feature","properties":{"name":"Chile","state":"Chile","abbr":"CL","iso":"CHL","kind":"country","scope":"world","isUSA":false,"continent":"South America"},"geometry":{"type":"MultiPolygon","coordinates":[[[[-109.27998,-27.14043],[-109.434131,-27.171289],[-109.222852,-27.101074],[-109.27998,-27.14043]]],[[[-78.80415,-33.646484],[-78.989453,-33.661719],[-78.774707,-33.641602],[-78.80415,-33.646484]]],[[[-70.418262,-18.345605],[-69.926367,-18.206055],[-69.8521,-17.703809],[-69.510937,-17.506055],[-69.313379,-17.943164],[-69.093945,-18.050488],[-68.968311,-18.967969],[-68.462891,-19.432813],[-68.698291,-19.721094],[-68.560693,-19.96709],[-68.755811,-20.09082],[-68.760547,-20.416211],[-68.484326,-20.628418],[-68.558252,-20.901953],[-68.197021,-21.300293],[-67.879443,-22.822949],[-67.194873,-22.82168],[-67.008789,-23.001367],[-67.356201,-24.033789],[-68.250293,-24.391992],[-68.562012,-24.747363],[-68.384229,-25.091895],[-68.59209,-25.42002],[-68.414502,-26.153711],[-68.591602,-26.47041],[-68.318652,-26.973242],[-68.846338,-27.153711],[-69.174414,-27.924707],[-69.656934,-28.413574],[-69.827881,-29.103223],[-70.026807,-29.324023],[-69.844287,-30.175],[-70.153223,-30.360938],[-70.309082,-31.022656],[-70.51958,-31.148438],[-70.585205,-31.569434],[-70.254395,-31.957715],[-70.36377,-32.083496],[-70.021973,-32.88457],[-70.084863,-33.201758],[-69.819629,-33.283789],[-69.852441,-34.224316],[-70.052051,-34.300781],[-70.555176,-35.246875],[-70.404785,-36.061719],[-71.055518,-36.52373],[-71.192187,-36.843652],[-71.167578,-37.762305],[-70.847656,-38.541602],[-70.951611,-38.738477],[-71.401562,-38.935059],[-71.539453,-39.602441],[-71.719922,-39.635254],[-71.659766,-40.020801],[-71.818311,-40.17666],[-71.695312,-40.335254],[-71.941357,-40.78916],[-71.75,-42.046777],[-72.108203,-42.251855],[-72.143701,-42.577148],[-72.102393,-43.065625],[-71.750635,-43.237305],[-71.90498,-43.347559],[-71.680078,-43.92959],[-71.82002,-44.383105],[-71.212598,-44.441211],[-71.159717,-44.560254],[-71.261133,-44.763086],[-72.063721,-44.771875],[-71.35376,-45.230469],[-71.508105,-45.512695],[-71.746191,-45.578906],[-71.631543,-45.953711],[-71.875684,-46.160547],[-71.699658,-46.651367],[-71.940234,-46.83125],[-71.90498,-47.20166],[-72.345947,-47.492676],[-72.51792,-47.876367],[-72.293018,-48.229102],[-72.608398,-48.519336],[-72.614404,-48.792871],[-73.033643,-49.014355],[-73.135254,-49.300684],[-73.461572,-49.313867],[-73.57627,-49.58291],[-73.50127,-50.125293],[-73.15293,-50.738281],[-72.340234,-50.681836],[-72.407666,-51.54082],[-71.971094,-51.96416],[-69.960254,-52.008203],[-68.460986,-52.29043],[-69.241016,-52.205469],[-69.620312,-52.464746],[-70.795117,-52.76875],[-70.99585,-53.779297],[-71.297754,-53.883398],[-72.174414,-53.632324],[-72.412891,-53.350195],[-71.941699,-53.234082],[-71.891699,-53.523535],[-71.791455,-53.48457],[-71.740527,-53.232617],[-71.288965,-53.033691],[-71.227148,-52.810645],[-72.278027,-53.132324],[-72.548926,-53.460742],[-73.052734,-53.243457],[-72.727686,-52.762305],[-71.511279,-52.605371],[-72.712109,-52.535547],[-73.122461,-53.073926],[-73.645215,-52.837012],[-73.24082,-52.707129],[-73.123926,-52.487988],[-73.585693,-52.685742],[-74.014453,-52.639355],[-74.295654,-52.117871],[-73.834473,-52.233984],[-73.684326,-52.077734],[-73.260449,-52.157813],[-72.79502,-51.949512],[-72.57085,-52.200098],[-72.714014,-52.356738],[-72.52334,-52.255469],[-72.542529,-51.706152],[-73.16875,-51.453906],[-72.600049,-51.799121],[-73.518164,-52.041016],[-73.752637,-51.795508],[-74.19668,-51.680566],[-73.929785,-51.617871],[-73.939502,-51.266309],[-74.814746,-51.062891],[-75.094678,-50.68125],[-74.685742,-50.662012],[-74.775879,-50.469922],[-74.644482,-50.360938],[-73.806543,-50.938379],[-73.654443,-50.492676],[-73.978027,-50.827051],[-74.197217,-50.609766],[-74.185596,-50.485352],[-73.950342,-50.510547],[-74.62959,-50.194043],[-74.33374,-49.974609],[-73.958594,-49.994727],[-74.323926,-49.783398],[-74.29082,-49.604102],[-73.836377,-49.609375],[-74.094434,-49.429688],[-73.934961,-49.020898],[-74.221289,-49.500586],[-74.366553,-49.400488],[-74.341016,-48.595703],[-74.009082,-48.475],[-74.474414,-48.463965],[-74.584668,-47.999023],[-73.391064,-48.145898],[-73.715869,-47.655469],[-73.940869,-47.929395],[-74.227051,-47.968945],[-74.654932,-47.702246],[-74.533789,-47.567676],[-74.134082,-47.59082],[-74.482666,-47.430469],[-74.158398,-47.18252],[-74.313574,-46.788184],[-74.512256,-46.885156],[-75.005957,-46.741113],[-74.98418,-46.512109],[-75.540332,-46.69873],[-75.430371,-46.93457],[-75.706396,-46.705273],[-74.924463,-46.159668],[-75.066699,-45.874902],[-74.157861,-45.767188],[-74.122705,-45.496191],[-73.957178,-45.404395],[-73.825,-45.446875],[-74.019922,-46.055859],[-74.392969,-46.217383],[-73.967578,-46.154102],[-73.735254,-45.811719],[-73.948633,-46.533105],[-73.845361,-46.566016],[-73.591846,-45.899121],[-73.730762,-45.47998],[-73.266211,-45.346191],[-72.933838,-45.452344],[-73.444971,-45.238184],[-73.404883,-45.102344],[-72.680078,-44.593945],[-72.663867,-44.436426],[-73.265088,-44.168652],[-72.996582,-43.631543],[-73.075977,-43.323633],[-72.758008,-43.039453],[-72.848047,-42.669141],[-72.631836,-42.509668],[-72.773242,-42.257715],[-72.631055,-42.199805],[-72.412354,-42.388184],[-72.499414,-41.980859],[-72.824072,-41.908789],[-72.318262,-41.499023],[-72.542383,-41.690625],[-72.952832,-41.514746],[-73.241797,-41.780859],[-73.624023,-41.773633],[-73.965869,-41.118262],[-73.670996,-39.963184],[-73.4104,-39.78916],[-73.226465,-39.224414],[-73.520215,-38.509375],[-73.464795,-38.040332],[-73.662402,-37.341016],[-73.60166,-37.188477],[-73.215967,-37.166895],[-72.623926,-35.585742],[-72.223779,-35.096191],[-72.002832,-34.165332],[-71.664355,-33.652637],[-71.742969,-33.095117],[-71.452246,-32.65957],[-71.708936,-30.628027],[-71.669482,-30.330371],[-71.400391,-30.142969],[-71.315723,-29.649707],[-71.519238,-28.926465],[-71.186426,-28.377832],[-70.646582,-26.329395],[-70.713721,-25.78418],[-70.452197,-25.251855],[-70.574121,-24.644336],[-70.392334,-23.565918],[-70.593359,-23.255469],[-70.331689,-22.848633],[-70.087549,-21.493066],[-70.361621,-18.398047],[-70.418262,-18.345605]]],[[[-68.629932,-52.652637],[-68.653223,-54.853613],[-71.901562,-54.601562],[-71.800146,-54.433984],[-70.797266,-54.327246],[-70.701123,-54.485449],[-70.310986,-54.528516],[-70.863086,-54.110449],[-70.867725,-53.88418],[-70.531299,-53.627344],[-70.379736,-53.986719],[-70.629834,-54.005566],[-70.535303,-54.136133],[-70.168994,-54.379297],[-69.741846,-54.305859],[-69.253174,-54.557422],[-69.044336,-54.406738],[-69.988135,-54.109082],[-70.151123,-53.888086],[-70.091113,-53.721777],[-69.355957,-53.416309],[-70.329297,-53.377637],[-70.443359,-53.085547],[-70.130615,-52.942773],[-70.380127,-52.751953],[-69.935449,-52.821094],[-69.498389,-52.491406],[-69.167041,-52.667578],[-68.659229,-52.631543],[-68.629932,-52.652637]]],[[[-67.079932,-55.153809],[-67.339697,-55.292578],[-68.07002,-55.221094],[-68.301367,-54.980664],[-67.245264,-54.977637],[-67.085498,-55.115234],[-67.079932,-55.153809]]],[[[-73.773389,-43.345898],[-74.387354,-43.231641],[-74.03667,-41.795508],[-73.527832,-41.896289],[-73.4229,-42.192871],[-73.470801,-42.466309],[-73.789258,-42.585742],[-73.436328,-42.936523],[-73.737891,-43.291406],[-73.773389,-43.345898]]],[[[-74.476172,-49.147852],[-74.594727,-50.006641],[-74.762988,-50.011426],[-74.88042,-49.725879],[-74.723828,-49.423828],[-74.960107,-49.533008],[-75.066016,-49.852344],[-75.549805,-49.791309],[-75.305859,-49.494043],[-75.46748,-49.358887],[-75.086035,-49.270215],[-75.210156,-49.148047],[-74.949219,-48.960156],[-74.969531,-48.791309],[-74.530664,-48.812598],[-74.476172,-49.147852]]],[[[-75.510254,-48.763477],[-75.650928,-48.586328],[-75.560693,-48.070898],[-75.391406,-48.019727],[-75.158496,-48.622656],[-75.433984,-48.721191],[-75.510254,-48.763477]]],[[[-74.385742,-52.922363],[-73.135205,-53.353906],[-74.270215,-53.081543],[-74.712012,-52.74873],[-74.422266,-52.860059],[-74.385742,-52.922363]]],[[[-74.567285,-48.591992],[-74.923047,-48.626465],[-75.247266,-48.026758],[-74.827441,-47.850391],[-74.618213,-48.425195],[-74.567285,-48.591992]]],[[[-72.923242,-53.481641],[-72.20542,-53.807422],[-72.870996,-54.126563],[-72.958594,-54.065918],[-72.76377,-53.864844],[-73.039453,-53.832813],[-73.210645,-53.98584],[-73.314355,-53.729199],[-73.845459,-53.545801],[-73.686523,-53.426855],[-72.947266,-53.44248],[-72.923242,-53.481641]]],[[[-74.822949,-51.630176],[-74.536816,-51.965137],[-74.694482,-52.279199],[-74.851807,-52.270703],[-75.105371,-51.788867],[-74.909668,-51.65],[-74.822949,-51.630176]]],[[[-69.702979,-54.919043],[-68.458008,-54.959668],[-68.613281,-55.155566],[-68.282666,-55.255176],[-68.04834,-55.643164],[-68.867041,-55.450195],[-68.890088,-55.241211],[-69.192627,-55.171875],[-69.359229,-55.300684],[-69.180859,-55.474805],[-69.411816,-55.444238],[-69.979785,-55.147461],[-69.884424,-54.882031],[-69.702979,-54.919043]]],[[[-71.390479,-54.032813],[-71.021924,-54.111816],[-71.004883,-54.24668],[-71.143262,-54.374023],[-71.473291,-54.231152],[-71.948535,-54.300879],[-72.210449,-54.047754],[-71.996484,-53.884863],[-71.55415,-53.956055],[-71.390479,-54.032813]]],[[[-73.735352,-44.394531],[-74.002051,-44.590918],[-73.7521,-45.266797],[-74.099072,-45.325391],[-74.617773,-44.647949],[-74.501807,-44.473535],[-74.097217,-44.389355],[-73.994922,-44.140234],[-73.703711,-44.325391],[-73.735352,-44.394531]]],[[[-72.986133,-44.780078],[-73.39707,-44.774316],[-73.26001,-44.350293],[-72.776367,-44.508594],[-72.897168,-44.712012],[-72.986133,-44.780078]]],[[[-75.04248,-44.890137],[-75.142139,-44.815625],[-75.032227,-44.870508],[-75.04248,-44.890137]]],[[[-75.302002,-50.67998],[-75.438525,-50.741113],[-75.427637,-50.480566],[-75.115332,-50.510449],[-75.292334,-50.596875],[-75.302002,-50.67998]]],[[[-75.106689,-48.836523],[-75.389941,-49.15918],[-75.641162,-49.19541],[-75.487646,-49.082422],[-75.619141,-48.885938],[-75.118604,-48.772949],[-75.106689,-48.836523]]],[[[-75.112207,-47.837695],[-75.261035,-47.763867],[-74.926465,-47.723145],[-75.084473,-47.824512],[-75.112207,-47.837695]]],[[[-74.66875,-43.607812],[-74.841992,-43.570312],[-74.664795,-43.599609],[-74.66875,-43.607812]]],[[[-73.632178,-44.821484],[-73.779492,-44.55918],[-73.616602,-44.75293],[-73.632178,-44.821484]]],[[[-74.558643,-51.277051],[-74.620361,-51.395703],[-75.047363,-51.39834],[-75.289111,-51.625391],[-75.153662,-51.278809],[-74.570508,-51.24541],[-74.558643,-51.277051]]],[[[-75.054785,-50.296094],[-75.449121,-50.343359],[-75.32666,-50.011816],[-74.875977,-50.109961],[-74.963379,-50.237305],[-75.054785,-50.296094]]],[[[-73.810645,-43.827246],[-74.142969,-43.872168],[-73.841406,-43.788965],[-73.810645,-43.827246]]],[[[-74.142187,-51.931055],[-74.475391,-51.725684],[-74.118896,-51.911133],[-74.142187,-51.931055]]],[[[-74.312891,-45.691504],[-74.689844,-45.662598],[-74.310547,-45.172656],[-74.243896,-45.653613],[-74.312891,-45.691504]]],[[[-67.575195,-55.889648],[-67.849707,-55.842578],[-67.545264,-55.877441],[-67.575195,-55.889648]]],[[[-66.472119,-55.229102],[-66.636621,-55.234375],[-66.435791,-55.189746],[-66.472119,-55.229102]]],[[[-70.991602,-54.867969],[-70.417529,-54.908887],[-70.297852,-55.11377],[-71.437207,-54.889258],[-71.088623,-54.86748],[-70.991602,-54.867969]]],[[[-67.288867,-55.776855],[-67.563477,-55.707813],[-67.374072,-55.589355],[-67.267285,-55.762793],[-67.288867,-55.776855]]]]}},{"type":"Feature","properties":{"name":"Chad","state":"Chad","abbr":"TD","iso":"TCD","kind":"country","scope":"world","isUSA":false,"continent":"Africa"},"geometry":{"type":"Polygon","coordinates":[[[23.980273,19.496631],[23.970801,15.721533],[23.105176,15.702539],[22.933887,15.533105],[22.932324,15.162109],[22.381543,14.550488],[22.538574,14.161865],[22.106445,13.799805],[22.228125,13.32959],[21.825293,12.790527],[22.352344,12.660449],[22.591113,11.579883],[22.922656,11.344873],[22.860059,10.919678],[22.493848,10.99624],[21.771484,10.642822],[21.682715,10.289844],[20.34209,9.1271],[18.95625,8.938867],[18.886035,8.836035],[19.108691,8.656152],[18.56416,8.045898],[17.649414,7.983594],[16.784766,7.550977],[16.545313,7.865479],[15.957617,7.507568],[15.480078,7.523779],[15.549805,7.787891],[15.116211,8.557324],[13.977246,9.691553],[14.243262,9.979736],[15.654883,10.007812],[15.132227,10.648486],[15.08125,11.845508],[14.84707,12.5021],[14.461719,13.021777],[14.063965,13.078516],[13.606348,13.70459],[13.448242,14.380664],[14.367969,15.750146],[15.474316,16.908398],[15.735059,19.904053],[15.963184,20.346191],[15.181836,21.523389],[14.979004,22.996191],[15.984082,23.445215],[23.50127,19.733203],[23.980273,19.496631]]]}},{"type":"Feature","properties":{"name":"Central African Republic","state":"Central African Republic","abbr":"CF","iso":"CAF","kind":"country","scope":"world","isUSA":false,"continent":"Africa"},"geometry":{"type":"Polygon","coordinates":[[[24.147363,8.665625],[24.291406,8.291406],[24.85332,8.137549],[25.200391,7.80791],[25.278906,7.42749],[26.361816,6.635303],[26.514258,6.069238],[27.143945,5.722949],[27.40332,5.10918],[27.071875,5.199756],[26.82207,5.062402],[25.525098,5.312109],[25.065234,4.967432],[24.319824,4.994141],[23.417188,4.663135],[22.864551,4.723877],[22.422168,4.134961],[20.558105,4.462695],[20.226367,4.829639],[19.500977,5.12749],[19.068555,4.891406],[18.594141,4.34624],[18.610352,3.478418],[18.474414,3.622998],[18.160938,3.499805],[17.491602,3.687305],[16.610742,3.505371],[16.183398,2.270068],[16.063477,2.908594],[15.128711,3.826904],[15.063574,4.284863],[14.73125,4.602393],[14.562988,5.279932],[14.616895,5.865137],[14.440723,6.086719],[14.739258,6.279785],[15.480078,7.523779],[15.957617,7.507568],[16.545313,7.865479],[16.784766,7.550977],[17.649414,7.983594],[18.56416,8.045898],[19.108691,8.656152],[18.888281,8.889746],[20.34209,9.1271],[20.631445,9.301367],[22.043164,10.822705],[22.493848,10.99624],[22.860059,10.919678],[23.646289,9.8229],[23.468262,9.114746],[23.537305,8.81582],[24.048145,8.691309],[24.147363,8.665625]]]}},{"type":"Feature","properties":{"name":"Cape Verde","state":"Cape Verde","abbr":"CV","iso":"CPV","kind":"country","scope":"world","isUSA":false,"continent":"Africa"},"geometry":{"type":"MultiPolygon","coordinates":[[[[-25.169824,16.946484],[-25.337109,17.091016],[-25.113477,17.193652],[-25.01709,17.049316],[-25.169824,16.946484]]],[[[-23.444238,15.007959],[-23.705371,14.961328],[-23.748096,15.328516],[-23.535254,15.139258],[-23.444238,15.007959]]],[[[-24.887061,16.818115],[-25.093066,16.83252],[-24.891895,16.846484],[-24.887061,16.818115]]],[[[-22.917725,16.237256],[-22.681885,16.113281],[-22.884082,15.992725],[-22.916113,16.148438],[-22.917725,16.237256]]],[[[-24.308252,14.856299],[-24.51709,14.93125],[-24.391992,15.038281],[-24.295801,14.929541],[-24.308252,14.856299]]],[[[-24.087695,16.62251],[-24.322363,16.493115],[-24.39292,16.664453],[-24.271094,16.644873],[-24.087695,16.62251]]],[[[-22.88833,16.659082],[-22.990918,16.808838],[-22.903906,16.732129],[-22.88833,16.659082]]],[[[-23.182129,15.136768],[-23.210254,15.323535],[-23.115869,15.16665],[-23.182129,15.136768]]]]}},{"type":"Feature","properties":{"name":"Canada","state":"Canada","abbr":"CA","iso":"CAN","kind":"country","scope":"world","isUSA":false,"continent":"North America"},"geometry":{"type":"MultiPolygon","coordinates":[[[[-132.655518,54.12749],[-132.166113,53.955225],[-132.534668,53.651709],[-132.186963,53.684814],[-132.134424,54.034277],[-131.667627,54.141357],[-132.011328,53.265186],[-132.520459,53.194043],[-132.74751,53.310498],[-132.425,53.336963],[-132.84502,53.507715],[-133.052246,53.778125],[-133.063867,54.144043],[-132.893066,54.140771],[-132.655518,54.12749]]],[[[-131.753711,53.195557],[-131.634668,52.922168],[-131.971777,52.879834],[-131.455225,52.701709],[-131.590576,52.578223],[-131.142627,52.291113],[-131.221533,52.153613],[-132.165088,52.783301],[-132.258105,52.933887],[-132.14375,52.999316],[-132.546777,53.1375],[-131.853467,53.229736],[-131.753711,53.195557]]],[[[-127.197314,50.640381],[-125.48208,50.316797],[-124.830615,49.530078],[-123.995801,49.224023],[-123.283789,48.455176],[-123.573145,48.322803],[-125.120703,48.760791],[-124.812646,49.212646],[-124.927344,49.014209],[-125.489453,48.933789],[-125.828516,49.091846],[-125.644238,49.185791],[-125.95166,49.248047],[-125.9354,49.401465],[-126.519141,49.396777],[-126.541895,49.590479],[-126.134082,49.672314],[-126.90332,49.944141],[-127.114307,49.879736],[-127.249805,50.137988],[-127.863916,50.127734],[-127.905859,50.445215],[-127.486523,50.404639],[-127.465918,50.583105],[-128.05835,50.498486],[-128.349902,50.696582],[-128.101318,50.857764],[-127.713037,50.820752],[-127.197314,50.640381]]],[[[-130.025098,55.888232],[-130.097852,56.109277],[-131.824268,56.58999],[-131.866162,56.792822],[-132.104297,56.856787],[-132.031543,57.026562],[-132.337988,57.079443],[-132.232178,57.198535],[-133.401123,58.410889],[-134.94375,59.288281],[-135.051025,59.578662],[-135.475928,59.793262],[-136.321826,59.604834],[-136.247119,59.53291],[-136.466357,59.459082],[-136.57876,59.152246],[-137.438574,58.903125],[-137.593311,59.22627],[-139.185156,60.083594],[-139.079248,60.343701],[-139.973291,60.183154],[-141.002148,60.300244],[-141.002148,69.650781],[-139.181543,69.515527],[-137.869434,69.092822],[-135.258838,68.684326],[-135.894727,68.926709],[-135.575537,69.026953],[-135.910205,69.111475],[-135.14082,69.467822],[-134.456836,69.477637],[-134.408936,69.681787],[-133.879785,69.507715],[-134.174316,69.252832],[-130.665479,70.127051],[-129.538428,70.105176],[-130.83208,69.651465],[-131.937793,69.534717],[-132.686719,69.259863],[-133.418311,68.844287],[-133.196826,68.739844],[-133.33667,68.835254],[-132.577637,68.847803],[-132.718945,69.079199],[-131.788379,69.431982],[-131.063428,69.450684],[-130.970654,69.209082],[-130.117627,69.720068],[-128.898926,69.966162],[-129.15791,69.800098],[-128.853027,69.751025],[-127.683789,70.260352],[-128.170117,70.418457],[-127.991016,70.573828],[-127.225977,70.296143],[-126.612158,69.730322],[-125.727783,69.37998],[-125.171875,69.427979],[-125.345508,69.662451],[-124.76792,69.990039],[-124.990381,70.026611],[-124.555029,70.151221],[-124.406934,69.767432],[-124.124609,69.68999],[-124.481348,69.425146],[-124.338086,69.364844],[-123.528418,69.389355],[-123.025781,69.81001],[-121.741846,69.79751],[-120.13999,69.380566],[-117.226953,68.913428],[-115.442285,68.940918],[-114.620166,68.746094],[-113.964404,68.399072],[-114.095947,68.266797],[-114.765283,68.270215],[-115.434473,67.902344],[-115.133203,67.819189],[-112.503027,67.681934],[-110.073926,67.99292],[-109.630371,67.732715],[-109.038037,67.691162],[-108.852002,67.421973],[-108.61333,67.598047],[-107.988721,67.256396],[-107.991309,67.095166],[-108.496045,67.092285],[-107.259473,66.398535],[-107.710352,66.740039],[-107.745996,66.961475],[-107.156494,66.881738],[-107.958398,67.818604],[-107.763086,67.906836],[-107.798291,68.036914],[-106.424268,68.200586],[-105.750195,68.592285],[-106.458057,68.516455],[-106.608496,68.357373],[-107.619336,68.331055],[-107.73418,68.17373],[-108.718115,68.297461],[-108.345752,68.597803],[-106.164453,68.919873],[-105.685596,68.828174],[-105.377441,68.413818],[-104.486816,68.063184],[-103.474121,68.115039],[-102.320361,67.735645],[-98.412109,67.807178],[-98.703564,67.965723],[-98.631543,68.072559],[-97.454932,67.616992],[-97.139844,67.79624],[-97.546631,67.960742],[-98.192529,67.922998],[-98.650488,68.363525],[-97.410352,68.496533],[-96.976709,68.25542],[-96.430664,68.310596],[-96.72207,68.03877],[-95.970312,68.249121],[-96.369141,67.509766],[-96.141455,67.271826],[-95.719922,67.316797],[-95.777686,67.184619],[-95.415918,67.155566],[-95.418896,67.013232],[-96.422559,67.051758],[-95.787549,66.616797],[-96.036865,66.9375],[-95.399658,66.949463],[-95.25874,67.262549],[-95.650488,67.737451],[-95.460693,68.021387],[-94.744434,68.070898],[-93.448926,68.618896],[-93.643945,68.633105],[-93.852441,69.000342],[-94.064893,68.784766],[-94.600439,68.803223],[-94.083643,69.123096],[-94.255371,69.151465],[-94.254736,69.31377],[-93.619482,69.416992],[-93.748535,69.226123],[-93.430957,69.375049],[-93.532275,69.480908],[-94.270801,69.455127],[-94.633838,69.649658],[-95.964941,69.802783],[-96.551367,70.210303],[-96.297705,70.511377],[-95.878613,70.548975],[-95.988184,70.616846],[-95.886328,70.694287],[-96.258008,70.642285],[-96.548926,70.80874],[-96.446582,71.239893],[-96.062012,71.413867],[-95.564258,71.336768],[-95.40625,71.49165],[-95.872314,71.573145],[-95.201221,71.903711],[-94.611133,71.986865],[-94.30835,71.764893],[-93.746289,71.742822],[-93.031299,71.335693],[-92.882715,71.069336],[-92.981445,70.852246],[-91.564062,70.178271],[-92.320508,70.235352],[-92.511865,70.103857],[-91.976709,70.038672],[-92.887793,69.668213],[-91.911963,69.53125],[-91.201807,69.644775],[-91.439941,69.525684],[-90.415576,69.456982],[-91.237207,69.285547],[-90.479004,68.881152],[-90.573633,68.474707],[-90.247754,68.267432],[-89.897705,68.490771],[-89.666602,69.0146],[-89.279541,69.255469],[-88.041357,68.811719],[-87.82793,68.299951],[-88.346973,68.288281],[-88.313818,67.950342],[-87.359375,67.177246],[-86.560791,67.482129],[-86.398047,67.800098],[-85.952588,68.072461],[-85.689795,68.670947],[-84.867578,68.77334],[-85.106641,68.844043],[-84.862207,69.073975],[-85.386768,69.231885],[-85.507373,69.845264],[-82.37417,69.641797],[-82.754834,69.494385],[-82.309863,69.41001],[-82.227539,69.248877],[-81.377832,69.185645],[-81.95791,68.883643],[-81.25249,68.743164],[-81.914844,68.458789],[-82.552686,68.446484],[-82.222412,68.145264],[-82.0125,68.193896],[-82.062549,67.928174],[-81.294336,67.497412],[-81.467578,67.069873],[-83.406445,66.37124],[-84.538477,66.972803],[-85.113721,66.906934],[-84.737744,66.933594],[-84.223047,66.682471],[-83.869043,66.213574],[-84.628076,66.207715],[-85.603857,66.568262],[-86.708154,66.523047],[-86.685107,66.3604],[-85.95874,66.119043],[-87.452881,65.338965],[-87.969971,65.348926],[-89.749414,65.936035],[-91.427246,65.9479],[-89.924072,65.780273],[-88.974023,65.348291],[-87.027539,65.198096],[-88.105615,64.183301],[-88.817725,63.992236],[-89.200635,64.11377],[-89.131543,63.968506],[-90.04165,64.140869],[-89.855713,63.956982],[-90.168164,63.97876],[-90.013428,63.804297],[-90.154736,63.689648],[-90.811914,63.580908],[-93.696338,64.147168],[-93.559814,63.865283],[-93.270215,63.840869],[-93.378516,63.948486],[-92.156885,63.691699],[-92.465088,63.555078],[-91.841846,63.697559],[-90.711279,63.304053],[-90.777881,62.971631],[-91.448975,62.804053],[-92.361279,62.819385],[-91.93584,62.592383],[-92.551416,62.546729],[-92.767969,62.37998],[-92.527979,62.168408],[-93.205371,62.364941],[-92.905518,62.215137],[-93.333057,61.93291],[-93.581787,61.942041],[-93.312012,61.767285],[-93.912744,61.481445],[-94.509375,60.604541],[-94.761719,60.498242],[-94.646777,60.416406],[-94.788281,59.267871],[-94.957324,59.068848],[-94.287061,58.716016],[-94.332227,58.297363],[-94.123193,58.736719],[-93.17876,58.725635],[-92.432812,57.320312],[-92.798145,56.921973],[-90.592187,57.224463],[-88.826465,56.814258],[-87.482422,56.021289],[-85.67666,55.601074],[-85.218018,55.348975],[-85.365283,55.079297],[-85.060938,55.285645],[-83.910596,55.314648],[-82.393262,55.067822],[-82.219385,54.813477],[-82.42417,54.24458],[-82.141455,53.817627],[-82.291553,53.030713],[-81.599414,52.432617],[-81.827881,52.224219],[-81.466211,52.204492],[-80.657959,51.75835],[-80.443311,51.388574],[-80.851221,51.125],[-80.47832,51.307324],[-80.103564,51.282861],[-79.3479,50.762646],[-79.714453,51.117578],[-79.688818,51.346582],[-79.296973,51.622803],[-78.903174,51.200293],[-78.731348,51.497461],[-78.981641,51.774561],[-78.448096,52.261377],[-78.744141,52.655371],[-79.100342,53.656641],[-78.996045,54.00249],[-79.712354,54.671826],[-77.775293,55.29126],[-76.761816,55.996436],[-76.529834,56.499951],[-76.572852,57.181201],[-76.890918,57.758105],[-77.552441,58.2396],[-78.505908,58.649121],[-78.430518,58.901758],[-77.760693,59.380029],[-77.859033,59.475781],[-77.726172,59.675879],[-77.349072,59.578955],[-77.485303,59.68457],[-77.289209,60.022021],[-77.585889,60.088184],[-77.452881,60.145801],[-77.681445,60.4271],[-77.503564,60.542725],[-77.79082,60.639844],[-77.603027,60.825195],[-78.181348,60.819141],[-77.514355,61.556299],[-78.021387,61.83208],[-78.133398,62.282275],[-77.372412,62.57251],[-75.675537,62.249512],[-75.789844,62.17959],[-75.341211,62.312109],[-74.632568,62.115674],[-73.705078,62.473145],[-72.686963,62.124561],[-72.771631,61.84043],[-72.226123,61.831592],[-72.040039,61.680273],[-72.215869,61.587256],[-71.638281,61.617188],[-71.854395,61.439795],[-71.422705,61.158936],[-70.279297,61.068652],[-69.992432,60.856494],[-69.471924,61.010938],[-69.404736,60.846777],[-69.75127,60.487451],[-69.67373,60.075879],[-70.654834,60.026221],[-69.733936,59.918018],[-69.579395,59.675098],[-69.681885,59.341748],[-69.344043,59.303076],[-69.531641,58.869238],[-69.78418,58.955713],[-70.154346,58.760596],[-69.789893,58.689307],[-68.698193,58.904541],[-68.381152,58.743506],[-68.229395,58.48457],[-68.356543,58.163232],[-69.04082,57.90249],[-68.413574,58.051758],[-68.021045,58.485303],[-67.888281,58.295752],[-68.063867,58.138965],[-67.755957,58.40459],[-67.678271,57.991113],[-67.569629,58.213477],[-66.722168,58.491016],[-66.362402,58.791162],[-66.002393,58.431201],[-66.043066,58.820654],[-65.383545,59.060205],[-65.7,59.21333],[-65.411719,59.31499],[-65.475098,59.470312],[-65.038232,59.387891],[-65.407422,59.539355],[-65.433398,59.776514],[-65.028174,59.770703],[-65.171729,59.908008],[-64.817334,60.331055],[-64.499414,60.268262],[-64.41958,60.171387],[-64.768457,60.012109],[-64.283496,60.064062],[-64.226318,59.741211],[-64.056055,59.822559],[-63.750195,59.512598],[-63.945459,59.380176],[-63.415137,59.194385],[-63.971143,59.053809],[-63.248437,59.068311],[-63.282129,58.867383],[-63.050293,58.878174],[-62.873877,58.672461],[-63.537061,58.329932],[-62.593848,58.474023],[-62.812061,58.200391],[-63.261523,58.014697],[-62.48623,58.154053],[-61.958643,57.911768],[-61.967969,57.611914],[-62.495557,57.489209],[-61.921143,57.420801],[-61.977441,57.247949],[-61.33374,57.010596],[-61.371631,56.680811],[-62.497266,56.801709],[-61.737744,56.526025],[-61.94043,56.423584],[-61.425293,56.360645],[-61.713086,56.230957],[-61.364697,56.216016],[-61.301123,56.047168],[-61.449512,55.995703],[-60.341016,55.784668],[-60.408301,55.649561],[-60.192383,55.480908],[-60.617139,55.060205],[-59.758789,55.30957],[-59.437891,55.175928],[-59.837793,54.813965],[-59.25957,55.199951],[-58.997119,55.149463],[-58.780176,54.838379],[-57.962451,54.875732],[-57.404492,54.590869],[-58.633203,54.049561],[-59.823047,53.834424],[-60.144922,53.596143],[-60.39541,53.65332],[-60.100293,53.486963],[-60.329492,53.266113],[-58.652051,53.977881],[-57.928271,54.103564],[-58.309961,54.20166],[-57.416064,54.162744],[-57.134961,53.791846],[-57.524072,53.611426],[-57.331738,53.469092],[-56.524316,53.766455],[-55.966113,53.471143],[-55.797949,53.211963],[-55.802832,52.643164],[-56.324902,52.544531],[-55.746484,52.474561],[-56.011719,52.394482],[-55.672803,52.190137],[-56.975977,51.457666],[-58.510352,51.295068],[-60.080176,50.25459],[-61.724854,50.104053],[-62.71543,50.30166],[-66.495508,50.211865],[-66.941162,49.993701],[-67.372021,49.348438],[-68.281934,49.197168],[-69.673877,48.19917],[-71.018262,48.455615],[-69.775,48.098096],[-69.994434,47.739893],[-71.267773,46.795947],[-72.204639,46.558887],[-72.981006,46.209717],[-73.476611,45.738232],[-74.315088,45.531055],[-73.973828,45.345117],[-75.40127,44.772266],[-76.4646,44.057617],[-76.819971,43.628809],[-78.845557,43.58335],[-79.171875,43.466553],[-78.915088,42.909131],[-79.036719,42.802344],[-82.690039,41.675195],[-83.02998,41.832959],[-83.149658,42.141943],[-82.545312,42.624707],[-82.137842,43.570898],[-82.551074,45.347363],[-83.592676,45.817139],[-83.469482,45.994678],[-83.615967,46.116846],[-83.977783,46.084912],[-84.149463,46.542773],[-84.561768,46.457373],[-84.875977,46.899902],[-88.378174,48.303076],[-89.455664,47.99624],[-90.916064,48.209131],[-91.518311,48.058301],[-92.005176,48.301855],[-92.4146,48.276611],[-92.99624,48.611816],[-93.707715,48.525439],[-94.620898,48.742627],[-94.854346,49.30459],[-95.155273,49.369678],[-95.162061,48.991748],[-123.077295,48.980225],[-123.229443,49.260498],[-122.879102,49.398926],[-123.276758,49.343945],[-123.1875,49.680322],[-123.530566,49.397314],[-124.028613,49.602881],[-123.992627,49.736182],[-123.817187,49.586572],[-123.582471,49.68125],[-123.874414,49.736816],[-123.825439,50.144238],[-123.945898,50.183936],[-123.984912,49.875586],[-124.28125,49.772119],[-124.782373,50.020117],[-125.056689,50.418652],[-124.859863,50.872412],[-125.058789,50.513867],[-125.476318,50.497168],[-125.539355,50.649023],[-125.641309,50.466211],[-126.094336,50.497607],[-126.447461,50.587744],[-125.904102,50.704932],[-126.514355,50.679395],[-126.374609,50.837354],[-126.521777,50.866064],[-126.517334,51.056836],[-127.057568,50.867529],[-127.708105,51.151172],[-127.419678,51.608057],[-126.691455,51.703418],[-127.338721,51.707373],[-127.714063,51.490186],[-127.869141,51.775244],[-127.727637,51.993213],[-127.858789,51.990283],[-127.795361,52.191016],[-127.242236,52.395117],[-126.713965,52.060693],[-127.193994,52.457666],[-126.951318,52.72124],[-127.019336,52.84248],[-127.066211,52.652686],[-127.834326,52.250977],[-128.102246,51.788428],[-128.357617,52.158887],[-128.0375,52.318164],[-127.940234,52.545166],[-128.271533,52.362988],[-128.053271,52.910693],[-128.365039,52.825781],[-128.524707,53.140674],[-129.171582,53.533594],[-128.85459,53.704541],[-128.905615,53.559326],[-127.927832,53.274707],[-128.675537,53.55459],[-128.763672,53.746875],[-128.532129,53.858105],[-128.959375,53.841455],[-129.563721,53.251465],[-130.335254,53.723926],[-130.043311,54.133545],[-129.626025,54.230273],[-130.084229,54.181396],[-130.430273,54.420996],[-129.560645,55.462549],[-129.795166,55.55957],[-130.048486,55.057275],[-130.020312,55.880762],[-130.025098,55.888232]]],[[[-109.815967,78.650391],[-109.467285,78.567188],[-109.3521,78.368652],[-113.292578,78.334375],[-110.877588,78.735059],[-109.940869,78.678467],[-109.815967,78.650391]]],[[[-110.458057,78.103223],[-109.619043,78.056836],[-110.865625,77.834131],[-110.152734,77.762939],[-110.198486,77.524512],[-111.951953,77.344189],[-113.164355,77.530273],[-113.283447,77.813037],[-110.727344,78.096582],[-110.458057,78.103223]]],[[[-115.55127,77.363281],[-116.329199,77.137061],[-115.810059,76.939111],[-116.252734,76.901416],[-115.946289,76.711279],[-116.999219,76.531592],[-117.233594,76.281543],[-117.992969,76.405811],[-117.780469,76.784277],[-117.880811,76.805078],[-118.791406,76.512988],[-118.624512,76.365869],[-118.993945,76.144873],[-119.580371,76.326514],[-119.739648,76.117725],[-119.526123,75.997217],[-119.912891,75.858838],[-120.408887,75.825635],[-120.848389,76.182666],[-121.213477,75.983691],[-122.400488,75.944238],[-122.640479,76.009082],[-122.592725,76.162061],[-122.902783,76.134717],[-122.423047,76.390088],[-121.561133,76.453467],[-119.090186,77.305078],[-116.843555,77.339551],[-116.703613,77.379932],[-117.039746,77.465137],[-116.511328,77.547607],[-116.008008,77.460645],[-115.55127,77.363281]]],[[[-108.292383,76.057129],[-107.723486,75.99541],[-108.020703,75.804785],[-107.216211,75.891553],[-106.913525,75.679639],[-106.693115,75.809961],[-106.862061,75.930078],[-106.677002,76.02373],[-105.904834,76.008984],[-105.604443,75.929932],[-105.481445,75.702246],[-106.092627,75.089453],[-107.153418,74.927148],[-108.831299,75.064893],[-112.519336,74.416846],[-113.514062,74.430078],[-114.376953,74.67085],[-111.033496,75.226758],[-113.711768,75.068604],[-113.85332,75.259375],[-113.46709,75.416113],[-114.016504,75.434277],[-114.168457,75.239502],[-114.513818,75.275488],[-114.357764,75.171289],[-114.451758,75.087891],[-115.020117,74.976172],[-115.413184,75.11499],[-115.728857,74.968115],[-117.600098,75.27168],[-117.257617,75.459521],[-115.141846,75.678516],[-117.163623,75.644873],[-114.991504,75.896338],[-116.664551,75.957568],[-116.209863,76.194434],[-114.778613,76.172607],[-115.831738,76.295801],[-114.998486,76.497461],[-114.193945,76.451465],[-113.823486,76.206836],[-112.697607,76.201709],[-111.865234,75.939307],[-112.056689,75.834229],[-111.549121,75.822119],[-111.052686,75.548535],[-109.086377,75.506494],[-108.944775,75.698975],[-109.870508,75.929053],[-109.430371,76.109131],[-110.309473,76.397412],[-108.831641,76.821143],[-108.466992,76.737598],[-108.627637,76.586719],[-108.123193,76.233447],[-108.386816,76.066553],[-108.292383,76.057129]]],[[[-114.521533,72.59292],[-113.578076,72.6521],[-113.449854,72.863232],[-113.073535,72.995264],[-111.269727,72.713721],[-111.895166,72.356104],[-111.675098,72.300146],[-110.205127,72.661279],[-110.66084,73.008203],[-110.008447,72.983643],[-108.75498,72.551074],[-108.188232,71.723779],[-107.812842,71.626172],[-107.306006,71.894678],[-107.69585,72.149316],[-108.237402,73.149902],[-107.936182,73.217139],[-108.029053,73.34873],[-106.482129,73.196191],[-105.415137,72.78833],[-104.87832,71.97998],[-104.385937,71.576953],[-104.514795,71.064258],[-103.58457,70.630859],[-103.077197,70.508838],[-103.049561,70.655078],[-101.562402,70.13501],[-101.090771,70.135693],[-100.905713,69.811719],[-101.043701,69.668701],[-101.483838,69.850195],[-101.647656,69.698535],[-102.234326,69.842236],[-102.595898,69.71792],[-102.621094,69.551514],[-103.434766,69.667676],[-103.048926,69.471777],[-103.120215,69.20459],[-102.151416,69.487695],[-101.978223,69.425098],[-102.046094,69.257666],[-101.789258,69.181641],[-101.857129,69.023975],[-102.895068,68.823633],[-105.105859,68.92041],[-105.01958,69.08125],[-106.140869,69.162012],[-106.659082,69.4396],[-107.439893,69.002148],[-109.472119,68.676709],[-113.019531,68.481348],[-113.554834,68.767578],[-113.694141,69.19502],[-116.513477,69.424609],[-117.104004,69.804248],[-117.19541,70.054053],[-114.592334,70.312451],[-111.632568,70.308838],[-113.757275,70.690723],[-117.587061,70.629541],[-118.376514,70.967725],[-115.303418,71.493701],[-117.935645,71.39209],[-118.226465,71.46709],[-117.742334,71.659326],[-118.987695,71.764258],[-118.944629,71.985547],[-118.213477,72.262891],[-118.481299,72.427686],[-118.374512,72.533887],[-116.573242,73.054932],[-114.638232,73.372656],[-114.206396,73.297803],[-114.074756,72.906836],[-114.497852,72.625879],[-114.521533,72.59292]]],[[[-119.736328,74.112646],[-119.205957,74.197998],[-119.117969,74.015527],[-118.543994,74.244629],[-117.514844,74.231738],[-115.392822,73.501953],[-118.961572,72.684131],[-119.512842,72.302686],[-120.179883,72.212646],[-120.619336,71.505762],[-121.749365,71.444775],[-122.839941,71.097461],[-123.314746,71.169189],[-124.007764,71.677441],[-125.845313,71.978662],[-124.987109,72.587988],[-124.969678,72.843311],[-124.564941,72.944141],[-124.804053,73.125684],[-123.797266,73.768164],[-124.191504,73.902002],[-124.69624,74.348193],[-121.50415,74.545117],[-119.562646,74.232812],[-119.736914,74.129932],[-119.736328,74.112646]]],[[[-69.488867,83.016797],[-66.422559,82.926855],[-68.469336,82.653369],[-64.904883,82.90083],[-63.49873,82.792578],[-63.642529,82.712988],[-63.085352,82.565234],[-63.246777,82.450195],[-61.697168,82.488623],[-61.207227,82.341064],[-62.176709,82.043408],[-68.688525,81.293311],[-64.780078,81.492871],[-69.550684,80.383252],[-70.712598,80.5396],[-70.264893,80.233594],[-72.055957,80.123242],[-70.559082,80.070996],[-71.355811,79.911279],[-71.110156,79.847803],[-71.387842,79.761768],[-72.436523,79.694385],[-74.394482,79.874072],[-74.660205,79.835156],[-73.472461,79.756445],[-73.201123,79.596582],[-75.503418,79.41416],[-76.898828,79.512305],[-75.602734,79.239551],[-74.481201,79.229492],[-74.532324,79.052734],[-78.581641,79.075],[-77.882764,78.942383],[-76.255859,79.006836],[-74.433105,78.724121],[-74.878613,78.544824],[-76.416113,78.511523],[-75.193457,78.327734],[-75.969629,77.993115],[-78.012598,77.946045],[-78.076172,77.519043],[-78.493213,77.369385],[-80.573047,77.314795],[-81.659082,77.525439],[-81.277734,77.365186],[-82.056787,77.296533],[-79.497266,77.196094],[-79.220752,76.936035],[-78.288867,76.977979],[-77.99873,76.851953],[-78.284326,76.57124],[-80.799707,76.173584],[-80.99668,76.21499],[-80.834814,76.369141],[-80.974512,76.470068],[-82.529834,76.723291],[-82.233154,76.46582],[-83.885693,76.453125],[-84.223779,76.675342],[-84.275342,76.356543],[-85.343604,76.313379],[-86.453711,76.584863],[-86.680225,76.376611],[-87.489795,76.58584],[-87.497559,76.386279],[-88.395996,76.405273],[-88.49585,76.772852],[-88.545801,76.420898],[-89.570068,76.491943],[-89.499756,76.826807],[-88.556201,77.072217],[-86.812256,77.184912],[-87.681445,77.436377],[-88.094678,77.719189],[-88.016992,77.784717],[-86.755078,77.863721],[-85.588477,77.461133],[-84.487012,77.367969],[-83.608057,77.442236],[-82.595312,77.992139],[-83.779395,77.532617],[-84.860547,77.499512],[-85.289355,77.559033],[-85.292041,77.763867],[-85.547559,77.927686],[-84.222705,78.176025],[-84.910352,78.239697],[-84.783203,78.527588],[-85.585938,78.10957],[-86.217773,78.081201],[-85.920068,78.342871],[-86.913232,78.126807],[-87.551758,78.176611],[-87.491309,78.417187],[-86.80791,78.774365],[-85.00376,78.912256],[-83.271436,78.770313],[-81.750098,78.975781],[-84.412012,78.996582],[-84.567773,79.071289],[-83.575879,79.053662],[-85.268506,79.664111],[-86.420752,79.845215],[-86.614502,80.123535],[-86.498535,80.258252],[-83.723633,80.228955],[-81.688379,79.685791],[-80.475928,79.60625],[-80.124463,79.669482],[-81.010156,79.693115],[-82.987012,80.322607],[-76.862988,80.864795],[-78.716211,80.95166],[-78.286816,81.167627],[-76.885107,81.430273],[-79.19834,81.117578],[-79.761328,80.841943],[-81.007031,80.654883],[-82.884326,80.577539],[-82.222363,80.772314],[-85.14585,80.521143],[-86.61543,80.630029],[-85.246289,80.987891],[-83.288818,81.147949],[-85.780859,81.035059],[-87.71167,80.65625],[-89.263281,80.914307],[-86.476758,81.035742],[-84.941211,81.28623],[-89.623047,81.032471],[-89.980957,81.124707],[-89.208691,81.250098],[-89.673682,81.328613],[-89.427002,81.387451],[-87.597021,81.52583],[-90.303516,81.401123],[-90.609033,81.429541],[-89.82168,81.634863],[-91.684082,81.635693],[-88.063184,82.096484],[-85.044824,81.982812],[-86.615625,82.218555],[-84.896826,82.449414],[-82.633691,82.077295],[-82.327441,82.09248],[-82.747461,82.196436],[-82.536914,82.247266],[-79.424854,81.854443],[-82.447559,82.39502],[-81.681152,82.518652],[-82.116846,82.628662],[-80.809668,82.586377],[-81.178076,82.744678],[-81.010156,82.779053],[-78.748779,82.679395],[-80.154932,82.911133],[-79.886328,82.938525],[-77.47959,82.883154],[-76.009375,82.535156],[-75.565625,82.608545],[-77.124902,83.008545],[-74.41416,83.013135],[-72.658691,82.721631],[-73.440723,82.94585],[-72.069238,83.106055],[-70.940381,82.902246],[-71.423535,83.021143],[-69.569385,83.024902],[-69.488867,83.016797]]],[[[-95.484375,77.791992],[-93.128711,77.660156],[-93.836182,77.452246],[-95.987061,77.484131],[-96.276611,77.630566],[-95.683936,77.782275],[-95.484375,77.791992]]],[[[-93.542578,75.02793],[-93.573096,74.668848],[-94.534521,74.636719],[-96.599609,75.031787],[-95.954639,75.443799],[-94.878174,75.630029],[-93.909082,75.42251],[-93.551807,75.051172],[-93.542578,75.02793]]],[[[-100.001904,73.945898],[-99.157959,73.731592],[-97.669971,73.887744],[-97.111719,73.790332],[-97.001709,73.666504],[-97.625879,73.502295],[-97.27251,73.386816],[-98.430908,72.958057],[-97.636328,73.027637],[-97.083008,72.762842],[-97.128125,72.627588],[-96.54209,72.69873],[-96.472852,72.434375],[-96.801465,72.322412],[-96.592871,72.204492],[-96.766309,72.045947],[-96.613428,71.833838],[-97.582275,71.629688],[-98.181348,71.662451],[-98.322705,71.852344],[-98.458838,71.773193],[-98.198633,71.440869],[-98.662891,71.3021],[-99.167139,71.367188],[-100.594482,72.152344],[-101.723926,72.314893],[-102.70874,72.764502],[-102.204004,73.077295],[-101.273193,72.72168],[-100.484766,72.772949],[-100.395703,72.977002],[-100.128125,72.906689],[-100.536377,73.197852],[-99.825146,73.213867],[-100.366113,73.359033],[-100.889355,73.275342],[-101.523193,73.486377],[-100.975781,73.599756],[-100.52168,73.449316],[-100.985107,73.765332],[-99.911865,73.847021],[-100.224805,73.87251],[-100.138477,73.928857],[-100.001904,73.945898]]],[[[-84.919629,65.261084],[-84.501123,65.458447],[-82.05,64.644287],[-81.676123,64.212646],[-81.887109,64.016406],[-80.828955,64.089941],[-80.261328,63.801953],[-81.046387,63.461572],[-82.378125,63.706787],[-82.46709,63.926953],[-83.303955,64.143799],[-84.63291,63.309229],[-85.392627,63.119678],[-85.768945,63.700342],[-87.177148,63.595117],[-86.932031,63.90166],[-86.2521,64.136865],[-86.374268,64.56582],[-85.96167,65.704248],[-85.523047,65.914551],[-85.176221,65.746875],[-85.105371,65.622705],[-85.239941,65.510303],[-85.056055,65.437402],[-84.919629,65.261084]]],[[[-97.700928,76.466504],[-97.531055,76.109424],[-97.60166,75.851074],[-97.890527,75.760352],[-97.40752,75.67251],[-97.336035,75.419824],[-97.878223,75.416113],[-97.659912,75.151172],[-98.06875,75.19917],[-97.991797,75.045801],[-100.234375,75.007715],[-100.483496,75.188428],[-100.145703,75.246143],[-100.731152,75.346533],[-99.19458,75.698389],[-102.79751,75.599658],[-102.144727,75.875049],[-100.972803,75.798438],[-101.288037,75.789111],[-101.505908,75.918066],[-101.431348,75.991992],[-101.872119,76.083105],[-101.557031,76.23584],[-102.137744,76.284863],[-101.858496,76.439014],[-101.339746,76.410498],[-99.865479,75.924219],[-99.688916,75.959717],[-100.112842,76.117236],[-99.541064,76.146289],[-100.414209,76.242529],[-99.977734,76.312451],[-100.890771,76.475488],[-100.068701,76.634766],[-98.890332,76.465576],[-99.023633,76.614551],[-98.71084,76.693848],[-97.725879,76.496094],[-97.700928,76.466504]]],[[[-103.426025,79.315625],[-102.914355,79.231104],[-102.576172,78.879395],[-101.703662,79.078906],[-101.037158,78.939014],[-101.128125,78.80166],[-100.014746,78.728613],[-99.582129,78.563281],[-99.847803,78.438232],[-99.751367,78.302979],[-98.999609,77.996875],[-99.166406,77.856934],[-99.955908,77.793799],[-100.586035,77.891797],[-101.074121,78.193848],[-102.606982,78.248926],[-102.731348,78.371045],[-104.512646,78.294629],[-104.995557,78.518506],[-103.570508,78.539844],[-103.482568,78.593945],[-104.02085,78.634912],[-103.371582,78.736328],[-104.18501,78.781299],[-103.875635,78.902686],[-104.151953,78.989893],[-104.895508,78.808154],[-104.746777,79.0271],[-105.580176,79.114209],[-105.387695,79.323584],[-103.706396,79.352051],[-103.426025,79.315625]]],[[[-91.885547,81.132861],[-90.643018,80.593701],[-89.235596,80.510645],[-89.19834,80.263184],[-88.857324,80.166211],[-88.199902,80.111475],[-88.6125,80.255371],[-88.524805,80.418018],[-87.675,80.372119],[-87.625488,80.187207],[-87.922314,80.097705],[-86.977197,79.894238],[-87.295166,79.580176],[-86.336963,79.634961],[-86.007031,79.479443],[-85.647852,79.611426],[-85.042139,79.28457],[-86.957178,78.974902],[-87.617383,78.676318],[-87.922314,78.751367],[-87.816748,79.036328],[-88.040186,78.995312],[-88.25376,78.671973],[-87.982861,78.537061],[-88.741602,78.584033],[-88.606445,78.391992],[-88.822412,78.185889],[-90.037109,78.606836],[-89.489844,78.171924],[-90.459033,78.330908],[-90.652393,78.307715],[-90.326758,78.184766],[-91.409619,78.187988],[-92.848242,78.460107],[-91.866895,78.542676],[-93.266602,78.608301],[-93.634424,78.750928],[-93.159863,78.775635],[-94.169678,78.972803],[-91.299902,79.372705],[-92.821924,79.449902],[-95.103174,79.289893],[-95.733008,79.418213],[-94.401855,79.736328],[-95.85752,79.673779],[-96.462744,79.84751],[-96.773242,80.135791],[-94.645898,80.04873],[-94.262598,80.194873],[-95.405078,80.13501],[-96.394092,80.315039],[-95.549072,80.366602],[-96.151807,80.553467],[-95.926953,80.720654],[-93.92793,80.55918],[-95.514746,80.838135],[-95.269775,81.000781],[-93.235645,81.128857],[-94.220117,81.330762],[-91.997852,81.185498],[-91.885547,81.132861]]],[[[-94.294971,76.912451],[-93.211865,76.754688],[-93.53457,76.447705],[-92.995361,76.62041],[-91.305029,76.680762],[-90.542627,76.495752],[-91.415088,76.455859],[-89.284521,76.301611],[-89.406592,76.18916],[-91.407324,76.220068],[-89.277588,75.795068],[-89.646045,75.565039],[-88.916699,75.453955],[-88.644971,75.658447],[-88.201318,75.512012],[-87.539111,75.484863],[-87.256934,75.617725],[-85.951465,75.39502],[-86.06875,75.502246],[-83.931982,75.818945],[-82.153662,75.831055],[-79.660205,75.449512],[-79.509082,75.259814],[-80.381982,75.03418],[-79.401416,74.917627],[-80.347754,74.902979],[-80.148926,74.795703],[-80.277734,74.581592],[-81.940186,74.472705],[-82.931055,74.565576],[-83.102637,74.816553],[-83.52207,74.901465],[-83.341309,74.7646],[-83.531885,74.585693],[-84.425537,74.508105],[-85.061426,74.606934],[-88.423047,74.494141],[-88.557861,74.569727],[-88.339551,74.784863],[-88.534961,74.831738],[-89.558691,74.554736],[-90.553271,74.612744],[-90.966797,74.715088],[-90.880225,74.817773],[-91.50835,74.650684],[-91.961572,74.793213],[-92.17417,75.051074],[-92.076318,75.123535],[-92.389258,75.26333],[-92.411084,75.40625],[-92.068848,75.65791],[-92.185107,75.846533],[-93.091748,76.354004],[-95.273877,76.264404],[-96.039697,76.486719],[-95.650977,76.584668],[-96.897998,76.754004],[-96.401562,76.797217],[-96.758301,76.971777],[-96.06123,77.050049],[-94.616113,76.95835],[-94.294971,76.912451]]],[[[-96.204492,78.531299],[-94.915381,78.390527],[-95.329248,78.225049],[-94.934277,78.075635],[-96.989648,77.806006],[-97.658154,78.090625],[-96.944678,78.151855],[-98.049512,78.325928],[-98.317334,78.476855],[-98.060352,78.55835],[-98.34082,78.751221],[-97.382324,78.78291],[-96.256494,78.551123],[-96.204492,78.531299]]],[[[-93.17085,74.160986],[-90.35459,73.868652],[-91.553711,73.236084],[-91.425928,73.194873],[-92.11792,72.753809],[-94.211328,72.756934],[-93.770557,72.668213],[-93.541602,72.437012],[-94.14375,72.00083],[-95.192969,72.027441],[-95.251025,72.501953],[-95.602148,72.884473],[-95.63291,73.695459],[-94.697607,73.663574],[-95.144775,73.960303],[-93.410303,74.17876],[-93.17085,74.160986]]],[[[-97.439453,69.642676],[-96.299951,69.344385],[-95.751367,68.897656],[-95.267773,68.826074],[-96.598828,68.46084],[-98.904492,68.932422],[-99.254004,68.863184],[-99.564062,69.034131],[-98.503516,69.308301],[-98.545996,69.5729],[-98.041357,69.456641],[-98.288818,69.629004],[-98.200488,69.796973],[-97.790723,69.861621],[-97.469434,69.666797],[-97.439453,69.642676]]],[[[-61.105176,45.944727],[-60.865234,45.983496],[-61.059033,45.703369],[-60.737891,45.751416],[-60.460596,45.968701],[-60.733301,45.956592],[-60.297949,46.31123],[-59.865039,46.159521],[-59.828027,45.965137],[-60.672949,45.59082],[-61.283691,45.573877],[-61.449805,45.716211],[-61.408643,46.170361],[-60.489062,47.009717],[-60.331738,46.767822],[-60.494531,46.270264],[-60.912207,46.04458],[-61.105176,45.944727]]],[[[-67.124854,45.169434],[-67.366943,45.173779],[-67.432666,45.603125],[-67.802246,45.727539],[-67.806787,47.082812],[-68.235498,47.345947],[-68.937207,47.21123],[-69.242871,47.462988],[-70.007715,46.708936],[-70.29624,45.906104],[-70.865039,45.270703],[-71.327295,45.290088],[-71.517529,45.007568],[-74.708887,45.003857],[-73.558105,45.425098],[-73.15957,46.010059],[-72.109277,46.551221],[-70.519482,47.03252],[-68.815674,48.366016],[-66.598096,49.126367],[-65.523389,49.266162],[-64.567725,49.104785],[-64.216211,48.873633],[-64.513721,48.841113],[-64.25376,48.550391],[-65.259424,48.02124],[-65.926709,48.188867],[-66.704395,48.022461],[-65.849414,47.911035],[-65.607227,47.67002],[-65.00166,47.846826],[-64.703223,47.724854],[-64.912207,47.368652],[-65.318896,47.101221],[-64.831396,47.060791],[-64.905762,46.887939],[-64.541504,46.240332],[-63.915918,46.16582],[-63.831934,46.107178],[-64.056396,46.021338],[-63.292773,45.751953],[-62.700684,45.740576],[-62.750098,45.648242],[-61.955518,45.868164],[-61.776514,45.655615],[-61.350488,45.573682],[-61.281982,45.441064],[-61.460986,45.366699],[-61.031543,45.291748],[-63.306299,44.642578],[-63.604004,44.683203],[-63.609766,44.47998],[-63.999707,44.644922],[-64.100879,44.487451],[-64.286084,44.550342],[-64.275684,44.334082],[-65.481689,43.518066],[-66.125732,43.813818],[-66.193066,44.143848],[-65.868018,44.568799],[-66.090625,44.504932],[-64.448145,45.337451],[-64.135498,45.023047],[-64.093164,45.21709],[-63.368018,45.364795],[-64.873145,45.35459],[-64.314648,45.835693],[-64.632715,45.946631],[-64.778516,45.638428],[-65.884473,45.2229],[-66.109766,45.316602],[-66.026562,45.417578],[-66.439844,45.095898],[-67.084082,45.143945],[-67.124854,45.169434]]],[[[-55.45874,51.536523],[-56.031104,51.328369],[-55.8,51.033301],[-56.732324,50.007715],[-56.822168,49.613477],[-56.179395,50.11499],[-56.161279,49.940137],[-55.50293,49.983154],[-56.140186,49.619141],[-55.869824,49.670166],[-56.087305,49.451953],[-55.375928,49.489746],[-55.343848,49.3729],[-55.229541,49.508154],[-55.353174,49.079443],[-54.502197,49.527344],[-54.448242,49.329443],[-53.957715,49.441846],[-53.619434,49.321631],[-53.573437,49.141211],[-54.161279,48.787695],[-53.852881,48.811328],[-53.966016,48.706689],[-53.706348,48.655518],[-54.114453,48.393604],[-53.027588,48.634717],[-53.135742,48.401855],[-53.86958,48.019678],[-53.638232,48.014648],[-53.863672,47.787012],[-53.672363,47.648242],[-53.282715,47.997852],[-52.866016,48.112988],[-53.169824,47.512109],[-52.782422,47.769434],[-52.653662,47.549414],[-53.069775,46.68125],[-53.589795,46.638867],[-53.597363,47.145996],[-54.00957,46.8396],[-54.17373,46.880371],[-53.849512,47.440332],[-54.191846,47.859814],[-54.488135,47.403857],[-54.473926,47.54707],[-54.856641,47.38501],[-55.315723,46.905713],[-55.788525,46.867236],[-55.919238,47.016895],[-54.784619,47.664746],[-55.366309,47.661084],[-55.576123,47.465234],[-56.127246,47.502832],[-55.86709,47.592334],[-55.85791,47.819189],[-56.774121,47.56499],[-58.336865,47.730859],[-59.259766,47.63418],[-59.340869,47.933643],[-58.330225,48.522119],[-59.167676,48.558496],[-58.841797,48.746436],[-58.906445,48.650195],[-58.716455,48.598047],[-58.403662,49.084326],[-57.990527,48.987939],[-58.098926,49.077441],[-57.980078,49.229639],[-58.213379,49.38667],[-58.01582,49.54248],[-57.791309,49.48999],[-57.926172,49.70083],[-57.432617,50.505811],[-57.17959,50.614844],[-57.297998,50.69873],[-57.035937,51.01084],[-56.517969,51.399316],[-55.453223,51.562305],[-55.45874,51.536523]]],[[[-86.589355,71.010791],[-85.643848,71.152441],[-84.82373,71.028613],[-84.699414,71.631445],[-85.339062,71.697266],[-85.911621,71.986523],[-85.321875,72.233154],[-84.28374,72.044482],[-84.841992,72.308154],[-84.623047,72.376563],[-85.341113,72.421533],[-85.649902,72.722168],[-85.262109,72.954004],[-84.256641,72.796729],[-85.454736,73.105469],[-84.416064,73.456494],[-83.781885,73.416895],[-83.904053,73.52832],[-83.410352,73.631689],[-81.605371,73.695996],[-81.151758,73.314014],[-80.603467,73.121191],[-80.591895,72.927686],[-80.277246,72.770166],[-81.229346,72.311719],[-80.611475,72.45083],[-80.941211,72.210156],[-80.691406,72.103467],[-80.921094,72.072314],[-80.925146,71.907666],[-80.181934,72.208789],[-79.884375,72.177197],[-80.108936,72.332178],[-79.831299,72.446289],[-79.000244,72.272021],[-79.007812,72.04292],[-78.585107,71.880615],[-78.862744,72.10083],[-78.699268,72.351416],[-77.516504,72.177783],[-78.287207,72.359814],[-78.484277,72.470605],[-78.422412,72.571533],[-76.893506,72.720654],[-75.704297,72.571533],[-75.071484,72.322852],[-75.922803,71.717236],[-75.147656,72.062988],[-74.266357,72.037695],[-74.315723,71.842676],[-75.204785,71.709131],[-74.700781,71.675586],[-74.996191,71.218115],[-74.488086,71.648389],[-73.866602,71.771045],[-73.713574,71.719873],[-74.197266,71.40415],[-73.712842,71.587598],[-73.180615,71.282861],[-73.278223,71.537988],[-72.901953,71.677783],[-71.640674,71.51626],[-71.186523,71.278711],[-72.632715,70.830762],[-71.742529,71.046875],[-70.672656,71.052197],[-70.761719,70.792236],[-71.890186,70.431543],[-71.275879,70.500293],[-71.429443,70.127783],[-70.979785,70.581055],[-70.084717,70.829541],[-68.495752,70.610254],[-68.358252,70.5229],[-68.482568,70.414844],[-70.057715,70.042627],[-68.778223,70.203564],[-69.008301,69.978955],[-68.744043,69.941406],[-68.230664,70.112207],[-68.327197,70.180176],[-68.120654,70.3146],[-67.855322,70.281787],[-67.363672,70.034424],[-67.192773,69.756836],[-68.02041,69.770068],[-69.250781,69.511914],[-67.360937,69.47251],[-66.67627,69.258447],[-69.040625,69.097998],[-68.415527,69.17207],[-67.751709,69.038672],[-67.883203,68.783984],[-69.319092,68.856982],[-68.2104,68.702979],[-67.938477,68.52417],[-66.713916,68.445703],[-67.032959,68.326074],[-66.830957,68.215625],[-66.923096,68.065723],[-66.662695,68.034424],[-66.630957,68.210645],[-66.212402,68.28042],[-66.526465,67.851172],[-65.942383,68.070947],[-65.864355,67.922852],[-65.509082,67.968262],[-65.40127,67.674854],[-65.415332,67.879248],[-64.976904,68.043408],[-64.835449,67.98999],[-65.021094,67.787549],[-64.637793,67.840234],[-63.850195,67.566064],[-64.07749,67.495605],[-64.007959,67.347314],[-64.699951,67.350537],[-64.589258,67.315527],[-63.591602,67.377539],[-63.040137,67.23501],[-63.701562,66.822363],[-62.379736,66.905371],[-62.123584,67.046729],[-61.299707,66.64873],[-62.12334,66.643066],[-61.576416,66.4125],[-61.862695,66.312842],[-62.553125,66.406836],[-62.405664,66.315918],[-62.533594,66.227002],[-61.991602,66.035303],[-62.624121,66.01626],[-62.381982,65.833301],[-62.658887,65.639941],[-63.168945,65.657324],[-63.45874,65.853027],[-63.420898,65.708594],[-63.651074,65.660986],[-63.337451,65.616748],[-63.363379,65.229736],[-63.606592,64.928076],[-64.345703,65.172412],[-64.269678,65.400781],[-64.555078,65.116602],[-65.401611,65.764014],[-64.445361,66.317139],[-65.004492,66.077734],[-65.825732,65.996924],[-65.656348,66.204736],[-66.063721,66.132715],[-66.986328,66.62749],[-67.307324,66.569727],[-67.225391,66.310254],[-67.883398,66.467432],[-67.183203,66.034424],[-67.350439,65.929736],[-68.459912,66.249268],[-68.748926,66.200049],[-68.217187,66.078857],[-68.186719,65.870996],[-67.866455,65.773682],[-67.936768,65.564893],[-67.569629,65.643555],[-67.117969,65.440381],[-67.336523,65.346582],[-66.830908,65.07417],[-66.697412,64.815186],[-66.635498,65.000342],[-66.22373,64.854102],[-66.214648,64.722412],[-65.938525,64.885742],[-65.431934,64.726416],[-65.274805,64.631543],[-65.529346,64.504785],[-65.074609,64.43667],[-65.580322,64.293848],[-65.169873,64.028174],[-64.678467,64.027979],[-64.798145,63.915967],[-64.410937,63.706348],[-64.561572,63.679688],[-64.514355,63.263965],[-64.664648,63.245361],[-65.191846,63.764258],[-65.068945,63.263477],[-64.672363,62.921973],[-65.162793,62.932617],[-65.108496,62.626465],[-66.224023,63.107178],[-66.228662,62.990967],[-66.414453,63.027197],[-66.65498,63.264746],[-66.697461,63.069531],[-67.893262,63.73374],[-67.722559,63.422754],[-68.858936,63.751855],[-68.14126,63.172314],[-67.675977,63.093555],[-67.736963,63.00957],[-65.980176,62.208887],[-66.133154,62.102393],[-66.058887,61.913867],[-66.256689,61.868262],[-68.535889,62.255615],[-69.125586,62.423975],[-69.604736,62.767725],[-70.236133,62.763379],[-71.105762,63.002246],[-70.946045,63.120703],[-71.50127,63.126416],[-71.992236,63.416162],[-71.380859,63.580322],[-72.290137,63.727979],[-72.174268,63.893408],[-72.498437,63.823486],[-73.454541,64.399268],[-73.271289,64.58252],[-73.910352,64.578125],[-74.064795,64.424658],[-74.130469,64.607812],[-74.681396,64.830664],[-74.919434,64.765527],[-74.694727,64.496582],[-75.715039,64.524365],[-75.766699,64.391943],[-76.856152,64.237646],[-77.791162,64.36709],[-78.174561,64.617725],[-78.055273,64.98291],[-77.360889,65.196533],[-77.4604,65.355908],[-77.326709,65.453125],[-75.82832,65.227051],[-75.519922,65.056006],[-75.589111,64.905029],[-75.4521,64.841602],[-75.357129,65.00874],[-75.798682,65.29751],[-73.550781,65.485254],[-73.746094,65.766699],[-74.416406,66.16709],[-73.033252,66.728174],[-72.788818,67.030615],[-72.22002,67.254297],[-73.284473,68.356982],[-73.820508,68.362939],[-73.851562,68.701367],[-74.117969,68.700928],[-73.989258,68.548633],[-74.422412,68.579932],[-74.9104,68.823145],[-74.743262,68.913379],[-74.954004,68.961084],[-74.716699,69.045508],[-74.854883,69.06582],[-76.585059,68.69873],[-76.557227,69.009473],[-75.953711,69.030811],[-75.647754,69.212549],[-76.520361,69.516602],[-76.234082,69.662109],[-77.089941,69.635107],[-76.858594,69.775391],[-77.59165,69.845605],[-77.774023,70.238525],[-78.282812,70.22915],[-79.066406,70.603564],[-79.405225,70.400732],[-78.809814,70.178564],[-78.818799,70.010449],[-79.092871,69.925342],[-81.651953,70.094629],[-81.02373,69.9],[-80.921729,69.730908],[-81.564697,69.942725],[-82.293848,69.836914],[-83.149951,70.009082],[-85.780029,70.03667],[-86.322021,70.14541],[-86.499805,70.350391],[-86.396875,70.465332],[-87.900684,70.251904],[-88.848437,70.5229],[-89.455908,71.061719],[-87.140088,71.011621],[-89.693311,71.423486],[-90.025195,71.948779],[-89.663818,72.157959],[-89.858691,72.24834],[-89.816846,72.467725],[-89.357715,72.80415],[-89.225342,73.108057],[-88.705176,73.403271],[-86.76875,73.833984],[-85.009326,73.778613],[-86.086475,73.260254],[-86.667773,72.762549],[-86.322559,72.46084],[-86.218457,71.899121],[-85.023389,71.353223],[-86.473242,71.042627],[-86.589355,71.010791]]],[[[-61.801123,49.093896],[-63.041504,49.224951],[-64.485205,49.886963],[-63.088818,49.772705],[-61.817139,49.283545],[-61.745508,49.105762],[-61.801123,49.093896]]],[[[-63.811279,46.468701],[-62.02373,46.421582],[-62.526074,46.202881],[-62.478076,45.999707],[-62.804883,45.973193],[-63.02207,46.066602],[-62.894531,46.123584],[-63.056348,46.223926],[-62.978467,46.316357],[-63.213477,46.159863],[-63.568896,46.209229],[-64.403125,46.691602],[-63.993555,47.061572],[-64.087891,46.775439],[-63.833594,46.493896],[-63.811279,46.468701]]],[[[-82.000488,62.954199],[-82.113721,62.652246],[-83.01582,62.209912],[-83.698877,62.160254],[-83.912402,62.425537],[-83.376416,62.904932],[-82.047607,62.970557],[-82.000488,62.954199]]],[[[-79.545312,62.411719],[-79.272021,62.185986],[-79.66875,61.644434],[-80.265186,61.818213],[-80.178564,62.212793],[-79.597656,62.413232],[-79.545312,62.411719]]],[[[-75.675879,68.32251],[-75.078125,68.173145],[-75.201953,67.45918],[-76.693945,67.23584],[-77.004883,67.266943],[-77.224219,67.508203],[-77.228564,67.850098],[-76.740234,68.23125],[-75.866504,68.336816],[-75.675879,68.32251]]],[[[-79.537305,73.654492],[-77.206543,73.499561],[-76.08999,72.881201],[-79.500537,72.755957],[-79.936865,72.863623],[-80.183301,73.224658],[-80.82417,73.380664],[-80.822852,73.743457],[-79.889355,73.701514],[-79.537305,73.654492]]],[[[-80.731689,52.747266],[-82.039258,53.049902],[-81.847314,53.186279],[-81.135596,53.205811],[-80.709521,52.787402],[-80.731689,52.747266]]],[[[-78.826514,56.145312],[-78.66875,56.438623],[-78.761377,56.174512],[-78.826514,56.145312]]],[[[-78.935596,56.266064],[-79.175488,55.885059],[-79.182129,56.212158],[-79.495117,55.874756],[-79.764746,55.806787],[-79.544727,56.128369],[-80.008252,55.911035],[-79.458887,56.539746],[-79.536328,56.180078],[-79.272412,56.600439],[-78.906641,56.32041],[-78.935596,56.266064]]],[[[-79.977588,56.207031],[-80.057471,56.287354],[-79.579736,56.466357],[-79.687939,56.326807],[-79.977588,56.207031]]],[[[-89.833252,77.267627],[-90.993213,77.329492],[-91.182666,77.557178],[-90.171924,77.594678],[-89.719482,77.442139],[-89.74668,77.292578],[-89.833252,77.267627]]],[[[-104.558154,77.141748],[-105.215088,77.18208],[-106.066113,77.725391],[-105.289648,77.64209],[-104.542236,77.337744],[-104.493359,77.162354],[-104.558154,77.141748]]],[[[-98.791602,79.981104],[-98.789795,79.7854],[-98.945215,79.724072],[-100.126025,80.00127],[-99.731201,80.144092],[-98.823193,80.037354],[-98.791602,79.981104]]],[[[-105.288916,72.919922],[-106.949658,73.510352],[-106.613965,73.695605],[-105.512305,73.765771],[-104.5875,73.578076],[-104.621729,73.311133],[-105.200635,72.947314],[-105.288916,72.919922]]],[[[-102.227344,76.014893],[-102.008008,75.939404],[-103.314746,75.764209],[-103.041504,75.918848],[-103.769775,75.892383],[-103.985254,75.933105],[-103.800781,76.037012],[-104.406055,76.108496],[-103.098242,76.311475],[-102.584082,76.281641],[-102.425684,76.086426],[-102.227344,76.014893]]],[[[-104.022852,76.583105],[-103.033545,76.431494],[-104.35752,76.334619],[-104.603027,76.582715],[-103.969189,76.61416],[-104.022852,76.583105]]],[[[-118.328125,75.579688],[-119.39458,75.617334],[-117.512598,76.099414],[-118.226514,75.611182],[-118.328125,75.579688]]],[[[-113.832471,77.754639],[-114.60835,77.769336],[-115.029346,77.967529],[-114.330371,78.077539],[-113.61792,77.832422],[-113.72583,77.775781],[-113.832471,77.754639]]],[[[-130.927148,54.479053],[-130.906836,54.631787],[-130.805127,54.543799],[-130.927148,54.479053]]],[[[-131.029297,51.961621],[-131.117334,52.101025],[-131.010645,52.095264],[-131.029297,51.961621]]],[[[-130.236279,53.958545],[-130.703174,53.892236],[-130.494629,54.07417],[-130.298486,54.035645],[-130.236279,53.958545]]],[[[-129.848584,53.16792],[-130.517578,53.544238],[-130.0354,53.481104],[-129.768945,53.217285],[-129.848584,53.16792]]],[[[-130.575342,54.769678],[-130.214063,55.025879],[-130.535498,54.74873],[-130.575342,54.769678]]],[[[-128.552441,52.939746],[-128.509912,52.518604],[-128.678955,52.289648],[-128.746338,52.763379],[-128.899805,52.673828],[-129.184326,52.990674],[-129.033252,53.279932],[-128.632666,53.1125],[-128.552441,52.939746]]],[[[-126.09209,49.354004],[-126.229639,49.295654],[-126.115283,49.365039],[-126.09209,49.354004]]],[[[-124.153662,49.531152],[-124.649854,49.75835],[-124.309131,49.667285],[-124.153662,49.531152]]],[[[-126.641211,49.605811],[-126.938574,49.718457],[-126.92583,49.837744],[-126.738135,49.843652],[-126.625781,49.626807],[-126.641211,49.605811]]],[[[-125.184131,50.097119],[-125.301172,50.414062],[-125.112988,50.163477],[-125.184131,50.097119]]],[[[-128.936865,52.51001],[-129.263525,52.800781],[-128.940332,52.600732],[-128.936865,52.51001]]],[[[-127.924658,51.473877],[-128.142383,51.646582],[-127.998682,51.703809],[-127.916309,51.506201],[-127.924658,51.473877]]],[[[-128.36875,52.400879],[-128.439795,52.696387],[-128.247266,52.784375],[-128.343555,52.426074],[-128.36875,52.400879]]],[[[-129.313721,52.992188],[-129.514746,53.179395],[-129.343506,53.052783],[-129.313721,52.992188]]],[[[-129.167725,53.117871],[-129.33125,53.173975],[-129.177002,53.259131],[-129.167725,53.117871]]],[[[-123.4354,48.754443],[-123.582324,48.925781],[-123.406787,48.756055],[-123.4354,48.754443]]],[[[-59.787598,43.9396],[-60.11748,43.953369],[-59.727148,44.002832],[-59.787598,43.9396]]],[[[-60.961572,45.489941],[-61.081738,45.557812],[-60.953027,45.515527],[-60.961572,45.489941]]],[[[-61.914111,47.284521],[-61.772559,47.259814],[-62.008301,47.234277],[-61.924707,47.425146],[-61.395508,47.637646],[-61.886621,47.344629],[-61.914111,47.284521]]],[[[-64.508594,47.886719],[-64.68457,47.753613],[-64.564844,47.86626],[-64.508594,47.886719]]],[[[-64.476074,47.958887],[-64.591309,47.907227],[-64.48125,48.006934],[-64.476074,47.958887]]],[[[-66.273779,44.292285],[-66.324121,44.257324],[-66.311914,44.291602],[-66.250488,44.379004],[-66.210352,44.392041],[-66.273779,44.292285]]],[[[-66.7625,44.681787],[-66.89707,44.628906],[-66.802148,44.805371],[-66.753369,44.709814],[-66.7625,44.681787]]],[[[-73.566504,45.469092],[-73.960547,45.441406],[-73.476074,45.704736],[-73.55166,45.489844],[-73.566504,45.469092]]],[[[-73.695312,45.585498],[-73.857715,45.573584],[-73.572363,45.694482],[-73.695312,45.585498]]],[[[-71.025732,46.872949],[-70.825781,46.995361],[-70.913477,46.919531],[-71.025732,46.872949]]],[[[-55.536133,50.719678],[-55.569678,50.708691],[-55.600781,50.709033],[-55.629346,50.720801],[-55.633887,50.740186],[-55.604492,50.780713],[-55.527197,50.801221],[-55.469287,50.796387],[-55.472754,50.775928],[-55.503809,50.742139],[-55.536133,50.719678]]],[[[-54.554395,49.588867],[-54.863574,49.576074],[-54.537695,49.619971],[-54.554395,49.588867]]],[[[-55.36123,51.889648],[-55.408887,51.888818],[-55.419629,51.900049],[-55.399805,51.938477],[-55.346484,51.982861],[-55.274072,51.995166],[-55.293555,51.92998],[-55.36123,51.889648]]],[[[-54.093701,49.744434],[-53.980664,49.661963],[-54.286133,49.595361],[-54.137695,49.751172],[-54.093701,49.744434]]],[[[-54.227148,47.441357],[-54.325977,47.408105],[-54.147559,47.573096],[-54.227148,47.441357]]],[[[-64.823828,62.55874],[-64.418066,62.487402],[-64.956494,62.45835],[-64.848779,62.543311],[-64.823828,62.55874]]],[[[-68.233789,60.240918],[-68.367871,60.314746],[-68.087598,60.587842],[-67.818848,60.449512],[-68.012305,60.304639],[-68.233789,60.240918]]],[[[-70.337061,62.54873],[-70.766064,62.596875],[-71.220117,62.873926],[-70.442627,62.733789],[-70.288574,62.561572],[-70.337061,62.54873]]],[[[-64.832617,61.366064],[-65.432129,61.649512],[-64.789648,61.662207],[-64.66958,61.593018],[-64.787598,61.413281],[-64.832617,61.366064]]],[[[-65.030566,61.879053],[-64.84707,61.761523],[-65.230273,61.864014],[-65.068359,61.926025],[-65.030566,61.879053]]],[[[-69.160059,59.040234],[-69.352832,58.960742],[-69.303223,59.144873],[-69.155176,59.063574],[-69.160059,59.040234]]],[[[-64.407031,60.36709],[-64.836426,60.501025],[-64.499805,60.430225],[-64.407031,60.36709]]],[[[-60.994482,56.039307],[-61.19585,56.063916],[-60.955371,56.08042],[-60.994482,56.039307]]],[[[-61.743604,57.55459],[-61.6375,57.416064],[-62.01123,57.548486],[-61.84834,57.579346],[-61.743604,57.55459]]],[[[-67.914697,69.540967],[-68.221387,69.616748],[-67.844922,69.591748],[-67.914697,69.540967]]],[[[-62.681543,67.056299],[-62.871631,67.062598],[-62.484619,67.134229],[-62.681543,67.056299]]],[[[-79.063086,75.925879],[-79.69873,75.883252],[-78.845166,76.106299],[-79.056641,75.985156],[-79.063086,75.925879]]],[[[-79.866992,56.774561],[-79.894482,56.757129],[-79.943652,56.776758],[-79.945703,56.826904],[-79.898145,56.865283],[-79.860547,56.863525],[-79.82666,56.843115],[-79.83501,56.816016],[-79.866992,56.774561]]],[[[-79.716504,57.515527],[-79.838232,57.483008],[-79.713477,57.555029],[-79.716504,57.515527]]],[[[-79.518164,56.656689],[-79.570117,56.795703],[-79.496533,56.667285],[-79.518164,56.656689]]],[[[-79.938232,53.30415],[-79.939307,53.274268],[-80.004102,53.280078],[-80.039355,53.297168],[-80.067871,53.324072],[-80.074023,53.344287],[-80.049707,53.364453],[-79.974561,53.352246],[-79.938232,53.30415]]],[[[-79.384277,51.951953],[-79.64375,52.010059],[-79.271289,52.086816],[-79.351514,51.968311],[-79.384277,51.951953]]],[[[-123.372363,48.886133],[-123.689258,49.095117],[-123.37793,48.908252],[-123.372363,48.886133]]],[[[-124.977734,50.02959],[-124.99082,50.217139],[-124.908447,50.071289],[-124.977734,50.02959]]],[[[-73.621729,67.783838],[-74.480713,67.804883],[-74.749268,68.018457],[-73.49375,68.000635],[-73.407178,67.793066],[-73.621729,67.783838]]],[[[-77.876709,63.470557],[-77.532715,63.233643],[-77.942432,63.114404],[-78.536768,63.42373],[-77.933936,63.478955],[-77.876709,63.470557]]],[[[-94.526562,75.749316],[-94.901221,75.930762],[-94.498682,75.992188],[-94.329541,75.765918],[-94.526562,75.749316]]],[[[-80.285254,59.624121],[-80.317236,59.621045],[-80.324658,59.633203],[-80.298975,59.67417],[-80.256641,59.67915],[-80.209961,59.724609],[-80.167236,59.708887],[-80.183057,59.683496],[-80.240527,59.644922],[-80.285254,59.624121]]],[[[-80.064209,59.770801],[-80.16709,59.763867],[-79.949609,59.809912],[-80.064209,59.770801]]],[[[-96.782324,72.936621],[-97.092773,72.996924],[-97.069238,73.130176],[-96.598486,73.073828],[-96.709229,72.946973],[-96.782324,72.936621]]],[[[-97.355518,74.526318],[-97.75,74.510547],[-97.303857,74.559668],[-97.355518,74.526318]]],[[[-98.270361,73.868506],[-99.416992,73.89541],[-97.659131,74.071631],[-98.146973,73.888818],[-98.270361,73.868506]]],[[[-90.199805,69.419092],[-90.295459,69.257812],[-90.492041,69.369873],[-90.228564,69.436035],[-90.199805,69.419092]]],[[[-90.492578,69.221094],[-90.765674,69.335986],[-90.485352,69.246631],[-90.492578,69.221094]]],[[[-74.000439,62.618408],[-74.626465,62.712744],[-73.988184,62.636084],[-74.000439,62.618408]]],[[[-74.880859,68.348682],[-75.396191,68.588818],[-75.074707,68.684717],[-74.844971,68.365967],[-74.880859,68.348682]]],[[[-78.531641,60.728564],[-78.668896,60.716895],[-78.241699,60.818652],[-78.372461,60.756396],[-78.531641,60.728564]]],[[[-78.982715,68.192822],[-79.153467,68.335254],[-78.828516,68.268164],[-78.982715,68.192822]]],[[[-76.677588,63.393945],[-77.364746,63.58833],[-77.133691,63.682031],[-76.652441,63.503564],[-76.677588,63.393945]]],[[[-79.430664,69.787793],[-79.552832,69.630859],[-80.04751,69.634326],[-79.977832,69.509668],[-80.794775,69.689258],[-79.593994,69.810498],[-79.430664,69.787793]]],[[[-78.029102,69.714893],[-78.848193,69.482812],[-78.145215,69.739209],[-78.029102,69.714893]]],[[[-77.64209,63.991895],[-77.965967,63.99292],[-77.563623,64.02207],[-77.64209,63.991895]]],[[[-83.123486,66.282813],[-82.931348,66.257324],[-83.222266,66.336475],[-83.123486,66.282813]]],[[[-79.210645,68.845459],[-79.405762,68.923047],[-78.650195,69.351221],[-78.234082,69.3146],[-79.053613,68.88291],[-79.210645,68.845459]]],[[[-76.995361,69.14375],[-77.321924,69.193604],[-77.340918,69.403857],[-76.668848,69.366162],[-76.91123,69.174658],[-76.995361,69.14375]]],[[[-86.913037,70.113232],[-86.515234,70.017041],[-87.323242,70.080127],[-87.107275,70.14668],[-86.913037,70.113232]]],[[[-83.725977,65.796729],[-83.233936,65.696582],[-84.118262,65.771777],[-84.467383,66.088281],[-83.950391,66.02749],[-83.701367,65.920117],[-83.765137,65.831152],[-83.725977,65.796729]]],[[[-86.595557,67.735938],[-86.892529,67.836572],[-86.959814,68.100244],[-86.7021,68.305615],[-86.421143,68.183447],[-86.382422,67.927295],[-86.546045,67.752197],[-86.595557,67.735938]]],[[[-84.674756,65.575],[-85.096338,65.756201],[-85.149609,66.015381],[-84.919824,65.997021],[-84.62627,65.604053],[-84.674756,65.575]]],[[[-93.043945,61.844092],[-93.19668,61.918555],[-92.999951,61.86748],[-93.043945,61.844092]]],[[[-101.226123,76.579346],[-101.613086,76.60459],[-100.269141,76.734131],[-100.746582,76.64917],[-101.226123,76.579346]]],[[[-103.003369,78.146436],[-103.273584,78.165771],[-102.788281,78.218164],[-103.003369,78.146436]]],[[[-101.693555,77.696582],[-102.377832,77.728125],[-102.471533,77.873486],[-101.002051,77.735107],[-101.58457,77.718311],[-101.693555,77.696582]]],[[[-89.726465,76.507422],[-90.164551,76.523584],[-90.5625,76.754297],[-89.948779,76.83623],[-89.69541,76.741162],[-89.822119,76.630615],[-89.726367,76.520801],[-89.726465,76.507422]]],[[[-96.078564,75.510107],[-96.857129,75.369141],[-97.020654,75.468066],[-96.367822,75.654639],[-95.968604,75.541846],[-96.078564,75.510107]]],[[[-95.306641,74.50542],[-95.850732,74.582471],[-95.274463,74.519189],[-95.306641,74.50542]]],[[[-121.076221,75.745264],[-121.240918,75.751855],[-120.887793,75.927979],[-121.006641,75.765723],[-121.076221,75.745264]]],[[[-113.560693,76.743262],[-114.835254,76.794678],[-113.89165,76.894873],[-113.487598,76.783252],[-113.560693,76.743262]]],[[[-104.119922,75.036328],[-104.887402,75.147754],[-104.47417,75.413037],[-104.074658,75.424512],[-103.643506,75.186572],[-103.813916,75.079736],[-104.119922,75.036328]]],[[[-100.217236,68.806689],[-100.596533,68.766406],[-100.611572,68.990186],[-100.178467,68.903906],[-100.217236,68.806689]]],[[[-99.994678,69.013525],[-100.247363,69.052783],[-100.005615,69.047119],[-99.994678,69.013525]]],[[[-100.30835,70.495801],[-100.67832,70.646191],[-100.305518,70.508398],[-100.30835,70.495801]]],[[[-95.513672,69.573633],[-95.380908,69.506592],[-95.49624,69.350098],[-95.730127,69.347559],[-95.763623,69.559619],[-95.985937,69.391895],[-95.87583,69.606006],[-95.60249,69.601807],[-95.513672,69.573633]]],[[[-101.171729,69.39707],[-101.351318,69.559229],[-101.000635,69.461914],[-101.126953,69.414697],[-101.171729,69.39707]]],[[[-101.845898,68.586328],[-102.308154,68.681982],[-102.013379,68.825391],[-101.732959,68.753418],[-101.794287,68.636865],[-101.845898,68.586328]]],[[[-104.540674,68.405908],[-105.051367,68.559033],[-104.457129,68.431152],[-104.540674,68.405908]]],[[[-107.899854,67.401807],[-108.152246,67.429443],[-108.127539,67.628564],[-107.890967,67.437207],[-107.899854,67.401807]]],[[[-109.166406,67.982373],[-108.886035,67.898535],[-109.183594,67.975],[-109.166406,67.982373]]],[[[-108.092725,67.005176],[-107.805518,66.998584],[-107.943945,66.857812],[-108.059717,66.946875],[-108.092725,67.005176]]],[[[-109.323145,67.990869],[-109.497949,68.047021],[-109.323535,68.01333],[-109.323145,67.990869]]],[[[-139.043115,69.576904],[-139.291406,69.597852],[-138.878857,69.589697],[-139.043115,69.576904]]]]}},{"type":"Feature","properties":{"name":"Cameroon","state":"Cameroon","abbr":"CM","iso":"CMR","kind":"country","scope":"world","isUSA":false,"continent":"Africa"},"geometry":{"type":"Polygon","coordinates":[[[8.555859,4.755225],[8.997168,5.917725],[9.779883,6.760156],[10.143555,6.996436],[10.482324,6.89126],[10.60625,7.063086],[11.237305,6.450537],[11.861426,7.116406],[11.767383,7.272266],[12.233398,8.282324],[12.403516,8.595557],[12.782227,8.817871],[12.929492,9.42627],[13.19873,9.56377],[13.269922,10.036182],[13.699902,10.873145],[13.981445,11.211865],[14.559766,11.492285],[14.619727,12.150977],[14.197461,12.383789],[14.063965,13.078516],[14.461719,13.021777],[15.08125,11.845508],[15.132227,10.648486],[15.654883,10.007812],[14.243262,9.979736],[13.977246,9.691553],[15.116211,8.557324],[15.557813,7.738037],[14.764063,6.316357],[14.431152,6.038721],[14.616895,5.865137],[14.708984,4.665576],[15.063574,4.284863],[15.062109,3.947217],[16.063477,2.908594],[16.136133,1.724219],[14.578906,2.199121],[11.558984,2.302197],[11.348438,2.299707],[11.328711,2.167432],[9.979883,2.167773],[9.800781,2.304443],[9.915039,3.239648],[9.556152,3.798047],[9.739648,3.85293],[9.688867,4.056396],[9.483691,4.066113],[9.425293,3.922314],[9.000098,4.091602],[8.918262,4.55376],[8.660352,4.670996],[8.574414,4.526221],[8.570508,4.7521],[8.555859,4.755225]]]}},{"type":"Feature","properties":{"name":"Cambodia","state":"Cambodia","abbr":"KH","iso":"KHM","kind":"country","scope":"world","isUSA":false,"continent":"Asia"},"geometry":{"type":"MultiPolygon","coordinates":[[[[103.045117,11.285059],[103.027344,11.275488],[103.010547,11.275781],[102.993359,11.29043],[102.99502,11.348096],[103.00752,11.383301],[103.036816,11.389941],[103.045117,11.285059]]],[[[103.317773,10.718506],[103.28125,10.679688],[103.222949,10.75957],[103.223437,10.781982],[103.317773,10.718506]]],[[[107.519434,14.705078],[107.331445,14.126611],[107.605469,13.437793],[107.475391,13.030371],[107.538086,12.431787],[107.393359,12.260498],[106.413867,11.948437],[106.399219,11.687012],[106.006055,11.758008],[105.851465,11.63501],[105.856055,11.294287],[106.160937,11.037109],[106.163965,10.794922],[105.755078,10.98999],[105.045703,10.911377],[104.850586,10.534473],[104.426367,10.41123],[103.870508,10.655127],[103.587109,10.552197],[103.721875,10.890137],[103.532422,11.14668],[103.152832,10.913721],[103.125488,11.460645],[102.736621,12.089795],[102.755664,12.42627],[102.499609,12.669971],[102.319727,13.53999],[102.546875,13.585693],[103.031055,14.252539],[103.546387,14.417432],[104.779004,14.427832],[106.066797,13.921191],[105.978906,14.343018],[106.225391,14.476221],[106.501465,14.578223],[106.938086,14.327344],[107.465137,14.66499],[107.519434,14.705078]]]]}},{"type":"Feature","properties":{"name":"Myanmar","state":"Myanmar","abbr":"MM","iso":"MMR","kind":"country","scope":"world","isUSA":false,"continent":"Asia"},"geometry":{"type":"MultiPolygon","coordinates":[[[[100.122461,20.31665],[99.458887,20.363037],[99.485938,20.149854],[99.074219,20.099365],[98.916699,19.7729],[98.015039,19.749512],[97.816797,19.459961],[97.745898,18.588184],[97.373926,18.517969],[97.632227,18.290332],[97.706445,17.797119],[98.438867,16.975684],[98.660742,16.33042],[98.888281,16.351904],[98.592383,16.050684],[98.556934,15.367676],[98.191016,15.204102],[98.202148,14.975928],[99.136816,13.716699],[99.123926,13.030762],[99.614746,11.781201],[98.757227,10.660937],[98.562598,10.034961],[98.464941,10.67583],[98.875977,11.719727],[98.636328,11.738379],[98.575977,13.161914],[98.200391,13.980176],[98.110645,13.712891],[97.909766,14.652686],[98.01875,14.652588],[97.812305,14.858936],[97.584277,16.01958],[97.725977,16.568555],[97.375879,16.522949],[97.200195,17.09541],[96.851465,17.401025],[96.908594,17.030957],[96.76543,16.710352],[96.431152,16.504932],[96.189063,16.768311],[96.324316,16.444434],[95.763281,16.169043],[95.389551,15.722754],[95.346777,16.097607],[95.176953,15.825684],[94.942578,15.818262],[94.893164,16.182812],[94.661523,15.904395],[94.70332,16.511914],[94.441602,16.094385],[94.223828,16.016455],[94.588965,17.569336],[94.044922,19.287402],[93.929199,18.899658],[93.493066,19.369482],[93.824902,19.238477],[93.998145,19.440869],[93.611719,19.776074],[93.707031,19.912158],[93.25,20.070117],[93.129492,19.858008],[93.001953,20.074854],[93.066797,20.377637],[92.791211,20.211426],[92.850684,20.414844],[92.708984,20.563965],[92.722852,20.295605],[92.37832,20.717578],[92.17959,21.293115],[92.330566,21.439795],[92.599805,21.270166],[92.574902,21.978076],[92.688965,22.130957],[92.964551,22.00376],[93.151172,22.230615],[93.078711,22.718213],[93.391309,23.33916],[93.32627,24.064209],[94.127637,23.876465],[94.707617,25.04873],[94.579883,25.319824],[95.132422,26.04126],[95.128711,26.597266],[96.19082,27.261279],[96.731641,27.331494],[97.102051,27.11543],[96.876855,27.586719],[97.335156,27.937744],[97.322461,28.217969],[97.537891,28.510205],[98.098926,28.142285],[98.298828,27.550098],[98.651172,27.572461],[98.739355,26.698145],[98.564063,26.072412],[98.65625,25.863574],[97.819531,25.251855],[97.583301,24.774805],[97.531445,24.491699],[97.708203,24.22876],[97.564551,23.911035],[98.835059,24.121191],[98.676758,23.905078],[98.86377,23.19126],[99.507129,22.959131],[99.192969,22.125977],[99.917676,22.028027],[99.940723,21.75874],[100.214746,21.462988],[100.60459,21.471777],[101.130859,21.735547],[101.080371,21.468652],[100.703125,21.251367],[100.536133,20.992383],[100.622949,20.85957],[100.249316,20.730273],[100.129687,20.372217],[100.122461,20.31665]]],[[[98.209766,10.952734],[98.271484,10.739893],[98.080469,10.886621],[98.167285,10.980322],[98.209766,10.952734]]],[[[98.182617,9.933447],[98.291699,10.051318],[98.23125,9.953955],[98.182617,9.933447]]],[[[98.22168,11.478223],[98.299609,11.783008],[98.263281,11.523633],[98.22168,11.478223]]],[[[98.516016,11.905029],[98.466211,12.084277],[98.576465,11.925098],[98.516016,11.905029]]],[[[98.553809,11.744873],[98.434766,11.56709],[98.376465,11.791504],[98.523535,11.804932],[98.553809,11.744873]]],[[[98.413965,12.597949],[98.313867,12.335986],[98.396484,12.647119],[98.413965,12.597949]]],[[[98.136719,12.150439],[98.071387,12.291797],[98.120117,12.191309],[98.136719,12.150439]]],[[[94.476758,15.945947],[94.411914,15.848389],[94.60127,16.205518],[94.566113,16.019287],[94.476758,15.945947]]],[[[97.575,16.253223],[97.469141,16.461035],[97.589355,16.397363],[97.575,16.253223]]],[[[93.69082,18.684277],[93.4875,18.867529],[93.744727,18.865527],[93.718359,18.715723],[93.69082,18.684277]]],[[[93.491797,19.892578],[93.513281,19.754785],[93.412891,19.950342],[93.491797,19.892578]]],[[[93.714844,19.558252],[93.901953,19.332031],[93.755859,19.325684],[93.688379,19.544434],[93.714844,19.558252]]],[[[98.541699,10.961523],[98.518945,10.959375],[98.498047,10.964258],[98.477441,10.979736],[98.526563,11.086963],[98.541699,10.961523]]],[[[98.075488,11.692383],[98.010352,11.860254],[98.080762,11.733203],[98.075488,11.692383]]],[[[98.066113,12.389795],[97.951758,12.322314],[98.059863,12.397852],[98.066113,12.389795]]],[[[98.31543,13.099072],[98.30918,12.934717],[98.298633,13.15166],[98.31543,13.099072]]],[[[94.804883,15.819336],[94.784375,15.793848],[94.743359,15.812109],[94.733496,15.823047],[94.828027,15.933008],[94.838184,15.89209],[94.804883,15.819336]]],[[[93.010156,19.923926],[93.023242,19.828857],[92.975195,19.868018],[92.912695,19.999805],[92.914648,20.086475],[92.95957,20.046191],[93.010156,19.923926]]]]}},{"type":"Feature","properties":{"name":"Burundi","state":"Burundi","abbr":"BI","iso":"BDI","kind":"country","scope":"world","isUSA":false,"continent":"Africa"},"geometry":{"type":"Polygon","coordinates":[[[30.553613,-2.400098],[30.433496,-2.874512],[30.780273,-2.984863],[30.790234,-3.274609],[29.947266,-4.307324],[29.403223,-4.449316],[29.211816,-3.833789],[29.224414,-3.053516],[29.028613,-2.664551],[29.698047,-2.794727],[29.868164,-2.716406],[29.930176,-2.339551],[30.528906,-2.395605],[30.553613,-2.400098]]]}},{"type":"Feature","properties":{"name":"Burkina Faso","state":"Burkina Faso","abbr":"BF","iso":"BFA","kind":"country","scope":"world","isUSA":false,"continent":"Africa"},"geometry":{"type":"Polygon","coordinates":[[[0.900488,10.993262],[-0.299463,11.166895],[-0.627148,10.927393],[-2.829932,10.998389],[-2.914893,10.592334],[-2.786621,10.401904],[-2.766602,9.424707],[-3.223535,9.895459],[-3.790625,9.917187],[-4.332227,9.645703],[-4.62583,9.713574],[-4.969922,9.930078],[-5.099854,10.241602],[-5.523535,10.426025],[-5.490479,11.042383],[-5.250244,11.375781],[-5.288135,11.82793],[-4.428711,12.337598],[-4.480615,12.672217],[-4.2271,12.793701],[-4.328711,13.119043],[-4.151025,13.306201],[-3.947314,13.402197],[-3.527637,13.182715],[-3.301758,13.280762],[-3.248633,13.65835],[-2.95083,13.648438],[-2.586719,14.227588],[-2.113232,14.168457],[-1.973047,14.456543],[-0.666455,15.069775],[0.21748,14.911475],[0.163867,14.497217],[0.429199,13.972119],[1.201172,13.35752],[0.988477,13.364844],[0.987305,13.041895],[1.564941,12.6354],[2.073828,12.713965],[2.211523,12.538428],[2.058398,12.357959],[2.38916,11.89707],[2.287207,11.69126],[1.980371,11.418408],[1.426758,11.447119],[0.924609,10.992822],[0.900488,10.993262]]]}},{"type":"Feature","properties":{"name":"Bulgaria","state":"Bulgaria","abbr":"BG","iso":"BGR","kind":"country","scope":"world","isUSA":false,"continent":"Europe"},"geometry":{"type":"Polygon","coordinates":[[[28.014453,41.969043],[27.534863,41.920801],[27.244336,42.093262],[26.615332,41.964893],[26.107422,41.725684],[26.135352,41.385742],[25.92334,41.311914],[25.251172,41.243555],[24.487891,41.555225],[22.916016,41.336279],[23.003613,41.739844],[22.344043,42.313965],[22.523535,42.440967],[22.466797,42.84248],[22.976855,43.187988],[22.499121,43.518848],[22.399023,43.969531],[22.705078,44.237793],[23.028516,44.077979],[22.919043,43.834473],[25.49707,43.670801],[26.847754,44.146191],[27.884277,43.987354],[28.05,43.822412],[28.585352,43.742236],[28.46543,43.389307],[28.133691,43.395605],[27.928906,43.186133],[27.888867,42.749707],[27.484766,42.468066],[27.982715,42.047412],[28.014453,41.969043]]]}},{"type":"Feature","properties":{"name":"Brunei","state":"Brunei","abbr":"BN","iso":"BRN","kind":"country","scope":"world","isUSA":false,"continent":"Asia"},"geometry":{"type":"MultiPolygon","coordinates":[[[[115.140039,4.899756],[115.290625,4.352588],[115.107031,4.39043],[115.026758,4.899707],[115.140039,4.899756]]],[[[115.026758,4.899707],[114.74668,4.718066],[114.840234,4.393213],[114.654102,4.037646],[114.063867,4.592676],[115.04707,4.962451],[115.026758,4.899707]]]]}},{"type":"Feature","properties":{"name":"Brazil","state":"Brazil","abbr":"BR","iso":"BRA","kind":"country","scope":"world","isUSA":false,"continent":"South America"},"geometry":{"type":"MultiPolygon","coordinates":[[[[-66.876025,1.223047],[-66.347119,0.767187],[-65.681445,0.983447],[-65.473389,0.69126],[-65.10376,1.108105],[-64.205029,1.529492],[-64.008496,1.931592],[-63.43252,2.155566],[-63.389258,2.411914],[-64.046582,2.502393],[-64.221094,3.587402],[-64.788672,4.276025],[-64.19248,4.126855],[-64.021484,3.929102],[-63.338672,3.943896],[-62.856982,3.593457],[-62.712109,4.01792],[-61.002832,4.535254],[-60.627588,4.892529],[-60.651367,5.221143],[-60.142041,5.238818],[-59.990674,5.082861],[-60.148633,4.533252],[-59.703271,4.381104],[-59.551123,3.933545],[-59.854395,3.5875],[-59.994336,2.68999],[-59.666602,1.746289],[-58.8625,1.203613],[-58.511865,1.284668],[-58.340674,1.587549],[-58.034668,1.520264],[-57.118896,2.013965],[-55.96333,1.85708],[-55.915332,2.039551],[-56.137695,2.259033],[-55.957471,2.520459],[-55.730566,2.406152],[-54.978662,2.597656],[-54.130078,2.121045],[-53.767773,2.354834],[-52.964844,2.183545],[-52.653174,2.425732],[-52.327881,3.181738],[-51.461523,4.31377],[-51.219922,4.093604],[-50.714404,2.134033],[-50.458887,1.82959],[-49.957129,1.659863],[-49.898877,1.162988],[-50.755078,0.222559],[-51.28291,-0.085205],[-51.980811,-1.367969],[-52.66416,-1.551758],[-51.947559,-1.586719],[-50.894922,-0.937598],[-50.690039,-1.761719],[-50.403223,-2.015527],[-49.313672,-1.731738],[-49.636523,-2.656934],[-49.211035,-1.916504],[-48.71001,-1.487695],[-48.462939,-1.613965],[-48.349805,-1.482129],[-48.449805,-1.145508],[-48.115088,-0.7375],[-47.418652,-0.765918],[-47.439063,-0.647656],[-47.268604,-0.64541],[-45.458594,-1.35625],[-45.32915,-1.717285],[-45.076367,-1.466406],[-44.778516,-1.798828],[-44.65127,-1.745801],[-44.537793,-2.052734],[-44.756348,-2.265527],[-44.662402,-2.373242],[-44.435449,-2.168066],[-44.381836,-2.365527],[-44.589014,-2.573438],[-44.723047,-3.204785],[-44.228613,-2.471289],[-44.105566,-2.493457],[-44.192676,-2.80957],[-43.380078,-2.376074],[-41.479932,-2.916504],[-39.964697,-2.861523],[-38.475781,-3.71748],[-37.174658,-4.912402],[-36.590723,-5.097559],[-35.549414,-5.129395],[-35.235449,-5.566699],[-34.805469,-7.288379],[-34.96665,-8.407617],[-35.59707,-9.540625],[-35.89082,-9.687012],[-36.39834,-10.484082],[-36.937793,-10.82041],[-37.356006,-11.403906],[-37.359229,-11.252539],[-37.688721,-12.1],[-38.239746,-12.844238],[-38.498926,-12.956641],[-38.690967,-12.623926],[-38.851758,-12.790137],[-38.763721,-12.907227],[-39.089355,-13.588184],[-39.048145,-14.043945],[-38.942334,-14.030664],[-39.05957,-14.654785],[-38.880615,-15.864258],[-39.202881,-17.178125],[-39.154004,-17.703906],[-39.650781,-18.252344],[-39.783301,-19.571777],[-40.954541,-21.237891],[-41.000293,-21.999023],[-41.705518,-22.309668],[-41.98042,-22.580664],[-42.042383,-22.94707],[-42.958301,-22.96709],[-43.154297,-22.725195],[-43.22417,-22.991211],[-43.898828,-23.101465],[-43.675977,-23.009473],[-43.866162,-22.910547],[-44.637256,-23.055469],[-44.569678,-23.274023],[-45.325391,-23.599707],[-45.464307,-23.802539],[-45.97207,-23.795508],[-46.867285,-24.236328],[-47.98916,-25.035742],[-47.929395,-25.168262],[-48.202734,-25.416504],[-48.40249,-25.27207],[-48.476123,-25.442969],[-48.731738,-25.36875],[-48.401172,-25.597363],[-48.665771,-25.844336],[-48.619434,-26.179395],[-48.748291,-26.268652],[-48.55415,-27.195996],[-48.799658,-28.575293],[-49.745996,-29.363184],[-50.921387,-31.258398],[-52.039209,-32.114844],[-52.063232,-31.830371],[-51.680664,-31.774609],[-51.272168,-31.476953],[-51.161426,-31.118848],[-50.980078,-31.094238],[-50.689307,-30.704199],[-50.716309,-30.425977],[-50.581934,-30.438867],[-50.563525,-30.253613],[-51.024951,-30.368652],[-51.298047,-30.034863],[-51.157275,-30.364258],[-51.283057,-30.751563],[-51.359082,-30.674512],[-51.506299,-31.104492],[-51.972461,-31.383789],[-52.193555,-31.885547],[-52.127393,-32.167773],[-52.652246,-33.137793],[-53.370605,-33.742188],[-53.531348,-33.655469],[-53.531348,-33.170898],[-53.125586,-32.736719],[-53.601709,-32.403027],[-53.761719,-32.056836],[-54.587646,-31.485156],[-55.173535,-31.27959],[-55.603027,-30.850781],[-56.004687,-31.079199],[-56.044824,-30.777637],[-56.832715,-30.107227],[-57.214453,-30.283398],[-57.608887,-30.187793],[-55.890527,-28.37002],[-55.687256,-28.381641],[-55.725488,-28.204102],[-54.829102,-27.550586],[-53.838184,-27.121094],[-53.671289,-26.225098],[-54.012305,-25.57793],[-54.615869,-25.576074],[-54.241797,-24.047266],[-54.625488,-23.8125],[-55.194336,-24.01748],[-55.415918,-23.951367],[-55.617676,-22.671484],[-55.799561,-22.353906],[-56.447803,-22.076172],[-56.937256,-22.271289],[-57.985693,-22.046387],[-57.830225,-20.997949],[-58.159766,-20.164648],[-57.860742,-19.97959],[-58.131494,-19.744531],[-57.716797,-19.044043],[-57.495654,-18.214648],[-57.832471,-17.512109],[-58.395996,-17.234277],[-58.478125,-16.700684],[-58.345605,-16.284375],[-60.175586,-16.269336],[-60.242334,-15.47959],[-60.583203,-15.09834],[-60.27334,-15.08877],[-60.506592,-13.789844],[-61.077002,-13.489746],[-61.789941,-13.525586],[-62.118018,-13.159766],[-62.765479,-12.997266],[-63.06748,-12.669141],[-64.420508,-12.439746],[-64.992529,-11.975195],[-65.389893,-11.246289],[-65.396143,-9.712402],[-66.575342,-9.899902],[-68.622656,-11.10918],[-69.228516,-10.955664],[-70.642334,-11.010254],[-70.541113,-9.4375],[-71.237939,-9.966016],[-72.181592,-10.003711],[-72.379053,-9.510156],[-73.209424,-9.411426],[-72.974023,-8.993164],[-74.002051,-7.556055],[-73.964307,-7.378906],[-73.72041,-7.309277],[-73.758105,-6.905762],[-73.137354,-6.46582],[-73.235547,-6.098438],[-72.887061,-5.122754],[-71.844727,-4.504395],[-70.973682,-4.350488],[-70.799512,-4.17334],[-69.972021,-4.301172],[-69.400244,-1.194922],[-69.633984,-0.509277],[-70.070508,-0.138867],[-70.053906,0.578613],[-69.15332,0.658789],[-69.311816,1.050488],[-69.852148,1.059521],[-69.848584,1.70874],[-68.176562,1.719824],[-68.193799,1.987012],[-67.93623,1.748486],[-67.400439,2.116699],[-67.119238,1.703613],[-67.065234,1.178369],[-66.876025,1.223047]]],[[[-49.628662,-0.229199],[-49.116992,-0.163574],[-48.379687,-0.352832],[-48.928906,-1.482324],[-49.172705,-1.412598],[-49.233984,-1.599512],[-49.506641,-1.511621],[-49.805127,-1.790234],[-50.443457,-1.800684],[-50.723828,-1.371484],[-50.729492,-1.126758],[-50.576953,-1.103125],[-50.783301,-1.010352],[-50.780957,-0.689844],[-50.645508,-0.272852],[-50.248242,-0.116406],[-49.628662,-0.229199]]],[[[-44.129297,-23.141895],[-44.360156,-23.17207],[-44.191602,-23.113281],[-44.129297,-23.141895]]],[[[-48.584424,-26.401563],[-48.665771,-26.289648],[-48.539746,-26.170313],[-48.568066,-26.379688],[-48.584424,-26.401563]]],[[[-45.260254,-23.88916],[-45.451416,-23.895605],[-45.302344,-23.727539],[-45.250293,-23.853027],[-45.260254,-23.88916]]],[[[-44.499316,-2.939648],[-44.597754,-3.037598],[-44.482568,-2.811914],[-44.499316,-2.939648]]],[[[-38.743848,-13.09707],[-38.668115,-12.880176],[-38.601172,-12.992578],[-38.743848,-13.09707]]],[[[-38.903564,-13.473438],[-39.022168,-13.445605],[-38.907129,-13.401074],[-38.903564,-13.473438]]],[[[-44.883105,-1.317871],[-45.02085,-1.372363],[-44.888281,-1.276855],[-44.883105,-1.317871]]],[[[-49.738232,0.268164],[-49.91709,-0.023193],[-50.339453,0.043359],[-50.272656,0.231738],[-49.879004,0.304541],[-49.738232,0.268164]]],[[[-50.298975,1.938525],[-50.456104,1.910498],[-50.491016,2.128613],[-50.29209,1.97959],[-50.298975,1.938525]]],[[[-50.652881,-0.131641],[-50.926367,-0.327344],[-51.038086,-0.225879],[-50.842187,-0.050195],[-50.650586,-0.105859],[-50.652881,-0.131641]]],[[[-49.443896,-0.112402],[-49.830078,-0.093896],[-49.503467,0.083691],[-49.380859,-0.055469],[-49.443896,-0.112402]]],[[[-50.426123,0.139258],[-50.443945,-0.007666],[-50.623926,0.054395],[-50.372754,0.590869],[-50.332275,0.259033],[-50.426123,0.139258]]],[[[-50.15293,0.393018],[-50.281543,0.39082],[-50.251172,0.585449],[-50.058838,0.638037],[-50.040039,0.522803],[-50.15293,0.393018]]],[[[-51.83252,-1.433789],[-51.938379,-1.452637],[-51.546045,-0.649609],[-51.254004,-0.541406],[-51.276318,-1.021777],[-51.637695,-1.341895],[-51.83252,-1.433789]]],[[[-48.485889,-27.766992],[-48.414893,-27.399609],[-48.496777,-27.707031],[-48.485889,-27.766992]]]]}},{"type":"Feature","properties":{"name":"Botswana","state":"Botswana","abbr":"BW","iso":"BWA","kind":"country","scope":"world","isUSA":false,"continent":"Africa"},"geometry":{"type":"Polygon","coordinates":[[[25.258789,-17.793555],[26.168066,-19.538281],[27.178223,-20.100977],[27.280762,-20.478711],[27.699609,-20.530664],[27.669434,-21.064258],[28.014063,-21.554199],[29.025586,-21.796875],[29.042383,-22.018359],[29.364844,-22.193945],[28.210156,-22.693652],[27.758301,-23.196777],[27.085547,-23.57793],[26.835059,-24.24082],[26.397168,-24.613574],[25.912109,-24.747461],[25.443652,-25.714453],[24.330566,-25.742871],[23.14873,-25.288672],[22.878809,-25.45791],[22.597656,-26.132715],[21.694727,-26.840918],[20.685059,-26.822461],[20.626758,-26.443848],[20.793164,-25.915625],[20.430664,-25.14707],[19.980469,-24.776758],[19.977344,-22.000195],[20.970996,-22.000195],[20.974121,-18.318848],[23.219336,-17.999707],[23.599707,-18.459961],[24.243945,-18.023438],[25.216016,-17.787598],[25.258789,-17.793555]]]}},{"type":"Feature","properties":{"name":"Bosnia and Herzegovina","state":"Bosnia and Herzegovina","abbr":"BA","iso":"BIH","kind":"country","scope":"world","isUSA":false,"continent":"Europe"},"geometry":{"type":"Polygon","coordinates":[[[19.348633,44.880908],[19.118457,44.359961],[19.583789,44.043457],[19.24502,43.965039],[19.47998,43.595166],[18.950684,43.52666],[19.02666,43.292432],[18.851074,43.346338],[18.443848,42.968457],[18.545898,42.641602],[18.436328,42.559717],[17.585156,42.938379],[17.273828,43.445752],[16.300098,44.124512],[16.103418,44.520996],[15.736621,44.76582],[15.822852,45.202783],[16.293359,45.008838],[16.918652,45.276562],[19.312695,44.897461],[19.348633,44.880908]]]}},{"type":"Feature","properties":{"name":"Bolivia","state":"Bolivia","abbr":"BO","iso":"BOL","kind":"country","scope":"world","isUSA":false,"continent":"South America"},"geometry":{"type":"Polygon","coordinates":[[[-69.510937,-17.506055],[-69.624854,-17.200195],[-68.842773,-16.337891],[-69.217578,-16.149121],[-69.420898,-15.640625],[-69.172461,-15.236621],[-69.359473,-14.795313],[-68.870898,-14.169727],[-69.074121,-13.682813],[-68.978613,-12.880078],[-68.685254,-12.501953],[-69.578613,-10.951758],[-68.622656,-11.10918],[-66.575342,-9.899902],[-65.396143,-9.712402],[-65.389893,-11.246289],[-64.992529,-11.975195],[-64.420508,-12.439746],[-63.06748,-12.669141],[-62.765479,-12.997266],[-62.118018,-13.159766],[-61.789941,-13.525586],[-61.077002,-13.489746],[-60.506592,-13.789844],[-60.27334,-15.08877],[-60.583203,-15.09834],[-60.242334,-15.47959],[-60.175586,-16.269336],[-58.345605,-16.284375],[-58.478125,-16.700684],[-58.395996,-17.234277],[-57.832471,-17.512109],[-57.495654,-18.214648],[-57.716797,-19.044043],[-58.131494,-19.744531],[-57.860742,-19.97959],[-58.09375,-20.151074],[-58.180176,-19.817871],[-59.090527,-19.28623],[-60.007373,-19.297559],[-61.756836,-19.645313],[-62.276318,-20.5625],[-62.27666,-21.066016],[-62.650977,-22.233691],[-62.843359,-21.997266],[-63.92168,-22.028613],[-64.325293,-22.827637],[-64.605518,-22.228809],[-65.771045,-22.099609],[-66.220166,-21.802539],[-66.365186,-22.11377],[-66.711719,-22.216309],[-67.194873,-22.82168],[-67.707324,-22.88916],[-67.879443,-22.822949],[-68.197021,-21.300293],[-68.558252,-20.901953],[-68.484326,-20.628418],[-68.760547,-20.416211],[-68.755811,-20.09082],[-68.560693,-19.96709],[-68.698291,-19.721094],[-68.470166,-19.409961],[-68.968311,-18.967969],[-69.093945,-18.050488],[-69.49502,-17.619531],[-69.510937,-17.506055]]]}},{"type":"Feature","properties":{"name":"Bhutan","state":"Bhutan","abbr":"BT","iso":"BTN","kind":"country","scope":"world","isUSA":false,"continent":"Asia"},"geometry":{"type":"Polygon","coordinates":[[[91.631934,27.759961],[91.594727,27.557666],[92.083398,27.290625],[92.049707,26.874854],[90.739648,26.77168],[90.345898,26.890332],[89.763867,26.701563],[89.040918,26.865039],[88.73877,27.175586],[89.480664,28.059961],[89.897852,28.294141],[91.020801,27.970068],[91.273047,28.078369],[91.605566,27.951709],[91.629395,27.800879],[91.631934,27.759961]]]}},{"type":"Feature","properties":{"name":"Benin","state":"Benin","abbr":"BJ","iso":"BEN","kind":"country","scope":"world","isUSA":false,"continent":"Africa"},"geometry":{"type":"Polygon","coordinates":[[[1.622656,6.216797],[1.77793,6.294629],[1.530957,6.992432],[1.600195,9.050049],[1.385742,9.36167],[1.330078,9.996973],[0.77998,10.35957],[0.7875,10.710254],[0.900488,10.993262],[1.426758,11.447119],[1.980371,11.418408],[2.363281,11.840088],[2.366016,12.221924],[2.805273,12.383838],[3.59541,11.696289],[3.487793,11.39541],[3.834473,10.607422],[3.044922,9.083838],[2.774805,9.048535],[2.706445,6.369238],[1.818164,6.260645],[1.622656,6.216797]]]}},{"type":"Feature","properties":{"name":"Belize","state":"Belize","abbr":"BZ","iso":"BLZ","kind":"country","scope":"world","isUSA":false,"continent":"North America"},"geometry":{"type":"MultiPolygon","coordinates":[[[[-89.161475,17.814844],[-89.133545,17.970801],[-88.806348,17.965527],[-88.522998,18.445898],[-88.130273,18.350732],[-88.313428,16.632764],[-88.894043,15.890625],[-89.2375,15.894434],[-89.171094,17.572266],[-89.161475,17.814844]]],[[[-87.950586,17.924951],[-87.998096,17.906348],[-87.959033,17.964014],[-87.95332,18.001074],[-87.89834,18.154932],[-87.858936,18.154053],[-87.848535,18.140381],[-87.950586,17.924951]]],[[[-87.85293,17.422852],[-87.92998,17.283008],[-87.798145,17.47959],[-87.85293,17.422852]]]]}},{"type":"Feature","properties":{"name":"Belgium","state":"Belgium","abbr":"BE","iso":"BEL","kind":"country","scope":"world","isUSA":false,"continent":"Europe"},"geometry":{"type":"Polygon","coordinates":[[[4.226172,51.386475],[5.030957,51.469092],[5.21416,51.278955],[5.827148,51.125635],[5.639453,50.843604],[6.235938,50.59668],[6.364453,50.316162],[5.744043,49.919629],[5.81543,49.553809],[5.507324,49.510889],[4.867578,49.788135],[4.818652,50.153174],[4.54502,49.960254],[4.149316,49.971582],[4.174609,50.246484],[3.689355,50.306055],[3.106836,50.779443],[2.759375,50.750635],[2.524902,51.097119],[3.350098,51.377686],[3.43252,51.245752],[3.902051,51.207666],[4.211426,51.34873],[4.226172,51.386475]]]}},{"type":"Feature","properties":{"name":"Belarus","state":"Belarus","abbr":"BY","iso":"BLR","kind":"country","scope":"world","isUSA":false,"continent":"Europe"},"geometry":{"type":"Polygon","coordinates":[[[31.763379,52.101074],[31.079297,52.076953],[30.755273,51.895166],[30.533008,51.596338],[30.544531,51.265039],[30.160742,51.477881],[29.346484,51.382568],[29.102051,51.627539],[28.73125,51.433398],[28.183789,51.607861],[27.7,51.477979],[27.141992,51.752051],[25.785742,51.923828],[24.361914,51.867529],[23.605273,51.51792],[23.652441,52.040381],[23.175098,52.286621],[23.91543,52.770264],[23.484668,53.939795],[24.317969,53.892969],[25.461133,54.292773],[25.749219,54.156982],[25.547363,54.331836],[25.859277,54.919287],[26.775684,55.273096],[26.457617,55.34248],[26.593555,55.667529],[27.052539,55.830566],[27.576758,55.798779],[28.117871,56.145801],[29.375,55.938721],[29.482227,55.68457],[30.233594,55.845215],[30.906836,55.57002],[30.810547,55.306982],[30.977734,55.050488],[30.798828,54.783252],[31.152148,54.625342],[31.074805,54.491797],[31.403613,54.195947],[31.825977,54.030713],[31.754199,53.810449],[32.450195,53.69292],[32.706445,53.419434],[32.141992,53.091162],[31.417871,53.196045],[31.258789,53.016699],[31.564844,52.759229],[31.577344,52.312305],[31.758594,52.12583],[31.763379,52.101074]]]}},{"type":"Feature","properties":{"name":"Barbados","state":"Barbados","abbr":"BB","iso":"BRB","kind":"country","scope":"world","isUSA":false,"continent":"North America"},"geometry":{"type":"Polygon","coordinates":[[[-59.493311,13.081982],[-59.64668,13.303125],[-59.427637,13.152783],[-59.493311,13.081982]]]}},{"type":"Feature","properties":{"name":"Bangladesh","state":"Bangladesh","abbr":"BD","iso":"BGD","kind":"country","scope":"world","isUSA":false,"continent":"Asia"},"geometry":{"type":"MultiPolygon","coordinates":[[[[89.051465,22.093164],[88.928125,23.186621],[88.724414,23.25498],[88.567383,23.674414],[88.723535,24.274902],[88.023438,24.627832],[88.45625,25.188428],[88.95166,25.259277],[88.08457,25.888232],[88.44043,26.369482],[88.418164,26.571533],[88.828027,26.252197],[89.018652,26.410254],[89.369727,26.006104],[89.549902,26.005273],[89.670898,26.213818],[89.822949,25.941406],[89.833301,25.292773],[90.439355,25.157715],[92.049707,25.169482],[92.485449,24.90332],[92.22832,24.881348],[92.101953,24.408057],[91.876953,24.195312],[91.36709,24.093506],[91.160449,23.660645],[91.315234,23.104395],[91.43623,23.199902],[91.619531,22.979688],[91.92959,23.685986],[92.246094,23.683594],[92.631641,21.306201],[92.208203,21.357861],[92.324121,20.791846],[92.056055,21.174805],[91.863379,22.350488],[91.480078,22.884814],[90.945605,22.597021],[90.65625,23.025488],[90.604004,23.591357],[90.555664,23.421533],[90.269141,23.455859],[90.590918,23.266406],[90.435059,22.751904],[90.616113,22.362158],[90.230566,21.829785],[90.071191,21.887256],[90.20957,22.156592],[89.918066,22.116162],[89.985156,22.466406],[89.568555,21.767432],[89.483203,22.275537],[89.353711,21.721094],[89.081641,22.014941],[89.051465,22.093164]]],[[[91.150781,22.175195],[91.044727,22.105176],[91.079492,22.519727],[91.178223,22.283008],[91.150781,22.175195]]],[[[91.556738,22.382227],[91.456055,22.616504],[91.54834,22.425391],[91.556738,22.382227]]],[[[90.777637,22.089307],[90.515039,22.065137],[90.680469,22.32749],[90.50293,22.835352],[90.672266,22.813184],[90.868164,22.484863],[90.829883,22.159961],[90.777637,22.089307]]],[[[91.873828,21.832129],[91.837598,21.750244],[91.819727,21.809814],[91.835156,21.885352],[91.850684,21.927051],[91.861328,21.92666],[91.88252,21.883643],[91.873828,21.832129]]],[[[91.949219,21.508057],[91.857031,21.708789],[91.961914,21.609766],[91.949219,21.508057]]],[[[90.641797,22.962988],[90.65957,22.92002],[90.603906,22.945557],[90.562305,22.975439],[90.536328,23.014893],[90.579883,23.035449],[90.641797,22.962988]]]]}},{"type":"Feature","properties":{"name":"Bahrain","state":"Bahrain","abbr":"BH","iso":"BHR","kind":"country","scope":"world","isUSA":false,"continent":"Asia"},"geometry":{"type":"Polygon","coordinates":[[[50.607227,25.883105],[50.465918,25.965527],[50.469922,26.228955],[50.585938,26.240723],[50.61748,26.002344],[50.607227,25.883105]]]}},{"type":"Feature","properties":{"name":"The Bahamas","state":"The Bahamas","abbr":"BS","iso":"BHS","kind":"country","scope":"world","isUSA":false,"continent":"North America"},"geometry":{"type":"MultiPolygon","coordinates":[[[[-77.657715,24.249463],[-77.755273,24.163477],[-77.561523,24.136816],[-77.57373,23.73916],[-77.771289,23.752539],[-77.999902,24.219824],[-77.701465,24.287549],[-77.657715,24.249463]]],[[[-77.225635,25.904199],[-77.403174,26.024707],[-77.246777,26.156348],[-77.238623,26.561133],[-77.510596,26.845996],[-77.94375,26.903564],[-77.533887,26.903418],[-77.066357,26.530176],[-77.191016,25.955469],[-77.225635,25.904199]]],[[[-73.026855,21.192383],[-73.164551,20.97915],[-73.681152,20.975586],[-73.523096,21.19082],[-73.01167,21.299512],[-73.026855,21.192383]]],[[[-77.743848,24.707422],[-77.745215,24.463477],[-78.044922,24.287451],[-78.435303,24.627588],[-78.242725,24.653809],[-78.211377,25.19126],[-77.840137,24.794385],[-77.743848,24.707422]]],[[[-78.492871,26.729053],[-77.922461,26.691113],[-78.743652,26.500684],[-78.985645,26.689502],[-78.7125,26.599023],[-78.597119,26.797949],[-78.492871,26.729053]]],[[[-77.347559,25.013867],[-77.561914,25.030029],[-77.269141,25.043848],[-77.347559,25.013867]]],[[[-74.05752,22.723486],[-74.274609,22.71167],[-74.307031,22.8396],[-74.175391,22.759912],[-74.05752,22.723486]]],[[[-74.429443,24.068066],[-74.550928,23.968945],[-74.450488,24.125488],[-74.429443,24.068066]]],[[[-74.206738,22.21377],[-73.849951,22.731055],[-73.836523,22.538428],[-74.09292,22.30625],[-74.206738,22.21377]]],[[[-76.648828,25.487402],[-76.126611,25.140527],[-76.169531,24.649414],[-76.319971,24.817676],[-76.1604,25.119336],[-76.780664,25.426855],[-76.71084,25.564893],[-76.648828,25.487402]]],[[[-75.664551,23.450146],[-76.010449,23.671387],[-75.754248,23.48999],[-75.664551,23.450146]]],[[[-74.840479,22.894336],[-75.22334,23.165332],[-75.130566,23.26792],[-75.315967,23.668359],[-74.845605,22.999902],[-74.840479,22.894336]]],[[[-75.308398,24.2],[-75.503223,24.139062],[-75.408936,24.265771],[-75.72666,24.689355],[-75.518164,24.427344],[-75.308398,24.2]]],[[[-73.041016,22.429053],[-72.747266,22.327393],[-73.127393,22.455322],[-73.041016,22.429053]]],[[[-72.916113,21.506689],[-73.049316,21.457617],[-72.994775,21.561621],[-72.916113,21.506689]]]]}},{"type":"Feature","properties":{"name":"Azerbaijan","state":"Azerbaijan","abbr":"AZ","iso":"AZE","kind":"country","scope":"world","isUSA":false,"continent":"Asia"},"geometry":{"type":"MultiPolygon","coordinates":[[[[44.817188,39.650439],[45.031641,39.765137],[45.172559,39.570605],[45.784473,39.545605],[46.114453,38.877783],[45.479688,39.00625],[44.838184,39.629102],[44.817188,39.650439]]],[[[48.86875,38.435498],[48.592676,38.411084],[47.996484,38.85376],[48.29209,39.018848],[48.104395,39.241113],[48.322168,39.399072],[47.995898,39.683936],[46.490625,38.906689],[46.400293,39.192187],[46.584766,39.223682],[46.365234,39.40249],[46.481445,39.555176],[45.579785,39.977539],[45.885938,40.024854],[45.964648,40.233789],[45.454395,40.532373],[45.378906,40.673584],[45.5875,40.846924],[45.070508,41.075586],[45.188574,41.147412],[45.001367,41.290967],[45.280957,41.449561],[46.534375,41.088574],[46.672559,41.286816],[46.182129,41.65708],[46.429883,41.890967],[46.749316,41.812598],[47.317676,41.282422],[47.791016,41.199268],[48.664648,41.786621],[49.456738,40.799854],[50.18252,40.504785],[50.365918,40.279492],[49.551172,40.194141],[49.362793,39.349561],[49.165332,39.030273],[49.013477,39.133984],[48.850879,38.815332],[48.86875,38.435498]],[[45.552344,40.616064],[45.562305,40.64917],[45.53418,40.664014],[45.504492,40.664844],[45.478809,40.64834],[45.478809,40.606982],[45.514355,40.599561],[45.552344,40.616064]]],[[[45.023633,41.027246],[45.002051,41.01582],[44.969043,41.027246],[44.958887,41.052637],[44.961426,41.079248],[44.994336,41.085596],[45.021094,41.077979],[45.028711,41.053857],[45.023633,41.027246]]]]}},{"type":"Feature","properties":{"name":"Austria","state":"Austria","abbr":"AT","iso":"AUT","kind":"country","scope":"world","isUSA":false,"continent":"Europe"},"geometry":{"type":"Polygon","coordinates":[[[9.527539,47.270752],[9.625879,47.467041],[9.524023,47.524219],[9.748926,47.575537],[10.183008,47.278809],[10.439453,47.551562],[11.041992,47.393115],[12.209277,47.718262],[13.014355,47.478076],[12.814258,48.16084],[13.374609,48.361377],[13.486621,48.581836],[13.723926,48.542383],[13.814746,48.766943],[14.049121,48.60249],[14.691309,48.599219],[14.993457,49.001123],[16.883691,48.703711],[16.86543,48.386914],[17.147363,48.005957],[17.066602,47.707568],[16.421289,47.674463],[16.676563,47.536035],[16.442871,47.399512],[16.46123,47.022461],[15.957617,46.677637],[14.893262,46.605908],[14.549805,46.399707],[12.479199,46.67251],[12.154102,46.935254],[12.169434,47.082129],[11.244434,46.975684],[10.927344,46.769482],[10.349414,46.984766],[10.133496,46.851514],[9.580273,47.057373],[9.536816,47.254639],[9.527539,47.270752]]]}},{"type":"Feature","properties":{"name":"Australia","state":"Australia","abbr":"AU","iso":"AUS","kind":"country","scope":"world","isUSA":false,"continent":"Oceania"},"geometry":{"type":"MultiPolygon","coordinates":[[[[143.178906,-11.954492],[143.110254,-12.303516],[143.401563,-12.639941],[143.756348,-14.348828],[143.961816,-14.462891],[144.473047,-14.231836],[145.287695,-14.943164],[145.426074,-16.406152],[145.912109,-16.9125],[146.125879,-17.635254],[146.032227,-18.272852],[146.333203,-18.553711],[146.383398,-18.977051],[147.13877,-19.393164],[147.418555,-19.378125],[147.742383,-19.770117],[148.759375,-20.289551],[148.884766,-20.480859],[148.683691,-20.580176],[149.454102,-21.578711],[149.703906,-22.440527],[149.974414,-22.550684],[150.020605,-22.168359],[150.541309,-22.559082],[150.622852,-22.367285],[150.843164,-23.458008],[151.831641,-24.122949],[152.913477,-25.432129],[152.920508,-25.688574],[153.164941,-25.96416],[153.116797,-27.194434],[153.616895,-28.673047],[153.030566,-30.563379],[152.943945,-31.434863],[152.47041,-32.439063],[151.812891,-32.901074],[151.29209,-33.580957],[151.280273,-33.92666],[150.871289,-34.499121],[150.80459,-35.012891],[150.195312,-35.833594],[149.932715,-37.528516],[149.480859,-37.771191],[147.876758,-37.93418],[146.856836,-38.663477],[146.21748,-38.727441],[146.336621,-38.894238],[146.466602,-38.840332],[146.4,-39.145508],[146.158398,-38.865723],[145.935352,-38.901758],[145.79082,-38.666992],[145.397266,-38.535352],[145.542188,-38.393848],[145.475781,-38.24375],[144.95957,-38.500781],[144.717773,-38.340332],[144.911426,-38.344043],[145.119922,-38.091309],[144.891309,-37.899805],[144.395508,-38.136914],[144.665234,-38.209961],[143.538965,-38.820898],[142.455859,-38.386328],[141.424219,-38.363477],[140.39043,-37.89668],[139.784277,-37.245801],[139.857324,-36.662109],[139.729004,-36.371387],[138.968945,-35.580762],[139.289453,-35.611328],[139.28252,-35.375391],[138.521875,-35.642383],[138.184375,-35.612695],[138.511133,-35.024414],[138.089258,-34.169824],[137.691699,-35.142969],[136.883594,-35.239746],[137.014258,-34.91582],[137.391016,-34.913281],[137.493848,-34.161133],[137.931836,-33.579102],[137.852344,-33.200781],[137.992578,-33.094238],[137.783203,-32.578125],[137.790918,-32.823242],[137.237305,-33.629492],[136.430664,-34.02998],[135.891016,-34.660938],[135.969727,-34.981836],[135.647559,-34.939648],[135.123047,-34.585742],[135.45,-34.581055],[135.218945,-33.959766],[134.719043,-33.255176],[134.30127,-33.165039],[134.100391,-32.748633],[134.23418,-32.548535],[133.665332,-32.207227],[132.757422,-31.95625],[132.214648,-32.007129],[131.143652,-31.495703],[128.946191,-31.702637],[127.319824,-32.264063],[125.917188,-32.296973],[124.24375,-33.015234],[123.506836,-33.916211],[122.150977,-33.991797],[121.405078,-33.826758],[119.854102,-33.974707],[119.450586,-34.368262],[118.895312,-34.479883],[117.863086,-35.05498],[116.517188,-34.987891],[115.008789,-34.255859],[114.993848,-33.515332],[115.358789,-33.639941],[115.683008,-33.192871],[115.698438,-31.694531],[115.07793,-30.560449],[114.856836,-29.142969],[114.165137,-28.080664],[114.028125,-27.347266],[113.184766,-26.182227],[113.323242,-26.243848],[113.356055,-26.080469],[113.581641,-26.558105],[113.836426,-26.500586],[113.451367,-25.599121],[113.713086,-25.830762],[113.72373,-26.129785],[113.853906,-26.014453],[113.991992,-26.321484],[114.215723,-26.289453],[114.214258,-25.851562],[113.417676,-24.435645],[113.489844,-23.869629],[113.757031,-23.418164],[113.682813,-22.637793],[114.022852,-21.881445],[114.123926,-21.828613],[114.141602,-22.483105],[114.709277,-21.823438],[116.706738,-20.653809],[117.40625,-20.721191],[118.751465,-20.261914],[119.104492,-19.995313],[119.585938,-20.038281],[120.997949,-19.604395],[121.337695,-19.319922],[121.833789,-18.477051],[122.34541,-18.111914],[122.147461,-17.549023],[122.260938,-17.135742],[122.970703,-16.436816],[123.563086,-17.520898],[123.593555,-17.030371],[123.831055,-17.120801],[123.874414,-16.918652],[123.49043,-16.490723],[123.607031,-16.224023],[123.85918,-16.382324],[124.044434,-16.264941],[124.771973,-16.402637],[124.404883,-16.298926],[124.648535,-15.870215],[124.504297,-15.972461],[124.381641,-15.758203],[124.439551,-15.493555],[124.692578,-15.273633],[125.062988,-15.442285],[124.839063,-15.160742],[125.038184,-15.004102],[125.355664,-15.119824],[125.178711,-14.714746],[125.579785,-14.483203],[125.627734,-14.256641],[125.661621,-14.529492],[125.819531,-14.469141],[125.890625,-14.617969],[126.020703,-14.494531],[126.053906,-13.977246],[126.258496,-14.163574],[126.403125,-14.018945],[126.569727,-14.160938],[126.903223,-13.744141],[127.457617,-14.031445],[128.199414,-14.751758],[128.069434,-15.329297],[128.254688,-15.298535],[128.175,-15.043164],[128.575781,-14.774512],[129.058203,-14.884375],[129.21582,-15.160254],[129.267578,-14.871484],[129.634766,-15.139746],[129.637109,-14.850977],[129.84873,-14.828906],[129.378711,-14.39248],[129.838867,-13.572949],[130.259766,-13.302246],[130.168164,-12.957422],[130.61748,-12.646875],[130.622656,-12.431055],[130.867383,-12.557813],[130.873828,-12.367188],[131.291602,-12.067871],[131.438281,-12.276953],[132.253223,-12.186035],[132.411035,-12.295117],[132.712793,-12.123438],[132.674219,-11.649023],[131.822461,-11.302441],[131.961523,-11.180859],[132.155469,-11.311133],[132.333984,-11.223535],[132.682813,-11.505566],[132.961035,-11.407324],[133.185254,-11.705664],[134.417383,-12.052734],[134.730273,-11.984375],[135.029688,-12.19375],[135.922461,-11.825781],[135.704395,-12.209863],[136.008496,-12.191406],[136.081836,-12.422461],[136.260645,-12.433789],[136.270117,-12.131641],[136.540234,-11.957617],[136.947461,-12.349902],[136.537012,-12.784277],[136.461035,-13.225195],[136.294141,-13.137988],[135.927344,-13.304297],[135.954492,-13.934863],[135.405176,-14.758203],[135.45332,-14.923145],[136.291406,-15.570117],[136.704883,-15.685254],[136.784668,-15.894238],[137.703711,-16.233008],[138.24502,-16.718359],[139.009863,-16.899316],[139.248438,-17.328613],[140.03584,-17.702637],[140.511133,-17.624512],[140.830469,-17.414453],[141.411914,-16.069531],[141.625488,-15.056641],[141.472559,-13.797559],[141.613574,-12.943457],[141.929785,-12.739844],[141.688574,-12.351074],[141.870508,-11.975586],[141.961133,-12.054297],[142.168359,-10.946582],[142.456445,-10.707324],[142.779688,-11.115332],[142.872559,-11.821387],[143.066406,-11.924121],[143.178906,-11.954492]]],[[[153.077441,-25.750781],[153.038086,-25.193164],[153.256934,-24.728906],[153.350195,-25.063086],[153.083789,-25.68252],[153.077441,-25.750781]]],[[[139.507812,-16.573047],[139.15957,-16.741699],[139.292969,-16.467285],[139.587891,-16.395215],[139.697754,-16.514941],[139.559668,-16.529492],[139.507812,-16.573047]]],[[[136.714648,-13.803906],[136.89082,-13.786621],[136.745313,-14.072656],[136.950781,-14.184277],[136.894336,-14.293066],[136.335449,-14.211816],[136.424707,-13.864844],[136.695996,-13.726172],[136.714648,-13.803906]]],[[[130.459277,-11.679297],[130.60625,-11.816602],[130.043262,-11.787305],[130.294922,-11.336816],[130.432813,-11.592188],[130.459277,-11.679297]]],[[[130.618848,-11.376074],[131.268262,-11.189844],[131.538574,-11.436914],[130.950977,-11.926465],[130.511914,-11.617871],[130.368555,-11.214941],[130.559766,-11.305957],[130.618848,-11.376074]]],[[[113.183008,-26.053125],[112.94707,-25.531543],[113.14834,-25.973828],[113.183008,-26.053125]]],[[[137.596484,-35.738672],[138.123438,-35.852344],[137.448438,-36.074805],[136.540625,-35.890137],[137.334082,-35.59248],[137.598145,-35.722266],[137.596484,-35.738672]]],[[[145.486523,-38.354883],[145.280273,-38.390625],[145.426563,-38.31416],[145.486523,-38.354883]]],[[[145.314453,-38.49082],[145.128418,-38.527637],[145.287891,-38.472168],[145.314453,-38.49082]]],[[[149.04375,-20.291504],[148.981055,-20.153516],[149.045313,-20.277539],[149.04375,-20.291504]]],[[[148.935547,-20.149902],[148.913477,-20.154297],[148.886914,-20.143555],[148.906445,-20.101953],[148.931641,-20.068945],[148.967871,-20.044336],[148.95625,-20.134668],[148.935547,-20.149902]]],[[[151.146582,-23.49082],[151.238281,-23.775781],[151.059961,-23.460547],[151.146582,-23.49082]]],[[[150.516699,-22.322559],[150.488477,-22.210742],[150.548828,-22.306934],[150.516699,-22.322559]]],[[[149.92832,-22.193066],[149.912305,-22.04873],[149.92793,-22.149316],[149.92832,-22.193066]]],[[[153.53877,-27.436426],[153.426563,-27.706445],[153.521875,-27.422461],[153.53877,-27.436426]]],[[[153.44248,-27.316016],[153.432324,-27.029883],[153.426367,-27.201465],[153.44248,-27.316016]]],[[[142.274805,-10.704785],[142.137207,-10.731934],[142.197949,-10.591992],[142.274805,-10.704785]]],[[[142.338965,-10.192188],[142.216211,-10.235645],[142.29873,-10.14043],[142.338965,-10.192188]]],[[[142.167578,-10.154102],[142.141992,-10.18125],[142.097656,-10.121777],[142.148828,-10.051758],[142.191992,-10.085254],[142.167578,-10.154102]]],[[[146.27832,-18.23125],[146.298828,-18.484766],[146.098828,-18.251758],[146.249121,-18.225879],[146.27832,-18.23125]]],[[[136.598535,-11.378906],[136.780273,-11.0125],[136.741406,-11.194629],[136.598535,-11.378906]]],[[[136.338672,-11.602344],[136.180273,-11.676758],[136.479297,-11.465918],[136.379395,-11.583203],[136.338672,-11.602344]]],[[[137.093652,-15.778125],[136.942676,-15.711719],[137.00957,-15.594824],[137.071094,-15.738086],[137.093652,-15.778125]]],[[[136.862695,-15.619922],[136.846777,-15.627344],[136.845605,-15.544043],[136.876855,-15.502539],[136.890234,-15.588867],[136.862695,-15.619922]]],[[[136.591016,-15.628223],[136.531152,-15.632422],[136.514258,-15.627344],[136.502734,-15.583105],[136.522559,-15.543164],[136.586035,-15.533691],[136.612305,-15.544141],[136.591016,-15.628223]]],[[[139.45918,-17.114551],[139.492773,-16.99043],[139.570898,-17.094434],[139.45918,-17.114551]]],[[[136.237402,-13.824512],[136.122656,-13.816602],[136.21543,-13.664746],[136.275391,-13.791113],[136.237402,-13.824512]]],[[[132.593359,-11.302832],[132.578809,-10.968848],[132.629102,-11.169141],[132.593359,-11.302832]]],[[[125.198828,-14.579492],[125.091211,-14.591699],[125.159961,-14.456055],[125.193555,-14.552637],[125.198828,-14.579492]]],[[[124.597266,-15.401953],[124.519336,-15.26748],[124.605078,-15.356543],[124.597266,-15.401953]]],[[[115.446191,-20.787793],[115.318066,-20.850586],[115.457617,-20.716309],[115.446191,-20.787793]]],[[[145.042969,-40.786719],[146.31748,-41.163477],[146.848145,-41.168066],[146.989844,-40.992383],[147.454785,-41.00166],[147.96875,-40.77959],[148.215234,-40.854883],[148.342578,-42.215332],[148.213672,-41.97002],[148.022754,-42.259473],[147.980859,-43.157031],[147.78584,-43.22002],[147.647949,-43.020605],[147.8,-42.928125],[147.573828,-42.845703],[147.452344,-43.033398],[147.297949,-42.790918],[147.24502,-43.215918],[146.996973,-43.156348],[147.077344,-43.275879],[146.873926,-43.6125],[146.043164,-43.547168],[145.994434,-43.376074],[146.208008,-43.316211],[145.873242,-43.292383],[145.487598,-42.92666],[145.198828,-42.230859],[145.468262,-42.492871],[145.516602,-42.354492],[145.234863,-42.196973],[144.77793,-41.418848],[144.646094,-40.980859],[144.718555,-40.672266],[144.818555,-40.72168],[145.042969,-40.786719]]],[[[143.92793,-40.116113],[143.948828,-39.583691],[144.120898,-39.785254],[144.035059,-40.078223],[143.92793,-40.116113]]],[[[148.000391,-39.757617],[148.297363,-39.985742],[148.313574,-40.173535],[148.046875,-40.212793],[147.767188,-39.870313],[147.933008,-39.725977],[148.000391,-39.757617]]],[[[147.356055,-43.396973],[147.10498,-43.431152],[147.34248,-43.346289],[147.356055,-43.396973]]],[[[148.104297,-42.710449],[148.048145,-42.719238],[148.029688,-42.714844],[148.030859,-42.663379],[148.022754,-42.64043],[148.072559,-42.593164],[148.142773,-42.615918],[148.169531,-42.651758],[148.100586,-42.680566],[148.104297,-42.710449]]],[[[147.43457,-43.240723],[147.296094,-43.161719],[147.397266,-43.118262],[147.43457,-43.240723]]],[[[144.784375,-40.506738],[144.748047,-40.589453],[144.710156,-40.485254],[144.751172,-40.470215],[144.783398,-40.434863],[144.79082,-40.440332],[144.784375,-40.506738]]],[[[148.32627,-40.306934],[148.404004,-40.486523],[148.010449,-40.380566],[148.198145,-40.35791],[148.32627,-40.306934]]],[[[148.236914,-40.515137],[148.117285,-40.521484],[148.218359,-40.505078],[148.236914,-40.515137]]],[[[158.878809,-54.709766],[158.958887,-54.472363],[158.945605,-54.575],[158.878809,-54.709766]]]]}},{"type":"Feature","properties":{"name":"Australian Indian Ocean Territories","state":"Australian Indian Ocean Territories","abbr":"AU","iso":"AUS","kind":"country","scope":"world","isUSA":false,"continent":"Asia"},"geometry":{"type":"MultiPolygon","coordinates":[[[[105.725391,-10.492969],[105.584082,-10.5125],[105.705469,-10.430664],[105.725391,-10.492969]]],[[[96.84043,-12.181836],[96.851953,-12.186816],[96.867383,-12.181445],[96.873633,-12.187695],[96.849512,-12.197363],[96.834863,-12.179688],[96.827734,-12.150684],[96.825879,-12.126172],[96.832617,-12.126172],[96.832617,-12.136035],[96.83418,-12.144141],[96.839453,-12.160254],[96.835645,-12.171289],[96.84043,-12.181836]]],[[[96.918262,-12.194141],[96.906543,-12.199805],[96.896777,-12.195508],[96.893945,-12.192578],[96.892969,-12.187207],[96.904395,-12.186523],[96.913379,-12.181836],[96.918945,-12.17334],[96.920508,-12.161523],[96.925293,-12.173242],[96.924316,-12.184668],[96.918262,-12.194141]]]]}},{"type":"Feature","properties":{"name":"Heard Island and McDonald Islands","state":"Heard Island and McDonald Islands","abbr":"HM","iso":"HMD","kind":"country","scope":"world","isUSA":false,"continent":"Seven seas (open ocean)"},"geometry":{"type":"Polygon","coordinates":[[[73.707422,-53.137109],[73.465137,-53.18418],[73.251172,-52.975781],[73.795117,-53.129883],[73.707422,-53.137109]]]}},{"type":"Feature","properties":{"name":"Norfolk Island","state":"Norfolk Island","abbr":"NF","iso":"NFK","kind":"country","scope":"world","isUSA":false,"continent":"Oceania"},"geometry":{"type":"Polygon","coordinates":[[[167.939453,-29.017676],[167.959766,-29.02832],[167.978125,-29.034277],[167.99043,-29.04209],[167.988672,-29.058984],[167.979004,-29.075684],[167.967676,-29.082813],[167.96416,-29.085352],[167.961914,-29.088477],[167.960645,-29.092188],[167.960742,-29.096289],[167.954688,-29.082129],[167.944434,-29.072949],[167.933789,-29.072168],[167.926563,-29.082813],[167.92041,-29.082813],[167.918262,-29.071875],[167.914258,-29.061914],[167.912402,-29.052832],[167.916406,-29.045117],[167.924023,-29.03584],[167.924609,-29.028516],[167.918555,-29.025098],[167.906152,-29.028125],[167.920605,-29.013965],[167.939453,-29.017676]]]}},{"type":"Feature","properties":{"name":"Ashmore and Cartier Islands","state":"Ashmore and Cartier Islands","abbr":"AU","iso":"AUS","kind":"country","scope":"world","isUSA":false,"continent":"Oceania"},"geometry":{"type":"Polygon","coordinates":[[[123.594531,-12.425684],[123.595215,-12.435938],[123.573145,-12.43418],[123.572461,-12.423926],[123.594531,-12.425684]]]}},{"type":"Feature","properties":{"name":"Armenia","state":"Armenia","abbr":"AM","iso":"ARM","kind":"country","scope":"world","isUSA":false,"continent":"Asia"},"geometry":{"type":"MultiPolygon","coordinates":[[[[44.768262,39.703516],[44.289258,40.040381],[43.666211,40.126367],[43.569336,40.482373],[43.722656,40.719531],[43.439453,41.107129],[45.001367,41.290967],[45.188574,41.147412],[45.070508,41.075586],[45.5875,40.846924],[45.378906,40.673584],[45.454395,40.532373],[45.964648,40.233789],[45.885938,40.024854],[45.579785,39.977539],[46.481445,39.555176],[46.365234,39.40249],[46.584766,39.223682],[46.400293,39.192187],[46.490625,38.906689],[46.114453,38.877783],[45.750488,39.562939],[45.456836,39.494482],[45.031641,39.765137],[44.867188,39.719141],[44.768262,39.703516]],[[45.023633,41.027246],[45.028711,41.053857],[45.021094,41.077979],[44.994336,41.085596],[44.961426,41.079248],[44.958887,41.052637],[44.969043,41.027246],[45.002051,41.01582],[45.023633,41.027246]]],[[[45.552344,40.616064],[45.514355,40.599561],[45.478809,40.606982],[45.478809,40.64834],[45.504492,40.664844],[45.53418,40.664014],[45.562305,40.64917],[45.552344,40.616064]]]]}},{"type":"Feature","properties":{"name":"Argentina","state":"Argentina","abbr":"AR","iso":"ARG","kind":"country","scope":"world","isUSA":false,"continent":"South America"},"geometry":{"type":"MultiPolygon","coordinates":[[[[-57.608887,-30.187793],[-57.87251,-30.591016],[-57.988867,-31.620605],[-58.189014,-31.924219],[-58.170996,-32.959277],[-58.424463,-33.111523],[-58.547217,-33.663477],[-58.39248,-34.192969],[-58.525488,-34.296191],[-58.28335,-34.683496],[-57.170654,-35.3625],[-57.375488,-35.900293],[-57.076172,-36.296777],[-56.717383,-36.389063],[-56.727148,-36.957715],[-57.546973,-38.085645],[-58.179199,-38.43584],[-61.112207,-38.992969],[-62.334766,-38.800098],[-62.295068,-39.243262],[-62.053662,-39.373828],[-62.179346,-39.380469],[-62.131543,-39.825391],[-62.401855,-40.196582],[-62.246338,-40.674609],[-62.39502,-40.89082],[-63.621777,-41.159766],[-64.869482,-40.73584],[-65.069434,-40.805273],[-65.15498,-41.105664],[-64.986377,-42.102051],[-64.42041,-42.433789],[-64.100879,-42.395117],[-64.061182,-42.266113],[-64.228516,-42.218262],[-63.795557,-42.113867],[-63.629883,-42.282715],[-63.617334,-42.695801],[-64.034766,-42.88125],[-64.487842,-42.513477],[-64.970703,-42.666309],[-65.026904,-42.758887],[-64.319141,-42.968945],[-65.252344,-43.571875],[-65.265527,-44.279687],[-65.647607,-44.661426],[-65.63877,-45.007812],[-66.190137,-44.964746],[-66.941406,-45.257324],[-67.599561,-46.052539],[-67.506445,-46.442773],[-66.776855,-47.005859],[-65.853662,-47.156738],[-65.775391,-47.568359],[-66.225244,-47.826758],[-65.810059,-47.941113],[-67.466309,-48.951758],[-67.913965,-49.984473],[-68.257227,-50.10459],[-68.667578,-49.752539],[-68.661621,-49.935742],[-68.97959,-50.003027],[-68.421875,-50.15791],[-68.939453,-50.382324],[-69.358594,-51.028125],[-69.201025,-50.993652],[-69.058301,-51.547168],[-69.46543,-51.584473],[-68.965332,-51.677148],[-68.39375,-52.307031],[-69.960254,-52.008203],[-71.971094,-51.96416],[-72.407666,-51.54082],[-72.340234,-50.681836],[-73.15293,-50.738281],[-73.50127,-50.125293],[-73.57627,-49.58291],[-73.461572,-49.313867],[-73.135254,-49.300684],[-73.033643,-49.014355],[-72.614404,-48.792871],[-72.608398,-48.519336],[-72.293018,-48.229102],[-72.51792,-47.876367],[-72.345947,-47.492676],[-71.90498,-47.20166],[-71.940234,-46.83125],[-71.699658,-46.651367],[-71.875684,-46.160547],[-71.631543,-45.953711],[-71.746191,-45.578906],[-71.508105,-45.512695],[-71.35376,-45.230469],[-72.063721,-44.771875],[-71.261133,-44.763086],[-71.159717,-44.560254],[-71.212598,-44.441211],[-71.82002,-44.383105],[-71.680078,-43.92959],[-71.90498,-43.347559],[-71.750635,-43.237305],[-72.146436,-42.990039],[-72.108203,-42.251855],[-71.75,-42.046777],[-71.911279,-41.650391],[-71.932129,-40.691699],[-71.708984,-40.381738],[-71.818311,-40.17666],[-71.659766,-40.020801],[-71.719922,-39.635254],[-71.539453,-39.602441],[-71.401562,-38.935059],[-70.858643,-38.604492],[-71.167578,-37.762305],[-71.192187,-36.843652],[-71.055518,-36.52373],[-70.404785,-36.061719],[-70.555176,-35.246875],[-70.052051,-34.300781],[-69.852441,-34.224316],[-69.819629,-33.283789],[-70.084863,-33.201758],[-70.021973,-32.88457],[-70.344629,-32.176465],[-70.254395,-31.957715],[-70.585205,-31.569434],[-70.554688,-31.317383],[-70.309082,-31.022656],[-70.169629,-30.385547],[-69.844287,-30.175],[-70.026807,-29.324023],[-69.827881,-29.103223],[-69.656934,-28.413574],[-69.174414,-27.924707],[-68.846338,-27.153711],[-68.318652,-26.973242],[-68.591602,-26.47041],[-68.414502,-26.153711],[-68.600293,-25.485645],[-68.384229,-25.091895],[-68.562012,-24.837695],[-68.507275,-24.629785],[-67.356201,-24.033789],[-67.008789,-23.001367],[-67.194873,-22.82168],[-66.711719,-22.216309],[-66.365186,-22.11377],[-66.220166,-21.802539],[-65.771045,-22.099609],[-64.605518,-22.228809],[-64.325293,-22.827637],[-63.92168,-22.028613],[-62.843359,-21.997266],[-61.928027,-23.059277],[-61.03291,-23.755664],[-59.89248,-24.093555],[-57.643896,-25.328418],[-57.57168,-25.53418],[-58.111133,-26.180176],[-58.191309,-26.62998],[-58.618604,-27.132129],[-58.604834,-27.314355],[-56.437158,-27.553809],[-56.164062,-27.321484],[-55.714648,-27.414844],[-55.42666,-27.009277],[-54.825488,-26.652246],[-54.615869,-25.576074],[-54.15459,-25.523047],[-53.891162,-25.668848],[-53.668555,-26.288184],[-53.838184,-27.121094],[-54.829102,-27.550586],[-55.725488,-28.204102],[-55.687256,-28.381641],[-55.890527,-28.37002],[-57.563867,-30.139941],[-57.608887,-30.187793]]],[[[-68.653223,-54.853613],[-68.629932,-52.652637],[-68.240137,-53.081836],[-68.431152,-53.055273],[-68.488525,-53.260938],[-68.161133,-53.306445],[-67.294238,-54.049805],[-66.235645,-54.533496],[-65.179004,-54.678125],[-65.471143,-54.914648],[-66.511133,-55.032129],[-68.618652,-54.833789],[-68.653223,-54.853613]]],[[[-64.54917,-54.716211],[-63.81543,-54.725098],[-64.757324,-54.826562],[-64.581348,-54.752734],[-64.54917,-54.716211]]],[[[-61.875781,-39.171875],[-62.093018,-39.08623],[-61.907129,-39.135645],[-61.875781,-39.171875]]]]}},{"type":"Feature","properties":{"name":"Antigua and Barbuda","state":"Antigua and Barbuda","abbr":"AG","iso":"ATG","kind":"country","scope":"world","isUSA":false,"continent":"North America"},"geometry":{"type":"MultiPolygon","coordinates":[[[[-61.716064,17.037012],[-61.887109,17.098145],[-61.694971,17.048926],[-61.716064,17.037012]]],[[[-61.747119,17.574951],[-61.866162,17.704297],[-61.749609,17.661328],[-61.747119,17.574951]]]]}},{"type":"Feature","properties":{"name":"Angola","state":"Angola","abbr":"AO","iso":"AGO","kind":"country","scope":"world","isUSA":false,"continent":"Africa"},"geometry":{"type":"MultiPolygon","coordinates":[[[[13.072754,-4.634766],[12.451465,-5.071484],[12.503711,-5.695801],[12.213672,-5.758691],[12.018359,-5.004297],[12.798242,-4.430566],[13.048047,-4.619238],[13.072754,-4.634766]]],[[[23.966504,-10.871777],[23.962988,-12.988477],[21.978906,-13.000977],[22.040234,-16.262793],[22.150684,-16.597168],[23.380664,-17.640625],[20.745508,-18.019727],[18.955273,-17.803516],[18.396387,-17.399414],[14.01748,-17.408887],[13.101172,-16.967676],[12.548145,-17.212695],[11.743066,-17.249219],[11.750879,-15.831934],[12.016113,-15.513672],[12.550488,-13.437793],[12.983203,-12.775684],[13.597949,-12.286133],[13.847461,-11.054395],[12.998535,-9.048047],[13.358984,-8.687207],[13.378516,-8.369727],[12.823438,-6.954785],[12.302539,-6.092578],[13.184375,-5.85625],[16.431445,-5.900195],[16.697266,-6.164258],[16.984766,-7.257422],[17.57959,-8.099023],[19.34082,-7.966602],[19.527637,-7.144434],[19.875195,-6.986328],[20.590039,-6.919922],[20.607813,-7.277734],[21.781641,-7.314648],[21.905371,-8.693359],[21.813184,-9.46875],[22.274512,-10.259082],[22.226172,-11.121973],[23.833887,-11.013672],[23.928711,-10.891504],[23.966504,-10.871777]]]]}},{"type":"Feature","properties":{"name":"Andorra","state":"Andorra","abbr":"AD","iso":"AND","kind":"country","scope":"world","isUSA":false,"continent":"Europe"},"geometry":{"type":"Polygon","coordinates":[[[1.706055,42.50332],[1.448828,42.437451],[1.414844,42.548389],[1.501367,42.642725],[1.713965,42.525635],[1.706055,42.50332]]]}},{"type":"Feature","properties":{"name":"Algeria","state":"Algeria","abbr":"DZ","iso":"DZA","kind":"country","scope":"world","isUSA":false,"continent":"Africa"},"geometry":{"type":"Polygon","coordinates":[[[8.576563,36.937207],[8.207617,36.518945],[8.34873,36.367969],[8.24707,35.801807],[8.394238,35.203857],[8.245605,34.734082],[7.513867,34.080518],[7.500195,33.832471],[7.731348,33.268506],[8.1125,33.055322],[8.333398,32.543604],[9.044043,32.072363],[9.51875,30.229395],[9.310254,30.115234],[9.805273,29.176953],[9.916016,27.785693],[9.747559,27.330859],[9.883203,26.630811],[9.422363,26.14707],[10.000684,25.33208],[10.255859,24.591016],[11.507617,24.314355],[11.967871,23.517871],[7.481738,20.873096],[5.836621,19.47915],[3.255957,19.013281],[3.106055,19.150098],[3.255859,19.410938],[3.130273,19.850195],[1.753223,20.331592],[1.165723,20.817432],[1.145508,21.102246],[-4.516992,24.804492],[-8.68335,27.285937],[-8.678418,28.689404],[-8.265186,28.980518],[-7.142432,29.61958],[-6.635352,29.568799],[-6.479736,29.820361],[-5.448779,29.956934],[-4.968262,30.465381],[-3.666797,30.964014],[-3.833398,31.197803],[-3.768164,31.689551],[-3.017383,31.834277],[-2.863428,32.074707],[-1.225928,32.107227],[-1.240332,32.337598],[-1.065527,32.468311],[-1.45,32.784814],[-1.679199,33.318652],[-1.795605,34.751904],[-2.219629,35.104199],[-1.673633,35.183105],[-0.426123,35.861523],[-0.048242,35.832812],[0.312207,36.162354],[1.257227,36.51958],[2.593359,36.600684],[3.779004,36.896191],[4.758105,36.896338],[5.29541,36.648242],[6.486523,37.085742],[6.927539,36.919434],[7.238477,36.968506],[7.204297,37.092383],[8.127148,36.910352],[8.576563,36.937207]]]}},{"type":"Feature","properties":{"name":"Albania","state":"Albania","abbr":"AL","iso":"ALB","kind":"country","scope":"world","isUSA":false,"continent":"Europe"},"geometry":{"type":"Polygon","coordinates":[[[19.342383,41.869092],[19.280664,42.172559],[19.703418,42.647949],[19.788281,42.476172],[20.063965,42.547266],[20.522852,42.171484],[20.488965,41.272607],[20.709277,40.928369],[20.933496,40.903125],[21.030859,40.622461],[20.657422,40.117383],[20.311133,39.979443],[20.382422,39.802637],[20.206836,39.653516],[19.322266,40.40708],[19.45918,40.405371],[19.3375,40.663818],[19.575684,41.64043],[19.468262,41.856152],[19.342383,41.869092]]]}},{"type":"Feature","properties":{"name":"Afghanistan","state":"Afghanistan","abbr":"AF","iso":"AFG","kind":"country","scope":"world","isUSA":false,"continent":"Asia"},"geometry":{"type":"Polygon","coordinates":[[[66.522266,37.348486],[67.7,37.227246],[68.067773,36.949805],[68.911816,37.333936],[69.303906,37.116943],[69.49209,37.553076],[70.188672,37.582471],[70.214648,37.924414],[70.878906,38.456396],[71.255859,38.306982],[71.278516,37.918408],[71.582227,37.910107],[71.43291,37.127539],[71.665625,36.696924],[72.657422,37.029053],[73.38291,37.462256],[73.720605,37.41875],[73.653516,37.239355],[74.349023,37.41875],[74.891309,37.231641],[74.372168,37.157715],[74.541406,37.022168],[74.038867,36.825732],[72.249805,36.734717],[71.23291,36.121777],[71.620508,35.183008],[70.965625,34.530371],[71.051563,34.049707],[69.889648,34.007275],[70.261133,33.289014],[69.501563,33.020068],[69.241406,32.433545],[69.279297,31.936816],[68.868945,31.634229],[68.597656,31.802979],[68.161035,31.802979],[67.578223,31.506494],[67.737891,31.343945],[67.452832,31.234619],[66.829297,31.263672],[66.346875,30.802783],[66.313379,29.968555],[66.177051,29.835596],[64.09873,29.391943],[63.567578,29.497998],[62.476562,29.40835],[60.843359,29.858691],[61.81084,30.913281],[61.660156,31.382422],[60.820703,31.495166],[60.829297,32.249414],[60.561914,33.058789],[60.916992,33.505225],[60.51084,33.638916],[60.485742,34.094775],[60.642676,34.307178],[60.889453,34.319434],[60.72627,34.518262],[61.080078,34.855615],[61.262012,35.61958],[61.983887,35.443701],[62.307813,35.170801],[62.688086,35.255322],[63.056641,35.445801],[63.12998,35.846191],[64.009668,36.012109],[64.511035,36.340674],[64.816309,37.13208],[65.55498,37.251172],[65.765039,37.569141],[66.471875,37.344727],[66.522266,37.348486]]]}},{"type":"Feature","properties":{"name":"Siachen Glacier","state":"Siachen Glacier","abbr":"KAS","iso":"KAS","kind":"country","scope":"world","isUSA":false,"continent":"Asia"},"geometry":{"type":"Polygon","coordinates":[[[77.048633,35.109912],[76.766895,35.661719],[77.799414,35.495898],[77.168555,35.171533],[77.048633,35.109912]]]}},{"type":"Feature","properties":{"name":"Antarctica","state":"Antarctica","abbr":"AQ","iso":"ATA","kind":"country","scope":"world","isUSA":false,"continent":"Antarctica"},"geometry":{"type":"MultiPolygon","coordinates":[[[[-45.717773,-60.520898],[-45.173682,-60.733008],[-45.954785,-60.597461],[-45.83418,-60.543457],[-45.717773,-60.520898]]],[[[-90.536182,-68.797754],[-90.62915,-68.716406],[-90.532959,-68.797266],[-90.536182,-68.797754]]],[[[-57.020654,-63.372852],[-56.834766,-63.63125],[-57.460645,-63.513574],[-59.005322,-64.194922],[-58.799316,-64.292676],[-58.905127,-64.352148],[-58.786084,-64.524219],[-59.460742,-64.345605],[-59.645996,-64.583691],[-59.963086,-64.431348],[-61.059863,-64.98125],[-61.703125,-64.987207],[-61.577441,-65.185645],[-62.145312,-65.331738],[-61.756006,-65.569238],[-62.305029,-65.84043],[-62.005029,-66.112891],[-60.565381,-65.979395],[-61.009277,-66.110547],[-60.902734,-66.191016],[-61.028418,-66.336523],[-61.431934,-66.144727],[-61.756006,-66.429199],[-62.116504,-66.208984],[-62.682031,-66.237305],[-62.628906,-66.706152],[-63.25752,-66.26377],[-63.752539,-66.277734],[-63.654395,-66.38291],[-64.077734,-66.654102],[-63.754736,-66.872949],[-64.686279,-66.80625],[-64.878125,-67.024512],[-64.785498,-67.12373],[-65.026904,-67.214063],[-64.819287,-67.307324],[-65.503125,-67.377246],[-65.418066,-67.65957],[-65.600049,-67.875684],[-65.469434,-68.009473],[-65.639502,-68.130566],[-64.829492,-68.127441],[-65.452002,-68.336719],[-64.996484,-68.407813],[-65.15835,-68.617969],[-64.078467,-68.771191],[-64.169238,-68.58252],[-63.924463,-68.497656],[-62.933301,-68.442578],[-63.773438,-68.631836],[-63.343506,-68.810449],[-63.455957,-69.041895],[-62.586816,-69.477246],[-62.407129,-69.827246],[-61.961084,-70.120117],[-62.013965,-70.278906],[-62.377783,-70.364844],[-61.504687,-70.490527],[-61.994141,-70.728613],[-61.961084,-70.900586],[-61.312842,-70.867578],[-60.962256,-71.244629],[-61.958789,-71.657813],[-61.213574,-71.564063],[-60.995312,-71.661328],[-61.035059,-71.82002],[-62.256641,-72.017578],[-60.719434,-72.072656],[-60.730322,-72.425977],[-61.279785,-72.468262],[-61.286133,-72.600781],[-60.532324,-72.67334],[-60.384668,-73.007324],[-60.009766,-72.937891],[-60.122217,-73.275293],[-61.081348,-73.328223],[-62.008301,-73.147656],[-61.636963,-73.500195],[-60.790283,-73.711816],[-61.203418,-73.956641],[-61.691699,-73.923828],[-61.838232,-74.032031],[-61.04165,-74.121973],[-61.842773,-74.289648],[-60.704297,-74.307129],[-61.370166,-74.511816],[-62.235303,-74.441309],[-61.855225,-74.776758],[-62.137793,-74.926367],[-63.178125,-74.68418],[-63.197998,-74.909082],[-63.924707,-75.004492],[-63.231055,-75.153809],[-64.279541,-75.292871],[-63.25752,-75.398535],[-63.363379,-75.451465],[-66.37041,-76.013379],[-69.304395,-76.350781],[-70.210156,-76.674121],[-71.798682,-76.752734],[-75.268359,-76.581445],[-77.287061,-76.70166],[-76.248584,-77.274902],[-75.386914,-77.474219],[-72.851953,-77.590234],[-73.251562,-77.894238],[-74.042139,-78.109375],[-75.398438,-78.157813],[-80.601562,-77.751953],[-81.580957,-77.846094],[-77.858105,-78.350977],[-77.432568,-78.434668],[-77.452441,-78.560352],[-77.869141,-78.745508],[-80.292285,-78.822754],[-82.608447,-78.412402],[-83.779004,-77.983594],[-83.226953,-78.401563],[-83.762744,-78.461133],[-83.26001,-78.774219],[-81.660889,-79.099805],[-80.891992,-79.501855],[-80.534814,-79.512793],[-80.488525,-79.320996],[-80.151172,-79.268066],[-76.217676,-79.387207],[-76.031592,-79.627051],[-76.557861,-79.903516],[-79.6604,-79.996875],[-78.176074,-80.166797],[-76.407324,-80.094922],[-75.075586,-80.860059],[-73.029492,-80.917285],[-70.687891,-80.62627],[-69.772266,-80.961523],[-68.589844,-80.967969],[-65.573682,-81.460547],[-62.353711,-81.57666],[-62.165381,-81.636133],[-64.696094,-81.652344],[-65.619727,-81.729297],[-64.137109,-81.869336],[-66.133838,-81.953418],[-65.843848,-81.993262],[-65.913184,-82.183203],[-65.713965,-82.279199],[-64.91958,-82.370508],[-60.527734,-82.199902],[-62.735645,-82.527344],[-61.916992,-82.97666],[-61.218408,-82.991797],[-61.589844,-83.341211],[-61.425293,-83.395605],[-59.516016,-83.458398],[-55.800684,-82.478418],[-53.986084,-82.200586],[-48.360791,-81.892285],[-46.258057,-81.946973],[-46.046387,-82.158691],[-46.516748,-82.45459],[-45.788574,-82.494922],[-43.669336,-82.270117],[-41.433838,-81.297754],[-38.771729,-80.882324],[-37.209277,-81.063867],[-35.327002,-80.650684],[-31.312109,-80.450098],[-29.531494,-80.181836],[-23.574463,-79.964844],[-23.406836,-79.858984],[-29.949316,-79.599023],[-30.21123,-79.485254],[-30.315918,-79.163086],[-32.994238,-79.228809],[-35.515967,-78.933008],[-36.23916,-78.774219],[-36.265625,-78.615527],[-35.509277,-78.041211],[-34.075781,-77.425391],[-32.063379,-77.159863],[-28.933643,-76.370313],[-24.26958,-75.766992],[-18.30459,-75.431348],[-18.749219,-75.24209],[-17.43584,-74.379102],[-15.67251,-74.407324],[-14.573828,-73.9375],[-16.220117,-73.915723],[-15.935645,-73.757617],[-16.518848,-73.644043],[-16.435205,-73.425684],[-15.595996,-73.096777],[-14.320996,-73.123047],[-14.000098,-73.000586],[-14.297754,-72.733008],[-13.208594,-72.785059],[-11.496973,-72.412891],[-10.958105,-71.901953],[-11.009229,-71.75791],[-12.148193,-71.613672],[-12.351318,-71.389746],[-11.926123,-71.288672],[-10.825439,-71.55332],[-10.033496,-71.130664],[-10.331006,-71.024023],[-10.270605,-70.935742],[-9.230664,-71.174023],[-8.646484,-71.672754],[-7.713721,-71.546484],[-7.590137,-71.22373],[-7.873486,-70.940332],[-7.752734,-70.842773],[-5.936328,-70.712695],[-5.587891,-70.856738],[-6.080273,-71.154102],[-6.11748,-71.325977],[-2.0146,-71.433398],[-1.067773,-71.265625],[-0.543164,-71.712695],[0.538477,-71.274219],[1.908691,-71.003613],[7.401172,-70.494434],[7.676758,-70.356348],[8.523047,-70.473828],[9.141602,-70.183691],[11.70127,-70.766602],[12.929395,-70.213379],[12.62627,-70.065625],[13.065625,-70.053613],[13.822656,-70.343164],[15.806934,-70.324023],[16.381055,-70.145117],[16.70918,-70.397266],[18.124609,-70.540332],[18.432617,-70.289941],[19.009375,-70.212109],[19.196387,-70.293164],[19.026563,-70.674023],[19.409277,-70.916992],[21.070801,-70.843457],[21.70498,-70.258496],[22.366016,-70.475098],[22.277832,-70.695605],[22.979004,-70.810352],[24.024121,-70.413379],[24.756738,-70.89209],[26.498828,-71.019531],[30.00332,-70.3],[32.621289,-70.000586],[32.989355,-69.624219],[32.567578,-69.074219],[32.641602,-68.868945],[33.465625,-68.670703],[34.192871,-68.702441],[33.813672,-69.099316],[34.595898,-69.094531],[35.357031,-69.681348],[37.787109,-69.725684],[38.885547,-70.171875],[38.859277,-70.006055],[39.705078,-69.425586],[39.863867,-68.966992],[40.215625,-68.804883],[42.408789,-68.351855],[42.960938,-68.095313],[46.399023,-67.617578],[46.317285,-67.401953],[46.559668,-67.268164],[47.351562,-67.361914],[47.117188,-67.572656],[47.489844,-67.72793],[48.209961,-67.699316],[48.374512,-67.988086],[48.648047,-67.794043],[48.630371,-67.520605],[49.219336,-67.226855],[48.713672,-67.216895],[48.465234,-67.043457],[49.24707,-66.941602],[50.553027,-67.194336],[50.520898,-66.82002],[50.244336,-66.603418],[50.332422,-66.444629],[51.88457,-66.02002],[53.671777,-65.858691],[55.29043,-65.954199],[57.185449,-66.613281],[56.145898,-66.626074],[56.479688,-66.85918],[55.802734,-67.199316],[56.154883,-67.264551],[57.627441,-67.014063],[58.737402,-67.22959],[59.250781,-67.484961],[60.482031,-67.385156],[62.687891,-67.647559],[63.699023,-67.508301],[68.32793,-67.889551],[69.55918,-67.763184],[69.603027,-68.041016],[69.982227,-68.464258],[69.53418,-68.736914],[69.629492,-69.231641],[68.90625,-69.372754],[69.188477,-69.654883],[69.082617,-69.866602],[68.178125,-69.837305],[67.267969,-70.273145],[69.250195,-70.431055],[68.872754,-71.035156],[68.037402,-71.391016],[67.432227,-72.00293],[66.89209,-72.948633],[66.497656,-73.125488],[67.32207,-73.300293],[67.971387,-73.085645],[67.971387,-72.750586],[68.419824,-72.515039],[69.554688,-72.374512],[71.276758,-71.623926],[71.771387,-70.80127],[72.760352,-70.395703],[72.82207,-70.095898],[73.324805,-69.848926],[73.942188,-69.743164],[75.635547,-69.848926],[76.111719,-69.487402],[77.81748,-69.068945],[78.488965,-68.625781],[78.563477,-68.39375],[79.035156,-68.175391],[83.304297,-67.603027],[84.485156,-67.114453],[85.710742,-67.161328],[87.980273,-66.788477],[89.698438,-66.823047],[92.073438,-66.50791],[94.08877,-66.688867],[94.839844,-66.501367],[95.541016,-66.630957],[97.100586,-66.499414],[97.719824,-66.607324],[98.257617,-66.46748],[98.858887,-66.670801],[99.370117,-66.648242],[100.889063,-66.358008],[101.381348,-65.973047],[102.674219,-65.865137],[109.462793,-66.908691],[110.622266,-66.524023],[110.587012,-66.312305],[110.906738,-66.07666],[113.099414,-65.799902],[115.635352,-66.771191],[115.27373,-67.02793],[113.991211,-67.211914],[113.9125,-67.367676],[114.026563,-67.441211],[116.713477,-67.047168],[118.713867,-67.17168],[120.374805,-66.983789],[118.92168,-67.319727],[119.133008,-67.370703],[123.969336,-66.608105],[124.821582,-66.694531],[125.865625,-66.364453],[126.664746,-66.497559],[126.873633,-66.759375],[127.541211,-67.051074],[128.430566,-67.119141],[129.236914,-67.041602],[129.741211,-66.468555],[130.578516,-66.208594],[133.444531,-66.081445],[134.178906,-66.277051],[134.398145,-66.479883],[135.351953,-66.127148],[136.55332,-66.438965],[137.33623,-66.346484],[138.270996,-66.564453],[141.972852,-66.806738],[142.6875,-67.012793],[143.730371,-66.876758],[143.911133,-67.090723],[144.347852,-67.017969],[144.621191,-67.141406],[143.977344,-67.864551],[145.975195,-67.624219],[146.827832,-67.964648],[146.797656,-68.273633],[147.093652,-68.368652],[148.45625,-68.466992],[150.935938,-68.358496],[151.28877,-68.81709],[151.562109,-68.693652],[153.081836,-68.856836],[153.705273,-68.728906],[153.908008,-68.323145],[155.520313,-69.024414],[157.481348,-69.308691],[157.93252,-69.180762],[159.783984,-69.521875],[160.125781,-69.734277],[160.209668,-69.974902],[161.037012,-70.317188],[161.424512,-70.826758],[162.189453,-71.039551],[162.286523,-70.969043],[162.021973,-70.439844],[162.674805,-70.30459],[163.34873,-70.620898],[164.403223,-70.510449],[167.569434,-70.810254],[168.172656,-71.183203],[170.162305,-71.630469],[170.435742,-71.41875],[170.859082,-71.868555],[170.224023,-71.947949],[170.030078,-72.115527],[169.953516,-72.402832],[170.259375,-72.371289],[170.206445,-72.565332],[168.428418,-72.383398],[169.828613,-72.728809],[169.54502,-73.050391],[169.033398,-73.200391],[168.381348,-73.065918],[167.155664,-73.147266],[166.452832,-72.936035],[166.833984,-73.224316],[167.709082,-73.394238],[165.860156,-73.592676],[166.106055,-73.735156],[165.346973,-73.879395],[165.129492,-73.382617],[164.812988,-73.396777],[164.749609,-73.558789],[164.979883,-73.925879],[164.775684,-74.028516],[165.408594,-74.558594],[163.735254,-74.56377],[163.397852,-74.382129],[162.604102,-74.823145],[162.410059,-75.237598],[160.910742,-75.334668],[162.189648,-75.466895],[162.239063,-75.62168],[162.815723,-75.846191],[162.436523,-76.154883],[162.727539,-76.225391],[162.824609,-76.463574],[162.674609,-76.569336],[162.762793,-76.745703],[162.450293,-76.955664],[163.086914,-77.032324],[163.607617,-77.387793],[163.766211,-77.699902],[164.491504,-77.954004],[163.977637,-78.223828],[164.628125,-78.315625],[165.417578,-78.042188],[165.662988,-78.305664],[167.058008,-78.518457],[167.049023,-78.686035],[164.634766,-78.603223],[162.639453,-78.897754],[161.669238,-78.536133],[161.501758,-78.677246],[161.951465,-79.02998],[160.873535,-79.049707],[160.482715,-79.201465],[160.646094,-79.426855],[159.975879,-79.585645],[160.346289,-79.691504],[159.871875,-79.789844],[160.558789,-80.010547],[158.573633,-80.423438],[160.637305,-80.449902],[160.521289,-80.583398],[160.830273,-80.729883],[160.260156,-80.786719],[160.716797,-80.907422],[160.716699,-81.199609],[160.469824,-81.340625],[163.680078,-82.187305],[161.166504,-82.407813],[161.283203,-82.489941],[163.011816,-82.534961],[164.747168,-82.354395],[167.116309,-82.80127],[167.601953,-83.047461],[168.607324,-83.065332],[167.657617,-83.272168],[168.110059,-83.362012],[171.035742,-83.448438],[171.917188,-83.644043],[180,-84.351562],[180,-89.998926],[-180,-89.998926],[-180,-84.351562],[-171.703662,-84.542383],[-167.492188,-84.833691],[-156.459131,-85.186035],[-157.453906,-84.912402],[-156.489648,-84.889258],[-156.620996,-84.839648],[-165.135352,-84.409863],[-165.24043,-84.38125],[-163.757617,-84.305469],[-164.685059,-84.15459],[-164.011328,-84.015625],[-164.950879,-83.805859],[-167.801221,-83.79082],[-169.167676,-83.449805],[-174.235938,-82.793457],[-171.821289,-82.847461],[-168.417676,-83.228809],[-165.619189,-83.215527],[-164.445557,-83.467676],[-163.111084,-83.329102],[-162.197266,-83.518945],[-159.444385,-83.543164],[-157.428467,-83.346387],[-157.027783,-83.234375],[-157.679492,-83.129492],[-155.459424,-82.980762],[-153.009863,-82.449609],[-154.717432,-81.940723],[-153.956641,-81.700195],[-157.03252,-81.319141],[-156.528223,-81.162305],[-148.023438,-80.835742],[-150.575391,-80.353711],[-150.220703,-80.15],[-148.317139,-80.070996],[-148.433496,-79.929492],[-148.129297,-79.907715],[-148.176514,-79.775879],[-151.048438,-79.459668],[-152.091406,-79.241602],[-152.137695,-79.115918],[-154.517725,-79.046582],[-156.114551,-78.744629],[-156.469336,-78.635352],[-154.293018,-78.259082],[-157.266797,-78.199805],[-158.285889,-77.950781],[-158.500391,-77.77832],[-158.22998,-77.497656],[-158.213574,-77.157129],[-158.003076,-77.091211],[-157.139307,-77.24209],[-154.814941,-77.126953],[-153.460596,-77.416016],[-151.718994,-77.425879],[-149.717725,-77.797461],[-148.155713,-77.462305],[-148.744385,-77.343262],[-148.77749,-77.125],[-147.566406,-77.325293],[-146.927588,-77.259863],[-146.073633,-77.486719],[-145.600635,-77.455273],[-145.807959,-77.273242],[-145.515723,-77.199219],[-145.966992,-77.06875],[-145.629248,-76.953711],[-145.750488,-76.749023],[-146.77666,-76.507031],[-149.654248,-76.365332],[-148.320312,-76.104492],[-145.44209,-76.40918],[-146.383008,-76.099707],[-145.987744,-75.88877],[-144.721289,-75.832129],[-143.574268,-75.563574],[-142.329834,-75.490918],[-140.874316,-75.745898],[-141.22334,-75.545898],[-139.148828,-75.160156],[-136.649854,-75.161719],[-136.227832,-74.836035],[-135.362061,-74.69043],[-133.796338,-74.85459],[-132.049365,-74.765723],[-129.79082,-74.891406],[-127.020215,-74.697852],[-121.543945,-74.75],[-119.677002,-74.65459],[-118.342041,-74.381543],[-115.222607,-74.487402],[-114.62373,-73.90293],[-113.508496,-74.088867],[-113.753271,-74.366699],[-113.332959,-74.454199],[-113.903467,-74.644434],[-114.110449,-74.981836],[-111.69624,-74.792188],[-111.584424,-74.750879],[-111.788721,-74.57168],[-111.806348,-74.269727],[-111.62998,-74.181445],[-110.30708,-74.366699],[-110.300439,-74.710645],[-111.463135,-75.133398],[-111.358789,-75.219922],[-106.618848,-75.343945],[-104.901855,-75.115137],[-103.121045,-75.095215],[-101.708105,-75.127344],[-101.039355,-75.421875],[-98.752344,-75.31709],[-98.557861,-75.189746],[-100.47334,-74.872363],[-100.012695,-74.662109],[-100.238135,-74.48418],[-101.251709,-74.485742],[-101.71543,-74.02373],[-102.862744,-73.783594],[-102.799512,-73.645703],[-102.410645,-73.616406],[-100.717773,-73.757812],[-98.896143,-73.611133],[-100.436377,-73.353125],[-102.908789,-73.285156],[-103.375,-72.818848],[-103.110107,-72.721191],[-102.362891,-72.760156],[-102.272021,-72.834961],[-102.409277,-72.987402],[-98.208594,-73.022266],[-96.394238,-73.301172],[-92.828369,-73.164648],[-90.920947,-73.319141],[-90.430908,-73.243262],[-90.29541,-72.97793],[-88.77998,-72.683008],[-88.194092,-72.7875],[-88.560742,-73.120703],[-88.419385,-73.229004],[-87.401025,-73.191992],[-86.791016,-73.363672],[-85.801416,-73.19209],[-84.981201,-73.502051],[-82.183496,-73.856836],[-81.30874,-73.738281],[-81.163184,-73.632422],[-81.176416,-73.248828],[-80.336377,-73.41416],[-80.614209,-73.083398],[-80.442236,-72.944531],[-79.521729,-73.089551],[-78.78623,-73.506738],[-76.850488,-73.460449],[-76.764502,-73.566309],[-77.048926,-73.844141],[-75.293066,-73.63877],[-73.996045,-73.699805],[-72.929199,-73.447949],[-69.282227,-73.169629],[-67.66709,-72.83457],[-66.827734,-72.09043],[-67.460352,-71.526758],[-67.692187,-70.686133],[-68.40332,-70.019727],[-68.469824,-69.643848],[-68.707959,-69.432227],[-67.371777,-69.412305],[-66.974902,-69.161035],[-67.390527,-68.86123],[-67.133691,-68.770703],[-66.793359,-68.24043],[-67.149854,-68.024609],[-66.677246,-67.560254],[-67.544531,-67.534668],[-67.493359,-67.112793],[-67.034473,-66.945117],[-66.902148,-67.255957],[-66.498682,-67.289062],[-66.503613,-66.689844],[-65.766406,-66.624902],[-65.774512,-66.287988],[-65.617285,-66.135254],[-65.172021,-66.116797],[-65.26748,-65.994238],[-64.514307,-65.95957],[-64.646582,-65.747852],[-63.818115,-65.531543],[-64.071094,-65.278223],[-63.760254,-65.033496],[-63.059082,-65.139355],[-63.119873,-64.94248],[-62.527539,-64.833398],[-62.503467,-64.656445],[-62.243311,-64.746875],[-61.631787,-64.604688],[-60.86416,-64.073438],[-57.868066,-63.31875],[-57.076709,-63.2625],[-57.020654,-63.372852]]],[[[-45.222656,-78.810742],[-43.627344,-78.846094],[-42.965381,-79.477051],[-42.98999,-79.80127],[-43.758203,-80.020508],[-43.52793,-80.191406],[-49.773047,-80.78418],[-54.1625,-80.870117],[-54.350781,-80.760352],[-54.347168,-80.569434],[-53.393896,-80.108789],[-52.297168,-80.141211],[-50.401562,-79.511719],[-50.378662,-79.338184],[-50.733057,-79.282715],[-50.241943,-78.833301],[-50.377393,-78.780469],[-50.219629,-78.605273],[-49.08125,-78.047461],[-46.257861,-77.804883],[-44.594482,-78.035156],[-43.78457,-78.336328],[-43.947217,-78.597559],[-45.352344,-78.791211],[-45.222656,-78.810742]]],[[[-59.733936,-80.344141],[-59.825488,-80.733301],[-60.582812,-80.948145],[-62.670508,-80.834277],[-63.143994,-80.594824],[-64.268262,-80.748535],[-66.771143,-80.293848],[-61.633301,-80.344141],[-61.193994,-80.256641],[-61.597461,-80.205859],[-61.68418,-80.019727],[-60.578809,-79.741016],[-59.87334,-79.776953],[-59.706348,-79.875293],[-59.787793,-80.100977],[-59.32168,-80.196191],[-59.683301,-80.315332],[-59.733936,-80.344141]]],[[[-70.051123,-69.189063],[-70.079346,-69.310938],[-69.707568,-69.320898],[-69.416943,-69.583203],[-68.314014,-70.911719],[-68.241016,-71.822168],[-69.209326,-72.53418],[-72.36748,-72.669727],[-73.057422,-72.447559],[-72.7375,-72.280566],[-70.872607,-72.366406],[-70.206006,-72.227734],[-71.661475,-72.249805],[-71.897559,-72.120801],[-70.820996,-71.906543],[-72.336621,-71.632227],[-72.927637,-71.92168],[-73.775977,-71.848926],[-73.537109,-72.022363],[-73.995605,-72.169824],[-75.382715,-71.82793],[-75.099658,-71.555371],[-74.391797,-71.638184],[-74.425391,-71.456934],[-74.236084,-71.388379],[-73.479004,-71.578711],[-73.380176,-71.52793],[-73.604492,-71.350781],[-72.21167,-71.335059],[-73.0604,-71.126953],[-72.710449,-71.072949],[-71.718506,-71.145117],[-70.380664,-70.946387],[-69.869775,-71.125684],[-69.875781,-70.875977],[-71.190039,-70.65957],[-70.328076,-70.36123],[-69.618359,-70.398047],[-70.327637,-70.159668],[-71.728516,-70.053711],[-71.879248,-69.908984],[-71.74292,-69.422754],[-72.137891,-69.114551],[-71.868994,-68.941016],[-70.416992,-68.788965],[-70.052734,-69.139551],[-70.051123,-69.189063]]],[[[-98.091113,-71.9125],[-98.167969,-72.123047],[-97.584766,-71.882617],[-97.473486,-72.000293],[-97.581982,-72.095117],[-97.345215,-72.189063],[-96.869434,-71.850977],[-96.38335,-71.836328],[-96.125,-71.895508],[-96.978906,-72.221875],[-95.6854,-72.056641],[-95.531055,-72.24873],[-95.575391,-72.409961],[-96.078174,-72.453809],[-96.051758,-72.577246],[-98.163428,-72.556055],[-102.313623,-72.081055],[-100.218652,-71.83291],[-99.783984,-72.044336],[-98.61543,-71.76377],[-98.18916,-71.82002],[-98.091113,-71.9125]]],[[[-120.55625,-73.756055],[-120.272461,-73.98916],[-120.989502,-74.157031],[-121.002441,-74.326367],[-122.286621,-74.403125],[-122.938428,-74.302051],[-122.624707,-73.965527],[-123.346191,-73.843066],[-123.0125,-73.672949],[-120.722217,-73.751953],[-120.55625,-73.756055]]],[[[-126.329883,-73.28623],[-125.263965,-73.666406],[-125.857031,-73.780176],[-124.53999,-73.739746],[-124.042041,-73.880371],[-124.151807,-73.944238],[-123.800439,-74.07627],[-123.836719,-74.225684],[-125.089551,-74.182422],[-126.582666,-73.669922],[-127.211621,-73.724414],[-127.414355,-73.516309],[-127.267627,-73.304004],[-126.596875,-73.278906],[-126.329883,-73.28623]]],[[[-159.05293,-79.807422],[-161.865527,-79.703516],[-164.281641,-79.245508],[-164.125537,-78.995313],[-163.256104,-78.72207],[-162.390039,-78.760156],[-159.684082,-79.402441],[-159.00957,-79.780469],[-159.05293,-79.807422]]],[[[167.084082,-77.32168],[169.352734,-77.524707],[168.518848,-77.68125],[167.392285,-77.648633],[166.729004,-77.850977],[166.216797,-77.524609],[166.626367,-77.376758],[166.413086,-77.251953],[166.506348,-77.189355],[167.084961,-77.307422],[167.084082,-77.32168]]],[[[-31.118848,-79.798438],[-30.779932,-79.647363],[-29.614453,-79.90957],[-30.422119,-80.01084],[-32.000293,-79.732422],[-31.604883,-79.644727],[-31.118848,-79.798438]]],[[[-33.93418,-79.32041],[-36.600781,-79.282715],[-35.534668,-79.090039],[-33.947168,-79.305371],[-33.93418,-79.32041]]],[[[-70.334082,-79.679883],[-71.525781,-79.623633],[-71.783545,-79.444336],[-71.454004,-79.128906],[-70.543994,-78.883691],[-67.478516,-78.3625],[-66.728076,-78.383691],[-69.250879,-79.210352],[-69.686475,-79.443359],[-69.731738,-79.618359],[-70.116309,-79.666016],[-70.334082,-79.679883]]],[[[-57.845996,-64.053906],[-57.479736,-63.961621],[-57.222266,-64.221387],[-57.413965,-64.295898],[-57.294678,-64.366992],[-57.70332,-64.293262],[-57.909766,-64.410059],[-58.304443,-64.314551],[-58.019971,-64.241992],[-58.14707,-64.097363],[-58.438086,-64.113477],[-57.925684,-63.806055],[-57.826953,-63.949219],[-57.845996,-64.053906]]],[[[-55.528027,-63.173535],[-55.075195,-63.324316],[-56.378516,-63.437305],[-56.505322,-63.334277],[-55.528711,-63.156836],[-55.528027,-63.173535]]],[[[-57.978418,-61.911914],[-57.639551,-62.02041],[-59.003711,-62.209766],[-58.265186,-61.95332],[-57.978418,-61.911914]]],[[[-63.180566,-64.469531],[-63.276953,-64.57334],[-62.836523,-64.571875],[-63.739502,-64.834277],[-64.27207,-64.697559],[-63.53418,-64.272949],[-63.270703,-64.380664],[-63.180566,-64.469531]]],[[[-62.325781,-64.424414],[-62.781787,-64.479004],[-62.451416,-64.012402],[-62.058496,-64.138086],[-62.303711,-64.401367],[-62.325781,-64.424414]]],[[[-67.988477,-67.474414],[-68.818311,-67.753418],[-69.138037,-67.515234],[-68.335938,-66.802051],[-67.711133,-66.633008],[-67.968408,-67.032227],[-67.687842,-67.147363],[-68.235107,-67.371973],[-67.969482,-67.450293],[-67.988477,-67.474414]]],[[[-73.706641,-70.635156],[-73.550342,-70.723438],[-74.805811,-71.012305],[-76.271289,-71.132812],[-76.511523,-70.99082],[-75.126953,-70.751758],[-74.953613,-70.590234],[-74.589697,-70.791992],[-74.456152,-70.586719],[-73.879492,-70.578125],[-73.706641,-70.635156]]],[[[-74.987109,-69.727832],[-74.437988,-69.949609],[-74.848828,-70.179297],[-75.80415,-70.038184],[-75.136377,-69.740625],[-74.987109,-69.727832]]],[[[-74.354443,-73.098438],[-74.667676,-73.275293],[-74.366113,-73.464258],[-74.574658,-73.611328],[-75.90083,-73.332617],[-76.096387,-73.150488],[-75.276221,-73.050391],[-75.731055,-72.879297],[-75.376855,-72.82041],[-74.223877,-72.99707],[-74.354443,-73.098438]]],[[[-91.160693,-73.182227],[-91.51084,-73.195508],[-91.356885,-72.909473],[-91.67002,-72.62373],[-90.807129,-72.610645],[-90.895361,-72.823633],[-90.775586,-72.992969],[-90.998437,-73.136523],[-91.160693,-73.182227]]],[[[167.642773,-78.141406],[166.284863,-78.306445],[166.0125,-78.13125],[166.863672,-78.196387],[167.497852,-77.992383],[167.639844,-78.111719],[167.642773,-78.141406]]],[[[100.981445,-65.677539],[100.270312,-65.60332],[100.883398,-65.378125],[101.238379,-65.564551],[100.981445,-65.677539]]],[[[26.857227,-70.381152],[26.357617,-70.434277],[25.954102,-70.261426],[26.425586,-70.060547],[26.874805,-70.32998],[26.857227,-70.381152]]],[[[-5.894092,-70.552246],[-6.156104,-70.611523],[-6.437988,-70.452637],[-5.949512,-70.432227],[-5.894092,-70.552246]]],[[[-3.280225,-70.533789],[-3.496826,-70.488379],[-2.949902,-70.279688],[-2.713525,-70.320215],[-2.738037,-70.507031],[-3.280225,-70.533789]]],[[[-66.173633,-80.077832],[-67.80874,-79.545898],[-66.01416,-79.624414],[-65.539551,-79.836914],[-65.504443,-79.954297],[-65.989404,-80.054004],[-66.173633,-80.077832]]],[[[-67.261914,-79.452637],[-68.548926,-79.437402],[-68.032568,-79.227148],[-67.068652,-79.268457],[-67.304883,-79.394043],[-67.261914,-79.452637]]],[[[-55.16543,-61.22041],[-55.440234,-61.106152],[-54.670996,-61.116992],[-55.057617,-61.168652],[-55.16543,-61.22041]]],[[[-55.872559,-63.535645],[-56.235205,-63.468848],[-55.719189,-63.49209],[-55.872559,-63.535645]]],[[[-57.240479,-64.566797],[-57.445898,-64.459863],[-56.894727,-64.333008],[-56.991016,-64.467969],[-57.240479,-64.566797]]],[[[-56.059961,-63.078516],[-56.354102,-63.168848],[-56.61416,-63.045117],[-56.051025,-63.054688],[-56.059961,-63.078516]]],[[[-57.37417,-63.807227],[-57.104004,-63.841211],[-57.683252,-63.812695],[-57.439355,-63.791406],[-57.37417,-63.807227]]],[[[-61.997607,-69.721875],[-62.567676,-69.180469],[-61.815967,-69.376172],[-61.970117,-69.691406],[-61.997607,-69.721875]]],[[[-60.625,-62.560059],[-59.849561,-62.614941],[-60.220947,-62.74541],[-60.378027,-62.616504],[-61.149805,-62.63418],[-60.731836,-62.491016],[-60.625,-62.560059]]],[[[-71.985352,-69.698438],[-72.957324,-69.529102],[-72.726172,-69.413086],[-72.331152,-69.491797],[-71.985352,-69.698438]]],[[[-95.027051,-72.665039],[-95.272949,-72.646875],[-94.566113,-72.468066],[-94.426025,-72.612598],[-95.027051,-72.665039]]],[[[-104.537939,-73.166309],[-105.05293,-73.125977],[-105.131787,-72.991504],[-104.972412,-72.941016],[-104.537939,-73.166309]]],[[[-119.548926,-74.110254],[-119.905127,-74.081543],[-119.661572,-73.989355],[-119.802588,-73.814648],[-118.877344,-73.878027],[-119.448535,-74.076172],[-119.548926,-74.110254]]],[[[-127.36582,-74.622656],[-127.915234,-74.542578],[-128.133447,-74.327441],[-127.229736,-74.425195],[-127.231934,-74.578418],[-127.36582,-74.622656]]],[[[-161.993799,-83.11875],[-163.046533,-83.096777],[-163.795947,-82.842676],[-161.635156,-83.026953],[-161.828223,-83.042578],[-161.993799,-83.11875]]],[[[-160.467139,-81.589453],[-163.951221,-81.390918],[-162.456494,-81.313281],[-160.485449,-81.566992],[-160.467139,-81.589453]]],[[[163.975977,-74.832715],[163.741699,-74.711523],[164.208496,-74.607715],[164.05918,-74.752734],[163.975977,-74.832715]]],[[[162.968066,-75.56709],[162.591211,-75.668555],[162.916992,-75.557324],[162.968066,-75.56709]]],[[[169.843652,-73.60498],[169.479492,-73.539453],[169.740039,-73.32041],[169.960352,-73.514355],[169.858789,-73.568066],[169.843652,-73.60498]]],[[[164.833594,-67.54043],[164.638965,-67.500098],[164.683984,-67.259375],[164.860449,-67.503906],[164.833594,-67.54043]]],[[[163.301953,-66.821191],[163.089648,-66.700586],[163.299121,-66.798438],[163.301953,-66.821191]]],[[[162.611426,-66.477344],[162.302734,-66.399707],[162.310547,-66.25127],[162.563281,-66.432617],[162.611426,-66.477344]]],[[[96.612695,-66.03584],[97.015625,-66.163965],[96.307031,-66.18584],[96.499805,-66.045898],[96.612695,-66.03584]]],[[[100.264746,-66.216602],[100.07627,-66.188086],[100.281543,-66.17998],[100.264746,-66.216602]]],[[[98.846094,-66.469824],[98.596484,-66.382617],[98.949805,-66.420508],[98.846094,-66.469824]]],[[[103.397266,-65.445312],[102.75957,-65.167871],[103.136816,-65.190625],[103.378906,-65.426465],[103.397266,-65.445312]]],[[[92.601367,-65.808301],[92.248145,-65.739941],[92.669629,-65.774805],[92.601367,-65.808301]]],[[[85.822363,-66.95332],[85.314453,-66.775977],[85.937695,-66.894141],[85.822363,-66.95332]]],[[[86.541797,-66.76748],[86.232227,-66.73291],[86.651953,-66.718164],[86.541797,-66.76748]]],[[[85.328516,-66.611914],[85.06875,-66.583789],[85.193945,-66.556055],[85.328516,-66.611914]]],[[[69.918359,-71.917773],[69.692578,-71.968262],[69.895215,-71.907813],[69.918359,-71.917773]]],[[[68.461719,-72.300098],[68.66709,-72.103125],[68.84043,-72.16543],[68.669531,-72.275977],[68.461719,-72.300098]]],[[[72.002246,-70.632617],[71.659375,-70.497461],[71.646582,-70.336328],[71.796582,-70.264258],[72.078125,-70.609082],[72.002246,-70.632617]]],[[[48.545996,-66.78418],[48.293945,-66.750098],[48.774707,-66.77832],[48.545996,-66.78418]]],[[[16.222656,-70.007617],[15.562598,-69.862793],[16.625488,-69.750293],[16.31543,-69.844434],[16.222656,-70.007617]]],[[[3.036914,-70.597363],[2.584668,-70.53457],[3.072168,-70.381641],[3.259863,-70.448828],[3.171094,-70.553906],[3.036914,-70.597363]]],[[[-2.95498,-71.21377],[-3.403857,-71.119824],[-3.191357,-71.094824],[-2.95498,-71.21377]]],[[[1.299316,-70.255176],[1.156348,-70.378125],[0.949609,-70.094043],[1.314844,-70.022754],[1.460938,-70.135645],[1.299316,-70.255176]]],[[[-2.532812,-70.767773],[-2.092285,-70.820898],[-2.783496,-71.16748],[-3.006982,-70.851465],[-3.574658,-70.703125],[-2.749805,-70.694141],[-2.532812,-70.767773]]],[[[4.525879,-70.478711],[4.179688,-70.45127],[4.069727,-70.290234],[4.49502,-70.251367],[4.589941,-70.43252],[4.525879,-70.478711]]],[[[-20.607422,-73.886621],[-20.489014,-74.492676],[-20.817676,-74.454785],[-21.166553,-74.132617],[-22.035352,-74.106543],[-21.126367,-73.939844],[-20.690137,-73.625195],[-20.520703,-73.797852],[-20.607422,-73.886621]]],[[[-16.104492,-72.679102],[-16.516553,-72.530859],[-16.355859,-72.458594],[-16.17251,-72.6],[-16.104492,-72.679102]]],[[[-12.508887,-72.17334],[-12.963281,-72.064453],[-12.534766,-72.140039],[-12.508887,-72.17334]]],[[[-32.342529,-79.673633],[-32.583252,-79.658301],[-32.376611,-79.534668],[-32.001172,-79.607031],[-32.342529,-79.673633]]],[[[-54.070703,-61.299121],[-54.192236,-61.246582],[-54.024316,-61.135254],[-54.041309,-61.255371],[-54.070703,-61.299121]]],[[[-58.837939,-62.302539],[-59.202441,-62.283105],[-58.878662,-62.267871],[-58.837939,-62.302539]]],[[[-61.158447,-69.975781],[-61.404346,-69.93252],[-61.10791,-69.955273],[-61.158447,-69.975781]]],[[[-60.655908,-68.767578],[-61.014941,-68.709766],[-60.704834,-68.72207],[-60.655908,-68.767578]]],[[[-60.740625,-70.710547],[-60.941797,-70.53252],[-60.553662,-70.508789],[-60.487695,-70.64668],[-60.740625,-70.710547]]],[[[-60.552246,-71.05293],[-60.946484,-70.967383],[-60.613135,-70.920117],[-60.535937,-71.040918],[-60.552246,-71.05293]]],[[[-59.389014,-62.444336],[-59.660693,-62.354297],[-59.353369,-62.412891],[-59.389014,-62.444336]]],[[[-60.504883,-62.967383],[-60.74043,-62.948633],[-60.637402,-62.895215],[-60.504883,-62.967383]]],[[[-60.653125,-63.866602],[-60.972168,-63.849023],[-60.714844,-63.668848],[-60.562354,-63.695898],[-60.65498,-63.850098],[-60.653125,-63.866602]]],[[[-61.952441,-64.077148],[-61.798242,-63.966602],[-61.911133,-64.054492],[-61.952441,-64.077148]]],[[[-63.316211,-64.861133],[-63.55835,-64.905957],[-63.256934,-64.79082],[-63.316211,-64.861133]]],[[[-62.615088,-63.069336],[-62.317432,-62.874121],[-62.411475,-62.971582],[-62.615088,-63.069336]]],[[[-65.845264,-65.84248],[-66.181445,-65.826367],[-65.968311,-65.570996],[-65.636914,-65.547754],[-65.835742,-65.81377],[-65.845264,-65.84248]]],[[[-66.595312,-66.200684],[-66.867529,-66.293848],[-66.779004,-66.11084],[-66.592627,-66.178613],[-66.595312,-66.200684]]],[[[-67.362402,-66.894531],[-67.593262,-66.875586],[-67.425977,-66.736914],[-67.256982,-66.840918],[-67.362402,-66.894531]]],[[[-67.348926,-67.766211],[-67.743262,-67.66123],[-67.149414,-67.650195],[-67.299707,-67.737207],[-67.348926,-67.766211]]],[[[-71.69502,-70.265137],[-71.340283,-70.31748],[-71.684668,-70.442285],[-71.795264,-70.288379],[-71.69502,-70.265137]]],[[[-73.878418,-73.356836],[-74.146631,-73.31543],[-73.542432,-73.123828],[-73.721387,-73.296289],[-73.878418,-73.356836]]],[[[-93.795605,-72.919727],[-94.113184,-72.860059],[-93.755811,-72.907617],[-93.795605,-72.919727]]],[[[-116.738623,-74.165039],[-117.398291,-74.122461],[-116.15498,-73.910449],[-116.570898,-74.125684],[-116.738623,-74.165039]]],[[[-132.39126,-74.441895],[-132.857178,-74.461719],[-132.362305,-74.409961],[-132.39126,-74.441895]]],[[[-131.066699,-74.583789],[-132.162646,-74.425781],[-131.594092,-74.329688],[-130.967285,-74.515039],[-131.066699,-74.583789]]],[[[-147.588281,-76.649805],[-148.001074,-76.577148],[-147.649121,-76.61084],[-147.588281,-76.649805]]],[[[-145.238086,-75.71123],[-146.15083,-75.573535],[-145.760791,-75.513867],[-145.252246,-75.682813],[-145.238086,-75.71123]]],[[[-146.606738,-76.961328],[-147.078906,-76.992773],[-147.115625,-76.866211],[-146.163965,-76.948535],[-146.606738,-76.961328]]],[[[-148.59585,-77.006836],[-149.302539,-76.91582],[-148.474316,-76.997754],[-148.59585,-77.006836]]],[[[-149.333252,-76.717383],[-148.320801,-76.77168],[-149.468945,-76.757129],[-149.333252,-76.717383]]],[[[-149.218115,-77.336328],[-148.928857,-77.386816],[-149.662354,-77.300977],[-149.249121,-77.315039],[-149.218115,-77.336328]]],[[[-150.23252,-76.776465],[-150.873535,-76.736719],[-150.084766,-76.735156],[-150.23252,-76.776465]]],[[[-146.690137,-76.246387],[-147.420898,-76.090234],[-146.949023,-76.098145],[-146.690137,-76.246387]]],[[[-146.790039,-76.633105],[-147.355322,-76.618848],[-146.877881,-76.563281],[-146.790039,-76.633105]]],[[[-150.39707,-77.369141],[-151.511621,-77.27334],[-150.35625,-77.349023],[-150.39707,-77.369141]]],[[[-153.930469,-80.033301],[-155.751172,-79.82959],[-154.025391,-79.987695],[-153.930469,-80.033301]]],[[[-149.230664,-77.120508],[-150.788525,-76.981641],[-149.870605,-76.875],[-149.28833,-77.093164],[-149.230664,-77.120508]]],[[[-157.9875,-82.10498],[-158.988721,-81.779297],[-157.83457,-82.030762],[-157.9875,-82.10498]]]]}},{"type":"Feature","properties":{"name":"Sint Maarten","state":"Sint Maarten","abbr":"SX","iso":"SXM","kind":"country","scope":"world","isUSA":false,"continent":"North America"},"geometry":{"type":"Polygon","coordinates":[[[-63.123047,18.068945],[-63.012305,18.04541],[-63.124707,18.064307],[-63.123047,18.068945]]]}},{"type":"Feature","properties":{"name":"Tuvalu","state":"Tuvalu","abbr":"TV","iso":"TUV","kind":"country","scope":"world","isUSA":false,"continent":"Oceania"},"geometry":{"type":"Polygon","coordinates":[[[179.213672,-8.524219],[179.200586,-8.534961],[179.195703,-8.534766],[179.200879,-8.512109],[179.197949,-8.488672],[179.198535,-8.47002],[179.203027,-8.466309],[179.211621,-8.488086],[179.216602,-8.514844],[179.213672,-8.524219]]]}}]}
