{"type":"FeatureCollection","features":[{"type":"Feature","properties":{"state":"Maine","abbr":"ME"},"geometry":{"type":"MultiPolygon","coordinates":[[[[-67.619761,44.519754],[-67.582113,44.513459],[-67.569189,44.455531],[-67.619211,44.506009],[-67.619761,44.519754]]],[[[-68.498637,44.369686],[-68.489641,44.313705],[-68.533481,44.329958],[-68.501364,44.382281],[-68.498637,44.369686]]],[[[-68.23638,44.266254],[-68.211329,44.257074],[-68.276857,44.240794],[-68.241142,44.260354],[-68.23638,44.266254]]],[[[-68.942826,44.281073],[-68.90353,44.378613],[-68.868444,44.38144],[-68.916872,44.242866],[-68.95189,44.218719],[-68.953686,44.272346],[-68.942826,44.281073]]],[[[-68.792139,44.237819],[-68.780055,44.203129],[-68.829593,44.21689],[-68.825631,44.242556],[-68.792139,44.237819]]],[[[-68.472831,44.219767],[-68.454224,44.199534],[-68.48452,44.202886],[-68.468572,44.223999],[-68.472831,44.219767]]],[[[-68.355279,44.199096],[-68.314789,44.197157],[-68.347416,44.169459],[-68.364469,44.197534],[-68.355279,44.199096]]],[[[-68.680773,44.279242],[-68.567249,44.187258],[-68.612749,44.207722],[-68.675056,44.137131],[-68.716474,44.162702],[-68.722956,44.223568],[-68.677577,44.275431],[-68.680773,44.279242]]],[[[-68.453236,44.189998],[-68.384903,44.154955],[-68.438518,44.11618],[-68.502096,44.152388],[-68.474365,44.181875],[-68.453236,44.189998]]],[[[-68.358388,44.125082],[-68.331032,44.10758],[-68.365176,44.101464],[-68.365514,44.124079],[-68.358388,44.125082]]],[[[-68.499465,44.12419],[-68.51706,44.10341],[-68.506979,44.127237],[-68.499465,44.12419]]],[[[-68.785601,44.053503],[-68.874139,44.025359],[-68.908984,44.110001],[-68.944597,44.11284],[-68.825067,44.186338],[-68.780693,44.143274],[-68.820515,44.130198],[-68.77965,44.057754],[-68.785601,44.053503]]],[[[-68.618212,44.012367],[-68.657031,44.003823],[-68.661594,44.075837],[-68.6181,44.096706],[-68.584074,44.070578],[-68.615896,44.009761],[-68.618212,44.012367]]],[[[-69.043981,44.005684],[-69.096899,43.981324],[-69.047583,44.013995],[-69.043981,44.005684]]],[[[-69.42792,43.928798],[-69.440913,43.909767],[-69.421072,43.938261],[-69.42792,43.928798]]],[[[-68.880242,43.863398],[-68.898319,43.820987],[-68.889367,43.87553],[-68.880242,43.863398]]],[[[-69.307908,43.773767],[-69.306751,43.775095],[-69.302995,43.774591],[-69.300376,43.772144],[-69.300818,43.768599],[-69.314325,43.756707],[-69.322559,43.755883],[-69.323569,43.758994],[-69.321141,43.765763],[-69.313631,43.772762],[-69.307908,43.773767]]],[[[-70.119671,43.748621],[-70.094986,43.753211],[-70.124136,43.70832],[-70.127051,43.742717],[-70.119671,43.748621]]],[[[-70.087621,43.699913],[-70.118291,43.683343],[-70.091929,43.698111],[-70.087621,43.699913]]],[[[-70.163884,43.692404],[-70.135563,43.700658],[-70.171339,43.687546],[-70.163884,43.692404]]],[[[-70.186213,43.682655],[-70.21313,43.662973],[-70.191041,43.689071],[-70.186213,43.682655]]],[[[-70.171245,43.663498],[-70.207165,43.63369],[-70.184659,43.674699],[-70.171245,43.663498]]],[[[-70.703819,43.059825],[-70.8268,43.127086],[-70.80964,43.225407],[-70.987649,43.389521],[-70.950838,43.551026],[-70.972716,43.570255],[-71.084334,45.305293],[-71.00905,45.319022],[-71.01081,45.34725],[-70.950824,45.33453],[-70.896898,45.242031],[-70.857042,45.22916],[-70.808613,45.311606],[-70.826033,45.398408],[-70.798028,45.426706],[-70.634661,45.383608],[-70.635498,45.427817],[-70.722845,45.512772],[-70.5584,45.666671],[-70.400404,45.719834],[-70.417674,45.79457],[-70.259117,45.890755],[-70.240177,45.943729],[-70.316936,45.963456],[-70.284571,45.995384],[-70.317596,46.019492],[-70.237947,46.147378],[-70.292736,46.191599],[-70.191412,46.348072],[-70.056433,46.415561],[-69.997086,46.69523],[-69.22442,47.459686],[-69.042702,47.426651],[-69.050334,47.256621],[-68.900985,47.178519],[-68.619749,47.243218],[-68.578551,47.287551],[-68.378678,47.287561],[-68.355171,47.35707],[-68.15515,47.32542],[-67.955669,47.199542],[-67.881302,47.103913],[-67.789761,47.065744],[-67.781095,45.943032],[-67.750422,45.917898],[-67.803908,45.882895],[-67.755068,45.82367],[-67.806598,45.794723],[-67.781892,45.731189],[-67.817892,45.693705],[-67.720401,45.662522],[-67.727648,45.688468],[-67.64581,45.613597],[-67.429716,45.583773],[-67.416462,45.502147],[-67.503771,45.488522],[-67.418747,45.37726],[-67.489333,45.281282],[-67.404629,45.159926],[-67.345585,45.126392],[-67.296174,45.147952],[-67.283619,45.192022],[-67.157919,45.161004],[-67.090786,45.068721],[-67.117688,45.05673],[-66.984466,44.912557],[-66.986318,44.820657],[-66.950569,44.814539],[-67.062239,44.769543],[-67.154479,44.668114],[-67.293403,44.599265],[-67.32297,44.609394],[-67.293665,44.634316],[-67.326182,44.656715],[-67.308538,44.707454],[-67.376742,44.681852],[-67.363158,44.631825],[-67.405492,44.594236],[-67.505804,44.636837],[-67.551133,44.621938],[-67.568159,44.531117],[-67.685861,44.537155],[-67.733986,44.496252],[-67.753854,44.543661],[-67.79726,44.520685],[-67.839896,44.558771],[-67.855108,44.419434],[-67.887323,44.433066],[-67.899571,44.394078],[-67.926357,44.431807],[-67.978876,44.387034],[-68.010719,44.407464],[-68.049334,44.33073],[-68.11229,44.401588],[-68.117746,44.475038],[-68.261708,44.484062],[-68.299063,44.437893],[-68.247438,44.433276],[-68.173608,44.328397],[-68.289409,44.283858],[-68.317588,44.225101],[-68.401268,44.252244],[-68.430946,44.298624],[-68.398035,44.376191],[-68.3581,44.392337],[-68.3791,44.430049],[-68.427874,44.3968],[-68.455095,44.447498],[-68.466109,44.377245],[-68.485415,44.434326],[-68.565161,44.39907],[-68.545434,44.355],[-68.566203,44.313007],[-68.527528,44.295248],[-68.525302,44.227554],[-68.733004,44.328388],[-68.827197,44.31216],[-68.783679,44.473879],[-68.880271,44.428112],[-68.900934,44.452062],[-68.982449,44.426195],[-68.954465,44.32405],[-69.003682,44.294582],[-69.100863,44.104529],[-69.043403,44.092164],[-69.048917,44.062506],[-69.260862,43.915405],[-69.280498,43.95744],[-69.416165,43.977267],[-69.50329,43.837673],[-69.543912,43.881615],[-69.588551,43.81836],[-69.594705,43.858878],[-69.649798,43.836287],[-69.653337,43.79103],[-69.705838,43.823024],[-69.838689,43.70514],[-69.884066,43.778035],[-69.958056,43.767786],[-70.001645,43.717666],[-70.001708,43.744466],[-70.041351,43.738053],[-69.99821,43.798684],[-70.026193,43.822587],[-70.009869,43.859315],[-70.190014,43.771866],[-70.254144,43.676839],[-70.196911,43.565146],[-70.361214,43.52919],[-70.382928,43.469674],[-70.337884,43.442051],[-70.421282,43.395777],[-70.426537,43.35408],[-70.553854,43.321886],[-70.593907,43.249295],[-70.59149,43.164551],[-70.703818,43.059825],[-70.703819,43.059825]]],[[[-70.135957,43.753219],[-70.135957,43.756243],[-70.13254,43.762142],[-70.129721,43.76408],[-70.117688,43.765693],[-70.11663,43.765458],[-70.116176,43.765189],[-70.116932,43.764181],[-70.120225,43.760642],[-70.128198,43.755667],[-70.132054,43.754101],[-70.135957,43.753219]]],[[[-70.152589,43.746794],[-70.128271,43.774009],[-70.151833,43.746542],[-70.152589,43.746794]]],[[[-68.140549,44.376804],[-68.134094,44.450733],[-68.126114,44.388493],[-68.140549,44.376804]]],[[[-68.45443,44.298336],[-68.45649,44.344395],[-68.421432,44.374641],[-68.447556,44.3004],[-68.45443,44.298336]]],[[[-68.707047,44.272324],[-68.738762,44.311031],[-68.688599,44.275894],[-68.707047,44.272324]]],[[[-68.459244,44.255032],[-68.491547,44.283215],[-68.45443,44.257778],[-68.459244,44.255032]]],[[[-69.351875,43.922543],[-69.371506,43.931465],[-69.33403,43.964779],[-69.343552,43.925518],[-69.351875,43.922543]]],[[[-69.134735,43.86031],[-69.117546,43.898117],[-69.1203,43.873371],[-69.134735,43.86031]]],[[[-67.51841,44.554241],[-67.541611,44.58934],[-67.514244,44.597668],[-67.481529,44.580414],[-67.517815,44.579823],[-67.499969,44.554836],[-67.51841,44.554241]]],[[[-67.789024,44.472355],[-67.830269,44.539722],[-67.780777,44.477165],[-67.789024,44.472355]]],[[[-67.53537,44.472355],[-67.560646,44.51379],[-67.510628,44.496414],[-67.53537,44.472355]]],[[[-69.319756,43.854729],[-69.313805,43.881496],[-69.310829,43.859486],[-69.319756,43.854729]]],[[[-70.046562,43.781998],[-70.029808,43.811123],[-70.040184,43.784389],[-70.046562,43.781998]]],[[[-70.10202,43.77681],[-70.113197,43.781197],[-70.096039,43.78838],[-70.089653,43.785187],[-70.10202,43.77681]]],[[[-70.061325,43.7421],[-70.060928,43.760849],[-70.056541,43.772022],[-70.04377,43.763641],[-70.046165,43.757259],[-70.061325,43.7421]]],[[[-70.079285,43.706989],[-70.08886,43.714569],[-70.084465,43.719357],[-70.072098,43.718956],[-70.071304,43.713772],[-70.079285,43.706989]]],[[[-70.096039,43.672276],[-70.101227,43.675468],[-70.09285,43.687836],[-70.087257,43.691029],[-70.088455,43.681454],[-70.096039,43.672276]]],[[[-70.228317,43.538261],[-70.245499,43.539635],[-70.235878,43.547199],[-70.224876,43.547199],[-70.228317,43.538261]]],[[[-70.607834,42.977764],[-70.605476,43.005829],[-70.601349,42.981083],[-70.607834,42.977764]]]]}},{"type":"Feature","properties":{"state":"Massachusetts","abbr":"MA"},"geometry":{"type":"MultiPolygon","coordinates":[[[[-70.832044,41.606504],[-70.82191,41.582841],[-70.838452,41.59646],[-70.832044,41.606504]]],[[[-70.59628,41.471905],[-70.56328,41.469127],[-70.498959,41.384339],[-70.450431,41.420703],[-70.451084,41.348161],[-70.709826,41.341723],[-70.775665,41.300982],[-70.838777,41.347209],[-70.774974,41.349176],[-70.701378,41.430925],[-70.598444,41.481151],[-70.59628,41.471905]]],[[[-70.092142,41.297741],[-70.031332,41.339332],[-70.049053,41.391702],[-69.960181,41.264546],[-70.118669,41.242351],[-70.275526,41.310464],[-70.12446,41.293851],[-70.092142,41.297741]]],[[[-73.264957,42.74594],[-71.294205,42.69699],[-71.245504,42.742589],[-71.181803,42.73759],[-71.165603,42.808689],[-71.064201,42.806289],[-71.031201,42.859089],[-70.914899,42.886589],[-70.817296,42.87229],[-70.778671,42.693622],[-70.689402,42.653319],[-70.630077,42.692699],[-70.591469,42.639821],[-70.654727,42.582234],[-70.871382,42.546404],[-70.835991,42.490496],[-70.934993,42.457896],[-70.905692,42.416197],[-70.94702,42.456236],[-70.982994,42.423996],[-70.953022,42.343973],[-71.006877,42.347039],[-71.0049,42.28272],[-70.92483,42.263339],[-70.896267,42.2851],[-70.91749,42.305686],[-70.882764,42.30886],[-70.722269,42.207959],[-70.597892,42.00455],[-70.639137,41.993895],[-70.610953,42.01108],[-70.650874,42.046247],[-70.710034,41.999544],[-70.552941,41.929641],[-70.54103,41.815754],[-70.412476,41.744397],[-70.259205,41.713954],[-70.008462,41.800786],[-70.000188,41.886938],[-70.044995,41.930049],[-70.067566,41.877793],[-70.095595,42.032832],[-70.155415,42.062409],[-70.190834,42.020028],[-70.245385,42.063733],[-70.189305,42.082337],[-70.082624,42.054657],[-69.968598,41.9117],[-69.933114,41.670014],[-69.998071,41.54365],[-69.973153,41.646963],[-70.007011,41.671579],[-70.265424,41.609333],[-70.28132,41.635125],[-70.351634,41.634687],[-70.485571,41.554244],[-70.633607,41.538254],[-70.79027,41.446339],[-70.948431,41.409193],[-70.658659,41.543385],[-70.637632,41.654573],[-70.661475,41.681756],[-70.626529,41.712995],[-70.726331,41.732731],[-70.719575,41.685002],[-70.755347,41.694326],[-70.765463,41.641575],[-70.813286,41.65567],[-70.801063,41.629513],[-70.852518,41.626919],[-70.853121,41.587321],[-70.889209,41.632904],[-70.901381,41.592504],[-70.929722,41.609479],[-70.953299,41.51501],[-71.12057,41.497448],[-71.132888,41.660102],[-71.19569,41.675102],[-71.340697,41.7983],[-71.338698,41.898399],[-71.3817,41.893199],[-71.381401,42.018798],[-72.755838,42.036195],[-72.766739,42.002995],[-72.816741,41.997595],[-72.813541,42.036494],[-73.496879,42.049675],[-73.508142,42.086257],[-73.352527,42.510002],[-73.264957,42.74594]]],[[[-70.890594,42.326504],[-70.898155,42.330284],[-70.898155,42.340252],[-70.895477,42.343422],[-70.894028,42.339565],[-70.873749,42.343346],[-70.87822,42.330627],[-70.890594,42.326504]]],[[[-70.925308,42.317223],[-70.928055,42.317223],[-70.94249,42.326847],[-70.930458,42.334751],[-70.923584,42.32616],[-70.925308,42.317223]]],[[[-70.95546,42.309875],[-70.977402,42.312294],[-70.949364,42.312756],[-70.95546,42.309875]]],[[[-70.937332,42.284916],[-70.94902,42.285946],[-70.95108,42.289726],[-70.935272,42.302101],[-70.928185,42.302814],[-70.927979,42.297405],[-70.937332,42.284916]]],[[[-70.290428,41.331959],[-70.305893,41.332302],[-70.309669,41.335396],[-70.308296,41.338833],[-70.289047,41.336773],[-70.290428,41.331959]]],[[[-70.811417,41.24987],[-70.832039,41.259495],[-70.803856,41.250557],[-70.811417,41.24987]]]]}},{"type":"Feature","properties":{"state":"Michigan","abbr":"MI"},"geometry":{"type":"MultiPolygon","coordinates":[[[[-88.684434,48.115785],[-88.547033,48.174891],[-88.418244,48.18037],[-88.670073,48.011446],[-88.962664,47.923512],[-88.968903,47.901675],[-88.911665,47.891344],[-89.157738,47.824015],[-89.255202,47.876102],[-89.179154,47.93503],[-88.695353,48.110549],[-88.684434,48.115785]]],[[[-85.566441,45.760222],[-85.501267,45.754415],[-85.521911,45.739419],[-85.487026,45.621211],[-85.561634,45.572213],[-85.630016,45.598166],[-85.567781,45.757655],[-85.566441,45.760222]]],[[[-87.590208,45.095264],[-87.659952,45.107512],[-87.736509,45.173389],[-87.657349,45.368752],[-87.693956,45.389893],[-87.754104,45.349442],[-87.888052,45.354697],[-87.849322,45.403872],[-87.861697,45.434473],[-87.792769,45.499967],[-87.833591,45.562529],[-87.777199,45.588499],[-87.824676,45.653211],[-87.782226,45.683053],[-87.875813,45.753888],[-88.129461,45.809288],[-88.073134,45.871952],[-88.102908,45.921869],[-88.492495,45.992157],[-88.514601,46.019926],[-88.662902,45.98873],[-89.09163,46.138505],[-90.120489,46.336852],[-90.216594,46.501759],[-90.316983,46.517319],[-90.331887,46.553278],[-90.39332,46.532615],[-90.418136,46.566094],[-90.028392,46.67439],[-89.790663,46.818469],[-89.415154,46.843983],[-89.227914,46.912954],[-89.128698,46.992599],[-88.972802,47.002096],[-88.88914,47.100575],[-88.573997,47.245989],[-88.418673,47.371188],[-88.217822,47.448738],[-87.801184,47.473301],[-87.715942,47.439816],[-87.712421,47.4014],[-87.957058,47.38726],[-87.94336,47.335899],[-88.228987,47.199042],[-88.232164,47.145975],[-88.349952,47.076377],[-88.367624,47.019213],[-88.443901,46.972251],[-88.483748,46.831727],[-88.462349,46.786711],[-88.38141,46.838466],[-88.389727,46.8671],[-88.35194,46.857028],[-88.143688,46.966665],[-88.175197,46.90458],[-87.900339,46.909686],[-87.741014,46.865247],[-87.727358,46.827656],[-87.680668,46.842496],[-87.595307,46.78295],[-87.503025,46.647497],[-87.383961,46.59307],[-87.393985,46.533183],[-87.351071,46.500749],[-87.12744,46.494014],[-87.008724,46.532723],[-86.850111,46.434114],[-86.768516,46.479072],[-86.698139,46.438624],[-86.683819,46.498079],[-86.709325,46.543914],[-86.678182,46.561039],[-86.62738,46.53371],[-86.646393,46.485776],[-86.586168,46.463324],[-86.469306,46.551422],[-86.161681,46.669475],[-85.50951,46.675786],[-85.25686,46.75338],[-84.954009,46.771362],[-85.027513,46.697451],[-85.025491,46.546397],[-85.056133,46.52652],[-85.015211,46.479712],[-84.937145,46.489252],[-84.829491,46.444071],[-84.63102,46.484868],[-84.551496,46.418522],[-84.471848,46.434289],[-84.420274,46.501077],[-84.275814,46.492821],[-84.226131,46.53392],[-84.128925,46.530119],[-84.111225,46.504119],[-84.146172,46.41852],[-84.097766,46.256512],[-84.14715,46.224184],[-84.219494,46.231992],[-84.251424,46.175888],[-84.125022,46.180209],[-84.026536,46.131648],[-84.071741,46.092441],[-83.896489,45.989194],[-83.916168,45.955326],[-84.111174,45.978675],[-84.376429,45.931962],[-84.484009,45.98825],[-84.532392,45.969448],[-84.544405,46.02286],[-84.656567,46.052654],[-84.692735,46.027019],[-84.685254,45.973454],[-84.738849,45.945792],[-84.701183,45.853092],[-84.746985,45.835597],[-85.01399,46.010774],[-85.335911,46.092595],[-85.5001,46.09694],[-85.697203,45.960158],[-85.893196,45.967253],[-85.913769,45.919439],[-86.072067,45.965313],[-86.278007,45.942057],[-86.324232,45.90608],[-86.351658,45.798132],[-86.580936,45.71192],[-86.587528,45.666456],[-86.627938,45.659293],[-86.613803,45.599583],[-86.718191,45.67732],[-86.665677,45.702217],[-86.631018,45.782019],[-86.557215,45.808172],[-86.541464,45.890234],[-86.583304,45.898784],[-86.645998,45.833888],[-86.78208,45.860195],[-86.773279,45.811385],[-86.838746,45.722307],[-86.964275,45.672761],[-86.988438,45.810621],[-87.031435,45.837238],[-87.057439,45.812483],[-87.059533,45.708497],[-87.196852,45.636275],[-87.327749,45.425307],[-87.600796,45.146842],[-87.610073,45.114141],[-87.581969,45.097206],[-87.590208,45.095264]]],[[[-86.033174,45.15842],[-85.976803,45.138363],[-85.95976,45.058486],[-86.058653,45.100776],[-86.04443,45.159582],[-86.033174,45.15842]]],[[[-86.093536,45.007838],[-86.156689,45.010535],[-86.117908,45.048478],[-86.079103,45.030795],[-86.101214,45.018101],[-86.093536,45.007838]]],[[[-82.415937,43.005555],[-82.469912,42.887459],[-82.467483,42.76191],[-82.523337,42.607486],[-82.686417,42.518597],[-82.664335,42.546244],[-82.713042,42.597904],[-82.630922,42.64211],[-82.630851,42.673341],[-82.700964,42.689548],[-82.813518,42.640833],[-82.819017,42.616333],[-82.76959,42.59338],[-82.874416,42.523535],[-82.894013,42.389437],[-82.92397,42.352068],[-83.096521,42.290138],[-83.128022,42.238839],[-83.133511,42.088143],[-83.188598,42.066431],[-83.17089,42.015185],[-83.249204,41.972402],[-83.26455,41.929086],[-83.315859,41.935893],[-83.341557,41.879956],[-83.439612,41.813162],[-83.43436,41.737058],[-84.806082,41.696089],[-84.805883,41.760216],[-86.824828,41.76024],[-86.619442,41.893827],[-86.485223,42.118239],[-86.356218,42.254166],[-86.261573,42.443894],[-86.225613,42.594765],[-86.206834,42.719424],[-86.232707,43.015762],[-86.540916,43.633158],[-86.431043,43.815975],[-86.463136,43.970976],[-86.514702,44.058119],[-86.421108,44.12948],[-86.26871,44.345324],[-86.220697,44.566742],[-86.254996,44.691935],[-86.089186,44.741496],[-86.066745,44.905685],[-85.992535,44.900026],[-85.9316,44.968788],[-85.869852,44.939031],[-85.807403,44.949814],[-85.618639,45.186771],[-85.551072,45.210742],[-85.526734,45.189316],[-85.558373,45.133209],[-85.573893,45.155488],[-85.614319,45.127562],[-85.56613,45.043633],[-85.621878,45.004529],[-85.602034,44.926743],[-85.651435,44.831624],[-85.640781,44.775561],[-85.593571,44.768783],[-85.532931,44.87319],[-85.564509,44.895246],[-85.520034,44.973996],[-85.475204,44.991053],[-85.502182,44.855802],[-85.576566,44.760208],[-85.504775,44.768082],[-85.3958,44.931018],[-85.371593,45.270834],[-85.196704,45.360641],[-84.91585,45.393115],[-84.922006,45.421914],[-85.040936,45.436701],[-85.109252,45.521626],[-85.111909,45.585829],[-84.940526,45.721832],[-85.077313,45.765619],[-84.806642,45.746171],[-84.780313,45.787224],[-84.726192,45.786905],[-84.46168,45.652404],[-84.329537,45.66438],[-84.215268,45.634767],[-84.095905,45.497298],[-83.939261,45.493189],[-83.599273,45.352561],[-83.488826,45.355872],[-83.385104,45.274195],[-83.41241,45.238905],[-83.316118,45.141958],[-83.265896,45.026844],[-83.399255,45.070364],[-83.454168,45.03188],[-83.433032,44.93289],[-83.312903,44.884191],[-83.273393,44.713901],[-83.314517,44.608725],[-83.332533,44.340464],[-83.445176,44.252823],[-83.479531,44.28009],[-83.53771,44.248171],[-83.58409,44.056748],[-83.679654,44.036365],[-83.680108,43.994196],[-83.829077,43.989095],[-83.877694,43.959235],[-83.954347,43.750647],[-83.897078,43.664022],[-83.666052,43.591292],[-83.540187,43.708746],[-83.470053,43.723418],[-83.410663,43.80773],[-83.480725,43.791786],[-83.448416,43.861902],[-83.404422,43.84128],[-83.33227,43.880522],[-83.400985,43.916208],[-83.30569,43.922489],[-83.26153,43.973525],[-83.066026,44.003366],[-82.967439,44.066138],[-82.793205,44.023247],[-82.738992,43.989506],[-82.633641,43.831224],[-82.597911,43.590016],[-82.539517,43.437539],[-82.523086,43.225361],[-82.422768,43.007956],[-82.415937,43.005555]]],[[[-83.436745,44.021656],[-83.442245,44.02853],[-83.441551,44.038841],[-83.425743,44.02853],[-83.436745,44.021656]]],[[[-83.414047,43.877026],[-83.427109,43.877026],[-83.436729,43.882526],[-83.43261,43.885273],[-83.414047,43.877026]]],[[[-87.600342,47.407711],[-87.65052,47.416649],[-87.585907,47.419399],[-87.600342,47.407711]]],[[[-83.761154,46.086082],[-83.828964,46.102741],[-83.758179,46.090248],[-83.761154,46.086082]]],[[[-83.97345,46.065285],[-84.012634,46.08728],[-83.987885,46.103779],[-83.974136,46.073532],[-83.97345,46.065285]]],[[[-83.853355,46.050987],[-83.864059,46.083702],[-83.846214,46.051582],[-83.853355,46.050987]]],[[[-83.749252,46.034328],[-83.764122,46.065857],[-83.743896,46.035519],[-83.749252,46.034328]]],[[[-84.638847,45.955563],[-84.634041,45.980309],[-84.619171,45.957447],[-84.638847,45.955563]]],[[[-84.568253,45.950787],[-84.579674,45.968391],[-84.564919,45.95126],[-84.568253,45.950787]]],[[[-83.561836,45.912563],[-83.657661,45.945461],[-83.835503,45.941841],[-83.884827,45.977165],[-83.845398,46.025681],[-83.794052,45.9958],[-83.692146,46.039089],[-83.677872,46.064667],[-83.719788,46.101032],[-83.634979,46.103954],[-83.473946,45.98856],[-83.526344,45.918636],[-83.561836,45.912563]]],[[[-84.861969,45.851276],[-84.88121,45.860901],[-84.87915,45.868462],[-84.861969,45.860214],[-84.861969,45.851276]]],[[[-84.617607,45.844925],[-84.647346,45.884186],[-84.607491,45.8479],[-84.617607,45.844925]]],[[[-85.590889,45.833141],[-85.595177,45.835522],[-85.593811,45.839809],[-85.581467,45.841042],[-85.584709,45.834095],[-85.590889,45.833141]]],[[[-84.595001,45.821129],[-84.612846,45.836002],[-84.589645,45.821724],[-84.595001,45.821129]]],[[[-85.611832,45.806015],[-85.617538,45.810776],[-85.617538,45.814106],[-85.612305,45.81601],[-85.606598,45.81506],[-85.603264,45.813156],[-85.601837,45.811253],[-85.611832,45.806015]]],[[[-85.683296,45.769455],[-85.690704,45.769455],[-85.696259,45.774391],[-85.691933,45.777477],[-85.683296,45.769455]]],[[[-85.377129,45.769012],[-85.370468,45.818504],[-85.359047,45.776627],[-85.377129,45.769012]]],[[[-85.462578,45.765865],[-85.532013,45.798172],[-85.524445,45.829792],[-85.450203,45.796677],[-85.455559,45.768719],[-85.462578,45.765865]]],[[[-84.420113,45.718815],[-84.50042,45.736065],[-84.58905,45.816372],[-84.433197,45.787819],[-84.418922,45.811611],[-84.35408,45.770565],[-84.409996,45.720005],[-84.420113,45.718815]]],[[[-85.672188,45.696632],[-85.701813,45.73613],[-85.649353,45.722553],[-85.672188,45.696632]]],[[[-85.84375,45.69046],[-85.84375,45.710209],[-85.835114,45.711445],[-85.83326,45.696632],[-85.84375,45.69046]]],[[[-86.682877,45.594818],[-86.712326,45.610939],[-86.670982,45.600529],[-86.682877,45.594818]]],[[[-86.636894,45.542053],[-86.658905,45.586075],[-86.630348,45.546814],[-86.636894,45.542053]]],[[[-86.66069,45.520042],[-86.666641,45.520042],[-86.669609,45.524208],[-86.670204,45.52956],[-86.667236,45.53194],[-86.6595,45.532536],[-86.656525,45.525993],[-86.66069,45.520042]]],[[[-86.71508,45.497517],[-86.728142,45.522949],[-86.723328,45.520889],[-86.715767,45.509201],[-86.71508,45.497517]]],[[[-86.758385,45.476204],[-86.782448,45.506451],[-86.756325,45.50164],[-86.758385,45.476204]]],[[[-85.770958,45.461353],[-85.792961,45.481976],[-85.766838,45.475788],[-85.770958,45.461353]]],[[[-85.833519,45.378174],[-85.883011,45.443478],[-85.825958,45.404297],[-85.833519,45.378174]]],[[[-83.322464,45.186062],[-83.338272,45.189499],[-83.334145,45.199123],[-83.31971,45.194313],[-83.322464,45.186062]]],[[[-83.190582,45.033356],[-83.233894,45.054665],[-83.201584,45.046413],[-83.190582,45.033356]]],[[[-85.582054,44.859333],[-85.583755,44.861454],[-85.581207,44.869938],[-85.569328,44.873333],[-85.569756,44.863152],[-85.582054,44.859333]]],[[[-83.829224,43.662632],[-83.831284,43.669506],[-83.821663,43.677067],[-83.816162,43.672943],[-83.816162,43.666756],[-83.829224,43.662632]]]]}},{"type":"Feature","properties":{"state":"Montana","abbr":"MT"},"geometry":{"type":"Polygon","coordinates":[[[-104.057698,44.997431],[-111.055199,45.001321],[-111.048974,44.474072],[-111.131379,44.499925],[-111.23018,44.587025],[-111.224161,44.623402],[-111.29626,44.702271],[-111.385005,44.755128],[-111.414271,44.710741],[-111.489339,44.704946],[-111.473178,44.665479],[-111.525764,44.604883],[-111.471682,44.540824],[-111.704218,44.560205],[-111.821488,44.509286],[-111.870504,44.564033],[-112.106755,44.520829],[-112.286187,44.568472],[-112.35421,44.535638],[-112.387389,44.448058],[-112.71911,44.504344],[-112.781294,44.484888],[-112.836034,44.422653],[-112.81324,44.378103],[-112.855395,44.359975],[-113.003544,44.450814],[-113.019777,44.528505],[-113.083819,44.60222],[-113.049349,44.62938],[-113.06776,44.679474],[-113.131453,44.772837],[-113.247166,44.82295],[-113.341704,44.784853],[-113.377153,44.834858],[-113.455071,44.865424],[-113.498745,44.942314],[-113.443782,44.95989],[-113.45197,45.059247],[-113.57467,45.128411],[-113.599506,45.191114],[-113.738729,45.329741],[-113.733092,45.390173],[-113.78416,45.454946],[-113.766022,45.520621],[-113.834555,45.520729],[-113.806729,45.602146],[-113.904691,45.622007],[-113.93422,45.682232],[-113.986656,45.704564],[-114.086584,45.59118],[-114.192802,45.536596],[-114.248121,45.545877],[-114.270717,45.486116],[-114.333218,45.459316],[-114.460542,45.561283],[-114.559038,45.565706],[-114.538132,45.606834],[-114.563652,45.637412],[-114.507645,45.658949],[-114.495421,45.703321],[-114.566172,45.773864],[-114.509303,45.845531],[-114.409477,45.85164],[-114.388243,45.88234],[-114.431159,45.935737],[-114.403712,45.967049],[-114.493418,46.03717],[-114.460049,46.097104],[-114.527096,46.146218],[-114.445928,46.173933],[-114.470479,46.26732],[-114.425587,46.287899],[-114.422458,46.387097],[-114.376413,46.442983],[-114.403019,46.498675],[-114.342072,46.519679],[-114.320665,46.646963],[-114.360709,46.669059],[-114.466902,46.631695],[-114.593292,46.632848],[-114.642713,46.673145],[-114.620859,46.707415],[-114.696656,46.740572],[-114.76689,46.696901],[-114.788656,46.714033],[-114.765106,46.758153],[-114.920459,46.827697],[-114.947413,46.859324],[-114.929997,46.919625],[-115.001274,46.971901],[-115.049538,46.970774],[-115.140375,47.093013],[-115.300504,47.188139],[-115.326903,47.255912],[-115.51186,47.295219],[-115.578619,47.367007],[-115.728801,47.428925],[-115.653044,47.476035],[-115.747263,47.543197],[-115.689404,47.595402],[-115.73627,47.654762],[-115.72377,47.696671],[-115.831755,47.755785],[-115.852291,47.827991],[-116.04885,47.977186],[-116.049193,49.000912],[-104.048736,48.999877],[-104.039681,44.998041],[-104.057698,44.997431]]]}},{"type":"Feature","properties":{"state":"Nevada","abbr":"NV"},"geometry":{"type":"Polygon","coordinates":[[[-114.0506,37.000396],[-114.046838,36.194069],[-114.123144,36.111576],[-114.148191,36.028013],[-114.252651,36.020193],[-114.405475,36.147371],[-114.446605,36.12597],[-114.631716,36.142306],[-114.755618,36.087166],[-114.731159,35.943916],[-114.67742,35.874728],[-114.71211,35.806185],[-114.689407,35.651412],[-114.653406,35.610789],[-114.677643,35.489742],[-114.604314,35.353584],[-114.569238,35.18348],[-114.578524,35.12875],[-114.646759,35.101872],[-114.602908,35.068588],[-114.633013,35.002085],[-117.500117,37.22038],[-120.001014,38.999574],[-119.999168,41.99454],[-114.041723,41.99372],[-114.051749,37.088434],[-114.0506,37.000396]]]}},{"type":"Feature","properties":{"state":"New Jersey","abbr":"NJ"},"geometry":{"type":"Polygon","coordinates":[[[-75.526844,39.655713],[-75.459439,39.765813],[-75.3544,39.839917],[-75.145421,39.884213],[-75.12692,39.961112],[-74.822307,40.12671],[-74.722604,40.15001],[-74.939711,40.338006],[-74.965508,40.397337],[-75.058848,40.418065],[-75.068615,40.542223],[-75.183151,40.567354],[-75.201812,40.617188],[-75.176803,40.675715],[-75.20392,40.691498],[-75.196533,40.751631],[-75.108505,40.791094],[-75.095784,40.847082],[-75.051029,40.865662],[-75.130575,40.991093],[-74.968389,41.087797],[-74.991718,41.092284],[-74.882139,41.180836],[-74.79504,41.320407],[-74.694914,41.357423],[-73.893979,40.997197],[-74.024543,40.709436],[-74.094086,40.649703],[-74.189106,40.643832],[-74.27269,40.488405],[-74.207205,40.435434],[-74.135823,40.455196],[-73.998505,40.410911],[-74.014031,40.476471],[-73.978282,40.440208],[-73.977442,40.299373],[-74.096906,39.76303],[-74.240506,39.554911],[-74.311037,39.506715],[-74.334804,39.432001],[-74.614481,39.244659],[-74.792723,38.991991],[-74.864458,38.94041],[-74.967274,38.933413],[-74.887167,39.158825],[-75.035672,39.215415],[-75.139136,39.180021],[-75.251806,39.299913],[-75.288898,39.289557],[-75.465212,39.43893],[-75.536431,39.460559],[-75.512732,39.578],[-75.559446,39.629812],[-75.526744,39.655113],[-75.526844,39.655713]]]}},{"type":"Feature","properties":{"state":"New York","abbr":"NY"},"geometry":{"type":"MultiPolygon","coordinates":[[[[-71.943563,41.286675],[-72.036846,41.249794],[-71.952864,41.285098],[-71.943563,41.286675]]],[[[-72.132225,41.104387],[-72.084207,41.101524],[-72.086975,41.058292],[-72.140737,41.100835],[-72.132225,41.104387]]],[[[-73.657336,40.985171],[-73.781338,40.885447],[-73.782577,40.837601],[-73.81281,40.846737],[-73.781369,40.794907],[-73.729575,40.8665],[-73.675573,40.856999],[-73.485365,40.946397],[-73.406074,40.920235],[-73.392862,40.955297],[-73.229285,40.905121],[-73.148994,40.928898],[-73.159576,40.968448],[-73.118331,40.978071],[-72.774104,40.965314],[-72.585327,40.997587],[-72.278789,41.158722],[-72.237731,41.156434],[-72.300374,41.112274],[-72.32663,41.132162],[-72.317238,41.088659],[-72.260515,41.042065],[-72.153857,41.051859],[-72.10216,40.991509],[-71.959595,41.071237],[-71.856214,41.070598],[-72.39585,40.86666],[-73.054963,40.666371],[-73.575357,40.573723],[-73.774928,40.590759],[-73.940591,40.542896],[-73.935686,40.564914],[-74.00903,40.572846],[-74.042412,40.624847],[-74.013784,40.756601],[-73.893979,40.997197],[-74.696398,41.357339],[-74.738455,41.430641],[-74.893913,41.43893],[-74.912517,41.475605],[-74.983341,41.480894],[-75.074613,41.605711],[-75.044224,41.617978],[-75.053431,41.752538],[-75.10464,41.774203],[-75.072172,41.813732],[-75.170565,41.871608],[-75.260527,41.8638],[-75.279094,41.938917],[-75.359579,41.999445],[-79.761374,41.999067],[-79.761951,42.26986],[-79.453533,42.411157],[-79.351989,42.48892],[-79.148723,42.553672],[-79.04886,42.689158],[-78.853455,42.783958],[-78.918859,42.946857],[-79.019964,42.994756],[-79.01053,43.064389],[-79.074467,43.077855],[-79.042366,43.143655],[-79.070469,43.262454],[-78.488857,43.374763],[-77.760231,43.341161],[-77.534184,43.234569],[-77.391015,43.276363],[-76.958402,43.270005],[-76.794708,43.309632],[-76.417581,43.521285],[-76.297103,43.51287],[-76.217958,43.545156],[-76.213205,43.753513],[-76.295628,43.854336],[-76.212451,43.90108],[-76.227485,43.875061],[-76.202257,43.864898],[-76.133267,43.892975],[-76.139069,43.940779],[-76.064421,43.985134],[-76.200249,43.967931],[-76.120695,44.031296],[-76.207783,44.071746],[-76.276788,44.031296],[-76.199693,44.025585],[-76.280677,43.959683],[-76.266733,43.995578],[-76.300956,44.009864],[-76.300532,44.057188],[-76.360306,44.070907],[-76.366972,44.100409],[-76.312647,44.199044],[-76.206777,44.214543],[-76.164265,44.239603],[-76.161833,44.280777],[-75.912985,44.368084],[-75.82083,44.432244],[-75.76623,44.515851],[-75.283136,44.849156],[-74.992756,44.977449],[-74.826578,45.01585],[-74.731301,44.990422],[-73.343124,45.01084],[-73.338979,44.917681],[-73.381359,44.845021],[-73.333154,44.788759],[-73.390231,44.618353],[-73.293613,44.440559],[-73.334939,44.364441],[-73.312852,44.265346],[-73.390583,44.190886],[-73.43774,44.045006],[-73.374051,43.875563],[-73.392492,43.820779],[-73.350593,43.771939],[-73.431229,43.588285],[-73.395767,43.568087],[-73.371889,43.624489],[-73.306234,43.628018],[-73.241589,43.534973],[-73.290944,42.80192],[-73.264957,42.74594],[-73.508142,42.086257],[-73.489615,42.000092],[-73.550961,41.295422],[-73.482709,41.21276],[-73.727775,41.100696],[-73.659671,40.987909],[-73.657336,40.985171]]],[[[-73.767176,40.886299],[-73.767076,40.885399],[-73.767076,40.884799],[-73.767076,40.883499],[-73.766276,40.881099],[-73.766976,40.880099],[-73.770876,40.879299],[-73.775276,40.882199],[-73.775176,40.884199],[-73.772776,40.884599],[-73.772276,40.887499],[-73.770576,40.888399],[-73.768276,40.887599],[-73.767276,40.886899],[-73.767176,40.886299]]],[[[-73.773361,40.859449],[-73.770552,40.86033],[-73.766333,40.857317],[-73.765128,40.854228],[-73.766032,40.844961],[-73.769648,40.84466],[-73.773038,40.848125],[-73.773717,40.854831],[-73.773361,40.859449]]],[[[-74.04086,40.700117],[-74.040018,40.700678],[-74.039401,40.700454],[-74.037998,40.698995],[-74.043441,40.68968],[-74.044451,40.688445],[-74.046359,40.689175],[-74.047313,40.690466],[-74.04692,40.691139],[-74.04086,40.700117]]],[[[-74.144428,40.53516],[-74.254588,40.502303],[-74.1894,40.642121],[-74.075884,40.648101],[-74.053125,40.603678],[-74.14023,40.533738],[-74.144428,40.53516]]],[[[-76.361748,44.032993],[-76.379593,44.045486],[-76.346878,44.03894],[-76.361748,44.032993]]],[[[-76.321297,44.031208],[-76.329033,44.034184],[-76.333786,44.032993],[-76.336761,44.034184],[-76.333191,44.039536],[-76.329628,44.044296],[-76.317726,44.051434],[-76.316536,44.048458],[-76.321297,44.045486],[-76.323677,44.040726],[-76.321297,44.037159],[-76.321297,44.031208]]],[[[-76.444626,43.887505],[-76.377945,43.921188],[-76.42263,43.892315],[-76.444626,43.887505]]],[[[-76.334297,43.878567],[-76.355949,43.878567],[-76.3013,43.917751],[-76.326393,43.880974],[-76.334297,43.878567]]],[[[-72.198601,41.164951],[-72.16217,41.192448],[-72.186729,41.17963],[-72.198601,41.164951]]]]}},{"type":"Feature","properties":{"state":"North Carolina","abbr":"NC"},"geometry":{"type":"MultiPolygon","coordinates":[[[[-82.602877,36.039833],[-82.610889,35.967409],[-82.557874,35.953901],[-82.355157,36.115609],[-82.213852,36.159112],[-82.147948,36.149516],[-82.127146,36.104417],[-82.033141,36.120422],[-81.908137,36.302013],[-81.800812,36.358073],[-81.707438,36.335171],[-81.739648,36.406686],[-81.695311,36.467912],[-81.707963,36.536209],[-81.677535,36.588117],[-80.122183,36.542646],[-75.867044,36.550754],[-75.77251,36.22944],[-75.533012,35.787377],[-75.648899,35.965758],[-75.723662,36.003139],[-75.75572,36.153922],[-75.845284,36.305614],[-75.85147,36.415785],[-75.907279,36.485809],[-76.003708,36.506235],[-76.031949,36.482496],[-75.962285,36.41724],[-75.923601,36.425788],[-75.923331,36.361863],[-75.86052,36.280607],[-75.793974,36.07171],[-75.867792,36.127262],[-75.922344,36.244122],[-75.96462,36.254433],[-75.956027,36.198065],[-75.904999,36.164188],[-76.016984,36.186367],[-76.132005,36.287773],[-76.184702,36.298166],[-76.080106,36.19944],[-76.064224,36.143775],[-76.178946,36.123424],[-76.274051,36.188949],[-76.191715,36.107197],[-76.216599,36.095409],[-76.373571,36.138208],[-76.447812,36.192514],[-76.303998,36.092776],[-76.410878,36.078034],[-76.514335,36.00564],[-76.580674,36.00722],[-76.689257,36.061494],[-76.721445,36.147838],[-76.693253,36.278357],[-76.7521,36.147328],[-76.679657,35.991951],[-76.691766,35.944566],[-76.528551,35.944039],[-76.398242,35.984317],[-76.340327,35.94325],[-76.213966,35.988002],[-76.062071,35.993004],[-76.014159,35.957202],[-76.063203,35.853433],[-76.029863,35.649443],[-75.9869,35.768194],[-75.9869,35.888148],[-75.927286,35.93193],[-75.947293,35.959835],[-75.84989,35.976156],[-75.782498,35.935615],[-75.727216,35.822703],[-75.729802,35.625985],[-75.775328,35.579335],[-75.895045,35.573152],[-76.020945,35.410719],[-76.059726,35.410157],[-76.069281,35.370813],[-76.149655,35.326411],[-76.485762,35.371375],[-76.540292,35.410657],[-76.586349,35.508957],[-76.476706,35.511707],[-76.471207,35.55742],[-76.634468,35.510332],[-76.596316,35.481117],[-76.571723,35.387764],[-76.905825,35.458604],[-77.024593,35.515145],[-76.966661,35.43781],[-76.923698,35.449152],[-76.664027,35.345696],[-76.500375,35.321915],[-76.467776,35.261213],[-76.60042,35.067867],[-76.801426,34.964369],[-76.982904,35.060607],[-77.048895,35.132098],[-76.977404,35.004926],[-76.762931,34.920374],[-76.635072,34.989116],[-76.502623,35.007166],[-76.463468,35.076411],[-76.395625,34.975179],[-76.326361,34.976245],[-76.364367,35.034853],[-76.24163,34.999116],[-76.33382,34.882116],[-76.400242,34.855476],[-76.524712,34.681964],[-76.586236,34.698805],[-76.584173,34.760329],[-76.620606,34.784389],[-76.616138,34.704477],[-76.674568,34.69829],[-76.519041,34.638141],[-76.322808,34.86116],[-76.069906,35.075701],[-76.035933,35.058987],[-76.386804,34.784579],[-76.535946,34.588577],[-76.549343,34.645585],[-76.676312,34.693151],[-76.990262,34.669623],[-77.209161,34.605032],[-77.556943,34.417218],[-77.829209,34.162618],[-77.959766,33.840324],[-78.018689,33.888289],[-78.17772,33.914272],[-78.383964,33.901946],[-78.541087,33.851112],[-79.675299,34.804744],[-80.797543,34.819786],[-80.782042,34.935782],[-80.93495,35.107409],[-81.041489,35.044703],[-81.043625,35.149877],[-82.27492,35.200071],[-82.371298,35.181449],[-82.39293,35.215402],[-82.439595,35.165863],[-82.683625,35.125833],[-82.757704,35.068019],[-82.787867,35.085024],[-83.108535,35.000771],[-84.321869,34.988408],[-84.29024,35.225572],[-84.223718,35.269078],[-84.188417,35.239979],[-84.052612,35.269982],[-84.02141,35.301383],[-84.020633,35.409843],[-83.880074,35.518745],[-83.771736,35.562118],[-83.485527,35.568204],[-83.35156,35.659858],[-83.297154,35.65775],[-83.251247,35.719916],[-83.159208,35.764892],[-82.964088,35.78998],[-82.899718,35.874602],[-82.898505,35.945101],[-82.804997,35.927168],[-82.776001,36.000103],[-82.637165,36.065805],[-82.606163,36.041006],[-82.602877,36.039833]]],[[[-75.675245,35.929024],[-75.62767,35.883149],[-75.620454,35.809253],[-75.675054,35.830204],[-75.663356,35.869835],[-75.727251,35.93362],[-75.686358,35.932973],[-75.675245,35.929024]]],[[[-75.528992,35.776289],[-75.458659,35.596597],[-75.527676,35.215955],[-75.610101,35.227514],[-75.769705,35.180359],[-76.013145,35.061855],[-75.98395,35.120042],[-75.535741,35.272856],[-75.47861,35.553069],[-75.533512,35.773577],[-75.528992,35.776289]]]]}},{"type":"Feature","properties":{"state":"Ohio","abbr":"OH"},"geometry":{"type":"MultiPolygon","coordinates":[[[[-82.813489,41.723468],[-82.835118,41.708971],[-82.820409,41.724549],[-82.813489,41.723468]]],[[[-82.803341,41.693837],[-82.782719,41.694003],[-82.813781,41.670594],[-82.812805,41.692002],[-82.803341,41.693837]]],[[[-82.824731,41.659428],[-82.793069,41.664692],[-82.842099,41.628323],[-82.834092,41.657121],[-82.824731,41.659428]]],[[[-82.700208,41.61219],[-82.677772,41.617986],[-82.686033,41.587246],[-82.735766,41.600982],[-82.703438,41.617734],[-82.700208,41.61219]]],[[[-82.093165,38.97098],[-82.144867,38.84048],[-82.221566,38.787187],[-82.177267,38.603784],[-82.291271,38.578983],[-82.330335,38.4445],[-82.549799,38.403202],[-82.700045,38.544336],[-82.844306,38.590862],[-82.889193,38.756076],[-83.030702,38.72572],[-83.142836,38.625076],[-83.245572,38.627936],[-83.294193,38.596588],[-83.356445,38.654009],[-83.520953,38.703045],[-83.626922,38.679387],[-83.679484,38.630036],[-83.769347,38.65522],[-83.873168,38.762418],[-84.212904,38.805707],[-84.304698,39.006455],[-84.42573,39.053059],[-84.455342,39.12036],[-84.607928,39.073238],[-84.744149,39.147458],[-84.820157,39.10548],[-84.806082,41.696089],[-83.453832,41.732647],[-83.409531,41.691247],[-83.326825,41.701562],[-83.086036,41.60668],[-82.934369,41.514353],[-82.875229,41.529684],[-82.834101,41.587587],[-82.785496,41.540675],[-82.717878,41.54193],[-82.713904,41.501697],[-82.616952,41.428425],[-82.481214,41.381342],[-82.011966,41.515639],[-81.738755,41.48855],[-81.286925,41.760243],[-80.519425,41.977523],[-80.518991,40.638801],[-80.627171,40.619936],[-80.667957,40.582496],[-80.595494,40.475266],[-80.633596,40.390467],[-80.599895,40.317669],[-80.738604,40.075672],[-80.756432,39.91393],[-80.806018,39.91713],[-80.790761,39.86728],[-80.869092,39.766364],[-80.831871,39.705655],[-80.863698,39.691724],[-80.88036,39.620706],[-80.970436,39.590127],[-81.217315,39.38759],[-81.375961,39.341697],[-81.456143,39.409274],[-81.557547,39.338774],[-81.570247,39.267675],[-81.689483,39.266043],[-81.692395,39.226443],[-81.755754,39.180976],[-81.745453,39.098078],[-81.813855,39.079278],[-81.764253,39.015279],[-81.762659,38.924121],[-81.827354,38.945898],[-81.898541,38.874582],[-81.928,38.893492],[-81.89847,38.929603],[-81.918214,38.966595],[-82.002261,39.027878],[-82.091565,38.973778],[-82.093165,38.97098]]]]}},{"type":"Feature","properties":{"state":"Pennsylvania","abbr":"PA"},"geometry":{"type":"Polygon","coordinates":[[[-75.415041,39.801786],[-75.617251,39.833999],[-75.788359,39.721811],[-80.519342,39.721403],[-80.519425,41.977523],[-80.188085,42.094257],[-80.117368,42.166341],[-80.06108,42.144857],[-79.761951,42.26986],[-79.761374,41.999067],[-75.346568,41.995324],[-75.279094,41.938917],[-75.260527,41.8638],[-75.170565,41.871608],[-75.072172,41.813732],[-75.10464,41.774203],[-75.053431,41.752538],[-75.044224,41.617978],[-75.074613,41.605711],[-74.983341,41.480894],[-74.912517,41.475605],[-74.893913,41.43893],[-74.738455,41.430641],[-74.689516,41.363843],[-74.79504,41.320407],[-74.882139,41.180836],[-74.991718,41.092284],[-74.968389,41.087797],[-75.130575,40.991093],[-75.051029,40.865662],[-75.095784,40.847082],[-75.108505,40.791094],[-75.196533,40.751631],[-75.20392,40.691498],[-75.176803,40.675715],[-75.192352,40.574257],[-75.068615,40.542223],[-75.058848,40.418065],[-74.965508,40.397337],[-74.939711,40.338006],[-74.722604,40.15001],[-74.822307,40.12671],[-75.12692,39.961112],[-75.145421,39.884213],[-75.403737,39.807512],[-75.415041,39.801786]]]}},{"type":"Feature","properties":{"state":"Rhode Island","abbr":"RI"},"geometry":{"type":"MultiPolygon","coordinates":[[[[-71.281571,41.648207],[-71.278171,41.647309],[-71.274315,41.638125],[-71.283791,41.637797],[-71.286755,41.642725],[-71.283005,41.644434],[-71.281571,41.648207]]],[[[-71.3312,41.580318],[-71.325877,41.623988],[-71.366165,41.66098],[-71.30555,41.622523],[-71.326103,41.578583],[-71.3312,41.580318]]],[[[-71.12057,41.497448],[-71.196857,41.461116],[-71.21616,41.62549],[-71.240709,41.619225],[-71.24071,41.474872],[-71.362743,41.460379],[-71.316519,41.47756],[-71.330831,41.518364],[-71.271862,41.623986],[-71.19564,41.67509],[-71.132888,41.660102],[-71.1224,41.522156],[-71.12057,41.497448]]],[[[-71.326769,41.491286],[-71.325365,41.487601],[-71.327822,41.482985],[-71.343013,41.495615],[-71.341122,41.498598],[-71.326769,41.491286]]],[[[-71.383586,41.464782],[-71.399568,41.448596],[-71.370194,41.573963],[-71.354315,41.478891],[-71.380947,41.474561],[-71.383586,41.464782]]],[[[-71.224798,41.710498],[-71.25956,41.642595],[-71.280366,41.672575],[-71.301396,41.649978],[-71.31482,41.723808],[-71.353748,41.724702],[-71.37791,41.666646],[-71.449318,41.687401],[-71.409302,41.662643],[-71.40377,41.589321],[-71.447712,41.5804],[-71.417621,41.477934],[-71.479867,41.361125],[-71.555381,41.373316],[-71.862772,41.309791],[-71.829595,41.344544],[-71.842563,41.409855],[-71.797683,41.416709],[-71.799242,42.008065],[-71.381401,42.018798],[-71.3817,41.893199],[-71.338698,41.898399],[-71.340697,41.7983],[-71.225791,41.711701],[-71.224798,41.710498]]],[[[-71.58955,41.196557],[-71.561093,41.224207],[-71.547051,41.153684],[-71.611706,41.153239],[-71.594994,41.188392],[-71.58955,41.196557]]]]}},{"type":"Feature","properties":{"state":"Tennessee","abbr":"TN"},"geometry":{"type":"Polygon","coordinates":[[[-81.677535,36.588117],[-81.707963,36.536209],[-81.695311,36.467912],[-81.739648,36.406686],[-81.707438,36.335171],[-81.800812,36.358073],[-81.908137,36.302013],[-82.033141,36.120422],[-82.127146,36.104417],[-82.147948,36.149516],[-82.213852,36.159112],[-82.355157,36.115609],[-82.557874,35.953901],[-82.610889,35.967409],[-82.594873,36.029598],[-82.637165,36.065805],[-82.776001,36.000103],[-82.804997,35.927168],[-82.898505,35.945101],[-82.899718,35.874602],[-82.992053,35.773948],[-83.07403,35.790016],[-83.159208,35.764892],[-83.251247,35.719916],[-83.297154,35.65775],[-83.35156,35.659858],[-83.498335,35.562981],[-83.771736,35.562118],[-83.880074,35.518745],[-84.020633,35.409843],[-84.02141,35.301383],[-84.052612,35.269982],[-84.188417,35.239979],[-84.223718,35.269078],[-84.29024,35.225572],[-84.321869,34.988408],[-90.309297,34.995694],[-90.291996,35.041793],[-90.200124,35.032813],[-90.160058,35.12883],[-90.065392,35.137691],[-90.117393,35.18789],[-90.07875,35.227806],[-90.168794,35.279088],[-90.109093,35.304987],[-90.074992,35.384152],[-90.130475,35.413745],[-90.13551,35.376668],[-90.179265,35.385194],[-90.098719,35.478595],[-90.041563,35.39662],[-90.032938,35.55344],[-89.909022,35.520548],[-89.956749,35.590511],[-89.851176,35.657432],[-89.931036,35.660044],[-89.956254,35.733386],[-89.821216,35.756716],[-89.781793,35.805084],[-89.706085,35.81826],[-89.772467,35.865098],[-89.741241,35.906749],[-89.64727,35.89492],[-89.733095,36.000608],[-89.592206,36.15012],[-89.705328,36.239898],[-89.534745,36.252576],[-89.620255,36.323006],[-89.513178,36.359897],[-89.5391,36.498201],[-89.485106,36.497692],[-89.471718,36.457001],[-89.417293,36.499033],[-89.300284,36.507147],[-88.053205,36.497129],[-88.032489,36.540662],[-88.070532,36.678118],[-87.849567,36.663701],[-87.853204,36.633247],[-86.507771,36.652445],[-83.690714,36.582581],[-81.6469,36.611918],[-81.677535,36.588117]]]}},{"type":"Feature","properties":{"state":"Texas","abbr":"TX"},"geometry":{"type":"MultiPolygon","coordinates":[[[[-97.134356,27.896329],[-97.107588,27.88888],[-97.134685,27.89577],[-97.134356,27.896329]]],[[[-96.849624,28.064939],[-97.001441,27.911442],[-97.166682,27.676583],[-97.30447,27.407734],[-97.363401,27.210366],[-97.364726,26.871693],[-97.194644,26.306513],[-97.161462,26.06764],[-97.214885,26.353606],[-97.387459,26.820789],[-97.361796,27.359988],[-97.239784,27.634652],[-97.214099,27.631551],[-97.103326,27.789068],[-97.092589,27.819183],[-97.134489,27.825206],[-97.056713,27.842294],[-96.879424,28.131402],[-96.827049,28.112417],[-96.816443,28.174808],[-96.703838,28.198246],[-96.592934,28.296972],[-96.388277,28.382254],[-96.439099,28.319052],[-96.758141,28.136873],[-96.849624,28.064939]]],[[[-95.016627,29.558487],[-94.999581,29.521093],[-94.909465,29.496838],[-94.930861,29.450504],[-94.8908,29.433432],[-94.86379,29.368525],[-94.903985,29.295357],[-94.932539,29.282032],[-94.935394,29.314869],[-95.030097,29.213028],[-95.099101,29.173529],[-95.148594,29.192564],[-95.16525,29.113566],[-95.136221,29.084537],[-94.824953,29.306005],[-94.810696,29.353435],[-94.72253,29.331446],[-95.081773,29.111222],[-95.38239,28.866348],[-96.220376,28.491966],[-96.379702,28.386881],[-96.21505,28.509679],[-95.98616,28.606319],[-95.978526,28.650594],[-96.228909,28.580873],[-96.230944,28.641433],[-96.19125,28.69436],[-96.222802,28.698431],[-96.487943,28.569677],[-96.499648,28.635835],[-96.572649,28.636412],[-96.559699,28.691306],[-96.584127,28.722859],[-96.648758,28.709627],[-96.611099,28.585962],[-96.526111,28.557972],[-96.403973,28.44245],[-96.672677,28.335579],[-96.705247,28.348811],[-96.710336,28.406827],[-96.840881,28.428054],[-96.854562,28.411993],[-96.794555,28.365683],[-96.800413,28.224128],[-96.962755,28.123365],[-96.928965,28.193507],[-96.942052,28.248235],[-96.9712,28.132831],[-97.027014,28.148408],[-97.037008,28.185528],[-97.214039,28.087494],[-97.137897,28.030387],[-97.053188,28.121758],[-97.022806,28.107588],[-97.025859,28.041939],[-97.187183,27.824126],[-97.273698,27.881633],[-97.354614,27.849572],[-97.345073,27.875909],[-97.480226,27.855921],[-97.470709,27.830223],[-97.379042,27.837867],[-97.393291,27.782905],[-97.368355,27.741683],[-97.253955,27.696696],[-97.401942,27.335574],[-97.508304,27.275014],[-97.544437,27.284175],[-97.498126,27.308602],[-97.493492,27.377947],[-97.609068,27.285193],[-97.699315,27.369024],[-97.628916,27.242953],[-97.520009,27.231248],[-97.42408,27.264073],[-97.447856,27.092602],[-97.452324,27.115217],[-97.495836,27.094098],[-97.478533,26.999186],[-97.555378,26.99028],[-97.563266,26.842188],[-97.471663,26.758727],[-97.416955,26.553637],[-97.441383,26.455418],[-97.369627,26.394603],[-97.391001,26.332262],[-97.330441,26.350582],[-97.354359,26.313941],[-97.343927,26.267376],[-97.311866,26.273737],[-97.295072,26.108342],[-97.199651,26.077044],[-97.216954,25.993838],[-97.167208,26.007069],[-97.18273,26.053126],[-97.152009,26.062108],[-97.145567,25.971132],[-97.350398,25.925241],[-97.372864,25.840117],[-97.422636,25.840378],[-97.454727,25.879337],[-97.521762,25.886458],[-97.649176,26.021499],[-97.88653,26.066339],[-98.028759,26.06647],[-98.039239,26.041275],[-98.080495,26.070932],[-98.197046,26.056153],[-98.450976,26.219904],[-98.599154,26.257612],[-98.669397,26.23632],[-98.807348,26.369421],[-98.890965,26.357569],[-99.032316,26.412082],[-99.085126,26.398782],[-99.113808,26.434002],[-99.105031,26.500335],[-99.170704,26.540316],[-99.208907,26.724761],[-99.268613,26.843213],[-99.446524,27.023008],[-99.441549,27.24992],[-99.537771,27.316073],[-99.504837,27.338289],[-99.480419,27.481596],[-99.52832,27.498896],[-99.512219,27.568094],[-99.596231,27.639858],[-99.711511,27.658365],[-99.813086,27.773952],[-99.841708,27.766464],[-99.937142,27.940537],[-99.931812,27.980967],[-99.991447,27.99456],[-100.083393,28.144035],[-100.208059,28.190383],[-100.220284,28.23221],[-100.293468,28.278475],[-100.368288,28.477196],[-100.333814,28.499252],[-100.38886,28.515748],[-100.398385,28.584884],[-100.500354,28.66196],[-100.53583,28.805888],[-100.640568,28.914212],[-100.674656,29.099777],[-100.772649,29.168492],[-100.797671,29.246943],[-101.010614,29.368669],[-101.060151,29.458661],[-101.254895,29.520342],[-101.242023,29.592512],[-101.307332,29.587847],[-101.311219,29.648491],[-101.361756,29.657821],[-101.415402,29.756561],[-101.475269,29.780663],[-101.522695,29.759671],[-101.546797,29.796991],[-101.646418,29.754304],[-101.852604,29.801895],[-102.115682,29.79239],[-102.18615,29.848462],[-102.320619,29.87898],[-102.364542,29.845387],[-102.386678,29.76688],[-102.508313,29.783219],[-102.539417,29.751629],[-102.677192,29.738261],[-102.808692,29.522319],[-102.843021,29.357988],[-102.883722,29.348059],[-102.906296,29.260011],[-102.866846,29.225015],[-102.994653,29.17962],[-103.100266,29.0577],[-103.115328,28.98527],[-103.28119,28.982138],[-103.334819,29.039801],[-103.361998,29.018914],[-103.427754,29.042334],[-103.558679,29.154962],[-103.697314,29.177194],[-103.816642,29.270927],[-104.038282,29.320156],[-104.166563,29.399352],[-104.235847,29.496744],[-104.338113,29.519967],[-104.507568,29.639624],[-104.679772,29.924659],[-104.706874,30.050685],[-104.687296,30.179464],[-104.859521,30.390413],[-104.924796,30.604832],[-104.972071,30.61026],[-105.006801,30.686039],[-105.062334,30.686303],[-105.195144,30.792138],[-105.394242,30.852979],[-105.399609,30.888941],[-105.55743,30.990229],[-105.60333,31.082625],[-105.773257,31.166897],[-105.953943,31.364749],[-106.205827,31.465976],[-106.381039,31.73211],[-106.451541,31.764808],[-106.489542,31.748408],[-106.605267,31.827912],[-106.645646,31.895649],[-106.611846,31.920003],[-106.639529,31.980348],[-106.595333,32.000778],[-103.064423,32.000518],[-103.041924,36.500439],[-100.000406,36.499702],[-100.000381,34.560509],[-99.923211,34.574552],[-99.696462,34.381036],[-99.600026,34.374688],[-99.569696,34.418418],[-99.40296,34.373481],[-99.394956,34.442099],[-99.358795,34.455863],[-99.213135,34.340369],[-99.189511,34.214312],[-99.043471,34.198208],[-98.987294,34.221223],[-98.757037,34.124633],[-98.599789,34.160571],[-98.486328,34.062598],[-98.414426,34.085074],[-98.364023,34.157109],[-98.16912,34.114171],[-98.109462,34.154111],[-98.089755,34.128211],[-98.120208,34.072127],[-98.088203,34.005481],[-97.94573,33.989839],[-97.98454,33.900703],[-97.967777,33.88243],[-97.834333,33.857671],[-97.671772,33.99137],[-97.589598,33.953554],[-97.587441,33.902479],[-97.460376,33.903948],[-97.462857,33.841772],[-97.426493,33.819398],[-97.368744,33.821471],[-97.33294,33.87444],[-97.255636,33.863698],[-97.210921,33.916064],[-97.166629,33.847311],[-97.205431,33.801488],[-97.126102,33.716941],[-97.086195,33.743933],[-97.092112,33.804097],[-96.985567,33.886522],[-96.981337,33.956378],[-96.973807,33.935697],[-96.9163,33.957798],[-96.875281,33.860505],[-96.794276,33.868886],[-96.761588,33.824406],[-96.699574,33.839049],[-96.667187,33.91694],[-96.587934,33.894784],[-96.62929,33.845488],[-96.526655,33.820891],[-96.500268,33.772583],[-96.422643,33.776041],[-96.348306,33.686379],[-96.292482,33.766419],[-96.178059,33.760518],[-96.14807,33.837799],[-96.019599,33.840566],[-95.935198,33.887101],[-95.837516,33.83564],[-95.805149,33.861304],[-95.772067,33.843817],[-95.756367,33.892625],[-95.696962,33.885218],[-95.599678,33.934247],[-95.559414,33.930179],[-95.545197,33.880294],[-95.287865,33.874946],[-95.226393,33.961954],[-95.1247,33.934675],[-95.046568,33.862565],[-94.968895,33.860916],[-94.8693,33.745871],[-94.768057,33.753446],[-94.732384,33.700254],[-94.57962,33.677623],[-94.520725,33.616567],[-94.448637,33.642766],[-94.471974,33.602665],[-94.412175,33.568691],[-94.382887,33.583268],[-94.386086,33.544923],[-94.309582,33.551673],[-94.287025,33.58241],[-94.275601,33.557964],[-94.242777,33.589709],[-94.250197,33.556765],[-94.196395,33.555123],[-94.217198,33.580737],[-94.183913,33.594682],[-94.128658,33.550952],[-94.082641,33.575492],[-94.04345,33.552253],[-94.041833,31.992402],[-93.904766,31.890599],[-93.822598,31.773559],[-93.802452,31.693186],[-93.834924,31.586211],[-93.798087,31.534044],[-93.726736,31.5116],[-93.749476,31.46869],[-93.671644,31.393352],[-93.68688,31.305166],[-93.620343,31.271025],[-93.600308,31.176158],[-93.533307,31.184463],[-93.551034,31.091111],[-93.516407,31.02955],[-93.571906,30.987614],[-93.526245,30.939411],[-93.567788,30.888302],[-93.561666,30.807739],[-93.740253,30.539569],[-93.6978,30.440583],[-93.757654,30.390423],[-93.765822,30.333318],[-93.706608,30.281187],[-93.720946,30.209852],[-93.688212,30.141376],[-93.734085,30.08613],[-93.699396,30.05925],[-93.927992,29.80964],[-93.837971,29.690619],[-93.852868,29.675885],[-94.001406,29.681486],[-94.132577,29.646217],[-94.594853,29.467903],[-94.761491,29.361883],[-94.783131,29.375642],[-94.681541,29.471389],[-94.479899,29.549612],[-94.553988,29.573882],[-94.780938,29.531093],[-94.693154,29.694453],[-94.740919,29.787081],[-94.816085,29.75671],[-94.893107,29.661336],[-94.965963,29.70033],[-94.941336,29.613798],[-94.980113,29.679067],[-95.015636,29.639457],[-94.982706,29.601344],[-95.00767,29.574257],[-95.016627,29.558487]]],[[[-97.099533,27.839664],[-97.067413,27.914618],[-97.050758,27.884874],[-97.081688,27.843233],[-97.099533,27.839664]]],[[[-97.230629,27.828465],[-97.268982,27.873949],[-97.228951,27.830351],[-97.230629,27.828465]]],[[[-97.214279,27.806458],[-97.142387,27.821758],[-97.203377,27.807295],[-97.214279,27.806458]]],[[[-97.231522,27.640894],[-97.246468,27.682484],[-97.220863,27.67561],[-97.231522,27.640894]]],[[[-97.453094,27.054054],[-97.45166,27.085464],[-97.450233,27.061193],[-97.453094,27.054054]]],[[[-97.463081,27.04311],[-97.473557,27.043585],[-97.475456,27.045488],[-97.473557,27.066904],[-97.47213,27.069759],[-97.466415,27.065952],[-97.462608,27.053579],[-97.463081,27.04311]]],[[[-97.458328,27.003611],[-97.468796,27.040255],[-97.454994,27.007418],[-97.458328,27.003611]]],[[[-97.473076,26.970297],[-97.454041,27.000755],[-97.467842,26.971251],[-97.473076,26.970297]]]]}},{"type":"Feature","properties":{"state":"Utah","abbr":"UT"},"geometry":{"type":"Polygon","coordinates":[[[-114.0506,37.000396],[-114.041723,41.99372],[-111.046689,42.001567],[-111.046723,40.997959],[-109.050076,41.000659],[-109.045223,36.999084],[-113.965907,37.000025],[-114.0506,37.000396]]]}},{"type":"Feature","properties":{"state":"Washington","abbr":"WA"},"geometry":{"type":"MultiPolygon","coordinates":[[[[-123.090546,49.001976],[-123.021459,48.977299],[-123.084498,48.986535],[-123.090546,49.001976]]],[[[-123.025486,48.717966],[-123.005086,48.694342],[-123.042337,48.675663],[-123.070427,48.699971],[-123.040179,48.717296],[-123.025486,48.717966]]],[[[-122.695907,48.737273],[-122.609576,48.645018],[-122.718833,48.716818],[-122.70306,48.743602],[-122.695907,48.737273]]],[[[-122.699266,48.621115],[-122.657016,48.609891],[-122.686136,48.613267],[-122.699266,48.621115]]],[[[-122.714512,48.60878],[-122.670638,48.568812],[-122.68944,48.543903],[-122.722407,48.540606],[-122.72493,48.603263],[-122.714512,48.60878]]],[[[-122.649405,48.588457],[-122.572967,48.529028],[-122.649256,48.528769],[-122.652385,48.583432],[-122.649405,48.588457]]],[[[-122.321721,48.019977],[-122.303455,48.005603],[-122.328343,48.021335],[-122.321721,48.019977]]],[[[-122.519535,48.288314],[-122.618466,48.294159],[-122.66921,48.240614],[-122.732326,48.229458],[-122.606406,48.208262],[-122.541525,48.017745],[-122.51145,48.038711],[-122.525422,48.096537],[-122.376259,48.034457],[-122.349597,47.958796],[-122.380497,47.904023],[-122.431035,47.914732],[-122.47266,47.988449],[-122.546824,47.967215],[-122.542924,47.996404],[-122.607342,48.030992],[-122.609568,48.15186],[-122.679556,48.155113],[-122.770045,48.224395],[-122.664659,48.401508],[-122.60198,48.409907],[-122.585162,48.353304],[-122.505828,48.297677],[-122.519535,48.288314]]],[[[-116.915989,45.995413],[-118.987129,45.999855],[-119.12612,45.932859],[-119.600549,45.919581],[-119.669877,45.856867],[-119.965744,45.824365],[-120.210754,45.725951],[-120.482362,45.694449],[-120.634968,45.745847],[-120.895575,45.642945],[-121.06437,45.652549],[-121.145534,45.607886],[-121.196556,45.616689],[-121.215779,45.671238],[-121.533106,45.726541],[-121.867167,45.693277],[-121.983038,45.622812],[-122.266701,45.543841],[-122.675008,45.618039],[-122.774511,45.680437],[-122.761451,45.759163],[-122.795605,45.81],[-122.813998,45.960984],[-122.904119,46.083734],[-123.004233,46.133823],[-123.166414,46.188973],[-123.280166,46.144843],[-123.371433,46.146372],[-123.430847,46.181827],[-123.427629,46.229348],[-123.474844,46.267831],[-123.669501,46.266832],[-123.700764,46.305278],[-123.875525,46.239787],[-124.001264,46.31326],[-124.082187,46.269159],[-124.06905,46.647258],[-124.023566,46.582559],[-124.026032,46.462978],[-123.990615,46.463019],[-123.983688,46.498542],[-123.943667,46.477197],[-123.894254,46.537028],[-123.960642,46.636364],[-123.84621,46.716795],[-123.898641,46.750205],[-124.003458,46.702337],[-124.092176,46.741624],[-124.138225,46.905534],[-124.093392,46.901168],[-124.073113,46.861493],[-123.985082,46.921916],[-123.86018,46.948556],[-124.012218,46.985176],[-124.026345,47.030187],[-124.122057,47.04165],[-124.151288,47.021112],[-124.124386,46.94387],[-124.180111,46.926357],[-124.182802,47.134041],[-124.236349,47.287287],[-124.319379,47.355559],[-124.425195,47.738434],[-124.489737,47.816988],[-124.625512,47.887963],[-124.672427,47.964414],[-124.687101,48.098657],[-124.733174,48.163393],[-124.65894,48.331057],[-124.731828,48.381157],[-124.597331,48.381882],[-124.395593,48.288772],[-123.981032,48.164761],[-123.702743,48.166783],[-123.332699,48.11297],[-123.239129,48.118217],[-123.100656,48.186058],[-123.143229,48.156633],[-123.038727,48.081138],[-122.917942,48.091535],[-122.926851,48.064593],[-122.860994,48.025286],[-122.871992,47.993493],[-122.827482,48.046768],[-122.890313,48.076866],[-122.876282,48.110877],[-122.760447,48.14324],[-122.748911,48.117026],[-122.801399,48.087561],[-122.748532,48.030138],[-122.733257,48.091232],[-122.68724,48.101662],[-122.669868,48.017217],[-122.729112,48.019741],[-122.718082,47.987739],[-122.610341,47.887343],[-122.69376,47.868002],[-122.688596,47.831438],[-122.748061,47.800546],[-122.770684,47.692234],[-122.811929,47.679861],[-122.832139,47.695511],[-122.790619,47.792597],[-122.820178,47.835904],[-122.818803,47.788473],[-122.899498,47.652233],[-122.97244,47.6149],[-123.15598,47.355745],[-123.111298,47.362619],[-123.120234,47.39149],[-122.967284,47.585685],[-122.754186,47.671612],[-122.714801,47.768176],[-122.573672,47.857582],[-122.617022,47.938987],[-122.549072,47.919072],[-122.470333,47.757109],[-122.554454,47.745704],[-122.504604,47.699136],[-122.479089,47.583654],[-122.543118,47.556326],[-122.546611,47.52355],[-122.494882,47.510265],[-122.575985,47.32642],[-122.547521,47.285344],[-122.585826,47.253852],[-122.692426,47.280026],[-122.632463,47.376394],[-122.671486,47.366876],[-122.74525,47.297158],[-122.714908,47.220928],[-122.75905,47.166288],[-122.832799,47.243412],[-122.795694,47.305962],[-122.813778,47.362593],[-122.863732,47.270221],[-122.838298,47.208353],[-122.85994,47.165574],[-122.814238,47.179482],[-122.775056,47.123114],[-122.67813,47.103866],[-122.590829,47.178107],[-122.527586,47.291531],[-122.547408,47.317734],[-122.4442,47.266723],[-122.409199,47.288556],[-122.443008,47.306333],[-122.324833,47.348521],[-122.421139,47.57602],[-122.339513,47.599113],[-122.429841,47.658919],[-122.37314,47.729219],[-122.394944,47.803318],[-122.33595,47.852306],[-122.307048,47.949117],[-122.230046,47.970917],[-122.224979,48.016626],[-122.343241,48.097631],[-122.396121,48.229233],[-122.449605,48.232598],[-122.479008,48.175703],[-122.358375,48.056133],[-122.512031,48.133931],[-122.530996,48.249821],[-122.406516,48.25183],[-122.371693,48.287839],[-122.533452,48.383409],[-122.557298,48.444438],[-122.649839,48.408526],[-122.678928,48.439466],[-122.657753,48.47294],[-122.712322,48.464143],[-122.684521,48.509123],[-122.606961,48.522152],[-122.537355,48.466749],[-122.471832,48.470724],[-122.504428,48.564775],[-122.560287,48.583165],[-122.478431,48.559303],[-122.425271,48.599522],[-122.500308,48.656163],[-122.519172,48.713095],[-122.490401,48.751128],[-122.535803,48.776128],[-122.637146,48.735708],[-122.615169,48.693839],[-122.673472,48.733082],[-122.646777,48.785011],[-122.709815,48.786205],[-122.717073,48.84719],[-122.793175,48.892927],[-122.746596,48.930731],[-122.821631,48.941369],[-122.75802,49.002357],[-117.032351,48.999188],[-117.034696,46.418318],[-117.062748,46.353624],[-116.986688,46.296662],[-116.965841,46.203417],[-116.92187,46.167808],[-116.982479,46.089389],[-116.91718,45.996575],[-116.915989,45.995413]]],[[[-122.948013,48.781059],[-122.971039,48.789654],[-122.939072,48.785873],[-122.948013,48.781059]]],[[[-122.896797,48.746002],[-122.918449,48.766968],[-122.883392,48.748066],[-122.896797,48.746002]]],[[[-122.830803,48.743252],[-122.846619,48.746002],[-122.847305,48.747723],[-122.842834,48.75116],[-122.818436,48.744629],[-122.830803,48.743252]]],[[[-122.756889,48.694714],[-122.776825,48.6954],[-122.775452,48.705025],[-122.76445,48.708462],[-122.756889,48.694714]]],[[[-123.130585,48.65572],[-123.237473,48.689056],[-123.127487,48.65675],[-123.130585,48.65572]]],[[[-122.580017,48.64476],[-122.583824,48.645237],[-122.581924,48.648094],[-122.585251,48.649521],[-122.592865,48.649998],[-122.593346,48.651424],[-122.587158,48.655231],[-122.586678,48.660465],[-122.583824,48.659988],[-122.577637,48.647617],[-122.580017,48.64476]]],[[[-123.105148,48.633377],[-123.163925,48.647812],[-123.116493,48.639565],[-123.105148,48.633377]]],[[[-123.045097,48.609428],[-123.052231,48.612759],[-123.053665,48.618469],[-123.048424,48.621799],[-123.041763,48.619419],[-123.037956,48.615612],[-123.037956,48.610855],[-123.045097,48.609428]]],[[[-122.60276,48.605293],[-122.610847,48.60672],[-122.614655,48.611004],[-122.613228,48.614334],[-122.609901,48.615765],[-122.600861,48.614334],[-122.598,48.611481],[-122.59848,48.607674],[-122.60276,48.605293]]],[[[-122.885674,48.588013],[-122.946587,48.59515],[-122.981804,48.638931],[-122.971329,48.602287],[-123.004646,48.59182],[-123.030342,48.62989],[-122.95182,48.712219],[-122.741951,48.662251],[-122.827141,48.599911],[-122.890434,48.691757],[-122.916603,48.689377],[-122.871391,48.594673],[-122.885674,48.588013]]],[[[-122.872704,48.418011],[-122.895309,48.420982],[-122.866165,48.441208],[-122.926247,48.437046],[-122.945282,48.465599],[-122.885796,48.573269],[-122.841774,48.539955],[-122.871513,48.50486],[-122.848915,48.448349],[-122.82869,48.5233],[-122.769203,48.509617],[-122.816193,48.482254],[-122.801918,48.425148],[-122.853668,48.419792],[-122.872704,48.418011]]],[[[-122.950996,48.117981],[-122.908638,48.127975],[-122.942429,48.119884],[-122.950996,48.117981]]],[[[-122.485474,47.528774],[-122.506294,47.544243],[-122.479523,47.541862],[-122.485474,47.528774]]],[[[-122.493126,47.330254],[-122.52813,47.345543],[-122.526733,47.398582],[-122.474686,47.511066],[-122.433388,47.466431],[-122.437653,47.407425],[-122.373627,47.388718],[-122.491066,47.332428],[-122.493126,47.330254]]],[[[-122.838051,47.25528],[-122.841858,47.25766],[-122.841377,47.26432],[-122.840431,47.268604],[-122.832336,47.272888],[-122.82663,47.271935],[-122.826149,47.269558],[-122.830437,47.261944],[-122.83329,47.255756],[-122.838051,47.25528]]],[[[-122.60849,47.216911],[-122.666786,47.276993],[-122.58886,47.237137],[-122.602539,47.217506],[-122.60849,47.216911]]],[[[-122.679276,47.190144],[-122.726868,47.207394],[-122.685226,47.232376],[-122.647751,47.197281],[-122.679276,47.190144]]],[[[-122.639122,47.146301],[-122.639603,47.147251],[-122.638649,47.155342],[-122.634369,47.16391],[-122.631989,47.16724],[-122.628654,47.165337],[-122.628181,47.161053],[-122.629608,47.154388],[-122.635315,47.148205],[-122.639122,47.146301]]],[[[-122.701286,47.124706],[-122.742928,47.151474],[-122.705452,47.187168],[-122.673927,47.174675],[-122.694748,47.125896],[-122.701286,47.124706]]],[[[-122.821754,48.587814],[-122.821754,48.590908],[-122.814537,48.601219],[-122.804573,48.597782],[-122.803886,48.596405],[-122.80423,48.594345],[-122.821754,48.587814]]],[[[-122.94944,48.545658],[-123.013214,48.587536],[-122.902802,48.580399],[-122.939926,48.551846],[-122.94944,48.545658]]],[[[-122.807686,48.531322],[-122.824341,48.583668],[-122.77021,48.552143],[-122.807686,48.531322]]],[[[-122.547516,48.519272],[-122.552795,48.523026],[-122.552917,48.527485],[-122.548744,48.528912],[-122.54351,48.526058],[-122.542709,48.522087],[-122.547516,48.519272]]],[[[-122.964912,48.449539],[-123.142776,48.505455],[-123.195717,48.607773],[-123.105301,48.622643],[-122.969673,48.534603],[-123.017258,48.495342],[-122.962532,48.45013],[-122.964912,48.449539]]]]}},{"type":"Feature","properties":{"state":"Wisconsin","abbr":"WI"},"geometry":{"type":"MultiPolygon","coordinates":[[[[-90.455251,47.024],[-90.449075,47.066013],[-90.39383,47.075941],[-90.413428,47.01317],[-90.457453,47.012783],[-90.455251,47.024]]],[[[-90.55328,46.916674],[-90.654805,46.919259],[-90.511623,46.961407],[-90.549104,46.915461],[-90.55328,46.916674]]],[[[-90.783086,46.772939],[-90.622048,46.872872],[-90.568874,46.847252],[-90.788515,46.753313],[-90.783086,46.772939]]],[[[-86.94751,45.366434],[-86.937393,45.420966],[-86.805868,45.412903],[-86.899891,45.295185],[-86.946297,45.35869],[-86.94751,45.366434]]],[[[-87.500105,45.058167],[-87.501572,45.058602],[-87.504281,45.059198],[-87.506055,45.059428],[-87.506184,45.059565],[-87.506054,45.059702],[-87.50428,45.060067],[-87.503602,45.060272],[-87.50244,45.060706],[-87.500603,45.061094],[-87.500105,45.061117],[-87.498964,45.061231],[-87.497254,45.061278],[-87.496415,45.061072],[-87.495479,45.060661],[-87.494543,45.060044],[-87.493381,45.059107],[-87.492864,45.058376],[-87.492702,45.057805],[-87.492573,45.057736],[-87.49254,45.057462],[-87.492411,45.057233],[-87.492314,45.056936],[-87.492023,45.056502],[-87.491765,45.056273],[-87.491636,45.056227],[-87.491507,45.05609],[-87.491345,45.056022],[-87.490216,45.055222],[-87.490151,45.055039],[-87.490312,45.054948],[-87.490925,45.055039],[-87.492668,45.055792],[-87.494475,45.056523],[-87.498379,45.057733],[-87.49867,45.057779],[-87.498863,45.057847],[-87.500105,45.058167]]],[[[-90.640927,42.508302],[-90.709204,42.636078],[-90.949213,42.685573],[-91.053733,42.738238],[-91.100565,42.883078],[-91.144706,42.905964],[-91.177932,43.128875],[-91.057918,43.255366],[-91.21477,43.365874],[-91.217353,43.512474],[-91.273252,43.666623],[-91.244135,43.774667],[-91.366642,43.937463],[-91.43738,43.999962],[-91.59207,44.031372],[-91.875158,44.200575],[-91.918625,44.322671],[-91.9636,44.362112],[-92.232472,44.445434],[-92.336114,44.554004],[-92.54806,44.567792],[-92.807988,44.75147],[-92.750645,44.937299],[-92.76206,45.02432],[-92.803079,45.060978],[-92.739584,45.115598],[-92.761868,45.287013],[-92.650422,45.398507],[-92.646602,45.441635],[-92.770223,45.566939],[-92.883749,45.575483],[-92.869193,45.717568],[-92.784621,45.764196],[-92.707702,45.894901],[-92.527052,45.983245],[-92.469354,45.973811],[-92.428555,46.024241],[-92.35176,46.015685],[-92.294033,46.074377],[-92.291292,46.668142],[-92.207092,46.651941],[-92.176091,46.686341],[-92.204691,46.704041],[-92.10819,46.74914],[-91.961889,46.682539],[-91.790132,46.694675],[-91.368819,46.793836],[-91.186561,46.885732],[-91.204439,46.858816],[-91.178292,46.844259],[-91.140165,46.873201],[-91.10549,46.85762],[-90.968419,46.94391],[-90.855874,46.962232],[-90.751031,46.887963],[-90.885021,46.756341],[-90.853829,46.693457],[-90.911281,46.663083],[-90.94193,46.588419],[-90.770192,46.636127],[-90.73726,46.692267],[-90.558141,46.586384],[-90.230363,46.509705],[-90.120489,46.336852],[-89.09163,46.138505],[-88.662902,45.98873],[-88.514601,46.019926],[-88.492495,45.992157],[-88.102908,45.921869],[-88.073134,45.871952],[-88.129461,45.809288],[-87.875813,45.753888],[-87.782226,45.683053],[-87.824676,45.653211],[-87.777199,45.588499],[-87.833591,45.562529],[-87.792769,45.499967],[-87.861697,45.434473],[-87.849322,45.403872],[-87.888052,45.354697],[-87.754104,45.349442],[-87.693956,45.389893],[-87.657349,45.368752],[-87.736509,45.173389],[-87.587147,45.089495],[-87.625748,45.045157],[-87.630298,44.976865],[-87.839028,44.931718],[-87.832764,44.880939],[-87.983494,44.720196],[-87.998716,44.609288],[-88.042414,44.566589],[-88.005518,44.539216],[-87.929001,44.535993],[-87.866884,44.608434],[-87.756031,44.649129],[-87.610063,44.838384],[-87.437084,44.892718],[-87.384821,44.865532],[-87.405005,44.911806],[-87.264877,45.081361],[-87.238224,45.167259],[-87.119972,45.191103],[-87.068586,45.295134],[-86.97778,45.290684],[-86.985973,45.215872],[-87.040909,45.211535],[-87.048213,45.089124],[-87.163529,45.00489],[-87.189407,44.968632],[-87.1717,44.931476],[-87.215977,44.906597],[-87.204545,44.875593],[-87.313751,44.793766],[-87.468093,44.551925],[-87.545382,44.321385],[-87.512903,44.192808],[-87.646583,44.104694],[-87.736178,43.880421],[-87.702685,43.687596],[-87.790135,43.563054],[-87.793239,43.492783],[-87.872504,43.380178],[-87.911787,43.250406],[-87.881085,43.170609],[-87.900485,43.12591],[-87.866484,43.074412],[-87.895784,43.015814],[-87.845181,42.962015],[-87.823278,42.835318],[-87.75617,42.780068],[-87.819674,42.61582],[-87.800477,42.49192],[-90.617731,42.508077],[-90.640927,42.508302]]],[[[-90.726738,47.06213],[-90.730179,47.068317],[-90.730865,47.080006],[-90.723991,47.077942],[-90.719177,47.066944],[-90.726738,47.06213]]],[[[-90.588898,47.060211],[-90.591278,47.066757],[-90.590088,47.073299],[-90.586517,47.07568],[-90.582947,47.073895],[-90.582947,47.069138],[-90.584732,47.062592],[-90.588898,47.060211]]],[[[-90.641838,47.025116],[-90.65136,47.028091],[-90.652542,47.034039],[-90.649574,47.038799],[-90.643623,47.041176],[-90.637077,47.038204],[-90.636482,47.036419],[-90.637672,47.029282],[-90.641838,47.025116]]],[[[-90.679314,47.018574],[-90.68705,47.043556],[-90.648979,47.053074],[-90.676933,47.02095],[-90.679314,47.018574]]],[[[-90.748734,46.99889],[-90.776924,47.024323],[-90.738426,47.014011],[-90.748734,46.99889]]],[[[-90.563316,46.996563],[-90.564507,47.040581],[-90.5532,46.998943],[-90.563316,46.996563]]],[[[-90.617447,46.989426],[-90.621613,46.991802],[-90.624588,47.00013],[-90.624588,47.0037],[-90.618637,47.007271],[-90.608528,47.007271],[-90.602577,47.00251],[-90.603172,46.995373],[-90.609718,46.991207],[-90.617447,46.989426]]],[[[-90.694778,46.98288],[-90.696564,47.008461],[-90.679909,46.993587],[-90.694778,46.98288]]],[[[-90.856346,46.976395],[-90.878235,46.990196],[-90.853012,46.980679],[-90.856346,46.976395]]],[[[-90.79924,46.967594],[-90.805901,46.970448],[-90.804947,46.973305],[-90.798286,46.975681],[-90.795906,46.979965],[-90.788773,46.980919],[-90.784966,46.979488],[-90.786865,46.975208],[-90.789719,46.969971],[-90.79924,46.967594]]],[[[-90.961876,46.961464],[-90.982101,46.985855],[-90.928566,47.000725],[-90.946411,46.962654],[-90.961876,46.961464]]],[[[-90.671585,46.948975],[-90.633507,46.978123],[-90.666824,46.950161],[-90.671585,46.948975]]],[[[-90.737106,46.914711],[-90.765289,46.947021],[-90.740547,46.964207],[-90.688988,46.917461],[-90.737106,46.914711]]],[[[-90.689674,46.878967],[-90.702049,46.885155],[-90.677986,46.897526],[-90.667679,46.889965],[-90.67524,46.881027],[-90.689674,46.878967]]],[[[-90.494446,46.870029],[-90.516449,46.876904],[-90.447731,46.89621],[-90.475891,46.876217],[-90.494446,46.870029]]],[[[-90.75605,46.830593],[-90.72274,46.871639],[-90.745354,46.835659],[-90.75605,46.830593]]],[[[-86.94416,45.300632],[-86.957222,45.304756],[-86.95929,45.310257],[-86.957909,45.315067],[-86.947601,45.312321],[-86.942787,45.306133],[-86.94416,45.300632]]],[[[-87.327286,45.157364],[-87.375404,45.199295],[-87.33416,45.21167],[-87.33622,45.173176],[-87.327286,45.157364]]]]}},{"type":"Feature","properties":{"state":"Maryland","abbr":"MD"},"geometry":{"type":"MultiPolygon","coordinates":[[[[-76.07147,38.203502],[-76.02217,38.177882],[-76.011544,38.072312],[-76.059304,38.095751],[-76.056811,38.125123],[-76.090872,38.11446],[-76.088639,38.192649],[-76.07147,38.203502]]],[[[-75.993905,37.953489],[-76.04653,37.953586],[-76.041668,38.032148],[-75.970168,38.015685],[-75.988879,37.960337],[-75.993905,37.953489]]],[[[-75.669711,37.950796],[-75.783815,37.972594],[-75.860727,37.91831],[-75.898316,37.925114],[-75.87319,38.034375],[-75.812913,38.058932],[-75.880515,38.075011],[-75.827674,38.133438],[-75.900355,38.14115],[-75.938484,38.109976],[-75.959616,38.137141],[-75.942375,38.187066],[-75.846377,38.210477],[-75.919448,38.264056],[-75.866331,38.351403],[-75.932348,38.309506],[-75.946414,38.23889],[-75.972212,38.2333],[-76.017364,38.309106],[-75.961944,38.332572],[-76.002282,38.374477],[-76.04958,38.309594],[-76.032044,38.216684],[-76.111296,38.286946],[-76.166154,38.290431],[-76.175783,38.261551],[-76.126623,38.242949],[-76.151035,38.234215],[-76.258189,38.318373],[-76.238611,38.350233],[-76.33636,38.492235],[-76.2473,38.523818],[-76.308321,38.571769],[-76.268633,38.597753],[-76.285262,38.626185],[-76.212427,38.606738],[-76.147158,38.63684],[-76.238685,38.735434],[-76.316146,38.729586],[-76.340341,38.671245],[-76.341302,38.751901],[-76.300889,38.82619],[-76.271575,38.851771],[-76.219328,38.812371],[-76.19109,38.82966],[-76.203638,38.928382],[-76.232038,38.942518],[-76.336104,38.905977],[-76.33103,38.86432],[-76.375086,38.839474],[-76.361727,38.939175],[-76.301847,39.039651],[-76.277478,38.982492],[-76.218929,38.970538],[-76.163988,38.999541],[-76.184207,39.046264],[-76.145174,39.092824],[-76.203383,39.085626],[-76.200666,39.01452],[-76.231765,39.018518],[-76.274637,39.16549],[-76.170422,39.332094],[-76.110527,39.372257],[-76.002408,39.367501],[-76.040962,39.394237],[-75.976747,39.444627],[-76.012312,39.453115],[-75.970337,39.557637],[-76.096072,39.536912],[-76.113929,39.486701],[-76.060989,39.447722],[-76.266365,39.353352],[-76.281578,39.302108],[-76.295678,39.350008],[-76.341443,39.354217],[-76.327579,39.314108],[-76.380662,39.299161],[-76.425281,39.205708],[-76.535885,39.211008],[-76.525785,39.177908],[-76.428681,39.131709],[-76.438928,39.052788],[-76.39408,39.011311],[-76.474198,38.972647],[-76.459479,38.907113],[-76.49368,38.910013],[-76.519442,38.863135],[-76.489878,38.838715],[-76.557535,38.744687],[-76.52718,38.727062],[-76.506023,38.50461],[-76.386229,38.382013],[-76.409291,38.325891],[-76.374481,38.296348],[-76.39932,38.259284],[-76.320136,38.138339],[-76.322093,38.036503],[-76.439841,38.138933],[-76.473266,38.103035],[-76.529868,38.134083],[-76.590637,38.214212],[-76.778625,38.22847],[-76.824889,38.301152],[-76.842139,38.254491],[-76.920932,38.291568],[-77.016371,38.445572],[-77.207312,38.359867],[-77.250172,38.382781],[-77.27422,38.48177],[-77.237724,38.55187],[-77.129084,38.614364],[-77.132501,38.673816],[-77.045498,38.714315],[-77.039498,38.791113],[-76.909395,38.892812],[-77.040999,38.99511],[-77.1199,38.934311],[-77.249803,38.985909],[-77.246003,39.024909],[-77.293105,39.046508],[-77.46145,39.075151],[-77.527282,39.146236],[-77.46021,39.228359],[-77.566596,39.306121],[-77.759615,39.337331],[-77.740012,39.401694],[-77.803249,39.437136],[-77.765993,39.495724],[-77.845666,39.498628],[-77.825357,39.529177],[-77.86368,39.515032],[-77.888945,39.55595],[-77.83633,39.56637],[-77.838008,39.606125],[-77.94194,39.61879],[-77.946182,39.584814],[-78.176625,39.695967],[-78.265088,39.619274],[-78.43025,39.62329],[-78.395317,39.584215],[-78.457187,39.587379],[-78.418777,39.548953],[-78.468639,39.516789],[-78.565929,39.519444],[-78.760196,39.582154],[-78.77686,39.604027],[-78.733553,39.615533],[-78.778477,39.62265],[-78.76584,39.648487],[-78.826009,39.588829],[-78.816764,39.561691],[-78.942293,39.480987],[-78.956751,39.440264],[-79.046276,39.483801],[-79.096517,39.472799],[-79.290236,39.299323],[-79.476037,39.203728],[-79.476662,39.721078],[-75.788359,39.721811],[-75.693521,38.460128],[-75.048939,38.451263],[-75.242266,38.027209],[-75.624341,37.994211],[-75.665012,37.949387],[-75.669711,37.950796]]],[[[-76.272255,39.274555],[-76.266411,39.290539],[-76.259712,39.292427],[-76.257988,39.287788],[-76.272255,39.274555]]],[[[-76.373039,39.236977],[-76.384697,39.242241],[-76.386932,39.249214],[-76.35585,39.260693],[-76.343826,39.257256],[-76.347603,39.249008],[-76.373039,39.236977]]],[[[-76.362511,38.748409],[-76.39035,38.757004],[-76.369728,38.777279],[-76.362511,38.748409]]]]}},{"type":"Feature","properties":{"state":"Alabama","abbr":"AL"},"geometry":{"type":"MultiPolygon","coordinates":[[[[-85.002368,31.000682],[-87.598928,30.997457],[-87.627323,30.847961],[-87.396177,30.650454],[-87.447702,30.510458],[-87.366591,30.436648],[-87.504701,30.324039],[-87.452378,30.300201],[-87.80056,30.229365],[-88.028401,30.221132],[-87.936041,30.261469],[-87.879343,30.23859],[-87.755263,30.277292],[-87.906343,30.40938],[-87.933355,30.487357],[-87.901711,30.550879],[-87.919346,30.63606],[-88.008396,30.684956],[-88.061998,30.644891],[-88.136173,30.320729],[-88.191542,30.317002],[-88.200065,30.362378],[-88.260695,30.382381],[-88.395023,30.369425],[-88.473227,31.893856],[-88.097888,34.892202],[-88.154617,34.922392],[-88.202959,35.008028],[-85.605165,34.984678],[-85.1844,32.861317],[-85.076399,32.594665],[-84.96303,32.424244],[-85.007103,32.328362],[-84.890894,32.261504],[-85.061144,32.134065],[-85.065929,31.971158],[-85.140731,31.857461],[-85.12553,31.694965],[-85.058169,31.620227],[-85.041305,31.540987],[-85.114601,31.277333],[-85.107516,31.186451],[-85.035615,31.108192],[-85.001366,31.005044],[-85.002368,31.000682]]],[[[-88.124658,30.28364],[-88.075856,30.246139],[-88.313323,30.230024],[-88.124722,30.273541],[-88.124658,30.28364]]],[[[-88.023987,30.490316],[-88.053375,30.506987],[-88.026222,30.516609],[-88.023987,30.490316]]]]}},{"type":"Feature","properties":{"state":"Alaska","abbr":"AK"},"geometry":{"type":"MultiPolygon","coordinates":[[[[-164.976199,54.134595],[-164.921307,54.128569],[-164.953165,54.078056],[-165.220871,54.101574],[-165.00791,54.134934],[-164.976199,54.134595]]],[[[-165.271048,54.095665],[-165.235149,54.062767],[-165.289109,54.040003],[-165.336836,54.070126],[-165.483373,54.075036],[-165.322268,54.094634],[-165.271048,54.095665]]],[[[-165.790523,54.171758],[-165.732602,54.148121],[-165.74311,54.122808],[-165.655573,54.1191],[-165.767173,54.065935],[-165.835433,54.080929],[-165.894444,54.032388],[-165.916235,54.065708],[-166.046438,54.044186],[-166.112242,54.122528],[-166.082028,54.175184],[-165.9832,54.221175],[-165.868192,54.214884],[-165.863518,54.166162],[-165.792569,54.181605],[-165.790523,54.171758]]],[[[-166.728918,54.003111],[-166.619754,54.001264],[-166.587393,53.959831],[-166.646786,53.923785],[-166.57509,53.879236],[-166.443699,53.909727],[-166.437083,53.955644],[-166.373689,54.01003],[-166.363792,53.954699],[-166.279407,53.982532],[-166.210964,53.933557],[-166.236513,53.881343],[-166.351999,53.858532],[-166.547438,53.749404],[-166.540531,53.715926],[-166.119922,53.855048],[-166.094147,53.8392],[-166.128226,53.81788],[-166.111317,53.776856],[-166.283267,53.684219],[-166.532639,53.630533],[-166.508939,53.582313],[-166.559117,53.605779],[-166.581011,53.530449],[-166.624343,53.543052],[-166.656234,53.487119],[-166.761175,53.514297],[-166.751645,53.443115],[-166.878087,53.429884],[-166.959082,53.455753],[-166.975314,53.425269],[-167.04821,53.448844],[-167.291831,53.364102],[-167.308126,53.33433],[-167.442804,53.321015],[-167.488215,53.269121],[-167.609903,53.2853],[-167.622173,53.250362],[-167.851511,53.308668],[-167.694484,53.388034],[-167.457366,53.442793],[-167.355624,53.424498],[-167.278827,53.478565],[-167.199966,53.463039],[-167.15852,53.503747],[-167.175189,53.524016],[-167.102305,53.515077],[-167.163196,53.613813],[-167.009635,53.635344],[-167.071823,53.66556],[-167.022385,53.715467],[-166.894976,53.717746],[-166.861769,53.659234],[-166.805874,53.665733],[-166.825408,53.704855],[-166.786692,53.705301],[-166.787318,53.734577],[-166.960681,53.776841],[-167.024981,53.757241],[-167.141966,53.826932],[-167.140992,53.866774],[-167.031252,53.945204],[-166.742587,54.015501],[-166.728918,54.003111]]],[[[-169.721744,52.947117],[-169.760725,52.971556],[-169.745743,53.02147],[-169.680033,53.035075],[-169.666078,52.997068],[-169.698274,52.958267],[-169.721744,52.947117]]],[[[-169.996712,52.891475],[-170.050274,52.857433],[-170.112853,52.902043],[-170.04656,52.923853],[-169.995982,52.902378],[-169.996712,52.891475]]],[[[-168.211705,53.256184],[-168.312376,53.215231],[-168.344468,53.155215],[-168.49749,53.035403],[-168.587808,53.027175],[-169.102465,52.824349],[-168.958983,52.886048],[-168.955144,52.933315],[-168.899512,52.935856],[-168.863402,52.966099],[-168.871387,53.003747],[-168.802241,53.027774],[-168.759691,53.081461],[-168.804901,53.120015],[-168.763331,53.182812],[-168.596432,53.272983],[-168.343994,53.26215],[-168.365388,53.309105],[-168.432734,53.33366],[-168.393473,53.37411],[-168.40418,53.416941],[-168.342127,53.475992],[-168.004624,53.566053],[-167.938981,53.526907],[-167.789164,53.519329],[-167.858337,53.43791],[-167.852217,53.378294],[-168.158943,53.26771],[-168.211705,53.256184]]],[[[-169.943521,52.861099],[-169.773504,52.89445],[-169.666512,52.864349],[-169.717762,52.774605],[-169.838232,52.81728],[-169.962883,52.789882],[-170.012487,52.831161],[-169.975345,52.858884],[-169.943521,52.861099]]],[[[172.763366,52.823656],[172.754236,52.87749],[172.640372,52.925441],[172.512996,52.905181],[172.461667,52.92716],[172.643266,53.004979],[173.107249,52.993228],[173.295399,52.926987],[173.42767,52.830763],[173.302331,52.823286],[173.224051,52.856403],[173.134521,52.784357],[172.998472,52.796979],[172.903628,52.761667],[172.809387,52.78929],[172.763366,52.823656]]],[[[173.932926,52.746649],[173.861653,52.773579],[173.940037,52.75186],[173.932926,52.746649]]],[[[174.004827,52.719857],[173.954075,52.75141],[174.021702,52.730286],[174.004827,52.719857]]],[[[-170.170683,52.784918],[-170.061868,52.773525],[-170.055363,52.745887],[-170.077734,52.720416],[-170.185684,52.723007],[-170.170683,52.784918]]],[[[174.069186,52.734888],[174.159252,52.707387],[174.066195,52.731042],[174.069186,52.734888]]],[[[-170.841936,52.558171],[-170.817943,52.636275],[-170.727717,52.679978],[-170.633753,52.697469],[-170.562734,52.674785],[-170.603862,52.601732],[-170.696488,52.598364],[-170.788495,52.54024],[-170.841936,52.558171]]],[[[-171.294554,52.451105],[-171.312658,52.493502],[-171.252053,52.529954],[-171.194639,52.498039],[-171.252316,52.449466],[-171.294554,52.451105]]],[[[173.587554,52.476785],[173.623883,52.506948],[173.772799,52.509905],[173.691601,52.445935],[173.725696,52.356579],[173.644793,52.357598],[173.588794,52.400973],[173.356103,52.405563],[173.555739,52.479472],[173.587554,52.476785]]],[[[175.911286,52.334831],[175.874353,52.371004],[175.966521,52.359728],[175.94418,52.336437],[175.911286,52.334831]]],[[[-172.633153,52.266215],[-172.574154,52.345323],[-172.448182,52.391439],[-172.302393,52.342357],[-172.414419,52.27674],[-172.616839,52.255317],[-172.633153,52.266215]]],[[[-173.602446,52.153773],[-173.49702,52.103641],[-172.958523,52.093648],[-173.548385,52.029308],[-173.718,52.063069],[-173.901075,52.049435],[-174.052296,52.1304],[-173.818277,52.105363],[-173.624771,52.152213],[-173.602446,52.153773]]],[[[-136.355431,58.222617],[-136.283886,58.223685],[-136.199875,58.154133],[-136.162108,58.218724],[-135.976386,58.202029],[-135.78338,58.286709],[-135.7351,58.240213],[-135.497911,58.168882],[-135.630741,58.035007],[-135.621582,57.984623],[-135.411777,58.145473],[-134.967723,58.047625],[-134.912854,57.979287],[-134.926395,57.921919],[-135.004952,57.884338],[-135.173712,57.919399],[-134.949436,57.805027],[-135.02337,57.780537],[-135.225158,57.777783],[-135.552802,57.902711],[-135.738556,57.931728],[-135.377758,57.802212],[-135.29156,57.737468],[-134.929726,57.759203],[-134.824891,57.500067],[-134.90268,57.459349],[-135.091216,57.466352],[-135.638023,57.70092],[-135.596978,57.650951],[-135.707561,57.664017],[-135.592778,57.602474],[-135.511012,57.595906],[-135.587475,57.568829],[-135.553903,57.45487],[-135.711401,57.36776],[-135.892131,57.408048],[-135.896979,57.440719],[-136.030458,57.52154],[-136.001717,57.544499],[-136.061747,57.592068],[-136.207876,57.638107],[-136.365052,57.828561],[-136.572045,57.918469],[-136.538708,58.093482],[-136.475811,58.101294],[-136.431574,58.071521],[-136.446286,58.11334],[-136.420449,58.131857],[-136.306057,58.127438],[-136.36138,58.214289],[-136.355431,58.222617]]],[[[-170.286318,57.128169],[-170.303963,57.15491],[-170.421867,57.161202],[-170.42041,57.19176],[-170.161647,57.229656],[-170.170848,57.1811],[-170.286318,57.128169]]],[[[-134.608358,58.173472],[-134.559241,58.195121],[-134.32736,58.14388],[-134.177467,58.15964],[-134.18937,58.083444],[-133.904874,57.807406],[-133.877568,57.734613],[-133.896846,57.685524],[-133.817662,57.629764],[-133.806003,57.583457],[-133.840838,57.576865],[-133.994964,57.719821],[-134.03082,57.818646],[-134.121337,57.871236],[-134.229237,58.016712],[-134.270913,58.013242],[-134.238294,57.966135],[-134.331569,57.998495],[-134.279221,57.911883],[-134.291429,57.857346],[-134.240198,57.870004],[-134.04537,57.675347],[-134.089875,57.660314],[-133.935976,57.614414],[-133.943417,57.561555],[-133.857368,57.463964],[-134.057115,57.474615],[-133.965546,57.433595],[-133.906657,57.444973],[-133.867279,57.36206],[-133.968495,57.303937],[-134.079763,57.345631],[-134.121795,57.324872],[-134.094447,57.27159],[-134.12088,57.240116],[-134.144008,57.256401],[-134.15539,57.208003],[-134.378359,57.115016],[-134.484288,57.036481],[-134.613952,57.013696],[-134.637378,57.136712],[-134.613357,57.157653],[-134.646773,57.226327],[-134.568147,57.227847],[-134.617081,57.261632],[-134.517279,57.314567],[-134.574114,57.341172],[-134.578511,57.400291],[-134.486023,57.372492],[-134.464032,57.392184],[-134.607557,57.513042],[-134.611177,57.563137],[-134.731798,57.721921],[-134.705869,57.828929],[-134.810674,58.045847],[-134.784927,58.096793],[-134.914857,58.214932],[-134.960502,58.403758],[-134.729861,58.273512],[-134.699956,58.161494],[-134.608911,58.171637],[-134.608358,58.173472]]],[[[-133.846128,55.904622],[-133.866988,55.845886],[-133.945619,55.896216],[-133.891851,55.93668],[-133.846763,55.91167],[-133.846128,55.904622]]],[[[-134.283312,55.925175],[-134.118062,55.914642],[-134.282453,55.828667],[-134.344418,55.843198],[-134.336063,55.926614],[-134.315782,55.923003],[-134.283312,55.925175]]],[[[-155.6341,55.925471],[-155.474363,55.913595],[-155.453133,55.88392],[-155.485235,55.818638],[-155.474764,55.741484],[-155.528099,55.705878],[-155.719803,55.71182],[-155.826207,55.759303],[-155.826071,55.818652],[-155.676747,55.907669],[-155.6341,55.925471]]],[[[-160.21178,55.455862],[-160.137032,55.450709],[-160.147993,55.377576],[-160.239304,55.413467],[-160.321132,55.393677],[-160.349526,55.420477],[-160.227504,55.46034],[-160.21178,55.455862]]],[[[-131.759896,55.381845],[-131.615361,55.288853],[-131.678417,55.297181],[-131.672468,55.251971],[-131.736119,55.223417],[-131.711729,55.191295],[-131.753965,55.125859],[-131.829585,55.191916],[-131.862162,55.289284],[-131.854297,55.421074],[-131.798555,55.399386],[-131.759896,55.381845]]],[[[-160.527687,55.342656],[-160.580088,55.302503],[-160.468969,55.180306],[-160.525226,55.129871],[-160.756587,55.195143],[-160.824468,55.120153],[-160.807558,55.168161],[-160.841917,55.20444],[-160.856621,55.318488],[-160.797147,55.381521],[-160.665927,55.399025],[-160.658867,55.315549],[-160.572716,55.388978],[-160.521399,55.380314],[-160.524665,55.35362],[-160.527687,55.342656]]],[[[-161.718614,55.154166],[-161.632391,55.104896],[-161.737922,55.054054],[-161.799113,55.084158],[-161.772265,55.1455],[-161.814984,55.098639],[-161.900685,55.142139],[-161.82784,55.178473],[-161.73781,55.161935],[-161.718614,55.154166]]],[[[-159.533457,55.184761],[-159.493398,55.155055],[-159.53363,55.083987],[-159.48498,55.05405],[-159.561459,55.079574],[-159.57764,55.044358],[-159.638905,55.038745],[-159.644938,55.085282],[-159.609049,55.090996],[-159.643313,55.133826],[-159.59382,55.122405],[-159.582399,55.212824],[-159.521096,55.253393],[-159.51235,55.208353],[-159.533457,55.184761]]],[[[-131.56956,55.284114],[-131.326852,55.169285],[-131.362319,55.155896],[-131.350575,55.067042],[-131.378572,55.017308],[-131.484995,55.010454],[-131.524942,55.059829],[-131.608818,54.996179],[-131.64213,55.011645],[-131.594978,55.125502],[-131.542193,55.138946],[-131.598454,55.179566],[-131.58907,55.273951],[-131.56956,55.284114]]],[[[-159.455311,55.061452],[-159.345276,55.059397],[-159.376813,55.031985],[-159.330164,54.976378],[-159.457995,54.94573],[-159.416786,55.000296],[-159.439851,55.030069],[-159.474847,55.011998],[-159.455434,55.035809],[-159.455311,55.061452]]],[[[-160.0179,55.15613],[-160.061469,55.200378],[-159.959305,55.168022],[-159.961209,55.208949],[-159.87969,55.290183],[-159.844622,55.243828],[-159.895326,55.217872],[-159.901569,55.156858],[-159.816419,55.178051],[-159.855444,55.100758],[-159.935749,55.120739],[-159.93099,55.066487],[-160.115775,54.985078],[-160.121347,54.949418],[-160.226967,54.864075],[-160.250814,54.929816],[-160.191494,54.940981],[-160.190062,54.969937],[-160.077872,55.0376],[-160.174366,55.052577],[-160.142286,55.084571],[-160.187261,55.118376],[-160.109925,55.114076],[-160.109864,55.160777],[-160.055642,55.11158],[-160.004129,55.134482],[-160.0179,55.15613]]],[[[-159.324364,54.928329],[-159.278696,54.948514],[-159.202857,54.9255],[-159.272354,54.864204],[-159.327873,54.884749],[-159.312733,54.918686],[-159.324364,54.928329]]],[[[-131.246018,54.989555],[-131.242771,54.929639],[-131.195411,54.918249],[-131.266049,54.859369],[-131.353233,54.859009],[-131.491504,54.930392],[-131.331016,54.995584],[-131.248909,54.99719],[-131.246018,54.989555]]],[[[-162.255031,54.978353],[-162.232962,54.890984],[-162.282944,54.841216],[-162.349315,54.836049],[-162.425244,54.885021],[-162.435473,54.929249],[-162.326811,54.98533],[-162.266743,54.982133],[-162.255031,54.978353]]],[[[-133.087587,55.429391],[-133.068551,55.443073],[-133.18336,55.484714],[-133.156566,55.563589],[-133.17676,55.586722],[-133.263042,55.568793],[-133.438933,55.645167],[-133.394486,55.666881],[-133.388253,55.731028],[-133.259762,55.747089],[-133.172912,55.814904],[-133.167559,55.859866],[-133.216337,55.866062],[-133.282367,55.949938],[-133.257383,56.017753],[-133.300213,56.090326],[-133.287126,56.019537],[-133.379925,55.957671],[-133.383494,55.895805],[-133.453093,55.905918],[-133.443258,55.931167],[-133.503062,55.952318],[-133.48513,55.988282],[-133.392417,55.996338],[-133.393607,56.017158],[-133.487595,56.021322],[-133.718805,55.893236],[-133.812119,55.936192],[-133.816363,55.964025],[-133.693765,56.070562],[-133.561742,56.088234],[-133.643257,56.128207],[-133.54283,56.160794],[-133.679544,56.211489],[-133.635524,56.229334],[-133.664218,56.310504],[-133.620652,56.326892],[-133.626006,56.35842],[-133.163212,56.317445],[-133.040979,56.184536],[-133.05552,56.125258],[-133.007346,56.116905],[-132.919769,56.030824],[-132.837592,56.024327],[-132.635291,55.921766],[-132.5048,55.815166],[-132.470697,55.782162],[-132.462531,55.673854],[-132.382505,55.665336],[-132.301119,55.55096],[-132.188771,55.508443],[-132.142945,55.457941],[-132.514798,55.576767],[-132.564171,55.573198],[-132.525505,55.549998],[-132.608786,55.481589],[-132.519556,55.520255],[-132.416645,55.516686],[-132.288585,55.451365],[-132.479688,55.420918],[-132.273503,55.419189],[-132.166857,55.363039],[-132.098531,55.28056],[-132.142742,55.238212],[-132.229963,55.23808],[-132.207431,55.218273],[-132.104376,55.200899],[-132.037122,55.275144],[-131.995908,55.259054],[-131.977397,55.180949],[-132.040874,55.127326],[-132.000834,55.104444],[-132.197614,55.005158],[-132.143263,54.984633],[-132.039217,55.036765],[-131.984592,55.027978],[-131.957914,54.791239],[-132.029747,54.701189],[-132.307943,54.718714],[-132.351004,54.818182],[-132.309213,54.847534],[-132.370179,54.899961],[-132.484579,54.899301],[-132.609786,54.965728],[-132.541802,55.097764],[-132.594568,55.105378],[-132.633305,55.054954],[-132.581133,55.166076],[-132.65631,55.236655],[-132.674155,55.225947],[-132.63192,55.169435],[-132.685458,55.143856],[-132.825251,55.205722],[-132.845477,55.268778],[-133.037023,55.206317],[-133.048921,55.262829],[-133.22738,55.28127],[-133.279271,55.333264],[-133.208794,55.384237],[-133.025126,55.360387],[-133.054274,55.403812],[-133.087587,55.429391]]],[[[-162.801865,54.48944],[-162.588883,54.450064],[-162.551618,54.392217],[-162.611891,54.368077],[-162.722797,54.40034],[-162.781239,54.375085],[-162.86005,54.425452],[-162.827621,54.490859],[-162.801865,54.48944]]],[[[-165.523466,54.299895],[-165.47775,54.283707],[-165.553251,54.239601],[-165.383719,54.196731],[-165.47619,54.182701],[-165.565422,54.108122],[-165.629725,54.132558],[-165.598439,54.174204],[-165.637081,54.199436],[-165.587157,54.238166],[-165.685823,54.243406],[-165.636383,54.297567],[-165.586509,54.284361],[-165.523466,54.299895]]],[[[-135.703464,57.32204],[-135.688233,57.276143],[-135.657272,57.262027],[-135.683828,57.320206],[-135.570804,57.239899],[-135.658859,57.247964],[-135.621346,57.223693],[-135.5986,57.14536],[-135.565707,57.147312],[-135.574693,57.094339],[-135.65054,57.015139],[-135.854131,56.995043],[-135.83489,57.091387],[-135.735405,57.155403],[-135.83189,57.170717],[-135.823233,57.219303],[-135.871865,57.221161],[-135.828831,57.301981],[-135.860558,57.330854],[-135.715233,57.330722],[-135.703464,57.32204]]],[[[-152.417424,57.815464],[-152.351152,57.834768],[-152.310927,57.783452],[-152.443786,57.776142],[-152.497314,57.738596],[-152.44303,57.668049],[-152.394474,57.684665],[-152.467756,57.598221],[-152.152393,57.619485],[-152.163996,57.584607],[-152.29147,57.517103],[-152.320962,57.4298],[-152.483717,57.422185],[-152.471344,57.461208],[-152.517004,57.432184],[-152.743084,57.50571],[-152.954939,57.520449],[-152.620377,57.401601],[-152.606522,57.36366],[-152.707768,57.276046],[-152.734989,57.307019],[-152.818187,57.265368],[-152.984715,57.339918],[-153.11427,57.30773],[-153.012992,57.299453],[-152.943463,57.256956],[-153.056971,57.214756],[-153.213802,57.205059],[-153.123865,57.175445],[-152.949333,57.187346],[-152.869797,57.150849],[-153.18001,57.094523],[-153.220953,57.068239],[-153.200217,57.042039],[-153.235282,57.007398],[-153.312583,56.991486],[-153.348707,57.008373],[-153.320929,57.036838],[-153.356504,57.052893],[-153.337468,57.07288],[-153.402608,57.070092],[-153.380389,57.120468],[-153.294157,57.175432],[-153.310143,57.194426],[-153.36818,57.185337],[-153.454618,57.110052],[-153.501175,57.140457],[-153.49885,57.065363],[-153.654497,57.084602],[-153.675736,57.054778],[-153.580831,57.049048],[-153.593498,57.020532],[-153.543429,56.995245],[-153.556762,56.968862],[-153.691659,56.928479],[-153.756253,56.874909],[-153.696693,56.861519],[-153.807353,56.848584],[-153.97178,56.744861],[-154.148745,56.745677],[-154.067425,56.845303],[-153.850464,56.957278],[-153.979743,56.962189],[-153.92519,57.059315],[-153.804787,57.113158],[-153.779087,57.158821],[-154.305713,56.846871],[-154.312888,56.918673],[-154.524695,56.991623],[-154.529844,57.168882],[-154.574343,57.239919],[-154.79384,57.288862],[-154.74309,57.31477],[-154.793698,57.349612],[-154.717624,57.366544],[-154.708509,57.426703],[-154.629678,57.510197],[-154.196959,57.664639],[-153.983015,57.649835],[-153.909415,57.442413],[-153.795299,57.349047],[-153.773191,57.372442],[-153.874177,57.447817],[-153.87595,57.542769],[-153.813136,57.588581],[-153.874286,57.64611],[-153.648693,57.654125],[-153.862886,57.706943],[-153.930279,57.696791],[-153.93522,57.813047],[-153.755054,57.883565],[-153.648798,57.880103],[-153.571362,57.832101],[-153.554226,57.72245],[-153.515205,57.716505],[-153.469892,57.766536],[-153.479457,57.84202],[-153.35358,57.809731],[-153.322687,57.83619],[-153.528697,57.921717],[-153.484603,57.9765],[-153.127278,57.856748],[-153.089419,57.865233],[-153.302198,57.991706],[-153.23473,57.996972],[-153.069857,57.934428],[-152.983763,57.950231],[-152.805421,57.91402],[-152.902633,57.830146],[-152.916334,57.771216],[-152.874498,57.737961],[-152.850336,57.740041],[-152.849997,57.821462],[-152.822543,57.843203],[-152.790211,57.858058],[-152.735459,57.824549],[-152.70358,57.869286],[-152.625607,57.881232],[-152.635378,57.91861],[-152.549661,57.900137],[-152.421408,57.975683],[-152.437416,57.936978],[-152.324103,57.916604],[-152.364777,57.883921],[-152.468511,57.888621],[-152.396153,57.855009],[-152.442512,57.840659],[-152.429326,57.820114],[-152.417424,57.815464]]],[[[-169.553937,56.608682],[-169.47155,56.598864],[-169.582624,56.536939],[-169.789659,56.618217],[-169.611548,56.606924],[-169.553937,56.608682]]],[[[-157.02607,56.559757],[-156.972896,56.536505],[-157.328898,56.528155],[-157.250098,56.582142],[-157.077383,56.579035],[-157.02607,56.559757]]],[[[-153.940505,56.558317],[-153.868461,56.551493],[-153.952958,56.507174],[-154.232464,56.491052],[-154.343096,56.510171],[-154.362361,56.542512],[-154.244234,56.609194],[-154.103243,56.617695],[-154.009274,56.551445],[-153.940505,56.558317]]],[[[-132.546463,56.606563],[-132.541282,56.584573],[-132.796627,56.496471],[-133.041726,56.518356],[-133.075496,56.578684],[-133.025091,56.605048],[-133.184363,56.706526],[-133.277352,56.816432],[-133.325392,56.791864],[-133.31986,56.737693],[-133.250686,56.751431],[-133.219681,56.706887],[-133.233684,56.649286],[-133.106316,56.618393],[-133.089215,56.523916],[-133.138307,56.532923],[-133.122245,56.49202],[-133.203584,56.447657],[-133.401797,56.496355],[-133.512684,56.437015],[-133.655468,56.442279],[-133.663064,56.56207],[-133.694378,56.570709],[-133.662631,56.598924],[-133.724121,56.679569],[-133.687722,56.773178],[-133.709249,56.787239],[-133.672562,56.798329],[-133.689996,56.839421],[-133.765324,56.807489],[-133.86904,56.845938],[-133.921451,56.961511],[-134.049218,57.029203],[-134.008856,57.074578],[-133.887957,57.097744],[-133.362502,57.007424],[-133.104611,57.005701],[-132.98137,56.92738],[-132.935258,56.822941],[-132.820556,56.793787],[-132.743207,56.71372],[-132.553213,56.608492],[-132.546463,56.606563]]],[[[-154.404015,56.572287],[-154.39248,56.554053],[-154.633586,56.471817],[-154.73655,56.403848],[-154.805481,56.427488],[-154.70614,56.521273],[-154.534726,56.60054],[-154.399389,56.576411],[-154.404015,56.572287]]],[[[-132.977163,56.439673],[-132.734466,56.458515],[-132.620608,56.3912],[-132.684112,56.345671],[-132.662081,56.274795],[-132.877582,56.240322],[-133.067556,56.333573],[-133.002357,56.430655],[-132.977163,56.439673]]],[[[-135.548794,57.508977],[-135.419205,57.564159],[-135.347597,57.550232],[-135.297784,57.483721],[-135.209123,57.488753],[-135.145949,57.439049],[-134.849477,57.40967],[-134.812769,57.299765],[-134.88478,57.330003],[-134.955014,57.309433],[-134.841774,57.248588],[-134.619799,56.665888],[-134.626943,56.553868],[-134.671047,56.5412],[-134.63401,56.31584],[-134.668151,56.167026],[-134.806163,56.235533],[-134.839411,56.309403],[-135.058238,56.529453],[-135.045054,56.583392],[-134.967164,56.603026],[-134.979386,56.627676],[-135.118709,56.597728],[-135.175826,56.677876],[-135.305077,56.726382],[-135.318082,56.748688],[-135.280875,56.768357],[-135.398678,56.779201],[-135.408542,56.826014],[-135.332356,56.913951],[-135.383376,56.981544],[-135.31278,57.044984],[-135.3741,57.045391],[-135.422746,57.167724],[-135.358715,57.243776],[-135.552574,57.233194],[-135.695563,57.35746],[-135.554548,57.426636],[-135.532069,57.481117],[-135.548794,57.508977]]],[[[-134.121514,56.069847],[-134.130907,56.000104],[-134.230449,56.068341],[-134.262217,56.133222],[-134.227942,56.162835],[-134.275978,56.259416],[-134.232195,56.287017],[-134.298292,56.291993],[-134.292353,56.352644],[-134.244042,56.379521],[-134.244569,56.42693],[-134.193922,56.409906],[-134.196394,56.4398],[-134.246627,56.457135],[-134.222814,56.475402],[-134.146136,56.411069],[-134.067466,56.390987],[-134.040938,56.42153],[-134.246095,56.556984],[-134.31976,56.558276],[-134.276735,56.62029],[-134.401407,56.725419],[-134.419791,56.838385],[-134.316868,56.909091],[-134.14716,56.859357],[-134.150935,56.884958],[-134.273113,56.933823],[-134.158108,56.915029],[-134.141385,56.950887],[-133.972257,56.826934],[-133.925648,56.758912],[-133.941801,56.733493],[-133.869334,56.734081],[-133.890805,56.80798],[-133.748129,56.773919],[-133.75965,56.675913],[-133.693783,56.600452],[-133.77171,56.556432],[-133.872242,56.603426],[-133.848207,56.573057],[-133.92935,56.49992],[-133.839238,56.432018],[-133.89304,56.427364],[-133.877775,56.394926],[-133.933512,56.375428],[-133.834671,56.322382],[-133.872064,56.276905],[-133.972953,56.344481],[-133.982471,56.27976],[-133.920605,56.276905],[-133.880927,56.222712],[-133.957471,56.202584],[-133.937349,56.166129],[-133.971228,56.083293],[-134.038695,56.105807],[-134.024356,56.160382],[-134.058499,56.227214],[-134.116078,56.165189],[-134.190371,56.152571],[-134.109868,56.142554],[-134.109236,56.078732],[-134.121514,56.069847]]],[[[-168.952766,65.758911],[-168.902235,65.769665],[-168.893219,65.744705],[-168.954515,65.757144],[-168.952766,65.758911]]],[[[-162.614621,63.621832],[-162.401203,63.634367],[-162.341892,63.594062],[-162.345179,63.551785],[-162.614949,63.540601],[-162.707559,63.577607],[-162.644513,63.602599],[-162.614621,63.621832]]],[[[-169.267598,63.343995],[-168.685145,63.296427],[-168.783239,63.184131],[-168.85875,63.146958],[-169.105808,63.178803],[-169.375667,63.151269],[-169.561131,63.055178],[-169.568016,62.976879],[-169.638309,62.937527],[-169.757249,62.960087],[-169.734938,62.976617],[-169.788466,63.043015],[-169.88123,63.105848],[-170.101301,63.1793],[-170.263032,63.179147],[-170.364806,63.285596],[-170.55895,63.354989],[-170.865412,63.414229],[-171.100855,63.42342],[-171.464455,63.306915],[-171.739321,63.366114],[-171.849984,63.485039],[-171.833681,63.580074],[-171.743979,63.654905],[-171.743398,63.782971],[-171.673296,63.788067],[-171.638991,63.759231],[-171.649923,63.70254],[-171.609439,63.679832],[-170.950817,63.570127],[-170.488192,63.696723],[-170.315839,63.691923],[-170.095833,63.612701],[-170.026953,63.480702],[-169.643167,63.427802],[-169.520524,63.365941],[-169.281422,63.348381],[-169.267598,63.343995]]],[[[-147.131319,60.912932],[-147.071788,60.893833],[-147.141802,60.853991],[-147.32564,60.877153],[-147.178969,60.903704],[-147.131319,60.912932]]],[[[-147.952039,60.741879],[-147.846103,60.694509],[-147.932931,60.655714],[-148.020259,60.72495],[-147.957239,60.747706],[-147.952039,60.741879]]],[[[-147.562801,60.579821],[-147.619972,60.436821],[-147.690773,60.405054],[-147.618906,60.368848],[-147.703599,60.285589],[-147.704731,60.227874],[-147.760681,60.156396],[-147.845681,60.195434],[-147.828962,60.207442],[-147.956228,60.228667],[-147.792822,60.476193],[-147.715312,60.447915],[-147.721824,60.508635],[-147.566372,60.580849],[-147.562801,60.579821]]],[[[-165.721389,60.16962],[-165.675374,60.14936],[-165.684585,60.055237],[-165.649318,59.991837],[-165.539367,59.965175],[-165.550405,59.920007],[-166.016128,59.864532],[-166.119084,59.81759],[-166.084582,59.762862],[-166.179761,59.749775],[-166.381986,59.849087],[-166.616849,59.850711],[-166.995748,59.993495],[-167.133258,59.994695],[-167.247627,60.058862],[-167.342702,60.072395],[-167.347866,60.13114],[-167.423053,60.195072],[-167.312616,60.238454],[-166.847438,60.213592],[-166.803469,60.242802],[-166.832877,60.275449],[-166.762522,60.309837],[-166.578305,60.32185],[-166.493543,60.392389],[-166.366596,60.358227],[-166.174906,60.401003],[-166.163203,60.432641],[-166.124379,60.414253],[-166.084791,60.325288],[-165.883458,60.343902],[-165.71451,60.310496],[-165.685751,60.277564],[-165.708863,60.189125],[-165.721389,60.16962]]],[[[-148.55292,59.954053],[-148.636677,59.91503],[-148.752795,59.959764],[-148.856539,59.922644],[-148.938393,59.972137],[-149.117328,59.962619],[-149.041599,60.030726],[-149.0587,60.061419],[-149.204853,60.009212],[-149.286746,59.869344],[-149.341584,60.076762],[-149.371217,60.118236],[-149.420709,60.121091],[-149.440697,60.032575],[-149.388349,59.983082],[-149.429276,59.977372],[-149.459733,59.919313],[-149.555261,59.911156],[-149.619632,59.822231],[-149.585368,59.779401],[-149.538731,59.782256],[-149.526358,59.703258],[-149.638668,59.742281],[-149.662463,59.89647],[-149.683402,59.9393],[-149.727184,59.948818],[-149.741129,59.825665],[-149.808086,59.84317],[-149.754786,59.794629],[-149.737654,59.643295],[-149.791905,59.661379],[-149.849315,59.738066],[-150.028296,59.788652],[-150.042854,59.772274],[-149.928962,59.723245],[-149.933721,59.668994],[-150.005105,59.659476],[-150.031935,59.613947],[-150.073634,59.661379],[-150.114477,59.590465],[-150.086959,59.583333],[-150.31158,59.475781],[-150.297303,59.416771],[-150.431504,59.396783],[-150.288852,59.647207],[-150.412448,59.554628],[-150.478742,59.458498],[-150.564754,59.524322],[-150.516213,59.591899],[-150.639543,59.547149],[-150.584636,59.49451],[-150.581182,59.445233],[-150.739958,59.425211],[-150.769853,59.372966],[-150.911598,59.311614],[-150.887821,59.26792],[-150.988397,59.230549],[-150.971166,59.198812],[-151.017804,59.222607],[-150.999063,59.271082],[-151.057756,59.301721],[-151.091532,59.269187],[-151.161755,59.28151],[-151.104328,59.256651],[-151.126247,59.209923],[-151.242425,59.201667],[-151.280544,59.230476],[-151.305724,59.209544],[-151.407203,59.279349],[-151.525127,59.224947],[-151.469901,59.204523],[-151.574664,59.195327],[-151.590729,59.161725],[-151.739068,59.156005],[-151.761301,59.221327],[-151.874356,59.211931],[-151.915684,59.227522],[-151.905106,59.247075],[-151.978748,59.253779],[-151.991618,59.313617],[-151.903021,59.360454],[-151.886513,59.421033],[-151.634472,59.482443],[-151.470992,59.47225],[-151.420966,59.537728],[-151.272459,59.555823],[-151.274795,59.596986],[-151.201678,59.591503],[-151.192803,59.562432],[-151.158254,59.594141],[-151.203186,59.645989],[-150.927312,59.793431],[-151.063758,59.793146],[-151.503822,59.633662],[-151.686486,59.660864],[-151.859327,59.749567],[-151.867713,59.778411],[-151.702898,60.032253],[-151.421702,60.212931],[-151.377281,60.365522],[-151.299782,60.385481],[-151.264461,60.543263],[-151.330409,60.580539],[-151.40927,60.720558],[-151.252902,60.773993],[-151.037007,60.793649],[-150.678438,60.958267],[-150.377171,61.039144],[-150.187657,60.924796],[-150.04557,60.910004],[-149.770264,60.967607],[-149.018343,60.848492],[-149.192519,60.939864],[-149.359081,60.923683],[-149.510415,60.981742],[-149.596076,60.98079],[-150.075451,61.156269],[-150.009941,61.203637],[-149.924441,61.211122],[-149.811179,61.317722],[-149.730277,61.332951],[-149.701724,61.385299],[-149.424755,61.456683],[-149.542776,61.489995],[-149.628436,61.485236],[-149.876852,61.384347],[-149.919682,61.26347],[-149.985874,61.237515],[-150.468812,61.244627],[-150.655804,61.298173],[-150.711291,61.251089],[-150.946243,61.208644],[-151.024905,61.178391],[-151.166606,61.046404],[-151.4803,61.010902],[-151.713913,60.916546],[-151.800264,60.853672],[-151.710444,60.712657],[-151.860179,60.753282],[-151.848614,60.733976],[-152.021936,60.673364],[-152.099983,60.594366],[-152.309221,60.506384],[-152.325821,60.434806],[-152.234199,60.393888],[-152.366213,60.353304],[-152.411281,60.287864],[-152.556752,60.224217],[-152.670403,60.24432],[-152.743388,60.224323],[-152.734251,60.174801],[-152.678085,60.163504],[-152.686373,60.137717],[-152.569121,60.071748],[-152.706431,59.915284],[-152.810058,59.878322],[-153.212865,59.862784],[-153.285802,59.820535],[-153.009084,59.830643],[-152.994466,59.791261],[-153.051559,59.691562],[-153.214156,59.634271],[-153.286525,59.670251],[-153.315123,59.664896],[-153.308837,59.625706],[-153.409422,59.636328],[-153.374778,59.731587],[-153.454972,59.792099],[-153.464556,59.651712],[-153.542466,59.630236],[-153.61903,59.654955],[-153.553163,59.597046],[-153.577828,59.555991],[-153.76148,59.543411],[-153.699025,59.463603],[-153.727546,59.435346],[-154.117672,59.365508],[-154.103014,59.342719],[-153.946444,59.361805],[-154.113577,59.299627],[-154.130585,59.210503],[-154.263291,59.138462],[-154.251233,59.111239],[-154.173669,59.1202],[-154.197422,59.061155],[-154.159835,59.010595],[-154.063489,59.07214],[-153.750936,59.05284],[-153.704162,59.07578],[-153.616066,59.006737],[-153.398479,58.966056],[-153.25225,58.85585],[-153.350964,58.843551],[-153.426641,58.721127],[-153.55265,58.687176],[-153.601257,58.634633],[-153.897155,58.606237],[-153.930473,58.497482],[-154.065121,58.48643],[-154.055759,58.418782],[-153.985416,58.390877],[-154.097254,58.345322],[-154.167997,58.358378],[-154.177161,58.32147],[-154.103412,58.280161],[-154.172017,58.259639],[-154.145277,58.210931],[-154.263388,58.175882],[-154.210078,58.136062],[-154.320496,58.144473],[-154.31764,58.081655],[-154.460121,58.146067],[-154.449212,58.093218],[-154.533695,58.074993],[-154.581547,58.019285],[-154.668895,58.065272],[-154.774719,58.002168],[-154.876559,58.027722],[-154.990431,58.013424],[-155.044803,57.950309],[-155.109264,57.944274],[-155.061806,57.90433],[-155.082139,57.872248],[-155.338153,57.825384],[-155.334944,57.780692],[-155.284691,57.757388],[-155.305814,57.72405],[-155.37861,57.710766],[-155.418855,57.747579],[-155.596857,57.783539],[-155.634543,57.704764],[-155.580658,57.672388],[-155.724167,57.633445],[-155.732779,57.549732],[-155.915261,57.535331],[-156.033806,57.569883],[-156.048584,57.500808],[-156.021875,57.43966],[-156.19574,57.480059],[-156.226886,57.440667],[-156.533544,57.328527],[-156.538684,57.283041],[-156.336427,57.336081],[-156.32191,57.293369],[-156.342943,57.248056],[-156.401488,57.233169],[-156.334404,57.1823],[-156.43511,57.12743],[-156.441599,57.085158],[-156.535587,57.047905],[-156.562827,57.020314],[-156.55052,56.98461],[-156.749449,57.032789],[-156.804432,56.905881],[-156.918796,56.963583],[-156.935629,56.920087],[-157.015665,56.898486],[-157.073453,56.838345],[-157.159494,56.833477],[-157.140277,56.790874],[-157.183636,56.769079],[-157.378771,56.861696],[-157.436932,56.858522],[-157.472407,56.833356],[-157.41344,56.769185],[-157.517478,56.760839],[-157.563802,56.703426],[-157.479153,56.67008],[-157.466497,56.623266],[-157.674587,56.609507],[-157.763698,56.679247],[-158.032379,56.6019],[-158.129793,56.537643],[-157.83842,56.56076],[-157.817826,56.51421],[-157.860914,56.475777],[-158.110789,56.517007],[-158.136487,56.510583],[-158.111603,56.49011],[-158.12744,56.460805],[-158.328798,56.484208],[-158.402954,56.455193],[-158.498837,56.38011],[-158.489546,56.341865],[-158.203083,56.283833],[-158.339765,56.217807],[-158.25247,56.199381],[-158.112718,56.240286],[-158.350761,56.124996],[-158.400932,56.155621],[-158.394922,56.064721],[-158.439944,56.10778],[-158.475258,56.093405],[-158.407723,56.014521],[-158.431471,55.994452],[-158.501967,56.02517],[-158.50984,55.979617],[-158.59562,56.045252],[-158.594188,56.110445],[-158.553218,56.144199],[-158.572254,56.151813],[-158.659738,56.098553],[-158.636689,56.005007],[-158.673246,55.951485],[-158.74856,55.959365],[-158.747305,56.009908],[-158.792116,55.983348],[-158.838785,56.008279],[-158.909396,55.934887],[-158.999598,55.927011],[-159.008171,55.890073],[-159.062025,55.919074],[-159.280554,55.889173],[-159.313694,55.857712],[-159.374842,55.871522],[-159.411505,55.788911],[-159.470216,55.828911],[-159.453945,55.89682],[-159.528349,55.888458],[-159.498022,55.855299],[-159.494404,55.765798],[-159.551432,55.711543],[-159.530117,55.665394],[-159.61777,55.595798],[-159.729333,55.56965],[-159.744495,55.600018],[-159.626772,55.629412],[-159.695272,55.665993],[-159.659104,55.701209],[-159.673191,55.750961],[-159.607973,55.8129],[-159.81107,55.85657],[-159.858456,55.841793],[-159.862484,55.787629],[-159.947646,55.81459],[-159.966682,55.776518],[-160.026282,55.792295],[-160.051945,55.760594],[-160.017126,55.721315],[-160.124678,55.714652],[-160.128485,55.662304],[-160.279827,55.641384],[-160.421853,55.662701],[-160.433022,55.639979],[-160.356913,55.606149],[-160.435859,55.573692],[-160.501346,55.478518],[-160.536654,55.474938],[-160.595771,55.57554],[-160.666966,55.544417],[-160.737095,55.555448],[-160.771433,55.52943],[-160.660117,55.518475],[-160.666917,55.459776],[-160.795988,55.454946],[-160.836725,55.473135],[-160.828273,55.516111],[-160.909625,55.52414],[-161.013662,55.431002],[-161.231535,55.357452],[-161.325325,55.359855],[-161.314949,55.379231],[-161.34608,55.385782],[-161.507657,55.362786],[-161.477114,55.485195],[-161.355686,55.606378],[-161.416235,55.632324],[-161.587047,55.62006],[-161.69886,55.5194],[-161.686495,55.408041],[-161.853418,55.277634],[-161.878076,55.223599],[-161.903407,55.204941],[-162.045694,55.232775],[-161.949882,55.126686],[-162.053281,55.074212],[-162.11874,55.102911],[-162.141084,55.157339],[-162.218192,55.118903],[-162.189247,55.06026],[-162.219326,55.028975],[-162.471364,55.051932],[-162.520986,55.115417],[-162.406191,55.120498],[-162.48098,55.161271],[-162.510435,55.250177],[-162.62792,55.275419],[-162.581282,55.28684],[-162.626101,55.304085],[-162.718077,55.219911],[-162.579765,55.136939],[-162.618918,55.097096],[-162.559391,54.954667],[-162.688131,54.996126],[-162.770983,54.932736],[-162.881639,54.934785],[-162.970632,55.001039],[-162.957826,55.031826],[-163.00155,55.080043],[-163.079006,55.111652],[-163.188428,55.090903],[-163.219018,55.030281],[-163.036062,54.942544],[-163.372806,54.790936],[-163.322849,54.75028],[-163.144089,54.761499],[-163.059085,54.661072],[-163.159956,54.665146],[-163.140925,54.694829],[-163.185401,54.700398],[-163.226888,54.673631],[-163.364626,54.749464],[-163.428377,54.714819],[-163.421708,54.657711],[-163.585967,54.611644],[-163.80359,54.636498],[-164.084894,54.620131],[-164.257585,54.572722],[-164.337538,54.524259],[-164.352704,54.465023],[-164.456554,54.419856],[-164.640457,54.391166],[-164.844931,54.417583],[-164.944636,54.532903],[-164.948789,54.579877],[-164.709465,54.661518],[-164.56405,54.875539],[-164.48678,54.922441],[-164.427303,54.932849],[-164.343534,54.894139],[-164.119196,54.969416],[-164.030708,54.969818],[-163.894695,55.039115],[-163.532962,55.048881],[-163.530087,55.01666],[-163.418042,54.938499],[-163.414691,54.85609],[-163.334234,54.872948],[-163.338395,54.956191],[-163.256982,54.950412],[-163.291622,54.96621],[-163.302054,55.117859],[-163.105011,55.183979],[-162.882292,55.183251],[-162.84014,55.224043],[-162.901644,55.247652],[-162.881779,55.273776],[-162.731816,55.307829],[-162.64991,55.364151],[-162.542568,55.357393],[-162.512111,55.378333],[-162.514014,55.447813],[-162.565411,55.466849],[-162.257033,55.693373],[-161.807833,55.891954],[-161.290777,55.98313],[-161.230444,55.947467],[-161.076383,55.942079],[-160.873229,56.001448],[-160.860765,55.932271],[-160.938811,55.9475],[-161.018761,55.905621],[-161.000677,55.876116],[-160.936053,55.879527],[-160.940845,55.822529],[-160.806014,55.738241],[-160.765228,55.757174],[-160.65556,55.730041],[-160.757705,55.785841],[-160.788429,55.885634],[-160.508433,55.869379],[-160.463607,55.79613],[-160.409619,55.808539],[-160.277382,55.765861],[-160.317826,55.818983],[-160.254478,55.850418],[-160.535759,55.939617],[-160.529292,55.986103],[-160.583491,55.986468],[-160.340249,56.291271],[-159.828049,56.543935],[-159.324421,56.670356],[-159.279894,56.715667],[-158.856307,56.89167],[-158.83632,56.889766],[-158.953543,56.843418],[-158.853294,56.79262],[-158.660298,56.789015],[-158.642845,56.836608],[-158.699788,56.927362],[-158.659945,57.034585],[-158.376249,57.265542],[-158.034246,57.39023],[-157.931624,57.476208],[-157.772496,57.547055],[-157.678891,57.563888],[-157.649389,57.500331],[-157.58691,57.487156],[-157.599644,57.60795],[-157.691291,57.611131],[-157.710645,57.639946],[-157.596601,58.08867],[-157.556556,58.148445],[-157.39735,58.173383],[-157.352316,58.219097],[-157.423325,58.21136],[-157.541564,58.271883],[-157.536176,58.391597],[-157.46088,58.499693],[-157.077914,58.708103],[-157.008226,58.817139],[-157.012392,58.875889],[-156.966649,58.904074],[-156.962256,58.974174],[-157.029517,58.956203],[-157.040625,58.913391],[-157.116866,58.867533],[-158.190283,58.61371],[-158.327038,58.659835],[-158.351481,58.727693],[-158.400475,58.761182],[-158.564833,58.802715],[-158.478449,59.007486],[-158.372801,59.038895],[-158.17007,59.020811],[-158.417534,59.061738],[-158.522231,59.021763],[-158.619684,58.911048],[-158.767748,58.864264],[-158.790786,58.808424],[-158.771246,58.765109],[-158.878198,58.717192],[-158.704052,58.482759],[-158.795316,58.408032],[-158.880927,58.39067],[-159.063346,58.423139],[-159.390664,58.762362],[-159.501768,58.824304],[-159.643549,58.845063],[-159.589811,58.890359],[-159.61612,58.931601],[-159.712114,58.929468],[-159.757409,58.833548],[-159.803289,58.848538],[-159.804589,58.801552],[-159.91031,58.773731],[-159.987515,58.83772],[-159.985352,58.870464],[-160.15166,58.862759],[-160.16418,58.913533],[-160.243771,58.888751],[-160.26215,58.933932],[-160.317353,58.946305],[-160.256592,58.99448],[-160.360184,59.061471],[-160.641785,58.964489],[-160.823489,58.829136],[-160.872003,58.878472],[-161.001101,58.849693],[-161.337982,58.742912],[-161.372314,58.666172],[-161.751999,58.551842],[-161.766296,58.599224],[-161.876111,58.631143],[-162.066269,58.6208],[-162.171722,58.648441],[-161.994644,58.688828],[-161.939163,58.655613],[-161.877213,58.666138],[-161.769501,58.774937],[-161.756622,58.826477],[-161.83923,59.049928],[-161.981964,59.150997],[-162.048584,59.254177],[-161.956528,59.361771],[-161.70253,59.490906],[-161.911163,59.741741],[-162.092361,59.881104],[-162.10856,59.953861],[-162.360185,60.14736],[-162.361805,60.236662],[-162.462694,60.293769],[-162.443659,60.328985],[-162.329444,60.373719],[-162.178111,60.634508],[-162.270434,60.595485],[-162.414153,60.368008],[-162.504573,60.337551],[-162.571198,60.25189],[-162.446514,60.187169],[-162.492346,60.121804],[-162.476759,60.04769],[-162.503647,59.99923],[-162.738592,59.976321],[-163.172633,59.845058],[-163.662607,59.79571],[-164.115117,59.836688],[-164.209843,59.942874],[-164.12543,59.964626],[-164.13181,59.991177],[-164.385471,60.07719],[-164.505677,60.194304],[-164.698889,60.296298],[-164.899296,60.316787],[-165.132893,60.438867],[-164.99787,60.480459],[-164.961439,60.508391],[-164.97128,60.539558],[-165.05744,60.544631],[-165.190449,60.498001],[-165.377559,60.513164],[-165.420349,60.550692],[-165.381052,60.577987],[-165.268717,60.579488],[-164.97125,60.711434],[-165.042584,60.78443],[-164.922179,60.819873],[-165.02143,60.815086],[-165.030183,60.83805],[-164.903903,60.942213],[-165.067312,60.904874],[-165.155232,60.929186],[-165.194964,60.979915],[-165.115681,61.016097],[-164.961527,61.024166],[-164.951372,61.084107],[-164.868009,61.096394],[-164.991273,61.107232],[-164.995695,61.058035],[-165.029551,61.05401],[-165.119781,61.07864],[-165.172994,61.146919],[-165.307976,61.181823],[-165.343442,61.070564],[-165.578127,61.100361],[-165.631996,61.220708],[-165.623317,61.278431],[-165.831365,61.306719],[-165.915445,61.387686],[-165.918612,61.419087],[-165.767226,61.45695],[-165.754317,61.498704],[-165.964035,61.555919],[-166.075524,61.532672],[-166.058242,61.500419],[-166.108269,61.492475],[-166.165232,61.550618],[-166.182688,61.588481],[-166.143757,61.724352],[-166.139409,61.632315],[-165.809933,61.673029],[-165.993851,61.723105],[-166.094312,61.813859],[-165.600043,61.859663],[-165.741481,61.971392],[-165.734117,62.076873],[-165.199804,62.469637],[-165.046045,62.54042],[-164.770232,62.592082],[-164.81711,62.636697],[-164.87564,62.806254],[-164.716841,63.006264],[-164.583735,63.058457],[-164.641186,63.07268],[-164.633943,63.09782],[-164.423449,63.211977],[-164.036565,63.261204],[-163.73265,63.213257],[-163.616272,63.141213],[-163.529938,63.1354],[-163.316203,63.037763],[-163.130853,63.049387],[-162.844559,63.154191],[-162.821122,63.205596],[-162.662614,63.229906],[-162.271089,63.487711],[-162.296731,63.540108],[-162.073156,63.513768],[-162.025552,63.447539],[-161.527809,63.451177],[-161.136758,63.504525],[-161.013662,63.623408],[-160.97485,63.615484],[-160.783304,63.752893],[-160.766291,63.835189],[-160.93374,64.049729],[-160.946857,64.204158],[-160.976038,64.235761],[-161.313668,64.400874],[-161.463026,64.420074],[-161.531909,64.378649],[-161.529053,64.412913],[-161.469046,64.506575],[-161.388621,64.532783],[-161.198029,64.496626],[-161.015095,64.502124],[-161.08576,64.537359],[-160.940493,64.55],[-160.802048,64.610352],[-160.783398,64.71716],[-160.935974,64.82237],[-161.176009,64.927161],[-161.413493,64.762723],[-161.518211,64.75325],[-161.667261,64.788981],[-161.902429,64.703851],[-162.168516,64.68029],[-162.234477,64.619336],[-162.539996,64.530931],[-162.61422,64.470702],[-162.632242,64.385734],[-162.790167,64.325182],[-162.857562,64.49978],[-162.940776,64.542417],[-163.053098,64.541642],[-163.028352,64.569244],[-163.173975,64.639676],[-163.316742,64.580665],[-163.15018,64.515944],[-163.033231,64.519314],[-163.027158,64.477945],[-163.150789,64.397249],[-163.350926,64.505859],[-163.651943,64.567299],[-164.307273,64.561488],[-165.001961,64.433917],[-166.189546,64.575798],[-166.392403,64.638161],[-166.474714,64.719267],[-166.478978,64.797036],[-166.417028,64.81874],[-166.415624,64.871928],[-166.690814,64.985372],[-166.696453,65.035857],[-166.911922,65.125965],[-166.638411,65.113586],[-166.464192,65.177086],[-166.475297,65.224335],[-166.360618,65.288631],[-166.51864,65.335824],[-166.679717,65.326856],[-167.474024,65.412744],[-167.851234,65.538181],[-168.0752,65.576355],[-168.134663,65.64084],[-168.103708,65.685552],[-167.979889,65.727972],[-167.539643,65.820836],[-166.526162,66.141849],[-165.80503,66.33331],[-165.187082,66.465154],[-164.400724,66.58111],[-163.875047,66.592256],[-163.606644,66.557992],[-163.938817,66.577028],[-163.754171,66.551284],[-163.730247,66.491372],[-163.873106,66.389015],[-163.843108,66.259869],[-164.092715,66.184537],[-163.916551,66.190494],[-163.76751,66.060803],[-162.750705,66.09016],[-162.635985,66.040366],[-162.45767,66.058579],[-162.372147,66.027985],[-162.139516,66.078819],[-161.838018,66.022582],[-161.484539,66.262426],[-161.341189,66.2551],[-161.263655,66.214154],[-160.993965,66.234444],[-161.129512,66.336248],[-161.525554,66.397046],[-161.694404,66.396174],[-161.912946,66.344436],[-161.835314,66.269542],[-161.900154,66.264188],[-161.935846,66.332003],[-161.863387,66.440783],[-161.87488,66.511446],[-162.091453,66.605963],[-162.228635,66.70977],[-162.501415,66.742503],[-162.626696,66.859572],[-162.601052,66.898455],[-162.471284,66.948521],[-162.40905,66.921319],[-162.310392,66.937047],[-162.117304,66.798482],[-162.013623,66.779406],[-162.081515,66.693052],[-162.07362,66.651217],[-161.915856,66.551339],[-161.574129,66.438566],[-161.326349,66.478371],[-161.279803,66.505179],[-161.483604,66.525626],[-161.544484,66.553292],[-161.533438,66.578054],[-161.881671,66.716796],[-161.848104,66.757926],[-161.86154,66.797076],[-161.796307,66.833126],[-161.781479,66.892128],[-161.68628,66.961367],[-161.489169,66.93695],[-161.530525,66.984951],[-161.711715,67.001044],[-161.850188,67.052186],[-162.415866,66.98471],[-162.462616,66.994323],[-162.481257,67.043113],[-162.64026,67.010869],[-162.699069,67.055476],[-162.851315,67.031883],[-162.831059,66.993731],[-163.69887,67.114443],[-163.741345,67.129123],[-163.758588,67.256439],[-163.853584,67.388101],[-164.007032,67.535699],[-164.14438,67.617228],[-164.533937,67.725606],[-165.240848,67.998714],[-165.964036,68.135931],[-166.03185,68.194228],[-166.220423,68.269181],[-166.574962,68.332832],[-166.85064,68.333089],[-166.377564,68.422406],[-166.305962,68.46154],[-166.226111,68.576186],[-166.199826,68.678556],[-166.214433,68.879524],[-165.327043,68.858111],[-164.253157,68.930938],[-163.655864,69.090567],[-163.230902,69.284464],[-163.110318,69.375343],[-163.016456,69.538142],[-163.116622,69.593416],[-163.027364,69.680499],[-162.922009,69.700372],[-163.03539,69.727406],[-163.012595,69.757462],[-162.587906,69.915637],[-162.471549,69.983132],[-162.462778,70.042217],[-162.350558,70.0588],[-162.312491,70.109281],[-162.019265,70.224044],[-161.922949,70.291599],[-161.849998,70.30943],[-161.848909,70.282183],[-161.779794,70.255411],[-161.396757,70.240606],[-160.839536,70.344534],[-160.489778,70.454463],[-159.648383,70.794368],[-159.209082,70.870067],[-159.147634,70.876653],[-159.132483,70.828359],[-159.331021,70.807394],[-159.343075,70.783115],[-159.299304,70.760012],[-159.000676,70.764336],[-158.954571,70.772712],[-158.976615,70.796377],[-158.3895,70.799729],[-158.385816,70.825704],[-157.840997,70.861025],[-157.421001,70.976805],[-156.809653,71.286886],[-156.56865,71.352561],[-156.524499,71.294469],[-156.074411,71.242489],[-156.018574,71.172041],[-155.920202,71.207157],[-155.587702,71.17256],[-155.513987,71.096794],[-155.548283,71.060685],[-155.830881,70.965584],[-155.978405,70.962197],[-156.014769,70.903133],[-155.968559,70.862931],[-155.971935,70.806828],[-155.643516,70.824209],[-155.504202,70.860303],[-155.47594,70.943547],[-155.343871,71.004449],[-155.260042,71.015227],[-155.182779,70.978218],[-155.177,71.02745],[-155.275989,71.070464],[-155.150524,71.11205],[-155.075362,71.072042],[-155.085782,71.127572],[-155.03174,71.146473],[-154.581129,71.007321],[-154.567593,70.989929],[-154.654375,70.903318],[-154.577386,70.835335],[-154.352604,70.834828],[-154.181863,70.768325],[-153.89048,70.885719],[-153.485989,70.885873],[-153.23848,70.922467],[-152.259966,70.84282],[-152.188649,70.79814],[-152.283763,70.7856],[-152.377274,70.714682],[-152.471531,70.68884],[-152.433781,70.616926],[-152.02607,70.559345],[-151.695162,70.549675],[-151.760248,70.516711],[-151.728579,70.495375],[-151.946384,70.452523],[-151.876122,70.430761],[-151.554647,70.435895],[-151.229919,70.37984],[-151.187394,70.384775],[-151.180436,70.430401],[-151.06043,70.418734],[-150.762035,70.497219],[-150.357384,70.493738],[-150.350541,70.435998],[-150.112899,70.431372],[-149.866698,70.510769],[-149.810924,70.490477],[-149.461755,70.518271],[-148.789577,70.402746],[-148.610566,70.422588],[-148.411253,70.302627],[-148.107231,70.342801],[-147.863719,70.293317],[-147.765104,70.219806],[-147.681722,70.199954],[-147.272477,70.199222],[-147.161601,70.155612],[-146.991109,70.14761],[-146.885771,70.185917],[-146.309558,70.178907],[-146.006411,70.140402],[-145.858297,70.165996],[-145.43483,70.036994],[-144.953637,69.959262],[-144.854539,69.986364],[-144.618671,69.969315],[-144.463286,70.025735],[-144.079634,70.058961],[-143.911494,70.129837],[-143.574986,70.154598],[-143.498058,70.1401],[-143.503487,70.093458],[-143.255576,70.11933],[-142.746807,70.042531],[-142.112714,69.862162],[-141.606229,69.761695],[-141.43084,69.695144],[-141.377718,69.634631],[-141.258558,69.632247],[-141.210456,69.68419],[-141.002672,69.645609],[-141.00184,60.306105],[-140.53509,60.224224],[-140.472292,60.31059],[-139.989142,60.18524],[-139.698361,60.340421],[-139.086669,60.357654],[-139.200346,60.090701],[-139.046426,59.998235],[-138.702053,59.910245],[-138.620931,59.770559],[-137.604277,59.243057],[-137.498558,58.986694],[-137.526424,58.906834],[-137.447383,58.909513],[-136.826633,59.158389],[-136.581521,59.164909],[-136.466815,59.284252],[-136.474326,59.464194],[-136.301846,59.464128],[-136.234229,59.524731],[-136.256889,59.623646],[-135.945905,59.663802],[-135.477436,59.799626],[-135.231148,59.697176],[-135.027456,59.563692],[-135.026328,59.474658],[-135.071239,59.453309],[-135.067356,59.421855],[-135.016206,59.395398],[-135.029245,59.345364],[-134.961972,59.280376],[-134.702383,59.247836],[-134.681924,59.190843],[-134.566689,59.128278],[-134.481241,59.128071],[-134.379771,59.034961],[-134.401042,58.976221],[-134.30639,58.959238],[-134.328964,58.919593],[-134.250526,58.858046],[-133.840392,58.727991],[-133.699835,58.60729],[-133.379908,58.427909],[-133.461475,58.385526],[-133.176444,58.150151],[-133.076421,57.999762],[-132.869318,57.842941],[-132.252187,57.215655],[-132.371312,57.095229],[-132.051044,57.051155],[-132.125934,56.874698],[-131.871725,56.804965],[-131.90176,56.753158],[-131.835133,56.601849],[-131.581221,56.613275],[-131.085704,56.40654],[-130.782231,56.367511],[-130.622482,56.267939],[-130.466874,56.239789],[-130.425575,56.140676],[-130.24554,56.096876],[-130.102761,56.116696],[-130.00426,55.993379],[-130.013198,55.916382],[-130.128538,55.802148],[-130.150061,55.727099],[-130.111677,55.682051],[-130.120132,55.563919],[-129.980058,55.28423],[-130.118919,55.176074],[-130.187541,55.064665],[-130.339504,54.921376],[-130.636745,54.778456],[-130.657754,54.761828],[-130.62807,54.739341],[-130.686192,54.71691],[-130.773606,54.820845],[-130.836853,54.765437],[-130.915936,54.789617],[-130.97544,54.921383],[-130.946292,54.947557],[-131.012061,54.996238],[-130.98373,55.068946],[-130.846354,55.119473],[-130.767237,55.079617],[-130.71013,55.128991],[-130.771996,55.09092],[-130.820775,55.138509],[-130.984157,55.08441],[-131.077162,55.129586],[-131.093806,55.191335],[-130.951572,55.291648],[-130.680982,55.312805],[-130.871857,55.313991],[-130.922985,55.435113],[-130.872056,55.544301],[-130.786273,55.52993],[-130.803524,55.559079],[-130.723217,55.59596],[-130.874008,55.557706],[-130.901872,55.69738],[-130.969758,55.784741],[-130.932482,55.815345],[-130.984773,55.799349],[-131.216475,55.984342],[-131.105588,56.05686],[-131.34056,55.967035],[-131.254899,55.971794],[-131.070138,55.828551],[-130.965994,55.688974],[-130.927651,55.576585],[-130.987103,55.539872],[-130.971744,55.385257],[-131.029045,55.408395],[-131.019881,55.347905],[-131.065161,55.25925],[-131.160492,55.197481],[-131.235516,55.197574],[-131.326878,55.244869],[-131.230432,55.297802],[-131.197489,55.391051],[-131.292102,55.383946],[-131.254461,55.329698],[-131.291203,55.281751],[-131.411944,55.261525],[-131.470241,55.285915],[-131.471976,55.323386],[-131.509811,55.33231],[-131.550044,55.293389],[-131.835488,55.449503],[-131.684392,55.568476],[-131.660598,55.558363],[-131.654172,55.592431],[-131.726322,55.63593],[-131.701147,55.69696],[-131.719308,55.749099],[-131.504743,55.787386],[-131.705259,55.789939],[-131.712608,55.837214],[-131.517235,55.843303],[-131.56304,55.851037],[-131.613008,55.937292],[-131.908061,55.866503],[-131.771248,55.810028],[-131.82616,55.71858],[-131.856903,55.718977],[-131.828887,55.667148],[-131.897413,55.603914],[-131.963121,55.615263],[-131.936689,55.535151],[-131.971792,55.498279],[-132.183207,55.588128],[-132.224167,55.701766],[-132.283594,55.761774],[-132.206951,55.736987],[-132.183163,55.80083],[-132.072747,55.816054],[-132.095352,55.849961],[-132.049547,55.889817],[-132.066798,55.942165],[-131.978758,55.965365],[-131.961507,55.999867],[-131.972809,56.167024],[-131.891908,56.18487],[-131.868113,56.221752],[-132.01813,56.183155],[-132.026942,56.133117],[-132.069772,56.115866],[-132.139372,56.156317],[-132.10402,56.108109],[-132.206591,56.070061],[-132.135474,55.941626],[-132.279962,55.924839],[-132.323242,55.851878],[-132.397304,55.878867],[-132.382672,55.921345],[-132.449891,55.964175],[-132.427286,56.006411],[-132.47785,56.027826],[-132.469522,56.062923],[-132.573677,56.0707],[-132.640079,56.033194],[-132.723396,56.145814],[-132.718342,56.217704],[-132.601495,56.240065],[-132.543076,56.332276],[-132.422041,56.349341],[-132.380574,56.307785],[-132.398733,56.225321],[-132.302365,56.198552],[-132.36542,56.283023],[-132.34698,56.40735],[-132.38938,56.491367],[-132.253393,56.449539],[-132.204367,56.372086],[-132.17935,56.390823],[-132.208568,56.457125],[-132.361293,56.534232],[-132.363836,56.588613],[-132.281464,56.665593],[-132.452081,56.672473],[-132.55429,56.714598],[-132.373615,56.820353],[-132.43833,56.821117],[-132.556758,56.757242],[-132.770404,56.837486],[-132.943927,56.985261],[-132.794021,56.975743],[-132.823764,57.091147],[-132.870116,57.078424],[-132.88563,57.026902],[-132.984307,57.054845],[-132.999249,57.01203],[-133.02505,57.057322],[-133.188074,57.088973],[-133.224656,57.136522],[-133.309174,57.106614],[-133.569725,57.185136],[-133.50548,57.207146],[-133.534033,57.260684],[-133.489738,57.305192],[-133.371591,57.286713],[-133.238385,57.310058],[-133.468267,57.364217],[-133.445398,57.407616],[-133.52514,57.490344],[-133.481221,57.57147],[-133.578948,57.565094],[-133.66439,57.611707],[-133.680963,57.648265],[-133.65453,57.713689],[-133.162464,57.599796],[-133.586976,57.769294],[-133.556097,57.78883],[-133.585786,57.909087],[-133.60203,57.860394],[-133.636945,57.867446],[-133.637054,57.792203],[-133.709141,57.792739],[-133.856391,57.949716],[-133.765019,57.999209],[-133.702202,57.957331],[-133.765971,58.04775],[-133.801187,58.03728],[-133.782152,58.005872],[-133.8878,57.973511],[-134.049603,58.062027],[-134.081012,58.121989],[-134.061024,58.238107],[-134.082915,58.280937],[-133.994399,58.304732],[-134.009628,58.337093],[-134.131456,58.297118],[-134.09624,58.240962],[-134.146685,58.199084],[-134.271369,58.225734],[-134.257092,58.195277],[-134.287371,58.191529],[-134.631203,58.247446],[-134.683551,58.294441],[-134.609788,58.334892],[-134.651428,58.349168],[-134.649643,58.378912],[-134.77754,58.393188],[-134.792411,58.491936],[-134.990501,58.676344],[-134.93161,58.683483],[-134.938748,58.776876],[-134.99526,58.811379],[-135.026193,58.732856],[-135.151115,58.845881],[-135.208585,59.076824],[-135.373148,59.268242],[-135.331192,59.442091],[-135.350228,59.461126],[-135.396611,59.292434],[-135.541179,59.3136],[-135.36406,59.211403],[-135.295084,59.08761],[-135.36624,59.112061],[-135.411201,59.1885],[-135.542547,59.235137],[-135.446417,59.128537],[-135.377826,59.099262],[-135.393117,58.971493],[-135.323637,58.909627],[-135.339948,58.888955],[-135.142322,58.61637],[-135.137516,58.577835],[-135.186357,58.59777],[-135.189368,58.576244],[-135.058071,58.349447],[-135.053488,58.290498],[-135.095814,58.297233],[-135.1077,58.265034],[-135.056227,58.189884],[-135.306507,58.242916],[-135.446517,58.408235],[-135.475685,58.373058],[-135.630425,58.42858],[-135.687933,58.394949],[-135.917917,58.381237],[-135.897169,58.450001],[-135.99953,58.480281],[-135.893152,58.513929],[-135.933802,58.577313],[-135.872817,58.596014],[-136.089603,58.815729],[-136.049099,58.837826],[-136.050351,58.913433],[-136.120307,58.968418],[-136.163648,58.973204],[-136.106997,58.864441],[-136.150772,58.757266],[-136.247343,58.752935],[-136.493716,58.838963],[-136.544899,58.967314],[-136.591832,58.906968],[-136.69843,58.993562],[-136.619908,58.899574],[-136.670412,58.893224],[-137.045296,59.04942],[-136.915995,58.938384],[-137.037503,58.915635],[-137.089851,58.851984],[-137.013114,58.904927],[-136.58343,58.838826],[-136.356786,58.692581],[-136.489445,58.598353],[-136.317193,58.671231],[-136.100293,58.514636],[-136.053028,58.417375],[-136.041818,58.380161],[-136.11193,58.34253],[-136.276769,58.313894],[-136.305121,58.328691],[-136.273929,58.363409],[-136.336728,58.37757],[-136.382035,58.362694],[-136.357115,58.328838],[-136.376464,58.298625],[-136.570475,58.310954],[-136.567956,58.245153],[-136.658638,58.207323],[-136.70125,58.219416],[-136.730218,58.286153],[-136.857605,58.31636],[-136.946663,58.393185],[-137.018409,58.409141],[-137.084438,58.379483],[-137.67169,58.615523],[-137.687627,58.664989],[-137.928156,58.780533],[-137.951995,58.886029],[-138.192033,59.019877],[-138.636702,59.130585],[-138.847498,59.224835],[-139.420168,59.37976],[-139.855565,59.53666],[-139.837817,59.561984],[-139.762001,59.546213],[-139.703942,59.574767],[-139.69728,59.619501],[-139.634462,59.583333],[-139.485984,59.698499],[-139.582114,59.774642],[-139.634462,59.874579],[-139.625896,59.904084],[-139.527455,59.940047],[-139.488702,59.995034],[-139.505389,60.039428],[-139.555157,60.039243],[-139.60579,59.9556],[-139.705328,59.934826],[-139.801197,59.832586],[-140.3144,59.698302],[-140.883583,59.737613],[-141.468075,59.898374],[-141.485207,59.925024],[-141.299609,59.937397],[-141.2682,59.999263],[-141.327211,60.060177],[-141.277718,60.078261],[-141.291995,60.092538],[-141.376704,60.078261],[-141.368138,60.024009],[-141.40145,60.005925],[-141.595376,59.961905],[-142.698419,60.093333],[-143.624152,60.037257],[-143.897029,59.985938],[-144.234912,60.023057],[-144.048732,60.059271],[-144.285357,60.140127],[-144.253978,60.182934],[-144.596256,60.181666],[-144.75345,60.283515],[-144.942134,60.289728],[-144.848662,60.455192],[-145.12555,60.429389],[-145.216678,60.3657],[-145.335651,60.338098],[-145.594158,60.45183],[-145.96106,60.465017],[-145.802387,60.520173],[-145.647598,60.660991],[-145.896266,60.611789],[-145.897145,60.651214],[-145.851783,60.689858],[-146.005755,60.616854],[-145.901279,60.715373],[-146.253074,60.622315],[-146.27025,60.648035],[-146.050622,60.770092],[-146.257663,60.713068],[-146.346573,60.735747],[-146.402873,60.693084],[-146.499849,60.680134],[-146.649059,60.683438],[-146.703597,60.741903],[-146.304445,60.798038],[-146.173131,60.866071],[-146.262572,60.867787],[-146.394369,60.812271],[-146.550577,60.809402],[-146.596575,60.847212],[-146.636502,60.818987],[-146.613519,60.862709],[-146.664368,60.870854],[-146.724844,60.81212],[-146.819018,60.816346],[-146.816305,60.855628],[-146.774155,60.876225],[-146.69769,60.872534],[-146.745543,60.957582],[-146.642213,61.075017],[-146.262451,61.090246],[-146.288149,61.122606],[-146.613659,61.118799],[-146.973072,60.934835],[-147.055754,60.945468],[-147.047088,60.991209],[-147.094863,61.010189],[-147.171624,60.932877],[-147.252984,60.979621],[-147.278004,60.961063],[-147.252307,60.925587],[-147.378086,60.877845],[-147.451569,60.894219],[-147.47309,60.957552],[-147.517424,60.894819],[-147.549756,60.908009],[-147.502323,61.072056],[-147.550215,61.141642],[-147.6188,60.97004],[-147.602405,60.849978],[-147.668593,60.841563],[-147.665855,60.883774],[-147.732958,60.890371],[-147.738668,60.935105],[-147.787115,60.873511],[-147.729421,60.818252],[-147.872113,60.822085],[-147.925218,60.864197],[-147.920445,60.812442],[-148.033953,60.783198],[-148.144355,60.797089],[-148.101841,60.899347],[-147.950619,61.029211],[-147.949965,61.074541],[-147.746283,61.195418],[-147.726295,61.266802],[-147.977566,61.102143],[-148.065505,61.003979],[-148.161261,61.106902],[-148.373509,61.053602],[-148.356377,61.03647],[-148.436326,60.974604],[-148.286896,61.046939],[-148.168875,61.073589],[-148.164452,61.042665],[-148.19897,60.971584],[-148.281248,60.917792],[-148.31622,60.831717],[-148.393258,60.850396],[-148.338686,60.807481],[-148.548399,60.818035],[-148.45089,60.789487],[-148.633108,60.739989],[-148.601699,60.717146],[-148.525556,60.763784],[-148.395962,60.779701],[-148.366407,60.765833],[-148.396114,60.717146],[-148.374018,60.67264],[-148.229756,60.76414],[-148.257153,60.700966],[-148.190343,60.607564],[-148.333245,60.530464],[-148.529363,60.560102],[-148.692118,60.448743],[-148.460835,60.545825],[-148.293534,60.483001],[-148.102747,60.598026],[-147.979019,60.519146],[-147.941709,60.444029],[-148.216921,60.331594],[-148.215152,60.301014],[-148.35825,60.221586],[-148.208328,60.259342],[-148.192569,60.241826],[-148.234227,60.223689],[-148.165099,60.206173],[-148.139869,60.241081],[-148.090238,60.215863],[-148.126291,60.167063],[-148.051918,60.202062],[-148.003433,60.176167],[-148.09723,60.12012],[-148.14282,60.039833],[-148.317941,60.028731],[-148.290367,60.059995],[-148.292816,60.151289],[-148.346535,60.162108],[-148.423477,59.954053],[-148.471067,59.953101],[-148.52627,60.015919],[-148.541499,59.982606],[-148.55292,59.954053]]],[[[-174.301818,52.278949],[-174.455979,52.31369],[-174.358624,52.31419],[-174.3177,52.344869],[-174.324935,52.378095],[-174.185347,52.417788],[-174.068248,52.390331],[-173.985203,52.3176],[-174.060451,52.225326],[-174.198624,52.219244],[-174.082814,52.132069],[-174.09447,52.104274],[-174.334424,52.115198],[-174.411255,52.048757],[-174.736592,52.007308],[-174.885554,52.043001],[-175.09551,52.000797],[-175.341624,52.021588],[-175.132635,52.059223],[-175.092867,52.034794],[-174.937497,52.078334],[-174.905409,52.116509],[-174.839715,52.091338],[-174.656294,52.107962],[-174.527081,52.17472],[-174.41529,52.169376],[-174.453746,52.218823],[-174.299044,52.21467],[-174.249848,52.243694],[-174.255832,52.274152],[-174.301818,52.278949]]],[[[178.1176,52.048612],[178.175781,52.036777],[178.190963,52.003546],[178.105874,51.998357],[178.107266,52.045744],[178.1176,52.048612]]],[[[-176.018089,52.020099],[-176.044001,52.009331],[-176.027667,51.975112],[-176.079181,51.968884],[-176.180356,52.000426],[-176.211855,52.065533],[-176.143914,52.116097],[-176.058103,52.106467],[-175.999044,52.025385],[-176.018089,52.020099]]],[[[-175.680144,51.96897],[-175.652493,51.964813],[-175.730011,51.933817],[-175.726245,51.975969],[-175.680144,51.96897]]],[[[178.446964,51.978222],[178.591597,51.952652],[178.502493,51.899644],[178.454664,51.960501],[178.446964,51.978222]]],[[[179.758993,51.946595],[179.743012,51.911749],[179.639077,51.871931],[179.521868,51.896765],[179.475569,51.937456],[179.482464,51.982834],[179.647641,52.026259],[179.773922,51.970693],[179.767251,51.947572],[179.758993,51.946595]]],[[[177.601645,52.016377],[177.532729,51.97007],[177.607535,51.95472],[177.601005,51.922254],[177.373934,51.91976],[177.311768,51.825971],[177.203996,51.880531],[177.345577,51.963005],[177.497441,51.993328],[177.545604,52.101091],[177.602673,52.13732],[177.675952,52.092167],[177.609087,52.028518],[177.601645,52.016377]]],[[[-175.971562,51.888631],[-175.963041,51.846253],[-176.047892,51.846309],[-176.123965,51.802745],[-176.235544,51.823157],[-176.206069,51.883089],[-176.099137,51.855533],[-176.072225,51.867938],[-176.111452,51.889748],[-175.984993,51.908445],[-175.971562,51.888631]]],[[[178.380741,51.763907],[178.236931,51.828209],[178.372348,51.774146],[178.380741,51.763907]]],[[[-178.792409,51.746071],[-178.873024,51.782623],[-178.858248,51.820966],[-178.811249,51.839018],[-178.748283,51.809942],[-178.733355,51.783947],[-178.776661,51.748612],[-178.792409,51.746071]]],[[[-177.360408,51.727533],[-177.616753,51.703978],[-177.651386,51.653604],[-177.707802,51.703268],[-177.238175,51.79852],[-177.205675,51.820639],[-177.181271,51.943167],[-177.04509,51.898605],[-177.128617,51.833835],[-177.120581,51.739815],[-177.145675,51.707294],[-177.275121,51.68051],[-177.342784,51.721395],[-177.360408,51.727533]]],[[[-177.800647,51.778294],[-177.841411,51.68956],[-177.918806,51.67439],[-177.909185,51.596671],[-177.963852,51.650231],[-178.117864,51.677831],[-177.956443,51.722862],[-177.956998,51.772541],[-178.039344,51.778925],[-178.227822,51.873526],[-178.145326,51.917216],[-177.963723,51.917919],[-177.913269,51.879748],[-177.921569,51.853883],[-177.859763,51.826944],[-177.614511,51.853033],[-177.797719,51.793297],[-177.800647,51.778294]]],[[[-176.762478,51.867878],[-176.810433,51.927089],[-176.789558,51.957211],[-176.63051,51.970352],[-176.579975,52.003238],[-176.544867,51.927245],[-176.616095,51.903013],[-176.625463,51.859824],[-176.517599,51.839557],[-176.290728,51.872136],[-176.268243,51.785498],[-176.289921,51.741678],[-176.343756,51.73152],[-176.509655,51.763326],[-176.582933,51.691822],[-176.713062,51.68333],[-176.801675,51.613488],[-176.814437,51.66025],[-176.863062,51.684921],[-176.930952,51.59247],[-176.984331,51.602135],[-176.984489,51.657411],[-176.870997,51.72941],[-176.911016,51.807597],[-176.790163,51.817217],[-176.762478,51.867878]]],[[[178.785825,51.633434],[178.90391,51.614914],[179.076803,51.498518],[179.191082,51.462935],[179.236253,51.409606],[179.467581,51.371629],[179.261618,51.357688],[178.951626,51.541963],[178.625536,51.637303],[178.664013,51.661935],[178.738019,51.632734],[178.785825,51.633434]]],[[[-178.954338,51.339247],[-178.990684,51.311648],[-178.977782,51.398929],[-178.926874,51.38364],[-178.908883,51.340582],[-178.954338,51.339247]]],[[[-179.069176,51.262874],[-179.097619,51.226135],[-179.136196,51.229216],[-179.137239,51.286006],[-179.075466,51.284619],[-179.069176,51.262874]]],[[[-152.24289,58.241192],[-152.311415,58.221115],[-152.273605,58.12563],[-152.482674,58.129813],[-152.554461,58.08462],[-152.584222,58.187477],[-152.631214,58.081924],[-152.771303,58.046883],[-152.765327,58.008841],[-152.79626,57.992185],[-152.982406,57.984697],[-153.419783,58.059638],[-153.281874,58.147555],[-153.156402,58.090087],[-153.223709,58.16212],[-153.202801,58.20808],[-153.000579,58.211768],[-153.101841,58.257938],[-153.044316,58.306336],[-152.878858,58.288533],[-152.93644,58.334923],[-152.821964,58.328501],[-152.774048,58.366826],[-152.88886,58.409384],[-152.812207,58.403464],[-152.733845,58.460662],[-152.610955,58.475775],[-152.600534,58.494946],[-152.653673,58.506572],[-152.665999,58.564493],[-152.56771,58.621304],[-152.50282,58.593451],[-152.329835,58.632102],[-152.372317,58.531175],[-152.505516,58.441876],[-152.493991,58.354684],[-152.364682,58.364613],[-152.328063,58.434372],[-152.224965,58.357372],[-152.125339,58.396396],[-152.08925,58.367644],[-152.146519,58.24912],[-152.116569,58.248537],[-152.082342,58.309945],[-152.049109,58.289618],[-151.997324,58.34572],[-151.963817,58.328999],[-151.972053,58.230702],[-152.081083,58.154275],[-152.194827,58.174128],[-152.23383,58.243329],[-152.24289,58.241192]]],[[[-165.071243,62.576328],[-165.013184,62.640095],[-164.94751,62.601074],[-164.996048,62.586796],[-165.071243,62.576328]]],[[[-150.263992,61.122604],[-150.220215,61.170197],[-150.15834,61.167339],[-150.228775,61.123558],[-150.263992,61.122604]]],[[[-147.422668,60.864674],[-147.459793,60.877998],[-147.418869,60.871334],[-147.422668,60.864674]]],[[[-147.455276,60.717621],[-147.48764,60.728092],[-147.383896,60.741417],[-147.403885,60.720478],[-147.455276,60.717621]]],[[[-147.387695,60.687164],[-147.415298,60.704296],[-147.362,60.714767],[-147.373428,60.689068],[-147.387695,60.687164]]],[[[-173.045135,60.622803],[-173.11557,60.65897],[-173.09082,60.698948],[-173.063217,60.695141],[-173.041336,60.630417],[-173.045135,60.622803]]],[[[-147.483826,60.618637],[-147.46669,60.633865],[-147.500015,60.653851],[-147.460037,60.663372],[-147.473358,60.693829],[-147.381989,60.655754],[-147.308701,60.665276],[-147.348679,60.627201],[-147.406738,60.646236],[-147.45433,60.619587],[-147.483826,60.618637]]],[[[-148.15686,60.61813],[-148.238113,60.703819],[-148.202698,60.762295],[-148.107727,60.742844],[-148.090591,60.661942],[-148.138184,60.621967],[-148.15686,60.61813]]],[[[-146.216782,60.45023],[-146.330032,60.470634],[-146.289688,60.515694],[-145.760864,60.606739],[-145.820663,60.550053],[-146.109711,60.470345],[-146.216782,60.45023]]],[[[-152.080002,60.34119],[-152.005753,60.375454],[-151.952454,60.510609],[-151.839188,60.485863],[-151.963882,60.408768],[-151.956268,60.36784],[-152.080002,60.34119]]],[[[-145.089142,60.320015],[-145.039642,60.36665],[-145.084381,60.322868],[-145.089142,60.320015]]],[[[-145.210022,60.303833],[-145.299484,60.330482],[-145.173843,60.359989],[-145.196686,60.317158],[-145.210022,60.303833]]],[[[-172.289413,60.297295],[-172.366516,60.334412],[-172.595901,60.318233],[-172.72438,60.358208],[-172.948059,60.481941],[-173.044189,60.493362],[-173.044189,60.547611],[-172.919495,60.600914],[-172.90332,60.534286],[-172.784348,60.458145],[-172.551163,60.387714],[-172.380798,60.384857],[-172.231354,60.320137],[-172.240875,60.302052],[-172.289413,60.297295]]],[[[-145.136734,60.296219],[-145.161469,60.341904],[-145.086288,60.399014],[-145.113892,60.30098],[-145.136734,60.296219]]],[[[-148.076309,60.274567],[-148.154358,60.317398],[-147.993515,60.376408],[-148.0392,60.275517],[-148.076309,60.274567]]],[[[-146.627975,60.239632],[-146.693146,60.284592],[-146.5242,60.350666],[-146.717148,60.349598],[-146.723679,60.387608],[-146.610443,60.485615],[-146.355728,60.476345],[-146.350098,60.40778],[-146.127029,60.430817],[-146.090179,60.407818],[-146.106354,60.375454],[-146.392853,60.327477],[-146.6073,60.24118],[-146.627975,60.239632]]],[[[-147.483826,60.224598],[-147.496201,60.265526],[-147.341064,60.3055],[-147.340103,60.275043],[-147.389603,60.256008],[-147.483826,60.224598]]],[[[-144.285355,60.157257],[-144.312012,60.162018],[-144.271072,60.162018],[-144.285355,60.157257]]],[[[-152.560654,60.094681],[-152.63298,60.14893],[-152.619659,60.183193],[-152.567307,60.158447],[-152.55304,60.098488],[-152.560654,60.094681]]],[[[-144.345322,60.090633],[-144.430984,60.1525],[-144.340561,60.143932],[-144.324387,60.113476],[-144.345322,60.090633]]],[[[-144.367203,59.988792],[-144.39386,60.048756],[-144.367203,60.000214],[-144.367203,59.988792]]],[[[-131.827164,55.477463],[-131.847977,55.517914],[-131.752808,55.541706],[-131.817047,55.4846],[-131.827164,55.477463]]],[[[-133.365646,55.453819],[-133.447144,55.553162],[-133.369217,55.573387],[-133.287125,55.537102],[-133.28772,55.503193],[-133.35791,55.455009],[-133.365646,55.453819]]],[[[-133.820129,55.435974],[-133.720779,55.516281],[-133.757065,55.533531],[-133.732681,55.555542],[-133.585159,55.534721],[-133.658325,55.444897],[-133.740417,55.468693],[-133.810608,55.44014],[-133.820129,55.435974]]],[[[-133.535187,55.427647],[-133.62085,55.451443],[-133.527451,55.528179],[-133.437027,55.488323],[-133.451904,55.437759],[-133.535187,55.427647]]],[[[-133.663086,55.416344],[-133.618469,55.438354],[-133.644043,55.420509],[-133.663086,55.416344]]],[[[-133.306763,55.400879],[-133.325195,55.413963],[-133.293076,55.444897],[-133.234177,55.444897],[-133.28653,55.402065],[-133.306763,55.400879]]],[[[-163.134583,55.396416],[-163.171692,55.426872],[-163.122208,55.430679],[-163.119354,55.401176],[-163.134583,55.396416]]],[[[-133.438217,55.380653],[-133.423355,55.424671],[-133.423355,55.381844],[-133.438217,55.380653]]],[[[-130.963089,55.315533],[-130.97049,55.378902],[-130.931137,55.337017],[-130.963089,55.315533]]],[[[-160.038483,55.306866],[-160.112717,55.333515],[-160.062271,55.343033],[-160.028961,55.31353],[-160.038483,55.306866]]],[[[-131.606445,55.303131],[-131.661163,55.336441],[-131.598114,55.304317],[-131.606445,55.303131]]],[[[-131.033905,55.284466],[-131.038727,55.305515],[-131.027145,55.286556],[-131.033905,55.284466]]],[[[-160.338699,55.246498],[-160.526947,55.319042],[-160.491348,55.354843],[-160.333694,55.360138],[-160.306549,55.303276],[-160.33194,55.249092],[-160.338699,55.246498]]],[[[-133.608948,55.236694],[-133.68866,55.300346],[-133.631546,55.363995],[-133.674377,55.377678],[-133.578018,55.430027],[-133.463211,55.407421],[-133.465591,55.374702],[-133.570877,55.339012],[-133.604187,55.239075],[-133.608948,55.236694]]],[[[-131.408966,55.235352],[-131.459534,55.266285],[-131.40004,55.236542],[-131.408966,55.235352]]],[[[-133.341263,55.2057],[-133.453781,55.218498],[-133.470673,55.262234],[-133.423096,55.274132],[-133.458786,55.31815],[-133.359467,55.345596],[-133.305313,55.328262],[-133.315414,55.281864],[-133.232132,55.26759],[-133.253555,55.223568],[-133.308289,55.21167],[-133.341263,55.2057]]],[[[-161.629684,55.196575],[-161.693451,55.217514],[-161.529755,55.255585],[-161.587814,55.2099],[-161.629684,55.196575]]],[[[-148.122589,59.987484],[-148.147583,59.994621],[-148.114273,60.048161],[-147.971497,60.159996],[-147.890594,60.115974],[-148.038116,60.064816],[-148.09166,60.0089],[-148.122589,59.987484]]],[[[-148.036102,59.937874],[-148.028488,59.975945],[-147.833374,60.073978],[-147.813385,60.055893],[-147.901901,59.974041],[-148.036102,59.937874]]],[[[-148.227417,59.932163],[-148.195999,59.964523],[-148.218842,59.976894],[-148.111298,59.971184],[-147.993271,60.030197],[-148.148407,59.93692],[-148.227417,59.932163]]],[[[-149.340042,59.899799],[-149.345749,59.93692],[-149.32196,59.916935],[-149.340042,59.899799]]],[[[-149.377167,59.836983],[-149.400955,59.868393],[-149.365738,59.841743],[-149.377167,59.836983]]],[[[-144.590881,59.795582],[-144.567078,59.851738],[-144.439545,59.94025],[-144.323425,59.992599],[-144.196838,60.001167],[-144.563278,59.809856],[-144.590881,59.795582]]],[[[-147.858475,59.763817],[-147.927475,59.784039],[-147.879883,59.867321],[-147.803741,59.879219],[-147.808502,59.91848],[-147.681198,59.961311],[-147.697861,59.992245],[-147.471817,60.083851],[-147.390915,60.127872],[-147.321899,60.214722],[-147.213058,60.248779],[-147.183899,60.315849],[-147.214828,60.337265],[-147.182709,60.361061],[-147.091095,60.377716],[-147.124405,60.337265],[-146.999496,60.340836],[-147.105377,60.262314],[-146.918594,60.306332],[-146.957855,60.253983],[-147.357605,60.041023],[-147.376633,60.006519],[-147.352844,59.961311],[-147.490845,59.941086],[-147.453964,59.867321],[-147.600296,59.854233],[-147.766861,59.79118],[-147.858475,59.763817]]],[[[-139.549759,59.703259],[-139.595444,59.718487],[-139.562134,59.736568],[-139.519302,59.708015],[-139.549759,59.703259]]],[[[-163.944794,59.675884],[-164.027481,59.709789],[-163.940643,59.677666],[-163.944794,59.675884]]],[[[-139.662064,59.617596],[-139.671585,59.62426],[-139.670624,59.628067],[-139.654449,59.63092],[-139.640167,59.626163],[-139.649689,59.618549],[-139.662064,59.617596]]],[[[-149.77002,59.609982],[-149.839493,59.675655],[-149.762405,59.610935],[-149.77002,59.609982]]],[[[-139.77533,59.558586],[-139.798172,59.585236],[-139.713455,59.634727],[-139.719177,59.582382],[-139.753433,59.581429],[-139.77533,59.558586]]],[[[-153.515289,59.320877],[-153.573349,59.371323],[-153.560013,59.391312],[-153.412491,59.415104],[-153.347778,59.377987],[-153.36586,59.337059],[-153.466751,59.323734],[-153.515289,59.320877]]],[[[-150.721802,59.292088],[-150.772247,59.333015],[-150.697052,59.413914],[-150.617096,59.394878],[-150.618057,59.355858],[-150.680878,59.305412],[-150.721802,59.292088]]],[[[-151.796356,59.136948],[-151.880127,59.157887],[-151.799225,59.178825],[-151.793503,59.141705],[-151.796356,59.136948]]],[[[-151.430878,59.110294],[-151.526062,59.146465],[-151.430878,59.118862],[-151.430878,59.110294]]],[[[-151.673584,59.097923],[-151.723083,59.119812],[-151.640274,59.114101],[-151.655502,59.098873],[-151.673584,59.097923]]],[[[-135.29863,58.919262],[-135.334106,58.94389],[-135.349335,59.020035],[-135.296036,58.959118],[-135.29863,58.919262]]],[[[-152.058334,58.912563],[-152.063095,58.946827],[-152.004089,58.941116],[-152.046921,58.928741],[-152.058334,58.912563]]],[[[-152.016464,58.908756],[-151.955551,58.914467],[-151.988861,58.91161],[-152.016464,58.908756]]],[[[-152.316269,58.905899],[-152.356247,58.915417],[-152.307709,58.962055],[-152.154465,58.94302],[-152.276306,58.906853],[-152.316269,58.905899]]],[[[-136.793076,58.904747],[-136.861603,58.941868],[-136.785461,58.906651],[-136.793076,58.904747]]],[[[-136.559891,58.877148],[-136.578918,58.892376],[-136.553223,58.878098],[-136.559891,58.877148]]],[[[-160.183807,58.819271],[-160.232346,58.852585],[-160.179047,58.824032],[-160.183807,58.819271]]],[[[-160.426514,58.679359],[-160.405579,58.747887],[-160.387497,58.701248],[-160.426514,58.679359]]],[[[-160.274231,58.636528],[-160.316101,58.684116],[-160.300873,58.725998],[-160.250427,58.648903],[-160.274231,58.636528]]],[[[-136.205231,58.629562],[-136.246368,58.663185],[-136.211884,58.660973],[-136.205231,58.629562]]],[[[-159.971558,58.591793],[-159.993454,58.614639],[-159.960144,58.601311],[-159.971558,58.591793]]],[[[-136.096481,58.558895],[-136.145981,58.607433],[-136.088867,58.565556],[-136.096481,58.558895]]],[[[-134.908417,58.553802],[-134.920898,58.572838],[-134.898895,58.554398],[-134.908417,58.553802]]],[[[-161.075638,58.549915],[-161.056595,58.702202],[-160.686356,58.819271],[-160.880508,58.581326],[-161.051834,58.551819],[-161.075638,58.549915]]],[[[-136.017731,58.504879],[-136.027237,58.506783],[-136.026291,58.513447],[-136.017731,58.520107],[-135.999649,58.523914],[-135.986313,58.517254],[-135.995834,58.508686],[-136.017731,58.504879]]],[[[-134.955994,58.469925],[-135.02858,58.519894],[-134.939941,58.471115],[-134.955994,58.469925]]],[[[-134.840591,58.369987],[-134.923279,58.487179],[-134.810257,58.370583],[-134.840591,58.369987]]],[[[-135.649857,58.324516],[-135.727905,58.365444],[-135.631775,58.380672],[-135.538498,58.344505],[-135.598465,58.32547],[-135.649857,58.324516]]],[[[-136.094284,58.257118],[-136.156158,58.28389],[-136.038361,58.318985],[-136.0354,58.273182],[-136.068115,58.267826],[-136.094284,58.257118]]],[[[-136.313797,58.229755],[-136.373276,58.232136],[-136.4048,58.267231],[-136.281067,58.267826],[-136.307251,58.232136],[-136.313797,58.229755]]],[[[-151.86232,58.168266],[-151.890869,58.193249],[-151.86232,58.257496],[-151.790939,58.246788],[-151.817108,58.183731],[-151.86232,58.168266]]],[[[-134.108322,58.082668],[-134.147583,58.105274],[-134.102966,58.088024],[-134.108322,58.082668]]],[[[-132.887711,55.171219],[-132.95018,55.186092],[-132.891281,55.224163],[-132.880569,55.17598],[-132.887711,55.171219]]],[[[-159.644501,55.170231],[-159.667343,55.182606],[-159.647354,55.184509],[-159.644501,55.170231]]],[[[-161.344147,55.158504],[-161.437424,55.204189],[-161.32988,55.219418],[-161.32988,55.163261],[-161.344147,55.158504]]],[[[-159.733017,55.090282],[-159.750153,55.103607],[-159.714935,55.129307],[-159.713028,55.09409],[-159.733017,55.090282]]],[[[-161.87886,55.085537],[-161.919785,55.11314],[-161.866486,55.091248],[-161.87886,55.085537]]],[[[-159.799637,55.059826],[-159.825348,55.069344],[-159.806305,55.093136],[-159.770142,55.062679],[-159.799637,55.059826]]],[[[-161.582581,55.058224],[-161.608627,55.116905],[-161.549896,55.082565],[-161.565033,55.058872],[-161.582581,55.058224]]],[[[-159.294952,55.048164],[-159.331131,55.061489],[-159.291153,55.056732],[-159.294952,55.048164]]],[[[-131.190033,55.043175],[-131.240005,55.061615],[-131.241196,55.092548],[-131.190628,55.108013],[-131.187653,55.047337],[-131.190033,55.043175]]],[[[-132.91745,55.040943],[-132.934708,55.06831],[-132.906754,55.077827],[-132.912094,55.044514],[-132.91745,55.040943]]],[[[-161.941681,55.036995],[-161.963577,55.077923],[-161.92836,55.041756],[-161.941681,55.036995]]],[[[-147.240112,70.20874],[-147.18396,70.220161],[-147.210617,70.216354],[-147.240112,70.20874]]],[[[-168.080582,64.958557],[-168.07486,64.980446],[-168.050232,64.961235],[-168.080582,64.958557]]],[[[-166.204453,64.471207],[-166.227295,64.493103],[-166.192078,64.482628],[-166.204453,64.471207]]],[[[-164.874878,62.595779],[-164.929001,62.613625],[-164.936737,62.668945],[-164.843933,62.656456],[-164.818359,62.608864],[-164.843933,62.597565],[-164.874878,62.595779]]],[[[-132.725906,54.667965],[-132.871063,54.70068],[-132.877213,54.753773],[-133.163727,54.946362],[-133.172058,55.020718],[-133.222626,55.055817],[-133.191681,55.060574],[-133.2397,55.092415],[-133.142914,55.104],[-133.229172,55.123035],[-133.208344,55.139095],[-133.236893,55.164082],[-133.206558,55.165867],[-133.236908,55.183327],[-133.19664,55.192577],[-133.21727,55.243793],[-133.102463,55.240818],[-133.065582,55.148613],[-132.969803,55.062954],[-133.032257,55.067715],[-132.959503,55.021046],[-132.901398,54.910072],[-132.750305,54.820843],[-132.673553,54.66975],[-132.725906,54.667965]]],[[[-164.86937,54.190384],[-164.763718,54.224648],[-164.822739,54.201805],[-164.86937,54.190384]]],[[[-164.839859,54.178013],[-164.84938,54.18277],[-164.848434,54.184673],[-164.833206,54.187531],[-164.814163,54.186577],[-164.817978,54.179916],[-164.839859,54.178013]]],[[[-165.555603,54.02763],[-165.572739,54.040955],[-165.5242,54.067604],[-165.484222,54.043808],[-165.508026,54.031437],[-165.555603,54.02763]]],[[[-166.152374,53.955296],[-166.197113,53.984798],[-166.075287,53.96957],[-166.116211,53.957199],[-166.152374,53.955296]]],[[[-168.026962,53.922863],[-168.050339,53.934204],[-168.024216,53.923893],[-168.026962,53.922863]]],[[[-169.745361,53.04491],[-169.788193,53.060139],[-169.738708,53.064899],[-169.745361,53.04491]]],[[[-168.465927,52.975193],[-168.477356,52.979],[-168.483063,52.983761],[-168.466873,52.990421],[-168.445938,52.979954],[-168.445938,52.976147],[-168.465927,52.975193]]],[[[-169.248291,52.768658],[-169.156921,52.798161],[-169.222595,52.772465],[-169.248291,52.768658]]],[[[-171.117599,52.558311],[-171.16423,52.565926],[-171.115692,52.569733],[-171.117599,52.558311]]],[[[-175.128281,52.214764],[-175.135895,52.214764],[-175.14064,52.219521],[-175.14064,52.228088],[-175.127319,52.227135],[-175.12352,52.220474],[-175.128281,52.214764]]],[[[-175.502319,52.160511],[-175.529922,52.173836],[-175.493759,52.169075],[-175.502319,52.160511]]],[[[177.361801,52.11668],[177.357361,52.119221],[177.356934,52.123669],[177.363068,52.125996],[177.36879,52.125786],[177.371338,52.121761],[177.368149,52.118374],[177.361801,52.11668]]],[[[-175.493759,51.973484],[-175.4319,51.977291],[-175.471863,51.976341],[-175.493759,51.973484]]],[[[-175.878281,51.963966],[-175.954422,51.983002],[-175.807846,51.989666],[-175.874466,51.968727],[-175.878281,51.963966]]],[[[-176.129547,51.948738],[-176.134308,51.955402],[-176.130508,51.959209],[-176.096237,51.962063],[-176.088623,51.955402],[-176.093384,51.949688],[-176.129547,51.948738]]],[[[-176.000107,51.942074],[-176.017242,51.963966],[-175.991547,51.952545],[-176.000107,51.942074]]],[[[-176.051498,51.928749],[-176.034378,51.956352],[-176.03627,51.929703],[-176.051498,51.928749]]],[[[-175.791672,51.916378],[-175.868759,51.947784],[-175.794525,51.958256],[-175.760254,51.917328],[-175.791672,51.916378]]],[[[-159.774658,54.794041],[-159.818436,54.82069],[-159.694702,54.834965],[-159.751816,54.806412],[-159.774658,54.794041]]],[[[-133.527725,54.76347],[-133.539154,54.835804],[-133.520111,54.767277],[-133.527725,54.76347]]],[[[-159.543381,54.754063],[-159.597626,54.755966],[-159.587158,54.827351],[-159.510056,54.78928],[-159.51387,54.759773],[-159.543381,54.754063]]],[[[-132.641098,54.7495],[-132.806473,54.869068],[-132.818375,54.923203],[-132.71962,54.936882],[-132.637527,54.895241],[-132.626236,54.844677],[-132.657761,54.832783],[-132.623856,54.757233],[-132.641098,54.7495]]],[[[-177.45253,51.889729],[-177.464905,51.913521],[-177.426834,51.916378],[-177.434448,51.896389],[-177.45253,51.889729]]],[[[178.022491,51.870995],[178.018402,51.874561],[178.018402,51.87915],[178.024017,51.88068],[178.031158,51.87915],[178.032684,51.874561],[178.029617,51.871506],[178.022491,51.870995]]],[[[-178.642258,51.586109],[-178.68129,51.608952],[-178.618469,51.609901],[-178.621323,51.588963],[-178.642258,51.586109]]],[[[-178.576584,51.583252],[-178.606094,51.59753],[-178.567078,51.59848],[-178.576584,51.583252]]],[[[-179.039154,51.569927],[-179.05629,51.590866],[-179.034393,51.576591],[-179.039154,51.569927]]],[[[-178.74411,51.541374],[-178.857361,51.576591],[-178.734589,51.542328],[-178.74411,51.541374]]],[[[-178.288193,51.472847],[-178.307236,51.482365],[-178.274872,51.473797],[-178.288193,51.472847]]],[[[-154.479446,58.050247],[-154.513702,58.067379],[-154.463257,58.057861],[-154.479446,58.050247]]],[[[-152.773056,57.922585],[-152.857773,57.962563],[-152.720718,57.984451],[-152.751175,57.933056],[-152.773056,57.922585]]],[[[-134.233536,57.903316],[-134.279221,57.955666],[-134.195465,57.93663],[-134.202347,57.90633],[-134.233536,57.903316]]],[[[-134.11824,57.770473],[-134.218307,57.892849],[-134.108856,57.801476],[-134.108856,57.771019],[-134.11824,57.770473]]],[[[-152.297165,57.748409],[-152.230545,57.78553],[-152.277176,57.75983],[-152.297165,57.748409]]],[[[-152.311447,57.364128],[-152.257187,57.386017],[-152.285751,57.366982],[-152.311447,57.364128]]],[[[-133.817017,57.288704],[-133.833191,57.31345],[-133.804642,57.292511],[-133.817017,57.288704]]],[[[-133.849365,57.277279],[-133.856979,57.311546],[-133.842712,57.283943],[-133.849365,57.277279]]],[[[-133.51857,57.213688],[-133.538193,57.252357],[-133.514404,57.216068],[-133.51857,57.213688]]],[[[-135.442902,57.183983],[-135.508347,57.231571],[-135.400665,57.242279],[-135.404831,57.20718],[-135.442902,57.183983]]],[[[-135.514893,57.139366],[-135.549988,57.15662],[-135.535706,57.226814],[-135.455994,57.17625],[-135.507751,57.141151],[-135.514893,57.139366]]],[[[-132.819595,56.977528],[-132.84816,57.022144],[-132.81424,56.982883],[-132.819595,56.977528]]],[[[-153.599213,56.889187],[-153.616348,56.900608],[-153.550674,56.912979],[-153.570648,56.892994],[-153.599213,56.889187]]],[[[-154.153152,56.681698],[-154.050354,56.73024],[-154.017044,56.689312],[-154.136963,56.686455],[-154.153152,56.681698]]],[[[-157.39856,56.633991],[-157.42807,56.644459],[-157.390945,56.637798],[-157.39856,56.633991]]],[[[-132.486481,56.603359],[-132.570358,56.633698],[-132.537033,56.686638],[-132.328842,56.660465],[-132.472198,56.605141],[-132.486481,56.603359]]],[[[-132.45079,56.564098],[-132.44722,56.596813],[-132.400818,56.606926],[-132.410339,56.586105],[-132.45079,56.564098]]],[[[-132.464172,56.512047],[-132.465958,56.545357],[-132.446915,56.516804],[-132.464172,56.512047]]],[[[-132.54924,56.510857],[-132.562912,56.534653],[-132.520676,56.562016],[-132.538528,56.513237],[-132.54924,56.510857]]],[[[-132.573029,56.488251],[-132.615265,56.509071],[-132.562317,56.491821],[-132.573029,56.488251]]],[[[-133.786163,56.455601],[-133.835663,56.496529],[-133.780457,56.457504],[-133.786163,56.455601]]],[[[-132.586121,56.44899],[-132.65274,56.482899],[-132.576599,56.456127],[-132.586121,56.44899]]],[[[-133.806152,56.395641],[-133.81662,56.419434],[-133.789978,56.397545],[-133.806152,56.395641]]],[[[-132.520081,56.353813],[-132.562317,56.379391],[-132.502243,56.436497],[-132.404678,56.405563],[-132.494507,56.355003],[-132.520081,56.353813]]],[[[-157.826767,56.311001],[-157.901001,56.348118],[-157.832474,56.37001],[-157.813446,56.318615],[-157.826767,56.311001]]],[[[-133.931488,56.285172],[-133.959442,56.29826],[-133.928513,56.286957],[-133.931488,56.285172]]],[[[-132.970459,56.248966],[-132.999619,56.272163],[-132.960358,56.256699],[-132.970459,56.248966]]],[[[-132.950241,56.203159],[-133.004959,56.216248],[-133.000809,56.24123],[-132.924667,56.208515],[-132.950241,56.203159]]],[[[-132.894318,56.157356],[-132.985931,56.196022],[-132.893127,56.159737],[-132.894318,56.157356]]],[[[-132.997833,56.153786],[-132.997833,56.187695],[-132.9776,56.154381],[-132.997833,56.153786]]],[[[-156.77182,56.150009],[-156.801315,56.158573],[-156.785141,56.226151],[-156.759445,56.15667],[-156.77182,56.150009]]],[[[-158.113495,56.133728],[-158.158234,56.140392],[-158.099213,56.140392],[-158.113495,56.133728]]],[[[-132.898483,56.10025],[-132.940125,56.124638],[-132.920502,56.147839],[-132.87291,56.129398],[-132.891342,56.102032],[-132.898483,56.10025]]],[[[-156.687103,56.00629],[-156.75087,56.042458],[-156.693771,56.068153],[-156.677597,56.012951],[-156.687103,56.00629]]],[[[-132.032898,55.976074],[-132.070374,56.031395],[-132.029327,56.093262],[-131.986496,56.027824],[-132.01088,55.983212],[-132.032898,55.976074]]],[[[-133.338089,55.909893],[-133.327377,55.958076],[-133.319061,55.911678],[-133.338089,55.909893]]],[[[-133.4767,55.902752],[-133.495728,55.911083],[-133.47551,55.910488],[-133.4767,55.902752]]],[[[-160.92189,55.893688],[-160.818146,55.951748],[-160.80101,55.902256],[-160.852417,55.907967],[-160.92189,55.893688]]],[[[-133.420975,55.880341],[-133.42395,55.885693],[-133.423355,55.891045],[-133.413834,55.89283],[-133.407883,55.89283],[-133.403717,55.889263],[-133.407883,55.885098],[-133.416214,55.883907],[-133.420975,55.880341]]],[[[-133.489777,55.877769],[-133.524277,55.882526],[-133.483826,55.885502],[-133.489777,55.877769]]],[[[-133.384094,55.87677],[-133.396576,55.879745],[-133.399551,55.884502],[-133.391815,55.889263],[-133.382904,55.889858],[-133.375168,55.888073],[-133.375763,55.880932],[-133.384094,55.87677]]],[[[-131.696884,55.852226],[-131.717117,55.856987],[-131.648697,55.912903],[-131.583862,55.864719],[-131.645721,55.858173],[-131.696884,55.852226]]],[[[-133.67955,55.850407],[-133.703339,55.890858],[-133.674194,55.857544],[-133.67955,55.850407]]],[[[-131.827164,55.845684],[-131.83905,55.849251],[-131.840836,55.852821],[-131.838455,55.856392],[-131.831924,55.858173],[-131.824188,55.856392],[-131.815262,55.852226],[-131.817642,55.848061],[-131.827164,55.845684]]],[[[-159.110016,55.828205],[-159.185196,55.841534],[-159.145233,55.876747],[-159.086212,55.834869],[-159.110016,55.828205]]],[[[-158.858734,55.806316],[-158.897766,55.826302],[-158.881577,55.86628],[-158.819717,55.891975],[-158.703598,55.841534],[-158.845413,55.853905],[-158.865402,55.827255],[-158.840652,55.80822],[-158.858734,55.806316]]],[[[-133.257187,55.775452],[-133.352966,55.837318],[-133.34404,55.880745],[-133.272064,55.905727],[-133.286331,55.870037],[-133.24588,55.879555],[-133.223282,55.846836],[-133.234589,55.798653],[-133.257187,55.775452]]],[[[-159.30513,55.748257],[-159.355576,55.807266],[-159.321304,55.815834],[-159.279434,55.762535],[-159.30513,55.748257]]],[[[-159.394592,55.714943],[-159.364136,55.773956],[-159.328918,55.764439],[-159.394592,55.714943]]],[[[-133.532806,55.69355],[-133.643326,55.729038],[-133.701157,55.78516],[-133.655945,55.823231],[-133.556,55.835129],[-133.422058,55.788822],[-133.315674,55.797653],[-133.335312,55.761364],[-133.41655,55.739647],[-133.508423,55.767315],[-133.49176,55.706638],[-133.532806,55.69355]]],[[[-133.589905,55.618599],[-133.62323,55.642986],[-133.575638,55.653694],[-133.607758,55.684032],[-133.542923,55.667377],[-133.582184,55.619194],[-133.589905,55.618599]]],[[[-133.696396,55.581123],[-133.727325,55.600754],[-133.692825,55.582905],[-133.696396,55.581123]]],[[[-131.718887,55.535759],[-131.702835,55.563717],[-131.716522,55.541706],[-131.718887,55.535759]]],[[[-159.832001,55.012234],[-159.844376,55.055065],[-159.812012,55.013187],[-159.832001,55.012234]]],[[[-131.252487,55.011646],[-131.283432,55.016998],[-131.240601,55.029491],[-131.252487,55.011646]]],[[[-132.755051,54.99157],[-132.890686,55.039158],[-132.830612,55.078423],[-132.876999,55.099834],[-132.894852,55.153969],[-132.838928,55.196205],[-132.696167,55.124226],[-132.68486,55.033806],[-132.749115,54.99276],[-132.755051,54.99157]]],[[[-161.877914,54.983696],[-161.910278,55.026527],[-161.862686,54.993214],[-161.877914,54.983696]]],[[[-131.519592,54.958702],[-131.533264,55.002129],[-131.498169,54.992611],[-131.50412,54.961678],[-131.519592,54.958702]]]]}},{"type":"Feature","properties":{"state":"Arizona","abbr":"AZ"},"geometry":{"type":"Polygon","coordinates":[[[-109.045223,36.999084],[-109.050044,31.332502],[-111.074825,31.332239],[-114.813613,32.494277],[-114.809393,32.617119],[-114.701918,32.745548],[-114.539224,32.749812],[-114.468971,32.845155],[-114.467664,32.966861],[-114.511343,33.023455],[-114.662317,33.032671],[-114.706488,33.08816],[-114.672088,33.258499],[-114.731223,33.302434],[-114.698035,33.352442],[-114.725282,33.405048],[-114.643302,33.416745],[-114.524599,33.552231],[-114.531523,33.675108],[-114.494197,33.707922],[-114.52805,33.814963],[-114.50792,33.903807],[-114.535478,33.934651],[-114.438266,34.022609],[-114.415908,34.107636],[-114.229715,34.186928],[-114.134427,34.266387],[-114.176909,34.349306],[-114.386699,34.457911],[-114.380838,34.529724],[-114.470477,34.711368],[-114.635176,34.875003],[-114.636893,35.028367],[-114.602908,35.068588],[-114.646759,35.101872],[-114.578524,35.12875],[-114.569238,35.18348],[-114.604314,35.353584],[-114.677643,35.489742],[-114.653406,35.610789],[-114.689407,35.651412],[-114.71211,35.806185],[-114.67742,35.874728],[-114.731159,35.943916],[-114.755618,36.087166],[-114.631716,36.142306],[-114.446605,36.12597],[-114.405475,36.147371],[-114.252651,36.020193],[-114.148191,36.028013],[-114.123144,36.111576],[-114.046838,36.194069],[-114.0506,37.000396],[-109.181196,36.999271],[-109.045223,36.999084]]]}},{"type":"Feature","properties":{"state":"Arkansas","abbr":"AR"},"geometry":{"type":"Polygon","coordinates":[[[-94.55929,36.499496],[-90.152481,36.497952],[-90.138512,36.413952],[-90.064514,36.382085],[-90.06398,36.303038],[-90.319168,36.089976],[-90.37789,35.995683],[-89.733095,36.000608],[-89.644838,35.904351],[-89.669553,35.883281],[-89.741241,35.906749],[-89.772467,35.865098],[-89.706085,35.81826],[-89.781793,35.805084],[-89.821216,35.756716],[-89.956254,35.733386],[-89.931036,35.660044],[-89.861277,35.670064],[-89.851825,35.644262],[-89.956749,35.590511],[-89.9154,35.515119],[-89.989363,35.560043],[-90.039744,35.548041],[-90.018842,35.464816],[-90.044856,35.392964],[-90.085009,35.478835],[-90.169002,35.421853],[-90.166246,35.374745],[-90.13551,35.376668],[-90.130475,35.413745],[-90.074992,35.384152],[-90.109093,35.304987],[-90.168794,35.279088],[-90.07875,35.227806],[-90.117393,35.18789],[-90.065392,35.137691],[-90.165328,35.125228],[-90.209397,35.026546],[-90.295596,35.040093],[-90.309297,34.995694],[-90.244725,34.921031],[-90.313476,34.871698],[-90.307384,34.846195],[-90.414864,34.831846],[-90.438313,34.884581],[-90.479872,34.883264],[-90.452479,34.739898],[-90.518317,34.73279],[-90.522892,34.802265],[-90.568081,34.724802],[-90.466041,34.674312],[-90.532188,34.627487],[-90.549856,34.695478],[-90.588419,34.670963],[-90.540736,34.548085],[-90.588942,34.491097],[-90.571145,34.420319],[-90.658542,34.375705],[-90.669343,34.31302],[-90.693129,34.32257],[-90.683222,34.368817],[-90.765764,34.362109],[-90.743082,34.302257],[-90.828267,34.27365],[-90.847808,34.20653],[-90.929015,34.244541],[-90.916048,34.196916],[-90.816572,34.183023],[-90.810884,34.155903],[-90.847168,34.136884],[-90.91001,34.165508],[-90.9543,34.138498],[-90.870528,34.080516],[-90.89242,34.02686],[-90.987948,34.019038],[-90.967632,33.963324],[-91.01889,34.003151],[-91.087921,33.975335],[-91.010318,33.929352],[-91.073011,33.857449],[-90.988466,33.78453],[-91.023285,33.762991],[-91.132185,33.78342],[-91.146618,33.732456],[-91.117733,33.705342],[-91.059891,33.714816],[-91.03146,33.678142],[-91.09404,33.658351],[-91.160866,33.707096],[-91.229015,33.677543],[-91.130445,33.606034],[-91.231418,33.560593],[-91.182901,33.502379],[-91.235181,33.438972],[-91.177293,33.443638],[-91.167403,33.498304],[-91.117975,33.453807],[-91.208113,33.402007],[-91.140938,33.380477],[-91.086498,33.451576],[-91.057621,33.445341],[-91.142219,33.348989],[-91.106142,33.241799],[-91.07853,33.283306],[-91.043624,33.274636],[-91.091711,33.220813],[-91.089862,33.139655],[-91.20178,33.125121],[-91.121195,33.059166],[-91.166073,33.004106],[-94.042964,33.019219],[-94.04345,33.552253],[-94.082641,33.575492],[-94.128658,33.550952],[-94.183913,33.594682],[-94.217198,33.580737],[-94.196395,33.555123],[-94.250197,33.556765],[-94.242777,33.589709],[-94.381667,33.544035],[-94.382887,33.583268],[-94.412175,33.568691],[-94.471974,33.602665],[-94.448637,33.642766],[-94.485875,33.637867],[-94.431215,35.39429],[-94.617919,36.499414],[-94.55929,36.499496]]]}},{"type":"Feature","properties":{"state":"California","abbr":"CA"},"geometry":{"type":"MultiPolygon","coordinates":[[[[-122.446316,37.861046],[-122.421341,37.869946],[-122.443302,37.855448],[-122.446316,37.861046]]],[[[-122.3785,37.826505],[-122.377879,37.830648],[-122.369941,37.832137],[-122.363244,37.823951],[-122.358779,37.814278],[-122.362661,37.807577],[-122.372422,37.811301],[-122.37267,37.81651],[-122.3785,37.826505]]],[[[-123.013916,37.700355],[-123.013897,37.704478],[-123.012194,37.706749],[-123.004489,37.706262],[-123.00019,37.702937],[-122.997189,37.697909],[-123.000677,37.690203],[-123.005543,37.689392],[-123.011464,37.691907],[-123.014303,37.696205],[-123.013916,37.700355]]],[[[-119.789798,34.05726],[-119.637742,34.013178],[-119.59324,34.049625],[-119.52064,34.034262],[-119.560464,33.99553],[-119.758141,33.959212],[-119.873358,33.980375],[-119.876329,34.032087],[-119.923337,34.069361],[-119.807825,34.052127],[-119.789798,34.05726]]],[[[-120.248484,33.999329],[-120.043259,34.035806],[-120.046575,34.000002],[-119.978876,33.983081],[-119.97026,33.944359],[-120.121817,33.895712],[-120.224461,33.989059],[-120.248484,33.999329]]],[[[-118.500212,33.449592],[-118.370323,33.409285],[-118.305084,33.310323],[-118.465368,33.326056],[-118.48875,33.419826],[-118.60403,33.47654],[-118.530702,33.468071],[-118.500212,33.449592]]],[[[-119.543842,33.280329],[-119.429559,33.228167],[-119.545872,33.233406],[-119.578942,33.278628],[-119.547642,33.280328],[-119.543842,33.280329]]],[[[-118.524531,32.895488],[-118.605534,33.030999],[-118.569013,33.029151],[-118.353504,32.821962],[-118.425634,32.800595],[-118.524641,32.893175],[-118.524531,32.895488]]],[[[-120.46258,34.042627],[-120.368278,34.076465],[-120.302122,34.023574],[-120.465329,34.038448],[-120.46258,34.042627]]],[[[-119.422972,34.004368],[-119.441226,34.014075],[-119.357462,34.015919],[-119.414528,34.004994],[-119.422972,34.004368]]],[[[-117.124862,32.534156],[-117.168866,32.671952],[-117.246069,32.669352],[-117.28217,32.839547],[-117.25447,32.900146],[-117.315278,33.093504],[-117.469794,33.296417],[-117.645582,33.440728],[-117.715349,33.460556],[-117.784888,33.541525],[-118.132698,33.753217],[-118.180831,33.763072],[-118.181367,33.717367],[-118.258687,33.703741],[-118.411211,33.741985],[-118.428407,33.774715],[-118.392107,33.840915],[-118.519514,34.027509],[-118.744952,34.032103],[-118.805114,34.001239],[-119.130169,34.100102],[-119.216441,34.146105],[-119.278644,34.266902],[-119.559459,34.413395],[-119.873971,34.408795],[-120.141165,34.473405],[-120.471376,34.447846],[-120.511421,34.522953],[-120.637805,34.56622],[-120.60045,34.70464],[-120.637415,34.755895],[-120.610266,34.85818],[-120.670835,34.904115],[-120.629931,35.061515],[-120.644311,35.139616],[-120.856047,35.206487],[-120.89679,35.247877],[-120.862684,35.346776],[-120.884757,35.430196],[-121.003359,35.46071],[-121.166712,35.635399],[-121.284731,35.662508],[-121.332449,35.783106],[-121.462264,35.885618],[-121.503112,36.000299],[-121.574602,36.025156],[-121.717176,36.195146],[-121.902729,36.306379],[-121.954915,36.523084],[-121.925937,36.525173],[-121.932508,36.559935],[-121.978592,36.580488],[-121.93643,36.636746],[-121.860604,36.611136],[-121.814462,36.682858],[-121.788278,36.803994],[-121.862266,36.931552],[-121.930069,36.97815],[-122.105976,36.955951],[-122.405073,37.195791],[-122.40085,37.359225],[-122.452087,37.48054],[-122.516689,37.52134],[-122.494085,37.644035],[-122.514483,37.780829],[-122.478083,37.810828],[-122.398139,37.80563],[-122.356784,37.729505],[-122.39319,37.707531],[-122.386072,37.637662],[-122.35531,37.615736],[-122.378545,37.605592],[-122.262698,37.572866],[-122.168449,37.504143],[-122.111344,37.50758],[-122.163049,37.667933],[-122.246826,37.72193],[-122.243947,37.751779],[-122.33079,37.78383],[-122.302981,37.836497],[-122.31557,37.896961],[-122.385908,37.908136],[-122.430087,37.963115],[-122.367582,37.978168],[-122.367909,38.01253],[-122.283478,38.022674],[-122.273006,38.07438],[-122.39638,38.149976],[-122.489974,38.112014],[-122.497828,38.019402],[-122.448413,37.984713],[-122.503064,37.928753],[-122.438268,37.880974],[-122.480811,37.873448],[-122.479151,37.825428],[-122.529452,37.81489],[-122.639977,37.897349],[-122.727297,37.904626],[-122.856573,38.016717],[-122.939711,38.031908],[-122.97439,37.992429],[-123.024066,37.994878],[-122.949074,38.15406],[-122.993959,38.237602],[-122.977082,38.267902],[-123.024333,38.310573],[-123.063671,38.302178],[-123.128825,38.450418],[-123.331899,38.565542],[-123.441774,38.699744],[-123.725367,38.917438],[-123.738886,38.95412],[-123.690095,39.031157],[-123.822085,39.343857],[-123.766475,39.552803],[-123.851714,39.832041],[-124.079983,40.029773],[-124.110549,40.103765],[-124.363414,40.260974],[-124.347853,40.314634],[-124.409591,40.438076],[-124.158322,40.876069],[-124.112165,41.028173],[-124.153622,41.05355],[-124.165414,41.129822],[-124.106986,41.229678],[-124.066057,41.470258],[-124.147412,41.717955],[-124.255994,41.783014],[-124.208439,41.888192],[-124.211605,41.99846],[-119.999168,41.99454],[-120.001014,38.999574],[-117.500117,37.22038],[-114.633013,35.002085],[-114.634382,34.87289],[-114.470477,34.711368],[-114.380838,34.529724],[-114.386699,34.457911],[-114.176909,34.349306],[-114.134427,34.266387],[-114.434181,34.087379],[-114.438266,34.022609],[-114.535478,33.934651],[-114.50792,33.903807],[-114.52805,33.814963],[-114.494197,33.707922],[-114.531523,33.675108],[-114.524599,33.552231],[-114.643302,33.416745],[-114.725282,33.405048],[-114.698035,33.352442],[-114.731223,33.302434],[-114.672088,33.258499],[-114.706488,33.08816],[-114.66506,33.033908],[-114.52013,33.029984],[-114.469039,32.972295],[-114.468971,32.845155],[-114.530755,32.793485],[-114.526856,32.757094],[-114.618373,32.728245],[-114.701918,32.745548],[-114.719633,32.718763],[-117.062759,32.539857],[-117.124862,32.534156]]],[[[-119.050743,33.463242],[-119.029091,33.488674],[-119.032524,33.46513],[-119.050743,33.463242]]]]}},{"type":"Feature","properties":{"state":"Colorado","abbr":"CO"},"geometry":{"type":"Polygon","coordinates":[[[-102.04224,36.993083],[-109.045223,36.999084],[-109.050076,41.000659],[-102.051614,41.002377],[-102.041952,37.024742],[-102.04224,36.993083]]]}},{"type":"Feature","properties":{"state":"Connecticut","abbr":"CT"},"geometry":{"type":"MultiPolygon","coordinates":[[[[-71.85957,41.322399],[-71.945652,41.337799],[-72.11182,41.299098],[-72.184122,41.323997],[-72.205109,41.285187],[-72.547235,41.250499],[-72.617237,41.271998],[-72.895445,41.243697],[-72.916827,41.282033],[-73.111052,41.150797],[-73.177774,41.166697],[-73.657336,40.985171],[-73.727775,41.100696],[-73.482709,41.21276],[-73.550961,41.295422],[-73.487314,42.049638],[-72.813541,42.036494],[-72.816741,41.997595],[-72.766739,42.002995],[-72.755838,42.036195],[-71.80065,42.023569],[-71.797683,41.416709],[-71.842563,41.409855],[-71.829595,41.344544],[-71.860513,41.320248],[-71.85957,41.322399]]],[[[-73.422165,41.047562],[-73.352051,41.08812],[-73.385735,41.05925],[-73.422165,41.047562]]]]}},{"type":"Feature","properties":{"state":"Delaware","abbr":"DE"},"geometry":{"type":"MultiPolygon","coordinates":[[[[-75.559446,39.629812],[-75.55587,39.605824],[-75.570798,39.626768],[-75.559446,39.629812]]],[[[-75.564927,39.583248],[-75.576271,39.588144],[-75.578719,39.591504],[-75.579615,39.598656],[-75.565823,39.590608],[-75.564927,39.583248]]],[[[-75.509742,39.686113],[-75.613153,39.62096],[-75.563034,39.56224],[-75.589901,39.462022],[-75.402964,39.254626],[-75.402035,39.066885],[-75.318354,38.988191],[-75.304078,38.91316],[-75.190552,38.806861],[-75.089473,38.797198],[-75.048939,38.451263],[-75.693521,38.460128],[-75.788359,39.721811],[-75.617251,39.833999],[-75.498843,39.833312],[-75.405337,39.796213],[-75.509042,39.694513],[-75.509742,39.686113]]]]}},{"type":"Feature","properties":{"state":"District of Columbia","abbr":"DC"},"geometry":{"type":"Polygon","coordinates":[[[-77.038598,38.791513],[-77.040599,38.871212],[-77.1199,38.934311],[-77.040999,38.99511],[-76.909395,38.892812],[-77.001397,38.821513],[-77.038598,38.791513]]]}},{"type":"Feature","properties":{"state":"Florida","abbr":"FL"},"geometry":{"type":"MultiPolygon","coordinates":[[[[-85.156415,29.679628],[-85.077237,29.670862],[-85.124913,29.628433],[-85.222546,29.678039],[-85.168625,29.682409],[-85.156415,29.679628]]],[[[-84.777208,29.707398],[-84.696726,29.76993],[-84.776954,29.692191],[-84.957779,29.612635],[-85.051033,29.586928],[-85.097082,29.625215],[-85.023501,29.597073],[-84.79816,29.699321],[-84.777208,29.707398]]],[[[-82.821585,27.964443],[-82.835425,28.094841],[-82.815168,27.973721],[-82.821585,27.964443]]],[[[-82.478063,27.92768],[-82.475273,27.820991],[-82.553946,27.848462],[-82.529918,27.877501],[-82.553918,27.966998],[-82.641487,27.999426],[-82.720522,27.955798],[-82.710022,27.928299],[-82.628063,27.910397],[-82.586519,27.816703],[-82.63982,27.703907],[-82.718822,27.692007],[-82.698091,27.638858],[-82.733076,27.612972],[-82.740323,27.718206],[-82.851126,27.8863],[-82.782724,28.055894],[-82.805097,28.172181],[-82.665055,28.484434],[-82.668722,28.695658],[-82.712373,28.720921],[-82.696906,28.768009],[-82.730245,28.850155],[-82.688864,28.905609],[-82.764055,28.999707],[-82.759704,29.054192],[-82.816925,29.076215],[-82.804736,29.146624],[-82.991653,29.180664],[-83.053207,29.130839],[-83.077265,29.255331],[-83.169576,29.290355],[-83.218075,29.420492],[-83.294747,29.437923],[-83.311546,29.475666],[-83.400252,29.517242],[-83.412768,29.668485],[-83.537645,29.72306],[-83.686423,29.923735],[-84.000716,30.096209],[-84.167881,30.071422],[-84.205589,30.114323],[-84.203349,30.085875],[-84.256439,30.103791],[-84.277168,30.060263],[-84.358923,30.058224],[-84.342046,29.967101],[-84.432958,29.981292],[-84.339426,29.946007],[-84.349066,29.896812],[-84.511996,29.916574],[-84.888031,29.722406],[-84.877111,29.772888],[-84.90413,29.786279],[-84.993264,29.714961],[-85.121473,29.715854],[-85.344768,29.654793],[-85.397871,29.740498],[-85.413575,29.85294],[-85.392469,29.870914],[-85.405907,29.80193],[-85.353885,29.684765],[-85.31139,29.697557],[-85.302591,29.808094],[-85.405052,29.938487],[-85.509148,29.971466],[-85.601178,30.056342],[-85.9226,30.238024],[-86.222561,30.343585],[-86.750906,30.391881],[-87.518324,30.280435],[-87.452378,30.300201],[-87.504701,30.324039],[-87.366939,30.44048],[-87.447702,30.510458],[-87.395026,30.615281],[-87.406958,30.675165],[-87.532607,30.743489],[-87.634938,30.865886],[-87.598928,30.997457],[-85.0019,31.000681],[-84.935413,30.882481],[-84.914322,30.753591],[-84.864693,30.711542],[-82.214839,30.568591],[-82.23582,30.537187],[-82.201416,30.485164],[-82.210291,30.42459],[-82.161757,30.357851],[-82.036825,30.377884],[-82.005477,30.563495],[-82.049507,30.655548],[-82.043795,30.729641],[-82.022866,30.787991],[-81.973856,30.778487],[-81.949787,30.827493],[-81.719927,30.744634],[-81.432725,30.703017],[-81.447087,30.503679],[-81.410809,30.482039],[-81.385505,30.273841],[-81.240924,29.739218],[-80.966176,29.14796],[-80.574868,28.585166],[-80.525094,28.459454],[-80.587813,28.410856],[-80.606874,28.336484],[-80.566432,28.09563],[-80.383695,27.740045],[-80.031362,26.796339],[-80.127987,25.772245],[-80.154972,25.66549],[-80.166241,25.72895],[-80.197674,25.74437],[-80.240376,25.724206],[-80.301464,25.613299],[-80.339421,25.499427],[-80.306801,25.384369],[-80.394469,25.253061],[-80.49315,25.225157],[-80.495341,25.199463],[-80.520359,25.220788],[-80.645876,25.189005],[-80.669236,25.137837],[-80.656942,25.168216],[-80.681611,25.173293],[-80.703718,25.139115],[-80.764464,25.159163],[-80.777499,25.135047],[-80.791186,25.16177],[-80.802266,25.140913],[-80.807481,25.181975],[-80.87546,25.174321],[-80.900577,25.139669],[-81.079859,25.118797],[-81.172044,25.222276],[-81.151916,25.324766],[-81.117265,25.354953],[-81.253951,25.638181],[-81.346078,25.721473],[-81.352731,25.822015],[-81.527665,25.901531],[-81.644553,25.897953],[-81.68954,25.85271],[-81.801663,26.088227],[-81.868983,26.378648],[-82.024604,26.512677],[-82.105672,26.48393],[-82.137869,26.637441],[-82.181565,26.681712],[-82.139019,26.702986],[-82.093023,26.665614],[-82.055076,26.802452],[-82.059101,26.876621],[-82.093023,26.906518],[-82.063126,26.950214],[-82.175241,26.916867],[-82.147068,26.789803],[-82.233311,26.784054],[-82.259867,26.717398],[-82.289086,26.827784],[-82.539719,27.254326],[-82.743017,27.531086],[-82.690421,27.496415],[-82.65072,27.523115],[-82.482305,27.742649],[-82.43198,27.768092],[-82.393383,27.837519],[-82.461055,27.938161],[-82.478063,27.92768]]],[[[-82.255777,26.703437],[-82.166042,26.489679],[-82.013913,26.452058],[-82.082915,26.422059],[-82.177017,26.471558],[-82.264351,26.698496],[-82.255777,26.703437]]],[[[-80.463986,25.09321],[-80.3498,25.210595],[-80.333787,25.253891],[-80.368186,25.282359],[-80.292567,25.314385],[-80.174544,25.518406],[-80.204198,25.412244],[-80.377084,25.130487],[-80.571668,24.953659],[-80.766965,24.836158],[-80.558785,24.971505],[-80.467178,25.091265],[-80.463986,25.09321]]],[[[-80.788263,24.824218],[-80.850866,24.803701],[-80.780564,24.84052],[-80.788263,24.824218]]],[[[-80.89054,24.791678],[-80.884572,24.791561],[-80.88402,24.790414],[-80.892649,24.785991],[-80.906874,24.783744],[-80.89054,24.791678]]],[[[-80.909954,24.781154],[-81.078439,24.692382],[-81.125371,24.708291],[-80.910431,24.782324],[-80.909954,24.781154]]],[[[-81.249799,24.673357],[-81.281778,24.65375],[-81.260006,24.674848],[-81.249799,24.673357]]],[[[-81.582923,24.658732],[-81.562917,24.692912],[-81.459043,24.707355],[-81.451267,24.747464],[-81.432032,24.722908],[-81.425483,24.752989],[-81.319282,24.701238],[-81.298028,24.656774],[-81.395096,24.621062],[-81.49858,24.66498],[-81.511165,24.625135],[-81.602998,24.586444],[-81.81289,24.546468],[-81.798797,24.595676],[-81.687017,24.592534],[-81.587759,24.655998],[-81.582923,24.658732]]],[[[-80.699844,24.896555],[-80.703285,24.897243],[-80.704659,24.898619],[-80.703629,24.904118],[-80.699844,24.90893],[-80.698471,24.909273],[-80.697098,24.908585],[-80.693314,24.899305],[-80.695724,24.897243],[-80.699844,24.896555]]],[[[-81.303253,24.714029],[-81.342278,24.7383],[-81.324638,24.76721],[-81.297401,24.716732],[-81.303253,24.714029]]],[[[-82.158653,24.547716],[-82.114037,24.563778],[-82.134857,24.599468],[-82.099762,24.575079],[-82.130692,24.548906],[-82.158653,24.547716]]],[[[-82.840569,28.163084],[-82.83799,28.235435],[-82.840401,28.166864],[-82.840569,28.163084]]],[[[-82.832405,28.106716],[-82.833786,28.13026],[-82.830688,28.107403],[-82.832405,28.106716]]],[[[-82.429779,27.863234],[-82.437683,27.865124],[-82.435448,27.884199],[-82.424622,27.884199],[-82.424454,27.884027],[-82.424278,27.868217],[-82.429779,27.863234]]],[[[-82.43222,27.822289],[-82.441689,27.823534],[-82.438576,27.839603],[-82.431221,27.838608],[-82.43222,27.822289]]],[[[-82.755928,27.575552],[-82.763145,27.580364],[-82.764694,27.5893],[-82.762283,27.602533],[-82.75885,27.60047],[-82.760056,27.582769],[-82.755928,27.575552]]],[[[-84.670555,29.777298],[-84.573975,29.830572],[-84.62484,29.788467],[-84.670555,29.777298]]]]}},{"type":"Feature","properties":{"state":"Georgia","abbr":"GA"},"geometry":{"type":"Polygon","coordinates":[[[-81.444124,30.709714],[-81.719927,30.744634],[-81.949787,30.827493],[-81.973856,30.778487],[-82.022866,30.787991],[-82.043795,30.729641],[-82.049507,30.655548],[-82.005477,30.563495],[-82.036825,30.377884],[-82.161757,30.357851],[-82.210291,30.42459],[-82.201416,30.485164],[-82.23582,30.537187],[-82.214839,30.568591],[-84.864693,30.711542],[-84.913522,30.752291],[-84.935413,30.882481],[-85.005105,30.974704],[-85.029736,31.096163],[-85.107516,31.186451],[-85.114601,31.277333],[-85.041305,31.540987],[-85.058169,31.620227],[-85.12553,31.694965],[-85.141831,31.839261],[-85.053815,32.013502],[-85.061144,32.134065],[-84.890894,32.261504],[-85.007103,32.328362],[-84.96303,32.424244],[-85.076399,32.594665],[-85.1844,32.861317],[-85.605165,34.984678],[-83.108535,35.000771],[-83.121112,34.939129],[-83.323866,34.789712],[-83.353238,34.728648],[-83.33869,34.682002],[-83.23178,34.611297],[-83.169994,34.605444],[-83.034712,34.483495],[-82.876864,34.475303],[-82.835004,34.366069],[-82.746656,34.266407],[-82.717507,34.150504],[-82.641553,34.092212],[-82.556835,33.945353],[-82.32448,33.820033],[-82.247472,33.752591],[-82.186154,33.62088],[-82.046335,33.56383],[-81.985938,33.486536],[-81.926336,33.462937],[-81.939737,33.344941],[-81.847296,33.306783],[-81.852136,33.247544],[-81.768935,33.217447],[-81.743835,33.14145],[-81.492253,33.009342],[-81.502427,32.935353],[-81.417984,32.818196],[-81.427517,32.701896],[-81.393033,32.651543],[-81.41866,32.629392],[-81.366964,32.577059],[-81.281324,32.556464],[-81.186829,32.464086],[-81.20513,32.423788],[-81.122333,32.305395],[-81.156587,32.24391],[-81.118234,32.189201],[-81.117234,32.117605],[-81.050234,32.085308],[-81.002297,32.100048],[-80.922794,32.039151],[-80.84313,32.024226],[-80.862814,31.969346],[-80.972392,31.94127],[-80.934508,31.90918],[-80.99269,31.857641],[-81.065255,31.877095],[-81.075812,31.829031],[-81.036873,31.812721],[-81.068116,31.768735],[-81.130634,31.722692],[-81.203572,31.719448],[-81.131137,31.695774],[-81.133493,31.623348],[-81.173079,31.555908],[-81.260076,31.54828],[-81.177254,31.517074],[-81.278798,31.367214],[-81.282923,31.326491],[-81.25482,31.315452],[-81.288403,31.211065],[-81.399677,31.134113],[-81.420474,31.016703],[-81.493651,30.977528],[-81.403409,30.957914],[-81.460061,30.769912],[-81.449375,30.715601],[-81.444124,30.709714]]]}},{"type":"Feature","properties":{"state":"Hawaii","abbr":"HI"},"geometry":{"type":"MultiPolygon","coordinates":[[[[-171.73761,25.792097],[-171.730728,25.75107],[-171.751389,25.781382],[-171.73761,25.792097]]],[[[-167.998505,24.997116],[-167.99939,24.999472],[-167.999969,25.001759],[-168.001266,25.005043],[-167.997711,25.004431],[-167.99556,25.001871],[-167.995834,24.998215],[-167.998505,24.997116]]],[[[-166.253326,23.872839],[-166.2453,23.871731],[-166.247986,23.867916],[-166.252747,23.869291],[-166.253326,23.872839]]],[[[-166.297455,23.869505],[-166.283691,23.872631],[-166.278641,23.870165],[-166.280426,23.866076],[-166.292633,23.864462],[-166.297989,23.86611],[-166.297455,23.869505]]],[[[-166.225662,23.865953],[-166.218231,23.861296],[-166.216766,23.854198],[-166.220642,23.853935],[-166.223907,23.858036],[-166.226562,23.862135],[-166.225662,23.865953]]],[[[-166.214935,23.786917],[-166.212082,23.787283],[-166.208633,23.783916],[-166.209152,23.781681],[-166.211899,23.781967],[-166.213821,23.78393],[-166.214935,23.786917]]],[[[-166.174179,23.736132],[-166.170227,23.731037],[-166.169724,23.726048],[-166.172852,23.728069],[-166.173676,23.731142],[-166.174179,23.736132]]],[[[-164.711365,23.583843],[-164.689255,23.574688],[-164.712448,23.575563],[-164.711365,23.583843]]],[[[-161.938049,23.071775],[-161.910767,23.065514],[-161.935745,23.053579],[-161.938049,23.071775]]],[[[-159.431707,22.220015],[-159.353795,22.217669],[-159.295271,22.13039],[-159.337996,22.046575],[-159.334714,21.961099],[-159.446599,21.871647],[-159.610241,21.898356],[-159.788139,22.018411],[-159.726043,22.152171],[-159.583965,22.22668],[-159.507811,22.205987],[-159.488558,22.23317],[-159.441809,22.226321],[-159.431707,22.220015]]],[[[-160.125,21.95909],[-160.09645,22.001489],[-160.051992,21.983681],[-160.079065,21.89608],[-160.16162,21.864746],[-160.218044,21.783755],[-160.24961,21.815145],[-160.231028,21.886263],[-160.127302,21.955508],[-160.125,21.95909]]],[[[-160.555771,21.668287],[-160.551041,21.670101],[-160.54332,21.667128],[-160.542404,21.648081],[-160.549316,21.645353],[-160.554123,21.649546],[-160.555771,21.668287]]],[[[-157.789581,21.438396],[-157.789734,21.437679],[-157.789276,21.435833],[-157.790543,21.434313],[-157.791718,21.434881],[-157.793045,21.43391],[-157.793167,21.43574],[-157.791565,21.43651],[-157.791779,21.437752],[-157.793289,21.437658],[-157.791779,21.438435],[-157.791092,21.438442],[-157.790741,21.43874],[-157.789581,21.438396]]],[[[-158.0668,21.6437],[-157.968628,21.712704],[-157.836945,21.529945],[-157.84099,21.459483],[-157.786513,21.415633],[-157.772209,21.457741],[-157.731777,21.455944],[-157.7386,21.4043],[-157.6537,21.302],[-157.7001,21.264],[-157.7213,21.2869],[-157.8096,21.2577],[-157.90482,21.329172],[-157.910925,21.305768],[-157.967971,21.327986],[-158.1127,21.3019],[-158.233,21.4876],[-158.234314,21.540058],[-158.27951,21.575794],[-158.12561,21.586739],[-158.079895,21.628101],[-158.0668,21.6437]]],[[[-157.257085,21.227268],[-156.999108,21.182221],[-156.974002,21.218503],[-156.903466,21.16421],[-156.712696,21.161547],[-156.794136,21.075796],[-156.877137,21.0493],[-157.079696,21.105835],[-157.298054,21.096917],[-157.26069,21.225684],[-157.257085,21.227268]]],[[[-157.010001,20.929757],[-156.897169,20.915395],[-156.837047,20.863575],[-156.808469,20.820396],[-156.838321,20.764575],[-156.96789,20.73508],[-156.991834,20.826603],[-157.059663,20.884634],[-157.025626,20.929528],[-157.010001,20.929757]]],[[[-156.612012,21.02477],[-156.546291,21.005082],[-156.474796,20.894546],[-156.324578,20.950184],[-156.230159,20.931936],[-156.115735,20.827301],[-156.003532,20.795545],[-155.991534,20.713654],[-156.142665,20.623605],[-156.415313,20.586099],[-156.444242,20.607941],[-156.464043,20.781667],[-156.537752,20.778408],[-156.631794,20.82124],[-156.688969,20.888673],[-156.680905,20.980262],[-156.619581,21.027793],[-156.612012,21.02477]]],[[[-156.544169,20.522802],[-156.668809,20.504738],[-156.703673,20.527237],[-156.576871,20.60657],[-156.539643,20.527644],[-156.544169,20.522802]]],[[[-155.778234,20.245743],[-155.598033,20.124539],[-155.443957,20.095318],[-155.204486,19.969438],[-155.086341,19.855399],[-155.087118,19.728013],[-155.006423,19.739286],[-154.983778,19.641647],[-154.809561,19.522377],[-154.838545,19.463642],[-154.980861,19.349291],[-155.159635,19.268375],[-155.296761,19.266289],[-155.51474,19.132501],[-155.601866,18.971572],[-155.672005,18.917466],[-155.88155,19.036644],[-155.908355,19.081138],[-155.888701,19.348031],[-155.978206,19.608159],[-156.064364,19.730766],[-156.049651,19.780452],[-155.976651,19.85053],[-155.925843,19.858928],[-155.831948,19.982775],[-155.828182,20.035424],[-155.899149,20.145728],[-155.901452,20.235787],[-155.853293,20.271548],[-155.783242,20.246395],[-155.778234,20.245743]]],[[[-178.304504,28.385405],[-178.342102,28.388927],[-178.29454,28.388641],[-178.304504,28.385405]]],[[[-175.737091,27.928402],[-175.733627,27.927259],[-175.73494,27.924505],[-175.73735,27.92152],[-175.740997,27.919806],[-175.741638,27.923454],[-175.737091,27.928402]]],[[[-175.741394,27.914927],[-175.738281,27.913597],[-175.740921,27.910934],[-175.740662,27.907433],[-175.743881,27.907583],[-175.744064,27.912766],[-175.741394,27.914927]]],[[[-175.861572,27.782007],[-175.862808,27.786123],[-175.858521,27.786539],[-175.858475,27.78336],[-175.861572,27.782007]]],[[[-175.811966,27.777546],[-175.814713,27.779062],[-175.818054,27.779791],[-175.816559,27.782473],[-175.812057,27.78273],[-175.807434,27.781155],[-175.807541,27.778721],[-175.811966,27.777546]]],[[[-175.905075,27.766842],[-175.895187,27.765072],[-175.895706,27.762028],[-175.904953,27.762661],[-175.906647,27.765076],[-175.905075,27.766842]]],[[[-175.943802,27.758139],[-175.934143,27.759706],[-175.932022,27.756479],[-175.929947,27.748564],[-175.935898,27.747883],[-175.942276,27.752869],[-175.943802,27.758139]]],[[[-173.982803,26.085909],[-173.95903,26.080111],[-173.977859,26.062843],[-173.982803,26.085909]]]]}},{"type":"Feature","properties":{"state":"Idaho","abbr":"ID"},"geometry":{"type":"Polygon","coordinates":[[[-111.046689,42.001567],[-117.026222,42.000252],[-117.026871,43.832479],[-116.982347,43.86884],[-116.934485,44.021249],[-116.977351,44.085364],[-116.894083,44.160191],[-116.971675,44.197256],[-116.975905,44.242844],[-117.05303,44.229076],[-117.104208,44.27994],[-117.198147,44.273828],[-117.222647,44.297578],[-117.189769,44.336585],[-117.242675,44.396548],[-117.215072,44.427162],[-117.225076,44.482346],[-117.149242,44.536151],[-117.062273,44.727143],[-116.9347,44.783881],[-116.852427,44.887577],[-116.847944,45.022602],[-116.729607,45.142091],[-116.673793,45.321511],[-116.463504,45.615785],[-116.535396,45.691734],[-116.546643,45.750972],[-116.665344,45.781998],[-116.711822,45.826267],[-116.782676,45.825376],[-116.859795,45.907264],[-116.981962,46.084915],[-116.92187,46.167808],[-116.965841,46.203417],[-116.986688,46.296662],[-117.06263,46.352522],[-117.034696,46.418318],[-117.032351,48.999188],[-116.049193,49.000912],[-116.04885,47.977186],[-115.852291,47.827991],[-115.831755,47.755785],[-115.72377,47.696671],[-115.73627,47.654762],[-115.689404,47.595402],[-115.747263,47.543197],[-115.653044,47.476035],[-115.728801,47.428925],[-115.578619,47.367007],[-115.51186,47.295219],[-115.326903,47.255912],[-115.300504,47.188139],[-115.140375,47.093013],[-115.049538,46.970774],[-115.001274,46.971901],[-114.929997,46.919625],[-114.947413,46.859324],[-114.920459,46.827697],[-114.765106,46.758153],[-114.788656,46.714033],[-114.76689,46.696901],[-114.696656,46.740572],[-114.620859,46.707415],[-114.642713,46.673145],[-114.593292,46.632848],[-114.32456,46.653579],[-114.342072,46.519679],[-114.403019,46.498675],[-114.376413,46.442983],[-114.422458,46.387097],[-114.425587,46.287899],[-114.470479,46.26732],[-114.445928,46.173933],[-114.527096,46.146218],[-114.460049,46.097104],[-114.493418,46.03717],[-114.403712,45.967049],[-114.431159,45.935737],[-114.388243,45.88234],[-114.409477,45.85164],[-114.509303,45.845531],[-114.566172,45.773864],[-114.495421,45.703321],[-114.507645,45.658949],[-114.563652,45.637412],[-114.538132,45.606834],[-114.559038,45.565706],[-114.460542,45.561283],[-114.333218,45.459316],[-114.270717,45.486116],[-114.248121,45.545877],[-114.192802,45.536596],[-114.086584,45.59118],[-113.986656,45.704564],[-113.93422,45.682232],[-113.904691,45.622007],[-113.806729,45.602146],[-113.834555,45.520729],[-113.766022,45.520621],[-113.78416,45.454946],[-113.733092,45.390173],[-113.738729,45.329741],[-113.599506,45.191114],[-113.57467,45.128411],[-113.45197,45.059247],[-113.443782,44.95989],[-113.498745,44.942314],[-113.455071,44.865424],[-113.377153,44.834858],[-113.341704,44.784853],[-113.247166,44.82295],[-113.131453,44.772837],[-113.06776,44.679474],[-113.049349,44.62938],[-113.083819,44.60222],[-113.019777,44.528505],[-113.003544,44.450814],[-112.855395,44.359975],[-112.81324,44.378103],[-112.836034,44.422653],[-112.781294,44.484888],[-112.71911,44.504344],[-112.387389,44.448058],[-112.35421,44.535638],[-112.286187,44.568472],[-112.106755,44.520829],[-111.870504,44.564033],[-111.821488,44.509286],[-111.704218,44.560205],[-111.471682,44.540824],[-111.525764,44.604883],[-111.473178,44.665479],[-111.489339,44.704946],[-111.414271,44.710741],[-111.385005,44.755128],[-111.29626,44.702271],[-111.224161,44.623402],[-111.23018,44.587025],[-111.131379,44.499925],[-111.048974,44.474072],[-111.047109,42.142497],[-111.046689,42.001567]]]}},{"type":"Feature","properties":{"state":"Illinois","abbr":"IL"},"geometry":{"type":"Polygon","coordinates":[[[-87.532331,39.997776],[-87.531646,39.347888],[-87.589084,39.333831],[-87.61005,39.282232],[-87.574558,39.218404],[-87.64599,39.1449],[-87.572588,39.057286],[-87.578319,38.988786],[-87.512187,38.954417],[-87.553384,38.863344],[-87.496494,38.742728],[-87.531231,38.684036],[-87.62012,38.639489],[-87.657084,38.507169],[-87.739522,38.475069],[-87.745254,38.408996],[-87.822721,38.346912],[-87.838243,38.29375],[-87.938727,38.289264],[-87.982688,38.221527],[-87.92168,38.148407],[-87.999734,38.100857],[-87.984931,38.069008],[-88.02979,38.025046],[-88.012929,37.966544],[-88.058499,37.865349],[-88.02803,37.799224],[-88.160187,37.657592],[-88.064234,37.484548],[-88.470224,37.396255],[-88.515939,37.284043],[-88.424403,37.152428],[-88.458948,37.073796],[-88.545403,37.070003],[-88.966831,37.229891],[-89.041263,37.202881],[-89.168087,37.074218],[-89.178975,37.020928],[-89.132685,36.9822],[-89.185491,36.973518],[-89.25493,37.072014],[-89.30829,37.068371],[-89.260003,37.023288],[-89.278628,36.98867],[-89.378277,37.039605],[-89.37871,37.094586],[-89.461862,37.199517],[-89.458827,37.248661],[-89.51834,37.285497],[-89.421054,37.387668],[-89.517051,37.537278],[-89.519808,37.582748],[-89.475932,37.592998],[-89.517718,37.641217],[-89.514255,37.689923],[-89.663352,37.750052],[-89.669644,37.799922],[-89.842649,37.905196],[-89.901832,37.869822],[-89.950594,37.881526],[-89.974918,37.926719],[-89.925085,37.960021],[-89.997103,37.963225],[-90.11052,38.026547],[-90.359559,38.224525],[-90.368219,38.340254],[-90.18451,38.611551],[-90.21141,38.72135],[-90.123107,38.798048],[-90.113327,38.849306],[-90.440078,38.967364],[-90.545872,38.874008],[-90.625122,38.888654],[-90.71158,39.046798],[-90.681086,39.10059],[-90.72996,39.255894],[-91.03827,39.448436],[-91.100307,39.538695],[-91.153628,39.548248],[-91.181936,39.602677],[-91.367753,39.729029],[-91.363444,39.792804],[-91.436051,39.84551],[-91.41936,39.927717],[-91.494878,40.036453],[-91.492727,40.278217],[-91.446308,40.361823],[-91.372554,40.4012],[-91.364211,40.500043],[-91.405241,40.554641],[-91.339719,40.613488],[-91.123928,40.669152],[-91.092993,40.821079],[-90.952233,40.954047],[-90.946627,41.096632],[-91.113648,41.241401],[-91.04589,41.414085],[-90.655839,41.462132],[-90.556235,41.524232],[-90.461432,41.523533],[-90.343228,41.587833],[-90.310708,41.742214],[-90.180954,41.809354],[-90.140061,42.003252],[-90.162895,42.116718],[-90.391108,42.225473],[-90.443874,42.355218],[-90.655927,42.491703],[-87.800477,42.49192],[-87.828569,42.269922],[-87.671462,42.058334],[-87.60945,41.845233],[-87.524141,41.72399],[-87.532287,40.000037],[-87.532331,39.997776]]]}},{"type":"Feature","properties":{"state":"Indiana","abbr":"IN"},"geometry":{"type":"Polygon","coordinates":[[[-88.02803,37.799224],[-88.058499,37.865349],[-88.012929,37.966544],[-88.02979,38.025046],[-87.984931,38.069008],[-87.999734,38.100857],[-87.92168,38.148407],[-87.979548,38.228256],[-87.938727,38.289264],[-87.838243,38.29375],[-87.822721,38.346912],[-87.745254,38.408996],[-87.739522,38.475069],[-87.657084,38.507169],[-87.62012,38.639489],[-87.531231,38.684036],[-87.496494,38.742728],[-87.553384,38.863344],[-87.512187,38.954417],[-87.578319,38.988786],[-87.572588,39.057286],[-87.64599,39.1449],[-87.574558,39.218404],[-87.61005,39.282232],[-87.589084,39.333831],[-87.531646,39.347888],[-87.524044,41.708335],[-87.470742,41.672835],[-87.3993,41.67762],[-87.42344,41.642835],[-87.278437,41.619736],[-87.066033,41.661845],[-86.824828,41.76024],[-84.805883,41.760216],[-84.820157,39.10548],[-84.897364,39.057378],[-84.829857,38.969385],[-84.877029,38.909016],[-84.785234,38.880439],[-84.829958,38.830632],[-84.812877,38.786087],[-84.990006,38.778383],[-85.172528,38.688082],[-85.275454,38.741172],[-85.434065,38.729455],[-85.456978,38.689135],[-85.423077,38.531581],[-85.498866,38.468242],[-85.607629,38.439295],[-85.683561,38.295469],[-85.744862,38.26717],[-85.829364,38.276769],[-85.908764,38.161169],[-85.925418,38.023456],[-86.029509,37.99264],[-86.042354,37.958018],[-86.095766,38.00893],[-86.261273,38.052721],[-86.271802,38.137874],[-86.360377,38.198796],[-86.377434,38.171379],[-86.323453,38.139032],[-86.401653,38.105396],[-86.463248,38.119278],[-86.430091,38.078638],[-86.521825,38.038327],[-86.50662,37.930719],[-86.588581,37.921159],[-86.598108,37.867382],[-86.638265,37.842718],[-86.661637,37.849714],[-86.647081,37.908621],[-86.73146,37.89434],[-86.820071,37.999392],[-87.033444,37.906593],[-87.067836,37.806065],[-87.111133,37.782512],[-87.162319,37.840159],[-87.380247,37.935596],[-87.447786,37.942427],[-87.511499,37.906426],[-87.589816,37.976042],[-87.62896,37.926714],[-87.588426,37.868791],[-87.615399,37.831974],[-87.675538,37.831732],[-87.67573,37.90193],[-87.830578,37.876516],[-87.898062,37.927514],[-87.940839,37.883338],[-87.90681,37.807624],[-87.95259,37.771742],[-88.021021,37.801409],[-88.02803,37.799224]]]}},{"type":"Feature","properties":{"state":"Iowa","abbr":"IA"},"geometry":{"type":"Polygon","coordinates":[[[-95.765645,40.585208],[-95.776251,40.647463],[-95.888907,40.731855],[-95.835232,40.779151],[-95.84859,40.861061],[-95.809474,40.891228],[-95.882415,41.060411],[-95.862587,41.088399],[-95.883489,41.154898],[-95.841288,41.174998],[-95.92599,41.195698],[-95.927491,41.298397],[-95.90249,41.273398],[-95.871489,41.295797],[-95.956691,41.345496],[-95.922529,41.455766],[-96.011757,41.476212],[-96.005079,41.544004],[-96.040701,41.507076],[-96.09409,41.539265],[-96.121401,41.688522],[-96.073063,41.705004],[-96.106425,41.73789],[-96.064537,41.793002],[-96.161756,41.90182],[-96.129505,41.971673],[-96.186265,41.977417],[-96.194556,42.008662],[-96.236487,41.996428],[-96.223822,42.033346],[-96.271427,42.044988],[-96.2689,42.11359],[-96.349688,42.172043],[-96.328905,42.254734],[-96.417786,42.351449],[-96.386007,42.474495],[-96.476509,42.493595],[-96.516338,42.630435],[-96.639704,42.737071],[-96.526357,42.891852],[-96.541689,42.922576],[-96.49167,43.009707],[-96.518431,43.042068],[-96.46085,43.064033],[-96.436589,43.120842],[-96.475571,43.221054],[-96.56044,43.224219],[-96.553217,43.259141],[-96.58522,43.268878],[-96.580346,43.298204],[-96.530392,43.300034],[-96.521572,43.38564],[-96.594254,43.434153],[-96.598928,43.500457],[-91.217706,43.50055],[-91.20662,43.352524],[-91.107237,43.313645],[-91.057918,43.255366],[-91.175253,43.134665],[-91.179457,43.067427],[-91.14556,42.90798],[-91.100565,42.883078],[-91.06468,42.750914],[-90.949213,42.685573],[-90.706303,42.634169],[-90.643927,42.540401],[-90.654027,42.478503],[-90.443874,42.355218],[-90.391108,42.225473],[-90.161884,42.11378],[-90.140061,42.003252],[-90.180954,41.809354],[-90.310708,41.742214],[-90.343228,41.587833],[-90.461432,41.523533],[-90.591037,41.512832],[-90.655839,41.462132],[-91.04589,41.414085],[-91.113648,41.241401],[-90.946627,41.096632],[-90.952233,40.954047],[-91.092993,40.821079],[-91.123928,40.669152],[-91.339719,40.613488],[-91.405241,40.554641],[-91.364211,40.500043],[-91.38836,40.384929],[-91.482322,40.382057],[-91.526425,40.413404],[-91.52509,40.457845],[-91.574746,40.465664],[-91.620071,40.540817],[-91.6887,40.55739],[-91.729115,40.61364],[-94.089194,40.572806],[-95.746443,40.584935],[-95.765645,40.585208]]]}},{"type":"Feature","properties":{"state":"Kansas","abbr":"KS"},"geometry":{"type":"Polygon","coordinates":[[[-94.61808,36.998135],[-102.04224,36.993083],[-102.051744,40.003078],[-95.30829,39.999998],[-95.204428,39.938949],[-95.201935,39.904053],[-95.090158,39.86314],[-94.943867,39.89813],[-94.939767,39.85193],[-94.875944,39.813294],[-94.935302,39.77561],[-94.869644,39.772894],[-94.862943,39.742994],[-94.965318,39.739065],[-94.971317,39.68641],[-95.027644,39.665454],[-95.049277,39.589583],[-95.103228,39.577783],[-95.109304,39.542285],[-94.942039,39.389499],[-94.885026,39.389801],[-94.905329,39.311952],[-94.831471,39.256273],[-94.831679,39.215938],[-94.589933,39.140403],[-94.617995,37.009016],[-94.61808,36.998135]]]}},{"type":"Feature","properties":{"state":"Kentucky","abbr":"KY"},"geometry":{"type":"MultiPolygon","coordinates":[[[[-83.675413,36.600814],[-84.543138,36.596277],[-86.507771,36.652445],[-87.853204,36.633247],[-87.849567,36.663701],[-88.070532,36.678118],[-88.032489,36.540662],[-88.053205,36.497129],[-89.417293,36.499033],[-89.365548,36.625059],[-89.326731,36.632186],[-89.236542,36.566824],[-89.15908,36.666352],[-89.199798,36.734217],[-89.119198,36.759802],[-89.178888,36.831368],[-89.137969,36.847349],[-89.099007,36.961389],[-89.181369,37.046305],[-89.086526,37.165602],[-89.000968,37.224401],[-88.931745,37.227593],[-88.545403,37.070003],[-88.458948,37.073796],[-88.424403,37.152428],[-88.515939,37.284043],[-88.476592,37.386875],[-88.413108,37.424468],[-88.365471,37.401663],[-88.281667,37.452596],[-88.064234,37.484548],[-88.159372,37.661847],[-88.02803,37.799224],[-87.95259,37.771742],[-87.90681,37.807624],[-87.941021,37.879168],[-87.904789,37.924892],[-87.830578,37.876516],[-87.67573,37.90193],[-87.679188,37.836321],[-87.635806,37.827015],[-87.588729,37.860984],[-87.62896,37.926714],[-87.585916,37.975442],[-87.511499,37.906426],[-87.447786,37.942427],[-87.380247,37.935596],[-87.162319,37.840159],[-87.111133,37.782512],[-87.067836,37.806065],[-87.033444,37.906593],[-86.820071,37.999392],[-86.73146,37.89434],[-86.647081,37.908621],[-86.661637,37.849714],[-86.638265,37.842718],[-86.598108,37.867382],[-86.588581,37.921159],[-86.50662,37.930719],[-86.521825,38.038327],[-86.430091,38.078638],[-86.463248,38.119278],[-86.401653,38.105396],[-86.323453,38.139032],[-86.377434,38.171379],[-86.360377,38.198796],[-86.271802,38.137874],[-86.261273,38.052721],[-86.095766,38.00893],[-86.038188,37.95935],[-86.029509,37.99264],[-85.925418,38.023456],[-85.908764,38.161169],[-85.829364,38.276769],[-85.744862,38.26717],[-85.683561,38.295469],[-85.607629,38.439295],[-85.498866,38.468242],[-85.423077,38.531581],[-85.456978,38.689135],[-85.434065,38.729455],[-85.275454,38.741172],[-85.172528,38.688082],[-84.990006,38.778383],[-84.812877,38.786087],[-84.829958,38.830632],[-84.785234,38.880439],[-84.877029,38.909016],[-84.829857,38.969385],[-84.897364,39.057378],[-84.750749,39.147358],[-84.620112,39.073457],[-84.449793,39.117754],[-84.42573,39.053059],[-84.304698,39.006455],[-84.212904,38.805707],[-83.873168,38.762418],[-83.769347,38.65522],[-83.679484,38.630036],[-83.626922,38.679387],[-83.520953,38.703045],[-83.356445,38.654009],[-83.294193,38.596588],[-83.245572,38.627936],[-83.142836,38.625076],[-83.027917,38.727143],[-82.879492,38.751476],[-82.844306,38.590862],[-82.700045,38.544336],[-82.604089,38.459841],[-82.574656,38.263873],[-82.61226,38.236087],[-82.611343,38.171548],[-82.644739,38.165487],[-82.517351,38.001204],[-82.464257,37.983412],[-82.501862,37.9332],[-82.419781,37.883821],[-82.401652,37.810091],[-82.311642,37.764294],[-82.333581,37.743283],[-82.303953,37.67576],[-82.21349,37.625408],[-82.175264,37.647971],[-82.133299,37.552996],[-81.964971,37.543026],[-82.350948,37.267077],[-82.722097,37.120168],[-82.722472,37.045101],[-82.867535,36.977518],[-82.878569,36.889585],[-83.07259,36.854589],[-83.136395,36.743088],[-83.529612,36.666184],[-83.674614,36.603082],[-83.675413,36.600814]]],[[[-89.485106,36.497692],[-89.5391,36.498201],[-89.566817,36.564216],[-89.480893,36.569771],[-89.482474,36.502131],[-89.485106,36.497692]]]]}},{"type":"Feature","properties":{"state":"Louisiana","abbr":"LA"},"geometry":{"type":"MultiPolygon","coordinates":[[[[-88.865067,29.752714],[-88.944435,29.658806],[-88.8312,29.878839],[-88.840866,29.995613],[-88.881454,30.053202],[-88.817017,29.93425],[-88.844078,29.795713],[-88.865067,29.752714]]],[[[-90.030764,29.375008],[-90.009678,29.294785],[-90.096038,29.240673],[-90.04291,29.211765],[-89.950756,29.260801],[-90.174273,29.105301],[-90.348768,29.057817],[-90.234235,29.110268],[-90.302846,29.175098],[-90.271251,29.204639],[-90.316093,29.264777],[-90.367166,29.274128],[-90.432912,29.188132],[-90.494928,29.216713],[-90.452186,29.26625],[-90.565436,29.285111],[-90.589724,29.248521],[-90.544547,29.230683],[-90.560889,29.204261],[-90.633819,29.209128],[-90.647042,29.12858],[-90.764189,29.113374],[-90.803699,29.063709],[-90.637495,29.066608],[-90.811473,29.03658],[-90.961278,29.180817],[-91.094015,29.187711],[-91.278792,29.247776],[-91.33275,29.305816],[-91.238515,29.371999],[-91.19773,29.313272],[-91.162038,29.325645],[-91.167749,29.268062],[-91.123491,29.260448],[-91.129677,29.331832],[-91.197465,29.369882],[-91.221166,29.436421],[-91.447345,29.544749],[-91.531021,29.531543],[-91.553537,29.632766],[-91.648941,29.633635],[-91.632829,29.742576],[-91.752259,29.748264],[-91.88075,29.710839],[-91.857595,29.791709],[-91.82561,29.80005],[-91.889118,29.836023],[-91.974327,29.828604],[-91.983871,29.794516],[-92.144431,29.716418],[-92.133751,29.762574],[-92.20097,29.745917],[-92.165278,29.703682],[-92.103867,29.699145],[-92.134347,29.669516],[-92.111787,29.62177],[-92.000003,29.613013],[-92.280392,29.533434],[-92.653651,29.588065],[-93.226934,29.777519],[-93.68364,29.747153],[-93.837971,29.690619],[-93.927992,29.80964],[-93.699396,30.05925],[-93.734085,30.08613],[-93.688212,30.141376],[-93.720946,30.209852],[-93.706608,30.281187],[-93.765822,30.333318],[-93.757654,30.390423],[-93.6978,30.440583],[-93.740253,30.539569],[-93.561666,30.807739],[-93.567788,30.888302],[-93.526245,30.939411],[-93.571906,30.987614],[-93.516407,31.02955],[-93.551034,31.091111],[-93.533307,31.184463],[-93.600308,31.176158],[-93.620343,31.271025],[-93.68688,31.305166],[-93.671644,31.393352],[-93.749476,31.46869],[-93.726736,31.5116],[-93.798087,31.534044],[-93.834924,31.586211],[-93.802452,31.693186],[-93.822598,31.773559],[-93.904766,31.890599],[-94.041833,31.992402],[-94.042964,33.019219],[-91.166073,33.004106],[-91.214027,32.93032],[-91.170235,32.899391],[-91.134041,32.917676],[-91.135517,32.979657],[-91.094265,32.984371],[-91.064449,32.901064],[-91.145002,32.84287],[-91.165328,32.751301],[-91.054749,32.719229],[-91.153556,32.626181],[-91.119854,32.584795],[-91.014286,32.640482],[-91.010228,32.601927],[-91.080398,32.556442],[-90.987831,32.49419],[-91.038106,32.49044],[-91.093741,32.549128],[-91.116008,32.48314],[-91.052907,32.438442],[-90.96959,32.43949],[-90.993625,32.354047],[-90.912363,32.339454],[-90.875631,32.372434],[-90.922231,32.298639],[-90.979475,32.293702],[-90.988672,32.215812],[-91.039007,32.242349],[-91.164171,32.196888],[-91.162822,32.132694],[-91.053175,32.124237],[-91.050207,32.178451],[-91.004106,32.146152],[-91.080208,32.048355],[-91.16031,32.070354],[-91.075908,32.016828],[-91.18481,31.965557],[-91.18061,31.917959],[-91.267712,31.86266],[-91.255611,31.812662],[-91.293413,31.86016],[-91.345714,31.842861],[-91.365529,31.761628],[-91.263406,31.754468],[-91.371804,31.742948],[-91.401015,31.620365],[-91.515462,31.630372],[-91.488618,31.587466],[-91.405415,31.576466],[-91.522536,31.522078],[-91.47887,31.364955],[-91.521836,31.37517],[-91.541626,31.431706],[-91.576265,31.410498],[-91.50866,31.315131],[-91.515614,31.27821],[-91.654027,31.255753],[-91.588939,31.188959],[-91.625994,31.116896],[-91.559907,31.054119],[-91.636942,30.999416],[-89.729616,31.003927],[-89.851889,30.661199],[-89.795335,30.546563],[-89.68341,30.451793],[-89.615856,30.223195],[-89.574454,30.181697],[-89.524504,30.180753],[-89.640989,30.138612],[-89.730999,30.057581],[-89.716377,30.026222],[-89.818561,30.043328],[-89.857558,30.004439],[-89.844202,29.955645],[-89.804463,29.932588],[-89.727933,29.95878],[-89.742479,29.90817],[-89.711158,29.879287],[-89.613159,29.87216],[-89.58136,29.994722],[-89.501587,30.034037],[-89.481926,30.079128],[-89.372375,30.054729],[-89.433411,29.991205],[-89.379227,29.963804],[-89.368019,29.911491],[-89.315453,29.923208],[-89.273315,29.99382],[-89.218071,29.97275],[-89.231178,29.925484],[-89.322289,29.887333],[-89.236298,29.877081],[-89.383789,29.838928],[-89.33197,29.790524],[-89.277298,29.807608],[-89.271034,29.756355],[-89.386063,29.788815],[-89.428207,29.74155],[-89.42421,29.697638],[-89.530258,29.74375],[-89.651237,29.749479],[-89.644562,29.710957],[-89.485367,29.624357],[-89.64975,29.672941],[-89.700501,29.515967],[-89.589536,29.437662],[-89.528429,29.454702],[-89.508551,29.386168],[-89.47714,29.411241],[-89.340304,29.381412],[-89.350694,29.349544],[-89.283028,29.356467],[-89.24087,29.310081],[-89.189354,29.345061],[-89.103865,29.206407],[-89.029103,29.220956],[-89.000674,29.180091],[-89.075311,29.158342],[-89.023942,29.1337],[-89.062335,29.070234],[-89.10101,29.109325],[-89.158593,29.021761],[-89.143364,28.976551],[-89.254726,29.083261],[-89.41148,28.925011],[-89.317065,29.066019],[-89.31992,29.127409],[-89.400346,29.116464],[-89.482844,29.215053],[-89.671781,29.289028],[-89.850305,29.311768],[-89.816155,29.393518],[-89.849642,29.477996],[-89.932598,29.429288],[-90.01251,29.462775],[-90.029468,29.388136],[-90.030764,29.375008]]],[[[-90.917458,29.047464],[-90.955673,29.064995],[-90.916672,29.049631],[-90.917458,29.047464]]],[[[-89.439003,30.127527],[-89.426971,30.148495],[-89.429031,30.128559],[-89.439003,30.127527]]],[[[-89.215675,29.993523],[-89.242828,30.03898],[-89.275826,30.023081],[-89.342163,30.059172],[-89.190475,30.16176],[-89.223312,30.096563],[-89.175728,30.062775],[-89.201584,30.001429],[-89.215675,29.993523]]],[[[-91.821579,29.473925],[-92.035461,29.57864],[-91.898994,29.637011],[-91.711998,29.564739],[-91.770515,29.488953],[-91.814606,29.482061],[-91.821579,29.473925]]],[[[-89.944221,29.271717],[-89.904175,29.293371],[-89.928925,29.279623],[-89.944221,29.271717]]],[[[-90.442734,29.056053],[-90.550316,29.092142],[-90.42366,29.060863],[-90.442734,29.056053]]]]}},{"type":"Feature","properties":{"state":"Minnesota","abbr":"MN"},"geometry":{"type":"Polygon","coordinates":[[[-91.371608,43.500945],[-96.453049,43.500415],[-96.453067,45.298115],[-96.521787,45.375645],[-96.692541,45.417338],[-96.857751,45.605962],[-96.835769,45.649648],[-96.662595,45.738682],[-96.583085,45.820024],[-96.554507,46.083978],[-96.599761,46.330386],[-96.718074,46.438255],[-96.746442,46.574078],[-96.798823,46.658071],[-96.779252,46.727429],[-96.802544,46.811521],[-96.759528,46.925769],[-96.791048,46.929876],[-96.834603,47.007721],[-96.852826,47.597891],[-97.023156,47.873978],[-97.072257,48.048068],[-97.142133,48.144981],[-97.11657,48.279661],[-97.163105,48.543855],[-97.097337,48.685186],[-97.180028,48.81845],[-97.229039,49.000687],[-95.153711,48.998903],[-95.153314,49.384358],[-95.058404,49.35317],[-94.957465,49.370186],[-94.816222,49.320987],[-94.750221,49.099763],[-94.750218,48.999992],[-94.718932,48.999991],[-94.683069,48.883929],[-94.694312,48.789352],[-94.645083,48.744143],[-94.452332,48.692444],[-94.290737,48.707747],[-94.224276,48.649527],[-93.840754,48.628548],[-93.794454,48.516021],[-93.467504,48.545664],[-93.464308,48.591792],[-93.254854,48.642784],[-92.954876,48.631493],[-92.728046,48.53929],[-92.634931,48.542873],[-92.627237,48.503383],[-92.698824,48.494892],[-92.712562,48.463013],[-92.656027,48.436709],[-92.507285,48.447875],[-92.456325,48.414204],[-92.469948,48.351836],[-92.369174,48.220268],[-92.269742,48.248241],[-92.306309,48.316442],[-92.26228,48.354933],[-92.055228,48.359213],[-92.000133,48.321355],[-92.006577,48.265421],[-91.957798,48.232989],[-91.714931,48.19913],[-91.711986,48.114713],[-91.559272,48.108268],[-91.567254,48.043719],[-91.26638,48.078713],[-90.88548,48.245784],[-90.839176,48.239511],[-90.836313,48.176963],[-90.777917,48.163801],[-90.79797,48.136894],[-90.751608,48.090968],[-90.579897,48.123922],[-90.556838,48.096008],[-90.374542,48.090942],[-90.143762,48.112641],[-90.023595,48.084708],[-89.99305,48.028404],[-89.897414,47.987599],[-89.763967,48.022969],[-89.581007,47.995899],[-89.489226,48.014528],[-89.585372,47.956147],[-89.624559,47.983153],[-89.639545,47.95359],[-89.974296,47.830514],[-90.437712,47.731612],[-90.735927,47.624343],[-91.045646,47.456525],[-91.477351,47.125667],[-92.094089,46.787839],[-92.01529,46.706469],[-92.11659,46.74864],[-92.204691,46.704041],[-92.176091,46.686341],[-92.207092,46.651941],[-92.291292,46.668142],[-92.294033,46.074377],[-92.35176,46.015685],[-92.428555,46.024241],[-92.469354,45.973811],[-92.527052,45.983245],[-92.707702,45.894901],[-92.784621,45.764196],[-92.869193,45.717568],[-92.883749,45.575483],[-92.770223,45.566939],[-92.646602,45.441635],[-92.650422,45.398507],[-92.761868,45.287013],[-92.739584,45.115598],[-92.803079,45.060978],[-92.76206,45.02432],[-92.750645,44.937299],[-92.807317,44.750364],[-92.54806,44.567792],[-92.336114,44.554004],[-92.232472,44.445434],[-91.970266,44.365842],[-91.918625,44.322671],[-91.875158,44.200575],[-91.59207,44.031372],[-91.432522,43.996827],[-91.244135,43.774667],[-91.268748,43.615348],[-91.231865,43.581822],[-91.217706,43.50055],[-91.369325,43.500827],[-91.371608,43.500945]]]}},{"type":"Feature","properties":{"state":"Mississippi","abbr":"MS"},"geometry":{"type":"MultiPolygon","coordinates":[[[[-88.710719,30.250799],[-88.562067,30.227476],[-88.771991,30.245523],[-88.718104,30.252931],[-88.710719,30.250799]]],[[[-88.90037,30.224576],[-88.984249,30.21032],[-88.87366,30.241748],[-88.90037,30.224576]]],[[[-89.095623,30.231767],[-89.063989,30.246299],[-89.091469,30.202305],[-89.156738,30.230699],[-89.095623,30.231767]]],[[[-88.506999,30.214348],[-88.401466,30.210172],[-88.502752,30.210506],[-88.506999,30.214348]]],[[[-88.395023,30.369425],[-88.480117,30.318345],[-88.599249,30.358933],[-88.728893,30.342671],[-88.841328,30.409598],[-88.857828,30.392898],[-88.818411,30.360239],[-88.971233,30.390798],[-89.285744,30.303097],[-89.279818,30.34979],[-89.335942,30.374016],[-89.366116,30.352169],[-89.322545,30.314896],[-89.419348,30.25432],[-89.44791,30.185352],[-89.570154,30.180297],[-89.631789,30.256924],[-89.629727,30.339287],[-89.683686,30.405873],[-89.68341,30.451793],[-89.795335,30.546563],[-89.852263,30.662934],[-89.729616,31.003927],[-91.636942,30.999416],[-91.559907,31.054119],[-91.625994,31.116896],[-91.588939,31.188959],[-91.654027,31.255753],[-91.515614,31.27821],[-91.50866,31.315131],[-91.576265,31.410498],[-91.541626,31.431706],[-91.521836,31.37517],[-91.47887,31.364955],[-91.522536,31.522078],[-91.405415,31.576466],[-91.488618,31.587466],[-91.515462,31.630372],[-91.401015,31.620365],[-91.371804,31.742948],[-91.263406,31.754468],[-91.365529,31.761628],[-91.345714,31.842861],[-91.293413,31.86016],[-91.255611,31.812662],[-91.267712,31.86266],[-91.18061,31.917959],[-91.18481,31.965557],[-91.075908,32.016828],[-91.16031,32.070354],[-91.080208,32.048355],[-91.004106,32.146152],[-91.050207,32.178451],[-91.053175,32.124237],[-91.162822,32.132694],[-91.164171,32.196888],[-91.039007,32.242349],[-90.988672,32.215812],[-90.979475,32.293702],[-90.922231,32.298639],[-90.875631,32.372434],[-90.912363,32.339454],[-90.993625,32.354047],[-90.96959,32.43949],[-91.052907,32.438442],[-91.116008,32.48314],[-91.093741,32.549128],[-91.038106,32.49044],[-90.987831,32.49419],[-91.080398,32.556442],[-91.010228,32.601927],[-91.014286,32.640482],[-91.119854,32.584795],[-91.153556,32.626181],[-91.054749,32.719229],[-91.165328,32.751301],[-91.145002,32.84287],[-91.064449,32.901064],[-91.086802,32.976266],[-91.135517,32.979657],[-91.15169,32.901935],[-91.213972,32.927198],[-91.120293,33.055921],[-91.20178,33.125121],[-91.089862,33.139655],[-91.091711,33.220813],[-91.045191,33.265404],[-91.072567,33.285885],[-91.106142,33.241799],[-91.143667,33.328398],[-91.057621,33.445341],[-91.086498,33.451576],[-91.10717,33.399078],[-91.154017,33.378914],[-91.208702,33.408719],[-91.131885,33.430063],[-91.125109,33.472842],[-91.167403,33.498304],[-91.177293,33.443638],[-91.235181,33.438972],[-91.182901,33.502379],[-91.231418,33.560593],[-91.130445,33.606034],[-91.227857,33.683073],[-91.160866,33.707096],[-91.09404,33.658351],[-91.034565,33.673018],[-91.059891,33.714816],[-91.117733,33.705342],[-91.146618,33.732456],[-91.132185,33.78342],[-91.023285,33.762991],[-90.988466,33.78453],[-91.073011,33.857449],[-91.010318,33.929352],[-91.087921,33.975335],[-91.01889,34.003151],[-90.967632,33.963324],[-90.987948,34.019038],[-90.89242,34.02686],[-90.870528,34.080516],[-90.9543,34.138498],[-90.91001,34.165508],[-90.847168,34.136884],[-90.810884,34.155903],[-90.816572,34.183023],[-90.916048,34.196916],[-90.929015,34.244541],[-90.847808,34.20653],[-90.828267,34.27365],[-90.743082,34.302257],[-90.765764,34.362109],[-90.683222,34.368817],[-90.693129,34.32257],[-90.669343,34.31302],[-90.658542,34.375705],[-90.571145,34.420319],[-90.588942,34.491097],[-90.540736,34.548085],[-90.588419,34.670963],[-90.549856,34.695478],[-90.554129,34.640871],[-90.524481,34.628504],[-90.462552,34.687576],[-90.565646,34.721053],[-90.547612,34.784589],[-90.514706,34.801768],[-90.514735,34.729656],[-90.454968,34.735557],[-90.485038,34.869252],[-90.466154,34.890989],[-90.422355,34.833675],[-90.307384,34.846195],[-90.244476,34.937596],[-90.309297,34.995694],[-88.200064,34.995634],[-88.097888,34.892202],[-88.473227,31.893856],[-88.402283,30.510852],[-88.395023,30.369425]]]]}},{"type":"Feature","properties":{"state":"Missouri","abbr":"MO"},"geometry":{"type":"Polygon","coordinates":[[[-89.5391,36.498201],[-89.513178,36.359897],[-89.620255,36.323006],[-89.534745,36.252576],[-89.703511,36.243412],[-89.591605,36.144096],[-89.678821,36.084636],[-89.706932,36.000981],[-90.37789,35.995683],[-90.319168,36.089976],[-90.06398,36.303038],[-90.064514,36.382085],[-90.138512,36.413952],[-90.152481,36.497952],[-94.617919,36.499414],[-94.591933,39.155003],[-94.823791,39.209874],[-94.831471,39.256273],[-94.905329,39.311952],[-94.885026,39.389801],[-94.942039,39.389499],[-95.109304,39.542285],[-95.103228,39.577783],[-95.049277,39.589583],[-95.027644,39.665454],[-94.971317,39.68641],[-94.965318,39.739065],[-94.862943,39.742994],[-94.869644,39.772894],[-94.935302,39.77561],[-94.875944,39.813294],[-94.939767,39.85193],[-94.929574,39.888754],[-95.128166,39.874165],[-95.315271,40.01207],[-95.40726,40.033112],[-95.393347,40.119212],[-95.479193,40.185652],[-95.477501,40.24272],[-95.552473,40.261904],[-95.562157,40.297359],[-95.657328,40.310856],[-95.623728,40.346567],[-95.699969,40.505275],[-95.655848,40.546609],[-95.678718,40.56256],[-95.708591,40.521551],[-95.75711,40.52599],[-95.773549,40.578205],[-94.089194,40.572806],[-91.729115,40.61364],[-91.6887,40.55739],[-91.620071,40.540817],[-91.574746,40.465664],[-91.52509,40.457845],[-91.524612,40.410765],[-91.419422,40.378264],[-91.492727,40.278217],[-91.510322,40.127994],[-91.494878,40.036453],[-91.41936,39.927717],[-91.436051,39.84551],[-91.361571,39.787548],[-91.370009,39.732524],[-91.181936,39.602677],[-91.153628,39.548248],[-91.100307,39.538695],[-91.03827,39.448436],[-90.72996,39.255894],[-90.681086,39.10059],[-90.713629,39.053977],[-90.657254,38.92027],[-90.555693,38.870785],[-90.440078,38.967364],[-90.250248,38.919344],[-90.109407,38.843548],[-90.20991,38.72605],[-90.18451,38.611551],[-90.368219,38.340254],[-90.353902,38.213855],[-90.11052,38.026547],[-89.997103,37.963225],[-89.925085,37.960021],[-89.974918,37.926719],[-89.950594,37.881526],[-89.901832,37.869822],[-89.842649,37.905196],[-89.669644,37.799922],[-89.663352,37.750052],[-89.516685,37.692762],[-89.517718,37.641217],[-89.475932,37.592998],[-89.519808,37.582748],[-89.517051,37.537278],[-89.421054,37.387668],[-89.51834,37.285497],[-89.458827,37.248661],[-89.456105,37.18812],[-89.37871,37.094586],[-89.383937,37.046441],[-89.278628,36.98867],[-89.260003,37.023288],[-89.30829,37.068371],[-89.25493,37.072014],[-89.185491,36.973518],[-89.099594,36.964543],[-89.131944,36.857437],[-89.178888,36.831368],[-89.116563,36.767557],[-89.197808,36.739412],[-89.15908,36.666352],[-89.213563,36.580119],[-89.259994,36.565149],[-89.35651,36.628439],[-89.453081,36.461285],[-89.493198,36.470124],[-89.465888,36.529946],[-89.484836,36.571821],[-89.563185,36.568749],[-89.542955,36.504957],[-89.5391,36.498201]]]}},{"type":"Feature","properties":{"state":"Nebraska","abbr":"NE"},"geometry":{"type":"Polygon","coordinates":[[[-95.765645,40.585208],[-95.75711,40.52599],[-95.708591,40.521551],[-95.678718,40.56256],[-95.65341,40.541893],[-95.699969,40.505275],[-95.623728,40.346567],[-95.657328,40.310856],[-95.562157,40.297359],[-95.552473,40.261904],[-95.477501,40.24272],[-95.479193,40.185652],[-95.393347,40.119212],[-95.413588,40.038424],[-95.30829,39.999998],[-102.051744,40.003078],[-102.051614,41.002377],[-104.053249,41.001406],[-104.053127,43.000585],[-98.49855,42.99856],[-98.444145,42.929242],[-98.146933,42.839823],[-98.035034,42.764205],[-97.936716,42.775754],[-97.84527,42.867734],[-97.686506,42.842435],[-97.237868,42.853139],[-97.131331,42.771929],[-96.97912,42.76009],[-96.961576,42.719841],[-96.906797,42.7338],[-96.806223,42.704154],[-96.793238,42.666024],[-96.691269,42.6562],[-96.7093,42.603753],[-96.611489,42.506088],[-96.548791,42.520547],[-96.501321,42.482749],[-96.386007,42.474495],[-96.417786,42.351449],[-96.328905,42.254734],[-96.35987,42.210545],[-96.347752,42.166806],[-96.2689,42.11359],[-96.275548,42.051976],[-96.221901,42.029558],[-96.240713,41.999351],[-96.194556,42.008662],[-96.186265,41.977417],[-96.129505,41.971673],[-96.161756,41.90182],[-96.064879,41.79623],[-96.106425,41.73789],[-96.073063,41.705004],[-96.121401,41.688522],[-96.09409,41.539265],[-96.040701,41.507076],[-96.005079,41.544004],[-96.011757,41.476212],[-95.920281,41.451566],[-95.956691,41.345496],[-95.874689,41.307097],[-95.90249,41.273398],[-95.927491,41.298397],[-95.927491,41.202198],[-95.841288,41.174998],[-95.883489,41.154898],[-95.862587,41.088399],[-95.882415,41.060411],[-95.809474,40.891228],[-95.84859,40.861061],[-95.835232,40.779151],[-95.888907,40.731855],[-95.776251,40.647463],[-95.758895,40.588973],[-95.765645,40.585208]]]}},{"type":"Feature","properties":{"state":"New Hampshire","abbr":"NH"},"geometry":{"type":"MultiPolygon","coordinates":[[[[-72.458519,42.726853],[-72.516082,42.765949],[-72.556214,42.86695],[-72.532186,42.954945],[-72.443762,43.006245],[-72.467363,43.052648],[-72.435316,43.083536],[-72.45714,43.148493],[-72.438693,43.252905],[-72.395462,43.312994],[-72.415978,43.376531],[-72.380428,43.488525],[-72.395949,43.52388],[-72.37944,43.574069],[-72.328514,43.600805],[-72.302867,43.702718],[-72.184847,43.804698],[-72.184788,43.863393],[-72.090357,43.965409],[-72.114726,43.968332],[-72.105292,44.012663],[-72.031898,44.076241],[-72.065434,44.277235],[-71.98112,44.3375],[-71.814351,44.354541],[-71.793924,44.399271],[-71.699434,44.416069],[-71.577643,44.502692],[-71.596137,44.560898],[-71.536251,44.588441],[-71.631883,44.752463],[-71.495844,44.90498],[-71.538592,44.988182],[-71.464555,45.013637],[-71.502487,45.013367],[-71.505091,45.051465],[-71.428828,45.123881],[-71.39781,45.203553],[-71.443365,45.237724],[-71.384917,45.233351],[-71.284396,45.302434],[-71.231122,45.249712],[-71.13943,45.242958],[-71.084334,45.305293],[-70.972716,43.570255],[-70.950838,43.551026],[-70.987649,43.389521],[-70.80964,43.225407],[-70.8268,43.127086],[-70.703799,43.059574],[-70.817296,42.87229],[-70.914899,42.886589],[-71.031201,42.859089],[-71.064201,42.806289],[-71.165603,42.808689],[-71.181803,42.73759],[-71.245504,42.742589],[-71.294205,42.69699],[-72.285954,42.721631],[-72.458519,42.726853]]],[[[-70.622337,42.96682],[-70.6259,42.967075],[-70.627045,42.968601],[-70.627556,42.977894],[-70.625008,42.978401],[-70.61496,42.978275],[-70.61203,42.977512],[-70.610634,42.975475],[-70.61216,42.972931],[-70.622337,42.96682]]]]}},{"type":"Feature","properties":{"state":"New Mexico","abbr":"NM"},"geometry":{"type":"Polygon","coordinates":[[[-109.050044,31.332502],[-109.045223,36.999084],[-103.002199,37.000104],[-103.002434,36.500397],[-103.041924,36.500439],[-103.064423,32.000518],[-106.618486,32.000495],[-106.635926,31.866235],[-106.528543,31.783907],[-108.208394,31.783599],[-108.208573,31.333395],[-108.861028,31.332315],[-109.050044,31.332502]]]}},{"type":"Feature","properties":{"state":"North Dakota","abbr":"ND"},"geometry":{"type":"Polygon","coordinates":[[[-96.56328,45.935238],[-104.045443,45.94531],[-104.048736,48.999877],[-97.229039,49.000687],[-97.180028,48.81845],[-97.097337,48.685186],[-97.163105,48.543855],[-97.11657,48.279661],[-97.142133,48.144981],[-97.072257,48.048068],[-97.023156,47.873978],[-96.855421,47.60875],[-96.864261,47.419539],[-96.817984,47.106007],[-96.834603,47.007721],[-96.791048,46.929876],[-96.759528,46.925769],[-96.802544,46.811521],[-96.779252,46.727429],[-96.798823,46.658071],[-96.746442,46.574078],[-96.718074,46.438255],[-96.599761,46.330386],[-96.554507,46.083978],[-96.57794,46.026874],[-96.562525,45.937087],[-96.56328,45.935238]]]}},{"type":"Feature","properties":{"state":"Oklahoma","abbr":"OK"},"geometry":{"type":"Polygon","coordinates":[[[-94.617919,36.499414],[-94.431215,35.39429],[-94.487514,33.628939],[-94.526291,33.619203],[-94.57962,33.677623],[-94.707858,33.686876],[-94.770924,33.754401],[-94.8693,33.745871],[-94.968895,33.860916],[-95.046568,33.862565],[-95.1247,33.934675],[-95.226393,33.961954],[-95.287865,33.874946],[-95.545197,33.880294],[-95.559414,33.930179],[-95.599678,33.934247],[-95.696962,33.885218],[-95.756367,33.892625],[-95.772067,33.843817],[-95.805149,33.861304],[-95.837516,33.83564],[-95.935198,33.887101],[-96.019599,33.840566],[-96.14807,33.837799],[-96.178059,33.760518],[-96.292482,33.766419],[-96.348306,33.686379],[-96.422643,33.776041],[-96.500268,33.772583],[-96.526655,33.820891],[-96.62929,33.845488],[-96.587934,33.894784],[-96.667187,33.91694],[-96.699574,33.839049],[-96.761588,33.824406],[-96.794276,33.868886],[-96.875281,33.860505],[-96.9163,33.957798],[-96.973807,33.935697],[-96.981337,33.956378],[-96.985567,33.886522],[-97.092112,33.804097],[-97.086195,33.743933],[-97.126102,33.716941],[-97.205431,33.801488],[-97.166629,33.847311],[-97.210921,33.916064],[-97.255636,33.863698],[-97.33294,33.87444],[-97.368744,33.821471],[-97.426493,33.819398],[-97.462857,33.841772],[-97.460376,33.903948],[-97.587441,33.902479],[-97.589598,33.953554],[-97.671772,33.99137],[-97.877387,33.850236],[-97.983769,33.8972],[-97.946473,33.990732],[-98.088203,34.005481],[-98.120208,34.072127],[-98.089755,34.128211],[-98.109462,34.154111],[-98.16912,34.114171],[-98.364023,34.157109],[-98.414426,34.085074],[-98.486328,34.062598],[-98.599789,34.160571],[-98.757037,34.124633],[-98.987294,34.221223],[-99.043471,34.198208],[-99.189511,34.214312],[-99.213135,34.340369],[-99.358795,34.455863],[-99.394956,34.442099],[-99.40296,34.373481],[-99.569696,34.418418],[-99.600026,34.374688],[-99.665992,34.374185],[-99.923211,34.574552],[-100.000381,34.560509],[-100.000406,36.499702],[-103.002434,36.500397],[-103.002199,37.000104],[-94.625224,36.998672],[-94.617877,36.514999],[-94.617919,36.499414]]]}},{"type":"Feature","properties":{"state":"Oregon","abbr":"OR"},"geometry":{"type":"Polygon","coordinates":[[[-117.220069,44.301382],[-117.170342,44.25889],[-117.104208,44.27994],[-117.05303,44.229076],[-116.975905,44.242844],[-116.971675,44.197256],[-116.894083,44.160191],[-116.977351,44.085364],[-116.934485,44.021249],[-116.982347,43.86884],[-117.026871,43.832479],[-117.026222,42.000252],[-124.211605,41.99846],[-124.356229,42.114952],[-124.433063,42.323976],[-124.401177,42.627192],[-124.473864,42.732671],[-124.513368,42.735068],[-124.565973,42.835454],[-124.456918,43.000315],[-124.38246,43.270167],[-124.402814,43.305872],[-124.315012,43.388389],[-124.233534,43.55713],[-124.150267,43.91085],[-124.1152,44.286486],[-124.067569,44.428582],[-124.074066,44.798107],[-123.975425,45.145476],[-123.964169,45.317026],[-124.007756,45.336813],[-123.965728,45.386242],[-123.976544,45.489733],[-123.939005,45.661923],[-123.943121,45.727031],[-123.982578,45.761815],[-123.962736,45.869974],[-123.993703,45.946431],[-123.937471,45.977306],[-123.92933,46.041978],[-124.011355,46.236223],[-123.854801,46.157342],[-123.864209,46.189527],[-123.636474,46.214359],[-123.501245,46.271004],[-123.447592,46.249832],[-123.430847,46.181827],[-123.371433,46.146372],[-123.115904,46.185268],[-122.904119,46.083734],[-122.813998,45.960984],[-122.76381,45.657138],[-122.294901,45.543541],[-121.983038,45.622812],[-121.811304,45.706761],[-121.533106,45.726541],[-121.423592,45.69399],[-121.33777,45.704949],[-121.215779,45.671238],[-121.167852,45.606098],[-121.06437,45.652549],[-120.895575,45.642945],[-120.634968,45.745847],[-120.482362,45.694449],[-120.40396,45.699249],[-120.210754,45.725951],[-119.965744,45.824365],[-119.669877,45.856867],[-119.600549,45.919581],[-119.12612,45.932859],[-118.987129,45.999855],[-116.915989,45.995413],[-116.782676,45.825376],[-116.711822,45.826267],[-116.665344,45.781998],[-116.546643,45.750972],[-116.463635,45.602785],[-116.673793,45.321511],[-116.729607,45.142091],[-116.847944,45.022602],[-116.83199,44.933007],[-116.857038,44.880769],[-116.9347,44.783881],[-117.062273,44.727143],[-117.149242,44.536151],[-117.225076,44.482346],[-117.215072,44.427162],[-117.243027,44.390974],[-117.189769,44.336585],[-117.217843,44.30718],[-117.220069,44.301382]]]}},{"type":"Feature","properties":{"state":"South Carolina","abbr":"SC"},"geometry":{"type":"Polygon","coordinates":[[[-78.541087,33.851112],[-78.714116,33.800138],[-78.938076,33.639826],[-79.135441,33.403867],[-79.18787,33.173712],[-79.329909,33.089986],[-79.359961,33.006672],[-79.55756,33.021269],[-79.617611,32.952726],[-79.606194,32.925953],[-79.572614,32.933885],[-79.576006,32.906235],[-79.726389,32.805996],[-79.866742,32.757422],[-79.884961,32.684402],[-79.999374,32.611851],[-80.121368,32.590523],[-80.16903,32.538887],[-80.20523,32.555547],[-80.332438,32.478104],[-80.472068,32.496964],[-80.480156,32.447048],[-80.429941,32.401782],[-80.455192,32.326458],[-80.638857,32.255618],[-80.64988,32.30662],[-80.733637,32.319469],[-80.755052,32.27997],[-80.669166,32.216783],[-80.749091,32.140137],[-80.858735,32.099581],[-80.905378,32.051943],[-80.885517,32.0346],[-80.917845,32.037575],[-81.002297,32.100048],[-81.050234,32.085308],[-81.117234,32.117605],[-81.118234,32.189201],[-81.156587,32.24391],[-81.122333,32.305395],[-81.20513,32.423788],[-81.186829,32.464086],[-81.281324,32.556464],[-81.366964,32.577059],[-81.41866,32.629392],[-81.393033,32.651543],[-81.427517,32.701896],[-81.417984,32.818196],[-81.502427,32.935353],[-81.492253,33.009342],[-81.743835,33.14145],[-81.768935,33.217447],[-81.852136,33.247544],[-81.847296,33.306783],[-81.939737,33.344941],[-81.926336,33.462937],[-81.985938,33.486536],[-82.046335,33.56383],[-82.186154,33.62088],[-82.247472,33.752591],[-82.32448,33.820033],[-82.556835,33.945353],[-82.641553,34.092212],[-82.717507,34.150504],[-82.746656,34.266407],[-82.835004,34.366069],[-82.876864,34.475303],[-83.034712,34.483495],[-83.169994,34.605444],[-83.23178,34.611297],[-83.33869,34.682002],[-83.353238,34.728648],[-83.239081,34.875661],[-83.121112,34.939129],[-83.108535,35.000771],[-82.787867,35.085024],[-82.757704,35.068019],[-82.683625,35.125833],[-82.439595,35.165863],[-82.39293,35.215402],[-82.371298,35.181449],[-82.27492,35.200071],[-81.043625,35.149877],[-81.041489,35.044703],[-80.93495,35.107409],[-80.782042,34.935782],[-80.797543,34.819786],[-79.675299,34.804744],[-78.580378,33.884925],[-78.541087,33.851112]]]}},{"type":"Feature","properties":{"state":"South Dakota","abbr":"SD"},"geometry":{"type":"Polygon","coordinates":[[[-96.443408,42.489495],[-96.501321,42.482749],[-96.548791,42.520547],[-96.611489,42.506088],[-96.7093,42.603753],[-96.691269,42.6562],[-96.793238,42.666024],[-96.806223,42.704154],[-96.906797,42.7338],[-96.961576,42.719841],[-96.97912,42.76009],[-97.131331,42.771929],[-97.237868,42.853139],[-97.686506,42.842435],[-97.84527,42.867734],[-97.936716,42.775754],[-98.035034,42.764205],[-98.146933,42.839823],[-98.444145,42.929242],[-98.49855,42.99856],[-104.053127,43.000585],[-104.045443,45.94531],[-96.56328,45.935238],[-96.583085,45.820024],[-96.662595,45.738682],[-96.835769,45.649648],[-96.857751,45.605962],[-96.692541,45.417338],[-96.521787,45.375645],[-96.453067,45.298115],[-96.453049,43.500415],[-96.598928,43.500457],[-96.60286,43.450907],[-96.521572,43.38564],[-96.530392,43.300034],[-96.581052,43.297118],[-96.552591,43.257769],[-96.568505,43.231554],[-96.476697,43.222014],[-96.436589,43.120842],[-96.46085,43.064033],[-96.518431,43.042068],[-96.49167,43.009707],[-96.541689,42.922576],[-96.526357,42.891852],[-96.639704,42.737071],[-96.516338,42.630435],[-96.529894,42.610432],[-96.476952,42.556079],[-96.49297,42.517282],[-96.456348,42.492478],[-96.443408,42.489495]]]}},{"type":"Feature","properties":{"state":"Vermont","abbr":"VT"},"geometry":{"type":"Polygon","coordinates":[[[-72.040082,44.155749],[-72.031898,44.076241],[-72.116985,43.99448],[-72.090357,43.965409],[-72.184788,43.863393],[-72.20476,43.771263],[-72.302867,43.702718],[-72.328514,43.600805],[-72.37944,43.574069],[-72.395949,43.52388],[-72.380428,43.488525],[-72.415978,43.376531],[-72.395462,43.312994],[-72.438693,43.252905],[-72.45714,43.148493],[-72.435316,43.083536],[-72.467363,43.052648],[-72.443762,43.006245],[-72.532186,42.954945],[-72.556214,42.86695],[-72.516082,42.765949],[-72.458519,42.726853],[-73.276421,42.746019],[-73.241589,43.534973],[-73.306234,43.628018],[-73.371889,43.624489],[-73.395767,43.568087],[-73.431229,43.588285],[-73.350593,43.771939],[-73.392492,43.820779],[-73.374051,43.875563],[-73.43774,44.045006],[-73.390583,44.190886],[-73.312852,44.265346],[-73.334939,44.364441],[-73.293613,44.440559],[-73.390231,44.618353],[-73.333154,44.788759],[-73.381359,44.845021],[-73.338979,44.917681],[-73.343124,45.01084],[-71.464555,45.013637],[-71.53698,44.994177],[-71.495844,44.90498],[-71.631883,44.752463],[-71.536251,44.588441],[-71.596137,44.560898],[-71.577643,44.502692],[-71.699434,44.416069],[-71.793924,44.399271],[-71.814351,44.354541],[-72.033136,44.320365],[-72.067774,44.270976],[-72.040167,44.157023],[-72.040082,44.155749]]]}},{"type":"Feature","properties":{"state":"Virginia","abbr":"VA"},"geometry":{"type":"MultiPolygon","coordinates":[[[[-76.04653,37.953586],[-75.993905,37.953489],[-76.035802,37.929008],[-76.04653,37.953586]]],[[[-75.242266,38.027209],[-75.359036,37.864143],[-75.437868,37.872324],[-75.514921,37.799149],[-75.655634,37.446959],[-75.798448,37.296285],[-75.800755,37.197297],[-75.975536,37.085669],[-76.018645,37.31782],[-75.924756,37.600215],[-75.803041,37.762464],[-75.818125,37.791698],[-75.743097,37.806656],[-75.689837,37.861817],[-75.709626,37.900622],[-75.757694,37.903912],[-75.647606,37.947027],[-75.624341,37.994211],[-75.398839,38.013277],[-75.242266,38.027209]]],[[[-75.973607,37.835817],[-75.987301,37.804917],[-75.999658,37.848198],[-75.982098,37.837253],[-75.973607,37.835817]]],[[[-82.565329,37.196118],[-82.350948,37.267077],[-81.968297,37.537798],[-81.926736,37.51304],[-81.995649,37.469833],[-81.935621,37.438397],[-81.925643,37.357316],[-81.849949,37.285227],[-81.757631,37.274003],[-81.67821,37.201483],[-81.5536,37.208443],[-81.498874,37.258025],[-81.416663,37.273214],[-81.362156,37.337687],[-81.225104,37.234874],[-80.900535,37.315],[-80.849451,37.346909],[-80.883248,37.383933],[-80.859556,37.429568],[-80.770082,37.372363],[-80.552036,37.473563],[-80.511391,37.481672],[-80.475601,37.422949],[-80.309331,37.50288],[-80.282385,37.533517],[-80.330306,37.536244],[-80.328504,37.564315],[-80.220984,37.627767],[-80.296138,37.691783],[-80.257411,37.756084],[-80.162202,37.875122],[-79.999384,37.995842],[-79.92633,38.107151],[-79.944843,38.131585],[-79.91441,38.188418],[-79.788945,38.268703],[-79.810154,38.306707],[-79.725597,38.363828],[-79.649075,38.591515],[-79.53687,38.550917],[-79.476638,38.457228],[-79.282971,38.418095],[-79.210591,38.492913],[-79.129757,38.655017],[-79.092955,38.659517],[-79.054954,38.785713],[-78.998171,38.847353],[-78.869276,38.762991],[-78.786025,38.887187],[-78.717076,38.936028],[-78.718647,38.904561],[-78.680456,38.925313],[-78.625672,38.982575],[-78.601655,38.964603],[-78.550467,39.018065],[-78.571901,39.031995],[-78.403697,39.167451],[-78.438651,39.198049],[-78.339284,39.348605],[-78.366867,39.35929],[-78.347087,39.466012],[-77.828157,39.132329],[-77.730047,39.315666],[-77.566596,39.306121],[-77.45768,39.22502],[-77.516426,39.170891],[-77.519929,39.120925],[-77.458202,39.073723],[-77.248403,39.026909],[-77.249803,38.985909],[-77.146601,38.96421],[-77.040599,38.871212],[-77.042298,38.718515],[-77.122001,38.685816],[-77.1302,38.635017],[-77.246704,38.635217],[-77.322622,38.467131],[-77.317288,38.383576],[-77.240072,38.331598],[-77.043526,38.400548],[-77.011827,38.374554],[-77.030683,38.311623],[-76.96215,38.256486],[-76.962311,38.214075],[-76.721722,38.137635],[-76.613939,38.148587],[-76.516547,38.026566],[-76.236725,37.889174],[-76.251358,37.833072],[-76.307482,37.81235],[-76.300067,37.695364],[-76.339892,37.655966],[-76.28037,37.613715],[-76.36232,37.610368],[-76.472392,37.665772],[-76.510187,37.642324],[-76.584289,37.76889],[-76.747552,37.875864],[-76.784618,37.869569],[-76.723863,37.788503],[-76.61971,37.744795],[-76.542666,37.616857],[-76.300144,37.561734],[-76.360474,37.51924],[-76.32947,37.49492],[-76.293599,37.516499],[-76.265056,37.481365],[-76.245283,37.386839],[-76.275552,37.309964],[-76.415167,37.402133],[-76.407497,37.369836],[-76.445333,37.36646],[-76.349489,37.273963],[-76.50364,37.233856],[-76.389793,37.222981],[-76.399659,37.160272],[-76.348658,37.170655],[-76.292344,37.126615],[-76.271262,37.084544],[-76.304272,37.001378],[-76.340666,37.015246],[-76.428869,36.969947],[-76.526203,37.077773],[-76.618252,37.119347],[-76.604476,37.160034],[-76.649869,37.220914],[-76.75047,37.190098],[-76.884264,37.251854],[-76.923763,37.216162],[-76.801023,37.206043],[-76.73032,37.145395],[-76.685614,37.198851],[-76.662558,37.045748],[-76.500355,36.965212],[-76.469914,36.882898],[-76.328864,36.918447],[-76.327365,36.959447],[-76.297663,36.968147],[-76.095508,36.908817],[-75.996252,36.922047],[-75.867044,36.550754],[-80.122183,36.542646],[-81.677535,36.588117],[-81.6469,36.611918],[-83.675413,36.600814],[-83.529612,36.666184],[-83.136395,36.743088],[-83.07259,36.854589],[-82.878569,36.889585],[-82.867535,36.977518],[-82.747981,37.025214],[-82.722097,37.120168],[-82.578988,37.188498],[-82.565329,37.196118]]]]}},{"type":"Feature","properties":{"state":"West Virginia","abbr":"WV"},"geometry":{"type":"Polygon","coordinates":[[[-81.968297,37.537798],[-82.133299,37.552996],[-82.175264,37.647971],[-82.21349,37.625408],[-82.303953,37.67576],[-82.333581,37.743283],[-82.311642,37.764294],[-82.401652,37.810091],[-82.419781,37.883821],[-82.501862,37.9332],[-82.464257,37.983412],[-82.517351,38.001204],[-82.644739,38.165487],[-82.611343,38.171548],[-82.61226,38.236087],[-82.574656,38.263873],[-82.596281,38.417681],[-82.330335,38.4445],[-82.291271,38.578983],[-82.177267,38.603784],[-82.221566,38.787187],[-82.144867,38.84048],[-82.143167,38.898079],[-82.035963,39.025478],[-81.933186,38.987659],[-81.89847,38.929603],[-81.928,38.893492],[-81.898541,38.874582],[-81.827354,38.945898],[-81.762659,38.924121],[-81.764253,39.015279],[-81.813855,39.079278],[-81.747253,39.095378],[-81.755754,39.180976],[-81.692395,39.226443],[-81.683627,39.270939],[-81.570247,39.267675],[-81.557547,39.338774],[-81.456143,39.409274],[-81.375961,39.341697],[-81.217315,39.38759],[-80.970436,39.590127],[-80.88036,39.620706],[-80.829764,39.711839],[-80.869092,39.766364],[-80.790761,39.86728],[-80.806018,39.91713],[-80.756432,39.91393],[-80.738604,40.075672],[-80.599895,40.317669],[-80.633596,40.390467],[-80.595494,40.475266],[-80.667781,40.578096],[-80.627171,40.619936],[-80.518991,40.638801],[-80.519342,39.721403],[-79.476662,39.721078],[-79.486873,39.205961],[-79.290236,39.299323],[-79.096517,39.472799],[-79.046276,39.483801],[-78.956751,39.440264],[-78.942293,39.480987],[-78.816764,39.561691],[-78.826009,39.588829],[-78.76584,39.648487],[-78.778477,39.62265],[-78.733759,39.613931],[-78.778141,39.601364],[-78.689455,39.54577],[-78.471166,39.516103],[-78.418777,39.548953],[-78.457187,39.587379],[-78.395317,39.584215],[-78.43025,39.62329],[-78.265088,39.619274],[-78.231564,39.674382],[-78.171361,39.695612],[-77.946182,39.584814],[-77.94194,39.61879],[-77.838008,39.606125],[-77.83633,39.56637],[-77.888648,39.558054],[-77.866132,39.517661],[-77.833509,39.532628],[-77.845666,39.498628],[-77.765993,39.495724],[-77.803249,39.437136],[-77.75309,39.423262],[-77.735905,39.389665],[-77.761115,39.339757],[-77.719029,39.321125],[-77.828157,39.132329],[-78.347087,39.466012],[-78.366867,39.35929],[-78.339284,39.348605],[-78.438651,39.198049],[-78.403697,39.167451],[-78.571901,39.031995],[-78.550467,39.018065],[-78.601655,38.964603],[-78.625672,38.982575],[-78.680456,38.925313],[-78.718647,38.904561],[-78.717076,38.936028],[-78.786025,38.887187],[-78.869276,38.762991],[-78.998171,38.847353],[-79.054954,38.785713],[-79.092955,38.659517],[-79.129757,38.655017],[-79.210591,38.492913],[-79.282971,38.418095],[-79.476638,38.457228],[-79.53687,38.550917],[-79.649075,38.591515],[-79.725597,38.363828],[-79.810154,38.306707],[-79.788945,38.268703],[-79.916344,38.186278],[-79.944843,38.131585],[-79.92633,38.107151],[-79.999384,37.995842],[-80.162202,37.875122],[-80.296138,37.691783],[-80.220984,37.627767],[-80.328504,37.564315],[-80.330306,37.536244],[-80.282385,37.533517],[-80.299789,37.508271],[-80.46482,37.426144],[-80.511391,37.481672],[-80.770082,37.372363],[-80.859556,37.429568],[-80.883248,37.383933],[-80.849451,37.346909],[-80.900535,37.315],[-81.225104,37.234874],[-81.362156,37.337687],[-81.416663,37.273214],[-81.498874,37.258025],[-81.5536,37.208443],[-81.67821,37.201483],[-81.757631,37.274003],[-81.849949,37.285227],[-81.925643,37.357316],[-81.935621,37.438397],[-81.995649,37.469833],[-81.926736,37.51304],[-81.969279,37.534325],[-81.968297,37.537798]]]}},{"type":"Feature","properties":{"state":"Wyoming","abbr":"WY"},"geometry":{"type":"Polygon","coordinates":[[[-109.050076,41.000659],[-111.046723,40.997959],[-111.055199,45.001321],[-104.057698,44.997431],[-104.053249,41.001406],[-108.884138,41.000094],[-109.050076,41.000659]]]}}]}