{"type":"FeatureCollection","features":[{"type":"Feature","properties":{"class":"steep","min_deg":10.0},"geometry":{"type":"MultiPolygon","coordinates":[[[[14.5892,-4.98],[14.5933,-4.9875],[14.5967,-4.9892],[14.5892,-4.9908],[14.5867,-4.9883],[14.5875,-4.9833],[14.585,-4.9783],[14.5892,-4.98]]],[[[14.5583,-4.9367],[14.5608,-4.9367],[14.56,-4.945],[14.5575,-4.9458],[14.56,-4.9408],[14.5592,-4.9392],[14.5542,-4.94],[14.55,-4.9458],[14.55,-4.9375],[14.5558,-4.9375],[14.5508,-4.9367],[14.5508,-4.9275],[14.5517,-4.9333],[14.5558,-4.9333],[14.5592,-4.935],[14.5583,-4.9367]]],[[[14.5583,-4.8967],[14.56,-4.9008],[14.5542,-4.9042],[14.5567,-4.9017],[14.5567,-4.8983],[14.5525,-4.9008],[14.5542,-4.8942],[14.5558,-4.8975],[14.5583,-4.8967]]],[[[14.6608,-4.9],[14.6608,-4.9025],[14.655,-4.9017],[14.655,-4.8942],[14.6592,-4.8925],[14.6575,-4.8992],[14.6608,-4.9]]],[[[14.6625,-4.8625],[14.6642,-4.865],[14.6617,-4.8675],[14.6542,-4.8667],[14.6567,-4.8642],[14.6558,-4.8608],[14.6592,-4.8633],[14.6617,-4.86],[14.66,-4.8642],[14.6625,-4.8625]]],[[[14.6408,-4.8492],[14.6433,-4.8517],[14.64,-4.8542],[14.64,-4.8617],[14.6333,-4.8608],[14.6358,-4.855],[14.6358,-4.8517],[14.6325,-4.85],[14.6333,-4.8458],[14.6367,-4.8492],[14.6392,-4.8442],[14.6375,-4.8525],[14.6408,-4.8492]],[[14.6375,-4.8592],[14.6383,-4.8575],[14.6375,-4.8575],[14.6375,-4.8592]]],[[[14.6258,-4.8317],[14.6342,-4.8375],[14.6292,-4.8367],[14.63,-4.8417],[14.6275,-4.8433],[14.6283,-4.8467],[14.6317,-4.845],[14.6308,-4.8483],[14.6258,-4.85],[14.6233,-4.8467],[14.6258,-4.8458],[14.6283,-4.8392],[14.6267,-4.8367],[14.6242,-4.8383],[14.6233,-4.8358],[14.6267,-4.8342],[14.6258,-4.8317]]],[[[14.69,-4.7958],[14.685,-4.7983],[14.6825,-4.8025],[14.6808,-4.8025],[14.6825,-4.7992],[14.6758,-4.8],[14.6783,-4.7992],[14.6767,-4.7958],[14.685,-4.7958],[14.6858,-4.7933],[14.6875,-4.7933],[14.6867,-4.7967],[14.69,-4.7958]]],[[[14.5625,-4.785],[14.5642,-4.7925],[14.5617,-4.7942],[14.5617,-4.79],[14.56,-4.7917],[14.5567,-4.79],[14.5583,-4.7992],[14.55,-4.8058],[14.55,-4.8025],[14.5533,-4.8017],[14.5508,-4.8],[14.5525,-4.7967],[14.55,-4.7967],[14.5517,-4.7892],[14.55,-4.7825],[14.5525,-4.7833],[14.5542,-4.7892],[14.5575,-4.7883],[14.555,-4.7842],[14.5558,-4.7792],[14.56,-4.7792],[14.5592,-4.7817],[14.5625,-4.785]],[[14.5525,-4.7942],[14.5542,-4.7925],[14.5525,-4.7925],[14.5525,-4.7942]]],[[[14.6692,-4.7842],[14.6667,-4.79],[14.6617,-4.7883],[14.6625,-4.7858],[14.6642,-4.7883],[14.6667,-4.7875],[14.6667,-4.7833],[14.6742,-4.785],[14.6742,-4.7883],[14.6767,-4.7883],[14.6825,-4.7808],[14.6858,-4.7825],[14.6867,-4.7867],[14.6892,-4.7842],[14.6908,-4.7875],[14.6892,-4.7892],[14.6867,-4.7875],[14.685,-4.7917],[14.6825,-4.79],[14.6783,-4.7933],[14.6767,-4.7917],[14.68,-4.7917],[14.6817,-4.7883],[14.68,-4.7875],[14.6717,-4.7925],[14.6708,-4.7883],[14.6725,-4.7858],[14.6692,-4.7842]],[[14.6825,-4.785],[14.6842,-4.7883],[14.685,-4.7867],[14.6825,-4.785]],[[14.6717,-4.7908],[14.6725,-4.79],[14.6717,-4.79],[14.6717,-4.7908]]],[[[14.5883,-4.7783],[14.5817,-4.785],[14.5775,-4.7808],[14.5883,-4.7783]]],[[[14.6092,-4.7733],[14.605,-4.7742],[14.6042,-4.7808],[14.6008,-4.78],[14.6042,-4.7758],[14.6008,-4.7742],[14.6,-4.7692],[14.6075,-4.77],[14.6092,-4.7733]]],[[[14.6908,-4.7667],[14.6942,-4.7717],[14.7,-4.7733],[14.695,-4.7733],[14.695,-4.7767],[14.6925,-4.7767],[14.6933,-4.7742],[14.69,-4.7733],[14.69,-4.7658],[14.6917,-4.7625],[14.6942,-4.7633],[14.6908,-4.7667]]],[[[14.6783,-4.7625],[14.6792,-4.765],[14.6825,-4.7658],[14.6825,-4.7692],[14.68,-4.77],[14.685,-4.7717],[14.6858,-4.7767],[14.685,-4.7783],[14.68,-4.7767],[14.68,-4.7817],[14.6717,-4.7833],[14.67,-4.7817],[14.6717,-4.7775],[14.6658,-4.7767],[14.6658,-4.7733],[14.6675,-4.7758],[14.6775,-4.7742],[14.6767,-4.7708],[14.6733,-4.7708],[14.6758,-4.7692],[14.675,-4.7667],[14.6708,-4.77],[14.67,-4.7633],[14.6717,-4.7608],[14.6767,-4.7617],[14.6792,-4.7533],[14.6808,-4.7533],[14.6808,-4.7625],[14.6783,-4.7625]],[[14.6742,-4.7625],[14.675,-4.7633],[14.675,-4.7625],[14.6742,-4.7625]],[[14.6783,-4.7692],[14.6792,-4.77],[14.6792,-4.7692],[14.6783,-4.7692]],[[14.6792,-4.7725],[14.6825,-4.7742],[14.6817,-4.7708],[14.6792,-4.7725]],[[14.6775,-4.7792],[14.675,-4.7775],[14.6758,-4.78],[14.6775,-4.7792]]],[[[14.5592,-4.7633],[14.5558,-4.7683],[14.5592,-4.77],[14.5575,-4.7733],[14.56,-4.7767],[14.5525,-4.7767],[14.55,-4.7792],[14.55,-4.7742],[14.555,-4.7708],[14.5533,-4.7617],[14.5508,-4.76],[14.5525,-4.7567],[14.5592,-4.7575],[14.5592,-4.7633]],[[14.5558,-4.7608],[14.5567,-4.7592],[14.555,-4.7592],[14.5558,-4.7608]]],[[[14.6983,-4.76],[14.6933,-4.7592],[14.695,-4.7617],[14.6917,-4.7608],[14.6892,-4.7633],[14.6958,-4.755],[14.6992,-4.755],[14.7017,-4.7575],[14.6983,-4.76]],[[14.7,-4.7567],[14.6992,-4.7575],[14.7,-4.7575],[14.7,-4.7567]],[[14.6992,-4.7575],[14.6983,-4.7592],[14.6992,-4.7592],[14.6992,-4.7575]]],[[[14.6883,-4.76],[14.685,-4.76],[14.6867,-4.7542],[14.6833,-4.7542],[14.6833,-4.7517],[14.6875,-4.7508],[14.6892,-4.7533],[14.6908,-4.75],[14.6942,-4.7508],[14.695,-4.7525],[14.6917,-4.7517],[14.6908,-4.7583],[14.6875,-4.7567],[14.6883,-4.76]],[[14.6892,-4.7558],[14.69,-4.755],[14.6892,-4.755],[14.6892,-4.7558]]],[[[14.7025,-4.7275],[14.7033,-4.7375],[14.6975,-4.7342],[14.6975,-4.7267],[14.7025,-4.7275]],[[14.6992,-4.7317],[14.7,-4.7308],[14.6992,-4.7308],[14.6992,-4.7317]]],[[[14.5683,-4.7258],[14.5667,-4.7133],[14.5725,-4.7067],[14.5733,-4.7133],[14.5725,-4.7158],[14.5717,-4.7125],[14.5692,-4.7142],[14.57,-4.72],[14.5733,-4.7208],[14.58,-4.715],[14.5833,-4.715],[14.5783,-4.7267],[14.5825,-4.7275],[14.58,-4.7325],[14.585,-4.73],[14.5867,-4.7417],[14.5833,-4.7392],[14.5742,-4.7458],[14.5658,-4.7433],[14.5667,-4.7358],[14.5642,-4.735],[14.5642,-4.73],[14.5608,-4.7258],[14.5625,-4.7225],[14.5658,-4.7233],[14.5667,-4.7292],[14.57,-4.7325],[14.5725,-4.7292],[14.5683,-4.7258]],[[14.5692,-4.7325],[14.5683,-4.7333],[14.5692,-4.7333],[14.5692,-4.7325]],[[14.57,-4.7325],[14.5725,-4.7358],[14.5733,-4.7325],[14.57,-4.7325]],[[14.5758,-4.7225],[14.5775,-4.7208],[14.5758,-4.7217],[14.5758,-4.7225]],[[14.5775,-4.7283],[14.5783,-4.7275],[14.5775,-4.7275],[14.5775,-4.7283]],[[14.5733,-4.7292],[14.575,-4.7283],[14.5733,-4.7283],[14.5733,-4.7292]],[[14.5783,-4.7367],[14.5767,-4.7342],[14.5742,-4.7383],[14.5758,-4.7383],[14.5783,-4.7367]],[[14.57,-4.7383],[14.5708,-4.7375],[14.57,-4.7375],[14.57,-4.7383]],[[14.5783,-4.74],[14.5808,-4.7383],[14.5783,-4.7383],[14.5783,-4.74]],[[14.5767,-4.7408],[14.5775,-4.74],[14.5767,-4.74],[14.5767,-4.7408]]],[[[14.5592,-4.6967],[14.5567,-4.7158],[14.5608,-4.7142],[14.5592,-4.7175],[14.5608,-4.7242],[14.5575,-4.7258],[14.5583,-4.7242],[14.5575,-4.7183],[14.5517,-4.7267],[14.55,-4.7167],[14.5525,-4.7117],[14.55,-4.7083],[14.5517,-4.71],[14.5542,-4.7083],[14.5533,-4.7],[14.55,-4.7],[14.55,-4.6958],[14.5542,-4.6983],[14.5575,-4.6917],[14.5592,-4.6967]]],[[[14.555,-4.6742],[14.56,-4.685],[14.5533,-4.6908],[14.5558,-4.68],[14.5542,-4.6767],[14.55,-4.6758],[14.55,-4.6725],[14.555,-4.6742]]],[[[14.6783,-4.6333],[14.6767,-4.6425],[14.6742,-4.6417],[14.6758,-4.6342],[14.6683,-4.6358],[14.67,-4.6325],[14.6783,-4.6333]]],[[[14.6517,-4.6275],[14.6542,-4.6267],[14.6558,-4.6208],[14.6617,-4.6233],[14.6633,-4.6192],[14.6675,-4.62],[14.6667,-4.6217],[14.6683,-4.6183],[14.6717,-4.6192],[14.6575,-4.6333],[14.66,-4.6425],[14.655,-4.64],[14.6558,-4.6325],[14.65,-4.6358],[14.6483,-4.6317],[14.6458,-4.6317],[14.6467,-4.6367],[14.6525,-4.6383],[14.6525,-4.6417],[14.6492,-4.6433],[14.6492,-4.6408],[14.6433,-4.6367],[14.6433,-4.6308],[14.6467,-4.6275],[14.64,-4.625],[14.6492,-4.6267],[14.6492,-4.6208],[14.6458,-4.6242],[14.6433,-4.6225],[14.6442,-4.6192],[14.6475,-4.6175],[14.6517,-4.6208],[14.6517,-4.6275]],[[14.6475,-4.6183],[14.6467,-4.6192],[14.6475,-4.6192],[14.6475,-4.6183]],[[14.645,-4.6208],[14.6458,-4.62],[14.645,-4.62],[14.645,-4.6208]],[[14.6633,-4.6225],[14.6625,-4.6242],[14.6625,-4.6258],[14.665,-4.6242],[14.6633,-4.6225]],[[14.6558,-4.63],[14.66,-4.6267],[14.6575,-4.6258],[14.6558,-4.63]],[[14.6542,-4.6308],[14.6525,-4.6292],[14.6508,-4.6325],[14.6525,-4.6325],[14.6542,-4.6308]]],[[[14.6233,-4.6292],[14.6167,-4.6275],[14.6158,-4.6342],[14.6133,-4.6275],[14.615,-4.625],[14.6192,-4.625],[14.62,-4.6275],[14.6242,-4.6267],[14.6233,-4.6292]]],[[[14.6708,-4.6092],[14.6675,-4.6083],[14.6683,-4.6117],[14.6667,-4.6117],[14.6642,-4.6092],[14.6642,-4.6033],[14.6692,-4.6025],[14.6717,-4.6058],[14.6708,-4.6092]],[[14.6667,-4.6067],[14.6675,-4.6058],[14.6667,-4.6058],[14.6667,-4.6067]]],[[[14.6367,-4.5833],[14.6467,-4.59],[14.6392,-4.5875],[14.6342,-4.5908],[14.6317,-4.5983],[14.6275,-4.5983],[14.6267,-4.6025],[14.63,-4.6033],[14.6317,-4.6142],[14.6242,-4.6217],[14.625,-4.6267],[14.6217,-4.6242],[14.6217,-4.62],[14.6283,-4.6108],[14.6225,-4.6125],[14.6217,-4.605],[14.6192,-4.6067],[14.6167,-4.6192],[14.61,-4.6258],[14.605,-4.6258],[14.6142,-4.6167],[14.6075,-4.61],[14.6125,-4.6117],[14.6108,-4.6067],[14.6158,-4.61],[14.6167,-4.6025],[14.6133,-4.5983],[14.6025,-4.5992],[14.6033,-4.5967],[14.6142,-4.595],[14.6192,-4.6025],[14.6217,-4.6025],[14.62,-4.6],[14.63,-4.595],[14.63,-4.59],[14.635,-4.5875],[14.6367,-4.5833]],[[14.6267,-4.6042],[14.6242,-4.6067],[14.6275,-4.6058],[14.6267,-4.6042]]],[[[14.6508,-4.6058],[14.6433,-4.6058],[14.645,-4.5967],[14.6542,-4.5992],[14.6508,-4.6058]],[[14.6492,-4.6033],[14.6467,-4.6017],[14.6475,-4.6042],[14.6492,-4.6033]]],[[[14.69,-4.5825],[14.69,-4.59],[14.6958,-4.6008],[14.6917,-4.6033],[14.6908,-4.6083],[14.6933,-4.6058],[14.6975,-4.6067],[14.7017,-4.5975],[14.7083,-4.6],[14.7083,-4.6042],[14.7025,-4.6092],[14.7017,-4.6142],[14.7,-4.6142],[14.7,-4.6075],[14.7042,-4.6058],[14.7058,-4.6008],[14.7025,-4.6],[14.7017,-4.605],[14.6975,-4.6092],[14.6875,-4.61],[14.685,-4.615],[14.6825,-4.6117],[14.6858,-4.6083],[14.685,-4.605],[14.6817,-4.6042],[14.6817,-4.6008],[14.6733,-4.5942],[14.6742,-4.59],[14.6767,-4.595],[14.68,-4.595],[14.6767,-4.5917],[14.6783,-4.5892],[14.685,-4.5975],[14.6833,-4.5917],[14.6867,-4.5925],[14.6875,-4.5983],[14.685,-4.6025],[14.6892,-4.605],[14.6917,-4.5975],[14.6883,-4.5933],[14.6883,-4.585],[14.685,-4.59],[14.6833,-4.5892],[14.6842,-4.5825],[14.69,-4.5825]]],[[[14.67,-4.5875],[14.6667,-4.5917],[14.6633,-4.5908],[14.6667,-4.59],[14.665,-4.5875],[14.66,-4.59],[14.66,-4.5925],[14.6667,-4.5942],[14.6658,-4.5967],[14.665,-4.5942],[14.6575,-4.5933],[14.655,-4.5992],[14.6533,-4.5983],[14.6533,-4.5933],[14.6625,-4.5842],[14.67,-4.5875]]],[[[14.6158,-4.5767],[14.6208,-4.5833],[14.6192,-4.5917],[14.6208,-4.5925],[14.6217,-4.59],[14.6233,-4.5917],[14.6208,-4.5975],[14.6167,-4.595],[14.6175,-4.585],[14.6133,-4.5792],[14.6133,-4.575],[14.6108,-4.575],[14.6133,-4.58],[14.6125,-4.585],[14.6008,-4.585],[14.6025,-4.5883],[14.6075,-4.5867],[14.6108,-4.5883],[14.6092,-4.5942],[14.6067,-4.5933],[14.6075,-4.5892],[14.6008,-4.59],[14.5967,-4.5867],[14.6025,-4.5817],[14.61,-4.5825],[14.6083,-4.5742],[14.6108,-4.5725],[14.6167,-4.5717],[14.6158,-4.5767]]],[[[14.6458,-4.5808],[14.655,-4.5875],[14.635,-4.5792],[14.6317,-4.5867],[14.6275,-4.5833],[14.63,-4.5833],[14.6333,-4.5775],[14.6425,-4.5783],[14.6433,-4.575],[14.6467,-4.5758],[14.6458,-4.5808]]],[[[14.6975,-4.58],[14.7125,-4.5792],[14.7125,-4.5825],[14.7008,-4.5833],[14.695,-4.5808],[14.6933,-4.5767],[14.6975,-4.58]]],[[[14.6775,-4.5692],[14.6767,-4.5792],[14.6683,-4.585],[14.6667,-4.5767],[14.6708,-4.5742],[14.6667,-4.5725],[14.6667,-4.57],[14.6692,-4.5675],[14.6775,-4.5692]],[[14.675,-4.5758],[14.6725,-4.5708],[14.6733,-4.5767],[14.675,-4.5758]],[[14.6692,-4.5783],[14.6717,-4.58],[14.6717,-4.5783],[14.6692,-4.5783]]],[[[14.6192,-4.5],[14.6108,-4.5058],[14.6025,-4.5067],[14.6108,-4.5033],[14.6108,-4.5008],[14.6075,-4.5008],[14.6108,-4.4958],[14.6058,-4.495],[14.605,-4.4925],[14.615,-4.4958],[14.615,-4.49],[14.6167,-4.49],[14.6192,-4.4967],[14.6192,-4.5]],[[14.6142,-4.4992],[14.6158,-4.4967],[14.6142,-4.4967],[14.6142,-4.4992]]],[[[14.5917,-4.4767],[14.5925,-4.4867],[14.5883,-4.4917],[14.5792,-4.4833],[14.5792,-4.4792],[14.5808,-4.4758],[14.5867,-4.4758],[14.5867,-4.48],[14.59,-4.48],[14.5883,-4.4717],[14.5917,-4.4675],[14.595,-4.4675],[14.5917,-4.4767]],[[14.5833,-4.4783],[14.5825,-4.4808],[14.5817,-4.4817],[14.5833,-4.4817],[14.5833,-4.4783]],[[14.5892,-4.4858],[14.5875,-4.4833],[14.5867,-4.485],[14.5892,-4.4858]]],[[[14.6067,-4.4675],[14.6025,-4.465],[14.6033,-4.46],[14.6075,-4.46],[14.6092,-4.4633],[14.6158,-4.4633],[14.6167,-4.4733],[14.62,-4.4742],[14.6217,-4.4792],[14.6167,-4.475],[14.6167,-4.4792],[14.6092,-4.4775],[14.6092,-4.475],[14.6133,-4.4742],[14.6142,-4.4658],[14.61,-4.4675],[14.6067,-4.475],[14.6008,-4.4742],[14.6008,-4.4792],[14.595,-4.4792],[14.5942,-4.4708],[14.6,-4.4692],[14.5992,-4.4725],[14.605,-4.4725],[14.6067,-4.4675]],[[14.5992,-4.4725],[14.5967,-4.4758],[14.5983,-4.4767],[14.5992,-4.4725]],[[14.6083,-4.4658],[14.6067,-4.4617],[14.6042,-4.4617],[14.6083,-4.4658]]],[[[14.585,-4.4625],[14.5825,-4.4642],[14.5867,-4.4683],[14.58,-4.4633],[14.5833,-4.47],[14.5817,-4.4717],[14.5733,-4.4633],[14.5725,-4.4583],[14.5758,-4.4633],[14.5775,-4.4633],[14.5775,-4.4575],[14.5792,-4.4608],[14.585,-4.4625]]],[[[14.6358,-4.4533],[14.6308,-4.4567],[14.635,-4.4583],[14.64,-4.455],[14.64,-4.4575],[14.6375,-4.46],[14.6333,-4.4592],[14.63,-4.4667],[14.6225,-4.4708],[14.6183,-4.4575],[14.625,-4.4558],[14.6275,-4.4583],[14.63,-4.4517],[14.6358,-4.4508],[14.6375,-4.4533],[14.6375,-4.455],[14.6358,-4.4533]],[[14.6233,-4.4633],[14.6233,-4.4583],[14.6208,-4.4583],[14.6208,-4.4617],[14.6233,-4.4633]],[[14.63,-4.46],[14.6308,-4.4592],[14.63,-4.4592],[14.63,-4.46]],[[14.6242,-4.4617],[14.6258,-4.46],[14.6242,-4.46],[14.6242,-4.4617]],[[14.6283,-4.4617],[14.6275,-4.4608],[14.6275,-4.4633],[14.6283,-4.4617]],[[14.625,-4.4692],[14.625,-4.4675],[14.6275,-4.4642],[14.6225,-4.4667],[14.625,-4.4692]]],[[[14.6008,-4.4483],[14.6108,-4.4517],[14.6142,-4.4575],[14.6125,-4.4583],[14.61,-4.4533],[14.6075,-4.4575],[14.5942,-4.4533],[14.5958,-4.4475],[14.5975,-4.4475],[14.5967,-4.4517],[14.6008,-4.4517],[14.6008,-4.4483]],[[14.605,-4.4525],[14.6033,-4.4542],[14.6058,-4.4542],[14.605,-4.4525]]],[[[14.6433,-4.315],[14.6358,-4.3167],[14.6383,-4.3142],[14.6367,-4.3067],[14.6442,-4.3092],[14.6433,-4.315]],[[14.64,-4.31],[14.6392,-4.3092],[14.6392,-4.31],[14.64,-4.31]],[[14.64,-4.3117],[14.6408,-4.3142],[14.6425,-4.3142],[14.6425,-4.3108],[14.64,-4.3117]]],[[[14.6617,-4.2808],[14.6742,-4.2875],[14.675,-4.2925],[14.6792,-4.2933],[14.685,-4.3042],[14.6883,-4.3025],[14.6917,-4.295],[14.6958,-4.2942],[14.7,-4.2975],[14.7008,-4.3042],[14.7075,-4.3042],[14.71,-4.3083],[14.7,-4.3058],[14.695,-4.2975],[14.6917,-4.2983],[14.6892,-4.305],[14.6833,-4.3058],[14.6783,-4.2975],[14.675,-4.2967],[14.675,-4.2933],[14.67,-4.2925],[14.67,-4.2883],[14.6617,-4.2808]]],[[[14.6792,-4.2742],[14.6858,-4.2825],[14.6775,-4.2867],[14.6675,-4.28],[14.6683,-4.2775],[14.6725,-4.2808],[14.675,-4.2792],[14.675,-4.2817],[14.6825,-4.2817],[14.6792,-4.2742]]],[[[14.6983,-4.2333],[14.7017,-4.2367],[14.6983,-4.25],[14.7067,-4.2475],[14.7058,-4.2525],[14.7083,-4.2533],[14.7142,-4.2475],[14.7208,-4.2467],[14.7192,-4.255],[14.715,-4.2583],[14.7158,-4.2642],[14.7117,-4.2608],[14.7142,-4.2525],[14.7058,-4.2558],[14.7042,-4.2525],[14.7058,-4.2483],[14.6975,-4.2517],[14.695,-4.2483],[14.6925,-4.2492],[14.6917,-4.2458],[14.6875,-4.2458],[14.6842,-4.2425],[14.6817,-4.2442],[14.6725,-4.2425],[14.67,-4.2392],[14.6717,-4.2358],[14.6742,-4.2408],[14.6858,-4.24],[14.6958,-4.245],[14.6925,-4.2383],[14.6967,-4.2358],[14.6883,-4.235],[14.6867,-4.2308],[14.6808,-4.2392],[14.675,-4.2383],[14.6725,-4.235],[14.6792,-4.2375],[14.685,-4.2283],[14.6883,-4.2283],[14.69,-4.2325],[14.6983,-4.2333]],[[14.7158,-4.2492],[14.7175,-4.25],[14.7175,-4.2492],[14.7158,-4.2492]]],[[[14.595,-4.12],[14.5817,-4.1258],[14.5858,-4.1192],[14.5967,-4.1167],[14.595,-4.12]]],[[[14.5842,-4.1183],[14.58,-4.1175],[14.58,-4.12],[14.5775,-4.12],[14.575,-4.1175],[14.5725,-4.1217],[14.5708,-4.115],[14.5792,-4.1175],[14.5775,-4.11],[14.58,-4.11],[14.5842,-4.1183]]],[[[14.6975,-4.015],[14.7017,-4.0283],[14.6975,-4.0275],[14.6958,-4.0208],[14.6975,-4.015]]],[[[14.5575,-4.0033],[14.555,-4.0083],[14.55,-4.0075],[14.5558,-4.0025],[14.55,-3.9975],[14.55,-3.9942],[14.5558,-3.9958],[14.5575,-4.0033]]],[[[14.6383,-3.985],[14.6258,-3.9892],[14.6233,-3.9875],[14.6175,-3.9892],[14.62,-3.9842],[14.6275,-3.9825],[14.6317,-3.9842],[14.6408,-3.9775],[14.6383,-3.985]],[[14.625,-3.9875],[14.6258,-3.9867],[14.625,-3.9867],[14.625,-3.9875]]],[[[14.555,-3.9817],[14.5508,-3.9825],[14.5525,-3.9875],[14.55,-3.99],[14.55,-3.98],[14.5567,-3.9758],[14.555,-3.9817]]],[[[14.6542,-3.9642],[14.6575,-3.9717],[14.6517,-3.9742],[14.6492,-3.9742],[14.65,-3.9708],[14.6533,-3.97],[14.6517,-3.9675],[14.6417,-3.9692],[14.6375,-3.9717],[14.635,-3.98],[14.6317,-3.9817],[14.6283,-3.9808],[14.6283,-3.9758],[14.6258,-3.9758],[14.6217,-3.98],[14.6158,-3.98],[14.6083,-3.985],[14.6017,-3.9858],[14.5983,-3.9883],[14.5975,-3.9942],[14.5942,-3.9958],[14.5958,-3.9867],[14.6017,-3.9833],[14.6025,-3.98],[14.6067,-3.9817],[14.6158,-3.975],[14.62,-3.9767],[14.6267,-3.9708],[14.6333,-3.9742],[14.635,-3.9683],[14.6483,-3.9633],[14.6542,-3.9642]],[[14.6317,-3.9792],[14.6333,-3.9767],[14.6317,-3.9767],[14.6317,-3.9792]]],[[[14.5933,-3.9517],[14.5867,-3.9525],[14.5875,-3.96],[14.5917,-3.9533],[14.5975,-3.9567],[14.605,-3.9558],[14.6075,-3.9683],[14.5975,-3.9692],[14.595,-3.9733],[14.5958,-3.9775],[14.5917,-3.9767],[14.5858,-3.9842],[14.5775,-3.9858],[14.575,-3.9808],[14.57,-3.9792],[14.5683,-3.9683],[14.5733,-3.965],[14.5733,-3.9625],[14.5775,-3.9625],[14.5817,-3.9583],[14.5825,-3.9617],[14.5725,-3.97],[14.5725,-3.9733],[14.5742,-3.9775],[14.5783,-3.9792],[14.5783,-3.9833],[14.5858,-3.9817],[14.59,-3.97],[14.5958,-3.965],[14.6017,-3.9642],[14.6008,-3.9617],[14.5925,-3.9617],[14.5875,-3.965],[14.5842,-3.9617],[14.5825,-3.95],[14.59,-3.9483],[14.5892,-3.945],[14.5917,-3.945],[14.5942,-3.9475],[14.5933,-3.9517]]],[[[14.5567,-3.9583],[14.565,-3.9575],[14.5667,-3.9625],[14.5625,-3.9642],[14.5642,-3.9667],[14.5625,-3.9708],[14.5592,-3.9708],[14.56,-3.97],[14.5592,-3.9675],[14.5508,-3.9725],[14.55,-3.9667],[14.5525,-3.9692],[14.555,-3.9667],[14.55,-3.9608],[14.55,-3.9583],[14.5525,-3.96],[14.55,-3.9508],[14.5567,-3.9542],[14.5567,-3.9583]],[[14.5558,-3.9642],[14.5575,-3.9633],[14.5558,-3.9633],[14.5558,-3.9642]]],[[[14.6842,-3.9325],[14.6817,-3.9442],[14.6758,-3.95],[14.6675,-3.9492],[14.6617,-3.955],[14.6567,-3.9542],[14.6575,-3.96],[14.6558,-3.96],[14.6533,-3.9525],[14.6625,-3.9508],[14.6675,-3.9383],[14.6725,-3.9417],[14.6725,-3.9467],[14.6767,-3.9425],[14.6775,-3.9375],[14.675,-3.9342],[14.68,-3.9292],[14.68,-3.925],[14.6717,-3.9183],[14.6733,-3.9083],[14.6767,-3.9067],[14.675,-3.9117],[14.6767,-3.9175],[14.68,-3.9075],[14.6825,-3.9183],[14.6892,-3.9167],[14.6858,-3.9125],[14.6858,-3.91],[14.6908,-3.9108],[14.6892,-3.9017],[14.6992,-3.8992],[14.6975,-3.9025],[14.6925,-3.9025],[14.6933,-3.905],[14.6967,-3.905],[14.6958,-3.9083],[14.6933,-3.9075],[14.6917,-3.91],[14.6942,-3.9125],[14.6933,-3.9192],[14.6817,-3.9217],[14.6842,-3.9258],[14.6908,-3.9267],[14.6908,-3.9292],[14.6842,-3.9325]]],[[[14.6942,-3.9342],[14.6892,-3.9333],[14.69,-3.93],[14.6975,-3.925],[14.6942,-3.9342]]],[[[14.675,-3.8917],[14.665,-3.9017],[14.66,-3.9017],[14.6583,-3.905],[14.655,-3.9033],[14.6517,-3.9058],[14.6533,-3.9158],[14.6567,-3.9175],[14.6567,-3.9142],[14.6642,-3.9042],[14.6775,-3.8967],[14.6767,-3.9],[14.6683,-3.9058],[14.6683,-3.91],[14.6608,-3.9142],[14.66,-3.92],[14.6525,-3.9192],[14.6425,-3.9267],[14.6417,-3.9308],[14.6358,-3.9317],[14.6375,-3.935],[14.635,-3.935],[14.6317,-3.945],[14.6283,-3.9442],[14.6258,-3.9467],[14.6242,-3.9567],[14.6192,-3.9558],[14.6125,-3.945],[14.6108,-3.9542],[14.6008,-3.9542],[14.5975,-3.9425],[14.6025,-3.9492],[14.6067,-3.9492],[14.6075,-3.9442],[14.615,-3.9408],[14.6167,-3.9358],[14.6225,-3.9367],[14.6225,-3.9392],[14.6175,-3.9408],[14.6192,-3.9433],[14.63,-3.9367],[14.63,-3.9275],[14.635,-3.925],[14.635,-3.9225],[14.6217,-3.9258],[14.6208,-3.9183],[14.6233,-3.9125],[14.625,-3.9125],[14.6233,-3.9192],[14.6317,-3.9183],[14.6367,-3.9075],[14.6425,-3.9058],[14.6408,-3.9025],[14.6375,-3.905],[14.6375,-3.8992],[14.6408,-3.9],[14.6417,-3.8967],[14.6467,-3.8992],[14.6433,-3.9008],[14.645,-3.9067],[14.6367,-3.9133],[14.6367,-3.9158],[14.6408,-3.9167],[14.6408,-3.9133],[14.6442,-3.9117],[14.6433,-3.9208],[14.6358,-3.92],[14.6383,-3.9267],[14.6483,-3.9175],[14.6467,-3.9142],[14.6508,-3.9133],[14.65,-3.9042],[14.6525,-3.9017],[14.6567,-3.9025],[14.675,-3.8917]],[[14.6508,-3.9175],[14.6517,-3.9167],[14.6508,-3.9167],[14.6508,-3.9175]],[[14.6283,-3.9417],[14.63,-3.94],[14.6283,-3.94],[14.6283,-3.9417]],[[14.6192,-3.9483],[14.62,-3.9467],[14.6183,-3.9467],[14.6192,-3.9483]],[[14.6225,-3.9483],[14.6242,-3.9492],[14.6225,-3.9467],[14.6225,-3.9483]]],[[[14.5542,-3.9175],[14.5558,-3.9242],[14.5592,-3.9267],[14.5517,-3.9325],[14.5525,-3.9233],[14.55,-3.9225],[14.55,-3.9158],[14.5533,-3.9167],[14.5533,-3.9142],[14.5558,-3.9142],[14.5542,-3.9175]],[[14.5525,-3.9208],[14.5542,-3.9217],[14.5542,-3.9208],[14.5525,-3.9208]]],[[[14.5892,-3.9142],[14.585,-3.905],[14.5792,-3.9025],[14.58,-3.8992],[14.5842,-3.8975],[14.585,-3.8925],[14.5817,-3.89],[14.5833,-3.8875],[14.5875,-3.8917],[14.5842,-3.9017],[14.5892,-3.9025],[14.5925,-3.9208],[14.5867,-3.9308],[14.5825,-3.9283],[14.5792,-3.9317],[14.5733,-3.9317],[14.5725,-3.9358],[14.5683,-3.9392],[14.5667,-3.9492],[14.5567,-3.9483],[14.5558,-3.945],[14.5592,-3.9433],[14.5642,-3.945],[14.5642,-3.9417],[14.5625,-3.9375],[14.5608,-3.9408],[14.5558,-3.9417],[14.555,-3.935],[14.5617,-3.9358],[14.5642,-3.9333],[14.5667,-3.935],[14.5708,-3.9267],[14.5733,-3.9292],[14.5742,-3.9225],[14.5767,-3.9275],[14.5792,-3.9267],[14.5792,-3.92],[14.5675,-3.9167],[14.5675,-3.91],[14.5725,-3.9067],[14.5758,-3.9075],[14.5758,-3.905],[14.58,-3.9033],[14.5825,-3.9167],[14.5858,-3.9133],[14.5892,-3.9142]],[[14.5625,-3.9375],[14.5633,-3.9367],[14.5625,-3.9367],[14.5625,-3.9375]],[[14.5858,-3.915],[14.5858,-3.9175],[14.59,-3.9175],[14.5892,-3.9158],[14.5858,-3.915]],[[14.5767,-3.915],[14.5775,-3.9125],[14.5708,-3.9125],[14.5717,-3.915],[14.5767,-3.915]],[[14.585,-3.9208],[14.5833,-3.925],[14.5842,-3.925],[14.585,-3.9208]]],[[[14.5633,-3.9117],[14.5608,-3.9017],[14.5692,-3.9033],[14.5658,-3.9117],[14.5633,-3.9117]]],[[[14.6358,-3.895],[14.63,-3.915],[14.6275,-3.9158],[14.6325,-3.8925],[14.6358,-3.895]]],[[[14.5967,-3.9083],[14.5917,-3.9067],[14.5908,-3.8975],[14.5933,-3.8983],[14.5967,-3.9083]]],[[[14.6542,-3.8867],[14.665,-3.8842],[14.6683,-3.8867],[14.6683,-3.8917],[14.6642,-3.8958],[14.6525,-3.8983],[14.645,-3.8908],[14.6442,-3.8933],[14.6475,-3.8967],[14.64,-3.8925],[14.6408,-3.89],[14.6458,-3.89],[14.6625,-3.8933],[14.6667,-3.8892],[14.6617,-3.8867],[14.6583,-3.89],[14.6533,-3.89],[14.6442,-3.8867],[14.65,-3.8842],[14.6542,-3.8867]]],[[[14.6717,-3.8825],[14.6667,-3.8808],[14.6667,-3.8733],[14.6692,-3.8733],[14.6692,-3.8775],[14.6725,-3.8792],[14.6717,-3.8825]]],[[[14.6717,-3.8767],[14.6742,-3.8708],[14.6742,-3.8742],[14.68,-3.8758],[14.6825,-3.8817],[14.6758,-3.8833],[14.6742,-3.88],[14.6775,-3.8775],[14.6717,-3.8767]],[[14.6775,-3.8783],[14.6783,-3.8792],[14.6783,-3.8783],[14.6775,-3.8783]]],[[[14.63,-3.8783],[14.62,-3.8758],[14.6192,-3.8725],[14.6258,-3.8725],[14.6267,-3.8675],[14.635,-3.875],[14.6308,-3.875],[14.63,-3.8783]],[[14.6308,-3.875],[14.63,-3.8742],[14.63,-3.875],[14.6308,-3.875]]],[[[14.6917,-3.8492],[14.69,-3.8558],[14.6975,-3.8533],[14.7042,-3.855],[14.7008,-3.8567],[14.7033,-3.86],[14.7,-3.8592],[14.7,-3.8608],[14.7058,-3.8625],[14.7067,-3.8667],[14.7033,-3.8708],[14.6992,-3.8708],[14.6983,-3.8767],[14.6925,-3.8758],[14.6883,-3.8717],[14.6883,-3.8633],[14.6842,-3.8658],[14.685,-3.8683],[14.6783,-3.865],[14.685,-3.8617],[14.685,-3.8575],[14.6892,-3.8525],[14.6892,-3.8508],[14.6825,-3.8525],[14.6825,-3.85],[14.6917,-3.8492]],[[14.6925,-3.86],[14.695,-3.8617],[14.6958,-3.8592],[14.6942,-3.8592],[14.6925,-3.86]],[[14.7025,-3.8667],[14.7008,-3.8633],[14.6975,-3.8633],[14.7,-3.8667],[14.7025,-3.8667]],[[14.69,-3.87],[14.6967,-3.8742],[14.6908,-3.8658],[14.69,-3.87]],[[14.695,-3.8667],[14.6983,-3.87],[14.6975,-3.8667],[14.695,-3.8667]]],[[[14.665,-3.8508],[14.6692,-3.8583],[14.6658,-3.8625],[14.6692,-3.8667],[14.665,-3.865],[14.6633,-3.855],[14.6608,-3.8542],[14.6625,-3.86],[14.6583,-3.8575],[14.66,-3.8508],[14.665,-3.8508]]],[[[14.6142,-3.8308],[14.615,-3.8392],[14.6125,-3.8417],[14.6133,-3.8475],[14.6183,-3.85],[14.62,-3.8583],[14.62,-3.8683],[14.6158,-3.8717],[14.6125,-3.8692],[14.6117,-3.8625],[14.6092,-3.8625],[14.6075,-3.8683],[14.6017,-3.8683],[14.6067,-3.8658],[14.6092,-3.8583],[14.6133,-3.8592],[14.6158,-3.8675],[14.6183,-3.8667],[14.615,-3.8575],[14.6158,-3.8525],[14.6117,-3.85],[14.6108,-3.8558],[14.6042,-3.8592],[14.6083,-3.8483],[14.6,-3.8433],[14.6008,-3.8417],[14.6083,-3.8433],[14.61,-3.8408],[14.6092,-3.8358],[14.6117,-3.8325],[14.6083,-3.8317],[14.6092,-3.8267],[14.6142,-3.8308]],[[14.6092,-3.8458],[14.6108,-3.845],[14.6092,-3.845],[14.6092,-3.8458]]],[[[14.6733,-3.8383],[14.6783,-3.8467],[14.675,-3.8442],[14.6742,-3.8467],[14.6692,-3.845],[14.6683,-3.84],[14.6733,-3.8383]],[[14.6708,-3.8417],[14.6717,-3.8408],[14.6708,-3.8408],[14.6708,-3.8417]]],[[[14.5842,-3.8233],[14.585,-3.8283],[14.5808,-3.83],[14.5808,-3.8333],[14.5817,-3.84],[14.5842,-3.8383],[14.585,-3.8417],[14.5817,-3.8442],[14.5817,-3.8483],[14.57,-3.8542],[14.5692,-3.8475],[14.5717,-3.8408],[14.5733,-3.8383],[14.5783,-3.8408],[14.5775,-3.83],[14.5808,-3.8275],[14.5783,-3.8258],[14.5758,-3.8283],[14.5767,-3.8258],[14.5742,-3.8267],[14.5725,-3.8242],[14.5733,-3.8208],[14.5767,-3.8208],[14.5758,-3.8233],[14.5842,-3.8233]],[[14.5742,-3.8442],[14.5725,-3.8492],[14.5758,-3.85],[14.5808,-3.8433],[14.5742,-3.8442]]],[[[14.6725,-3.8342],[14.6692,-3.8375],[14.6625,-3.835],[14.655,-3.8383],[14.6508,-3.8375],[14.6475,-3.8442],[14.6433,-3.8442],[14.6383,-3.84],[14.6458,-3.8425],[14.6508,-3.8333],[14.655,-3.8342],[14.66,-3.83],[14.6708,-3.8308],[14.6725,-3.8342]]],[[[14.6817,-3.8367],[14.6767,-3.8358],[14.6775,-3.8325],[14.6858,-3.8292],[14.6858,-3.8333],[14.6817,-3.8367]]],[[[14.565,-3.83],[14.5558,-3.83],[14.5567,-3.8233],[14.565,-3.825],[14.565,-3.83]]],[[[14.6867,-3.8217],[14.6808,-3.8283],[14.6767,-3.8267],[14.6775,-3.8242],[14.6808,-3.8242],[14.6808,-3.8208],[14.6875,-3.8175],[14.6867,-3.8217]]],[[[14.6567,-3.8208],[14.6483,-3.8225],[14.65,-3.8242],[14.6675,-3.8233],[14.67,-3.8208],[14.6775,-3.8225],[14.6708,-3.8233],[14.6692,-3.8267],[14.6633,-3.8283],[14.6592,-3.8283],[14.6583,-3.8258],[14.6492,-3.8275],[14.6442,-3.8225],[14.6442,-3.8192],[14.6525,-3.8183],[14.6542,-3.8158],[14.6567,-3.8208]]],[[[14.5925,-3.81],[14.5892,-3.815],[14.5975,-3.8175],[14.5983,-3.8208],[14.5925,-3.8183],[14.59,-3.8225],[14.5917,-3.8267],[14.5858,-3.8317],[14.585,-3.8283],[14.5883,-3.8258],[14.5883,-3.8225],[14.5833,-3.8225],[14.5808,-3.82],[14.5817,-3.815],[14.5783,-3.8133],[14.5858,-3.8133],[14.5883,-3.8075],[14.5992,-3.8058],[14.5967,-3.8142],[14.5925,-3.8142],[14.5925,-3.81]],[[14.585,-3.8158],[14.5833,-3.8175],[14.5842,-3.8192],[14.5858,-3.8192],[14.585,-3.8158]]],[[[14.5658,-3.8217],[14.56,-3.8192],[14.5617,-3.815],[14.5675,-3.8167],[14.5658,-3.8217]],[[14.5625,-3.8183],[14.5642,-3.8167],[14.5625,-3.8167],[14.5625,-3.8183]]],[[[14.6308,-3.795],[14.6383,-3.8008],[14.6458,-3.7933],[14.645,-3.8008],[14.6408,-3.805],[14.6433,-3.8075],[14.6433,-3.8142],[14.6467,-3.8142],[14.6467,-3.8175],[14.6392,-3.8167],[14.6375,-3.81],[14.64,-3.8108],[14.64,-3.8083],[14.6367,-3.8083],[14.6358,-3.8058],[14.6308,-3.8125],[14.6217,-3.8083],[14.625,-3.8217],[14.6292,-3.82],[14.6308,-3.8233],[14.6275,-3.8267],[14.6183,-3.8133],[14.6175,-3.805],[14.6308,-3.8075],[14.6308,-3.7992],[14.6275,-3.795],[14.63,-3.7808],[14.6317,-3.7817],[14.6308,-3.795]],[[14.6367,-3.8025],[14.6342,-3.8042],[14.6358,-3.805],[14.6367,-3.8025]]],[[[14.6608,-3.795],[14.66,-3.8117],[14.6533,-3.8083],[14.6533,-3.8],[14.6592,-3.795],[14.6608,-3.795]],[[14.6558,-3.805],[14.6575,-3.8025],[14.6558,-3.8025],[14.6558,-3.805]]],[[[14.6333,-3.7858],[14.6442,-3.7925],[14.635,-3.7933],[14.6333,-3.7858]]],[[[14.66,-3.7742],[14.6642,-3.7742],[14.6658,-3.7767],[14.6633,-3.785],[14.6683,-3.7883],[14.6633,-3.7883],[14.66,-3.7942],[14.6558,-3.7942],[14.6608,-3.7817],[14.6525,-3.785],[14.6542,-3.7883],[14.6517,-3.7883],[14.6467,-3.785],[14.6492,-3.7842],[14.6475,-3.7817],[14.6492,-3.7758],[14.6442,-3.7717],[14.6492,-3.7725],[14.655,-3.7683],[14.6575,-3.7717],[14.655,-3.7783],[14.66,-3.7742]],[[14.655,-3.7783],[14.6542,-3.7792],[14.655,-3.7792],[14.655,-3.7783]],[[14.6542,-3.7792],[14.6517,-3.7808],[14.6533,-3.7808],[14.6542,-3.7792]],[[14.6533,-3.7742],[14.6508,-3.7742],[14.6508,-3.7758],[14.6533,-3.7742]],[[14.6608,-3.7792],[14.6625,-3.7775],[14.6608,-3.7775],[14.6608,-3.7792]],[[14.65,-3.78],[14.6508,-3.7792],[14.65,-3.7792],[14.65,-3.78]],[[14.65,-3.7842],[14.6508,-3.7833],[14.65,-3.7833],[14.65,-3.7842]]],[[[14.6042,-3.76],[14.5992,-3.7658],[14.5942,-3.7658],[14.59,-3.76],[14.5958,-3.7592],[14.5992,-3.7533],[14.6033,-3.7533],[14.6042,-3.76]],[[14.6025,-3.7592],[14.6,-3.7558],[14.5983,-3.7608],[14.6008,-3.7608],[14.6025,-3.7592]],[[14.5925,-3.76],[14.5933,-3.7633],[14.5975,-3.7633],[14.5975,-3.7617],[14.5925,-3.76]]],[[[14.6667,-3.7358],[14.6817,-3.7367],[14.6933,-3.75],[14.695,-3.755],[14.6917,-3.7592],[14.6842,-3.7458],[14.68,-3.745],[14.6792,-3.74],[14.6758,-3.745],[14.6717,-3.7383],[14.6683,-3.7383],[14.6658,-3.7433],[14.6575,-3.7475],[14.6667,-3.7358]]],[[[14.7008,-3.7408],[14.6983,-3.7408],[14.6983,-3.7433],[14.7033,-3.7425],[14.7042,-3.7475],[14.7092,-3.7467],[14.7092,-3.7533],[14.7008,-3.7533],[14.6992,-3.7483],[14.6967,-3.7483],[14.6975,-3.7517],[14.6958,-3.7517],[14.6917,-3.7467],[14.695,-3.745],[14.6933,-3.7425],[14.6908,-3.7433],[14.6942,-3.7383],[14.7025,-3.7367],[14.7008,-3.7408]],[[14.7042,-3.7508],[14.7067,-3.7492],[14.7042,-3.7492],[14.7042,-3.7508]]],[[[14.5925,-3.7242],[14.5933,-3.735],[14.5883,-3.7367],[14.5867,-3.7342],[14.5908,-3.735],[14.5908,-3.7325],[14.585,-3.7275],[14.585,-3.72],[14.5892,-3.72],[14.5925,-3.7242]]],[[[14.6075,-3.72],[14.5992,-3.7267],[14.5942,-3.7258],[14.595,-3.7225],[14.6075,-3.72]]],[[[14.765,-4.9083],[14.7625,-4.9108],[14.7675,-4.9133],[14.7683,-4.91],[14.77,-4.915],[14.7633,-4.92],[14.7592,-4.92],[14.7567,-4.9158],[14.7608,-4.9183],[14.7642,-4.9183],[14.7642,-4.9158],[14.7617,-4.915],[14.7583,-4.9017],[14.7608,-4.9017],[14.7608,-4.9058],[14.765,-4.9083]],[[14.765,-4.9133],[14.7642,-4.9142],[14.765,-4.9142],[14.765,-4.9133]],[[14.765,-4.9142],[14.7658,-4.915],[14.7658,-4.9142],[14.765,-4.9142]]],[[[14.7708,-4.8975],[14.78,-4.9017],[14.775,-4.9067],[14.775,-4.91],[14.7733,-4.9067],[14.7767,-4.9025],[14.7733,-4.9025],[14.7692,-4.8983],[14.7708,-4.8933],[14.7708,-4.8975]]],[[[14.7975,-4.8933],[14.7917,-4.8992],[14.7858,-4.91],[14.7842,-4.91],[14.7858,-4.9025],[14.7933,-4.8958],[14.79,-4.8933],[14.7917,-4.8858],[14.795,-4.8858],[14.7933,-4.8908],[14.7975,-4.8933]],[[14.7933,-4.8908],[14.7925,-4.8917],[14.7933,-4.8917],[14.7933,-4.8908]],[[14.795,-4.8925],[14.7942,-4.8933],[14.795,-4.8933],[14.795,-4.8925]]],[[[14.725,-4.8467],[14.7325,-4.8542],[14.7283,-4.8608],[14.7225,-4.8583],[14.7283,-4.8542],[14.725,-4.8467]]],[[[14.7333,-4.8308],[14.7292,-4.8342],[14.725,-4.8317],[14.7192,-4.8433],[14.7125,-4.8442],[14.7083,-4.84],[14.7083,-4.8375],[14.7133,-4.8367],[14.7117,-4.8408],[14.7183,-4.8425],[14.7192,-4.835],[14.7225,-4.8308],[14.7333,-4.8308]]],[[[14.7142,-4.8317],[14.7075,-4.8333],[14.7117,-4.8308],[14.7158,-4.8233],[14.7192,-4.8233],[14.7142,-4.8317]]],[[[14.5517,-4.7317],[14.55,-4.7275],[14.5542,-4.7308],[14.5583,-4.73],[14.5583,-4.735],[14.5675,-4.7467],[14.5658,-4.7508],[14.5675,-4.7575],[14.5733,-4.7542],[14.5717,-4.7567],[14.5733,-4.7592],[14.5742,-4.7525],[14.5808,-4.7517],[14.5825,-4.7492],[14.5842,-4.7625],[14.5817,-4.7642],[14.5858,-4.7658],[14.5858,-4.7625],[14.5917,-4.7617],[14.5892,-4.765],[14.5917,-4.7683],[14.59,-4.7742],[14.5867,-4.7742],[14.5825,-4.7783],[14.5758,-4.7767],[14.5742,-4.77],[14.5692,-4.7725],[14.5692,-4.7742],[14.5733,-4.7733],[14.5717,-4.7833],[14.575,-4.7858],[14.5725,-4.8025],[14.5667,-4.8117],[14.5742,-4.8067],[14.5758,-4.8017],[14.5783,-4.8042],[14.5767,-4.8067],[14.5792,-4.8067],[14.58,-4.8],[14.5775,-4.7958],[14.5792,-4.7933],[14.5758,-4.785],[14.5808,-4.7883],[14.5817,-4.7858],[14.585,-4.7867],[14.59,-4.7825],[14.5942,-4.7833],[14.5925,-4.7917],[14.5875,-4.7925],[14.59,-4.7958],[14.5892,-4.7992],[14.5925,-4.7992],[14.5883,-4.805],[14.5925,-4.8025],[14.5958,-4.8033],[14.5967,-4.8067],[14.5983,-4.8042],[14.6017,-4.805],[14.6025,-4.7967],[14.6075,-4.7883],[14.6142,-4.7933],[14.6108,-4.7975],[14.6125,-4.8067],[14.6067,-4.805],[14.6075,-4.7967],[14.61,-4.795],[14.61,-4.7917],[14.6075,-4.7917],[14.6042,-4.7975],[14.6033,-4.8075],[14.6075,-4.8083],[14.6058,-4.8117],[14.6092,-4.8133],[14.6108,-4.8208],[14.6133,-4.82],[14.6117,-4.8242],[14.615,-4.8242],[14.6108,-4.8317],[14.62,-4.8308],[14.6192,-4.8358],[14.6167,-4.8358],[14.6167,-4.8325],[14.6142,-4.835],[14.6058,-4.835],[14.6058,-4.8375],[14.6175,-4.8367],[14.6175,-4.84],[14.6092,-4.8392],[14.6125,-4.8442],[14.6058,-4.8525],[14.6042,-4.8492],[14.6067,-4.845],[14.6042,-4.8467],[14.605,-4.8408],[14.6033,-4.8408],[14.6025,-4.8458],[14.5933,-4.8492],[14.5925,-4.8567],[14.5958,-4.8567],[14.6033,-4.85],[14.6017,-4.8542],[14.6108,-4.855],[14.61,-4.8575],[14.6025,-4.8583],[14.605,-4.8633],[14.6075,-4.8592],[14.6142,-4.8575],[14.6142,-4.8533],[14.6183,-4.8525],[14.6183,-4.85],[14.6192,-4.8525],[14.625,-4.8508],[14.6267,-4.8542],[14.6175,-4.8617],[14.6158,-4.8683],[14.6208,-4.865],[14.6175,-4.87],[14.6175,-4.8717],[14.6217,-4.8708],[14.6192,-4.8783],[14.6242,-4.875],[14.6242,-4.8725],[14.6258,-4.8758],[14.62,-4.8825],[14.6233,-4.8833],[14.625,-4.88],[14.6275,-4.88],[14.6275,-4.8825],[14.6183,-4.8892],[14.6175,-4.8933],[14.6217,-4.8933],[14.6233,-4.8967],[14.6308,-4.885],[14.6308,-4.8908],[14.6358,-4.8967],[14.6408,-4.895],[14.6408,-4.8975],[14.6442,-4.8967],[14.6442,-4.9017],[14.6467,-4.8992],[14.6525,-4.9017],[14.6467,-4.9083],[14.6442,-4.9025],[14.6383,-4.9008],[14.635,-4.9025],[14.6367,-4.9075],[14.64,-4.9033],[14.6383,-4.9092],[14.6467,-4.9142],[14.6475,-4.91],[14.6558,-4.9117],[14.6575,-4.905],[14.6633,-4.9033],[14.6625,-4.9],[14.6658,-4.9017],[14.6675,-4.9083],[14.67,-4.9067],[14.6692,-4.8983],[14.6642,-4.8983],[14.6642,-4.8958],[14.665,-4.8925],[14.6717,-4.8875],[14.6758,-4.8875],[14.675,-4.8908],[14.6808,-4.8875],[14.6833,-4.8892],[14.6842,-4.8942],[14.6808,-4.9017],[14.6875,-4.9067],[14.69,-4.8975],[14.6867,-4.8983],[14.6883,-4.885],[14.6858,-4.8817],[14.695,-4.8775],[14.6933,-4.8708],[14.6958,-4.8717],[14.6958,-4.8775],[14.6992,-4.8775],[14.6967,-4.8742],[14.6983,-4.8725],[14.7025,-4.8758],[14.6992,-4.8808],[14.7008,-4.8883],[14.6983,-4.89],[14.6983,-4.8942],[14.7008,-4.895],[14.7042,-4.89],[14.7067,-4.89],[14.7017,-4.895],[14.7067,-4.8958],[14.7117,-4.8883],[14.7092,-4.8867],[14.7158,-4.885],[14.7142,-4.8825],[14.7192,-4.8733],[14.7242,-4.8708],[14.7242,-4.8683],[14.725,-4.8708],[14.7292,-4.87],[14.7317,-4.8617],[14.7375,-4.8592],[14.7367,-4.8542],[14.7392,-4.8542],[14.7408,-4.86],[14.7425,-4.86],[14.7408,-4.8533],[14.7425,-4.8542],[14.745,-4.8625],[14.755,-4.8542],[14.755,-4.8492],[14.7617,-4.8417],[14.76,-4.8367],[14.7658,-4.8283],[14.7692,-4.8283],[14.7692,-4.8325],[14.7717,-4.8317],[14.77,-4.8283],[14.7725,-4.8292],[14.7742,-4.8383],[14.7792,-4.8317],[14.7817,-4.8317],[14.7817,-4.835],[14.7758,-4.84],[14.7733,-4.8392],[14.7717,-4.835],[14.77,-4.8358],[14.77,-4.8392],[14.7767,-4.8433],[14.7842,-4.8375],[14.7858,-4.8325],[14.7892,-4.8342],[14.7917,-4.8325],[14.7958,-4.8183],[14.7983,-4.8183],[14.8017,-4.825],[14.8058,-4.8233],[14.8042,-4.8283],[14.8075,-4.8267],[14.8092,-4.8308],[14.8125,-4.8308],[14.8117,-4.8217],[14.8183,-4.8283],[14.825,-4.8258],[14.8358,-4.8117],[14.8408,-4.81],[14.8392,-4.8075],[14.8417,-4.805],[14.8442,-4.7883],[14.8608,-4.7742],[14.8617,-4.7758],[14.855,-4.7858],[14.8483,-4.7908],[14.8433,-4.8117],[14.8267,-4.8283],[14.8125,-4.835],[14.8075,-4.835],[14.7983,-4.8275],[14.7925,-4.8383],[14.7858,-4.84],[14.7775,-4.8467],[14.7667,-4.8425],[14.7592,-4.85],[14.7575,-4.8575],[14.7475,-4.8658],[14.74,-4.865],[14.7325,-4.87],[14.7292,-4.8758],[14.7225,-4.8767],[14.7192,-4.8858],[14.71,-4.8958],[14.7058,-4.8992],[14.6983,-4.8992],[14.6958,-4.9033],[14.6917,-4.9042],[14.6883,-4.9108],[14.6758,-4.9042],[14.6725,-4.9117],[14.6658,-4.9142],[14.6642,-4.9175],[14.6558,-4.9167],[14.6475,-4.9192],[14.6392,-4.9133],[14.63,-4.9142],[14.6233,-4.9075],[14.6158,-4.9042],[14.6108,-4.8958],[14.6017,-4.8942],[14.5975,-4.8992],[14.5867,-4.8975],[14.585,-4.8925],[14.5867,-4.8842],[14.5733,-4.8758],[14.5683,-4.8683],[14.5683,-4.8592],[14.565,-4.8617],[14.5542,-4.855],[14.5608,-4.8467],[14.5567,-4.8433],[14.55,-4.8483],[14.55,-4.8333],[14.5525,-4.8325],[14.55,-4.8292],[14.565,-4.8142],[14.56,-4.8133],[14.5592,-4.8175],[14.55,-4.825],[14.55,-4.8075],[14.5558,-4.8033],[14.5633,-4.8025],[14.5675,-4.7808],[14.565,-4.7725],[14.57,-4.77],[14.565,-4.7617],[14.5658,-4.7558],[14.5617,-4.7525],[14.5633,-4.7483],[14.5575,-4.7492],[14.5542,-4.7533],[14.55,-4.7525],[14.55,-4.7417],[14.5525,-4.745],[14.555,-4.7392],[14.555,-4.7375],[14.55,-4.7383],[14.55,-4.7317],[14.5517,-4.7317]],[[14.62,-4.8725],[14.6192,-4.8742],[14.62,-4.8742],[14.62,-4.8725]],[[14.6142,-4.8933],[14.615,-4.895],[14.6175,-4.895],[14.6175,-4.8933],[14.6142,-4.8933]],[[14.6225,-4.8975],[14.6183,-4.8967],[14.6192,-4.9],[14.6225,-4.8975]],[[14.6342,-4.9075],[14.6342,-4.91],[14.6367,-4.9092],[14.6367,-4.9075],[14.6342,-4.9075]],[[14.6992,-4.8775],[14.7,-4.8783],[14.7,-4.8775],[14.6992,-4.8775]],[[14.7692,-4.8325],[14.7675,-4.835],[14.7683,-4.835],[14.7692,-4.8325]],[[14.7717,-4.835],[14.7725,-4.8342],[14.7717,-4.8342],[14.7717,-4.835]],[[14.7417,-4.865],[14.7425,-4.8642],[14.7417,-4.8642],[14.7417,-4.865]],[[14.555,-4.7375],[14.5558,-4.7367],[14.555,-4.7367],[14.555,-4.7375]],[[14.5525,-4.7333],[14.555,-4.735],[14.555,-4.7333],[14.5525,-4.7333]],[[14.5792,-4.755],[14.5775,-4.7567],[14.58,-4.7567],[14.5792,-4.755]],[[14.5692,-4.76],[14.5683,-4.7592],[14.5683,-4.76],[14.5692,-4.76]],[[14.5692,-4.76],[14.57,-4.7617],[14.57,-4.76],[14.5692,-4.76]],[[14.5742,-4.7633],[14.5792,-4.7642],[14.58,-4.7592],[14.5775,-4.7592],[14.5742,-4.7633]],[[14.5867,-4.7667],[14.5875,-4.7675],[14.5875,-4.7667],[14.5867,-4.7667]],[[14.5792,-4.77],[14.5775,-4.7758],[14.5842,-4.7675],[14.5792,-4.77]],[[14.5708,-4.7783],[14.5725,-4.7775],[14.5725,-4.7767],[14.5708,-4.7767],[14.5708,-4.7783]],[[14.5867,-4.795],[14.5875,-4.7958],[14.5875,-4.795],[14.5867,-4.795]],[[14.5867,-4.7967],[14.5875,-4.7975],[14.5875,-4.7967],[14.5867,-4.7967]],[[14.5667,-4.7975],[14.5675,-4.8017],[14.5675,-4.7975],[14.5667,-4.7975]],[[14.5875,-4.8008],[14.5883,-4.8],[14.5875,-4.8],[14.5875,-4.8008]],[[14.5875,-4.8025],[14.5867,-4.8017],[14.5858,-4.8025],[14.5875,-4.8025]],[[14.585,-4.8058],[14.5842,-4.8042],[14.5842,-4.8058],[14.585,-4.8058]],[[14.5883,-4.82],[14.5933,-4.8183],[14.5883,-4.83],[14.5925,-4.8275],[14.5925,-4.8325],[14.595,-4.8342],[14.5975,-4.8217],[14.5942,-4.8167],[14.6,-4.8142],[14.6017,-4.8075],[14.5975,-4.8108],[14.5908,-4.8067],[14.5892,-4.8125],[14.5925,-4.8117],[14.5925,-4.8142],[14.5875,-4.8133],[14.5883,-4.82]],[[14.5875,-4.8175],[14.5867,-4.8183],[14.5875,-4.8183],[14.5875,-4.8175]],[[14.5867,-4.8208],[14.5833,-4.8142],[14.5867,-4.8108],[14.58,-4.8092],[14.5825,-4.8175],[14.5775,-4.8175],[14.5767,-4.82],[14.5833,-4.8183],[14.5833,-4.8208],[14.5867,-4.8208]],[[14.5775,-4.8092],[14.5717,-4.8092],[14.5717,-4.8125],[14.575,-4.8142],[14.5775,-4.8092]],[[14.5708,-4.8125],[14.5683,-4.8167],[14.5692,-4.8217],[14.5608,-4.825],[14.56,-4.83],[14.565,-4.8292],[14.5608,-4.835],[14.5717,-4.8342],[14.5742,-4.8417],[14.5733,-4.8367],[14.5783,-4.8358],[14.5792,-4.8325],[14.575,-4.8342],[14.57,-4.83],[14.5742,-4.8308],[14.5742,-4.8275],[14.5783,-4.8283],[14.58,-4.8233],[14.5742,-4.8192],[14.5717,-4.8233],[14.5708,-4.8125]],[[14.5767,-4.8133],[14.5792,-4.815],[14.58,-4.8133],[14.5767,-4.8133]],[[14.5542,-4.8092],[14.555,-4.81],[14.555,-4.8092],[14.5542,-4.8092]],[[14.5542,-4.8133],[14.5508,-4.8142],[14.5508,-4.8175],[14.5542,-4.8158],[14.5542,-4.8133]],[[14.5742,-4.815],[14.575,-4.8158],[14.575,-4.815],[14.5742,-4.815]],[[14.605,-4.8158],[14.6058,-4.8175],[14.6058,-4.8158],[14.605,-4.8158]],[[14.6025,-4.8192],[14.6,-4.8192],[14.5992,-4.8217],[14.6017,-4.8208],[14.6025,-4.8192]],[[14.5883,-4.8225],[14.5875,-4.8208],[14.5875,-4.8225],[14.5883,-4.8225]],[[14.5883,-4.8225],[14.5892,-4.825],[14.5892,-4.8225],[14.5883,-4.8225]],[[14.6025,-4.8275],[14.61,-4.8233],[14.6033,-4.8242],[14.6025,-4.8275]],[[14.5842,-4.825],[14.5833,-4.8367],[14.5867,-4.8375],[14.5883,-4.8267],[14.5867,-4.8242],[14.5842,-4.825]],[[14.6,-4.8258],[14.6017,-4.8242],[14.6,-4.8242],[14.6,-4.8258]],[[14.6,-4.8258],[14.5992,-4.8267],[14.6,-4.8267],[14.6,-4.8258]],[[14.8125,-4.8258],[14.8142,-4.8275],[14.8142,-4.8258],[14.8125,-4.8258]],[[14.5767,-4.8317],[14.5775,-4.8325],[14.5775,-4.8317],[14.5767,-4.8317]],[[14.5975,-4.8342],[14.6025,-4.8333],[14.6042,-4.8342],[14.6067,-4.8333],[14.6025,-4.8317],[14.5975,-4.8342]],[[14.5583,-4.8342],[14.5558,-4.8333],[14.555,-4.8358],[14.5575,-4.8367],[14.5583,-4.8342]],[[14.595,-4.835],[14.5908,-4.835],[14.5908,-4.8358],[14.5942,-4.8375],[14.595,-4.835]],[[14.7683,-4.8392],[14.7658,-4.835],[14.7658,-4.8375],[14.7683,-4.8392]],[[14.5675,-4.8358],[14.5683,-4.8375],[14.5683,-4.8358],[14.5675,-4.8358]],[[14.5967,-4.8408],[14.6,-4.84],[14.6,-4.8375],[14.5967,-4.8408]],[[14.5633,-4.8425],[14.565,-4.84],[14.5617,-4.8383],[14.5608,-4.8417],[14.5633,-4.8425]],[[14.585,-4.845],[14.5792,-4.845],[14.5808,-4.8483],[14.5775,-4.855],[14.5808,-4.8533],[14.5817,-4.8483],[14.5867,-4.8467],[14.5892,-4.8492],[14.5908,-4.8442],[14.5867,-4.8383],[14.585,-4.845]],[[14.5667,-4.8417],[14.5675,-4.8433],[14.5675,-4.8417],[14.5667,-4.8417]],[[14.5783,-4.8417],[14.5792,-4.8425],[14.5792,-4.8417],[14.5783,-4.8417]],[[14.5642,-4.8433],[14.565,-4.845],[14.565,-4.8433],[14.5642,-4.8433]],[[14.57,-4.8433],[14.5708,-4.845],[14.5708,-4.8433],[14.57,-4.8433]],[[14.57,-4.8475],[14.5692,-4.8467],[14.5692,-4.8475],[14.57,-4.8475]],[[14.57,-4.8475],[14.5717,-4.8508],[14.5708,-4.8475],[14.57,-4.8475]],[[14.5642,-4.8475],[14.565,-4.85],[14.565,-4.8475],[14.5642,-4.8475]],[[14.5742,-4.8517],[14.5708,-4.8558],[14.5733,-4.8558],[14.5742,-4.8517]],[[14.5883,-4.855],[14.5908,-4.855],[14.5908,-4.8533],[14.5892,-4.8533],[14.5883,-4.855]],[[14.5842,-4.8558],[14.5867,-4.8542],[14.5842,-4.8542],[14.5842,-4.8558]],[[14.6167,-4.8592],[14.6225,-4.8542],[14.6167,-4.855],[14.6167,-4.8592]],[[14.6167,-4.8592],[14.615,-4.86],[14.6167,-4.86],[14.6167,-4.8592]],[[14.5767,-4.8558],[14.5783,-4.8575],[14.5783,-4.8558],[14.5767,-4.8558]],[[14.6,-4.86],[14.5975,-4.8583],[14.5967,-4.86],[14.6,-4.86]],[[14.5842,-4.8617],[14.5792,-4.8708],[14.5833,-4.8733],[14.5808,-4.8683],[14.585,-4.8642],[14.585,-4.8583],[14.5817,-4.8583],[14.5817,-4.8617],[14.5842,-4.8617]],[[14.5908,-4.8608],[14.5875,-4.8592],[14.5875,-4.8608],[14.5908,-4.8608]],[[14.6133,-4.8608],[14.6108,-4.8625],[14.6117,-4.8642],[14.6133,-4.8642],[14.6133,-4.8608]],[[14.5767,-4.8625],[14.5783,-4.8633],[14.5783,-4.8625],[14.5767,-4.8625]],[[14.5975,-4.8625],[14.5975,-4.8683],[14.6,-4.8625],[14.5975,-4.8625]],[[14.5975,-4.8683],[14.5967,-4.8692],[14.5975,-4.8692],[14.5975,-4.8683]],[[14.5967,-4.8692],[14.5958,-4.8708],[14.5967,-4.8708],[14.5967,-4.8692]],[[14.5983,-4.8742],[14.6017,-4.8675],[14.6042,-4.8658],[14.5983,-4.8683],[14.5983,-4.8742]],[[14.5925,-4.8675],[14.5892,-4.8633],[14.5867,-4.8667],[14.59,-4.8667],[14.5892,-4.87],[14.5925,-4.8675]],[[14.5892,-4.87],[14.5883,-4.8708],[14.5892,-4.8708],[14.5892,-4.87]],[[14.5883,-4.8708],[14.5875,-4.8717],[14.5883,-4.8717],[14.5883,-4.8708]],[[14.5875,-4.8717],[14.5867,-4.8725],[14.5875,-4.8725],[14.5875,-4.8717]],[[14.6075,-4.8642],[14.6083,-4.865],[14.6083,-4.8642],[14.6075,-4.8642]],[[14.6117,-4.87],[14.6083,-4.8833],[14.6142,-4.875],[14.6117,-4.87]],[[14.6008,-4.8725],[14.6025,-4.8733],[14.6025,-4.8725],[14.6008,-4.8725]],[[14.5967,-4.875],[14.5958,-4.8767],[14.5975,-4.8767],[14.5967,-4.875]],[[14.6017,-4.8767],[14.6025,-4.8775],[14.6025,-4.8767],[14.6017,-4.8767]],[[14.6067,-4.8775],[14.605,-4.8792],[14.6067,-4.88],[14.6067,-4.8775]],[[14.6142,-4.8775],[14.6158,-4.88],[14.6158,-4.8775],[14.6142,-4.8775]],[[14.5917,-4.8783],[14.5925,-4.8792],[14.5925,-4.8783],[14.5917,-4.8783]],[[14.59,-4.8808],[14.5908,-4.8817],[14.5908,-4.8808],[14.59,-4.8808]],[[14.5958,-4.8892],[14.5958,-4.8858],[14.5958,-4.8817],[14.5942,-4.8833],[14.5942,-4.8883],[14.5958,-4.8892]],[[14.6892,-4.8817],[14.69,-4.8833],[14.69,-4.8817],[14.6892,-4.8817]],[[14.6117,-4.8825],[14.6125,-4.8833],[14.6125,-4.8825],[14.6117,-4.8825]],[[14.695,-4.89],[14.6983,-4.8875],[14.6967,-4.8833],[14.6933,-4.885],[14.695,-4.89]],[[14.6075,-4.89],[14.6108,-4.8875],[14.6125,-4.8892],[14.6117,-4.885],[14.6075,-4.8875],[14.6075,-4.89]],[[14.6925,-4.885],[14.69,-4.8875],[14.6917,-4.8875],[14.6925,-4.885]],[[14.5917,-4.8858],[14.5925,-4.8867],[14.5925,-4.8858],[14.5917,-4.8858]],[[14.6,-4.8858],[14.6008,-4.8867],[14.6008,-4.8858],[14.6,-4.8858]],[[14.6292,-4.8892],[14.63,-4.8908],[14.63,-4.8892],[14.6292,-4.8892]],[[14.695,-4.8967],[14.6967,-4.8933],[14.6908,-4.89],[14.695,-4.895],[14.695,-4.8967]],[[14.5942,-4.8933],[14.5917,-4.8917],[14.59,-4.8925],[14.5917,-4.895],[14.5942,-4.8933]],[[14.6692,-4.895],[14.6733,-4.9008],[14.6725,-4.8925],[14.6692,-4.895]],[[14.6233,-4.9008],[14.6292,-4.9017],[14.6317,-4.8992],[14.6292,-4.8933],[14.6233,-4.9008]],[[14.675,-4.8975],[14.6775,-4.8958],[14.6767,-4.8933],[14.6733,-4.8942],[14.675,-4.8975]],[[14.6775,-4.8942],[14.6783,-4.8933],[14.6775,-4.8933],[14.6775,-4.8942]],[[14.6333,-4.9067],[14.6333,-4.9],[14.6317,-4.9],[14.6292,-4.9075],[14.6333,-4.9067]],[[14.625,-4.9025],[14.6258,-4.9033],[14.6258,-4.9025],[14.625,-4.9025]],[[14.6617,-4.9083],[14.6625,-4.91],[14.6592,-4.9125],[14.66,-4.9158],[14.665,-4.91],[14.6633,-4.9067],[14.66,-4.9067],[14.6592,-4.9108],[14.6617,-4.9083]],[[14.6483,-4.9125],[14.6492,-4.9133],[14.6492,-4.9125],[14.6483,-4.9125]]],[[[14.7183,-4.8092],[14.7042,-4.8175],[14.7083,-4.8083],[14.7208,-4.8008],[14.7217,-4.8033],[14.7225,-4.8025],[14.725,-4.8033],[14.7167,-4.805],[14.7158,-4.8075],[14.7283,-4.8067],[14.7258,-4.8108],[14.7292,-4.8117],[14.7308,-4.8183],[14.7267,-4.8208],[14.7225,-4.8175],[14.7217,-4.8217],[14.72,-4.8108],[14.7158,-4.8158],[14.7167,-4.82],[14.7108,-4.8192],[14.705,-4.8267],[14.7075,-4.8275],[14.7092,-4.8233],[14.7142,-4.8242],[14.7075,-4.8292],[14.7025,-4.8292],[14.7042,-4.82],[14.7125,-4.8167],[14.7183,-4.8092]],[[14.7258,-4.8108],[14.7233,-4.8142],[14.7258,-4.8142],[14.7258,-4.8108]],[[14.7192,-4.8092],[14.7192,-4.8083],[14.7183,-4.8083],[14.7183,-4.8092],[14.7192,-4.8092]],[[14.7133,-4.81],[14.715,-4.8083],[14.7133,-4.8083],[14.7133,-4.81]],[[14.7267,-4.8167],[14.7275,-4.8158],[14.7267,-4.8158],[14.7267,-4.8167]]],[[[14.7675,-4.7875],[14.7625,-4.79],[14.7608,-4.7825],[14.7567,-4.7833],[14.755,-4.7867],[14.7533,-4.7842],[14.7592,-4.7808],[14.7642,-4.7833],[14.7642,-4.7783],[14.7667,-4.7775],[14.765,-4.775],[14.7675,-4.775],[14.7675,-4.7875]],[[14.7642,-4.785],[14.7625,-4.7875],[14.7642,-4.7875],[14.7642,-4.785]]],[[[14.7208,-4.7925],[14.7233,-4.7925],[14.7242,-4.7867],[14.7208,-4.785],[14.7217,-4.7892],[14.72,-4.7883],[14.7192,-4.78],[14.7208,-4.7775],[14.725,-4.7783],[14.7267,-4.7825],[14.7317,-4.78],[14.7317,-4.7733],[14.7267,-4.77],[14.7333,-4.7633],[14.7342,-4.7658],[14.7308,-4.7667],[14.7342,-4.77],[14.7333,-4.7792],[14.7358,-4.775],[14.7383,-4.7767],[14.7325,-4.7817],[14.7375,-4.7833],[14.7358,-4.7842],[14.7375,-4.7875],[14.7333,-4.7908],[14.7308,-4.79],[14.7308,-4.7925],[14.7367,-4.7917],[14.745,-4.7842],[14.7442,-4.7892],[14.7467,-4.7867],[14.7475,-4.7892],[14.7433,-4.7958],[14.745,-4.7975],[14.745,-4.7942],[14.7475,-4.7933],[14.7475,-4.7975],[14.7433,-4.8017],[14.7417,-4.7925],[14.7358,-4.7958],[14.7283,-4.795],[14.7267,-4.7917],[14.7258,-4.795],[14.7217,-4.795],[14.7208,-4.7925]],[[14.7283,-4.7917],[14.73,-4.7875],[14.735,-4.7883],[14.7317,-4.7842],[14.7267,-4.7867],[14.7283,-4.7917]],[[14.7233,-4.78],[14.7225,-4.7825],[14.7233,-4.7825],[14.7233,-4.78]],[[14.7325,-4.785],[14.7333,-4.7842],[14.7325,-4.7842],[14.7325,-4.785]]],[[[14.7158,-4.7717],[14.7175,-4.7783],[14.715,-4.7792],[14.7133,-4.7767],[14.7142,-4.78],[14.7117,-4.7817],[14.71,-4.7775],[14.7142,-4.77],[14.7217,-4.7683],[14.7208,-4.7725],[14.7158,-4.7717]]],[[[14.7758,-4.7675],[14.7708,-4.7725],[14.7658,-4.7717],[14.7683,-4.7658],[14.7742,-4.7658],[14.7758,-4.7675]],[[14.7692,-4.77],[14.7725,-4.7683],[14.7725,-4.7667],[14.7692,-4.7675],[14.7692,-4.77]]],[[[14.56,-4.9075],[14.5592,-4.9125],[14.5625,-4.905],[14.57,-4.8983],[14.5708,-4.8933],[14.5675,-4.8933],[14.5692,-4.8875],[14.5658,-4.8842],[14.5608,-4.8858],[14.555,-4.8833],[14.55,-4.8867],[14.55,-4.8717],[14.5558,-4.8725],[14.555,-4.8692],[14.55,-4.8683],[14.55,-4.8658],[14.5558,-4.8675],[14.5592,-4.8733],[14.5625,-4.8717],[14.5658,-4.88],[14.57,-4.88],[14.5775,-4.885],[14.5817,-4.9025],[14.5858,-4.9033],[14.59,-4.9083],[14.5933,-4.9092],[14.5975,-4.9058],[14.6125,-4.9083],[14.615,-4.9142],[14.6225,-4.9133],[14.6275,-4.9167],[14.6375,-4.9175],[14.645,-4.9233],[14.6533,-4.9208],[14.6592,-4.9225],[14.665,-4.9175],[14.6825,-4.9192],[14.695,-4.91],[14.7008,-4.9108],[14.7117,-4.895],[14.7233,-4.8883],[14.7275,-4.8892],[14.7325,-4.8808],[14.7392,-4.88],[14.7425,-4.8708],[14.7575,-4.8658],[14.7592,-4.8608],[14.7675,-4.855],[14.7733,-4.8542],[14.7742,-4.85],[14.7842,-4.8492],[14.7917,-4.8417],[14.7992,-4.8425],[14.8017,-4.8392],[14.8125,-4.8408],[14.8308,-4.8283],[14.8425,-4.815],[14.8492,-4.8117],[14.8525,-4.7908],[14.86,-4.7833],[14.8675,-4.7808],[14.8683,-4.7583],[14.875,-4.7533],[14.88,-4.7383],[14.8867,-4.7333],[14.8883,-4.7225],[14.895,-4.7117],[14.8942,-4.7033],[14.9,-4.6967],[14.9083,-4.6792],[14.94,-4.6483],[14.9525,-4.6417],[14.955,-4.635],[14.9717,-4.62],[14.975,-4.6225],[14.975,-4.6175],[14.9808,-4.6108],[14.9892,-4.61],[14.9917,-4.6075],[14.9883,-4.605],[14.9925,-4.5892],[14.9942,-4.5875],[14.9933,-4.5925],[14.9958,-4.5942],[14.995,-4.5908],[14.9983,-4.5883],[14.9983,-4.5942],[14.9942,-4.5975],[14.9958,-4.6025],[14.9933,-4.6042],[14.9975,-4.6067],[14.9958,-4.6142],[14.985,-4.6133],[14.9817,-4.6192],[14.9783,-4.62],[14.9775,-4.625],[14.9725,-4.6275],[14.9733,-4.6325],[14.9692,-4.6308],[14.9667,-4.635],[14.9625,-4.6358],[14.9633,-4.6417],[14.9608,-4.64],[14.9567,-4.6417],[14.9567,-4.645],[14.9592,-4.6458],[14.9567,-4.6517],[14.9533,-4.6517],[14.9508,-4.6475],[14.9433,-4.6525],[14.9425,-4.6575],[14.9392,-4.6583],[14.9325,-4.6675],[14.9333,-4.6742],[14.9267,-4.6758],[14.93,-4.6733],[14.9308,-4.6717],[14.93,-4.67],[14.9225,-4.6758],[14.9225,-4.6783],[14.925,-4.6775],[14.925,-4.6825],[14.9233,-4.6842],[14.9233,-4.6817],[14.9208,-4.68],[14.9225,-4.6842],[14.9175,-4.6867],[14.9167,-4.6908],[14.9133,-4.6908],[14.915,-4.6942],[14.9133,-4.6967],[14.9108,-4.6875],[14.9067,-4.6908],[14.9075,-4.6942],[14.9108,-4.695],[14.91,-4.7067],[14.9142,-4.7025],[14.9142,-4.7075],[14.9117,-4.7075],[14.9142,-4.7083],[14.9142,-4.7117],[14.9075,-4.7083],[14.91,-4.7108],[14.9025,-4.7117],[14.905,-4.72],[14.9017,-4.7192],[14.9008,-4.71],[14.9033,-4.7083],[14.8992,-4.7],[14.8958,-4.7033],[14.8983,-4.7108],[14.8908,-4.7233],[14.89,-4.7333],[14.8825,-4.7383],[14.8792,-4.7442],[14.88,-4.7467],[14.8858,-4.7425],[14.89,-4.7458],[14.8917,-4.7417],[14.8942,-4.7433],[14.89,-4.7492],[14.89,-4.7533],[14.8958,-4.7525],[14.8933,-4.7575],[14.8942,-4.7633],[14.8967,-4.7633],[14.8983,-4.7583],[14.8967,-4.7558],[14.9,-4.7567],[14.8958,-4.7658],[14.9,-4.7767],[14.9025,-4.7775],[14.9058,-4.7733],[14.9108,-4.7775],[14.91,-4.78],[14.9067,-4.7775],[14.91,-4.7825],[14.9092,-4.7933],[14.9167,-4.8],[14.9217,-4.7958],[14.9283,-4.7967],[14.9308,-4.8],[14.9217,-4.7983],[14.9208,-4.8017],[14.915,-4.8017],[14.9117,-4.7958],[14.9083,-4.795],[14.9067,-4.7883],[14.9083,-4.7842],[14.905,-4.7825],[14.9025,-4.7858],[14.8983,-4.7833],[14.8908,-4.7733],[14.8883,-4.7742],[14.8892,-4.7808],[14.8867,-4.7808],[14.8875,-4.7775],[14.8817,-4.7775],[14.885,-4.7792],[14.8842,-4.7883],[14.8867,-4.7958],[14.8817,-4.7958],[14.885,-4.8025],[14.8792,-4.7983],[14.8792,-4.795],[14.8833,-4.7933],[14.88,-4.7892],[14.8808,-4.7842],[14.875,-4.7833],[14.8725,-4.7875],[14.8717,-4.795],[14.8758,-4.7983],[14.8758,-4.8042],[14.8717,-4.7958],[14.8667,-4.795],[14.8667,-4.7917],[14.8633,-4.7917],[14.8625,-4.7975],[14.8608,-4.7975],[14.8617,-4.7942],[14.8583,-4.795],[14.86,-4.79],[14.8642,-4.7875],[14.8608,-4.785],[14.855,-4.7925],[14.8525,-4.8092],[14.855,-4.8092],[14.8533,-4.8142],[14.8592,-4.815],[14.8558,-4.8333],[14.8583,-4.8342],[14.8567,-4.8392],[14.8633,-4.8442],[14.8633,-4.8467],[14.8592,-4.8458],[14.8558,-4.8417],[14.855,-4.8342],[14.8508,-4.8325],[14.8483,-4.8342],[14.8475,-4.83],[14.845,-4.8292],[14.8467,-4.8208],[14.8433,-4.8183],[14.8367,-4.8283],[14.815,-4.8425],[14.8167,-4.8442],[14.815,-4.8483],[14.8075,-4.8425],[14.8025,-4.8425],[14.7967,-4.8467],[14.7917,-4.8458],[14.79,-4.8542],[14.7942,-4.8542],[14.795,-4.8567],[14.7917,-4.8558],[14.7917,-4.8608],[14.7875,-4.8675],[14.7817,-4.865],[14.7792,-4.8525],[14.7767,-4.8542],[14.7767,-4.8592],[14.7742,-4.8575],[14.7708,-4.86],[14.7717,-4.8642],[14.7683,-4.8625],[14.7692,-4.8592],[14.7633,-4.8642],[14.7667,-4.87],[14.7633,-4.8683],[14.7633,-4.8708],[14.76,-4.8692],[14.7508,-4.8742],[14.7442,-4.8742],[14.7425,-4.8908],[14.7475,-4.8925],[14.7492,-4.8958],[14.7408,-4.8925],[14.7417,-4.8892],[14.7375,-4.8917],[14.7392,-4.885],[14.7342,-4.8833],[14.73,-4.8958],[14.735,-4.8967],[14.7358,-4.9025],[14.7342,-4.9042],[14.7275,-4.9025],[14.7292,-4.9075],[14.7267,-4.905],[14.7217,-4.9067],[14.7217,-4.9042],[14.7292,-4.8983],[14.7225,-4.8925],[14.7217,-4.8975],[14.7125,-4.9017],[14.7092,-4.9092],[14.7042,-4.9133],[14.7075,-4.9233],[14.6933,-4.9225],[14.69,-4.9267],[14.685,-4.925],[14.69,-4.9333],[14.6892,-4.9375],[14.6833,-4.93],[14.6842,-4.9225],[14.6725,-4.9217],[14.6683,-4.9242],[14.6692,-4.9208],[14.6658,-4.9208],[14.6633,-4.9267],[14.6575,-4.9308],[14.65,-4.9275],[14.6433,-4.9317],[14.6433,-4.9342],[14.6483,-4.9375],[14.6483,-4.9417],[14.6517,-4.94],[14.6517,-4.935],[14.6533,-4.935],[14.6533,-4.9425],[14.65,-4.9433],[14.65,-4.9475],[14.645,-4.9475],[14.6458,-4.9383],[14.6433,-4.9383],[14.6425,-4.9342],[14.635,-4.9283],[14.6225,-4.9492],[14.6208,-4.9433],[14.6142,-4.945],[14.6142,-4.9425],[14.6208,-4.94],[14.62,-4.9358],[14.6242,-4.9308],[14.6225,-4.9283],[14.62,-4.9283],[14.6125,-4.9367],[14.6108,-4.9358],[14.6142,-4.9283],[14.6067,-4.9358],[14.6025,-4.9367],[14.6025,-4.9342],[14.6158,-4.9225],[14.6142,-4.9208],[14.6083,-4.9242],[14.6067,-4.9292],[14.59,-4.9442],[14.59,-4.9467],[14.5858,-4.9475],[14.5883,-4.9433],[14.585,-4.9433],[14.5825,-4.9475],[14.5833,-4.9417],[14.5792,-4.9433],[14.5817,-4.9408],[14.5842,-4.9258],[14.5783,-4.9292],[14.5767,-4.9392],[14.5742,-4.9392],[14.5758,-4.9342],[14.5733,-4.9317],[14.5708,-4.9367],[14.5725,-4.9425],[14.5667,-4.9458],[14.57,-4.9417],[14.5667,-4.9433],[14.5642,-4.9417],[14.5683,-4.9383],[14.5667,-4.935],[14.57,-4.9317],[14.57,-4.9275],[14.56,-4.9342],[14.5608,-4.9308],[14.555,-4.9325],[14.5542,-4.9275],[14.5517,-4.9275],[14.5525,-4.9233],[14.55,-4.9225],[14.5525,-4.9192],[14.55,-4.9158],[14.55,-4.9092],[14.5525,-4.9092],[14.5517,-4.9125],[14.5558,-4.9125],[14.5567,-4.9083],[14.56,-4.9075]],[[14.9192,-4.685],[14.9183,-4.6842],[14.9183,-4.685],[14.9192,-4.685]],[[14.8792,-4.7833],[14.8808,-4.7825],[14.8792,-4.7825],[14.8792,-4.7833]],[[14.775,-4.8575],[14.7758,-4.8567],[14.775,-4.8567],[14.775,-4.8575]],[[14.7317,-4.8983],[14.73,-4.9017],[14.7317,-4.9025],[14.7317,-4.8983]],[[14.6083,-4.9225],[14.6133,-4.92],[14.61,-4.9125],[14.6067,-4.9133],[14.6092,-4.9142],[14.6083,-4.9183],[14.6033,-4.9192],[14.605,-4.9142],[14.5975,-4.9175],[14.595,-4.9325],[14.5975,-4.9292],[14.5992,-4.9308],[14.6033,-4.9292],[14.6083,-4.9225]],[[14.5742,-4.9317],[14.575,-4.93],[14.5742,-4.93],[14.5742,-4.9317]],[[14.57,-4.9275],[14.5708,-4.9267],[14.57,-4.9267],[14.57,-4.9275]],[[14.5708,-4.9267],[14.5717,-4.9258],[14.5708,-4.9258],[14.5708,-4.9267]],[[14.5533,-4.9267],[14.5558,-4.9258],[14.5533,-4.9242],[14.5533,-4.9267]],[[14.5558,-4.9125],[14.5567,-4.915],[14.5567,-4.9125],[14.5558,-4.9125]],[[14.9933,-4.61],[14.995,-4.6083],[14.9933,-4.6083],[14.9933,-4.61]],[[14.9692,-4.6258],[14.9608,-4.6342],[14.9658,-4.6317],[14.9692,-4.6258]],[[14.9492,-4.6458],[14.9508,-4.645],[14.9492,-4.645],[14.9492,-4.6458]],[[14.93,-4.6625],[14.9308,-4.6617],[14.93,-4.6617],[14.93,-4.6625]],[[14.9142,-4.6867],[14.9117,-4.6833],[14.9092,-4.6833],[14.91,-4.6867],[14.9142,-4.6867]],[[14.8908,-4.7625],[14.8917,-4.755],[14.89,-4.7542],[14.8883,-4.7608],[14.8908,-4.7625]],[[14.8808,-4.7567],[14.8783,-4.7592],[14.8808,-4.7583],[14.8808,-4.7567]],[[14.8792,-4.7625],[14.8775,-4.76],[14.8717,-4.7608],[14.8783,-4.7625],[14.8792,-4.765],[14.885,-4.7642],[14.8867,-4.7567],[14.8792,-4.7625]],[[14.8908,-4.7633],[14.89,-4.7642],[14.8908,-4.7642],[14.8908,-4.7633]],[[14.8908,-4.7642],[14.8925,-4.765],[14.8925,-4.7642],[14.8908,-4.7642]],[[14.8858,-4.7658],[14.8875,-4.765],[14.8858,-4.765],[14.8858,-4.7658]],[[14.8775,-4.7708],[14.8717,-4.7683],[14.8708,-4.775],[14.8733,-4.775],[14.8742,-4.78],[14.8775,-4.7808],[14.8758,-4.775],[14.8775,-4.7708]],[[14.8775,-4.7767],[14.8792,-4.7758],[14.8775,-4.7758],[14.8775,-4.7767]],[[14.8875,-4.7708],[14.8883,-4.7692],[14.8858,-4.7708],[14.8875,-4.7708]],[[14.8858,-4.7708],[14.8808,-4.7742],[14.8825,-4.7758],[14.8858,-4.7742],[14.8858,-4.7708]],[[14.8517,-4.8175],[14.8525,-4.8167],[14.8517,-4.8167],[14.8517,-4.8175]],[[14.8492,-4.82],[14.85,-4.8192],[14.8492,-4.8192],[14.8492,-4.82]],[[14.8542,-4.8225],[14.855,-4.8217],[14.8542,-4.8217],[14.8542,-4.8225]],[[14.8525,-4.8283],[14.8542,-4.8267],[14.8525,-4.8267],[14.8525,-4.8283]],[[14.7867,-4.865],[14.7883,-4.8558],[14.7858,-4.8517],[14.7833,-4.8525],[14.7833,-4.86],[14.7867,-4.865]],[[14.7608,-4.8667],[14.7625,-4.8658],[14.7608,-4.8658],[14.7608,-4.8667]],[[14.5608,-4.8783],[14.5617,-4.8742],[14.5592,-4.875],[14.5608,-4.8783]],[[14.5725,-4.8892],[14.5742,-4.8883],[14.5725,-4.8883],[14.5725,-4.8892]],[[14.5742,-4.8933],[14.575,-4.8917],[14.5742,-4.8917],[14.5742,-4.8933]],[[14.5758,-4.8975],[14.5733,-4.9],[14.5758,-4.8992],[14.5758,-4.8975]],[[14.5708,-4.9033],[14.5692,-4.9025],[14.5675,-4.905],[14.5692,-4.905],[14.5708,-4.9033]],[[14.5733,-4.9067],[14.5742,-4.9058],[14.5733,-4.9058],[14.5733,-4.9067]],[[14.5833,-4.9142],[14.5842,-4.9075],[14.5817,-4.9067],[14.58,-4.9133],[14.5833,-4.9142]],[[14.5742,-4.9092],[14.575,-4.9075],[14.5742,-4.9075],[14.5742,-4.9092]],[[14.575,-4.9158],[14.5783,-4.9208],[14.5817,-4.92],[14.5783,-4.9133],[14.5792,-4.9075],[14.575,-4.9117],[14.575,-4.9158]],[[14.6,-4.915],[14.5975,-4.9125],[14.5975,-4.9158],[14.6,-4.915]],[[14.5608,-4.9175],[14.5617,-4.9242],[14.5658,-4.9225],[14.57,-4.9133],[14.5633,-4.9142],[14.5608,-4.9175]],[[14.5867,-4.9208],[14.5867,-4.9133],[14.5842,-4.9142],[14.5867,-4.9208]],[[14.5933,-4.9167],[14.5933,-4.9133],[14.5917,-4.9133],[14.5917,-4.9158],[14.5933,-4.9167]],[[14.6875,-4.92],[14.6908,-4.9233],[14.6908,-4.9192],[14.695,-4.9192],[14.6975,-4.9158],[14.6908,-4.9158],[14.6875,-4.92]],[[14.6192,-4.9233],[14.6233,-4.9183],[14.6225,-4.9167],[14.6175,-4.9175],[14.6192,-4.9233]],[[14.59,-4.9217],[14.5892,-4.9333],[14.5933,-4.9208],[14.59,-4.9217]],[[14.6217,-4.9267],[14.6275,-4.9308],[14.6225,-4.9358],[14.6225,-4.9408],[14.6308,-4.9308],[14.63,-4.925],[14.6325,-4.9267],[14.635,-4.9217],[14.6275,-4.9233],[14.6242,-4.9208],[14.6217,-4.9267]],[[14.575,-4.9258],[14.5767,-4.9242],[14.5758,-4.9242],[14.575,-4.9258]],[[14.5783,-4.9267],[14.5808,-4.9242],[14.5783,-4.9242],[14.5783,-4.9267]],[[14.6417,-4.9242],[14.6408,-4.925],[14.6417,-4.925],[14.6417,-4.9242]],[[14.6417,-4.925],[14.6425,-4.9258],[14.6425,-4.925],[14.6417,-4.925]],[[14.6425,-4.9258],[14.6433,-4.9267],[14.6433,-4.9258],[14.6425,-4.9258]],[[14.5608,-4.9267],[14.5625,-4.925],[14.5617,-4.925],[14.5608,-4.9267]],[[14.6383,-4.9258],[14.6367,-4.9275],[14.6392,-4.93],[14.6442,-4.9292],[14.6383,-4.9258]],[[14.6442,-4.9283],[14.6458,-4.9267],[14.6442,-4.9267],[14.6442,-4.9283]],[[14.6142,-4.9333],[14.6175,-4.93],[14.615,-4.9308],[14.6142,-4.9333]],[[14.5892,-4.9358],[14.5883,-4.935],[14.5883,-4.9358],[14.5892,-4.9358]],[[14.5883,-4.9358],[14.5875,-4.9367],[14.5883,-4.9367],[14.5883,-4.9358]],[[14.5875,-4.9367],[14.5842,-4.9383],[14.5842,-4.9417],[14.5875,-4.9392],[14.5875,-4.9367]],[[14.5875,-4.9392],[14.5883,-4.9408],[14.5883,-4.9392],[14.5875,-4.9392]],[[14.5942,-4.9367],[14.5958,-4.935],[14.595,-4.935],[14.5942,-4.9367]],[[14.6467,-4.945],[14.6492,-4.9442],[14.6467,-4.9442],[14.6467,-4.945]]],[[[14.7175,-4.6692],[14.7158,-4.6658],[14.7117,-4.6658],[14.7092,-4.6625],[14.715,-4.6633],[14.7142,-4.6575],[14.7175,-4.655],[14.7175,-4.6692]]],[[[14.815,-4.6333],[14.8117,-4.6392],[14.82,-4.6333],[14.8242,-4.6258],[14.8258,-4.6267],[14.815,-4.6408],[14.82,-4.6475],[14.8242,-4.6475],[14.8233,-4.6533],[14.8217,-4.6492],[14.8183,-4.6533],[14.8142,-4.6533],[14.8133,-4.645],[14.8108,-4.65],[14.8067,-4.6458],[14.805,-4.6483],[14.8008,-4.6483],[14.8025,-4.6542],[14.7992,-4.655],[14.7975,-4.65],[14.7933,-4.6483],[14.7933,-4.6425],[14.8017,-4.6392],[14.8058,-4.645],[14.8067,-4.6367],[14.8042,-4.6333],[14.81,-4.6325],[14.8092,-4.6367],[14.8117,-4.6333],[14.815,-4.6333]],[[14.8092,-4.6367],[14.8083,-4.6375],[14.8092,-4.6375],[14.8092,-4.6367]],[[14.8075,-4.6417],[14.8108,-4.6467],[14.8117,-4.64],[14.8075,-4.6417]],[[14.8,-4.6475],[14.8017,-4.6442],[14.7983,-4.6433],[14.7967,-4.6458],[14.8,-4.6475]],[[14.8158,-4.6508],[14.8175,-4.6475],[14.8158,-4.6475],[14.8158,-4.6508]]],[[[14.7908,-4.615],[14.8008,-4.6108],[14.7983,-4.6158],[14.7942,-4.6167],[14.7925,-4.6242],[14.795,-4.6317],[14.7933,-4.6317],[14.7875,-4.625],[14.7883,-4.6217],[14.7842,-4.6208],[14.7858,-4.6267],[14.7817,-4.6233],[14.7842,-4.6158],[14.7883,-4.615],[14.7875,-4.6192],[14.79,-4.62],[14.7908,-4.615]],[[14.7875,-4.6183],[14.7858,-4.6167],[14.7858,-4.6183],[14.7875,-4.6183]],[[14.7867,-4.6167],[14.7875,-4.6158],[14.7867,-4.6158],[14.7867,-4.6167]]],[[[14.7167,-4.6033],[14.7217,-4.6108],[14.7208,-4.6217],[14.715,-4.6242],[14.715,-4.6217],[14.7192,-4.62],[14.7158,-4.6092],[14.7133,-4.6108],[14.7142,-4.615],[14.7092,-4.6258],[14.7075,-4.6275],[14.7017,-4.6258],[14.705,-4.6283],[14.7033,-4.6308],[14.7008,-4.6242],[14.7058,-4.6242],[14.7092,-4.62],[14.7092,-4.6092],[14.7125,-4.6067],[14.7117,-4.6042],[14.7167,-4.6033]],[[14.7125,-4.605],[14.7142,-4.6067],[14.7158,-4.6067],[14.7142,-4.6042],[14.7125,-4.605]]],[[[14.8058,-4.6142],[14.8008,-4.6183],[14.7983,-4.6233],[14.8,-4.6258],[14.795,-4.6242],[14.7975,-4.6175],[14.8033,-4.615],[14.8017,-4.6075],[14.8058,-4.61],[14.8058,-4.6142]]],[[[14.7275,-4.6217],[14.7267,-4.6158],[14.7317,-4.6208],[14.7367,-4.6183],[14.7342,-4.6125],[14.7383,-4.6058],[14.7483,-4.605],[14.745,-4.6025],[14.7358,-4.6025],[14.7333,-4.6067],[14.7308,-4.6067],[14.7308,-4.5983],[14.7283,-4.5967],[14.7225,-4.5983],[14.72,-4.5917],[14.7158,-4.5917],[14.7208,-4.5967],[14.7233,-4.6042],[14.7308,-4.6075],[14.7308,-4.6117],[14.7283,-4.6117],[14.7292,-4.6092],[14.7208,-4.605],[14.7167,-4.5958],[14.71,-4.5933],[14.7092,-4.5908],[14.7017,-4.5908],[14.6983,-4.5867],[14.6992,-4.5842],[14.7125,-4.5892],[14.7125,-4.5867],[14.7192,-4.5825],[14.7208,-4.585],[14.7192,-4.5883],[14.7242,-4.5942],[14.7242,-4.585],[14.7292,-4.5817],[14.7333,-4.5975],[14.7358,-4.5958],[14.7358,-4.5992],[14.7383,-4.6],[14.7475,-4.5992],[14.7517,-4.6042],[14.75,-4.6092],[14.7383,-4.6092],[14.7375,-4.6133],[14.7433,-4.6125],[14.745,-4.6167],[14.7575,-4.6167],[14.7575,-4.6183],[14.7467,-4.6183],[14.7483,-4.6208],[14.7558,-4.6208],[14.755,-4.6225],[14.7458,-4.6208],[14.745,-4.6242],[14.7408,-4.625],[14.7383,-4.6208],[14.7358,-4.6208],[14.7292,-4.6283],[14.7275,-4.6275],[14.7308,-4.6242],[14.7242,-4.6258],[14.7275,-4.6217]],[[14.7467,-4.6183],[14.7458,-4.6175],[14.7458,-4.6183],[14.7467,-4.6183]],[[14.7308,-4.6242],[14.7317,-4.6233],[14.7308,-4.6233],[14.7308,-4.6242]],[[14.7283,-4.5925],[14.7283,-4.585],[14.7275,-4.585],[14.7267,-4.5925],[14.7283,-4.5925]],[[14.7383,-4.6175],[14.7433,-4.62],[14.7417,-4.6142],[14.7383,-4.6175]]],[[[14.7658,-4.5792],[14.7642,-4.59],[14.7708,-4.5917],[14.7725,-4.5967],[14.765,-4.5975],[14.765,-4.6025],[14.76,-4.6042],[14.7567,-4.6],[14.7567,-4.595],[14.76,-4.5917],[14.7567,-4.5817],[14.7642,-4.5775],[14.7658,-4.5792]],[[14.7625,-4.595],[14.7642,-4.5933],[14.7633,-4.5933],[14.7625,-4.595]],[[14.7683,-4.5933],[14.7675,-4.5942],[14.7683,-4.5942],[14.7683,-4.5933]],[[14.7683,-4.5942],[14.7692,-4.595],[14.7692,-4.5942],[14.7683,-4.5942]],[[14.7625,-4.6017],[14.7608,-4.5958],[14.76,-4.5958],[14.76,-4.6017],[14.7625,-4.6017]]],[[[14.7367,-4.5833],[14.7417,-4.5925],[14.7375,-4.5933],[14.7325,-4.5858],[14.7375,-4.5892],[14.7342,-4.585],[14.7367,-4.5833]]],[[[14.7925,-4.5908],[14.79,-4.5933],[14.7883,-4.5933],[14.79,-4.5892],[14.785,-4.5908],[14.7867,-4.5883],[14.7842,-4.5867],[14.785,-4.5817],[14.7917,-4.58],[14.7983,-4.5808],[14.7983,-4.5833],[14.7933,-4.5808],[14.7925,-4.5908]],[[14.7925,-4.5833],[14.7875,-4.5858],[14.7925,-4.585],[14.7925,-4.5833]],[[14.79,-4.5883],[14.7908,-4.5875],[14.79,-4.5875],[14.79,-4.5883]]],[[[14.7608,-4.5767],[14.7508,-4.5792],[14.7542,-4.5842],[14.7525,-4.5892],[14.7467,-4.5925],[14.75,-4.585],[14.7475,-4.5783],[14.755,-4.5717],[14.7508,-4.5675],[14.755,-4.5658],[14.7592,-4.5683],[14.7575,-4.5725],[14.7617,-4.5733],[14.7608,-4.5767]],[[14.7608,-4.5733],[14.76,-4.5742],[14.7608,-4.5742],[14.7608,-4.5733]]],[[[14.7483,-4.5675],[14.7492,-4.5758],[14.7383,-4.5792],[14.7475,-4.5833],[14.7433,-4.5917],[14.7442,-4.5833],[14.7383,-4.5842],[14.7383,-4.5833],[14.7367,-4.5833],[14.7358,-4.5825],[14.7342,-4.58],[14.74,-4.5642],[14.7442,-4.5633],[14.7467,-4.5683],[14.7483,-4.5675]],[[14.7417,-4.5658],[14.7392,-4.575],[14.7425,-4.5733],[14.7442,-4.565],[14.7417,-4.5658]],[[14.7433,-4.575],[14.7467,-4.5733],[14.7467,-4.5692],[14.7433,-4.575]]],[[[14.6917,-4.5508],[14.6892,-4.5517],[14.6908,-4.5592],[14.6975,-4.5592],[14.7008,-4.5525],[14.7042,-4.5517],[14.705,-4.5658],[14.7033,-4.5658],[14.7025,-4.5683],[14.7042,-4.5667],[14.715,-4.5683],[14.7158,-4.5742],[14.72,-4.575],[14.7225,-4.57],[14.7292,-4.5708],[14.7308,-4.5683],[14.7283,-4.5642],[14.7308,-4.56],[14.7358,-4.5617],[14.7333,-4.5633],[14.7358,-4.5692],[14.7308,-4.575],[14.7225,-4.5742],[14.7233,-4.5775],[14.72,-4.5783],[14.715,-4.5775],[14.7125,-4.5708],[14.7008,-4.5717],[14.6942,-4.5683],[14.6875,-4.5683],[14.6858,-4.56],[14.6842,-4.5625],[14.6825,-4.5583],[14.6883,-4.5583],[14.6875,-4.5508],[14.6917,-4.5483],[14.6933,-4.5533],[14.6917,-4.5508]],[[14.6992,-4.565],[14.7008,-4.5617],[14.6933,-4.5633],[14.6892,-4.5617],[14.6908,-4.5658],[14.6992,-4.565]]],[[[14.7275,-4.5625],[14.7192,-4.5617],[14.7225,-4.565],[14.7225,-4.5692],[14.7175,-4.5733],[14.7183,-4.5658],[14.7158,-4.5617],[14.72,-4.5575],[14.7242,-4.5592],[14.7242,-4.5508],[14.7283,-4.5475],[14.7275,-4.5625]]],[[[14.7333,-4.5575],[14.7292,-4.5558],[14.73,-4.5508],[14.7325,-4.5492],[14.7342,-4.5525],[14.7367,-4.5483],[14.7333,-4.5575]]],[[[14.7258,-4.5425],[14.72,-4.5483],[14.7142,-4.5467],[14.7208,-4.5383],[14.7225,-4.5408],[14.7233,-4.5383],[14.7258,-4.5392],[14.7258,-4.5425]],[[14.7183,-4.5467],[14.7208,-4.5433],[14.7167,-4.5467],[14.7183,-4.5467]]],[[[14.7467,-4.5258],[14.7467,-4.5467],[14.74,-4.55],[14.745,-4.5267],[14.7408,-4.5267],[14.7417,-4.5367],[14.7367,-4.5392],[14.7375,-4.5483],[14.735,-4.5458],[14.7342,-4.5367],[14.7367,-4.5358],[14.735,-4.5317],[14.7392,-4.535],[14.7375,-4.5283],[14.7417,-4.5192],[14.7467,-4.5258]]],[[[14.7875,-4.5217],[14.7908,-4.5225],[14.7925,-4.5158],[14.795,-4.5158],[14.7942,-4.5192],[14.7992,-4.5183],[14.8017,-4.5208],[14.8033,-4.5292],[14.7992,-4.5358],[14.7883,-4.5233],[14.7842,-4.5217],[14.7867,-4.515],[14.7933,-4.5125],[14.7933,-4.515],[14.7892,-4.5158],[14.7875,-4.5217]],[[14.7975,-4.5292],[14.8,-4.5283],[14.7983,-4.5225],[14.7917,-4.5225],[14.7975,-4.5292]]],[[[14.7283,-4.5233],[14.7267,-4.5175],[14.7325,-4.515],[14.7333,-4.5217],[14.7358,-4.5233],[14.7317,-4.5225],[14.7333,-4.525],[14.7283,-4.5233]],[[14.7317,-4.5225],[14.7308,-4.5217],[14.7308,-4.5225],[14.7317,-4.5225]]],[[[14.7708,-4.5092],[14.7717,-4.5192],[14.7683,-4.5183],[14.7667,-4.5225],[14.7617,-4.5233],[14.7625,-4.5167],[14.7658,-4.5183],[14.7658,-4.515],[14.77,-4.5142],[14.7658,-4.5108],[14.7667,-4.5083],[14.7708,-4.5092]]],[[[14.7917,-4.4817],[14.7867,-4.4825],[14.7908,-4.48],[14.7925,-4.475],[14.7892,-4.48],[14.7858,-4.4808],[14.7858,-4.4792],[14.7908,-4.4725],[14.7933,-4.4725],[14.7942,-4.4783],[14.7917,-4.4817]]],[[[14.8,-4.4167],[14.8125,-4.4192],[14.81,-4.4283],[14.8058,-4.4292],[14.81,-4.4208],[14.8067,-4.4183],[14.8,-4.42],[14.7983,-4.4158],[14.8017,-4.4133],[14.8,-4.4167]]],[[[14.8167,-4.4108],[14.8117,-4.4133],[14.8033,-4.4125],[14.8133,-4.41],[14.8158,-4.4008],[14.8167,-4.4108]]],[[[14.7517,-4.355],[14.7433,-4.3592],[14.7467,-4.3533],[14.7508,-4.3525],[14.7517,-4.355]]],[[[14.8017,-4.3675],[14.7958,-4.37],[14.8033,-4.3733],[14.7967,-4.3733],[14.7917,-4.37],[14.7908,-4.3725],[14.7883,-4.3717],[14.79,-4.3758],[14.7875,-4.3758],[14.785,-4.3692],[14.7858,-4.3558],[14.78,-4.3592],[14.7767,-4.3583],[14.7783,-4.3475],[14.7817,-4.3458],[14.7867,-4.3492],[14.79,-4.3483],[14.7883,-4.3408],[14.7908,-4.3383],[14.7858,-4.335],[14.7925,-4.335],[14.7942,-4.3492],[14.7883,-4.3525],[14.79,-4.3575],[14.7925,-4.3575],[14.7933,-4.3517],[14.7958,-4.35],[14.7975,-4.335],[14.815,-4.3333],[14.8167,-4.335],[14.8,-4.3383],[14.8008,-4.3483],[14.81,-4.3492],[14.7992,-4.35],[14.805,-4.3558],[14.7975,-4.3542],[14.795,-4.3608],[14.7925,-4.3617],[14.7942,-4.365],[14.8017,-4.3675]],[[14.7908,-4.365],[14.7892,-4.3608],[14.7883,-4.37],[14.7942,-4.3675],[14.7942,-4.365],[14.7908,-4.365]],[[14.7817,-4.3508],[14.785,-4.3517],[14.785,-4.3508],[14.7817,-4.3508]]],[[[14.7292,-4.3408],[14.74,-4.3383],[14.7417,-4.3425],[14.7292,-4.3483],[14.7225,-4.3408],[14.7225,-4.3375],[14.7275,-4.3367],[14.7292,-4.3408]],[[14.7367,-4.3417],[14.7392,-4.34],[14.7367,-4.3408],[14.7367,-4.3417]],[[14.73,-4.345],[14.7317,-4.3433],[14.73,-4.3442],[14.73,-4.345]]],[[[14.7025,-4.32],[14.6992,-4.33],[14.7017,-4.3292],[14.7042,-4.3225],[14.7092,-4.3258],[14.705,-4.325],[14.7042,-4.33],[14.6992,-4.3325],[14.6967,-4.3275],[14.7,-4.3192],[14.7075,-4.3167],[14.7067,-4.3192],[14.7025,-4.32]]],[[[14.7908,-4.3242],[14.79,-4.3192],[14.795,-4.3217],[14.7958,-4.3167],[14.8025,-4.3142],[14.8083,-4.3158],[14.8025,-4.3267],[14.8142,-4.32],[14.8133,-4.3242],[14.8033,-4.3308],[14.7975,-4.3292],[14.8017,-4.3208],[14.7983,-4.3208],[14.7967,-4.325],[14.7908,-4.3242]],[[14.8017,-4.3208],[14.8025,-4.32],[14.8017,-4.32],[14.8017,-4.3208]],[[14.8042,-4.32],[14.8067,-4.3183],[14.8058,-4.3167],[14.8025,-4.3167],[14.8042,-4.32]]],[[[14.7242,-4.3167],[14.73,-4.3192],[14.7283,-4.325],[14.7192,-4.325],[14.7158,-4.3283],[14.7125,-4.3233],[14.7092,-4.3233],[14.71,-4.3208],[14.7125,-4.3208],[14.715,-4.325],[14.72,-4.3217],[14.7275,-4.3225],[14.7258,-4.32],[14.7175,-4.3208],[14.7108,-4.315],[14.7208,-4.3183],[14.7242,-4.3167]]],[[[14.7708,-4.3033],[14.7667,-4.31],[14.7692,-4.3158],[14.7633,-4.3183],[14.7675,-4.3233],[14.7717,-4.3208],[14.775,-4.3133],[14.7783,-4.3125],[14.7808,-4.3067],[14.795,-4.3108],[14.7858,-4.3142],[14.7858,-4.3108],[14.7833,-4.31],[14.78,-4.3133],[14.7808,-4.3158],[14.7758,-4.3167],[14.77,-4.3308],[14.765,-4.3317],[14.76,-4.3167],[14.765,-4.315],[14.7633,-4.3083],[14.7675,-4.3017],[14.7708,-4.3033]],[[14.7667,-4.3292],[14.7683,-4.3267],[14.7667,-4.3267],[14.7667,-4.3292]]],[[[14.6892,-4.2733],[14.7033,-4.2792],[14.7017,-4.2858],[14.6967,-4.2883],[14.7017,-4.2892],[14.7067,-4.2942],[14.7167,-4.29],[14.7175,-4.2817],[14.72,-4.2792],[14.7242,-4.2817],[14.7308,-4.2808],[14.7325,-4.2842],[14.7375,-4.2833],[14.7367,-4.2867],[14.7317,-4.2875],[14.7292,-4.2842],[14.7233,-4.285],[14.72,-4.2825],[14.7208,-4.2883],[14.7108,-4.2967],[14.7183,-4.295],[14.7208,-4.2892],[14.7267,-4.2892],[14.7317,-4.2942],[14.7375,-4.2925],[14.7375,-4.295],[14.7292,-4.2958],[14.7217,-4.2917],[14.72,-4.2967],[14.7133,-4.2983],[14.7142,-4.3042],[14.7208,-4.3075],[14.7117,-4.3058],[14.7092,-4.2983],[14.6942,-4.29],[14.695,-4.285],[14.7,-4.2808],[14.6917,-4.28],[14.6892,-4.2733]]],[[[14.7992,-4.2683],[14.7925,-4.2725],[14.8017,-4.2717],[14.8008,-4.2733],[14.8017,-4.275],[14.8058,-4.2717],[14.8033,-4.2758],[14.805,-4.275],[14.8075,-4.2758],[14.805,-4.2792],[14.8125,-4.2767],[14.8092,-4.2817],[14.8142,-4.2792],[14.8133,-4.2825],[14.8175,-4.2825],[14.8167,-4.2858],[14.8208,-4.285],[14.8183,-4.2892],[14.8225,-4.2875],[14.8208,-4.2917],[14.8258,-4.2908],[14.8217,-4.2933],[14.8258,-4.2967],[14.825,-4.305],[14.8217,-4.3042],[14.8225,-4.3],[14.8175,-4.2967],[14.8167,-4.2925],[14.8008,-4.2892],[14.7992,-4.2875],[14.8008,-4.28],[14.7983,-4.2783],[14.7958,-4.2842],[14.7925,-4.2858],[14.7942,-4.2925],[14.7975,-4.29],[14.8017,-4.2917],[14.8008,-4.2983],[14.805,-4.3033],[14.8092,-4.3008],[14.8108,-4.2958],[14.815,-4.2958],[14.8158,-4.3],[14.8125,-4.3],[14.8092,-4.3058],[14.8058,-4.3042],[14.8042,-4.3075],[14.7983,-4.2942],[14.7933,-4.2967],[14.79,-4.2925],[14.7858,-4.2933],[14.7833,-4.2875],[14.7783,-4.2883],[14.7758,-4.2842],[14.7742,-4.295],[14.7775,-4.2975],[14.7825,-4.2967],[14.7783,-4.2983],[14.7783,-4.3025],[14.7892,-4.3033],[14.7842,-4.3058],[14.7725,-4.3033],[14.7733,-4.2967],[14.77,-4.2942],[14.7708,-4.2833],[14.7783,-4.2808],[14.7867,-4.2858],[14.7908,-4.285],[14.7883,-4.2825],[14.79,-4.2708],[14.7967,-4.2658],[14.7992,-4.2683]],[[14.7917,-4.2808],[14.7933,-4.2775],[14.7925,-4.2775],[14.7917,-4.2808]],[[14.81,-4.2842],[14.8092,-4.2858],[14.8033,-4.2842],[14.8033,-4.2858],[14.8108,-4.2867],[14.81,-4.2842]],[[14.815,-4.2858],[14.8158,-4.285],[14.815,-4.285],[14.815,-4.2858]],[[14.7858,-4.2908],[14.7875,-4.2892],[14.7858,-4.2892],[14.7858,-4.2908]]],[[[14.7375,-4.2675],[14.7333,-4.2725],[14.73,-4.2717],[14.7317,-4.2658],[14.735,-4.265],[14.7317,-4.26],[14.7325,-4.2567],[14.7358,-4.2558],[14.735,-4.2467],[14.7392,-4.2442],[14.74,-4.2533],[14.7417,-4.255],[14.7433,-4.2525],[14.7458,-4.2533],[14.745,-4.2567],[14.7392,-4.2592],[14.7442,-4.2617],[14.7408,-4.27],[14.7508,-4.2708],[14.7525,-4.2817],[14.7492,-4.2833],[14.7475,-4.2742],[14.7408,-4.2767],[14.7417,-4.2792],[14.73,-4.275],[14.7317,-4.2733],[14.74,-4.275],[14.7375,-4.2675]],[[14.74,-4.275],[14.7408,-4.2758],[14.7408,-4.275],[14.74,-4.275]],[[14.7383,-4.2467],[14.7367,-4.2492],[14.7375,-4.2492],[14.7383,-4.2467]],[[14.7383,-4.2517],[14.7392,-4.2508],[14.7383,-4.2508],[14.7383,-4.2517]],[[14.7367,-4.2625],[14.7375,-4.2617],[14.7367,-4.2617],[14.7367,-4.2625]]],[[[14.7517,-4.2475],[14.7617,-4.2542],[14.7583,-4.2475],[14.7517,-4.2458],[14.7567,-4.2383],[14.765,-4.2433],[14.7692,-4.2417],[14.7683,-4.2325],[14.7642,-4.23],[14.7642,-4.2225],[14.78,-4.2192],[14.7808,-4.2242],[14.7775,-4.225],[14.7792,-4.2275],[14.7775,-4.2325],[14.7817,-4.2333],[14.7792,-4.235],[14.7733,-4.2325],[14.7733,-4.225],[14.7675,-4.225],[14.7717,-4.2317],[14.7725,-4.245],[14.7658,-4.2483],[14.7575,-4.2425],[14.7658,-4.2492],[14.7667,-4.2533],[14.7742,-4.2467],[14.7758,-4.2392],[14.7842,-4.235],[14.7783,-4.2408],[14.78,-4.2467],[14.7708,-4.2542],[14.7725,-4.2625],[14.7758,-4.2625],[14.7733,-4.2675],[14.7692,-4.2667],[14.7658,-4.2567],[14.7592,-4.2575],[14.76,-4.2617],[14.7575,-4.2658],[14.7617,-4.2675],[14.7617,-4.2742],[14.76,-4.2817],[14.7525,-4.2942],[14.7525,-4.3008],[14.76,-4.2908],[14.7683,-4.2925],[14.765,-4.2925],[14.7675,-4.2992],[14.7608,-4.295],[14.7558,-4.3042],[14.7492,-4.3008],[14.7492,-4.2942],[14.7558,-4.2817],[14.7558,-4.2725],[14.7583,-4.2708],[14.7567,-4.2675],[14.7525,-4.2667],[14.7542,-4.2633],[14.7517,-4.2608],[14.7558,-4.2592],[14.7533,-4.2575],[14.755,-4.25],[14.7517,-4.2492],[14.7517,-4.2475]],[[14.7733,-4.225],[14.775,-4.2233],[14.7733,-4.2233],[14.7733,-4.225]],[[14.7592,-4.2575],[14.7583,-4.2567],[14.7583,-4.2575],[14.7592,-4.2575]],[[14.7583,-4.2567],[14.7575,-4.2558],[14.7575,-4.2567],[14.7583,-4.2567]],[[14.755,-4.2508],[14.7558,-4.2517],[14.7558,-4.2508],[14.755,-4.2508]]],[[[14.7975,-4.245],[14.7933,-4.25],[14.7875,-4.2475],[14.7858,-4.2575],[14.7817,-4.2592],[14.785,-4.2442],[14.79,-4.2425],[14.7942,-4.2467],[14.7925,-4.2417],[14.7942,-4.2408],[14.7975,-4.245]]],[[[14.7092,-4.2208],[14.7175,-4.2258],[14.7175,-4.2317],[14.715,-4.2325],[14.7133,-4.2283],[14.7108,-4.2283],[14.7092,-4.235],[14.6975,-4.2325],[14.7075,-4.2275],[14.7042,-4.2175],[14.7092,-4.2167],[14.7092,-4.2208]],[[14.7083,-4.2308],[14.7075,-4.2317],[14.7083,-4.2317],[14.7083,-4.2308]],[[14.7083,-4.2317],[14.7092,-4.2325],[14.7092,-4.2317],[14.7083,-4.2317]]],[[[14.7358,-4.2192],[14.7292,-4.23],[14.72,-4.2283],[14.7217,-4.2233],[14.7292,-4.2225],[14.7317,-4.2175],[14.7358,-4.2192]],[[14.7283,-4.2267],[14.7275,-4.225],[14.7233,-4.2258],[14.7233,-4.2275],[14.7283,-4.2267]]],[[[14.7975,-4.2192],[14.7958,-4.2242],[14.8008,-4.2267],[14.8017,-4.2308],[14.795,-4.2317],[14.7967,-4.2283],[14.7925,-4.225],[14.7942,-4.2208],[14.7925,-4.215],[14.7975,-4.2192]]],[[[14.7975,-4.2133],[14.8,-4.2167],[14.8033,-4.215],[14.8025,-4.22],[14.7983,-4.22],[14.7958,-4.215],[14.7983,-4.2067],[14.8,-4.21],[14.7975,-4.2133]]],[[[14.8125,-4.2058],[14.8058,-4.21],[14.8108,-4.2117],[14.8058,-4.2142],[14.8042,-4.2092],[14.8067,-4.2067],[14.8025,-4.2058],[14.8008,-4.21],[14.8008,-4.2042],[14.8067,-4.2042],[14.8083,-4.1975],[14.8125,-4.1992],[14.8125,-4.2058]]],[[[14.7992,-4.18],[14.8033,-4.1892],[14.8008,-4.1867],[14.7967,-4.1875],[14.795,-4.1833],[14.7983,-4.185],[14.7983,-4.1825],[14.7958,-4.18],[14.7992,-4.18]]],[[[14.6992,-4.1508],[14.7042,-4.1525],[14.705,-4.1583],[14.7092,-4.1608],[14.7075,-4.1667],[14.7142,-4.1658],[14.7183,-4.1683],[14.7167,-4.1717],[14.7125,-4.1717],[14.7167,-4.1725],[14.715,-4.1758],[14.7175,-4.1767],[14.7108,-4.18],[14.715,-4.1858],[14.71,-4.1875],[14.7067,-4.1958],[14.7242,-4.1975],[14.7292,-4.1925],[14.7392,-4.1917],[14.7425,-4.1975],[14.745,-4.1958],[14.7483,-4.1983],[14.7458,-4.2058],[14.7425,-4.2033],[14.7333,-4.205],[14.7292,-4.2008],[14.7258,-4.2008],[14.7225,-4.205],[14.7167,-4.2025],[14.7125,-4.2067],[14.7242,-4.2058],[14.7258,-4.2092],[14.7233,-4.2133],[14.7125,-4.215],[14.7092,-4.2125],[14.7058,-4.215],[14.7008,-4.21],[14.7008,-4.2125],[14.6975,-4.2125],[14.6992,-4.2167],[14.6958,-4.2125],[14.6917,-4.2167],[14.6933,-4.2108],[14.6875,-4.2058],[14.6808,-4.2067],[14.6833,-4.2025],[14.68,-4.2008],[14.6775,-4.2025],[14.6792,-4.2058],[14.6775,-4.2075],[14.6758,-4.2008],[14.6833,-4.2],[14.6833,-4.1942],[14.6875,-4.1925],[14.6875,-4.1892],[14.6908,-4.1917],[14.6917,-4.1867],[14.6933,-4.1917],[14.695,-4.1883],[14.6975,-4.1892],[14.6975,-4.1933],[14.6875,-4.1958],[14.6858,-4.2025],[14.6917,-4.2033],[14.6958,-4.2083],[14.7,-4.2067],[14.705,-4.2083],[14.7117,-4.2025],[14.7075,-4.2],[14.7017,-4.2033],[14.6967,-4.2017],[14.7,-4.1917],[14.6975,-4.1858],[14.7025,-4.1892],[14.7033,-4.1983],[14.7092,-4.1867],[14.7067,-4.185],[14.7042,-4.1883],[14.7042,-4.1858],[14.71,-4.1808],[14.7058,-4.1717],[14.6992,-4.17],[14.6975,-4.1583],[14.6908,-4.155],[14.6875,-4.1558],[14.6892,-4.1525],[14.6983,-4.155],[14.7042,-4.1683],[14.7025,-4.1533],[14.6975,-4.1533],[14.6933,-4.145],[14.6975,-4.1467],[14.6992,-4.1508]],[[14.715,-4.1692],[14.7158,-4.1683],[14.715,-4.1683],[14.715,-4.1692]],[[14.7083,-4.1708],[14.7092,-4.17],[14.7083,-4.17],[14.7083,-4.1708]],[[14.71,-4.1742],[14.7108,-4.1767],[14.7125,-4.1767],[14.71,-4.1742]],[[14.7325,-4.2008],[14.74,-4.2008],[14.7383,-4.1975],[14.7292,-4.1975],[14.7325,-4.2008]],[[14.7267,-4.1983],[14.725,-4.1975],[14.725,-4.1983],[14.7267,-4.1983]],[[14.725,-4.1983],[14.7233,-4.1992],[14.725,-4.1992],[14.725,-4.1983]],[[14.7183,-4.1992],[14.72,-4.2017],[14.7225,-4.2017],[14.7225,-4.2],[14.7183,-4.1992]],[[14.7442,-4.2008],[14.745,-4.2],[14.7442,-4.2],[14.7442,-4.2008]],[[14.7225,-4.2092],[14.7217,-4.2083],[14.7217,-4.21],[14.7225,-4.2092]],[[14.7108,-4.2092],[14.7117,-4.2108],[14.7158,-4.2117],[14.7158,-4.21],[14.7108,-4.2092]],[[14.7175,-4.2108],[14.7183,-4.21],[14.7175,-4.21],[14.7175,-4.2108]]],[[[14.7492,-4.1725],[14.7458,-4.1733],[14.7442,-4.1808],[14.74,-4.1825],[14.7283,-4.1675],[14.7317,-4.1667],[14.7383,-4.1717],[14.7408,-4.18],[14.7425,-4.1733],[14.74,-4.1692],[14.7408,-4.1633],[14.735,-4.165],[14.7283,-4.1625],[14.7375,-4.1608],[14.74,-4.155],[14.7467,-4.1533],[14.7483,-4.1558],[14.745,-4.1592],[14.745,-4.1667],[14.7458,-4.1658],[14.7508,-4.1667],[14.7542,-4.1633],[14.755,-4.1667],[14.7533,-4.1692],[14.7475,-4.1667],[14.745,-4.1708],[14.755,-4.1717],[14.755,-4.1675],[14.7592,-4.165],[14.7592,-4.175],[14.77,-4.1708],[14.7792,-4.1717],[14.7808,-4.1642],[14.79,-4.1633],[14.7942,-4.1667],[14.7942,-4.17],[14.7875,-4.1708],[14.7892,-4.1758],[14.785,-4.1808],[14.7783,-4.1817],[14.7775,-4.1767],[14.7683,-4.1783],[14.77,-4.1833],[14.7733,-4.1842],[14.7725,-4.1883],[14.7692,-4.1883],[14.7642,-4.1833],[14.7583,-4.1833],[14.7567,-4.1775],[14.7492,-4.1725]],[[14.7558,-4.1767],[14.7575,-4.175],[14.7558,-4.1742],[14.7558,-4.1767]],[[14.7458,-4.1558],[14.745,-4.155],[14.745,-4.1558],[14.7458,-4.1558]],[[14.745,-4.1558],[14.7442,-4.1567],[14.745,-4.1567],[14.745,-4.1558]],[[14.7408,-4.16],[14.7433,-4.1575],[14.7408,-4.1575],[14.7408,-4.16]],[[14.7833,-4.17],[14.7808,-4.1775],[14.7842,-4.175],[14.7858,-4.1667],[14.7825,-4.1667],[14.7833,-4.17]],[[14.7883,-4.1683],[14.7908,-4.1667],[14.7883,-4.1667],[14.7883,-4.1683]],[[14.7642,-4.1758],[14.7658,-4.1742],[14.765,-4.1742],[14.7642,-4.1758]],[[14.7708,-4.175],[14.7725,-4.1742],[14.7708,-4.1742],[14.7708,-4.175]],[[14.7642,-4.18],[14.7633,-4.1767],[14.76,-4.18],[14.7642,-4.18]],[[14.77,-4.1867],[14.7725,-4.1858],[14.77,-4.1858],[14.77,-4.1867]]],[[[14.7508,-4.1008],[14.7592,-4.1083],[14.7575,-4.1133],[14.7458,-4.1083],[14.7458,-4.1117],[14.7383,-4.1117],[14.7325,-4.115],[14.7375,-4.1167],[14.7375,-4.1242],[14.7433,-4.12],[14.7475,-4.1217],[14.7467,-4.1283],[14.7433,-4.1292],[14.745,-4.135],[14.7517,-4.1325],[14.7542,-4.1333],[14.7567,-4.14],[14.7625,-4.1367],[14.765,-4.1408],[14.7658,-4.1375],[14.7708,-4.1367],[14.7683,-4.1325],[14.7708,-4.1283],[14.7742,-4.13],[14.7733,-4.135],[14.7767,-4.135],[14.78,-4.1308],[14.7833,-4.1317],[14.7833,-4.1258],[14.7842,-4.1292],[14.7858,-4.1258],[14.7883,-4.1283],[14.79,-4.1217],[14.7933,-4.12],[14.7908,-4.13],[14.7942,-4.1275],[14.795,-4.1208],[14.7967,-4.1267],[14.7942,-4.1317],[14.7983,-4.1283],[14.7975,-4.1317],[14.8008,-4.1317],[14.8,-4.1358],[14.8083,-4.135],[14.81,-4.1383],[14.8167,-4.1392],[14.8192,-4.1317],[14.8275,-4.13],[14.8275,-4.1392],[14.8233,-4.1425],[14.8225,-4.1467],[14.8275,-4.1442],[14.8325,-4.145],[14.8292,-4.1492],[14.83,-4.155],[14.8225,-4.1525],[14.8192,-4.1558],[14.8142,-4.155],[14.8117,-4.145],[14.8033,-4.15],[14.7958,-4.1417],[14.7908,-4.1417],[14.7867,-4.1467],[14.7792,-4.1458],[14.7775,-4.1542],[14.7708,-4.1533],[14.7675,-4.15],[14.755,-4.1533],[14.7517,-4.15],[14.7525,-4.1442],[14.7467,-4.1475],[14.7408,-4.135],[14.7342,-4.1367],[14.73,-4.1333],[14.7283,-4.135],[14.73,-4.1392],[14.7267,-4.135],[14.725,-4.14],[14.7242,-4.1342],[14.7208,-4.1308],[14.7142,-4.135],[14.7133,-4.14],[14.7092,-4.1383],[14.7083,-4.1342],[14.7108,-4.1358],[14.7167,-4.1275],[14.7258,-4.1308],[14.7292,-4.1292],[14.7383,-4.1308],[14.74,-4.1283],[14.7342,-4.1283],[14.7325,-4.1208],[14.7283,-4.1192],[14.7275,-4.1158],[14.7375,-4.1067],[14.7433,-4.105],[14.7508,-4.1067],[14.7492,-4.105],[14.7508,-4.1008]],[[14.755,-4.1092],[14.7542,-4.11],[14.755,-4.11],[14.755,-4.1092]],[[14.755,-4.11],[14.7558,-4.1108],[14.7558,-4.11],[14.755,-4.11]],[[14.7433,-4.1258],[14.7442,-4.125],[14.7433,-4.125],[14.7433,-4.1258]],[[14.78,-4.1367],[14.7667,-4.145],[14.7592,-4.1425],[14.7542,-4.1483],[14.7575,-4.15],[14.7592,-4.1467],[14.7633,-4.1467],[14.7742,-4.15],[14.7742,-4.1458],[14.7767,-4.145],[14.775,-4.1417],[14.7858,-4.1417],[14.7883,-4.1367],[14.7975,-4.1383],[14.7967,-4.135],[14.79,-4.1342],[14.78,-4.1367]],[[14.75,-4.1367],[14.7508,-4.135],[14.75,-4.135],[14.75,-4.1367]],[[14.8225,-4.1392],[14.8217,-4.135],[14.8208,-4.1392],[14.8225,-4.1392]],[[14.7458,-4.1408],[14.7483,-4.1425],[14.7458,-4.1383],[14.7458,-4.1408]],[[14.8025,-4.1458],[14.8058,-4.1467],[14.8083,-4.1417],[14.8067,-4.1392],[14.7983,-4.1392],[14.8025,-4.1458]],[[14.7525,-4.1417],[14.7542,-4.1408],[14.7525,-4.1408],[14.7525,-4.1417]],[[14.8167,-4.1517],[14.8192,-4.1508],[14.8175,-4.1467],[14.82,-4.1417],[14.8142,-4.1433],[14.8167,-4.1517]]],[[[14.7733,-4.1092],[14.7758,-4.1067],[14.78,-4.1083],[14.7792,-4.1117],[14.7733,-4.11],[14.7742,-4.1117],[14.7717,-4.1125],[14.7717,-4.11],[14.7692,-4.11],[14.7658,-4.1125],[14.7625,-4.1075],[14.7642,-4.105],[14.7692,-4.105],[14.7733,-4.1092]],[[14.765,-4.1092],[14.7675,-4.1075],[14.765,-4.1075],[14.765,-4.1092]],[[14.7767,-4.1083],[14.7758,-4.1092],[14.7767,-4.1092],[14.7767,-4.1083]],[[14.7767,-4.1092],[14.7783,-4.11],[14.7783,-4.1092],[14.7767,-4.1092]]],[[[14.7425,-4.0933],[14.7367,-4.1025],[14.7308,-4.1025],[14.7375,-4.095],[14.7425,-4.0933]]],[[[14.7975,-4.0667],[14.795,-4.0775],[14.8042,-4.0758],[14.805,-4.0775],[14.8,-4.0792],[14.8067,-4.0792],[14.8058,-4.0817],[14.8008,-4.0817],[14.8008,-4.0842],[14.8058,-4.085],[14.8058,-4.0883],[14.81,-4.0875],[14.8083,-4.0842],[14.8117,-4.0867],[14.8067,-4.0917],[14.8067,-4.095],[14.8108,-4.0983],[14.8083,-4.105],[14.8033,-4.0967],[14.8008,-4.0992],[14.7975,-4.0983],[14.7967,-4.0892],[14.7883,-4.0892],[14.7883,-4.0808],[14.7858,-4.0775],[14.7725,-4.08],[14.775,-4.0767],[14.7792,-4.0775],[14.7817,-4.0742],[14.7883,-4.0733],[14.7892,-4.0792],[14.7933,-4.0817],[14.7908,-4.0683],[14.7958,-4.065],[14.7975,-4.0667]],[[14.7967,-4.0833],[14.7933,-4.0842],[14.7967,-4.085],[14.7967,-4.0833]],[[14.8033,-4.0925],[14.8,-4.0883],[14.8017,-4.0933],[14.8033,-4.0925]],[[14.8,-4.0967],[14.7992,-4.0958],[14.7992,-4.0967],[14.8,-4.0967]],[[14.7992,-4.0967],[14.7983,-4.0975],[14.7992,-4.0975],[14.7992,-4.0967]],[[14.8058,-4.0958],[14.805,-4.0967],[14.8058,-4.0967],[14.8058,-4.0958]],[[14.8067,-4.0967],[14.8067,-4.0992],[14.8075,-4.0992],[14.8067,-4.0967]]],[[[14.73,-4.0608],[14.7292,-4.0667],[14.7267,-4.0625],[14.7275,-4.0583],[14.7358,-4.0567],[14.73,-4.0608]]],[[[14.7275,-4.0533],[14.7175,-4.0608],[14.7183,-4.0667],[14.715,-4.0708],[14.7158,-4.0592],[14.7208,-4.0567],[14.7275,-4.0467],[14.7275,-4.0533]]],[[[14.74,-4.025],[14.745,-4.0325],[14.7408,-4.0325],[14.7383,-4.0292],[14.7392,-4.0333],[14.7342,-4.0392],[14.7367,-4.0233],[14.74,-4.025]]],[[[14.77,-4.02],[14.7717,-4.025],[14.77,-4.0267],[14.7642,-4.025],[14.7625,-4.0283],[14.76,-4.0225],[14.7567,-4.0225],[14.76,-4.0158],[14.7633,-4.0158],[14.7658,-4.02],[14.77,-4.02]],[[14.7683,-4.0217],[14.7667,-4.0225],[14.7675,-4.0242],[14.7692,-4.0242],[14.7683,-4.0217]]],[[[14.7225,-4.0042],[14.725,-4.01],[14.7217,-4.0117],[14.7233,-4.0158],[14.7167,-4.0142],[14.72,-4.0075],[14.7117,-4.0083],[14.72,-4.0008],[14.7242,-4.0017],[14.7225,-4.0042]]],[[[14.8025,-4.0],[14.8042,-4.0108],[14.8017,-4.0108],[14.8008,-4.0025],[14.7967,-4.0017],[14.795,-3.9983],[14.8025,-4.0]]],[[[14.7208,-3.9842],[14.7142,-3.9942],[14.7117,-3.9933],[14.7183,-3.985],[14.7133,-3.985],[14.7092,-3.9917],[14.7075,-3.9908],[14.71,-3.9842],[14.7142,-3.9825],[14.7208,-3.9842]]],[[[14.8142,-3.9817],[14.8225,-3.9792],[14.825,-3.9808],[14.8258,-3.9875],[14.8225,-3.9875],[14.8208,-3.9833],[14.8158,-3.9867],[14.8208,-3.9875],[14.8225,-3.9917],[14.815,-3.9883],[14.8075,-3.9917],[14.8083,-3.9867],[14.8117,-3.985],[14.81,-3.9817],[14.8025,-3.9858],[14.7967,-3.9825],[14.8,-3.9792],[14.8042,-3.9808],[14.8067,-3.9767],[14.8108,-3.9767],[14.8142,-3.9817]]],[[[14.7325,-3.9683],[14.725,-3.9767],[14.7267,-3.9792],[14.725,-3.9825],[14.7208,-3.9833],[14.7175,-3.9808],[14.7292,-3.9683],[14.7325,-3.9683]],[[14.7225,-3.9808],[14.7233,-3.98],[14.7225,-3.98],[14.7225,-3.9808]]],[[[14.7925,-3.9783],[14.7967,-3.965],[14.8033,-3.96],[14.8042,-3.9658],[14.7925,-3.9783]],[[14.7983,-3.9692],[14.8017,-3.9667],[14.8025,-3.9642],[14.7983,-3.9667],[14.7983,-3.9692]],[[14.7983,-3.9717],[14.7967,-3.97],[14.7967,-3.9717],[14.7983,-3.9717]]],[[[14.7792,-3.975],[14.7808,-3.9667],[14.7867,-3.9608],[14.7917,-3.9633],[14.7925,-3.9658],[14.7883,-3.9725],[14.7808,-3.9758],[14.7792,-3.975]],[[14.7842,-3.97],[14.7867,-3.9717],[14.7867,-3.9683],[14.7842,-3.97]],[[14.7842,-3.9742],[14.7833,-3.9733],[14.7833,-3.9742],[14.7842,-3.9742]],[[14.7875,-3.9658],[14.7867,-3.965],[14.7867,-3.9658],[14.7875,-3.9658]],[[14.7867,-3.9658],[14.7858,-3.9675],[14.7867,-3.9675],[14.7867,-3.9658]]],[[[14.7175,-3.9183],[14.71,-3.9292],[14.7083,-3.9333],[14.7083,-3.9258],[14.7175,-3.9183]]],[[[14.7767,-3.8892],[14.7783,-3.8967],[14.7717,-3.9008],[14.7733,-3.9067],[14.7708,-3.91],[14.7733,-3.9125],[14.7817,-3.9108],[14.7833,-3.9058],[14.7925,-3.905],[14.7942,-3.9025],[14.8025,-3.9042],[14.8058,-3.9],[14.8117,-3.9033],[14.8117,-3.91],[14.805,-3.9133],[14.7983,-3.9133],[14.7883,-3.92],[14.7775,-3.9183],[14.7767,-3.9225],[14.76,-3.9217],[14.7408,-3.9292],[14.7433,-3.9333],[14.7367,-3.9375],[14.7333,-3.9375],[14.7375,-3.935],[14.735,-3.9317],[14.7217,-3.9433],[14.715,-3.9433],[14.7167,-3.9392],[14.7133,-3.9317],[14.7183,-3.9333],[14.7183,-3.9392],[14.7242,-3.9358],[14.7233,-3.9325],[14.7275,-3.9242],[14.7208,-3.9317],[14.7183,-3.9317],[14.7175,-3.9283],[14.72,-3.9267],[14.72,-3.9217],[14.7267,-3.9158],[14.7325,-3.9158],[14.7358,-3.91],[14.7408,-3.91],[14.7425,-3.9133],[14.74,-3.9175],[14.7408,-3.9192],[14.7458,-3.9108],[14.7558,-3.9108],[14.7558,-3.9058],[14.76,-3.9067],[14.7633,-3.9025],[14.76,-3.8933],[14.76,-3.89],[14.7633,-3.8875],[14.7708,-3.8917],[14.7742,-3.8858],[14.7767,-3.8892]],[[14.7692,-3.8958],[14.7658,-3.895],[14.7683,-3.9],[14.7692,-3.8958]],[[14.7733,-3.8958],[14.7742,-3.895],[14.7733,-3.895],[14.7733,-3.8958]],[[14.7675,-3.9033],[14.7558,-3.9142],[14.7508,-3.9142],[14.7433,-3.9242],[14.7558,-3.9225],[14.7667,-3.9167],[14.775,-3.9167],[14.765,-3.9125],[14.765,-3.9092],[14.7683,-3.9067],[14.7675,-3.9033]],[[14.8025,-3.9117],[14.8075,-3.9075],[14.8075,-3.9058],[14.8,-3.9083],[14.8025,-3.9117]],[[14.7867,-3.9092],[14.785,-3.915],[14.79,-3.915],[14.7983,-3.9075],[14.7867,-3.9092]],[[14.735,-3.9175],[14.7392,-3.915],[14.7392,-3.9125],[14.735,-3.915],[14.735,-3.9175]],[[14.7783,-3.915],[14.78,-3.9142],[14.7783,-3.9142],[14.7783,-3.915]],[[14.7325,-3.9233],[14.7325,-3.9208],[14.7283,-3.9183],[14.7292,-3.9242],[14.7325,-3.9233]],[[14.7383,-3.9208],[14.7375,-3.92],[14.7375,-3.9208],[14.7383,-3.9208]],[[14.7375,-3.9208],[14.7367,-3.9225],[14.7375,-3.9225],[14.7375,-3.9208]],[[14.7375,-3.9267],[14.7358,-3.9242],[14.7342,-3.9283],[14.735,-3.9283],[14.7375,-3.9267]],[[14.7325,-3.93],[14.73,-3.93],[14.73,-3.9317],[14.7325,-3.93]]],[[[14.745,-3.8758],[14.7425,-3.885],[14.7508,-3.8892],[14.75,-3.8933],[14.7367,-3.8917],[14.7283,-3.8983],[14.72,-3.8975],[14.72,-3.9083],[14.7092,-3.9167],[14.705,-3.9158],[14.7058,-3.9292],[14.7017,-3.9308],[14.7025,-3.9342],[14.705,-3.9342],[14.7042,-3.9367],[14.6925,-3.9417],[14.6983,-3.9442],[14.7008,-3.94],[14.7067,-3.9375],[14.7058,-3.9408],[14.6983,-3.9475],[14.69,-3.945],[14.6892,-3.9375],[14.6992,-3.935],[14.6983,-3.93],[14.7042,-3.9283],[14.7,-3.9258],[14.7008,-3.9142],[14.7083,-3.9133],[14.7092,-3.9108],[14.7175,-3.9075],[14.715,-3.8975],[14.7192,-3.895],[14.715,-3.8942],[14.7158,-3.8908],[14.7192,-3.8892],[14.72,-3.8942],[14.7233,-3.895],[14.725,-3.89],[14.7292,-3.8942],[14.7275,-3.8883],[14.7342,-3.8833],[14.7275,-3.8767],[14.7308,-3.8758],[14.7308,-3.8717],[14.7383,-3.8658],[14.735,-3.86],[14.7292,-3.8575],[14.7292,-3.8558],[14.7325,-3.8567],[14.7308,-3.8542],[14.7325,-3.8458],[14.7367,-3.8417],[14.745,-3.8433],[14.7458,-3.8475],[14.7583,-3.85],[14.7625,-3.8567],[14.7608,-3.8617],[14.765,-3.8633],[14.7617,-3.875],[14.7583,-3.8725],[14.7558,-3.875],[14.7517,-3.8725],[14.7433,-3.8742],[14.745,-3.8758]],[[14.7433,-3.8742],[14.7425,-3.8733],[14.7425,-3.8742],[14.7433,-3.8742]],[[14.735,-3.8533],[14.7383,-3.855],[14.74,-3.8617],[14.745,-3.865],[14.7533,-3.8642],[14.7558,-3.86],[14.7567,-3.8533],[14.7442,-3.8525],[14.7383,-3.8442],[14.735,-3.8458],[14.735,-3.8533]],[[14.7575,-3.865],[14.7617,-3.8725],[14.7608,-3.8658],[14.7575,-3.865]],[[14.7542,-3.8692],[14.755,-3.8683],[14.7533,-3.8683],[14.7542,-3.8692]],[[14.7392,-3.8708],[14.7367,-3.87],[14.735,-3.8725],[14.7383,-3.8725],[14.7392,-3.8708]],[[14.74,-3.8717],[14.7408,-3.8725],[14.7408,-3.8717],[14.74,-3.8717]],[[14.74,-3.8783],[14.7375,-3.8783],[14.7383,-3.8817],[14.74,-3.8808],[14.74,-3.8783]]],[[[14.7125,-3.8667],[14.7083,-3.8808],[14.7142,-3.88],[14.7142,-3.8833],[14.71,-3.8883],[14.7092,-3.8942],[14.705,-3.895],[14.7083,-3.8992],[14.7025,-3.9033],[14.6983,-3.8967],[14.6992,-3.8908],[14.7025,-3.8867],[14.7025,-3.8925],[14.705,-3.8925],[14.7042,-3.8767],[14.7125,-3.8667]]],[[[14.7592,-3.8808],[14.755,-3.8858],[14.7483,-3.8858],[14.7458,-3.8808],[14.755,-3.8783],[14.7592,-3.8808]],[[14.75,-3.8817],[14.7533,-3.8825],[14.7542,-3.8808],[14.7517,-3.8808],[14.75,-3.8817]]],[[[14.7308,-3.865],[14.7292,-3.8708],[14.725,-3.8708],[14.7217,-3.865],[14.7183,-3.8658],[14.7192,-3.8633],[14.725,-3.8658],[14.7308,-3.865]]],[[[14.7125,-3.835],[14.71,-3.8383],[14.7133,-3.8383],[14.7133,-3.85],[14.7167,-3.8525],[14.7142,-3.8575],[14.71,-3.8558],[14.71,-3.8533],[14.7142,-3.855],[14.71,-3.8433],[14.7033,-3.8467],[14.6975,-3.845],[14.6958,-3.8417],[14.6967,-3.8367],[14.7033,-3.8342],[14.7125,-3.835]],[[14.7083,-3.8425],[14.7058,-3.8383],[14.6983,-3.8375],[14.6992,-3.8417],[14.7083,-3.8425]]],[[[14.7208,-3.8442],[14.7208,-3.8383],[14.7242,-3.8375],[14.7267,-3.8425],[14.7208,-3.8442]]],[[[14.7342,-3.8075],[14.735,-3.8192],[14.7375,-3.8158],[14.7433,-3.815],[14.7375,-3.8092],[14.7417,-3.8042],[14.7408,-3.8075],[14.7458,-3.8108],[14.7458,-3.8175],[14.74,-3.8183],[14.7425,-3.825],[14.7383,-3.8275],[14.7383,-3.83],[14.7333,-3.8267],[14.7333,-3.8217],[14.73,-3.82],[14.7317,-3.8075],[14.7292,-3.8042],[14.7342,-3.8075]],[[14.7383,-3.8217],[14.7358,-3.8208],[14.7358,-3.825],[14.7383,-3.825],[14.7383,-3.8217]]],[[[14.7183,-3.815],[14.7283,-3.8133],[14.7233,-3.82],[14.7142,-3.8175],[14.7175,-3.805],[14.7183,-3.815]]],[[[14.7242,-3.7533],[14.73,-3.7508],[14.7317,-3.74],[14.7367,-3.7367],[14.7325,-3.7292],[14.735,-3.725],[14.7342,-3.72],[14.74,-3.72],[14.7408,-3.7283],[14.7483,-3.725],[14.745,-3.7325],[14.7492,-3.7283],[14.7583,-3.7267],[14.7558,-3.7325],[14.7517,-3.7317],[14.7475,-3.735],[14.7475,-3.7367],[14.7542,-3.7358],[14.7583,-3.74],[14.7633,-3.74],[14.7592,-3.7292],[14.7617,-3.7275],[14.765,-3.7317],[14.7625,-3.725],[14.7658,-3.72],[14.775,-3.72],[14.775,-3.7217],[14.7833,-3.72],[14.7792,-3.7258],[14.7733,-3.7267],[14.7758,-3.7283],[14.7742,-3.7308],[14.7775,-3.7308],[14.7808,-3.7367],[14.7783,-3.74],[14.775,-3.74],[14.7717,-3.7458],[14.7742,-3.7492],[14.7733,-3.7575],[14.7767,-3.76],[14.7733,-3.77],[14.775,-3.7767],[14.7725,-3.7808],[14.7792,-3.7783],[14.7858,-3.7817],[14.7867,-3.785],[14.7933,-3.7825],[14.7917,-3.7875],[14.8,-3.7833],[14.7992,-3.78],[14.78,-3.7775],[14.7808,-3.775],[14.7875,-3.7758],[14.7842,-3.7692],[14.7875,-3.7692],[14.7875,-3.7725],[14.795,-3.77],[14.8108,-3.7792],[14.8133,-3.7775],[14.8117,-3.7725],[14.8142,-3.77],[14.8083,-3.7667],[14.8067,-3.7625],[14.8167,-3.7525],[14.8317,-3.7617],[14.8208,-3.7725],[14.8142,-3.7725],[14.8167,-3.78],[14.8117,-3.78],[14.8133,-3.785],[14.8175,-3.7808],[14.8225,-3.7817],[14.82,-3.775],[14.8267,-3.7683],[14.83,-3.77],[14.8308,-3.7758],[14.8342,-3.7767],[14.8333,-3.7675],[14.8367,-3.765],[14.8417,-3.7658],[14.8375,-3.7617],[14.8433,-3.7633],[14.8425,-3.7708],[14.8475,-3.7717],[14.8492,-3.7683],[14.8475,-3.765],[14.8508,-3.765],[14.8517,-3.7683],[14.8492,-3.77],[14.8508,-3.7725],[14.8533,-3.7667],[14.8567,-3.7667],[14.8592,-3.7692],[14.8675,-3.77],[14.8767,-3.7767],[14.8783,-3.7825],[14.8717,-3.7842],[14.8725,-3.7875],[14.8758,-3.79],[14.8817,-3.7875],[14.8833,-3.79],[14.875,-3.7933],[14.8675,-3.7892],[14.8617,-3.7958],[14.8667,-3.7992],[14.8708,-3.795],[14.8767,-3.7942],[14.88,-3.7967],[14.8742,-3.8017],[14.8817,-3.8],[14.8808,-3.8083],[14.8767,-3.8125],[14.885,-3.8142],[14.885,-3.8283],[14.8917,-3.8325],[14.89,-3.8375],[14.8833,-3.8383],[14.8842,-3.8442],[14.8817,-3.8483],[14.8758,-3.8467],[14.8767,-3.8425],[14.8708,-3.8367],[14.86,-3.8358],[14.8575,-3.8325],[14.8583,-3.8275],[14.8525,-3.83],[14.8533,-3.8242],[14.8483,-3.8275],[14.84,-3.8233],[14.8392,-3.8158],[14.8317,-3.8142],[14.8308,-3.8208],[14.8292,-3.8192],[14.8267,-3.8208],[14.8317,-3.825],[14.8342,-3.8225],[14.8383,-3.8233],[14.8408,-3.8267],[14.835,-3.8242],[14.83,-3.8308],[14.8383,-3.83],[14.8383,-3.8358],[14.8475,-3.8358],[14.85,-3.8392],[14.8492,-3.8433],[14.8508,-3.8408],[14.8625,-3.84],[14.8683,-3.8442],[14.87,-3.85],[14.8683,-3.855],[14.8808,-3.8575],[14.8692,-3.8675],[14.8725,-3.8708],[14.8783,-3.8717],[14.8783,-3.8742],[14.8625,-3.88],[14.8617,-3.8892],[14.8575,-3.895],[14.8433,-3.9008],[14.8483,-3.8967],[14.8458,-3.895],[14.8458,-3.885],[14.8517,-3.8817],[14.8517,-3.8733],[14.8483,-3.87],[14.8417,-3.8725],[14.8408,-3.88],[14.8375,-3.8842],[14.8408,-3.8908],[14.84,-3.8942],[14.8358,-3.895],[14.8367,-3.8992],[14.8342,-3.9017],[14.825,-3.9008],[14.8225,-3.895],[14.8275,-3.8925],[14.8233,-3.8808],[14.8258,-3.8717],[14.8217,-3.8658],[14.8275,-3.8608],[14.8242,-3.8508],[14.8208,-3.85],[14.8242,-3.8475],[14.8242,-3.8417],[14.8217,-3.845],[14.8175,-3.8433],[14.8192,-3.8508],[14.8158,-3.85],[14.8125,-3.8433],[14.8117,-3.8508],[14.8142,-3.8592],[14.8108,-3.8633],[14.8158,-3.8758],[14.8092,-3.8775],[14.8075,-3.8758],[14.81,-3.8733],[14.8042,-3.8733],[14.8033,-3.8775],[14.7983,-3.8775],[14.7967,-3.8733],[14.8008,-3.8708],[14.7992,-3.8658],[14.8017,-3.8642],[14.7983,-3.8592],[14.8042,-3.8542],[14.8042,-3.8483],[14.8,-3.8475],[14.7958,-3.85],[14.7917,-3.8583],[14.7908,-3.8533],[14.7892,-3.8533],[14.7875,-3.8633],[14.7917,-3.86],[14.7917,-3.865],[14.7892,-3.8658],[14.785,-3.8633],[14.7867,-3.8558],[14.7775,-3.8608],[14.7775,-3.8575],[14.7808,-3.8575],[14.7817,-3.855],[14.775,-3.855],[14.7717,-3.8525],[14.7717,-3.8467],[14.775,-3.8433],[14.77,-3.8408],[14.7908,-3.84],[14.7842,-3.8342],[14.7717,-3.8375],[14.775,-3.835],[14.7725,-3.83],[14.7758,-3.8258],[14.7883,-3.8275],[14.795,-3.8258],[14.7933,-3.8208],[14.7975,-3.82],[14.7958,-3.815],[14.805,-3.82],[14.8042,-3.8133],[14.8092,-3.8125],[14.8117,-3.7967],[14.8075,-3.7933],[14.8033,-3.795],[14.8,-3.7908],[14.7967,-3.7942],[14.7975,-3.8008],[14.7892,-3.805],[14.795,-3.7967],[14.7925,-3.7942],[14.7925,-3.7975],[14.79,-3.7983],[14.7892,-3.7925],[14.7842,-3.7942],[14.7833,-3.7858],[14.7708,-3.7875],[14.7667,-3.7908],[14.7625,-3.7767],[14.7708,-3.7708],[14.7717,-3.7642],[14.7683,-3.7608],[14.7683,-3.7683],[14.7608,-3.7733],[14.7575,-3.77],[14.7617,-3.7667],[14.7633,-3.7592],[14.7658,-3.7567],[14.7692,-3.7575],[14.77,-3.755],[14.7658,-3.7558],[14.765,-3.7525],[14.7675,-3.7492],[14.7642,-3.7492],[14.7625,-3.7542],[14.7592,-3.7558],[14.76,-3.7633],[14.7542,-3.7642],[14.7567,-3.7692],[14.7558,-3.7742],[14.7517,-3.7683],[14.7517,-3.7567],[14.7592,-3.7467],[14.755,-3.7417],[14.7508,-3.7417],[14.75,-3.7458],[14.7475,-3.7467],[14.7492,-3.7525],[14.745,-3.7525],[14.735,-3.7458],[14.735,-3.7483],[14.7483,-3.7608],[14.7475,-3.7675],[14.7417,-3.7675],[14.7408,-3.7625],[14.7358,-3.7575],[14.7308,-3.76],[14.7292,-3.7558],[14.7242,-3.7558],[14.7242,-3.7533]],[[14.8717,-3.7792],[14.865,-3.7775],[14.8633,-3.7733],[14.8583,-3.775],[14.8567,-3.7792],[14.8542,-3.7758],[14.8483,-3.7767],[14.845,-3.7842],[14.835,-3.7875],[14.8425,-3.7883],[14.8417,-3.79],[14.8475,-3.7925],[14.8333,-3.795],[14.8367,-3.7992],[14.8317,-3.805],[14.8375,-3.8042],[14.8467,-3.8125],[14.8525,-3.8108],[14.8608,-3.8125],[14.8625,-3.81],[14.8583,-3.8108],[14.855,-3.8083],[14.8583,-3.8025],[14.855,-3.805],[14.8508,-3.8042],[14.85,-3.7958],[14.86,-3.7892],[14.8608,-3.785],[14.8717,-3.7842],[14.8717,-3.7792]],[[14.8383,-3.8067],[14.8358,-3.8083],[14.8383,-3.8092],[14.8383,-3.8067]],[[14.7308,-3.7575],[14.7317,-3.7567],[14.7308,-3.7567],[14.7308,-3.7575]],[[14.7317,-3.7567],[14.7325,-3.755],[14.7317,-3.755],[14.7317,-3.7567]],[[14.7325,-3.7533],[14.7358,-3.7542],[14.735,-3.7517],[14.7325,-3.7533]],[[14.77,-3.7283],[14.7667,-3.725],[14.7658,-3.7275],[14.77,-3.7283]],[[14.7667,-3.73],[14.7692,-3.7292],[14.7667,-3.7292],[14.7667,-3.73]],[[14.7692,-3.735],[14.7733,-3.7333],[14.7675,-3.7333],[14.7692,-3.735]],[[14.7683,-3.7392],[14.7675,-3.7442],[14.7708,-3.7425],[14.77,-3.7367],[14.7633,-3.7342],[14.7683,-3.7392]],[[14.74,-3.7375],[14.7375,-3.7367],[14.7375,-3.7383],[14.74,-3.7375]],[[14.74,-3.7408],[14.7442,-3.7433],[14.7458,-3.74],[14.7433,-3.7408],[14.74,-3.7375],[14.74,-3.7408]],[[14.7458,-3.74],[14.7467,-3.7392],[14.7458,-3.7392],[14.7458,-3.74]],[[14.7467,-3.7392],[14.7475,-3.7375],[14.7467,-3.7375],[14.7467,-3.7392]],[[14.775,-3.7383],[14.7758,-3.7375],[14.775,-3.7375],[14.775,-3.7383]],[[14.7617,-3.7433],[14.7592,-3.745],[14.7617,-3.745],[14.7617,-3.7433]],[[14.7658,-3.7458],[14.7667,-3.7442],[14.765,-3.7442],[14.7658,-3.7458]],[[14.7692,-3.7492],[14.7708,-3.7475],[14.7692,-3.7475],[14.7692,-3.7492]],[[14.7458,-3.7483],[14.745,-3.7492],[14.7458,-3.7492],[14.7458,-3.7483]],[[14.7475,-3.7492],[14.7467,-3.75],[14.7475,-3.7508],[14.7475,-3.7492]],[[14.7325,-3.7508],[14.7333,-3.75],[14.7325,-3.75],[14.7325,-3.7508]],[[14.7367,-3.7542],[14.7425,-3.7633],[14.745,-3.765],[14.7458,-3.7625],[14.7417,-3.7558],[14.7367,-3.7542]],[[14.8117,-3.76],[14.81,-3.765],[14.8158,-3.7683],[14.8233,-3.7625],[14.8192,-3.76],[14.8183,-3.7558],[14.8117,-3.76]],[[14.7567,-3.7575],[14.7575,-3.76],[14.7583,-3.7575],[14.7567,-3.7575]],[[14.7975,-3.7767],[14.795,-3.7725],[14.7917,-3.7733],[14.7933,-3.7767],[14.7975,-3.7767]],[[14.7658,-3.7783],[14.7683,-3.785],[14.7717,-3.7833],[14.7708,-3.7767],[14.7658,-3.7783]],[[14.825,-3.7783],[14.8308,-3.7833],[14.8308,-3.78],[14.8258,-3.7767],[14.825,-3.7783]],[[14.7783,-3.7817],[14.7767,-3.7825],[14.7783,-3.7825],[14.7783,-3.7817]],[[14.8058,-3.7883],[14.8208,-3.7942],[14.8192,-3.7892],[14.8242,-3.7858],[14.8192,-3.7842],[14.8167,-3.7892],[14.8117,-3.7892],[14.8033,-3.7833],[14.8058,-3.7883]],[[14.8267,-3.7858],[14.825,-3.7842],[14.825,-3.7858],[14.8267,-3.7858]],[[14.7667,-3.7892],[14.7683,-3.7875],[14.7667,-3.7867],[14.7667,-3.7892]],[[14.8325,-3.7917],[14.8292,-3.7892],[14.8325,-3.7933],[14.8325,-3.7917]],[[14.8208,-3.795],[14.8175,-3.8058],[14.8217,-3.8017],[14.8242,-3.805],[14.8217,-3.8075],[14.815,-3.8075],[14.8142,-3.8117],[14.8175,-3.8108],[14.815,-3.8183],[14.8175,-3.8133],[14.8225,-3.8133],[14.8208,-3.8092],[14.825,-3.81],[14.83,-3.805],[14.83,-3.8],[14.8267,-3.8008],[14.8258,-3.7958],[14.8208,-3.795]],[[14.8658,-3.8042],[14.8675,-3.8025],[14.8667,-3.8025],[14.8658,-3.8042]],[[14.8717,-3.8108],[14.8708,-3.8033],[14.8667,-3.81],[14.8717,-3.8108]],[[14.8667,-3.81],[14.8633,-3.8117],[14.8658,-3.8133],[14.8667,-3.81]],[[14.8625,-3.8083],[14.8625,-3.8058],[14.8583,-3.8067],[14.8583,-3.8083],[14.8625,-3.8083]],[[14.85,-3.8183],[14.8475,-3.8167],[14.8483,-3.8192],[14.85,-3.8183]],[[14.8742,-3.8225],[14.8758,-3.8383],[14.8792,-3.8408],[14.8783,-3.8458],[14.8808,-3.8458],[14.8817,-3.8417],[14.8783,-3.835],[14.8858,-3.8325],[14.88,-3.83],[14.88,-3.8217],[14.8767,-3.8225],[14.8733,-3.8167],[14.8692,-3.8158],[14.8742,-3.8225]],[[14.865,-3.8267],[14.865,-3.8242],[14.8592,-3.8183],[14.8592,-3.8225],[14.865,-3.8267]],[[14.8542,-3.8217],[14.8533,-3.8192],[14.8533,-3.8217],[14.8542,-3.8217]],[[14.8133,-3.82],[14.8125,-3.8217],[14.815,-3.8225],[14.8133,-3.82]],[[14.8175,-3.8225],[14.8183,-3.8217],[14.8175,-3.8217],[14.8175,-3.8225]],[[14.8208,-3.8258],[14.8183,-3.8233],[14.8175,-3.8308],[14.8142,-3.8292],[14.8142,-3.8333],[14.8117,-3.835],[14.8242,-3.8367],[14.8242,-3.8342],[14.8192,-3.8342],[14.8208,-3.8258]],[[14.8117,-3.8325],[14.8092,-3.8317],[14.8083,-3.825],[14.8067,-3.8275],[14.8017,-3.825],[14.8017,-3.83],[14.7958,-3.8317],[14.7933,-3.8358],[14.8,-3.8325],[14.8083,-3.8342],[14.8117,-3.8325]],[[14.8242,-3.8392],[14.8275,-3.8392],[14.8317,-3.8567],[14.8375,-3.8533],[14.8367,-3.86],[14.8292,-3.8667],[14.8317,-3.8717],[14.8275,-3.88],[14.8308,-3.8817],[14.8292,-3.8858],[14.8308,-3.8933],[14.8258,-3.8958],[14.8258,-3.8992],[14.8342,-3.8983],[14.8325,-3.8925],[14.835,-3.8892],[14.8325,-3.8833],[14.8333,-3.8792],[14.8375,-3.8767],[14.835,-3.8717],[14.8367,-3.8675],[14.84,-3.8675],[14.8425,-3.8633],[14.85,-3.865],[14.8517,-3.86],[14.855,-3.86],[14.855,-3.8633],[14.8583,-3.8658],[14.8533,-3.8658],[14.8558,-3.8717],[14.855,-3.8842],[14.8492,-3.8875],[14.8508,-3.895],[14.8558,-3.8908],[14.8592,-3.8792],[14.8675,-3.8725],[14.8592,-3.8683],[14.8625,-3.8625],[14.8583,-3.855],[14.8483,-3.8533],[14.8417,-3.8467],[14.8417,-3.8433],[14.845,-3.8442],[14.845,-3.84],[14.84,-3.8433],[14.8267,-3.8367],[14.8242,-3.8367],[14.8242,-3.8392]],[[14.8117,-3.8275],[14.8133,-3.8258],[14.8117,-3.8242],[14.8117,-3.8275]],[[14.7758,-3.8333],[14.7883,-3.8342],[14.7933,-3.8317],[14.7783,-3.8283],[14.7758,-3.8308],[14.7758,-3.8333]],[[14.825,-3.8292],[14.8258,-3.8283],[14.825,-3.8283],[14.825,-3.8292]],[[14.8617,-3.8333],[14.8633,-3.8317],[14.8617,-3.8308],[14.8617,-3.8333]],[[14.8708,-3.835],[14.8725,-3.8358],[14.8708,-3.8333],[14.8708,-3.835]],[[14.8042,-3.8392],[14.8075,-3.8375],[14.8075,-3.8358],[14.8042,-3.8392]],[[14.8,-3.84],[14.8025,-3.8417],[14.8033,-3.8392],[14.8017,-3.8392],[14.8,-3.84]],[[14.7967,-3.8417],[14.7975,-3.8433],[14.7983,-3.8417],[14.7967,-3.8417]],[[14.855,-3.8483],[14.8542,-3.845],[14.8508,-3.8475],[14.8508,-3.8492],[14.855,-3.8483]],[[14.7883,-3.8508],[14.7892,-3.8467],[14.7867,-3.8458],[14.7767,-3.8475],[14.7767,-3.8492],[14.7883,-3.8508]],[[14.8575,-3.8508],[14.8642,-3.85],[14.8633,-3.8467],[14.8583,-3.8483],[14.8575,-3.8508]],[[14.7917,-3.8492],[14.7942,-3.8475],[14.7917,-3.8483],[14.7917,-3.8492]],[[14.8525,-3.8525],[14.8542,-3.8508],[14.8533,-3.8508],[14.8525,-3.8525]],[[14.8075,-3.86],[14.81,-3.8575],[14.8092,-3.8533],[14.8058,-3.8575],[14.8075,-3.86]],[[14.8692,-3.8625],[14.8692,-3.8608],[14.8633,-3.8617],[14.8633,-3.8625],[14.8692,-3.8625]],[[14.8025,-3.8625],[14.8042,-3.8617],[14.8025,-3.8617],[14.8025,-3.8625]],[[14.805,-3.8683],[14.8067,-3.8667],[14.805,-3.8667],[14.805,-3.8683]]],[[[14.7167,-3.775],[14.7133,-3.7742],[14.7125,-3.7792],[14.7167,-3.7792],[14.7183,-3.7825],[14.7275,-3.775],[14.7392,-3.7725],[14.745,-3.775],[14.7442,-3.785],[14.7475,-3.7775],[14.7592,-3.7825],[14.7617,-3.7933],[14.7567,-3.7958],[14.7567,-3.7992],[14.7617,-3.8033],[14.7675,-3.8008],[14.77,-3.8025],[14.7683,-3.8033],[14.77,-3.8083],[14.7742,-3.8083],[14.7758,-3.8117],[14.775,-3.8192],[14.7717,-3.8225],[14.7675,-3.8225],[14.7692,-3.8267],[14.7633,-3.8375],[14.7567,-3.8367],[14.7558,-3.82],[14.7592,-3.8125],[14.7525,-3.8133],[14.7458,-3.805],[14.7458,-3.7983],[14.74,-3.7958],[14.7375,-3.79],[14.7333,-3.7917],[14.7308,-3.7892],[14.73,-3.7925],[14.7375,-3.7967],[14.7392,-3.8008],[14.7267,-3.7933],[14.7283,-3.8017],[14.7233,-3.7967],[14.72,-3.7992],[14.72,-3.8025],[14.7117,-3.8008],[14.7125,-3.7875],[14.7083,-3.7858],[14.7108,-3.78],[14.7008,-3.7775],[14.705,-3.7775],[14.7017,-3.775],[14.705,-3.7733],[14.705,-3.77],[14.7083,-3.7725],[14.7067,-3.7775],[14.7092,-3.7775],[14.7117,-3.7725],[14.7167,-3.7725],[14.7158,-3.7658],[14.7192,-3.7675],[14.7167,-3.775]],[[14.7383,-3.7783],[14.7375,-3.7825],[14.735,-3.7808],[14.7325,-3.7817],[14.7408,-3.7867],[14.7417,-3.7775],[14.7383,-3.7783]],[[14.7408,-3.7875],[14.7425,-3.79],[14.7442,-3.79],[14.7442,-3.7875],[14.7408,-3.7875]],[[14.7225,-3.7917],[14.73,-3.785],[14.7283,-3.78],[14.725,-3.7825],[14.7242,-3.7883],[14.715,-3.7842],[14.7183,-3.7917],[14.7225,-3.7917]],[[14.715,-3.7842],[14.7142,-3.7833],[14.7142,-3.7842],[14.715,-3.7842]],[[14.7458,-3.7917],[14.7525,-3.7942],[14.755,-3.7908],[14.7533,-3.7833],[14.7483,-3.7825],[14.7458,-3.7917]],[[14.7142,-3.7983],[14.7158,-3.8008],[14.7208,-3.7933],[14.7183,-3.7925],[14.7142,-3.7983]],[[14.7475,-3.8042],[14.7542,-3.8075],[14.7542,-3.8108],[14.7633,-3.8083],[14.7525,-3.7992],[14.7475,-3.8042]],[[14.7617,-3.81],[14.7592,-3.8342],[14.7642,-3.8275],[14.7633,-3.8208],[14.7717,-3.8175],[14.7717,-3.8125],[14.7675,-3.8092],[14.7617,-3.81]]],[[[14.7767,-3.7533],[14.7842,-3.7567],[14.7833,-3.7608],[14.7808,-3.76],[14.7792,-3.7625],[14.775,-3.7567],[14.7758,-3.745],[14.7767,-3.7533]]],[[[14.7833,-3.7617],[14.7858,-3.7592],[14.7858,-3.7533],[14.7817,-3.7517],[14.7825,-3.7442],[14.7792,-3.74],[14.7825,-3.7383],[14.7842,-3.73],[14.7892,-3.7275],[14.785,-3.7275],[14.7842,-3.7242],[14.7908,-3.7242],[14.7917,-3.72],[14.7958,-3.72],[14.7967,-3.725],[14.8,-3.7267],[14.7933,-3.73],[14.7908,-3.7375],[14.805,-3.7283],[14.805,-3.7333],[14.8033,-3.7308],[14.8008,-3.7325],[14.8017,-3.7375],[14.8117,-3.7358],[14.8183,-3.7442],[14.8125,-3.7433],[14.8142,-3.7492],[14.8125,-3.7525],[14.795,-3.7458],[14.7908,-3.755],[14.7983,-3.7625],[14.7933,-3.7608],[14.7867,-3.7642],[14.7833,-3.7617]],[[14.7933,-3.7608],[14.7917,-3.76],[14.7917,-3.7608],[14.7933,-3.7608]],[[14.79,-3.7258],[14.7908,-3.725],[14.79,-3.725],[14.79,-3.7258]],[[14.7892,-3.7417],[14.7875,-3.7375],[14.785,-3.7367],[14.7858,-3.7408],[14.7892,-3.7417]],[[14.795,-3.7408],[14.7958,-3.74],[14.795,-3.74],[14.795,-3.7408]],[[14.8033,-3.7442],[14.8017,-3.7417],[14.7967,-3.7417],[14.8033,-3.7442]],[[14.7883,-3.7475],[14.7875,-3.7442],[14.7842,-3.7433],[14.7883,-3.7475]],[[14.81,-3.7492],[14.8108,-3.7475],[14.81,-3.7475],[14.81,-3.7492]],[[14.7833,-3.7483],[14.7842,-3.75],[14.7858,-3.75],[14.7833,-3.7483]]],[[[14.7158,-3.7283],[14.7125,-3.7342],[14.7158,-3.7325],[14.7175,-3.7375],[14.7142,-3.7408],[14.7142,-3.7375],[14.7092,-3.7367],[14.71,-3.7275],[14.7033,-3.7267],[14.7125,-3.7242],[14.7158,-3.7283]]],[[[14.8208,-4.9],[14.8217,-4.895],[14.8183,-4.895],[14.81,-4.9083],[14.8033,-4.9092],[14.8033,-4.9075],[14.8075,-4.9083],[14.8108,-4.9042],[14.81,-4.9008],[14.8183,-4.8925],[14.8242,-4.8933],[14.8208,-4.9]]],[[[14.8642,-4.8625],[14.8658,-4.8617],[14.8683,-4.8683],[14.8733,-4.8642],[14.8808,-4.8642],[14.8825,-4.8692],[14.875,-4.8683],[14.8667,-4.875],[14.8667,-4.8675],[14.8608,-4.86],[14.8575,-4.8592],[14.8558,-4.8633],[14.8542,-4.8608],[14.8608,-4.8567],[14.8642,-4.8625]]],[[[14.8217,-4.8575],[14.8158,-4.8558],[14.8192,-4.8458],[14.8208,-4.8467],[14.8217,-4.8575]]],[[[14.8742,-4.8458],[14.8825,-4.8525],[14.88,-4.8567],[14.8692,-4.8542],[14.8742,-4.8458]],[[14.875,-4.8483],[14.8758,-4.8492],[14.8758,-4.8483],[14.875,-4.8483]],[[14.8783,-4.8517],[14.8742,-4.8492],[14.8725,-4.85],[14.875,-4.8533],[14.8783,-4.8517]]],[[[14.865,-4.8167],[14.8658,-4.82],[14.8608,-4.8208],[14.8617,-4.8142],[14.8575,-4.8092],[14.8625,-4.8108],[14.8633,-4.8175],[14.865,-4.8167]]],[[[14.8967,-4.7475],[14.9,-4.7492],[14.9,-4.755],[14.8992,-4.75],[14.8925,-4.7508],[14.8967,-4.7433],[14.8942,-4.7408],[14.895,-4.7375],[14.8983,-4.7408],[14.8967,-4.7475]]],[[[14.8275,-4.7408],[14.8267,-4.7492],[14.8242,-4.7483],[14.825,-4.7458],[14.8217,-4.7458],[14.8192,-4.7492],[14.82,-4.745],[14.8233,-4.7433],[14.8233,-4.7392],[14.8275,-4.7408]]],[[[14.9233,-4.7292],[14.9125,-4.7342],[14.9158,-4.7442],[14.9108,-4.7392],[14.9108,-4.7358],[14.9067,-4.7392],[14.9025,-4.7367],[14.9017,-4.7417],[14.9008,-4.7367],[14.9042,-4.735],[14.9017,-4.7308],[14.905,-4.7283],[14.9075,-4.7333],[14.91,-4.7267],[14.9133,-4.7267],[14.915,-4.7225],[14.9233,-4.7183],[14.9233,-4.7292]],[[14.9158,-4.7275],[14.9192,-4.7267],[14.92,-4.725],[14.9167,-4.725],[14.9158,-4.7275]],[[14.9158,-4.7292],[14.915,-4.7283],[14.9142,-4.7292],[14.9158,-4.7292]],[[14.9133,-4.7317],[14.9133,-4.7283],[14.9117,-4.7283],[14.9117,-4.73],[14.9133,-4.7317]],[[14.905,-4.7367],[14.9083,-4.7358],[14.905,-4.7358],[14.905,-4.7367]]],[[[14.8383,-4.7192],[14.8333,-4.7158],[14.8333,-4.7217],[14.8267,-4.7208],[14.83,-4.7192],[14.8292,-4.7158],[14.835,-4.7133],[14.8392,-4.7158],[14.8383,-4.7192]]],[[[14.8717,-4.6983],[14.865,-4.7008],[14.8658,-4.7075],[14.8708,-4.705],[14.8708,-4.7017],[14.8717,-4.705],[14.8758,-4.7033],[14.8792,-4.705],[14.8767,-4.7058],[14.875,-4.7117],[14.8667,-4.7158],[14.8667,-4.7133],[14.8742,-4.7092],[14.8717,-4.7067],[14.8675,-4.71],[14.8642,-4.7092],[14.8633,-4.6983],[14.865,-4.6967],[14.8717,-4.6983]]],[[[14.9333,-4.645],[14.9358,-4.6433],[14.9383,-4.6333],[14.9433,-4.6317],[14.9425,-4.6225],[14.95,-4.625],[14.9508,-4.6217],[14.9558,-4.6217],[14.9575,-4.6183],[14.9683,-4.6125],[14.9725,-4.6042],[14.9767,-4.6042],[14.9708,-4.5983],[14.9792,-4.6],[14.9775,-4.5917],[14.9742,-4.5925],[14.9717,-4.5875],[14.9675,-4.5867],[14.9717,-4.585],[14.975,-4.5892],[14.98,-4.5883],[14.9825,-4.6025],[14.9775,-4.61],[14.9725,-4.6125],[14.965,-4.6225],[14.9558,-4.6258],[14.9508,-4.6325],[14.9483,-4.6325],[14.9458,-4.6392],[14.9333,-4.6533],[14.9258,-4.6567],[14.92,-4.6642],[14.91,-4.6675],[14.9067,-4.6742],[14.895,-4.6842],[14.8925,-4.6967],[14.8867,-4.7067],[14.8867,-4.7133],[14.88,-4.7275],[14.8808,-4.7308],[14.8667,-4.7417],[14.8675,-4.7542],[14.865,-4.7592],[14.8583,-4.76],[14.8583,-4.7692],[14.855,-4.77],[14.8517,-4.7658],[14.8517,-4.7625],[14.8558,-4.7617],[14.8533,-4.76],[14.8542,-4.7533],[14.8575,-4.7525],[14.8583,-4.7575],[14.8608,-4.7583],[14.8633,-4.7517],[14.8658,-4.7525],[14.8658,-4.7475],[14.8625,-4.7458],[14.8633,-4.7417],[14.8583,-4.74],[14.8617,-4.7392],[14.8617,-4.7367],[14.8592,-4.7358],[14.8575,-4.73],[14.8592,-4.7292],[14.8625,-4.735],[14.865,-4.7342],[14.8683,-4.735],[14.8725,-4.7317],[14.8733,-4.7233],[14.8683,-4.7208],[14.8733,-4.7183],[14.88,-4.7192],[14.8808,-4.7142],[14.8833,-4.7133],[14.8833,-4.7108],[14.8808,-4.7133],[14.8775,-4.7108],[14.8833,-4.7075],[14.8892,-4.6967],[14.8883,-4.6942],[14.8908,-4.6933],[14.8883,-4.69],[14.8908,-4.6867],[14.8892,-4.6833],[14.8942,-4.6783],[14.8908,-4.6783],[14.8883,-4.675],[14.8933,-4.6725],[14.8992,-4.6633],[14.8992,-4.6617],[14.8967,-4.6642],[14.8925,-4.6633],[14.8975,-4.6583],[14.895,-4.655],[14.9,-4.6533],[14.9,-4.6608],[14.9058,-4.6567],[14.9092,-4.6633],[14.9125,-4.6633],[14.9217,-4.6567],[14.9142,-4.6542],[14.9142,-4.6517],[14.9117,-4.6517],[14.9133,-4.6492],[14.9167,-4.6483],[14.9217,-4.6525],[14.925,-4.6433],[14.9308,-4.6458],[14.9317,-4.6492],[14.9342,-4.6483],[14.9333,-4.645]],[[14.9792,-4.59],[14.9783,-4.5908],[14.9792,-4.5908],[14.9792,-4.59]],[[14.8583,-4.7575],[14.8575,-4.7592],[14.8583,-4.7592],[14.8583,-4.7575]],[[14.8575,-4.7575],[14.8567,-4.7542],[14.8567,-4.7575],[14.8575,-4.7575]],[[14.9275,-4.6458],[14.9275,-4.6492],[14.9292,-4.6492],[14.93,-4.6475],[14.9275,-4.6458]],[[14.9608,-4.6217],[14.9608,-4.62],[14.9592,-4.6233],[14.9608,-4.6217]],[[14.9467,-4.6283],[14.945,-4.6258],[14.945,-4.6283],[14.9467,-4.6283]],[[14.9425,-4.64],[14.9417,-4.6392],[14.9417,-4.64],[14.9425,-4.64]],[[14.9417,-4.64],[14.9408,-4.6417],[14.9417,-4.6417],[14.9417,-4.64]],[[14.925,-4.6508],[14.9258,-4.65],[14.925,-4.65],[14.925,-4.6508]],[[14.9033,-4.6658],[14.9025,-4.6642],[14.9008,-4.6658],[14.9033,-4.6658]],[[14.9,-4.67],[14.9008,-4.6692],[14.9,-4.6692],[14.9,-4.67]],[[14.8983,-4.6725],[14.8967,-4.6708],[14.895,-4.6742],[14.8967,-4.6742],[14.8983,-4.6725]],[[14.875,-4.7283],[14.8767,-4.73],[14.8775,-4.7283],[14.875,-4.7283]],[[14.8658,-4.7358],[14.8658,-4.7375],[14.8667,-4.735],[14.8658,-4.7358]]],[[[14.875,-4.6675],[14.8825,-4.6792],[14.885,-4.6742],[14.8875,-4.675],[14.8867,-4.6833],[14.8842,-4.68],[14.8833,-4.6842],[14.8725,-4.6792],[14.8658,-4.6808],[14.8675,-4.6767],[14.8767,-4.6792],[14.875,-4.6675]],[[14.8808,-4.6792],[14.8783,-4.6767],[14.88,-4.6808],[14.8808,-4.6792]]],[[[14.8983,-4.6475],[14.8925,-4.6558],[14.8933,-4.6467],[14.8917,-4.645],[14.8883,-4.6475],[14.8867,-4.6442],[14.8933,-4.6425],[14.8983,-4.6475]]],[[[14.8317,-4.6458],[14.8308,-4.65],[14.8342,-4.6467],[14.8367,-4.6492],[14.8275,-4.6517],[14.8258,-4.6492],[14.8292,-4.6458],[14.82,-4.645],[14.82,-4.6433],[14.8283,-4.64],[14.8317,-4.6458]]],[[[14.8367,-4.6317],[14.8342,-4.6425],[14.8392,-4.6408],[14.84,-4.6425],[14.8342,-4.6458],[14.8317,-4.6433],[14.8333,-4.6367],[14.8292,-4.6383],[14.8292,-4.635],[14.8325,-4.6308],[14.8367,-4.6317]]],[[[14.845,-4.605],[14.845,-4.6117],[14.8425,-4.6142],[14.8358,-4.6142],[14.8317,-4.61],[14.8325,-4.6058],[14.835,-4.6108],[14.8425,-4.6117],[14.8383,-4.6017],[14.845,-4.605]]],[[[14.8158,-4.5892],[14.825,-4.5958],[14.8175,-4.5925],[14.8225,-4.5975],[14.815,-4.5942],[14.8158,-4.5892]]],[[[14.8583,-4.5742],[14.8567,-4.5775],[14.8592,-4.575],[14.865,-4.5758],[14.8625,-4.5808],[14.8617,-4.5775],[14.8558,-4.58],[14.855,-4.5742],[14.86,-4.5708],[14.8617,-4.5742],[14.8583,-4.5742]]],[[[14.8908,-4.48],[14.9,-4.4858],[14.9,-4.4892],[14.895,-4.4925],[14.8925,-4.4992],[14.8842,-4.5],[14.8833,-4.505],[14.8858,-4.5067],[14.89,-4.5042],[14.8925,-4.5075],[14.895,-4.5033],[14.8992,-4.5042],[14.9042,-4.5],[14.9108,-4.5017],[14.9033,-4.5042],[14.9017,-4.5083],[14.8942,-4.5092],[14.9042,-4.51],[14.9058,-4.5042],[14.91,-4.5033],[14.9075,-4.5125],[14.9117,-4.515],[14.9108,-4.5233],[14.9017,-4.5225],[14.905,-4.53],[14.9083,-4.5317],[14.9067,-4.5392],[14.9008,-4.5325],[14.8933,-4.5325],[14.8933,-4.5283],[14.8892,-4.5275],[14.89,-4.5183],[14.8875,-4.5142],[14.8817,-4.5142],[14.8775,-4.5217],[14.8733,-4.5192],[14.8775,-4.5083],[14.8758,-4.5067],[14.8775,-4.5017],[14.8733,-4.5],[14.8733,-4.4967],[14.8825,-4.4967],[14.8892,-4.4875],[14.8908,-4.48]],[[14.8883,-4.4933],[14.89,-4.495],[14.89,-4.4925],[14.895,-4.4892],[14.8933,-4.4858],[14.8883,-4.4933]],[[14.88,-4.5075],[14.8808,-4.5067],[14.88,-4.5067],[14.88,-4.5075]],[[14.8875,-4.5092],[14.8892,-4.5067],[14.8875,-4.5067],[14.8875,-4.5092]],[[14.8825,-4.5092],[14.88,-4.5108],[14.8833,-4.5108],[14.8825,-4.5092]],[[14.8842,-4.5108],[14.8867,-4.5092],[14.8842,-4.51],[14.8842,-4.5108]],[[14.89,-4.51],[14.89,-4.5133],[14.8908,-4.5133],[14.8925,-4.5108],[14.89,-4.51]],[[14.8992,-4.52],[14.9025,-4.515],[14.9067,-4.5133],[14.8933,-4.5133],[14.8992,-4.52]],[[14.8908,-4.5142],[14.89,-4.5158],[14.8908,-4.5158],[14.8908,-4.5142]],[[14.8908,-4.5158],[14.8917,-4.5167],[14.8917,-4.5158],[14.8908,-4.5158]],[[14.8775,-4.5192],[14.8792,-4.5175],[14.8792,-4.515],[14.8758,-4.5175],[14.8775,-4.5192]],[[14.8925,-4.5175],[14.8942,-4.5208],[14.8942,-4.5183],[14.8925,-4.5175]],[[14.9033,-4.5183],[14.9008,-4.52],[14.9008,-4.5217],[14.9067,-4.52],[14.9033,-4.5183]],[[14.8933,-4.5242],[14.895,-4.5225],[14.8933,-4.5225],[14.8933,-4.5242]],[[14.9,-4.5233],[14.9008,-4.5225],[14.9,-4.5225],[14.9,-4.5233]],[[14.8958,-4.5258],[14.8958,-4.53],[14.9017,-4.5292],[14.9008,-4.5267],[14.8958,-4.5258]]],[[[14.8533,-4.4642],[14.8617,-4.4625],[14.86,-4.4658],[14.8567,-4.4658],[14.8567,-4.4717],[14.8617,-4.47],[14.8642,-4.4658],[14.8708,-4.4683],[14.87,-4.4717],[14.8642,-4.475],[14.8633,-4.4833],[14.8667,-4.4867],[14.8667,-4.4917],[14.8617,-4.495],[14.8575,-4.4933],[14.8575,-4.4808],[14.8533,-4.4783],[14.855,-4.4725],[14.8467,-4.4758],[14.8492,-4.47],[14.8542,-4.4692],[14.8533,-4.4642]],[[14.8542,-4.4692],[14.8558,-4.47],[14.8558,-4.4692],[14.8542,-4.4692]],[[14.8667,-4.4708],[14.865,-4.4683],[14.865,-4.4708],[14.8667,-4.4708]],[[14.8558,-4.4775],[14.8608,-4.4775],[14.8608,-4.4733],[14.8583,-4.4742],[14.8558,-4.4775]],[[14.8625,-4.4908],[14.8617,-4.48],[14.86,-4.48],[14.8592,-4.4858],[14.8608,-4.4917],[14.8625,-4.4908]]],[[[14.8492,-4.47],[14.8458,-4.47],[14.8467,-4.4683],[14.8408,-4.4658],[14.8392,-4.4625],[14.8483,-4.465],[14.8492,-4.47]]],[[[14.8875,-4.4675],[14.8817,-4.47],[14.88,-4.4658],[14.875,-4.4683],[14.8758,-4.4658],[14.8725,-4.4667],[14.8725,-4.4642],[14.8783,-4.4575],[14.8867,-4.4642],[14.8875,-4.4675]],[[14.8825,-4.4642],[14.8792,-4.4592],[14.8775,-4.46],[14.8775,-4.4633],[14.8825,-4.4642]],[[14.8825,-4.4667],[14.8842,-4.4658],[14.8825,-4.4658],[14.8825,-4.4667]]],[[[14.8525,-4.46],[14.8467,-4.4592],[14.8408,-4.4608],[14.84,-4.4575],[14.85,-4.4583],[14.8517,-4.4558],[14.8525,-4.46]]],[[[14.9042,-4.4425],[14.9108,-4.4458],[14.9092,-4.45],[14.905,-4.45],[14.9075,-4.4483],[14.9067,-4.4458],[14.8975,-4.445],[14.8958,-4.4408],[14.8983,-4.4433],[14.9042,-4.4425]]],[[[14.9058,-4.4358],[14.9,-4.4383],[14.8975,-4.4383],[14.8992,-4.435],[14.9033,-4.4342],[14.9,-4.4325],[14.9017,-4.43],[14.9067,-4.4325],[14.9058,-4.4358]]],[[[14.8358,-4.4125],[14.8258,-4.4133],[14.8225,-4.42],[14.825,-4.4192],[14.8242,-4.4242],[14.8275,-4.4217],[14.8292,-4.4233],[14.825,-4.4275],[14.825,-4.4308],[14.8183,-4.4367],[14.8125,-4.4358],[14.8108,-4.4333],[14.8092,-4.4383],[14.8075,-4.4325],[14.81,-4.4292],[14.815,-4.4308],[14.815,-4.4342],[14.8175,-4.4342],[14.8208,-4.4292],[14.8225,-4.425],[14.8192,-4.4242],[14.8183,-4.42],[14.825,-4.4092],[14.8317,-4.4075],[14.8358,-4.4125]]],[[[14.9008,-4.3992],[14.9017,-4.405],[14.8958,-4.3992],[14.8933,-4.4008],[14.8967,-4.405],[14.8958,-4.4117],[14.89,-4.415],[14.8917,-4.4292],[14.8858,-4.435],[14.8858,-4.4308],[14.8892,-4.4283],[14.8858,-4.4208],[14.8867,-4.415],[14.8933,-4.4075],[14.8892,-4.4025],[14.89,-4.3983],[14.8917,-4.3958],[14.8967,-4.3958],[14.9008,-4.3992]]],[[[14.8733,-4.405],[14.8667,-4.4058],[14.8717,-4.4008],[14.8642,-4.4],[14.8725,-4.3975],[14.8733,-4.405]]],[[[14.9258,-4.3908],[14.9142,-4.3975],[14.9125,-4.4033],[14.9183,-4.4025],[14.9183,-4.4058],[14.9125,-4.4075],[14.9092,-4.4033],[14.91,-4.3958],[14.9258,-4.3908]]],[[[14.8392,-4.4],[14.8308,-4.4008],[14.8292,-4.4033],[14.8233,-4.4017],[14.8242,-4.3983],[14.83,-4.3958],[14.8283,-4.4],[14.8375,-4.3983],[14.8425,-4.3942],[14.8392,-4.4]]],[[[14.8717,-4.3933],[14.8667,-4.395],[14.8642,-4.395],[14.87,-4.3908],[14.8683,-4.3867],[14.8733,-4.3883],[14.8717,-4.3933]]],[[[14.9075,-4.38],[14.8958,-4.385],[14.9017,-4.3875],[14.9092,-4.3842],[14.9133,-4.3833],[14.9175,-4.3842],[14.9033,-4.3908],[14.895,-4.3892],[14.8917,-4.3858],[14.8917,-4.3808],[14.9042,-4.3775],[14.9108,-4.3808],[14.9075,-4.38]]],[[[14.8325,-4.3692],[14.83,-4.375],[14.8217,-4.3758],[14.8192,-4.3783],[14.82,-4.3867],[14.8158,-4.3883],[14.8167,-4.3925],[14.8233,-4.3942],[14.8292,-4.3892],[14.8233,-4.3975],[14.82,-4.3975],[14.8183,-4.3942],[14.8142,-4.3933],[14.8142,-4.3867],[14.8175,-4.385],[14.8175,-4.3808],[14.8142,-4.3775],[14.82,-4.3733],[14.8258,-4.375],[14.8317,-4.3658],[14.8383,-4.365],[14.8325,-4.3692]]],[[[14.8825,-4.3725],[14.8833,-4.3775],[14.8808,-4.38],[14.8725,-4.3792],[14.8792,-4.3742],[14.8717,-4.3717],[14.8558,-4.3742],[14.8608,-4.37],[14.8708,-4.3683],[14.8825,-4.3725]]],[[[14.8683,-4.3625],[14.8608,-4.3642],[14.865,-4.3617],[14.8558,-4.3608],[14.8583,-4.3583],[14.8658,-4.3583],[14.8683,-4.3625]]],[[[14.895,-4.3575],[14.9108,-4.3608],[14.9117,-4.3633],[14.9042,-4.3608],[14.9,-4.3642],[14.895,-4.3575]]],[[[14.8767,-4.3225],[14.8817,-4.32],[14.8808,-4.315],[14.885,-4.3175],[14.8783,-4.3283],[14.885,-4.34],[14.885,-4.3433],[14.8808,-4.3467],[14.8958,-4.3475],[14.9042,-4.3525],[14.9125,-4.3525],[14.9175,-4.3567],[14.92,-4.3633],[14.9183,-4.3642],[14.9117,-4.3558],[14.9025,-4.3558],[14.8975,-4.3517],[14.8833,-4.3508],[14.8833,-4.3617],[14.8917,-4.355],[14.895,-4.3567],[14.8875,-4.3658],[14.8808,-4.3642],[14.88,-4.3683],[14.8783,-4.35],[14.8742,-4.3508],[14.8708,-4.3483],[14.8675,-4.35],[14.8633,-4.3475],[14.8675,-4.3467],[14.8667,-4.3408],[14.8708,-4.3417],[14.87,-4.3375],[14.865,-4.3392],[14.8675,-4.3333],[14.8708,-4.3333],[14.8742,-4.3383],[14.8725,-4.3467],[14.8775,-4.3467],[14.8767,-4.3408],[14.8808,-4.3425],[14.875,-4.33],[14.8775,-4.3233],[14.8692,-4.3275],[14.875,-4.3175],[14.87,-4.3192],[14.8692,-4.3258],[14.8675,-4.3258],[14.8675,-4.3175],[14.8717,-4.3142],[14.8783,-4.3158],[14.8767,-4.3225]]],[[[14.8158,-4.3292],[14.8292,-4.3342],[14.8292,-4.3367],[14.8258,-4.3375],[14.8192,-4.3308],[14.8133,-4.3308],[14.8125,-4.3275],[14.8183,-4.3258],[14.8158,-4.3292]]],[[[14.9142,-4.3317],[14.9158,-4.3375],[14.9117,-4.3417],[14.9083,-4.3358],[14.9108,-4.335],[14.91,-4.3258],[14.9125,-4.3183],[14.9158,-4.32],[14.9142,-4.3317]]],[[[14.9083,-4.31],[14.9075,-4.325],[14.9008,-4.3333],[14.895,-4.3375],[14.895,-4.3392],[14.905,-4.3375],[14.9067,-4.3417],[14.8933,-4.3433],[14.8908,-4.3358],[14.9,-4.3325],[14.9,-4.3283],[14.9042,-4.3233],[14.9033,-4.3158],[14.9058,-4.3133],[14.905,-4.3092],[14.9017,-4.3117],[14.8967,-4.3108],[14.9058,-4.3075],[14.9083,-4.31]]],[[[14.9008,-4.3167],[14.9,-4.3225],[14.895,-4.3267],[14.8917,-4.3342],[14.8875,-4.335],[14.8808,-4.33],[14.8825,-4.325],[14.8892,-4.3208],[14.8858,-4.3275],[14.89,-4.3308],[14.8983,-4.3183],[14.8967,-4.3125],[14.9008,-4.3167]]],[[[14.8675,-4.3058],[14.8633,-4.3033],[14.8633,-4.3058],[14.8525,-4.315],[14.8517,-4.3225],[14.8492,-4.3225],[14.8508,-4.3192],[14.8483,-4.3158],[14.8492,-4.3125],[14.8583,-4.3067],[14.8608,-4.3008],[14.8667,-4.3008],[14.8675,-4.3058]]],[[[14.8433,-4.305],[14.8442,-4.31],[14.8467,-4.2992],[14.8492,-4.2983],[14.8475,-4.3117],[14.8392,-4.3142],[14.8383,-4.3117],[14.8433,-4.305]],[[14.84,-4.3108],[14.8417,-4.3117],[14.8417,-4.3108],[14.84,-4.3108]]],[[[14.8742,-4.3033],[14.8683,-4.3058],[14.8692,-4.2975],[14.8642,-4.2942],[14.8617,-4.2942],[14.8592,-4.3008],[14.8492,-4.2967],[14.855,-4.2942],[14.8583,-4.2975],[14.8592,-4.2908],[14.8658,-4.2908],[14.8708,-4.295],[14.8742,-4.2908],[14.8725,-4.2833],[14.8758,-4.2883],[14.8783,-4.2883],[14.8775,-4.2842],[14.88,-4.285],[14.8808,-4.2983],[14.8883,-4.2942],[14.8925,-4.295],[14.8908,-4.2967],[14.8933,-4.3],[14.8925,-4.305],[14.8842,-4.3017],[14.88,-4.3058],[14.8733,-4.2992],[14.8742,-4.3033]],[[14.8733,-4.2992],[14.8725,-4.2983],[14.8725,-4.2992],[14.8733,-4.2992]],[[14.8767,-4.2975],[14.8783,-4.2933],[14.8758,-4.2925],[14.8767,-4.2975]],[[14.8717,-4.2967],[14.8725,-4.2975],[14.8725,-4.2967],[14.8717,-4.2967]],[[14.8858,-4.2975],[14.8875,-4.2992],[14.8875,-4.2975],[14.8858,-4.2975]],[[14.8842,-4.2992],[14.885,-4.2983],[14.8842,-4.2983],[14.8842,-4.2992]],[[14.8842,-4.2992],[14.8825,-4.3008],[14.8833,-4.3008],[14.8842,-4.2992]],[[14.8792,-4.3008],[14.8808,-4.3025],[14.8817,-4.3008],[14.8792,-4.3008]]],[[[14.8475,-4.2833],[14.8417,-4.2917],[14.8425,-4.2975],[14.835,-4.3],[14.84,-4.2967],[14.8383,-4.2917],[14.8417,-4.2875],[14.8425,-4.2808],[14.8475,-4.2833]]],[[[14.9192,-4.2775],[14.9217,-4.28],[14.92,-4.2825],[14.9117,-4.2792],[14.915,-4.2842],[14.9208,-4.2858],[14.9208,-4.2892],[14.915,-4.2908],[14.915,-4.2883],[14.9125,-4.2883],[14.9142,-4.285],[14.9075,-4.285],[14.9117,-4.2825],[14.9058,-4.2792],[14.9067,-4.2775],[14.9108,-4.2792],[14.9075,-4.2767],[14.9092,-4.275],[14.915,-4.2767],[14.9158,-4.2725],[14.92,-4.2733],[14.9192,-4.2775]],[[14.915,-4.2767],[14.9158,-4.2775],[14.9158,-4.2767],[14.915,-4.2767]],[[14.9183,-4.2758],[14.9175,-4.275],[14.9175,-4.2758],[14.9183,-4.2758]]],[[[14.8567,-4.2717],[14.8575,-4.2783],[14.8492,-4.285],[14.8442,-4.2767],[14.85,-4.28],[14.8525,-4.2733],[14.8483,-4.2717],[14.8533,-4.2683],[14.8567,-4.2717]],[[14.8508,-4.2708],[14.8517,-4.2717],[14.8517,-4.2708],[14.8508,-4.2708]]],[[[14.8192,-4.2642],[14.83,-4.2642],[14.8292,-4.2675],[14.8333,-4.2708],[14.8308,-4.2717],[14.8308,-4.275],[14.8242,-4.2733],[14.8167,-4.275],[14.8175,-4.27],[14.8142,-4.2675],[14.8158,-4.2658],[14.8142,-4.2625],[14.82,-4.2575],[14.8192,-4.2642]],[[14.8175,-4.2625],[14.8183,-4.2617],[14.8175,-4.2617],[14.8175,-4.2625]],[[14.8225,-4.2675],[14.82,-4.27],[14.8217,-4.2708],[14.8225,-4.2675]]],[[[14.8392,-4.2683],[14.8342,-4.27],[14.8333,-4.2658],[14.8392,-4.2633],[14.8408,-4.265],[14.8392,-4.2683]],[[14.835,-4.2675],[14.8358,-4.2667],[14.835,-4.2667],[14.835,-4.2675]]],[[[14.8533,-4.25],[14.85,-4.255],[14.8492,-4.2608],[14.8442,-4.2592],[14.8458,-4.2542],[14.8458,-4.2575],[14.8492,-4.2558],[14.85,-4.2508],[14.8475,-4.25],[14.8533,-4.25]]],[[[14.8725,-4.2467],[14.8758,-4.255],[14.8742,-4.2517],[14.8717,-4.2517],[14.8733,-4.255],[14.8683,-4.2525],[14.8692,-4.2458],[14.8725,-4.2467]],[[14.8692,-4.25],[14.87,-4.2483],[14.8692,-4.2483],[14.8692,-4.25]]],[[[14.8867,-4.2358],[14.8842,-4.2408],[14.8875,-4.2417],[14.8908,-4.2367],[14.8933,-4.2367],[14.895,-4.2392],[14.8933,-4.2425],[14.8992,-4.2417],[14.9025,-4.2442],[14.9033,-4.2508],[14.8933,-4.2508],[14.8875,-4.2442],[14.8858,-4.2517],[14.8892,-4.2575],[14.8867,-4.2567],[14.8867,-4.26],[14.8825,-4.2642],[14.88,-4.2633],[14.88,-4.2617],[14.8833,-4.2625],[14.8833,-4.2592],[14.8783,-4.2492],[14.8792,-4.2458],[14.875,-4.2458],[14.8717,-4.2417],[14.8667,-4.2467],[14.8617,-4.2475],[14.86,-4.24],[14.8567,-4.2375],[14.8592,-4.2342],[14.8575,-4.23],[14.8542,-4.23],[14.8542,-4.2367],[14.8458,-4.2392],[14.8492,-4.2433],[14.8483,-4.2492],[14.8417,-4.2475],[14.8392,-4.24],[14.8358,-4.2408],[14.8325,-4.2383],[14.8275,-4.24],[14.8308,-4.2408],[14.8275,-4.2433],[14.825,-4.2392],[14.8192,-4.2383],[14.8158,-4.2408],[14.8167,-4.245],[14.8067,-4.2408],[14.8058,-4.245],[14.8117,-4.2483],[14.8108,-4.2517],[14.8017,-4.25],[14.8033,-4.2533],[14.8017,-4.2567],[14.7942,-4.2567],[14.7867,-4.26],[14.7925,-4.2542],[14.7992,-4.2533],[14.7975,-4.2483],[14.8058,-4.2483],[14.8033,-4.2458],[14.805,-4.2358],[14.8017,-4.2308],[14.8058,-4.2358],[14.81,-4.2367],[14.81,-4.2342],[14.8033,-4.2283],[14.8025,-4.2217],[14.8092,-4.2175],[14.8117,-4.2108],[14.8133,-4.2183],[14.8058,-4.2242],[14.8092,-4.2283],[14.8133,-4.2283],[14.8142,-4.2342],[14.8217,-4.2242],[14.8267,-4.2267],[14.8292,-4.2225],[14.8325,-4.2242],[14.8308,-4.2292],[14.8217,-4.2292],[14.8192,-4.235],[14.835,-4.235],[14.8325,-4.2317],[14.8367,-4.225],[14.835,-4.2183],[14.84,-4.215],[14.84,-4.2292],[14.8367,-4.2308],[14.8383,-4.2358],[14.835,-4.2367],[14.8433,-4.2383],[14.8517,-4.235],[14.8492,-4.2317],[14.8467,-4.2358],[14.8442,-4.2358],[14.8483,-4.23],[14.8533,-4.2292],[14.8542,-4.2217],[14.86,-4.2208],[14.8575,-4.2142],[14.8617,-4.21],[14.8592,-4.2033],[14.8633,-4.1992],[14.87,-4.1967],[14.8717,-4.2025],[14.8667,-4.2125],[14.87,-4.2142],[14.87,-4.2175],[14.8733,-4.2175],[14.8767,-4.2117],[14.8758,-4.2175],[14.8717,-4.2208],[14.8758,-4.2217],[14.8783,-4.2158],[14.8817,-4.2183],[14.8867,-4.2167],[14.8917,-4.2183],[14.8892,-4.2108],[14.8825,-4.2108],[14.8842,-4.2025],[14.8875,-4.2058],[14.8858,-4.1925],[14.8842,-4.1925],[14.8842,-4.1983],[14.8817,-4.195],[14.8833,-4.19],[14.8883,-4.19],[14.8875,-4.2008],[14.8925,-4.2083],[14.8933,-4.2058],[14.8992,-4.2042],[14.9033,-4.1958],[14.9075,-4.1967],[14.9067,-4.2017],[14.91,-4.1975],[14.9158,-4.2008],[14.92,-4.1892],[14.9183,-4.1967],[14.9225,-4.1933],[14.9208,-4.2025],[14.9108,-4.2033],[14.9067,-4.2083],[14.9008,-4.2075],[14.895,-4.2133],[14.895,-4.2167],[14.9,-4.22],[14.8975,-4.2275],[14.8933,-4.2225],[14.8867,-4.2242],[14.8808,-4.2183],[14.8742,-4.2242],[14.8758,-4.2292],[14.8708,-4.23],[14.8733,-4.2367],[14.8758,-4.2367],[14.8792,-4.2317],[14.88,-4.235],[14.8833,-4.2325],[14.8867,-4.2358]],[[14.8792,-4.235],[14.8742,-4.2392],[14.8758,-4.2425],[14.8808,-4.2425],[14.8833,-4.2383],[14.8792,-4.235]],[[14.8808,-4.2425],[14.8817,-4.2433],[14.8817,-4.2425],[14.8808,-4.2425]],[[14.8817,-4.2433],[14.8833,-4.245],[14.8833,-4.2433],[14.8817,-4.2433]],[[14.8833,-4.2375],[14.8842,-4.2367],[14.8833,-4.2367],[14.8833,-4.2375]],[[14.9192,-4.1992],[14.9208,-4.1975],[14.9192,-4.1975],[14.9192,-4.1992]],[[14.9042,-4.1992],[14.905,-4.1983],[14.9042,-4.1983],[14.9042,-4.1992]],[[14.91,-4.2017],[14.9117,-4.2],[14.91,-4.2],[14.91,-4.2017]],[[14.8667,-4.2067],[14.8667,-4.2017],[14.865,-4.2017],[14.8633,-4.2067],[14.8667,-4.2067]],[[14.905,-4.2025],[14.9025,-4.2042],[14.905,-4.205],[14.905,-4.2025]],[[14.8642,-4.2175],[14.8592,-4.2292],[14.8658,-4.2417],[14.8692,-4.2383],[14.8667,-4.2275],[14.87,-4.2217],[14.8633,-4.2133],[14.8617,-4.2133],[14.8642,-4.2175]],[[14.8942,-4.2192],[14.895,-4.2225],[14.8967,-4.2225],[14.8942,-4.2192]],[[14.8167,-4.2358],[14.8167,-4.2375],[14.8175,-4.235],[14.8167,-4.2358]],[[14.8892,-4.2425],[14.89,-4.2417],[14.8892,-4.2417],[14.8892,-4.2425]],[[14.8458,-4.2442],[14.8425,-4.2425],[14.8458,-4.2458],[14.8458,-4.2442]],[[14.8867,-4.2433],[14.8883,-4.2425],[14.8867,-4.2425],[14.8867,-4.2433]],[[14.9,-4.2483],[14.9,-4.245],[14.8933,-4.2458],[14.8942,-4.2483],[14.9,-4.2483]],[[14.8808,-4.2475],[14.8825,-4.2517],[14.8825,-4.2467],[14.8808,-4.2475]],[[14.8825,-4.2517],[14.8833,-4.2525],[14.8833,-4.2517],[14.8825,-4.2517]],[[14.8833,-4.2525],[14.885,-4.255],[14.885,-4.2525],[14.8833,-4.2525]],[[14.8083,-4.25],[14.81,-4.2492],[14.8083,-4.2492],[14.8083,-4.25]]],[[[14.9183,-4.2192],[14.9283,-4.2183],[14.9308,-4.2225],[14.9192,-4.2317],[14.9167,-4.2275],[14.9175,-4.2233],[14.9133,-4.2217],[14.9158,-4.2175],[14.9083,-4.215],[14.9075,-4.2167],[14.9108,-4.2183],[14.9092,-4.2208],[14.9058,-4.2183],[14.9058,-4.2142],[14.915,-4.2133],[14.9183,-4.2192]],[[14.9208,-4.2258],[14.9267,-4.2225],[14.9267,-4.2208],[14.92,-4.2225],[14.9208,-4.2258]]],[[[14.8975,-4.2167],[14.8983,-4.2125],[14.9042,-4.2117],[14.9025,-4.2175],[14.8975,-4.2167]]],[[[14.85,-4.1842],[14.8508,-4.195],[14.8417,-4.1983],[14.8375,-4.2083],[14.8383,-4.2117],[14.835,-4.2142],[14.835,-4.2075],[14.8383,-4.2025],[14.8375,-4.1967],[14.8317,-4.195],[14.8358,-4.2008],[14.8342,-4.2042],[14.83,-4.2042],[14.8317,-4.2017],[14.8275,-4.1992],[14.8267,-4.1867],[14.8317,-4.1858],[14.8342,-4.1917],[14.8342,-4.1892],[14.8383,-4.1867],[14.8433,-4.1892],[14.8433,-4.1825],[14.8492,-4.1817],[14.8533,-4.1833],[14.85,-4.1842]],[[14.8492,-4.1833],[14.8483,-4.1842],[14.8492,-4.1842],[14.8492,-4.1833]],[[14.8458,-4.185],[14.8475,-4.1842],[14.8458,-4.1842],[14.8458,-4.185]],[[14.8292,-4.19],[14.8308,-4.1883],[14.8292,-4.1883],[14.8292,-4.19]],[[14.845,-4.1925],[14.8467,-4.1917],[14.845,-4.1917],[14.845,-4.1925]],[[14.8408,-4.1925],[14.8383,-4.195],[14.8417,-4.1942],[14.8408,-4.1925]]],[[[14.91,-4.1842],[14.9008,-4.19],[14.8983,-4.1875],[14.8983,-4.18],[14.9058,-4.18],[14.9067,-4.1833],[14.91,-4.1767],[14.9117,-4.18],[14.91,-4.1842]],[[14.9042,-4.1833],[14.9017,-4.1833],[14.9017,-4.1858],[14.9042,-4.1833]]],[[[14.855,-4.1642],[14.8558,-4.17],[14.8592,-4.1692],[14.8592,-4.1708],[14.8683,-4.1667],[14.875,-4.1692],[14.8758,-4.1658],[14.8808,-4.1642],[14.8842,-4.17],[14.8808,-4.1742],[14.8767,-4.1717],[14.8708,-4.1742],[14.8742,-4.1808],[14.8708,-4.1775],[14.8692,-4.18],[14.8717,-4.18],[14.8717,-4.1817],[14.8683,-4.1808],[14.8633,-4.175],[14.8608,-4.1792],[14.8542,-4.1817],[14.8475,-4.1783],[14.845,-4.1733],[14.8525,-4.1717],[14.85,-4.1683],[14.8517,-4.165],[14.855,-4.1642]],[[14.8458,-4.1742],[14.8475,-4.1758],[14.8492,-4.1758],[14.8475,-4.1733],[14.8458,-4.1742]],[[14.8492,-4.1758],[14.8508,-4.1767],[14.8508,-4.1758],[14.8492,-4.1758]],[[14.8517,-4.1683],[14.8542,-4.1683],[14.855,-4.1667],[14.8533,-4.1658],[14.8517,-4.1683]],[[14.8783,-4.1692],[14.88,-4.17],[14.88,-4.1692],[14.8783,-4.1692]],[[14.8608,-4.1733],[14.865,-4.1725],[14.865,-4.17],[14.8608,-4.1733]],[[14.8683,-4.1733],[14.8675,-4.17],[14.8667,-4.1725],[14.8683,-4.1733]],[[14.8725,-4.17],[14.8733,-4.1708],[14.8733,-4.17],[14.8725,-4.17]],[[14.8533,-4.1775],[14.8583,-4.1733],[14.8525,-4.1758],[14.8533,-4.1775]],[[14.8675,-4.1742],[14.8683,-4.1758],[14.8683,-4.1742],[14.8675,-4.1742]]],[[[14.8992,-4.1525],[14.8983,-4.15],[14.9008,-4.1442],[14.8975,-4.1425],[14.8942,-4.135],[14.8917,-4.135],[14.8967,-4.1342],[14.8967,-4.13],[14.895,-4.1283],[14.895,-4.1325],[14.8925,-4.1325],[14.8908,-4.1283],[14.8917,-4.125],[14.895,-4.125],[14.8958,-4.1192],[14.9,-4.1208],[14.8975,-4.1275],[14.9058,-4.1408],[14.9133,-4.1367],[14.9167,-4.1417],[14.9125,-4.1475],[14.9075,-4.1475],[14.9058,-4.1542],[14.9042,-4.1533],[14.9033,-4.1517],[14.9017,-4.1542],[14.9008,-4.1517],[14.8992,-4.1525]],[[14.9042,-4.1525],[14.905,-4.1508],[14.9042,-4.1508],[14.9042,-4.1525]],[[14.8992,-4.135],[14.8967,-4.1375],[14.8983,-4.1383],[14.8992,-4.135]],[[14.8992,-4.1408],[14.9,-4.14],[14.8992,-4.14],[14.8992,-4.1408]],[[14.9083,-4.1433],[14.9133,-4.1408],[14.9108,-4.14],[14.9083,-4.1433]],[[14.9033,-4.1483],[14.905,-4.145],[14.9042,-4.145],[14.9033,-4.1483]]],[[[14.875,-4.14],[14.8775,-4.1308],[14.8692,-4.1308],[14.87,-4.1267],[14.8758,-4.1275],[14.8742,-4.12],[14.8717,-4.1208],[14.8733,-4.1242],[14.87,-4.1242],[14.8667,-4.1283],[14.8692,-4.1233],[14.8617,-4.1242],[14.8617,-4.1125],[14.8658,-4.1125],[14.8692,-4.1175],[14.8717,-4.1175],[14.8767,-4.1108],[14.8792,-4.1125],[14.88,-4.1167],[14.8775,-4.1208],[14.8808,-4.1217],[14.88,-4.1258],[14.8833,-4.1283],[14.8825,-4.1417],[14.8783,-4.1425],[14.875,-4.14]],[[14.8817,-4.14],[14.88,-4.1408],[14.8817,-4.1408],[14.8817,-4.14]],[[14.8667,-4.12],[14.865,-4.1167],[14.865,-4.12],[14.8667,-4.12]],[[14.8633,-4.1225],[14.8642,-4.1217],[14.8633,-4.1217],[14.8633,-4.1225]],[[14.88,-4.1392],[14.8817,-4.1358],[14.8808,-4.1283],[14.8783,-4.1367],[14.88,-4.1392]]],[[[14.84,-4.1083],[14.8392,-4.1025],[14.8325,-4.1067],[14.8308,-4.1133],[14.8233,-4.1083],[14.8308,-4.1008],[14.8292,-4.0975],[14.825,-4.0967],[14.8267,-4.0908],[14.8242,-4.0892],[14.8242,-4.0833],[14.8275,-4.0825],[14.8317,-4.0858],[14.8317,-4.0925],[14.835,-4.0917],[14.8333,-4.0892],[14.8367,-4.0892],[14.8392,-4.1017],[14.8442,-4.0967],[14.8533,-4.0958],[14.8533,-4.0992],[14.8567,-4.1],[14.8617,-4.0983],[14.8625,-4.0942],[14.8658,-4.0942],[14.8625,-4.1008],[14.8542,-4.1017],[14.8533,-4.105],[14.8567,-4.1083],[14.8525,-4.1133],[14.8508,-4.1208],[14.8442,-4.1208],[14.845,-4.11],[14.84,-4.1083]],[[14.845,-4.11],[14.8458,-4.1092],[14.845,-4.1092],[14.845,-4.11]],[[14.8283,-4.0892],[14.8283,-4.0858],[14.8258,-4.0858],[14.8283,-4.0892]],[[14.8358,-4.0958],[14.8325,-4.0958],[14.8333,-4.1008],[14.8358,-4.1],[14.8358,-4.0958]],[[14.8492,-4.1025],[14.8458,-4.1008],[14.8433,-4.105],[14.8492,-4.1058],[14.8492,-4.1025]],[[14.8317,-4.1025],[14.8333,-4.1033],[14.8333,-4.1025],[14.8317,-4.1025]],[[14.8275,-4.1058],[14.8308,-4.1058],[14.8308,-4.1042],[14.8275,-4.1058]],[[14.8475,-4.1183],[14.85,-4.1175],[14.8508,-4.1075],[14.8492,-4.1075],[14.8475,-4.1183]]],[[[14.8833,-4.0875],[14.8775,-4.0908],[14.8742,-4.0867],[14.8758,-4.0833],[14.8842,-4.0817],[14.8833,-4.0875]],[[14.8775,-4.0867],[14.8783,-4.0858],[14.8775,-4.0858],[14.8775,-4.0867]]],[[[14.8225,-4.0658],[14.8242,-4.0717],[14.82,-4.0733],[14.8183,-4.0717],[14.82,-4.0625],[14.8133,-4.0642],[14.8167,-4.0667],[14.8158,-4.0708],[14.8117,-4.0667],[14.8117,-4.0625],[14.8225,-4.0567],[14.8242,-4.0608],[14.8225,-4.0658]]],[[[14.9092,-4.0567],[14.9167,-4.0625],[14.915,-4.0667],[14.9133,-4.0667],[14.9142,-4.0617],[14.91,-4.0658],[14.9125,-4.0675],[14.9117,-4.0708],[14.9083,-4.0675],[14.9033,-4.0683],[14.9075,-4.0633],[14.9108,-4.0633],[14.9075,-4.0592],[14.91,-4.0592],[14.9092,-4.0567]]],[[[14.815,-4.0333],[14.8142,-4.0475],[14.8175,-4.0475],[14.82,-4.0442],[14.8217,-4.0458],[14.8133,-4.0525],[14.815,-4.0575],[14.8075,-4.0608],[14.8025,-4.0525],[14.8058,-4.0517],[14.8075,-4.0575],[14.81,-4.0567],[14.8075,-4.0442],[14.8133,-4.0408],[14.8133,-4.0333],[14.815,-4.0333]]],[[[14.8242,-4.0333],[14.8283,-4.035],[14.8283,-4.0375],[14.82,-4.0333],[14.8192,-4.0267],[14.8233,-4.0292],[14.8242,-4.0333]]],[[[14.8617,-4.0217],[14.8567,-4.0283],[14.8508,-4.0267],[14.8475,-4.0325],[14.84,-4.0308],[14.8408,-4.035],[14.8333,-4.0358],[14.8367,-4.0333],[14.8358,-4.0292],[14.8392,-4.025],[14.8458,-4.0267],[14.8475,-4.0233],[14.8558,-4.025],[14.8567,-4.0225],[14.8617,-4.0217]]],[[[14.8642,-4.0108],[14.8542,-4.0158],[14.8442,-4.0142],[14.845,-4.0192],[14.8492,-4.0192],[14.8467,-4.0233],[14.8375,-4.0217],[14.8367,-4.0108],[14.84,-4.0067],[14.8525,-4.0108],[14.8533,-4.0067],[14.8617,-4.01],[14.8683,-4.0058],[14.8642,-4.0108]],[[14.8408,-4.0108],[14.8417,-4.0125],[14.8417,-4.0108],[14.8408,-4.0108]]],[[[14.8183,-4.0092],[14.82,-4.0192],[14.8167,-4.02],[14.8158,-4.0108],[14.8117,-4.0133],[14.8083,-4.01],[14.81,-4.0042],[14.8183,-4.0092]]],[[[14.8417,-4.0025],[14.8342,-4.0008],[14.8217,-4.005],[14.8167,-4.0042],[14.8142,-4.0008],[14.8233,-4.0025],[14.825,-3.9992],[14.83,-4.0008],[14.8333,-3.9975],[14.8442,-3.9967],[14.845,-3.9992],[14.8417,-4.0025]]],[[[14.8642,-3.9842],[14.8625,-3.9858],[14.8592,-3.9808],[14.8567,-3.9817],[14.8558,-3.9833],[14.8608,-3.9867],[14.8592,-3.9883],[14.8542,-3.985],[14.8542,-3.9817],[14.8608,-3.9792],[14.8642,-3.9842]]],[[[14.8467,-3.985],[14.8442,-3.9833],[14.8442,-3.9792],[14.85,-3.9775],[14.8517,-3.9833],[14.8467,-3.985]],[[14.8467,-3.9817],[14.8475,-3.9808],[14.8467,-3.9808],[14.8467,-3.9817]]],[[[14.8942,-3.9717],[14.8917,-3.9742],[14.8817,-3.9733],[14.8833,-3.97],[14.8883,-3.9717],[14.8942,-3.9683],[14.8933,-3.9642],[14.8975,-3.9583],[14.8942,-3.9717]]],[[[14.8908,-3.9633],[14.885,-3.9617],[14.8808,-3.9633],[14.8808,-3.9608],[14.89,-3.9608],[14.8942,-3.9583],[14.8908,-3.9633]]],[[[14.8358,-3.9717],[14.8283,-3.9683],[14.8308,-3.975],[14.8283,-3.9725],[14.8225,-3.9742],[14.8183,-3.9667],[14.8292,-3.96],[14.8275,-3.9542],[14.8342,-3.945],[14.835,-3.9508],[14.8392,-3.9492],[14.8408,-3.9558],[14.8408,-3.96],[14.835,-3.9642],[14.8417,-3.9683],[14.8392,-3.9717],[14.8392,-3.9675],[14.8317,-3.9658],[14.8325,-3.97],[14.8358,-3.9717]],[[14.8317,-3.9633],[14.8292,-3.9633],[14.8283,-3.965],[14.8317,-3.9658],[14.8317,-3.9633]],[[14.8333,-3.9583],[14.835,-3.955],[14.8333,-3.955],[14.8333,-3.9583]],[[14.825,-3.9667],[14.8225,-3.9692],[14.825,-3.9708],[14.825,-3.9667]]],[[[14.8567,-3.9475],[14.8525,-3.955],[14.8458,-3.9542],[14.845,-3.9525],[14.8542,-3.9508],[14.8483,-3.9508],[14.8475,-3.9483],[14.8567,-3.9475]]],[[[14.9033,-3.9267],[14.9083,-3.9325],[14.8942,-3.9375],[14.8992,-3.9408],[14.8983,-3.9483],[14.9008,-3.945],[14.9042,-3.945],[14.9058,-3.9492],[14.9017,-3.9483],[14.9008,-3.9525],[14.8975,-3.9492],[14.895,-3.9508],[14.8983,-3.9517],[14.8975,-3.9542],[14.8808,-3.955],[14.8892,-3.9467],[14.8958,-3.9475],[14.8958,-3.9417],[14.8917,-3.9442],[14.89,-3.9392],[14.8958,-3.9333],[14.9025,-3.9317],[14.8967,-3.9258],[14.9033,-3.9267]],[[14.8892,-3.95],[14.89,-3.9525],[14.8917,-3.95],[14.8892,-3.95]]],[[[14.885,-3.9317],[14.8817,-3.9308],[14.8775,-3.9342],[14.8825,-3.9383],[14.8783,-3.9375],[14.875,-3.9417],[14.8725,-3.9308],[14.875,-3.9292],[14.8792,-3.9308],[14.8808,-3.9267],[14.8858,-3.9292],[14.8892,-3.9233],[14.8883,-3.9292],[14.885,-3.9317]]],[[[14.9033,-3.9125],[14.9025,-3.92],[14.9058,-3.9217],[14.9083,-3.9167],[14.9067,-3.915],[14.915,-3.9125],[14.9175,-3.9217],[14.9125,-3.9208],[14.915,-3.9142],[14.9083,-3.92],[14.9092,-3.9233],[14.9058,-3.9258],[14.9008,-3.9233],[14.9,-3.9158],[14.8942,-3.915],[14.8883,-3.9175],[14.8917,-3.9217],[14.8875,-3.9217],[14.8867,-3.9192],[14.8875,-3.9158],[14.8958,-3.9108],[14.8967,-3.9142],[14.9033,-3.9125]]],[[[14.9233,-3.8917],[14.9167,-3.8942],[14.9067,-3.8925],[14.915,-3.8917],[14.9217,-3.885],[14.9258,-3.8842],[14.9275,-3.8875],[14.925,-3.8875],[14.9233,-3.8917]]],[[[14.9108,-3.8742],[14.9192,-3.8783],[14.9183,-3.8842],[14.9133,-3.8858],[14.9017,-3.88],[14.9092,-3.8783],[14.9083,-3.8733],[14.9,-3.8733],[14.8983,-3.8767],[14.8942,-3.8767],[14.8967,-3.8733],[14.8933,-3.8742],[14.8917,-3.87],[14.8958,-3.8692],[14.8983,-3.8717],[14.9142,-3.8683],[14.9108,-3.8742]],[[14.915,-3.8817],[14.9125,-3.8783],[14.9108,-3.8783],[14.9125,-3.8817],[14.915,-3.8817]]],[[[14.8975,-3.8533],[14.8992,-3.8625],[14.9025,-3.8633],[14.9008,-3.8667],[14.8975,-3.8667],[14.8967,-3.8583],[14.8933,-3.855],[14.8958,-3.8483],[14.8992,-3.8475],[14.8975,-3.8533]]],[[[14.9083,-3.81],[14.9092,-3.815],[14.9017,-3.8117],[14.905,-3.8042],[14.91,-3.8],[14.9108,-3.805],[14.9083,-3.81]]],[[[14.8683,-3.76],[14.8717,-3.7617],[14.8717,-3.7575],[14.875,-3.7542],[14.8767,-3.76],[14.8817,-3.7642],[14.8833,-3.7533],[14.8892,-3.755],[14.8867,-3.7658],[14.8817,-3.7708],[14.8708,-3.7667],[14.865,-3.76],[14.8567,-3.7617],[14.8517,-3.7567],[14.8475,-3.7575],[14.845,-3.755],[14.8375,-3.7575],[14.8317,-3.7525],[14.8342,-3.7475],[14.8242,-3.745],[14.8208,-3.7392],[14.8233,-3.7358],[14.8217,-3.7317],[14.825,-3.73],[14.8258,-3.7258],[14.8233,-3.72],[14.8325,-3.72],[14.8325,-3.7217],[14.8375,-3.72],[14.8425,-3.7217],[14.8433,-3.725],[14.8467,-3.7242],[14.8483,-3.72],[14.8642,-3.72],[14.8608,-3.7242],[14.865,-3.7242],[14.8692,-3.7317],[14.8858,-3.7417],[14.8925,-3.7483],[14.8933,-3.7525],[14.8833,-3.745],[14.8783,-3.7467],[14.8742,-3.7408],[14.8717,-3.7417],[14.8592,-3.7342],[14.8583,-3.7308],[14.8475,-3.7317],[14.8467,-3.7375],[14.8533,-3.7342],[14.8533,-3.7383],[14.8592,-3.7383],[14.8533,-3.7458],[14.8475,-3.7425],[14.8467,-3.7475],[14.8342,-3.7517],[14.8508,-3.7508],[14.8542,-3.7483],[14.8592,-3.755],[14.865,-3.7542],[14.8642,-3.7508],[14.8683,-3.75],[14.87,-3.7533],[14.8683,-3.76]],[[14.8533,-3.7383],[14.8525,-3.7392],[14.8533,-3.7392],[14.8533,-3.7383]],[[14.8692,-3.7533],[14.8683,-3.7542],[14.8692,-3.7542],[14.8692,-3.7533]],[[14.8367,-3.7292],[14.8383,-3.73],[14.8383,-3.7292],[14.8367,-3.7292]],[[14.8308,-3.7325],[14.8283,-3.7317],[14.8275,-3.7342],[14.83,-3.735],[14.8308,-3.7325]],[[14.8383,-3.7383],[14.8383,-3.7325],[14.8358,-3.7317],[14.835,-3.7367],[14.8383,-3.7383]],[[14.8242,-3.7392],[14.8275,-3.7375],[14.8283,-3.7358],[14.8233,-3.7367],[14.8242,-3.7392]],[[14.8283,-3.7392],[14.83,-3.7408],[14.83,-3.7392],[14.8283,-3.7392]]],[[[14.8817,-3.7217],[14.8908,-3.7242],[14.89,-3.72],[14.8967,-3.72],[14.8975,-3.7283],[14.8908,-3.73],[14.885,-3.7258],[14.8792,-3.7275],[14.8742,-3.72],[14.8783,-3.72],[14.88,-3.7233],[14.8817,-3.7217]]],[[[14.8192,-3.7233],[14.8125,-3.7225],[14.8133,-3.7275],[14.8117,-3.7275],[14.81,-3.7208],[14.8208,-3.72],[14.8192,-3.7233]]],[[[14.9358,-4.7983],[14.9375,-4.7992],[14.9392,-4.81],[14.9367,-4.8092],[14.935,-4.7992],[14.9325,-4.7975],[14.9342,-4.7942],[14.9383,-4.7933],[14.9358,-4.7983]]],[[[14.9983,-4.72],[15.01,-4.7292],[15.0108,-4.7358],[15.0033,-4.7275],[15.0017,-4.7283],[15.005,-4.7325],[15.0042,-4.735],[15.0017,-4.735],[15.0025,-4.7325],[14.9992,-4.7283],[14.9958,-4.7283],[14.9992,-4.7258],[14.9983,-4.72]]],[[[14.9783,-4.5733],[14.9792,-4.5783],[14.9758,-4.58],[14.9767,-4.5833],[14.99,-4.5708],[14.9883,-4.5783],[14.985,-4.58],[14.99,-4.5817],[14.9942,-4.5758],[14.9942,-4.5708],[14.9967,-4.5725],[14.995,-4.5792],[14.99,-4.5842],[14.985,-4.5825],[14.9758,-4.585],[14.9733,-4.5767],[14.975,-4.5733],[14.9783,-4.5733]],[[14.985,-4.58],[14.9842,-4.5783],[14.9842,-4.58],[14.985,-4.58]],[[14.9758,-4.5783],[14.9775,-4.5775],[14.9775,-4.5758],[14.975,-4.5758],[14.9758,-4.5783]]],[[[14.9692,-4.57],[14.9692,-4.58],[14.9625,-4.5833],[14.9642,-4.5792],[14.9675,-4.5783],[14.9675,-4.5767],[14.9633,-4.5783],[14.9658,-4.5742],[14.9625,-4.5717],[14.9692,-4.57]]],[[[15.0367,-4.5567],[15.0267,-4.56],[15.0325,-4.565],[15.0325,-4.5667],[15.0275,-4.565],[15.0292,-4.5708],[15.0275,-4.5683],[15.025,-4.5692],[15.0242,-4.5642],[15.0258,-4.5583],[15.0292,-4.5567],[15.02,-4.5592],[15.0175,-4.5617],[15.0175,-4.5675],[15.0083,-4.5742],[15.0083,-4.5783],[15.0058,-4.5783],[15.0058,-4.5833],[15.0025,-4.5833],[14.9983,-4.5883],[14.9975,-4.5833],[15.0017,-4.5758],[15.0117,-4.565],[15.0125,-4.5675],[15.0158,-4.5658],[15.0133,-4.5633],[15.0192,-4.5567],[15.0342,-4.5542],[15.0333,-4.5517],[15.0375,-4.5542],[15.0367,-4.5567]],[[15.0017,-4.5825],[15.0008,-4.5817],[15.0008,-4.5825],[15.0017,-4.5825]],[[15.0008,-4.5825],[15.0,-4.5833],[15.0008,-4.5833],[15.0008,-4.5825]]],[[[14.9767,-4.5708],[14.9725,-4.5733],[14.9708,-4.5767],[14.9733,-4.5667],[14.9767,-4.5667],[14.9792,-4.5633],[14.9767,-4.5708]],[[14.9742,-4.57],[14.975,-4.5692],[14.9742,-4.5692],[14.9742,-4.57]]],[[[14.91,-4.5617],[14.9158,-4.56],[14.925,-4.565],[14.9283,-4.5733],[14.9242,-4.5792],[14.9192,-4.5708],[14.9158,-4.5717],[14.9175,-4.57],[14.9158,-4.5633],[14.9083,-4.5625],[14.9108,-4.5575],[14.9142,-4.5592],[14.9108,-4.5592],[14.91,-4.5617]]],[[[15.0117,-4.55],[15.0067,-4.5592],[15.0058,-4.5525],[15.01,-4.5442],[15.0117,-4.55]]],[[[14.9425,-4.4725],[14.9367,-4.4783],[14.9392,-4.4717],[14.9283,-4.47],[14.9258,-4.4742],[14.9233,-4.4742],[14.925,-4.4725],[14.9233,-4.47],[14.9208,-4.4725],[14.9233,-4.4642],[14.9192,-4.4633],[14.915,-4.4567],[14.9125,-4.46],[14.9117,-4.455],[14.9167,-4.4533],[14.9208,-4.4608],[14.925,-4.46],[14.9258,-4.4675],[14.9375,-4.4692],[14.9317,-4.4642],[14.9317,-4.4592],[14.9292,-4.4575],[14.9308,-4.4517],[14.925,-4.45],[14.9208,-4.4408],[14.9242,-4.4367],[14.9292,-4.4358],[14.9367,-4.4467],[14.9425,-4.4483],[14.9467,-4.4392],[14.9433,-4.4342],[14.9475,-4.4308],[14.9492,-4.4325],[14.9467,-4.4325],[14.9467,-4.4358],[14.9508,-4.4375],[14.9475,-4.4425],[14.9483,-4.4492],[14.9425,-4.4517],[14.945,-4.4558],[14.9383,-4.4517],[14.9442,-4.4583],[14.94,-4.4583],[14.9367,-4.4542],[14.9375,-4.4508],[14.935,-4.45],[14.9333,-4.45],[14.9333,-4.4567],[14.9383,-4.465],[14.945,-4.4667],[14.9467,-4.4633],[14.9525,-4.4617],[14.9567,-4.4667],[14.9492,-4.4725],[14.9525,-4.4783],[14.95,-4.4842],[14.9458,-4.4817],[14.9375,-4.4817],[14.9383,-4.4792],[14.9492,-4.4808],[14.945,-4.475],[14.9475,-4.4683],[14.9417,-4.4692],[14.9425,-4.4725]],[[14.9333,-4.45],[14.9325,-4.4492],[14.9325,-4.45],[14.9333,-4.45]],[[14.9325,-4.445],[14.9275,-4.4417],[14.9275,-4.4392],[14.925,-4.44],[14.9275,-4.4475],[14.9325,-4.4492],[14.9325,-4.445]],[[14.9475,-4.4683],[14.9483,-4.4675],[14.9475,-4.4675],[14.9475,-4.4683]],[[14.9492,-4.4675],[14.9517,-4.4667],[14.9517,-4.465],[14.9492,-4.465],[14.9492,-4.4675]],[[14.9417,-4.4692],[14.9408,-4.4683],[14.9408,-4.4692],[14.9417,-4.4692]]],[[[15.0167,-4.4567],[15.0125,-4.4533],[15.0117,-4.4567],[15.0158,-4.46],[15.01,-4.4592],[15.01,-4.4525],[15.015,-4.4517],[15.0167,-4.4567]]],[[[14.9958,-4.4158],[14.9983,-4.4258],[14.9967,-4.4333],[14.9942,-4.4342],[14.995,-4.4233],[14.9925,-4.4175],[14.9967,-4.4125],[15.0008,-4.4125],[15.0008,-4.4158],[14.9958,-4.4158]]],[[[15.0092,-4.4183],[15.0058,-4.42],[15.0075,-4.4267],[14.9983,-4.435],[14.9975,-4.4308],[15.0025,-4.4258],[15.0017,-4.4192],[15.0058,-4.4167],[15.0025,-4.4108],[15.0083,-4.4133],[15.0092,-4.4183]]],[[[14.9317,-4.415],[14.9258,-4.4192],[14.9283,-4.4225],[14.9267,-4.4275],[14.9308,-4.425],[14.9317,-4.43],[14.9267,-4.4308],[14.9233,-4.4283],[14.9225,-4.4175],[14.9275,-4.4125],[14.9267,-4.4067],[14.9292,-4.4042],[14.9317,-4.415]]],[[[15.02,-4.3958],[15.025,-4.3958],[15.0217,-4.3892],[15.0258,-4.3875],[15.025,-4.3908],[15.0292,-4.3983],[15.0258,-4.3967],[15.0258,-4.3992],[15.02,-4.4017],[15.0217,-4.4058],[15.0167,-4.4025],[15.0183,-4.4133],[15.0158,-4.4058],[15.0125,-4.4083],[15.005,-4.405],[14.9942,-4.4058],[14.9958,-4.4017],[15.0,-4.4033],[15.0075,-4.4017],[15.0075,-4.3908],[15.0108,-4.3875],[15.0175,-4.3875],[15.02,-4.3958]],[[15.0108,-4.3983],[15.0083,-4.4042],[15.0125,-4.4025],[15.0133,-4.3942],[15.0158,-4.3917],[15.0133,-4.3892],[15.01,-4.3917],[15.0108,-4.3983]]],[[[14.9542,-4.3783],[14.9517,-4.38],[14.9542,-4.3883],[14.9525,-4.3908],[14.9508,-4.3758],[14.9467,-4.3758],[14.9458,-4.3708],[14.9525,-4.3733],[14.9542,-4.3783]]],[[[14.9892,-4.37],[14.9975,-4.365],[14.9975,-4.3683],[14.9925,-4.3717],[14.9925,-4.3767],[14.9883,-4.3792],[14.9883,-4.3833],[14.9833,-4.3875],[14.9892,-4.37]],[[14.99,-4.3733],[14.9908,-4.3758],[14.9908,-4.3733],[14.99,-4.3733]]],[[[15.015,-4.3717],[15.0175,-4.37],[15.0175,-4.3758],[15.0225,-4.3742],[15.0275,-4.38],[15.02,-4.3775],[15.0183,-4.385],[15.015,-4.3858],[15.0167,-4.3775],[15.0117,-4.3733],[15.0117,-4.3675],[15.0058,-4.3683],[15.005,-4.3642],[15.0108,-4.3633],[15.0142,-4.3658],[15.015,-4.3717]]],[[[14.9417,-4.3667],[14.9383,-4.3758],[14.9367,-4.3742],[14.9383,-4.3675],[14.9433,-4.3625],[14.945,-4.3667],[14.9417,-4.3667]]],[[[14.9317,-4.3625],[14.9283,-4.3592],[14.9233,-4.3683],[14.925,-4.355],[14.9317,-4.3558],[14.9317,-4.3625]]],[[[15.0058,-4.3558],[14.9967,-4.3575],[14.9975,-4.35],[15.0033,-4.3492],[15.0042,-4.3533],[15.0067,-4.3533],[15.0058,-4.3558]],[[15.0,-4.3533],[15.0008,-4.3517],[15.0,-4.3517],[15.0,-4.3533]],[[14.9992,-4.3558],[15.0,-4.355],[14.9992,-4.355],[14.9992,-4.3558]]],[[[14.9783,-4.3192],[14.9683,-4.33],[14.9683,-4.3367],[14.9758,-4.3283],[14.9767,-4.3308],[14.9792,-4.33],[14.9783,-4.3225],[14.9825,-4.3258],[14.9792,-4.3342],[14.9867,-4.3358],[14.985,-4.3442],[14.9792,-4.3475],[14.98,-4.3542],[14.9775,-4.3542],[14.9792,-4.35],[14.9758,-4.3517],[14.9733,-4.35],[14.9733,-4.345],[14.9808,-4.3442],[14.9808,-4.3375],[14.9742,-4.3358],[14.9692,-4.34],[14.9642,-4.3375],[14.97,-4.3225],[14.9767,-4.3175],[14.9783,-4.3075],[14.9783,-4.3192]],[[14.9767,-4.3467],[14.9775,-4.3483],[14.9775,-4.3467],[14.9767,-4.3467]]],[[[14.9567,-4.3217],[14.9558,-4.3325],[14.9592,-4.3358],[14.955,-4.34],[14.9508,-4.34],[14.9475,-4.3342],[14.9508,-4.3375],[14.955,-4.3358],[14.9517,-4.33],[14.9542,-4.3258],[14.9533,-4.3208],[14.96,-4.3167],[14.9567,-4.3217]]],[[[15.0158,-4.3217],[15.0125,-4.3325],[15.0075,-4.3308],[15.0117,-4.3225],[15.0158,-4.3217]]],[[[15.0108,-4.3175],[15.0075,-4.3258],[15.0042,-4.3242],[15.0042,-4.3308],[14.9983,-4.325],[14.9992,-4.3317],[14.9942,-4.3325],[14.9958,-4.3308],[14.9942,-4.325],[14.9967,-4.3217],[15.0042,-4.3233],[15.0083,-4.3175],[15.0075,-4.3133],[15.01,-4.3133],[15.0108,-4.3175]]],[[[14.9833,-4.3125],[14.9875,-4.3267],[14.9833,-4.3233],[14.9817,-4.3175],[14.9833,-4.3125]]],[[[14.9858,-4.2692],[14.9875,-4.2817],[14.9825,-4.2925],[14.9667,-4.3025],[14.9633,-4.3058],[14.965,-4.3092],[14.9625,-4.3117],[14.9483,-4.3125],[14.9442,-4.3075],[14.9408,-4.3092],[14.9408,-4.32],[14.9492,-4.3183],[14.9508,-4.3158],[14.9517,-4.3192],[14.9433,-4.3242],[14.9392,-4.3233],[14.9317,-4.3292],[14.9317,-4.3308],[14.935,-4.3292],[14.935,-4.3317],[14.9292,-4.3358],[14.9292,-4.3383],[14.9375,-4.3317],[14.9383,-4.335],[14.9292,-4.3458],[14.9333,-4.3475],[14.9342,-4.3433],[14.9367,-4.3425],[14.94,-4.345],[14.9408,-4.35],[14.9433,-4.3483],[14.9425,-4.3517],[14.9458,-4.3517],[14.9458,-4.3483],[14.9483,-4.3483],[14.9458,-4.3425],[14.9483,-4.3425],[14.9508,-4.3475],[14.95,-4.3525],[14.9475,-4.355],[14.9408,-4.355],[14.935,-4.35],[14.925,-4.3533],[14.9217,-4.3433],[14.9267,-4.3408],[14.9275,-4.3275],[14.9392,-4.3175],[14.9383,-4.3092],[14.9408,-4.3067],[14.9533,-4.3058],[14.96,-4.3083],[14.9625,-4.3017],[14.97,-4.295],[14.9783,-4.2917],[14.9833,-4.2817],[14.9842,-4.2708],[14.9817,-4.2667],[14.9858,-4.2692]],[[14.9275,-4.3475],[14.9267,-4.35],[14.9283,-4.3492],[14.9275,-4.3475]]],[[[14.9117,-4.3025],[14.9242,-4.3042],[14.9333,-4.31],[14.9333,-4.3167],[14.9283,-4.3233],[14.9233,-4.3233],[14.9225,-4.32],[14.9258,-4.3192],[14.9308,-4.3125],[14.9217,-4.3067],[14.9133,-4.3067],[14.9092,-4.3033],[14.9117,-4.2967],[14.9167,-4.2983],[14.9108,-4.2992],[14.9117,-4.3025]]],[[[15.0008,-4.3033],[14.9942,-4.3075],[14.9942,-4.305],[14.9983,-4.3025],[14.9942,-4.2967],[15.0008,-4.2983],[15.0008,-4.3033]]],[[[14.9142,-4.2925],[14.9258,-4.2967],[14.9242,-4.3],[14.9192,-4.3],[14.92,-4.2975],[14.9142,-4.2925]]],[[[14.95,-4.2808],[14.9483,-4.2892],[14.9525,-4.2975],[14.9517,-4.3017],[14.9492,-4.3033],[14.9408,-4.3017],[14.9375,-4.3083],[14.9333,-4.3083],[14.9283,-4.3025],[14.9283,-4.295],[14.9233,-4.2908],[14.9233,-4.2842],[14.9325,-4.2825],[14.9275,-4.2858],[14.9275,-4.2892],[14.93,-4.2883],[14.9283,-4.2942],[14.9342,-4.2908],[14.9317,-4.3025],[14.9358,-4.305],[14.9375,-4.2983],[14.945,-4.295],[14.9442,-4.2908],[14.9458,-4.2908],[14.945,-4.2983],[14.9483,-4.2983],[14.9467,-4.2825],[14.9508,-4.2758],[14.955,-4.275],[14.95,-4.2808]]],[[[14.96,-4.2725],[14.9692,-4.2767],[14.9808,-4.2683],[14.9808,-4.2733],[14.975,-4.2767],[14.9758,-4.28],[14.9683,-4.2833],[14.9633,-4.2825],[14.9625,-4.2783],[14.965,-4.2767],[14.9633,-4.2742],[14.9583,-4.2783],[14.955,-4.2767],[14.96,-4.2725]]],[[[15.0,-4.2675],[15.0008,-4.2725],[14.9958,-4.2733],[14.9942,-4.2717],[14.9983,-4.2708],[14.9983,-4.2683],[14.99,-4.265],[14.9958,-4.2633],[15.0,-4.2675]]],[[[15.0383,-4.2383],[15.0267,-4.2442],[15.0267,-4.2392],[15.0208,-4.2358],[15.0117,-4.2542],[15.01,-4.2683],[15.0067,-4.2717],[15.0075,-4.2775],[14.9992,-4.2783],[14.9992,-4.275],[15.0042,-4.2758],[15.0033,-4.27],[15.0075,-4.2658],[15.0108,-4.25],[15.0167,-4.2425],[15.0183,-4.235],[15.025,-4.2342],[15.0283,-4.2408],[15.0308,-4.2408],[15.0325,-4.2375],[15.0367,-4.2367],[15.035,-4.2342],[15.0367,-4.2317],[15.0383,-4.2383]]],[[[15.01,-4.2483],[15.0058,-4.2542],[15.005,-4.2608],[14.9992,-4.2608],[15.0,-4.2558],[15.0033,-4.2583],[15.0067,-4.2467],[15.01,-4.2483]]],[[[14.9617,-4.2467],[14.9758,-4.24],[14.9733,-4.2433],[14.965,-4.2458],[14.9592,-4.2542],[14.9533,-4.2542],[14.9558,-4.2458],[14.9617,-4.2467]],[[14.9608,-4.2467],[14.9583,-4.2492],[14.96,-4.2492],[14.9608,-4.2467]]],[[[14.9617,-4.2375],[14.9583,-4.2442],[14.955,-4.2433],[14.9575,-4.2375],[14.9525,-4.2392],[14.95,-4.2525],[14.9442,-4.255],[14.945,-4.26],[14.95,-4.2667],[14.9633,-4.2625],[14.965,-4.2675],[14.9733,-4.2675],[14.9767,-4.2617],[14.9858,-4.255],[14.985,-4.26],[14.9783,-4.2642],[14.975,-4.2708],[14.955,-4.2667],[14.9567,-4.27],[14.9517,-4.2725],[14.945,-4.2683],[14.945,-4.265],[14.935,-4.2725],[14.925,-4.2692],[14.9225,-4.2642],[14.9275,-4.2617],[14.9292,-4.255],[14.9333,-4.2558],[14.9317,-4.2625],[14.9292,-4.2625],[14.9317,-4.2667],[14.9367,-4.265],[14.9392,-4.2667],[14.9433,-4.2625],[14.9392,-4.2525],[14.9467,-4.25],[14.9458,-4.2425],[14.95,-4.2408],[14.9525,-4.235],[14.9517,-4.2225],[14.9533,-4.2225],[14.9525,-4.2275],[14.9575,-4.2275],[14.96,-4.2217],[14.9658,-4.2208],[14.9708,-4.2108],[14.975,-4.2108],[14.9758,-4.215],[14.9808,-4.2158],[14.9808,-4.2183],[14.9758,-4.2192],[14.9725,-4.2158],[14.9692,-4.2192],[14.97,-4.2258],[14.9675,-4.2275],[14.9633,-4.2283],[14.9608,-4.2242],[14.9608,-4.2292],[14.9558,-4.2325],[14.9617,-4.2375]],[[14.9625,-4.2242],[14.9633,-4.2233],[14.9625,-4.2233],[14.9625,-4.2242]],[[14.9558,-4.2317],[14.9542,-4.23],[14.9542,-4.2317],[14.9558,-4.2317]],[[14.9725,-4.2142],[14.9742,-4.2125],[14.9725,-4.2125],[14.9725,-4.2142]],[[14.965,-4.225],[14.9658,-4.2233],[14.965,-4.2233],[14.965,-4.225]],[[14.9317,-4.2583],[14.9292,-4.2575],[14.9283,-4.2617],[14.93,-4.2617],[14.9317,-4.2583]],[[14.9275,-4.2675],[14.9283,-4.2658],[14.9275,-4.2658],[14.9275,-4.2675]]],[[[14.9992,-4.24],[14.9892,-4.2508],[14.9883,-4.2508],[14.9892,-4.2467],[14.9967,-4.2392],[14.9983,-4.2308],[14.9992,-4.24]]],[[[14.9767,-4.23],[14.9642,-4.2325],[14.9658,-4.235],[14.9592,-4.235],[14.9617,-4.2292],[14.9683,-4.23],[14.9725,-4.2258],[14.9767,-4.2275],[14.9767,-4.23]]],[[[14.9317,-4.1942],[14.94,-4.1925],[14.9408,-4.2008],[14.9375,-4.2042],[14.9333,-4.2017],[14.9333,-4.1983],[14.9258,-4.2008],[14.925,-4.1975],[14.9275,-4.1967],[14.925,-4.1967],[14.9242,-4.1925],[14.9267,-4.1892],[14.93,-4.1883],[14.9325,-4.19],[14.9317,-4.1942]],[[14.93,-4.1925],[14.9275,-4.1925],[14.9275,-4.1942],[14.93,-4.1925]],[[14.9308,-4.1975],[14.9325,-4.195],[14.9308,-4.195],[14.9308,-4.1975]],[[14.9283,-4.1967],[14.93,-4.1958],[14.9283,-4.1958],[14.9283,-4.1967]],[[14.9367,-4.1958],[14.9358,-4.1975],[14.9367,-4.1975],[14.9367,-4.1958]],[[14.9367,-4.1975],[14.9375,-4.2],[14.9375,-4.1975],[14.9367,-4.1975]]],[[[15.0075,-4.1858],[15.0158,-4.1867],[15.015,-4.1908],[15.01,-4.1925],[15.0133,-4.1942],[15.015,-4.2017],[15.0117,-4.1958],[15.0067,-4.1942],[15.0083,-4.1908],[15.0033,-4.1875],[15.0017,-4.1808],[15.0033,-4.1775],[15.0075,-4.1783],[15.0075,-4.1833],[15.005,-4.1833],[15.0075,-4.1858]]],[[[14.9417,-4.1508],[14.9383,-4.1517],[14.9383,-4.15],[14.9433,-4.15],[14.9425,-4.155],[14.945,-4.1558],[14.945,-4.1592],[14.9417,-4.1608],[14.9425,-4.1642],[14.945,-4.1625],[14.9558,-4.1642],[14.9592,-4.1592],[14.9725,-4.1608],[14.9733,-4.1642],[14.9708,-4.1667],[14.9658,-4.1658],[14.9533,-4.17],[14.9625,-4.1783],[14.9617,-4.1833],[14.9575,-4.185],[14.9467,-4.1692],[14.9425,-4.1708],[14.9442,-4.175],[14.9425,-4.1725],[14.9392,-4.1733],[14.9358,-4.1608],[14.9275,-4.1567],[14.93,-4.1492],[14.9342,-4.1508],[14.9375,-4.1542],[14.9417,-4.1508]],[[14.935,-4.1525],[14.9333,-4.155],[14.935,-4.155],[14.935,-4.1525]],[[14.9417,-4.1583],[14.9425,-4.1575],[14.9417,-4.1575],[14.9417,-4.1583]],[[14.9383,-4.1625],[14.9392,-4.1617],[14.9383,-4.1617],[14.9383,-4.1625]],[[14.96,-4.1617],[14.9608,-4.1642],[14.9617,-4.1625],[14.96,-4.1617]],[[14.9583,-4.1642],[14.9542,-4.1667],[14.9542,-4.1683],[14.9583,-4.1675],[14.9583,-4.1642]],[[14.9667,-4.1625],[14.9658,-4.1617],[14.9658,-4.1625],[14.9667,-4.1625]],[[14.9658,-4.1625],[14.965,-4.1633],[14.9658,-4.1633],[14.9658,-4.1625]],[[14.9633,-4.1642],[14.9642,-4.1633],[14.9633,-4.1633],[14.9633,-4.1642]],[[14.9492,-4.1692],[14.9508,-4.1658],[14.9467,-4.1658],[14.9492,-4.1692]]],[[[15.0125,-4.1525],[15.0158,-4.16],[15.0117,-4.1642],[15.0025,-4.1625],[15.0042,-4.1683],[14.9992,-4.1675],[15.0,-4.1592],[14.9967,-4.1583],[14.9967,-4.16],[14.9942,-4.1608],[14.995,-4.1558],[14.9992,-4.1558],[15.0017,-4.1517],[15.0125,-4.1525]],[[15.0008,-4.1575],[15.01,-4.1592],[15.01,-4.1567],[15.0075,-4.1558],[15.0008,-4.1575]]],[[[14.9233,-4.1633],[14.9192,-4.1633],[14.9167,-4.1575],[14.9175,-4.15],[14.9217,-4.1458],[14.925,-4.1525],[14.9233,-4.1633]],[[14.9217,-4.1517],[14.9192,-4.1558],[14.9208,-4.1608],[14.9217,-4.1517]]],[[[15.0133,-4.1375],[15.0092,-4.14],[15.0108,-4.1442],[15.0017,-4.1475],[14.9933,-4.1442],[15.0108,-4.1375],[15.0117,-4.1342],[15.0067,-4.1333],[15.0075,-4.1317],[15.0142,-4.1317],[15.0133,-4.1375]]],[[[14.915,-4.1383],[14.9158,-4.13],[14.9233,-4.1317],[14.925,-4.1358],[14.9175,-4.1408],[14.9192,-4.1358],[14.915,-4.1383]],[[14.9192,-4.1342],[14.92,-4.135],[14.9225,-4.1342],[14.9192,-4.1342]]],[[[15.02,-4.1133],[15.0175,-4.1208],[15.0208,-4.1233],[15.0183,-4.1258],[15.0058,-4.1267],[15.0042,-4.13],[15.0058,-4.1358],[15.0033,-4.1358],[15.0017,-4.1333],[15.0033,-4.1267],[15.0142,-4.1233],[15.0167,-4.1158],[15.0142,-4.1142],[14.9983,-4.1208],[14.9967,-4.1192],[15.0142,-4.1108],[15.02,-4.1133]]],[[[14.9725,-4.1058],[14.9683,-4.1033],[14.97,-4.1083],[14.975,-4.1092],[14.9758,-4.1142],[14.9825,-4.1183],[14.9767,-4.1233],[14.9783,-4.1275],[14.9808,-4.125],[14.9875,-4.1258],[14.9892,-4.14],[14.9842,-4.14],[14.9808,-4.1308],[14.9775,-4.1317],[14.9775,-4.1358],[14.9717,-4.1358],[14.9708,-4.1383],[14.9692,-4.1325],[14.9683,-4.1358],[14.9675,-4.1325],[14.9658,-4.1333],[14.9658,-4.1283],[14.9742,-4.125],[14.9717,-4.1167],[14.9683,-4.115],[14.9692,-4.1083],[14.9667,-4.105],[14.9683,-4.1017],[14.97,-4.1017],[14.9725,-4.1058]],[[14.9783,-4.1175],[14.9792,-4.1183],[14.9792,-4.1175],[14.9783,-4.1175]],[[14.9733,-4.1333],[14.9758,-4.13],[14.975,-4.1275],[14.9717,-4.1292],[14.9733,-4.1333]],[[14.9817,-4.1275],[14.9833,-4.13],[14.9842,-4.1275],[14.9817,-4.1275]],[[14.9883,-4.1383],[14.985,-4.1317],[14.9833,-4.1317],[14.985,-4.1392],[14.9883,-4.1383]]],[[[15.03,-4.0925],[15.0292,-4.0967],[15.0233,-4.0967],[15.0225,-4.1017],[15.0167,-4.1008],[15.0058,-4.1092],[14.9958,-4.1108],[14.9958,-4.1158],[14.9908,-4.1192],[14.9933,-4.1083],[15.0025,-4.1075],[15.0133,-4.1008],[15.0142,-4.0975],[15.0192,-4.0975],[15.0192,-4.0942],[15.0242,-4.0925],[15.0233,-4.0867],[15.025,-4.0908],[15.03,-4.0925]],[[15.025,-4.0933],[15.0258,-4.0925],[15.025,-4.0925],[15.025,-4.0933]]],[[[14.9975,-4.0967],[14.995,-4.1017],[14.99,-4.1042],[14.995,-4.0992],[14.9942,-4.0942],[14.9983,-4.0925],[15.0,-4.1],[14.9975,-4.0967]]],[[[15.0242,-4.0667],[15.0158,-4.0658],[15.0067,-4.0692],[15.0042,-4.0733],[15.0008,-4.0717],[14.9975,-4.075],[14.9975,-4.0808],[14.9917,-4.0825],[14.9908,-4.09],[14.985,-4.0942],[14.9883,-4.0867],[14.9842,-4.0858],[14.9875,-4.0817],[14.9817,-4.0842],[14.9833,-4.08],[14.9892,-4.0783],[14.99,-4.0758],[14.9942,-4.0775],[14.9942,-4.0733],[14.9983,-4.07],[15.0175,-4.0642],[15.0217,-4.0592],[15.0258,-4.0608],[15.0242,-4.0667]],[[15.02,-4.0633],[15.0208,-4.0625],[15.02,-4.0625],[15.02,-4.0633]]],[[[14.9242,-4.065],[14.9275,-4.0683],[14.9292,-4.0658],[14.925,-4.0625],[14.9292,-4.0633],[14.9325,-4.0608],[14.9342,-4.0633],[14.9308,-4.0642],[14.9333,-4.0692],[14.9242,-4.0683],[14.9217,-4.0608],[14.9242,-4.0608],[14.9242,-4.065]]],[[[14.9242,-4.0567],[14.9192,-4.0592],[14.9183,-4.055],[14.915,-4.0542],[14.9167,-4.0567],[14.9158,-4.0592],[14.9125,-4.0533],[14.9217,-4.0508],[14.925,-4.0533],[14.9242,-4.0567]],[[14.9225,-4.0533],[14.92,-4.055],[14.9225,-4.055],[14.9225,-4.0533]]],[[[14.9542,-4.0167],[14.9592,-4.0183],[14.9533,-4.0108],[14.9608,-4.0133],[14.9625,-4.0175],[14.965,-4.0117],[14.9742,-4.0133],[14.9742,-4.0275],[14.98,-4.0292],[14.9833,-4.025],[14.98,-4.0175],[14.9833,-4.015],[14.9883,-4.0175],[14.99,-4.0142],[14.995,-4.0142],[14.9967,-4.0083],[15.0,-4.0092],[14.9992,-4.0042],[15.0042,-4.0008],[15.0067,-4.0067],[14.9983,-4.0125],[14.9958,-4.0233],[14.9942,-4.0192],[14.9892,-4.0233],[14.9858,-4.0342],[14.98,-4.0333],[14.9783,-4.0367],[14.9775,-4.0333],[14.9717,-4.0325],[14.9708,-4.04],[14.9783,-4.0375],[14.9867,-4.04],[14.9875,-4.0467],[14.99,-4.0483],[14.9933,-4.0467],[14.9933,-4.04],[14.9975,-4.0392],[15.0025,-4.0492],[15.0058,-4.0433],[15.01,-4.0442],[15.0108,-4.0408],[15.0142,-4.0408],[15.0133,-4.05],[15.0067,-4.0475],[15.0083,-4.0583],[15.005,-4.0625],[15.0,-4.0608],[15.0008,-4.055],[14.9975,-4.05],[14.99,-4.0583],[14.985,-4.06],[14.98,-4.0717],[14.9792,-4.0667],[14.9767,-4.0683],[14.9742,-4.0675],[14.9792,-4.0608],[14.9767,-4.0575],[14.9775,-4.0542],[14.9825,-4.0517],[14.9817,-4.0442],[14.9725,-4.0458],[14.9742,-4.0508],[14.9708,-4.05],[14.9642,-4.0542],[14.9625,-4.0625],[14.9575,-4.0692],[14.9675,-4.0767],[14.96,-4.0808],[14.9642,-4.0833],[14.965,-4.0892],[14.9675,-4.09],[14.965,-4.0958],[14.9675,-4.1008],[14.9617,-4.1033],[14.9592,-4.1083],[14.9558,-4.105],[14.96,-4.1017],[14.9583,-4.0967],[14.96,-4.09],[14.9525,-4.0883],[14.9508,-4.0917],[14.9517,-4.0908],[14.9542,-4.0917],[14.9508,-4.0942],[14.9492,-4.0925],[14.9508,-4.0817],[14.9475,-4.0833],[14.9433,-4.0808],[14.9358,-4.0875],[14.9325,-4.0875],[14.9358,-4.0725],[14.9417,-4.0667],[14.9533,-4.0658],[14.9508,-4.0633],[14.9508,-4.0542],[14.9542,-4.055],[14.9575,-4.0625],[14.9592,-4.0567],[14.9567,-4.0525],[14.9608,-4.0525],[14.9625,-4.045],[14.9658,-4.0442],[14.9633,-4.0417],[14.9667,-4.0317],[14.955,-4.0392],[14.9517,-4.0383],[14.9508,-4.0417],[14.95,-4.0333],[14.9442,-4.04],[14.945,-4.0442],[14.9408,-4.0475],[14.9425,-4.0375],[14.94,-4.0375],[14.9392,-4.0458],[14.9367,-4.045],[14.9367,-4.0358],[14.9408,-4.035],[14.9417,-4.03],[14.9475,-4.0292],[14.9483,-4.0317],[14.9508,-4.0308],[14.9508,-4.0258],[14.9558,-4.0233],[14.9592,-4.025],[14.9592,-4.0217],[14.9475,-4.0192],[14.9508,-4.0108],[14.9542,-4.0167]],[[15.01,-4.0442],[15.0125,-4.0475],[15.0108,-4.0442],[15.01,-4.0442]],[[14.9492,-4.0167],[14.9508,-4.0183],[14.9508,-4.0167],[14.9492,-4.0167]],[[14.9675,-4.0158],[14.9667,-4.0167],[14.9675,-4.0167],[14.9675,-4.0158]],[[14.9675,-4.0208],[14.9708,-4.0217],[14.9692,-4.0167],[14.9675,-4.0167],[14.9675,-4.0208]],[[14.955,-4.03],[14.9583,-4.0325],[14.965,-4.0275],[14.9692,-4.0283],[14.9692,-4.0258],[14.9675,-4.0225],[14.9633,-4.0225],[14.9608,-4.0292],[14.955,-4.03]],[[14.965,-4.0508],[14.9692,-4.0475],[14.9683,-4.0442],[14.9642,-4.0492],[14.965,-4.0508]],[[14.9875,-4.0517],[14.9883,-4.0508],[14.9875,-4.0508],[14.9875,-4.0517]],[[15.005,-4.0592],[15.0033,-4.0525],[15.0025,-4.06],[15.005,-4.0592]],[[14.985,-4.055],[14.9817,-4.0575],[14.985,-4.0558],[14.985,-4.055]],[[14.9533,-4.0683],[14.9542,-4.0708],[14.955,-4.0683],[14.9533,-4.0683]],[[14.9442,-4.07],[14.94,-4.0775],[14.9525,-4.0758],[14.955,-4.0842],[14.9575,-4.085],[14.9567,-4.0783],[14.96,-4.0767],[14.9592,-4.0742],[14.9533,-4.0758],[14.9508,-4.0717],[14.9442,-4.07]],[[14.9633,-4.0783],[14.9642,-4.0758],[14.9633,-4.0758],[14.9633,-4.0783]],[[14.9367,-4.0808],[14.9375,-4.08],[14.9367,-4.08],[14.9367,-4.0808]],[[14.9575,-4.1067],[14.9583,-4.1058],[14.9575,-4.1058],[14.9575,-4.1067]]],[[[15.0167,-4.0283],[15.0125,-4.0325],[15.0117,-4.0292],[15.0083,-4.0325],[15.0142,-4.04],[15.0067,-4.0383],[15.0008,-4.0283],[15.0158,-4.0242],[15.0167,-4.0283]]],[[[14.9583,-4.0058],[14.9533,-4.0042],[14.955,-3.9983],[14.96,-4.0008],[14.9583,-4.0058]],[[14.9575,-4.0008],[14.9558,-4.0033],[14.9575,-4.0025],[14.9575,-4.0008]]],[[[14.9633,-3.9433],[14.9592,-3.9592],[14.9542,-3.96],[14.9542,-3.9642],[14.9508,-3.9642],[14.9492,-3.97],[14.945,-3.9692],[14.945,-3.9758],[14.95,-3.9733],[14.9492,-3.9783],[14.9517,-3.98],[14.9517,-3.9833],[14.95,-3.9792],[14.9475,-3.98],[14.9483,-3.9833],[14.9467,-3.9817],[14.9367,-3.9833],[14.9392,-3.9867],[14.9383,-3.9967],[14.9433,-3.9908],[14.9467,-3.9908],[14.9458,-4.0],[14.9408,-3.9975],[14.9342,-4.0],[14.9367,-4.0092],[14.9383,-4.01],[14.9392,-4.005],[14.9425,-4.01],[14.9417,-4.0142],[14.9375,-4.0158],[14.9342,-4.0083],[14.9292,-4.01],[14.9292,-4.0142],[14.9342,-4.0167],[14.925,-4.0275],[14.9258,-4.0292],[14.9225,-4.0258],[14.9225,-4.0308],[14.9258,-4.0342],[14.9192,-4.0367],[14.9167,-4.0308],[14.9208,-4.0292],[14.9208,-4.0233],[14.9167,-4.0208],[14.9167,-4.0175],[14.9225,-4.0183],[14.9233,-4.01],[14.9208,-4.0008],[14.915,-4.0042],[14.9067,-4.0025],[14.9025,-4.0058],[14.9,-4.0042],[14.8992,-3.9975],[14.8892,-4.0025],[14.885,-4.0],[14.8867,-3.9983],[14.8867,-4.0008],[14.8892,-4.0008],[14.8983,-3.9967],[14.8892,-3.995],[14.8942,-3.9925],[14.9025,-3.9925],[14.905,-3.9967],[14.9075,-3.9967],[14.9092,-3.9908],[14.915,-3.9908],[14.9133,-3.985],[14.9058,-3.9908],[14.8883,-3.9917],[14.8808,-3.9892],[14.8792,-3.98],[14.8833,-3.9775],[14.8875,-3.9783],[14.8817,-3.9808],[14.8817,-3.9858],[14.8883,-3.9892],[14.8992,-3.99],[14.9033,-3.9875],[14.9075,-3.9817],[14.8967,-3.9783],[14.9092,-3.9783],[14.9083,-3.9808],[14.915,-3.9792],[14.9092,-3.9775],[14.91,-3.9725],[14.905,-3.9725],[14.9008,-3.9683],[14.9092,-3.9617],[14.9108,-3.9658],[14.905,-3.9667],[14.9042,-3.9692],[14.915,-3.9683],[14.9158,-3.9742],[14.9208,-3.975],[14.9192,-3.9808],[14.925,-3.9825],[14.9233,-3.9917],[14.9283,-3.9992],[14.9283,-3.995],[14.9317,-3.995],[14.9325,-3.9925],[14.9267,-3.9908],[14.9267,-3.985],[14.9292,-3.9842],[14.9308,-3.9775],[14.935,-3.9775],[14.9358,-3.97],[14.94,-3.9742],[14.9383,-3.9783],[14.9433,-3.9775],[14.9425,-3.9667],[14.9492,-3.96],[14.9467,-3.9542],[14.9575,-3.9517],[14.96,-3.945],[14.9633,-3.9433]],[[14.9158,-3.9867],[14.9175,-3.9858],[14.9158,-3.9858],[14.9158,-3.9867]],[[14.9208,-3.9975],[14.9208,-3.995],[14.9175,-3.995],[14.9183,-3.9975],[14.9208,-3.9975]],[[14.9117,-3.9958],[14.9125,-3.9983],[14.915,-3.9983],[14.9142,-3.9958],[14.9117,-3.9958]],[[14.9292,-4.0],[14.9267,-4.005],[14.9292,-4.005],[14.9292,-4.0]],[[14.9258,-4.0175],[14.9267,-4.0158],[14.9258,-4.0158],[14.9258,-4.0175]],[[14.9192,-4.0208],[14.92,-4.0192],[14.9192,-4.0192],[14.9192,-4.0208]],[[14.92,-4.0317],[14.9183,-4.0325],[14.92,-4.0325],[14.92,-4.0317]],[[14.92,-4.0325],[14.9217,-4.0333],[14.9217,-4.0325],[14.92,-4.0325]]],[[[14.9833,-3.96],[14.9842,-3.9658],[14.9792,-3.9683],[14.9783,-3.9767],[14.9858,-3.9883],[14.9842,-3.9967],[14.9892,-3.9992],[14.9967,-3.9967],[14.9958,-3.9908],[14.9933,-3.9908],[14.9925,-3.9958],[14.9892,-3.9958],[14.9883,-3.9925],[14.9892,-3.9892],[14.9933,-3.99],[14.9933,-3.9875],[15.0,-3.9825],[15.0033,-3.9842],[15.0158,-3.9825],[15.0175,-3.9867],[15.0158,-3.9942],[15.0133,-3.9967],[15.0067,-3.995],[15.0133,-3.9883],[15.0083,-3.9883],[15.005,-3.9925],[15.0,-3.9883],[14.9992,-3.9983],[14.995,-4.0],[14.995,-4.0033],[14.99,-4.0042],[14.99,-4.0075],[14.9858,-4.01],[14.9842,-4.0092],[14.9858,-4.0017],[14.9825,-4.0025],[14.9808,-4.0092],[14.9742,-4.0075],[14.9742,-4.0033],[14.98,-3.9942],[14.9775,-3.9925],[14.9725,-3.995],[14.9725,-4.0033],[14.9683,-4.0025],[14.9658,-4.0075],[14.9617,-4.0075],[14.9608,-3.9992],[14.9658,-3.9925],[14.97,-3.9917],[14.97,-3.9883],[14.9733,-3.9892],[14.9725,-3.9925],[14.9775,-3.9892],[14.9825,-3.99],[14.98,-3.9858],[14.9775,-3.9883],[14.9717,-3.9867],[14.9767,-3.985],[14.9733,-3.9775],[14.9617,-3.9758],[14.9642,-3.9725],[14.9733,-3.9742],[14.9717,-3.9692],[14.9625,-3.9708],[14.9625,-3.9683],[14.9717,-3.9642],[14.98,-3.965],[14.9808,-3.9608],[14.9767,-3.9583],[14.9817,-3.9533],[14.9808,-3.9583],[14.9833,-3.96]],[[14.9675,-3.9975],[14.97,-3.9958],[14.9675,-3.9958],[14.9675,-3.9975]],[[14.97,-3.9967],[14.9717,-3.9975],[14.9717,-3.9967],[14.97,-3.9967]],[[14.9658,-4.005],[14.9633,-4.0033],[14.9633,-4.0058],[14.9658,-4.005]],[[14.9775,-4.0067],[14.9792,-4.0025],[14.9783,-4.0025],[14.9775,-4.0067]],[[14.9858,-4.0067],[14.9875,-4.005],[14.9858,-4.0058],[14.9858,-4.0067]]],[[[15.0,-3.9533],[15.005,-3.9533],[15.0092,-3.9517],[15.0042,-3.96],[15.0008,-3.96],[15.0,-3.9567],[14.995,-3.9542],[14.9942,-3.9492],[15.0,-3.9533]]],[[[14.9333,-3.9492],[14.935,-3.9525],[14.9308,-3.9542],[14.9317,-3.9417],[14.9358,-3.9433],[14.9333,-3.9492]]],[[[14.9208,-3.9433],[14.9242,-3.9525],[14.9208,-3.9533],[14.9183,-3.945],[14.915,-3.9467],[14.9158,-3.9408],[14.9208,-3.9433]]],[[[15.0267,-3.9242],[15.0142,-3.9392],[15.0075,-3.9442],[15.0125,-3.9333],[15.0183,-3.93],[15.02,-3.9258],[15.0267,-3.9242]]],[[[14.9633,-3.935],[14.9617,-3.9417],[14.9583,-3.9258],[14.96,-3.9258],[14.9633,-3.935]]],[[[14.9833,-3.9317],[14.985,-3.9217],[14.99,-3.9192],[14.9967,-3.92],[14.995,-3.915],[14.9967,-3.9125],[15.0058,-3.9125],[15.0058,-3.915],[15.0025,-3.915],[15.0025,-3.9183],[15.0075,-3.9225],[15.0008,-3.93],[15.0033,-3.935],[15.0017,-3.9408],[14.9983,-3.9425],[14.9975,-3.9292],[15.0017,-3.9233],[15.0,-3.9208],[14.9983,-3.9233],[14.9933,-3.9233],[14.995,-3.9375],[14.9925,-3.94],[14.9775,-3.9508],[14.97,-3.9508],[14.97,-3.9433],[14.9658,-3.9367],[14.9725,-3.9392],[14.9742,-3.9467],[14.98,-3.945],[14.9867,-3.9383],[14.985,-3.9358],[14.99,-3.935],[14.99,-3.9258],[14.9883,-3.9325],[14.9833,-3.9317]],[[14.9892,-3.9258],[14.9883,-3.9242],[14.9883,-3.9258],[14.9892,-3.9258]]],[[[14.9792,-3.9283],[14.9742,-3.9383],[14.9717,-3.9383],[14.9708,-3.9342],[14.9667,-3.935],[14.9717,-3.9225],[14.9792,-3.9225],[14.9792,-3.9283]]],[[[14.955,-3.9308],[14.9517,-3.9317],[14.9483,-3.9275],[14.95,-3.9242],[14.9567,-3.9258],[14.955,-3.9308]]],[[[14.9192,-3.9067],[14.9233,-3.905],[14.9258,-3.9092],[14.9283,-3.9083],[14.9275,-3.9133],[14.93,-3.9133],[14.9308,-3.91],[14.9333,-3.9167],[14.935,-3.9117],[14.9383,-3.9108],[14.9342,-3.9192],[14.935,-3.9233],[14.9292,-3.9275],[14.9308,-3.9342],[14.9275,-3.9383],[14.9192,-3.935],[14.92,-3.9183],[14.9233,-3.9267],[14.93,-3.9233],[14.93,-3.9208],[14.9233,-3.9217],[14.9192,-3.9067]],[[14.9225,-3.9142],[14.9267,-3.915],[14.9258,-3.9108],[14.9208,-3.9075],[14.9225,-3.9142]],[[14.9258,-3.9183],[14.93,-3.9167],[14.9258,-3.9158],[14.9258,-3.9183]],[[14.9258,-3.9325],[14.9242,-3.93],[14.9242,-3.9325],[14.9258,-3.9325]]],[[[14.9575,-3.9233],[14.9558,-3.915],[14.9608,-3.9125],[14.9592,-3.9233],[14.9575,-3.9233]]],[[[14.9708,-3.9142],[14.9633,-3.9208],[14.965,-3.9142],[14.9608,-3.9125],[14.9608,-3.9092],[14.9692,-3.9108],[14.9708,-3.9142]]],[[[14.9425,-3.8992],[14.9508,-3.9033],[14.95,-3.9092],[14.9425,-3.9117],[14.9433,-3.9067],[14.9383,-3.9042],[14.9467,-3.9058],[14.9475,-3.9033],[14.9408,-3.9008],[14.9408,-3.895],[14.9475,-3.8933],[14.9467,-3.8967],[14.9425,-3.8967],[14.9425,-3.8992]]],[[[14.9392,-3.8983],[14.935,-3.9033],[14.9367,-3.9],[14.935,-3.8992],[14.93,-3.9008],[14.9283,-3.905],[14.9275,-3.9],[14.9375,-3.8958],[14.9392,-3.8983]]],[[[14.9692,-3.8958],[14.9617,-3.9],[14.9592,-3.8933],[14.9617,-3.8925],[14.9633,-3.8958],[14.9683,-3.8917],[14.9692,-3.8958]]],[[[15.005,-3.8817],[15.0033,-3.895],[15.0067,-3.895],[15.0083,-3.8875],[15.0158,-3.885],[15.02,-3.88],[15.02,-3.8842],[15.0042,-3.8992],[14.9942,-3.8992],[14.9908,-3.9042],[14.9883,-3.9042],[14.9808,-3.8992],[14.9808,-3.8958],[14.9775,-3.8958],[14.9775,-3.9033],[14.9758,-3.9025],[14.9758,-3.89],[14.9825,-3.8917],[14.9842,-3.8958],[14.9883,-3.8975],[14.9992,-3.8942],[14.9975,-3.8867],[14.99,-3.8808],[14.9992,-3.8833],[15.0017,-3.8792],[15.005,-3.8817]]],[[[14.9592,-3.8833],[14.955,-3.8825],[14.9467,-3.8908],[14.9408,-3.8908],[14.9542,-3.8808],[14.965,-3.88],[14.9592,-3.8833]]],[[[14.9592,-3.87],[14.9467,-3.8733],[14.9525,-3.8667],[14.9608,-3.8658],[14.9592,-3.87]]],[[[15.0242,-3.87],[15.015,-3.8708],[15.0117,-3.8675],[15.0233,-3.8633],[15.0217,-3.8683],[15.0242,-3.87]]],[[[15.015,-3.8508],[15.0033,-3.8533],[14.9842,-3.8708],[14.975,-3.875],[14.9733,-3.8783],[14.965,-3.88],[14.9908,-3.8625],[15.0025,-3.8508],[15.02,-3.8467],[15.015,-3.8508]]],[[[14.9133,-3.845],[14.9142,-3.8533],[14.9233,-3.8625],[14.925,-3.8675],[14.9292,-3.8625],[14.9225,-3.8592],[14.9158,-3.85],[14.9142,-3.8425],[14.9167,-3.8425],[14.9283,-3.855],[14.9317,-3.8533],[14.935,-3.855],[14.935,-3.8642],[14.93,-3.8725],[14.9225,-3.8717],[14.9133,-3.8633],[14.9142,-3.8567],[14.9108,-3.8458],[14.9083,-3.8458],[14.9067,-3.84],[14.9042,-3.8392],[14.9083,-3.8392],[14.91,-3.8442],[14.9133,-3.845]],[[14.9275,-3.86],[14.9283,-3.8608],[14.9283,-3.86],[14.9275,-3.86]]],[[[14.9367,-3.85],[14.9367,-3.8467],[14.9392,-3.8458],[14.9308,-3.8392],[14.9275,-3.84],[14.9292,-3.8367],[14.9433,-3.8417],[14.9542,-3.8525],[14.9675,-3.8542],[14.9683,-3.8517],[14.9725,-3.8517],[14.97,-3.8592],[14.9733,-3.8625],[14.9733,-3.8675],[14.9667,-3.8708],[14.9717,-3.8642],[14.97,-3.8608],[14.9583,-3.86],[14.9542,-3.8625],[14.945,-3.8542],[14.945,-3.8492],[14.9433,-3.8525],[14.9367,-3.85]],[[14.9442,-3.8492],[14.9433,-3.8483],[14.9433,-3.8492],[14.9442,-3.8492]]],[[[14.9917,-3.8483],[14.9942,-3.8442],[15.0017,-3.8442],[14.9992,-3.8483],[14.9917,-3.8483]]],[[[14.9508,-3.8325],[14.9492,-3.8392],[14.9558,-3.8483],[14.9658,-3.8417],[14.9725,-3.8425],[14.9658,-3.8442],[14.9608,-3.8492],[14.955,-3.8492],[14.9442,-3.8375],[14.945,-3.8358],[14.94,-3.835],[14.9458,-3.8275],[14.9508,-3.8325]]],[[[14.9233,-3.8275],[14.9275,-3.8275],[14.935,-3.8225],[14.9375,-3.8225],[14.9392,-3.8267],[14.9358,-3.8317],[14.925,-3.8308],[14.9125,-3.8392],[14.9058,-3.835],[14.9075,-3.83],[14.9192,-3.8258],[14.925,-3.8175],[14.9233,-3.8275]],[[14.9083,-3.8325],[14.9125,-3.835],[14.9217,-3.8283],[14.915,-3.8292],[14.9125,-3.8325],[14.9083,-3.8325]]],[[[14.9817,-3.7817],[14.985,-3.7783],[14.9808,-3.7783],[14.9808,-3.7733],[14.9858,-3.77],[14.98,-3.765],[14.9792,-3.7725],[14.9725,-3.775],[14.9758,-3.7675],[14.9742,-3.7583],[14.9658,-3.7533],[14.9542,-3.7525],[14.965,-3.7508],[14.97,-3.7533],[14.97,-3.7517],[14.9675,-3.75],[14.9483,-3.7483],[14.9492,-3.745],[14.9408,-3.7425],[14.94,-3.7383],[14.9442,-3.7367],[14.9425,-3.74],[14.9508,-3.7442],[14.9683,-3.745],[14.9742,-3.7492],[14.9858,-3.7475],[14.9892,-3.7508],[14.9908,-3.7467],[14.9875,-3.7442],[14.9867,-3.7375],[14.9908,-3.7383],[14.9908,-3.7367],[14.9825,-3.7242],[14.975,-3.7233],[14.97,-3.7275],[14.9667,-3.725],[14.9608,-3.7275],[14.9717,-3.7208],[14.9817,-3.72],[14.9908,-3.7275],[14.9933,-3.7433],[14.9992,-3.7483],[15.005,-3.7492],[15.01,-3.7417],[15.0025,-3.7383],[15.0,-3.7308],[15.0058,-3.725],[15.0058,-3.72],[15.0175,-3.72],[15.0158,-3.7242],[15.0175,-3.73],[15.0142,-3.7325],[15.015,-3.74],[15.0317,-3.7417],[15.0375,-3.7442],[15.0408,-3.7492],[15.03,-3.7483],[15.0275,-3.7525],[15.0183,-3.7517],[15.02,-3.7508],[15.0183,-3.7475],[15.0333,-3.7467],[15.0333,-3.745],[15.0175,-3.7425],[15.015,-3.7475],[15.0167,-3.7533],[15.0133,-3.7567],[15.0067,-3.7558],[15.0033,-3.7592],[14.9992,-3.7558],[14.9958,-3.7567],[14.9992,-3.765],[14.9933,-3.7658],[14.9925,-3.77],[14.9967,-3.7742],[14.9883,-3.7708],[14.9875,-3.7725],[14.9975,-3.78],[15.0033,-3.7775],[15.0033,-3.7708],[15.0058,-3.7708],[15.0067,-3.7658],[15.0125,-3.7667],[15.0083,-3.7642],[15.0083,-3.7608],[15.0108,-3.7617],[15.0142,-3.7575],[15.0158,-3.7617],[15.0125,-3.7692],[15.015,-3.7758],[15.0125,-3.78],[15.0183,-3.7808],[15.0183,-3.7875],[15.0142,-3.7867],[15.0158,-3.7942],[15.0133,-3.8],[15.0158,-3.8067],[15.01,-3.8183],[15.0075,-3.8183],[15.0075,-3.8242],[15.0142,-3.8258],[15.0158,-3.8308],[15.0083,-3.835],[14.9942,-3.835],[14.9875,-3.8408],[14.9825,-3.8508],[14.9767,-3.8492],[14.98,-3.8542],[14.9767,-3.8567],[14.9733,-3.85],[14.9675,-3.8483],[14.9808,-3.8425],[14.9883,-3.8325],[14.995,-3.83],[15.0117,-3.8308],[15.0,-3.8267],[15.0008,-3.8208],[15.0,-3.8208],[14.9958,-3.8275],[14.99,-3.8267],[14.9883,-3.83],[14.985,-3.83],[14.9842,-3.835],[14.9792,-3.8383],[14.9642,-3.8392],[14.9608,-3.835],[14.9608,-3.8292],[14.9642,-3.8242],[14.9658,-3.8242],[14.9642,-3.8317],[14.9667,-3.8333],[14.9708,-3.83],[14.9783,-3.8308],[14.97,-3.8225],[14.9717,-3.8183],[14.9758,-3.8225],[14.9767,-3.8167],[14.9858,-3.8242],[14.9892,-3.8192],[14.9942,-3.8175],[14.9933,-3.8125],[14.9867,-3.8117],[14.9833,-3.8142],[14.9842,-3.8083],[14.9875,-3.8083],[14.985,-3.805],[14.9792,-3.8058],[14.985,-3.7975],[14.9817,-3.7975],[14.9758,-3.8067],[14.9708,-3.8092],[14.97,-3.7983],[14.975,-3.8033],[14.9775,-3.8008],[14.9708,-3.795],[14.9825,-3.7958],[14.9742,-3.79],[14.975,-3.7825],[14.9767,-3.7883],[14.9842,-3.7933],[14.9833,-3.7892],[14.9792,-3.7883],[14.9775,-3.785],[14.9792,-3.7825],[14.9817,-3.7867],[14.985,-3.7867],[14.9817,-3.7817]],[[14.985,-3.79],[14.9875,-3.7908],[14.9858,-3.7867],[14.985,-3.7867],[14.985,-3.79]],[[14.9917,-3.75],[14.9917,-3.7525],[14.9933,-3.7533],[14.9942,-3.7508],[14.9917,-3.75]],[[14.9733,-3.7525],[14.9725,-3.7533],[14.9733,-3.7533],[14.9733,-3.7525]],[[14.9733,-3.7542],[14.98,-3.7542],[14.9892,-3.7617],[14.9825,-3.7525],[14.9733,-3.7542]],[[14.9858,-3.7767],[14.9858,-3.7742],[14.9842,-3.7742],[14.9833,-3.7767],[14.9858,-3.7767]],[[14.9942,-3.7842],[14.995,-3.7817],[14.9942,-3.7817],[14.9942,-3.7842]],[[14.9992,-3.7825],[15.0,-3.7817],[14.9992,-3.7817],[14.9992,-3.7825]],[[14.99,-3.7867],[14.9917,-3.7892],[14.9933,-3.7883],[14.9925,-3.7867],[14.99,-3.7867]],[[15.005,-3.7933],[15.0075,-3.7925],[15.0067,-3.795],[15.0092,-3.795],[15.01,-3.79],[15.005,-3.79],[15.005,-3.7933]],[[15.0067,-3.795],[15.0058,-3.7958],[15.0067,-3.7958],[15.0067,-3.795]],[[15.005,-3.7958],[15.0,-3.7992],[15.0042,-3.8033],[15.005,-3.8092],[15.0,-3.8017],[14.9933,-3.8017],[14.9975,-3.8083],[14.9967,-3.8133],[15.0017,-3.8142],[15.0008,-3.8192],[15.0042,-3.8133],[15.0092,-3.8117],[15.01,-3.8033],[15.005,-3.8008],[15.005,-3.7958]],[[14.9917,-3.7992],[14.9925,-3.7983],[14.9917,-3.7983],[14.9917,-3.7992]]],[[[14.9433,-3.7483],[14.95,-3.76],[14.95,-3.7708],[14.9583,-3.7683],[14.9625,-3.7717],[14.9625,-3.7675],[14.9667,-3.77],[14.9633,-3.7783],[14.9675,-3.7808],[14.9683,-3.7858],[14.9625,-3.7825],[14.9583,-3.7842],[14.9508,-3.7808],[14.9508,-3.7775],[14.96,-3.7767],[14.9575,-3.7725],[14.9525,-3.7725],[14.9492,-3.7758],[14.945,-3.785],[14.9408,-3.7833],[14.9425,-3.7858],[14.9408,-3.7908],[14.945,-3.79],[14.9467,-3.7933],[14.9483,-3.7933],[14.9475,-3.7875],[14.9517,-3.7892],[14.9525,-3.7842],[14.9567,-3.79],[14.9617,-3.7875],[14.9625,-3.795],[14.965,-3.7917],[14.9625,-3.7858],[14.9675,-3.7892],[14.9683,-3.8058],[14.9658,-3.8058],[14.965,-3.8017],[14.9625,-3.8042],[14.9608,-3.8025],[14.9633,-3.8067],[14.9617,-3.8108],[14.965,-3.8125],[14.9575,-3.8117],[14.9633,-3.8175],[14.945,-3.8133],[14.9283,-3.8233],[14.9292,-3.8192],[14.9367,-3.8175],[14.9417,-3.8133],[14.9308,-3.8117],[14.945,-3.8092],[14.945,-3.805],[14.9475,-3.8033],[14.9467,-3.8],[14.9442,-3.8],[14.9408,-3.8042],[14.9333,-3.8058],[14.9308,-3.8],[14.9292,-3.8067],[14.9208,-3.8108],[14.9192,-3.82],[14.9033,-3.8283],[14.9067,-3.8233],[14.8992,-3.8183],[14.8967,-3.8075],[14.9008,-3.8117],[14.9,-3.8158],[14.9017,-3.8175],[14.9067,-3.8158],[14.9083,-3.8217],[14.9183,-3.8083],[14.9267,-3.8058],[14.9258,-3.8008],[14.9325,-3.7908],[14.9325,-3.7858],[14.9267,-3.7908],[14.9275,-3.785],[14.9258,-3.785],[14.9217,-3.7867],[14.9142,-3.7975],[14.9083,-3.795],[14.9125,-3.795],[14.9142,-3.7917],[14.9067,-3.7917],[14.9025,-3.7975],[14.8992,-3.7975],[14.8992,-3.7925],[14.9025,-3.7958],[14.9067,-3.7883],[14.9208,-3.7867],[14.9208,-3.7825],[14.925,-3.7792],[14.9242,-3.7775],[14.9208,-3.7817],[14.9175,-3.7817],[14.9192,-3.7775],[14.9133,-3.7767],[14.9125,-3.7825],[14.9083,-3.7808],[14.9042,-3.7858],[14.9042,-3.79],[14.9008,-3.7892],[14.9,-3.7833],[14.9033,-3.7842],[14.9042,-3.78],[14.9117,-3.775],[14.9117,-3.77],[14.915,-3.7742],[14.9175,-3.7708],[14.9175,-3.7667],[14.9067,-3.7633],[14.9067,-3.7583],[14.9158,-3.7508],[14.9092,-3.7592],[14.9158,-3.7625],[14.9175,-3.7608],[14.9158,-3.7533],[14.9192,-3.7533],[14.9192,-3.75],[14.925,-3.7475],[14.9233,-3.755],[14.9267,-3.7542],[14.9292,-3.7575],[14.9267,-3.7592],[14.9225,-3.7558],[14.9183,-3.7608],[14.9258,-3.7667],[14.9242,-3.77],[14.9258,-3.7767],[14.94,-3.7833],[14.9383,-3.78],[14.9442,-3.7742],[14.9408,-3.765],[14.945,-3.76],[14.9417,-3.7617],[14.9392,-3.7575],[14.9442,-3.7592],[14.945,-3.755],[14.9375,-3.7467],[14.93,-3.75],[14.9283,-3.745],[14.9375,-3.7433],[14.9433,-3.7483]],[[14.9475,-3.7675],[14.9492,-3.765],[14.9475,-3.765],[14.9475,-3.7675]],[[14.9442,-3.78],[14.945,-3.7783],[14.9442,-3.7783],[14.9442,-3.78]],[[14.9608,-3.7808],[14.9633,-3.7792],[14.9608,-3.7792],[14.9608,-3.7808]],[[14.9392,-3.7917],[14.9383,-3.7942],[14.9375,-3.795],[14.94,-3.7942],[14.9392,-3.7917]],[[14.9583,-3.7975],[14.9517,-3.8075],[14.9583,-3.8033],[14.9583,-3.7975]],[[14.9633,-3.7975],[14.9617,-3.8008],[14.9625,-3.8008],[14.9633,-3.7975]],[[14.9408,-3.8008],[14.9383,-3.8],[14.9383,-3.8025],[14.9408,-3.8008]]],[[[14.9283,-3.72],[14.9325,-3.7333],[14.9275,-3.7317],[14.925,-3.7258],[14.92,-3.7292],[14.92,-3.7258],[14.9242,-3.72],[14.9283,-3.72]]],[[[14.9583,-3.72],[14.9433,-3.7283],[14.9383,-3.7333],[14.9383,-3.7283],[14.9417,-3.7242],[14.9492,-3.7242],[14.9475,-3.72],[14.9583,-3.72]]],[[[15.07,-4.9883],[15.0675,-4.99],[15.0625,-4.9875],[15.0558,-4.99],[15.0617,-4.9858],[15.0675,-4.9867],[15.0692,-4.9833],[15.07,-4.9883]]],[[[15.075,-4.9475],[15.0708,-4.9508],[15.0675,-4.9442],[15.07,-4.9433],[15.0692,-4.9458],[15.0717,-4.9458],[15.0725,-4.9425],[15.0767,-4.9433],[15.0733,-4.945],[15.075,-4.9475]]],[[[15.095,-4.8017],[15.095,-4.8108],[15.0917,-4.8133],[15.0883,-4.8125],[15.0858,-4.8192],[15.09,-4.8175],[15.0892,-4.8142],[15.1025,-4.815],[15.1017,-4.8175],[15.0933,-4.8183],[15.1033,-4.8192],[15.1067,-4.8233],[15.095,-4.8225],[15.0917,-4.8192],[15.0825,-4.8225],[15.0883,-4.8092],[15.0875,-4.7967],[15.0892,-4.8008],[15.0925,-4.7992],[15.095,-4.8017]],[[15.09,-4.8067],[15.0925,-4.8067],[15.0908,-4.8008],[15.09,-4.8008],[15.09,-4.8067]],[[15.0917,-4.81],[15.0925,-4.8092],[15.0917,-4.8092],[15.0917,-4.81]]],[[[15.0492,-4.725],[15.0458,-4.7242],[15.045,-4.715],[15.0492,-4.715],[15.0492,-4.725]]],[[[15.0758,-4.7117],[15.0867,-4.7183],[15.0833,-4.725],[15.0775,-4.7258],[15.075,-4.72],[15.0717,-4.7208],[15.0717,-4.7183],[15.075,-4.7175],[15.0783,-4.7242],[15.0833,-4.7217],[15.0833,-4.7175],[15.0783,-4.7167],[15.0758,-4.7117]]],[[[15.0625,-4.7158],[15.06,-4.7083],[15.0575,-4.7133],[15.0633,-4.72],[15.0575,-4.7225],[15.06,-4.7183],[15.0558,-4.7142],[15.0558,-4.7092],[15.0592,-4.7058],[15.0633,-4.7075],[15.0625,-4.7158]]],[[[15.0875,-4.7008],[15.0817,-4.7042],[15.0858,-4.6992],[15.085,-4.6958],[15.0825,-4.6958],[15.0833,-4.7],[15.08,-4.7008],[15.08,-4.695],[15.0825,-4.6925],[15.0867,-4.6933],[15.0875,-4.7008]]],[[[15.0458,-4.6817],[15.0433,-4.6908],[15.0442,-4.6942],[15.0408,-4.6958],[15.0433,-4.6875],[15.0383,-4.69],[15.0392,-4.6858],[15.0358,-4.6858],[15.0333,-4.6808],[15.0433,-4.68],[15.0458,-4.6817]]],[[[15.0708,-4.6767],[15.0658,-4.6817],[15.0683,-4.6758],[15.0658,-4.6742],[15.065,-4.6842],[15.0625,-4.6842],[15.0633,-4.6742],[15.0608,-4.6742],[15.06,-4.6692],[15.065,-4.6725],[15.065,-4.6692],[15.0692,-4.6675],[15.0708,-4.6767]]],[[[15.0333,-4.52],[15.0375,-4.5208],[15.0333,-4.5275],[15.0367,-4.5283],[15.0383,-4.5325],[15.045,-4.5267],[15.0442,-4.5233],[15.05,-4.5208],[15.0492,-4.5183],[15.0608,-4.5142],[15.04,-4.5342],[15.0317,-4.5317],[15.0242,-4.5425],[15.0183,-4.5433],[15.025,-4.5342],[15.0217,-4.5317],[15.0267,-4.5267],[15.0292,-4.5308],[15.0317,-4.5308],[15.03,-4.5242],[15.0342,-4.5225],[15.0283,-4.5208],[15.03,-4.5133],[15.035,-4.515],[15.0333,-4.52]],[[15.0325,-4.5167],[15.0317,-4.5158],[15.0317,-4.5167],[15.0325,-4.5167]],[[15.0317,-4.5167],[15.0308,-4.5183],[15.0317,-4.5183],[15.0317,-4.5167]]],[[[15.0717,-4.5167],[15.0783,-4.5092],[15.0842,-4.5092],[15.075,-4.515],[15.0783,-4.5167],[15.0775,-4.5192],[15.0717,-4.5208],[15.0725,-4.5258],[15.0767,-4.5292],[15.07,-4.525],[15.0692,-4.5275],[15.0642,-4.525],[15.0625,-4.5283],[15.0683,-4.5333],[15.0617,-4.5317],[15.0608,-4.5342],[15.0492,-4.54],[15.0492,-4.5467],[15.0392,-4.5442],[15.04,-4.5417],[15.0442,-4.5433],[15.0492,-4.5358],[15.0575,-4.5317],[15.0617,-4.5217],[15.0717,-4.5167]],[[15.0642,-4.5233],[15.0675,-4.5233],[15.0675,-4.5208],[15.0642,-4.5208],[15.0642,-4.5233]],[[15.0458,-4.5442],[15.0475,-4.5433],[15.0458,-4.5433],[15.0458,-4.5442]]],[[[15.0933,-4.4883],[15.0858,-4.4942],[15.0833,-4.4942],[15.0808,-4.49],[15.0817,-4.4875],[15.0833,-4.4917],[15.0892,-4.4858],[15.0875,-4.4842],[15.0892,-4.48],[15.095,-4.4825],[15.0933,-4.4883]],[[15.09,-4.4842],[15.0908,-4.4817],[15.09,-4.4817],[15.09,-4.4842]]],[[[15.0392,-4.4733],[15.0317,-4.4758],[15.0267,-4.4708],[15.03,-4.4667],[15.0375,-4.4658],[15.0392,-4.4733]],[[15.0367,-4.4717],[15.0308,-4.4692],[15.0325,-4.4725],[15.0367,-4.4717]]],[[[15.0417,-4.4625],[15.0325,-4.4633],[15.0325,-4.46],[15.035,-4.4592],[15.0325,-4.4558],[15.0383,-4.4575],[15.0433,-4.4542],[15.0417,-4.4625]],[[15.0392,-4.4617],[15.0392,-4.4592],[15.0367,-4.4592],[15.0367,-4.4608],[15.0392,-4.4617]]],[[[15.0333,-4.4417],[15.0292,-4.4408],[15.0267,-4.4433],[15.0358,-4.4442],[15.0358,-4.4408],[15.04,-4.4392],[15.0367,-4.4475],[15.0242,-4.4442],[15.0258,-4.4392],[15.035,-4.4392],[15.0333,-4.4417]]],[[[15.0233,-4.4375],[15.0217,-4.4408],[15.0158,-4.4408],[15.0183,-4.4383],[15.0158,-4.4375],[15.0175,-4.435],[15.0233,-4.4375]],[[15.0183,-4.4375],[15.0208,-4.4367],[15.0183,-4.4367],[15.0183,-4.4375]]],[[[15.0667,-4.4283],[15.0758,-4.4308],[15.0775,-4.4242],[15.0783,-4.4267],[15.0808,-4.4275],[15.0817,-4.4217],[15.0783,-4.4225],[15.08,-4.42],[15.0833,-4.4208],[15.0817,-4.4242],[15.0833,-4.43],[15.0908,-4.4317],[15.0908,-4.4283],[15.0942,-4.4308],[15.0925,-4.4275],[15.095,-4.4275],[15.0958,-4.4308],[15.0925,-4.4375],[15.0892,-4.4375],[15.0908,-4.4342],[15.085,-4.4325],[15.0883,-4.4367],[15.0833,-4.4383],[15.0792,-4.4375],[15.0783,-4.4325],[15.0758,-4.4317],[15.0742,-4.435],[15.0708,-4.435],[15.0742,-4.4392],[15.0708,-4.4433],[15.065,-4.4375],[15.0625,-4.4308],[15.0675,-4.4317],[15.0667,-4.4283]],[[15.0675,-4.435],[15.0692,-4.4333],[15.0683,-4.4317],[15.0675,-4.4317],[15.0675,-4.435]],[[15.0792,-4.43],[15.08,-4.4292],[15.0792,-4.4292],[15.0792,-4.43]],[[15.0733,-4.4317],[15.0708,-4.4325],[15.0733,-4.4333],[15.0733,-4.4317]],[[15.0808,-4.4333],[15.0817,-4.435],[15.0833,-4.435],[15.0808,-4.4333]],[[15.0708,-4.4383],[15.07,-4.4392],[15.0708,-4.4392],[15.0708,-4.4383]],[[15.0708,-4.4392],[15.0717,-4.44],[15.0717,-4.4392],[15.0708,-4.4392]]],[[[15.0667,-4.3758],[15.0608,-4.3775],[15.06,-4.3817],[15.0642,-4.3833],[15.0608,-4.3858],[15.0642,-4.3892],[15.0675,-4.385],[15.0675,-4.3892],[15.0658,-4.3908],[15.06,-4.3892],[15.0592,-4.395],[15.0533,-4.3933],[15.0508,-4.3958],[15.0533,-4.4017],[15.0575,-4.4],[15.06,-4.4025],[15.0608,-4.4075],[15.0667,-4.3975],[15.0692,-4.3975],[15.07,-4.4042],[15.0725,-4.4042],[15.0717,-4.3975],[15.0783,-4.3992],[15.0775,-4.4033],[15.0683,-4.4067],[15.0675,-4.41],[15.0708,-4.4108],[15.07,-4.4125],[15.0608,-4.415],[15.0617,-4.4175],[15.0642,-4.4167],[15.065,-4.4208],[15.0608,-4.4233],[15.0608,-4.4258],[15.0558,-4.4183],[15.0483,-4.4183],[15.045,-4.4217],[15.0467,-4.4175],[15.0442,-4.4158],[15.0483,-4.4125],[15.0458,-4.41],[15.04,-4.41],[15.0375,-4.4167],[15.0367,-4.41],[15.0425,-4.405],[15.0525,-4.4083],[15.0508,-4.4158],[15.055,-4.4133],[15.0558,-4.405],[15.0492,-4.405],[15.0483,-4.4],[15.0425,-4.3958],[15.0392,-4.3958],[15.0425,-4.3983],[15.0425,-4.4017],[15.0325,-4.41],[15.0358,-4.4125],[15.0342,-4.4158],[15.0308,-4.4092],[15.0333,-4.4033],[15.0383,-4.4008],[15.0342,-4.395],[15.0367,-4.3925],[15.0483,-4.395],[15.0442,-4.3875],[15.0375,-4.3875],[15.0375,-4.3858],[15.045,-4.3858],[15.0392,-4.38],[15.0583,-4.3867],[15.06,-4.3858],[15.0567,-4.3825],[15.0583,-4.3767],[15.0558,-4.3767],[15.0558,-4.3825],[15.0542,-4.3775],[15.0558,-4.375],[15.0592,-4.3767],[15.0642,-4.375],[15.065,-4.3708],[15.0617,-4.37],[15.0625,-4.3675],[15.0667,-4.3692],[15.0667,-4.3758]],[[15.0483,-4.3875],[15.0492,-4.3908],[15.0558,-4.39],[15.0558,-4.3883],[15.0483,-4.3875]],[[15.0683,-4.4008],[15.0658,-4.4],[15.065,-4.405],[15.0675,-4.4042],[15.0683,-4.4008]],[[15.0733,-4.4017],[15.075,-4.4008],[15.0733,-4.4008],[15.0733,-4.4017]],[[15.06,-4.4117],[15.06,-4.4092],[15.0567,-4.4075],[15.0567,-4.4117],[15.06,-4.4117]],[[15.0583,-4.4158],[15.0575,-4.4167],[15.0583,-4.4167],[15.0583,-4.4158]],[[15.0583,-4.4167],[15.0592,-4.4175],[15.0592,-4.4167],[15.0583,-4.4167]]],[[[15.0933,-4.3992],[15.0908,-4.3942],[15.0958,-4.3967],[15.1,-4.3917],[15.0992,-4.3975],[15.0933,-4.3992]]],[[[15.075,-4.3858],[15.0783,-4.3908],[15.0717,-4.3858],[15.0808,-4.3825],[15.0792,-4.385],[15.0867,-4.3858],[15.0875,-4.3908],[15.09,-4.3917],[15.0825,-4.3958],[15.0792,-4.3908],[15.0842,-4.3925],[15.085,-4.3883],[15.0808,-4.3883],[15.0792,-4.3858],[15.075,-4.3858]],[[15.085,-4.3883],[15.0858,-4.3875],[15.085,-4.3875],[15.085,-4.3883]]],[[[15.0217,-4.3617],[15.0292,-4.375],[15.0292,-4.3783],[15.0242,-4.3733],[15.0217,-4.3617]]],[[[15.0967,-4.3533],[15.0942,-4.3617],[15.0858,-4.3625],[15.0875,-4.3675],[15.0933,-4.3642],[15.0983,-4.37],[15.1,-4.3675],[15.0983,-4.3642],[15.1025,-4.3625],[15.1058,-4.3675],[15.1125,-4.3683],[15.1075,-4.3708],[15.1075,-4.3742],[15.115,-4.3717],[15.1125,-4.3767],[15.1025,-4.375],[15.105,-4.3683],[15.1,-4.3742],[15.0942,-4.3725],[15.0933,-4.3675],[15.0858,-4.3725],[15.0858,-4.3667],[15.0817,-4.365],[15.0817,-4.3617],[15.0858,-4.3558],[15.0908,-4.3592],[15.0925,-4.3558],[15.0892,-4.3533],[15.0817,-4.3558],[15.0733,-4.355],[15.0883,-4.3492],[15.0967,-4.3533]],[[15.1025,-4.365],[15.1008,-4.3667],[15.1033,-4.3667],[15.1025,-4.365]]],[[[15.0358,-4.3642],[15.0342,-4.3683],[15.0367,-4.3717],[15.035,-4.3717],[15.0308,-4.3675],[15.0333,-4.3633],[15.0308,-4.355],[15.0342,-4.3533],[15.0375,-4.3533],[15.0342,-4.3558],[15.0358,-4.3642]]],[[[15.0442,-4.35],[15.0517,-4.3575],[15.0492,-4.3525],[15.0533,-4.3525],[15.0533,-4.36],[15.0508,-4.3617],[15.0475,-4.36],[15.0433,-4.3533],[15.0442,-4.35]]],[[[15.0667,-4.3575],[15.0708,-4.3567],[15.0708,-4.3592],[15.0633,-4.3592],[15.0633,-4.3558],[15.0592,-4.3525],[15.0575,-4.355],[15.0608,-4.3558],[15.0625,-4.36],[15.0575,-4.3583],[15.0567,-4.3517],[15.065,-4.3525],[15.0667,-4.3575]]],[[[15.0242,-4.3533],[15.0333,-4.3508],[15.0317,-4.3542],[15.0283,-4.3542],[15.0233,-4.36],[15.0258,-4.3625],[15.0192,-4.36],[15.0217,-4.3475],[15.0242,-4.3533]],[[15.0217,-4.3567],[15.0233,-4.355],[15.0217,-4.3558],[15.0217,-4.3567]]],[[[15.0775,-4.3233],[15.0725,-4.3333],[15.0733,-4.34],[15.0717,-4.335],[15.065,-4.3367],[15.0667,-4.3317],[15.0683,-4.33],[15.0725,-4.3317],[15.0775,-4.3233]]],[[[15.0617,-4.3317],[15.065,-4.33],[15.0625,-4.3342],[15.0575,-4.3375],[15.0517,-4.3375],[15.0483,-4.3283],[15.05,-4.3258],[15.0592,-4.3258],[15.0592,-4.3292],[15.0617,-4.3292],[15.0617,-4.3317]],[[15.0575,-4.3292],[15.0542,-4.33],[15.0517,-4.3275],[15.0508,-4.3333],[15.0567,-4.3333],[15.0575,-4.3292]]],[[[15.06,-4.315],[15.0508,-4.3233],[15.0458,-4.3225],[15.0558,-4.3167],[15.0533,-4.3133],[15.0492,-4.32],[15.0467,-4.32],[15.0508,-4.3117],[15.0558,-4.3117],[15.06,-4.315]]],[[[15.0908,-4.3158],[15.0908,-4.3208],[15.085,-4.3208],[15.0858,-4.3233],[15.0833,-4.3233],[15.0842,-4.3125],[15.0883,-4.3183],[15.0867,-4.31],[15.0908,-4.3158]]],[[[15.08,-4.3175],[15.075,-4.3192],[15.0733,-4.315],[15.0775,-4.3117],[15.0808,-4.3142],[15.08,-4.3175]],[[15.0767,-4.3167],[15.0783,-4.315],[15.0758,-4.315],[15.0767,-4.3167]]],[[[15.0217,-4.3133],[15.0192,-4.3125],[15.0142,-4.3192],[15.0142,-4.3142],[15.0183,-4.3092],[15.0233,-4.3108],[15.0217,-4.3133]]],[[[15.0825,-4.3075],[15.0883,-4.3025],[15.085,-4.3092],[15.08,-4.3108],[15.0758,-4.3],[15.0825,-4.3075]]],[[[15.0217,-4.3008],[15.035,-4.3017],[15.0358,-4.3092],[15.0325,-4.3033],[15.025,-4.3092],[15.025,-4.3017],[15.015,-4.3092],[15.015,-4.3058],[15.0217,-4.3008]]],[[[15.0875,-4.2975],[15.0925,-4.2933],[15.0917,-4.2908],[15.0883,-4.2908],[15.0867,-4.295],[15.0867,-4.2892],[15.0917,-4.2875],[15.0942,-4.2975],[15.0875,-4.2975]]],[[[15.08,-4.2783],[15.0692,-4.29],[15.0583,-4.2892],[15.06,-4.295],[15.0533,-4.2908],[15.0542,-4.2883],[15.06,-4.2867],[15.0592,-4.2833],[15.0558,-4.2825],[15.0542,-4.2867],[15.0508,-4.2867],[15.0467,-4.2825],[15.0425,-4.2875],[15.0467,-4.2883],[15.0483,-4.2967],[15.0458,-4.2967],[15.045,-4.2908],[15.0392,-4.295],[15.0417,-4.29],[15.0392,-4.2892],[15.0383,-4.285],[15.0417,-4.2808],[15.0492,-4.28],[15.0517,-4.2833],[15.0558,-4.28],[15.06,-4.2833],[15.0642,-4.2817],[15.0667,-4.2825],[15.0642,-4.2867],[15.0658,-4.2883],[15.0733,-4.285],[15.0742,-4.28],[15.0775,-4.28],[15.0758,-4.2758],[15.08,-4.2783]],[[15.0617,-4.2867],[15.0608,-4.2875],[15.0617,-4.2875],[15.0617,-4.2867]],[[15.0617,-4.2875],[15.0633,-4.2883],[15.0633,-4.2875],[15.0617,-4.2875]]],[[[15.0225,-4.2792],[15.0233,-4.2858],[15.0258,-4.285],[15.0267,-4.295],[15.0233,-4.2942],[15.0242,-4.2875],[15.0192,-4.2892],[15.0225,-4.2942],[15.0158,-4.29],[15.0208,-4.2858],[15.0175,-4.2783],[15.0183,-4.2725],[15.0183,-4.2775],[15.0225,-4.2792]]],[[[15.0358,-4.2783],[15.0317,-4.28],[15.03,-4.285],[15.025,-4.2842],[15.0342,-4.2767],[15.0367,-4.2717],[15.035,-4.2692],[15.0375,-4.2692],[15.0358,-4.2783]]],[[[15.0658,-4.2758],[15.0558,-4.2742],[15.055,-4.2775],[15.0525,-4.2783],[15.055,-4.2717],[15.0658,-4.2742],[15.0658,-4.2758]]],[[[15.0325,-4.275],[15.0258,-4.28],[15.0233,-4.2725],[15.0275,-4.27],[15.0258,-4.2742],[15.0292,-4.2767],[15.0317,-4.2667],[15.0325,-4.275]]],[[[15.0408,-4.2592],[15.04,-4.2658],[15.0442,-4.2683],[15.0442,-4.2708],[15.0483,-4.2683],[15.0467,-4.2725],[15.0433,-4.2725],[15.0383,-4.2667],[15.0358,-4.2567],[15.0408,-4.2592]]],[[[15.0783,-4.2608],[15.075,-4.2667],[15.0725,-4.2683],[15.0733,-4.2592],[15.0783,-4.2608]]],[[[15.0633,-4.2475],[15.06,-4.2475],[15.0592,-4.2542],[15.0517,-4.2583],[15.055,-4.2617],[15.0583,-4.2608],[15.0575,-4.2642],[15.05,-4.2608],[15.0517,-4.2642],[15.0467,-4.2667],[15.0458,-4.2633],[15.0492,-4.2617],[15.0483,-4.2567],[15.0567,-4.2508],[15.0558,-4.2458],[15.0625,-4.245],[15.0675,-4.2392],[15.0633,-4.2475]]],[[[15.0475,-4.2475],[15.05,-4.2533],[15.0425,-4.2575],[15.0417,-4.2525],[15.0458,-4.2525],[15.0458,-4.2492],[15.0408,-4.2433],[15.0475,-4.2475]]],[[[15.0725,-4.2433],[15.0742,-4.245],[15.075,-4.2417],[15.0783,-4.2417],[15.0775,-4.2458],[15.0817,-4.2442],[15.08,-4.2542],[15.0758,-4.2525],[15.0783,-4.2492],[15.0733,-4.2467],[15.0667,-4.2517],[15.0667,-4.2475],[15.07,-4.2458],[15.0717,-4.24],[15.0742,-4.2417],[15.0725,-4.2433]]],[[[15.0542,-4.2392],[15.0583,-4.2358],[15.0617,-4.2408],[15.0567,-4.2442],[15.0517,-4.2425],[15.05,-4.2458],[15.0458,-4.245],[15.045,-4.2417],[15.05,-4.2408],[15.0525,-4.2342],[15.0542,-4.2392]]],[[[15.0408,-4.2092],[15.04,-4.2025],[15.0325,-4.2042],[15.0333,-4.2058],[15.03,-4.2025],[15.0408,-4.1983],[15.0408,-4.2092]]],[[[15.0692,-4.1842],[15.0675,-4.1925],[15.0608,-4.1933],[15.0658,-4.1908],[15.0667,-4.1875],[15.0667,-4.1842],[15.0608,-4.1808],[15.0692,-4.1842]]],[[[15.0642,-4.1742],[15.0608,-4.17],[15.0625,-4.1783],[15.06,-4.1808],[15.0608,-4.1767],[15.0575,-4.1742],[15.0592,-4.1658],[15.065,-4.1683],[15.0642,-4.1742]]],[[[15.0417,-4.1708],[15.045,-4.1608],[15.0492,-4.1608],[15.0517,-4.1642],[15.0467,-4.17],[15.0467,-4.175],[15.0458,-4.1675],[15.0417,-4.1708]],[[15.0467,-4.1675],[15.0483,-4.1658],[15.0483,-4.1642],[15.0458,-4.1642],[15.0467,-4.1675]]],[[[15.0383,-4.1942],[15.0342,-4.1942],[15.0325,-4.1917],[15.0375,-4.1842],[15.0292,-4.1825],[15.0192,-4.1642],[15.0192,-4.1558],[15.0292,-4.1367],[15.0292,-4.1325],[15.0375,-4.1283],[15.04,-4.13],[15.0408,-4.1408],[15.0367,-4.1417],[15.0342,-4.1342],[15.0242,-4.1542],[15.0242,-4.16],[15.0292,-4.1683],[15.0267,-4.1733],[15.0317,-4.175],[15.0342,-4.1808],[15.0408,-4.1817],[15.0417,-4.185],[15.0508,-4.1875],[15.0492,-4.1975],[15.0542,-4.1967],[15.0508,-4.1983],[15.0533,-4.2017],[15.0525,-4.205],[15.0567,-4.2025],[15.06,-4.2017],[15.0617,-4.2025],[15.0558,-4.2067],[15.0517,-4.2067],[15.0475,-4.1975],[15.0425,-4.1942],[15.0425,-4.1892],[15.0383,-4.1942]],[[15.0425,-4.1892],[15.0433,-4.1875],[15.0425,-4.1875],[15.0425,-4.1892]],[[15.0458,-4.1933],[15.0492,-4.19],[15.0442,-4.1875],[15.0458,-4.1933]],[[15.0367,-4.1908],[15.0375,-4.19],[15.0367,-4.19],[15.0367,-4.1908]]],[[[15.0992,-4.1558],[15.0967,-4.1617],[15.085,-4.1608],[15.09,-4.1558],[15.095,-4.1575],[15.0925,-4.1533],[15.0992,-4.1558]]],[[[15.0983,-4.135],[15.0983,-4.1517],[15.0942,-4.1525],[15.0933,-4.1433],[15.0958,-4.1375],[15.0933,-4.1367],[15.0892,-4.1525],[15.0775,-4.1575],[15.0825,-4.1508],[15.0867,-4.1508],[15.0908,-4.1333],[15.095,-4.1325],[15.0983,-4.135]]],[[[15.0575,-4.1042],[15.0683,-4.1108],[15.0692,-4.12],[15.0667,-4.1192],[15.065,-4.1125],[15.0575,-4.1108],[15.0575,-4.1142],[15.065,-4.1192],[15.0642,-4.1267],[15.0533,-4.1225],[15.05,-4.1175],[15.0475,-4.1192],[15.0525,-4.1275],[15.0592,-4.1258],[15.065,-4.1317],[15.0642,-4.1433],[15.0558,-4.1458],[15.0558,-4.1492],[15.0658,-4.1483],[15.075,-4.1633],[15.075,-4.1758],[15.0708,-4.1817],[15.0692,-4.18],[15.0725,-4.175],[15.0717,-4.1633],[15.0633,-4.1508],[15.0592,-4.1525],[15.0525,-4.1508],[15.0525,-4.1442],[15.0617,-4.1383],[15.0608,-4.1325],[15.0467,-4.1308],[15.0417,-4.1175],[15.0433,-4.1133],[15.0475,-4.1125],[15.0517,-4.1142],[15.0558,-4.1208],[15.0633,-4.1242],[15.0608,-4.1183],[15.0533,-4.1142],[15.0525,-4.1092],[15.0575,-4.1042]]],[[[15.0833,-4.1092],[15.0808,-4.1217],[15.0733,-4.1283],[15.075,-4.1317],[15.0717,-4.1408],[15.0733,-4.1492],[15.0717,-4.1492],[15.0692,-4.1467],[15.0708,-4.1267],[15.0775,-4.1133],[15.0742,-4.1117],[15.0708,-4.1183],[15.07,-4.1075],[15.0808,-4.1075],[15.0833,-4.1092]]],[[[15.0367,-4.0767],[15.0333,-4.075],[15.0267,-4.0825],[15.0217,-4.0817],[15.0192,-4.0892],[15.0042,-4.1],[15.005,-4.0958],[15.01,-4.0933],[15.0192,-4.0783],[15.0258,-4.0792],[15.0292,-4.0725],[15.0333,-4.0742],[15.0342,-4.0708],[15.0375,-4.07],[15.0392,-4.075],[15.0367,-4.0767]]],[[[15.0442,-4.0858],[15.0292,-4.0858],[15.0267,-4.0867],[15.03,-4.0842],[15.0392,-4.0825],[15.04,-4.08],[15.0367,-4.08],[15.0375,-4.0783],[15.045,-4.0792],[15.0442,-4.0858]]],[[[15.09,-4.0467],[15.0858,-4.0567],[15.085,-4.0658],[15.0825,-4.0558],[15.09,-4.0467]]],[[[15.03,-4.0475],[15.0208,-4.0492],[15.0208,-4.055],[15.0158,-4.0567],[15.0217,-4.0458],[15.0308,-4.045],[15.03,-4.0475]]],[[[15.0408,-3.9775],[15.0317,-3.9808],[15.0308,-3.9867],[15.0383,-3.985],[15.0417,-3.9892],[15.0425,-3.9817],[15.0483,-3.98],[15.0592,-3.98],[15.0658,-3.985],[15.0667,-4.0008],[15.07,-4.0083],[15.0633,-4.0108],[15.0717,-4.0142],[15.07,-4.0183],[15.0725,-4.0208],[15.0725,-4.0283],[15.0783,-4.035],[15.0783,-4.0408],[15.0717,-4.0408],[15.0775,-4.0458],[15.0783,-4.06],[15.0767,-4.0617],[15.0683,-4.06],[15.0667,-4.0642],[15.0617,-4.0642],[15.0583,-4.0608],[15.0542,-4.0608],[15.0542,-4.0633],[15.0575,-4.0675],[15.0783,-4.0658],[15.08,-4.0725],[15.0733,-4.0833],[15.08,-4.0758],[15.0892,-4.08],[15.0908,-4.0817],[15.0892,-4.0867],[15.0933,-4.0858],[15.0975,-4.0892],[15.1075,-4.1108],[15.11,-4.1108],[15.1175,-4.1192],[15.1092,-4.1167],[15.1067,-4.1208],[15.1025,-4.12],[15.1008,-4.1133],[15.1033,-4.1092],[15.1025,-4.1042],[15.0908,-4.1083],[15.0967,-4.1033],[15.0967,-4.0992],[15.0908,-4.0967],[15.0917,-4.0933],[15.0958,-4.095],[15.0958,-4.0917],[15.0933,-4.0875],[15.0908,-4.0875],[15.0892,-4.0942],[15.0867,-4.0942],[15.0842,-4.09],[15.0842,-4.0858],[15.0867,-4.0842],[15.085,-4.0817],[15.0817,-4.0808],[15.075,-4.0875],[15.0692,-4.0867],[15.0708,-4.075],[15.0617,-4.0742],[15.0775,-4.0717],[15.0775,-4.0675],[15.0667,-4.0683],[15.0575,-4.0733],[15.05,-4.065],[15.0492,-4.06],[15.0525,-4.0542],[15.0617,-4.0575],[15.0667,-4.055],[15.0733,-4.0558],[15.0742,-4.0483],[15.0683,-4.0475],[15.0633,-4.0417],[15.0642,-4.0308],[15.06,-4.0267],[15.0667,-4.0283],[15.0692,-4.0258],[15.0667,-4.0175],[15.07,-4.015],[15.0617,-4.0133],[15.0583,-4.0175],[15.0575,-4.0242],[15.0517,-4.0133],[15.0525,-4.0075],[15.0642,-4.0042],[15.0617,-4.0008],[15.0642,-3.9967],[15.0633,-3.9867],[15.0583,-3.9833],[15.0467,-3.9842],[15.0433,-3.9917],[15.0417,-3.99],[15.04,-4.0],[15.035,-4.0008],[15.0375,-3.9917],[15.0342,-3.9917],[15.0308,-3.9967],[15.0317,-3.9925],[15.0267,-3.9892],[15.0258,-3.9825],[15.0325,-3.9758],[15.0408,-3.9775]],[[15.0592,-4.0117],[15.06,-4.01],[15.0592,-4.01],[15.0592,-4.0117]],[[15.0758,-4.0383],[15.0742,-4.0342],[15.0667,-4.0317],[15.0658,-4.035],[15.0717,-4.035],[15.0758,-4.0383]],[[15.105,-4.1133],[15.1067,-4.1117],[15.105,-4.1125],[15.105,-4.1133]]],[[[15.04,-4.0275],[15.0358,-4.0308],[15.0367,-4.0358],[15.0333,-4.0358],[15.0308,-4.04],[15.0275,-4.0392],[15.0325,-4.0325],[15.0325,-4.0308],[15.0267,-4.0317],[15.0275,-4.0258],[15.0333,-4.0292],[15.0367,-4.0283],[15.0358,-4.0258],[15.0392,-4.0267],[15.0383,-4.0233],[15.04,-4.0233],[15.0408,-4.0292],[15.04,-4.0275]]],[[[15.0783,-4.0017],[15.0817,-4.0183],[15.0867,-4.0208],[15.0883,-4.0308],[15.0967,-4.0375],[15.0933,-4.045],[15.0925,-4.0392],[15.0867,-4.0375],[15.0833,-4.0475],[15.085,-4.035],[15.0825,-4.0333],[15.08,-4.0225],[15.0767,-4.0208],[15.0733,-3.995],[15.0783,-4.0017]]],[[[15.0908,-3.9892],[15.0875,-3.99],[15.0867,-3.985],[15.0767,-3.985],[15.0775,-3.9808],[15.0892,-3.9817],[15.0908,-3.9892]]],[[[15.075,-3.9667],[15.085,-3.9692],[15.0842,-3.975],[15.0783,-3.9758],[15.0758,-3.9825],[15.0717,-3.985],[15.0758,-3.9725],[15.0808,-3.9717],[15.0758,-3.97],[15.075,-3.9667]]],[[[15.0483,-3.935],[15.0575,-3.9575],[15.065,-3.9583],[15.0692,-3.9658],[15.0692,-3.9783],[15.0608,-3.9792],[15.0417,-3.9742],[15.0392,-3.9708],[15.0375,-3.9717],[15.04,-3.975],[15.0358,-3.975],[15.0342,-3.9683],[15.0375,-3.9642],[15.0533,-3.9733],[15.0658,-3.9742],[15.0633,-3.96],[15.0575,-3.9608],[15.045,-3.9433],[15.0417,-3.9217],[15.0442,-3.9158],[15.0475,-3.9167],[15.0525,-3.93],[15.0558,-3.9317],[15.0608,-3.9267],[15.0583,-3.9167],[15.0633,-3.915],[15.0642,-3.9217],[15.0692,-3.9225],[15.075,-3.9283],[15.075,-3.9333],[15.0725,-3.9342],[15.0742,-3.9383],[15.0792,-3.9367],[15.0808,-3.9433],[15.0892,-3.9442],[15.0933,-3.9417],[15.0992,-3.9442],[15.0983,-3.95],[15.0925,-3.9467],[15.0883,-3.9475],[15.0908,-3.9567],[15.095,-3.9592],[15.095,-3.97],[15.0867,-3.9667],[15.0867,-3.9617],[15.0833,-3.9583],[15.0775,-3.9567],[15.0675,-3.9483],[15.0692,-3.9392],[15.065,-3.9392],[15.0617,-3.9442],[15.0625,-3.9475],[15.06,-3.94],[15.0558,-3.9433],[15.0483,-3.9283],[15.0483,-3.935]],[[15.0475,-3.9283],[15.0458,-3.92],[15.0442,-3.9192],[15.0475,-3.9283]],[[15.065,-3.93],[15.0708,-3.93],[15.0708,-3.9275],[15.0667,-3.9242],[15.0675,-3.9275],[15.065,-3.93]],[[15.0708,-3.9325],[15.0692,-3.9342],[15.0717,-3.9342],[15.0708,-3.9325]],[[15.0775,-3.9392],[15.0758,-3.9408],[15.0775,-3.9417],[15.0775,-3.9392]],[[15.0817,-3.9517],[15.0867,-3.9475],[15.0792,-3.9458],[15.0817,-3.9517]]],[[[15.08,-3.9083],[15.0825,-3.9083],[15.0833,-3.9142],[15.0767,-3.9125],[15.0775,-3.9075],[15.0742,-3.9042],[15.0783,-3.9042],[15.08,-3.9083]]],[[[15.0533,-3.8808],[15.0483,-3.8842],[15.0483,-3.8875],[15.0525,-3.89],[15.0442,-3.8892],[15.0375,-3.8967],[15.0308,-3.9242],[15.0292,-3.9133],[15.0267,-3.9117],[15.0308,-3.9108],[15.0333,-3.8983],[15.0383,-3.8908],[15.0317,-3.8925],[15.0267,-3.8917],[15.0333,-3.89],[15.0383,-3.8833],[15.0483,-3.8783],[15.05,-3.875],[15.0533,-3.8767],[15.0533,-3.8808]]],[[[15.0292,-3.8958],[15.0283,-3.9033],[15.0258,-3.9042],[15.025,-3.8933],[15.0292,-3.8958]]],[[[15.0675,-3.8808],[15.0608,-3.8808],[15.0567,-3.8842],[15.0583,-3.8767],[15.0508,-3.8733],[15.0667,-3.8758],[15.0708,-3.8725],[15.0675,-3.8808]]],[[[15.0233,-3.8617],[15.0183,-3.8608],[15.0142,-3.865],[15.0117,-3.8592],[15.015,-3.8608],[15.025,-3.8558],[15.0258,-3.8592],[15.0233,-3.8617]]],[[[15.0633,-3.8392],[15.0692,-3.8333],[15.0692,-3.8417],[15.0667,-3.8442],[15.0617,-3.8433],[15.0592,-3.8475],[15.06,-3.8417],[15.0525,-3.8383],[15.05,-3.8467],[15.0458,-3.8483],[15.0467,-3.8608],[15.045,-3.8608],[15.0433,-3.8492],[15.0433,-3.845],[15.0458,-3.8433],[15.0442,-3.8408],[15.04,-3.8417],[15.0342,-3.8483],[15.03,-3.8583],[15.025,-3.8533],[15.0408,-3.8392],[15.0475,-3.8383],[15.05,-3.8325],[15.0567,-3.8333],[15.06,-3.8367],[15.06,-3.8325],[15.0533,-3.8258],[15.0575,-3.8258],[15.0633,-3.83],[15.065,-3.8333],[15.0633,-3.8392]]],[[[15.0708,-3.8183],[15.0692,-3.8217],[15.0675,-3.8208],[15.0658,-3.8342],[15.0642,-3.8175],[15.0708,-3.8183]]],[[[15.085,-3.81],[15.0917,-3.8258],[15.0875,-3.8108],[15.0917,-3.8142],[15.095,-3.8233],[15.095,-3.8275],[15.0917,-3.8308],[15.0817,-3.8242],[15.0825,-3.8167],[15.08,-3.82],[15.0708,-3.8175],[15.0708,-3.8117],[15.0783,-3.8142],[15.08,-3.8108],[15.085,-3.81]]],[[[15.0325,-3.77],[15.0267,-3.775],[15.0267,-3.7825],[15.0242,-3.7833],[15.0233,-3.7758],[15.0258,-3.7708],[15.0325,-3.77]]],[[[15.1233,-3.7275],[15.135,-3.725],[15.1383,-3.7283],[15.1233,-3.7317],[15.115,-3.7408],[15.115,-3.75],[15.1083,-3.755],[15.1083,-3.7658],[15.0992,-3.7692],[15.0942,-3.7833],[15.0842,-3.7983],[15.0717,-3.8033],[15.0592,-3.805],[15.04,-3.8225],[15.0308,-3.8192],[15.0308,-3.815],[15.04,-3.8033],[15.04,-3.7942],[15.0492,-3.7842],[15.0508,-3.7875],[15.0483,-3.7958],[15.0442,-3.7967],[15.0433,-3.8075],[15.035,-3.8167],[15.0367,-3.8183],[15.0467,-3.8108],[15.0492,-3.8017],[15.0542,-3.8033],[15.0592,-3.7992],[15.0717,-3.7992],[15.0767,-3.7958],[15.0808,-3.7975],[15.0917,-3.7842],[15.0967,-3.7667],[15.105,-3.7625],[15.1042,-3.7567],[15.1108,-3.75],[15.1108,-3.7433],[15.1075,-3.7383],[15.1183,-3.7317],[15.1125,-3.7258],[15.1125,-3.72],[15.1175,-3.72],[15.1175,-3.7233],[15.1217,-3.7233],[15.1233,-3.7275]]],[[[15.0408,-3.7592],[15.0425,-3.7692],[15.0375,-3.7633],[15.0342,-3.7642],[15.0375,-3.7575],[15.0408,-3.7592]]],[[[15.1017,-3.7492],[15.0983,-3.7592],[15.0917,-3.7642],[15.0983,-3.7475],[15.1075,-3.7433],[15.1017,-3.7492]]],[[[15.1058,-3.725],[15.1042,-3.7367],[15.09,-3.7467],[15.0908,-3.7517],[15.0883,-3.755],[15.0842,-3.7567],[15.075,-3.7675],[15.065,-3.77],[15.0608,-3.78],[15.0533,-3.7817],[15.065,-3.7667],[15.0742,-3.7642],[15.0875,-3.7517],[15.0875,-3.7458],[15.1008,-3.735],[15.1025,-3.7225],[15.1058,-3.725]]],[[[15.055,-3.765],[15.0533,-3.7667],[15.05,-3.7633],[15.0475,-3.7642],[15.0542,-3.7742],[15.0542,-3.7783],[15.045,-3.7833],[15.0508,-3.7717],[15.0433,-3.7633],[15.0425,-3.7583],[15.04,-3.7558],[15.0258,-3.7575],[15.0283,-3.7542],[15.0383,-3.7508],[15.0458,-3.7533],[15.0458,-3.7408],[15.04,-3.7417],[15.0367,-3.7358],[15.0367,-3.7325],[15.0392,-3.7325],[15.0417,-3.7383],[15.045,-3.7392],[15.045,-3.7308],[15.0392,-3.7242],[15.0392,-3.72],[15.0417,-3.7225],[15.045,-3.72],[15.0442,-3.7225],[15.0483,-3.725],[15.0458,-3.7283],[15.0492,-3.7292],[15.0525,-3.7367],[15.05,-3.7525],[15.0575,-3.7567],[15.0583,-3.76],[15.0533,-3.7592],[15.0542,-3.7617],[15.0508,-3.7608],[15.0492,-3.7617],[15.055,-3.765]],[[15.0492,-3.7608],[15.0483,-3.76],[15.0483,-3.7608],[15.0492,-3.7608]],[[15.0475,-3.735],[15.0483,-3.7342],[15.0475,-3.7342],[15.0475,-3.735]]],[[[15.0567,-3.7358],[15.06,-3.7325],[15.06,-3.745],[15.0575,-3.7433],[15.0567,-3.745],[15.0608,-3.7533],[15.0633,-3.7542],[15.0608,-3.7483],[15.0625,-3.7425],[15.0667,-3.75],[15.0642,-3.7642],[15.0608,-3.7633],[15.06,-3.7558],[15.0575,-3.7542],[15.0592,-3.7517],[15.0567,-3.7517],[15.0542,-3.7467],[15.0517,-3.7283],[15.0558,-3.7308],[15.0567,-3.7358]],[[15.0575,-3.7367],[15.0567,-3.7375],[15.0575,-3.7375],[15.0575,-3.7367]],[[15.0575,-3.7375],[15.0583,-3.7383],[15.0583,-3.7375],[15.0575,-3.7375]]],[[[15.07,-3.725],[15.0725,-3.72],[15.0783,-3.7242],[15.0792,-3.7367],[15.0842,-3.7367],[15.085,-3.7392],[15.0867,-3.7358],[15.0917,-3.7342],[15.0867,-3.7442],[15.0833,-3.745],[15.0692,-3.7292],[15.0683,-3.7333],[15.0817,-3.7458],[15.08,-3.7533],[15.0767,-3.7525],[15.0783,-3.7467],[15.0742,-3.7425],[15.0708,-3.74],[15.0667,-3.7425],[15.0633,-3.7342],[15.065,-3.7275],[15.06,-3.7267],[15.0567,-3.72],[15.0667,-3.72],[15.07,-3.725]],[[15.0742,-3.725],[15.075,-3.7275],[15.0767,-3.7275],[15.0767,-3.7258],[15.0742,-3.725]],[[15.0833,-3.7408],[15.0842,-3.74],[15.0833,-3.74],[15.0833,-3.7408]]],[[[15.0333,-3.7325],[15.0325,-3.7408],[15.025,-3.74],[15.0242,-3.7367],[15.0308,-3.7375],[15.0308,-3.735],[15.0258,-3.7342],[15.0258,-3.7317],[15.0333,-3.7325]]],[[[15.0908,-3.7233],[15.0967,-3.7333],[15.0925,-3.7267],[15.0842,-3.7208],[15.0925,-3.72],[15.0908,-3.7233]]],[[[15.025,-3.725],[15.0308,-3.7283],[15.03,-3.73],[15.0217,-3.7283],[15.0208,-3.725],[15.0317,-3.7233],[15.0317,-3.7258],[15.025,-3.725]]],[[[15.04,-3.7283],[15.0358,-3.7308],[15.0342,-3.7283],[15.035,-3.72],[15.0375,-3.72],[15.0367,-3.7275],[15.04,-3.7283]]],[[[15.2092,-4.9042],[15.21,-4.9025],[15.2075,-4.9017],[15.2058,-4.905],[15.2025,-4.905],[15.2025,-4.9017],[15.2,-4.9033],[15.1992,-4.9017],[15.2033,-4.9],[15.205,-4.9025],[15.21,-4.8992],[15.2117,-4.9033],[15.2092,-4.9042]]],[[[15.1758,-4.8808],[15.17,-4.8867],[15.17,-4.8833],[15.1733,-4.8817],[15.17,-4.8725],[15.175,-4.875],[15.1758,-4.8808]]],[[[15.1633,-4.8742],[15.1583,-4.8792],[15.1558,-4.8692],[15.15,-4.8717],[15.1483,-4.87],[15.1575,-4.8667],[15.1575,-4.8742],[15.1633,-4.8742]]],[[[15.1533,-4.8658],[15.1492,-4.8658],[15.1525,-4.8642],[15.1508,-4.8575],[15.155,-4.8592],[15.1592,-4.8533],[15.1592,-4.8592],[15.155,-4.86],[15.1533,-4.8658]]],[[[15.1892,-4.8558],[15.1883,-4.86],[15.1842,-4.8575],[15.185,-4.8533],[15.1808,-4.8542],[15.1792,-4.8533],[15.1858,-4.85],[15.1892,-4.8558]]],[[[15.2183,-4.8425],[15.215,-4.8442],[15.2158,-4.8475],[15.2125,-4.8508],[15.2008,-4.8508],[15.2033,-4.8542],[15.2075,-4.8533],[15.21,-4.8583],[15.2067,-4.86],[15.2067,-4.8558],[15.1992,-4.855],[15.2008,-4.86],[15.1967,-4.8583],[15.195,-4.8625],[15.1908,-4.8633],[15.1958,-4.8642],[15.1933,-4.8717],[15.1858,-4.865],[15.1867,-4.8625],[15.19,-4.8633],[15.1942,-4.86],[15.1925,-4.8525],[15.1975,-4.8508],[15.1992,-4.8467],[15.2033,-4.8492],[15.2125,-4.8483],[15.2108,-4.8442],[15.2158,-4.8425],[15.2133,-4.8383],[15.215,-4.8358],[15.2183,-4.8375],[15.2183,-4.8425]],[[15.1967,-4.855],[15.1975,-4.8542],[15.1967,-4.8542],[15.1967,-4.855]]],[[[15.1317,-4.8183],[15.1358,-4.8267],[15.1342,-4.8317],[15.13,-4.8208],[15.1267,-4.8208],[15.1242,-4.8242],[15.1192,-4.8242],[15.1142,-4.8208],[15.1175,-4.82],[15.1217,-4.8233],[15.125,-4.8192],[15.1317,-4.8183]]],[[[15.1567,-4.8125],[15.1533,-4.8233],[15.1567,-4.8275],[15.1517,-4.8258],[15.1492,-4.8325],[15.1492,-4.8242],[15.1525,-4.8217],[15.1517,-4.8167],[15.1567,-4.8125]]],[[[15.175,-4.8075],[15.1683,-4.8225],[15.1625,-4.8208],[15.1617,-4.8233],[15.1617,-4.8167],[15.1667,-4.8192],[15.1725,-4.8125],[15.1733,-4.8092],[15.1708,-4.8092],[15.1658,-4.8167],[15.165,-4.8125],[15.1708,-4.8067],[15.175,-4.8075]]],[[[15.13,-4.805],[15.1333,-4.8],[15.1408,-4.8025],[15.1367,-4.8092],[15.135,-4.8092],[15.1367,-4.805],[15.1342,-4.8033],[15.1325,-4.8067],[15.13,-4.805]],[[15.1367,-4.8042],[15.1392,-4.8042],[15.1392,-4.8033],[15.1367,-4.8042]]],[[[15.1533,-4.7867],[15.1592,-4.7867],[15.1575,-4.7917],[15.1592,-4.8025],[15.155,-4.8058],[15.1567,-4.8017],[15.1517,-4.8042],[15.1492,-4.8008],[15.1508,-4.7975],[15.1492,-4.7958],[15.1542,-4.7958],[15.1508,-4.7925],[15.15,-4.7842],[15.1533,-4.7867]],[[15.1533,-4.7908],[15.1567,-4.7908],[15.1567,-4.7892],[15.1533,-4.7908]]],[[[15.1758,-4.7875],[15.1733,-4.7983],[15.1775,-4.795],[15.1842,-4.7975],[15.1775,-4.8033],[15.1775,-4.8],[15.1725,-4.8008],[15.1708,-4.7983],[15.1725,-4.7833],[15.1725,-4.7867],[15.1758,-4.7875]],[[15.1783,-4.7983],[15.1808,-4.7992],[15.1817,-4.7967],[15.1792,-4.7967],[15.1783,-4.7983]]],[[[15.1467,-4.785],[15.1458,-4.7908],[15.1408,-4.7967],[15.1442,-4.8017],[15.14,-4.8017],[15.1358,-4.7933],[15.14,-4.7908],[15.1433,-4.7833],[15.1467,-4.785]],[[15.1417,-4.7925],[15.1392,-4.7925],[15.1383,-4.795],[15.14,-4.795],[15.1417,-4.7925]]],[[[15.1267,-4.7767],[15.1308,-4.7808],[15.1225,-4.7817],[15.12,-4.7858],[15.1242,-4.7858],[15.1283,-4.79],[15.1225,-4.795],[15.1233,-4.7883],[15.1217,-4.7892],[15.1167,-4.7883],[15.1208,-4.7833],[15.12,-4.7783],[15.1267,-4.78],[15.1233,-4.7775],[15.1233,-4.7742],[15.1283,-4.7708],[15.1267,-4.7767]]],[[[15.1858,-4.7792],[15.2058,-4.78],[15.2067,-4.7817],[15.1942,-4.7833],[15.19,-4.78],[15.1858,-4.7817],[15.1858,-4.7792]]],[[[15.1225,-4.755],[15.1208,-4.7725],[15.1142,-4.7792],[15.1133,-4.7758],[15.11,-4.7775],[15.1125,-4.7717],[15.1092,-4.7717],[15.1075,-4.7667],[15.0992,-4.7683],[15.0942,-4.7725],[15.0983,-4.7658],[15.105,-4.765],[15.1075,-4.7575],[15.1108,-4.7583],[15.1108,-4.7633],[15.1133,-4.7633],[15.11,-4.7683],[15.1158,-4.7725],[15.1192,-4.7708],[15.1183,-4.7583],[15.1225,-4.755]],[[15.1067,-4.7608],[15.1083,-4.7642],[15.1083,-4.7608],[15.1067,-4.7608]]],[[[15.1917,-4.7683],[15.1958,-4.7675],[15.1958,-4.7708],[15.19,-4.7725],[15.1875,-4.77],[15.1867,-4.765],[15.1908,-4.7592],[15.1917,-4.7683]]],[[[15.1533,-4.7592],[15.1583,-4.7592],[15.16,-4.7667],[15.1558,-4.7625],[15.1533,-4.7633],[15.1583,-4.77],[15.1642,-4.7675],[15.1667,-4.7742],[15.1633,-4.77],[15.1583,-4.7725],[15.1517,-4.7642],[15.1442,-4.7633],[15.1475,-4.7542],[15.1533,-4.7592]],[[15.1508,-4.7575],[15.1458,-4.7625],[15.1517,-4.7617],[15.1508,-4.7575]]],[[[15.1733,-4.7658],[15.1633,-4.755],[15.16,-4.7575],[15.1583,-4.7517],[15.1658,-4.7525],[15.1675,-4.7575],[15.1717,-4.7575],[15.1817,-4.7692],[15.1808,-4.7733],[15.1742,-4.7733],[15.17,-4.7658],[15.1625,-4.765],[15.1625,-4.7633],[15.1692,-4.7633],[15.1733,-4.7658]],[[15.1733,-4.7658],[15.1742,-4.7667],[15.1742,-4.7658],[15.1733,-4.7658]],[[15.175,-4.77],[15.1767,-4.7692],[15.175,-4.7692],[15.175,-4.77]]],[[[15.1258,-4.7508],[15.1292,-4.7525],[15.1267,-4.7592],[15.135,-4.7542],[15.1367,-4.7608],[15.1333,-4.765],[15.1267,-4.7658],[15.125,-4.7717],[15.1225,-4.7725],[15.125,-4.7633],[15.1333,-4.7617],[15.1325,-4.7583],[15.1283,-4.7617],[15.1225,-4.7608],[15.125,-4.7558],[15.125,-4.755],[15.1225,-4.755],[15.1225,-4.7542],[15.1258,-4.7508]],[[15.125,-4.755],[15.1267,-4.7533],[15.125,-4.7542],[15.125,-4.755]]],[[[15.1883,-4.745],[15.1825,-4.7567],[15.1833,-4.7617],[15.1775,-4.7617],[15.175,-4.7533],[15.18,-4.7483],[15.1817,-4.7508],[15.1858,-4.7483],[15.1858,-4.7383],[15.1883,-4.745]],[[15.1808,-4.7592],[15.1808,-4.7517],[15.18,-4.7517],[15.1783,-4.7558],[15.1808,-4.7592]]],[[[15.1075,-4.7383],[15.1042,-4.7433],[15.1083,-4.745],[15.1117,-4.7433],[15.1117,-4.7467],[15.1133,-4.7458],[15.115,-4.7467],[15.1117,-4.7483],[15.1042,-4.7442],[15.1042,-4.7533],[15.0983,-4.7583],[15.0975,-4.7642],[15.095,-4.7658],[15.0908,-4.7642],[15.09,-4.755],[15.095,-4.7558],[15.0975,-4.7525],[15.0992,-4.7433],[15.1033,-4.7442],[15.105,-4.7342],[15.1075,-4.7383]],[[15.1,-4.7533],[15.1017,-4.7458],[15.1,-4.7458],[15.1,-4.7533]],[[15.1,-4.755],[15.0967,-4.7542],[15.0958,-4.7592],[15.1,-4.755]],[[15.0925,-4.7583],[15.0917,-4.7625],[15.095,-4.7625],[15.095,-4.76],[15.0925,-4.7583]]],[[[15.1592,-4.7325],[15.1583,-4.7408],[15.1625,-4.7375],[15.1633,-4.7392],[15.1567,-4.7492],[15.1542,-4.7492],[15.1567,-4.745],[15.1525,-4.7417],[15.1517,-4.7358],[15.1483,-4.7408],[15.1425,-4.7433],[15.1442,-4.7408],[15.1417,-4.74],[15.1425,-4.7333],[15.1508,-4.735],[15.1517,-4.7308],[15.1542,-4.7317],[15.1575,-4.7258],[15.1625,-4.7275],[15.1625,-4.7317],[15.1592,-4.7325]],[[15.1567,-4.7308],[15.1608,-4.7308],[15.1608,-4.7283],[15.1575,-4.7283],[15.1567,-4.7308]],[[15.1542,-4.7408],[15.1575,-4.7358],[15.1533,-4.7342],[15.1542,-4.7408]],[[15.1475,-4.7383],[15.145,-4.7367],[15.145,-4.7383],[15.1475,-4.7383]]],[[[15.1675,-4.7308],[15.1717,-4.7317],[15.1767,-4.7375],[15.1658,-4.7317],[15.1658,-4.7258],[15.1708,-4.7233],[15.1675,-4.7267],[15.1675,-4.7308]]],[[[15.1942,-4.7233],[15.1892,-4.7275],[15.1908,-4.7275],[15.1917,-4.73],[15.1875,-4.7283],[15.1875,-4.7258],[15.1917,-4.7225],[15.1883,-4.7208],[15.1933,-4.7183],[15.1942,-4.7233]]],[[[15.1633,-4.7075],[15.1667,-4.7142],[15.17,-4.7133],[15.1708,-4.71],[15.1767,-4.7108],[15.1742,-4.715],[15.175,-4.7175],[15.1742,-4.7258],[15.1808,-4.7183],[15.1775,-4.7242],[15.18,-4.725],[15.1825,-4.7192],[15.1817,-4.7258],[15.1758,-4.7308],[15.1833,-4.7292],[15.1825,-4.7333],[15.185,-4.7333],[15.1833,-4.7392],[15.1833,-4.7358],[15.175,-4.7333],[15.1717,-4.7267],[15.1742,-4.7233],[15.1725,-4.7133],[15.17,-4.7175],[15.1658,-4.7175],[15.1625,-4.7092],[15.1583,-4.7067],[15.1617,-4.7042],[15.1617,-4.7008],[15.1642,-4.7008],[15.1633,-4.7075]]],[[[15.2033,-4.7083],[15.2067,-4.7075],[15.2033,-4.7108],[15.2033,-4.7175],[15.1983,-4.7217],[15.1958,-4.7192],[15.1983,-4.715],[15.1975,-4.71],[15.2008,-4.7058],[15.2,-4.7117],[15.2025,-4.7125],[15.2033,-4.7083]]],[[[15.1967,-4.705],[15.195,-4.7142],[15.1925,-4.7158],[15.1925,-4.7033],[15.1933,-4.7083],[15.1967,-4.705]]],[[[15.21,-4.6758],[15.2092,-4.6833],[15.2075,-4.6783],[15.1967,-4.6775],[15.21,-4.6758]]],[[[15.2058,-4.6617],[15.2067,-4.6717],[15.2025,-4.6725],[15.1992,-4.6708],[15.2042,-4.67],[15.2025,-4.6633],[15.1967,-4.6642],[15.1967,-4.6625],[15.1992,-4.6633],[15.2033,-4.66],[15.2058,-4.6617]]],[[[15.1333,-4.6233],[15.1392,-4.6342],[15.1325,-4.635],[15.1308,-4.63],[15.1267,-4.6308],[15.1258,-4.6258],[15.1283,-4.6242],[15.1275,-4.6283],[15.1333,-4.6267],[15.1325,-4.6258],[15.1333,-4.6233]],[[15.1342,-4.63],[15.1325,-4.6283],[15.1325,-4.63],[15.1342,-4.63]]],[[[15.1542,-4.5783],[15.1475,-4.5858],[15.1433,-4.5875],[15.14,-4.5858],[15.1467,-4.5833],[15.1475,-4.5792],[15.1417,-4.5817],[15.14,-4.585],[15.1342,-4.5817],[15.135,-4.5792],[15.1383,-4.5817],[15.1383,-4.5783],[15.1483,-4.5775],[15.1483,-4.5733],[15.1517,-4.575],[15.1492,-4.5708],[15.1533,-4.5717],[15.1542,-4.5783]],[[15.1525,-4.58],[15.1517,-4.5775],[15.1492,-4.5783],[15.15,-4.58],[15.1525,-4.58]]],[[[15.1625,-4.5742],[15.1633,-4.5792],[15.1575,-4.585],[15.1542,-4.5808],[15.1583,-4.5775],[15.1592,-4.5717],[15.1625,-4.5717],[15.1617,-4.5758],[15.1625,-4.5742]],[[15.1592,-4.5808],[15.1583,-4.58],[15.1583,-4.5808],[15.1592,-4.5808]],[[15.1583,-4.5808],[15.1575,-4.5817],[15.1583,-4.5817],[15.1583,-4.5808]]],[[[15.1733,-4.5617],[15.1717,-4.5583],[15.1692,-4.56],[15.1708,-4.5567],[15.175,-4.5567],[15.18,-4.5608],[15.18,-4.5658],[15.1758,-4.57],[15.1717,-4.5675],[15.1733,-4.5617]],[[15.175,-4.5675],[15.1775,-4.5642],[15.1775,-4.5625],[15.1742,-4.565],[15.175,-4.5675]],[[15.1725,-4.5592],[15.1733,-4.5575],[15.1725,-4.5575],[15.1725,-4.5592]]],[[[15.1042,-4.51],[15.1067,-4.5092],[15.1058,-4.5133],[15.1033,-4.5133],[15.1058,-4.5183],[15.1,-4.515],[15.1017,-4.5125],[15.1,-4.5083],[15.1025,-4.5058],[15.1042,-4.51]]],[[[15.1442,-4.4633],[15.1433,-4.4717],[15.1442,-4.4708],[15.1492,-4.4717],[15.1433,-4.475],[15.1475,-4.4758],[15.15,-4.4733],[15.1517,-4.4708],[15.15,-4.4658],[15.1533,-4.4683],[15.1533,-4.4717],[15.1508,-4.4758],[15.1392,-4.4792],[15.1367,-4.4833],[15.14,-4.4858],[15.14,-4.4908],[15.1433,-4.4917],[15.1492,-4.5],[15.1517,-4.5],[15.1542,-4.4925],[15.1583,-4.4917],[15.1542,-4.4883],[15.1558,-4.4725],[15.1592,-4.4717],[15.1567,-4.4775],[15.1592,-4.4758],[15.1608,-4.4792],[15.1583,-4.4775],[15.1567,-4.4808],[15.1625,-4.485],[15.165,-4.485],[15.165,-4.4758],[15.1683,-4.4733],[15.1717,-4.475],[15.1725,-4.4792],[15.1692,-4.4875],[15.1742,-4.4917],[15.17,-4.4975],[15.17,-4.5017],[15.165,-4.505],[15.1683,-4.5125],[15.1725,-4.5133],[15.1742,-4.5175],[15.1658,-4.5208],[15.1708,-4.5242],[15.1675,-4.5292],[15.16,-4.5267],[15.1592,-4.5242],[15.1558,-4.525],[15.155,-4.52],[15.1483,-4.5142],[15.1483,-4.51],[15.1358,-4.5083],[15.1292,-4.495],[15.1292,-4.49],[15.1208,-4.4942],[15.1158,-4.4925],[15.1133,-4.4983],[15.105,-4.5],[15.1,-4.5067],[15.0925,-4.505],[15.0933,-4.5083],[15.0917,-4.5083],[15.09,-4.5058],[15.0933,-4.4983],[15.0975,-4.4983],[15.0992,-4.4942],[15.1017,-4.495],[15.1075,-4.4908],[15.1042,-4.4883],[15.1075,-4.4867],[15.1183,-4.47],[15.12,-4.47],[15.1183,-4.4758],[15.1217,-4.4758],[15.1233,-4.4708],[15.1275,-4.4725],[15.1317,-4.4675],[15.1275,-4.4633],[15.1275,-4.4667],[15.1225,-4.4658],[15.1208,-4.4683],[15.1208,-4.4642],[15.1275,-4.46],[15.1308,-4.4633],[15.14,-4.4617],[15.1417,-4.4575],[15.1442,-4.4633]],[[15.1342,-4.4667],[15.135,-4.465],[15.1342,-4.465],[15.1342,-4.4667]],[[15.1358,-4.4708],[15.14,-4.47],[15.1417,-4.465],[15.1367,-4.4683],[15.1358,-4.4708]],[[15.1333,-4.4717],[15.1267,-4.4767],[15.1258,-4.4808],[15.1183,-4.4817],[15.1183,-4.485],[15.1117,-4.4892],[15.1075,-4.4967],[15.11,-4.4967],[15.115,-4.4892],[15.1258,-4.4892],[15.1308,-4.4842],[15.1333,-4.4867],[15.1317,-4.495],[15.1367,-4.4958],[15.14,-4.5042],[15.1508,-4.5075],[15.1583,-4.52],[15.1625,-4.5217],[15.1658,-4.515],[15.1617,-4.5025],[15.1658,-4.5],[15.1683,-4.4942],[15.1658,-4.4892],[15.1617,-4.4892],[15.1608,-4.495],[15.1542,-4.4967],[15.1525,-4.5042],[15.1483,-4.5042],[15.1367,-4.4933],[15.1367,-4.4892],[15.1325,-4.4842],[15.135,-4.48],[15.1333,-4.4717]],[[15.1408,-4.4717],[15.1425,-4.4725],[15.1425,-4.4717],[15.1408,-4.4717]],[[15.1375,-4.4733],[15.1383,-4.475],[15.1383,-4.4733],[15.1375,-4.4733]],[[15.1408,-4.475],[15.1417,-4.4767],[15.1417,-4.475],[15.1408,-4.475]],[[15.1692,-4.4758],[15.1683,-4.4792],[15.17,-4.4792],[15.1692,-4.4758]],[[15.1575,-4.4858],[15.1583,-4.4867],[15.1583,-4.4858],[15.1575,-4.4858]],[[15.1,-4.5008],[15.1008,-4.5017],[15.1008,-4.5008],[15.1,-4.5008]]],[[[15.1225,-4.4483],[15.1083,-4.47],[15.1075,-4.4775],[15.0967,-4.4875],[15.0975,-4.4792],[15.1,-4.4783],[15.1017,-4.4808],[15.1058,-4.4767],[15.1067,-4.4675],[15.1117,-4.4617],[15.1133,-4.455],[15.1167,-4.4542],[15.1183,-4.4492],[15.1225,-4.4483]]],[[[15.1917,-4.4508],[15.1833,-4.4508],[15.1817,-4.4483],[15.1892,-4.45],[15.1917,-4.4475],[15.2025,-4.4475],[15.1917,-4.4508]]],[[[15.2175,-4.3867],[15.2108,-4.4025],[15.2175,-4.4142],[15.2167,-4.4208],[15.2075,-4.4283],[15.2033,-4.4275],[15.2017,-4.4333],[15.2075,-4.4392],[15.2075,-4.445],[15.2117,-4.4483],[15.2117,-4.4558],[15.2242,-4.4567],[15.2233,-4.465],[15.2183,-4.4683],[15.2167,-4.4733],[15.2117,-4.4725],[15.2117,-4.4683],[15.2083,-4.47],[15.2075,-4.4783],[15.2108,-4.4933],[15.2042,-4.4917],[15.1983,-4.4817],[15.1942,-4.48],[15.1967,-4.4717],[15.1875,-4.475],[15.1825,-4.4675],[15.1783,-4.4683],[15.1792,-4.4717],[15.1892,-4.4792],[15.19,-4.4842],[15.1867,-4.4875],[15.1908,-4.4875],[15.1958,-4.4925],[15.1975,-4.4983],[15.1925,-4.5008],[15.1842,-4.4942],[15.1867,-4.5025],[15.1775,-4.5033],[15.1775,-4.5067],[15.1725,-4.5092],[15.1758,-4.5],[15.1817,-4.5],[15.1783,-4.49],[15.19,-4.4933],[15.1892,-4.4908],[15.1792,-4.4875],[15.1817,-4.4858],[15.18,-4.4833],[15.1858,-4.4833],[15.1858,-4.48],[15.1817,-4.4792],[15.18,-4.4742],[15.1758,-4.4725],[15.175,-4.4667],[15.1817,-4.4642],[15.1892,-4.4725],[15.1975,-4.4683],[15.1992,-4.4717],[15.1975,-4.4775],[15.2025,-4.4783],[15.2017,-4.4825],[15.205,-4.485],[15.2075,-4.4842],[15.205,-4.4792],[15.2067,-4.4683],[15.2183,-4.4625],[15.2175,-4.4592],[15.2117,-4.4642],[15.2017,-4.4667],[15.2117,-4.46],[15.2117,-4.4575],[15.2042,-4.4558],[15.2042,-4.4525],[15.2075,-4.4517],[15.2058,-4.4458],[15.1967,-4.4442],[15.1817,-4.4467],[15.1817,-4.445],[15.195,-4.4442],[15.1967,-4.4408],[15.2025,-4.4433],[15.2025,-4.44],[15.1983,-4.4358],[15.1983,-4.4325],[15.1942,-4.4317],[15.1975,-4.43],[15.1958,-4.4275],[15.1992,-4.4283],[15.1983,-4.4225],[15.1917,-4.4158],[15.1917,-4.4108],[15.1825,-4.4067],[15.1817,-4.4042],[15.1842,-4.4025],[15.1783,-4.4033],[15.1817,-4.4008],[15.1783,-4.3967],[15.1808,-4.3925],[15.18,-4.3917],[15.1775,-4.3933],[15.1758,-4.3925],[15.1858,-4.3892],[15.1858,-4.3917],[15.1817,-4.3933],[15.185,-4.3975],[15.1825,-4.4008],[15.1925,-4.4042],[15.1925,-4.41],[15.195,-4.41],[15.1983,-4.4158],[15.2033,-4.4183],[15.205,-4.4233],[15.2075,-4.4233],[15.215,-4.415],[15.21,-4.41],[15.2075,-4.4017],[15.21,-4.4008],[15.2133,-4.3892],[15.2175,-4.3867]],[[15.1917,-4.4058],[15.1883,-4.4042],[15.1858,-4.4042],[15.1892,-4.4083],[15.1917,-4.4058]],[[15.1925,-4.4133],[15.195,-4.4158],[15.195,-4.4117],[15.1925,-4.4133]],[[15.195,-4.4175],[15.2,-4.4225],[15.2017,-4.4225],[15.1967,-4.4158],[15.195,-4.4175]],[[15.1808,-4.4925],[15.1825,-4.4933],[15.1825,-4.4925],[15.1808,-4.4925]]],[[[15.1467,-4.4417],[15.1425,-4.4342],[15.1458,-4.435],[15.1458,-4.4333],[15.1408,-4.4267],[15.16,-4.4183],[15.1625,-4.4192],[15.1617,-4.4225],[15.1575,-4.4208],[15.1617,-4.4267],[15.16,-4.4317],[15.1692,-4.44],[15.1717,-4.4325],[15.1733,-4.4375],[15.1775,-4.4383],[15.1808,-4.4442],[15.165,-4.4408],[15.165,-4.4375],[15.1575,-4.4317],[15.1592,-4.4275],[15.1575,-4.4242],[15.1558,-4.4242],[15.1558,-4.4308],[15.1533,-4.4325],[15.1542,-4.44],[15.1517,-4.4408],[15.1525,-4.4425],[15.1483,-4.4425],[15.1517,-4.4517],[15.1483,-4.45],[15.1458,-4.4442],[15.1467,-4.4417]],[[15.1542,-4.43],[15.1542,-4.425],[15.1517,-4.4258],[15.1508,-4.43],[15.1458,-4.4292],[15.15,-4.4358],[15.1508,-4.4317],[15.1542,-4.43]],[[15.1467,-4.4425],[15.1475,-4.4433],[15.1475,-4.4425],[15.1467,-4.4425]],[[15.1458,-4.4358],[15.1458,-4.4383],[15.1475,-4.4383],[15.1475,-4.4367],[15.1458,-4.4358]],[[15.1475,-4.4392],[15.1508,-4.44],[15.1517,-4.4375],[15.1492,-4.4367],[15.1475,-4.4392]],[[15.1742,-4.4408],[15.175,-4.44],[15.1742,-4.44],[15.1742,-4.4408]]],[[[15.1233,-4.4317],[15.1192,-4.4425],[15.12,-4.4358],[15.1167,-4.4325],[15.1192,-4.4333],[15.1208,-4.43],[15.1167,-4.4308],[15.1183,-4.4275],[15.1233,-4.4317]]],[[[15.1275,-4.3983],[15.1283,-4.4092],[15.1325,-4.4067],[15.1333,-4.41],[15.1392,-4.4108],[15.1392,-4.415],[15.135,-4.4208],[15.1325,-4.4167],[15.1292,-4.4183],[15.1308,-4.4125],[15.1275,-4.4133],[15.1258,-4.4108],[15.125,-4.3992],[15.12,-4.3975],[15.12,-4.4008],[15.1167,-4.3992],[15.1125,-4.4033],[15.1183,-4.3942],[15.1275,-4.3983]],[[15.135,-4.4142],[15.1383,-4.4125],[15.1383,-4.4117],[15.1317,-4.4125],[15.135,-4.4142]]],[[[15.15,-4.3933],[15.1475,-4.3975],[15.1492,-4.3917],[15.1517,-4.3917],[15.1542,-4.3958],[15.1608,-4.3925],[15.1633,-4.395],[15.1567,-4.4017],[15.1542,-4.4083],[15.1483,-4.4117],[15.1467,-4.4083],[15.1508,-4.4075],[15.1575,-4.3975],[15.1517,-4.3983],[15.15,-4.3933]],[[15.1575,-4.3967],[15.1583,-4.3958],[15.1575,-4.3958],[15.1575,-4.3967]]],[[[15.0908,-4.3767],[15.1067,-4.3792],[15.1058,-4.3825],[15.1117,-4.3833],[15.1167,-4.3883],[15.1142,-4.3942],[15.1133,-4.3892],[15.1042,-4.3833],[15.1033,-4.38],[15.0925,-4.3808],[15.0908,-4.3767]]],[[[15.1192,-4.385],[15.1217,-4.3858],[15.1208,-4.3825],[15.1258,-4.3758],[15.1308,-4.3767],[15.1325,-4.3808],[15.1292,-4.3783],[15.1258,-4.3808],[15.1267,-4.3833],[15.1308,-4.3817],[15.1292,-4.3858],[15.1333,-4.3975],[15.1283,-4.3967],[15.1267,-4.385],[15.1225,-4.3842],[15.1242,-4.3858],[15.1225,-4.39],[15.1167,-4.3867],[15.115,-4.3825],[15.1175,-4.3725],[15.1192,-4.3725],[15.1192,-4.385]]],[[[15.1175,-4.3617],[15.1217,-4.3575],[15.1167,-4.3658],[15.115,-4.3617],[15.1125,-4.3658],[15.1108,-4.3625],[15.1075,-4.365],[15.1083,-4.3608],[15.1142,-4.3558],[15.1158,-4.3558],[15.1142,-4.36],[15.1175,-4.3617]]],[[[15.1183,-4.3417],[15.1208,-4.3367],[15.1283,-4.3392],[15.1325,-4.3375],[15.13,-4.3417],[15.1333,-4.3425],[15.1283,-4.3458],[15.12,-4.3425],[15.1192,-4.3492],[15.1158,-4.35],[15.1142,-4.3467],[15.1167,-4.3483],[15.1175,-4.3458],[15.115,-4.3442],[15.115,-4.3417],[15.1183,-4.3417]],[[15.1167,-4.345],[15.1175,-4.3442],[15.1167,-4.3442],[15.1167,-4.345]],[[15.1258,-4.3425],[15.1275,-4.3417],[15.1258,-4.3417],[15.1258,-4.3425]]],[[[15.1108,-4.3283],[15.1158,-4.3317],[15.115,-4.3333],[15.1108,-4.3317],[15.1133,-4.3358],[15.1167,-4.3342],[15.1158,-4.3392],[15.11,-4.3358],[15.1092,-4.3317],[15.1042,-4.3333],[15.1008,-4.3392],[15.0983,-4.3383],[15.1017,-4.3325],[15.1075,-4.3292],[15.1075,-4.325],[15.1042,-4.3242],[15.1033,-4.3292],[15.0983,-4.3325],[15.1033,-4.3217],[15.11,-4.3242],[15.1108,-4.3283]]],[[[15.1317,-4.3242],[15.1342,-4.3217],[15.1375,-4.3233],[15.1358,-4.3292],[15.1283,-4.3258],[15.1267,-4.3183],[15.13,-4.3175],[15.1317,-4.3242]]],[[[15.1308,-4.2958],[15.1258,-4.3017],[15.1217,-4.3],[15.1175,-4.3025],[15.12,-4.2992],[15.1175,-4.2983],[15.1175,-4.2942],[15.125,-4.2992],[15.13,-4.2908],[15.1308,-4.2958]]],[[[15.1433,-4.29],[15.1442,-4.2958],[15.14,-4.295],[15.1392,-4.2975],[15.1442,-4.2983],[15.1483,-4.3033],[15.1392,-4.3008],[15.1375,-4.295],[15.135,-4.295],[15.1325,-4.2908],[15.14,-4.2933],[15.1433,-4.2858],[15.1458,-4.29],[15.1433,-4.29]]],[[[15.1017,-4.285],[15.0983,-4.2958],[15.11,-4.2933],[15.1125,-4.2883],[15.1158,-4.2925],[15.1092,-4.295],[15.1092,-4.2992],[15.105,-4.2975],[15.0983,-4.3],[15.095,-4.2933],[15.0992,-4.2792],[15.1017,-4.285]]],[[[15.105,-4.2833],[15.1075,-4.2908],[15.1042,-4.2917],[15.1025,-4.2825],[15.1075,-4.2792],[15.105,-4.2833]]],[[[15.155,-4.26],[15.1483,-4.2642],[15.1517,-4.265],[15.1492,-4.2658],[15.1467,-4.2725],[15.1433,-4.27],[15.14,-4.2742],[15.1392,-4.27],[15.1417,-4.2683],[15.14,-4.265],[15.1458,-4.2683],[15.1475,-4.265],[15.1442,-4.2625],[15.155,-4.26]]],[[[15.1592,-4.2567],[15.15,-4.2558],[15.1383,-4.2625],[15.1408,-4.2575],[15.1442,-4.2575],[15.1492,-4.2525],[15.1583,-4.2542],[15.1617,-4.2517],[15.1592,-4.2567]]],[[[15.12,-4.255],[15.1217,-4.2583],[15.115,-4.2575],[15.1125,-4.2525],[15.1233,-4.2517],[15.1267,-4.2483],[15.1258,-4.2525],[15.12,-4.255]]],[[[15.15,-4.2467],[15.1583,-4.2517],[15.15,-4.2492],[15.1392,-4.25],[15.1375,-4.2475],[15.15,-4.2467]]],[[[15.1133,-4.245],[15.1025,-4.2492],[15.1067,-4.2433],[15.1133,-4.2417],[15.1133,-4.245]]],[[[15.1092,-4.2192],[15.1067,-4.2208],[15.1025,-4.2175],[15.1033,-4.21],[15.1083,-4.2108],[15.1092,-4.2192]],[[15.105,-4.2158],[15.1067,-4.2125],[15.105,-4.2117],[15.105,-4.2158]]],[[[15.1042,-4.1992],[15.1125,-4.2058],[15.1133,-4.2092],[15.1183,-4.21],[15.1192,-4.215],[15.1167,-4.2183],[15.1233,-4.2167],[15.1242,-4.2217],[15.1267,-4.2192],[15.1242,-4.2142],[15.1258,-4.2108],[15.1208,-4.2058],[15.125,-4.2058],[15.1292,-4.21],[15.1275,-4.2175],[15.13,-4.2192],[15.1242,-4.2233],[15.1217,-4.2208],[15.115,-4.2217],[15.1117,-4.2158],[15.115,-4.215],[15.1158,-4.2125],[15.1108,-4.2117],[15.1058,-4.2025],[15.1,-4.2058],[15.1017,-4.2125],[15.0983,-4.2142],[15.0992,-4.2175],[15.0933,-4.2142],[15.0908,-4.2175],[15.0967,-4.2183],[15.0875,-4.2192],[15.0817,-4.2125],[15.0867,-4.2108],[15.0867,-4.2058],[15.0892,-4.2042],[15.0958,-4.2033],[15.0958,-4.2058],[15.0892,-4.2067],[15.0942,-4.2125],[15.1042,-4.1992]],[[15.09,-4.2142],[15.0875,-4.2133],[15.0875,-4.215],[15.09,-4.2142]]],[[[15.1642,-4.2025],[15.1658,-4.2058],[15.1625,-4.2175],[15.1608,-4.2117],[15.1633,-4.2025],[15.16,-4.1983],[15.1642,-4.2025]]],[[[15.2275,-4.1658],[15.2292,-4.1767],[15.2275,-4.1692],[15.2225,-4.1667],[15.2183,-4.17],[15.2217,-4.175],[15.2192,-4.1808],[15.215,-4.1808],[15.2183,-4.1867],[15.21,-4.1808],[15.2083,-4.1825],[15.2125,-4.1867],[15.2067,-4.1867],[15.2133,-4.1883],[15.2083,-4.19],[15.2083,-4.1933],[15.2175,-4.19],[15.2267,-4.1925],[15.2258,-4.2033],[15.2317,-4.2042],[15.2275,-4.2067],[15.2183,-4.205],[15.22,-4.2092],[15.2275,-4.2083],[15.2233,-4.2117],[15.2175,-4.2117],[15.215,-4.2175],[15.22,-4.2242],[15.225,-4.2242],[15.2275,-4.2283],[15.2267,-4.2342],[15.2225,-4.2367],[15.2183,-4.2367],[15.2158,-4.2333],[15.2075,-4.235],[15.2125,-4.2292],[15.2175,-4.2292],[15.22,-4.2333],[15.2242,-4.2317],[15.2242,-4.2292],[15.2175,-4.2283],[15.2158,-4.2233],[15.2108,-4.2283],[15.2067,-4.2283],[15.2075,-4.2217],[15.2092,-4.2217],[15.2083,-4.2275],[15.2133,-4.2225],[15.2108,-4.2208],[15.2133,-4.2133],[15.2025,-4.2008],[15.2,-4.2017],[15.2025,-4.2083],[15.2025,-4.2117],[15.2,-4.2125],[15.2,-4.23],[15.1967,-4.2217],[15.1992,-4.2167],[15.1983,-4.2075],[15.195,-4.21],[15.195,-4.2167],[15.1883,-4.2208],[15.1883,-4.2233],[15.1917,-4.2217],[15.1967,-4.2233],[15.1983,-4.2375],[15.1942,-4.235],[15.1942,-4.2258],[15.1867,-4.2267],[15.1892,-4.2333],[15.185,-4.2317],[15.1858,-4.2167],[15.1942,-4.2133],[15.1933,-4.2067],[15.1892,-4.2125],[15.1858,-4.2108],[15.19,-4.2092],[15.1917,-4.2033],[15.1958,-4.2042],[15.1967,-4.1983],[15.1908,-4.1992],[15.1908,-4.2033],[15.1825,-4.2075],[15.18,-4.2067],[15.1883,-4.2008],[15.1925,-4.1933],[15.1975,-4.195],[15.195,-4.19],[15.1958,-4.185],[15.1908,-4.1792],[15.1858,-4.1808],[15.1817,-4.1925],[15.1717,-4.1908],[15.1692,-4.1933],[15.1625,-4.1908],[15.1592,-4.195],[15.1567,-4.1958],[15.1508,-4.195],[15.16,-4.1925],[15.1625,-4.1883],[15.1792,-4.1875],[15.1842,-4.1775],[15.1925,-4.1758],[15.1992,-4.1825],[15.2,-4.1975],[15.2075,-4.1992],[15.2117,-4.2025],[15.2133,-4.2092],[15.2158,-4.2092],[15.2142,-4.205],[15.2158,-4.2008],[15.2242,-4.2025],[15.2217,-4.1992],[15.2225,-4.1942],[15.2192,-4.1925],[15.2117,-4.1975],[15.2058,-4.1975],[15.2017,-4.1933],[15.2017,-4.1875],[15.2067,-4.1775],[15.215,-4.1792],[15.2167,-4.1767],[15.215,-4.1692],[15.2208,-4.1625],[15.2275,-4.1658]],[[15.2042,-4.1883],[15.205,-4.19],[15.205,-4.1883],[15.2042,-4.1883]]],[[[15.1342,-4.1867],[15.1392,-4.185],[15.1392,-4.1933],[15.1375,-4.1875],[15.1308,-4.1892],[15.1267,-4.1833],[15.1342,-4.1867]]],[[[15.1608,-4.1833],[15.1575,-4.1883],[15.155,-4.1875],[15.1575,-4.1825],[15.17,-4.1783],[15.1683,-4.1833],[15.1608,-4.1833]]],[[[15.105,-4.1767],[15.1008,-4.1658],[15.1083,-4.1583],[15.1125,-4.1592],[15.1092,-4.1533],[15.1108,-4.1492],[15.1167,-4.1475],[15.12,-4.1592],[15.1258,-4.1558],[15.1333,-4.165],[15.1367,-4.1575],[15.1358,-4.1533],[15.1383,-4.1542],[15.135,-4.1667],[15.1292,-4.165],[15.1267,-4.1592],[15.1233,-4.1625],[15.1192,-4.1625],[15.1158,-4.1592],[15.115,-4.1617],[15.1108,-4.1617],[15.1083,-4.1667],[15.105,-4.1667],[15.1075,-4.1725],[15.1133,-4.1717],[15.1125,-4.1667],[15.115,-4.1642],[15.1183,-4.165],[15.1183,-4.17],[15.1208,-4.1667],[15.1233,-4.1667],[15.1258,-4.1708],[15.135,-4.17],[15.1367,-4.1717],[15.135,-4.1767],[15.1375,-4.1775],[15.1383,-4.1825],[15.1342,-4.1825],[15.1358,-4.1792],[15.1317,-4.1792],[15.1333,-4.1767],[15.1308,-4.1758],[15.1192,-4.1775],[15.12,-4.18],[15.125,-4.1808],[15.1208,-4.1825],[15.1242,-4.185],[15.115,-4.1867],[15.1075,-4.1958],[15.1025,-4.1942],[15.1017,-4.2],[15.0983,-4.2008],[15.0983,-4.195],[15.095,-4.1942],[15.0958,-4.18],[15.0917,-4.175],[15.0867,-4.1783],[15.0817,-4.1775],[15.0817,-4.175],[15.0867,-4.1758],[15.0908,-4.1717],[15.085,-4.17],[15.0892,-4.1692],[15.0858,-4.165],[15.0933,-4.165],[15.0925,-4.1717],[15.1008,-4.1783],[15.0983,-4.1858],[15.1008,-4.1875],[15.1017,-4.1933],[15.1092,-4.1842],[15.1158,-4.1825],[15.115,-4.175],[15.105,-4.1767]],[[15.1308,-4.1708],[15.125,-4.1742],[15.1342,-4.1733],[15.1308,-4.1708]],[[15.115,-4.175],[15.1158,-4.1742],[15.115,-4.1742],[15.115,-4.175]],[[15.1125,-4.1517],[15.1167,-4.1567],[15.1167,-4.1508],[15.1125,-4.1517]],[[15.1158,-4.1675],[15.1142,-4.17],[15.1167,-4.17],[15.1158,-4.1675]]],[[[15.18,-4.1692],[15.175,-4.1717],[15.1733,-4.1767],[15.1683,-4.1758],[15.1758,-4.1667],[15.18,-4.1692]]],[[[15.1975,-4.1508],[15.1958,-4.1567],[15.2058,-4.1575],[15.2083,-4.1633],[15.1958,-4.1683],[15.1883,-4.1592],[15.1925,-4.1592],[15.1975,-4.165],[15.2042,-4.1625],[15.2033,-4.16],[15.1925,-4.1575],[15.2,-4.145],[15.2008,-4.1492],[15.1975,-4.1508]]],[[[15.2017,-4.1267],[15.1967,-4.145],[15.19,-4.1525],[15.1833,-4.1517],[15.1808,-4.1425],[15.1783,-4.15],[15.1742,-4.1525],[15.1683,-4.1517],[15.1658,-4.1575],[15.165,-4.1517],[15.175,-4.1492],[15.18,-4.1392],[15.185,-4.1408],[15.185,-4.1483],[15.1892,-4.1483],[15.1942,-4.1425],[15.1933,-4.1375],[15.1983,-4.13],[15.1975,-4.1258],[15.2025,-4.1208],[15.205,-4.1258],[15.2017,-4.1267]]],[[[15.2075,-4.1283],[15.2017,-4.1375],[15.2042,-4.1408],[15.2,-4.14],[15.2017,-4.1317],[15.2042,-4.1283],[15.2075,-4.1283]]],[[[15.1883,-4.115],[15.1758,-4.1158],[15.1775,-4.1217],[15.17,-4.1225],[15.1767,-4.1267],[15.1717,-4.1325],[15.1683,-4.1325],[15.1633,-4.125],[15.1642,-4.1225],[15.1683,-4.1292],[15.1708,-4.1283],[15.1675,-4.125],[15.1675,-4.1208],[15.1742,-4.12],[15.1708,-4.1158],[15.175,-4.1117],[15.185,-4.1108],[15.1883,-4.115]]],[[[15.125,-4.1133],[15.1283,-4.1142],[15.1292,-4.1108],[15.1325,-4.11],[15.1325,-4.1142],[15.1358,-4.1175],[15.135,-4.1275],[15.1392,-4.1317],[15.1392,-4.135],[15.1317,-4.1275],[15.1325,-4.1192],[15.13,-4.1208],[15.1275,-4.1158],[15.1225,-4.1133],[15.1225,-4.1083],[15.1192,-4.1075],[15.1208,-4.1042],[15.1242,-4.105],[15.125,-4.1133]],[[15.1308,-4.1183],[15.1325,-4.1175],[15.1308,-4.1175],[15.1308,-4.1183]]],[[[15.1933,-4.0967],[15.2025,-4.1033],[15.2,-4.1117],[15.195,-4.1083],[15.1967,-4.105],[15.1925,-4.1017],[15.185,-4.1083],[15.1742,-4.1092],[15.1642,-4.1192],[15.1592,-4.1167],[15.1608,-4.1017],[15.1633,-4.1025],[15.1617,-4.1158],[15.165,-4.1167],[15.1725,-4.105],[15.1833,-4.1042],[15.1933,-4.0967]]],[[[15.17,-4.075],[15.1717,-4.0792],[15.1642,-4.0817],[15.1642,-4.09],[15.16,-4.0933],[15.1617,-4.0825],[15.1667,-4.0792],[15.1617,-4.0767],[15.16,-4.0717],[15.17,-4.075]]],[[[15.1083,-4.0633],[15.1167,-4.0617],[15.115,-4.0725],[15.1067,-4.0825],[15.1083,-4.09],[15.1117,-4.0933],[15.1125,-4.1033],[15.11,-4.1033],[15.1033,-4.0858],[15.1033,-4.08],[15.1092,-4.0767],[15.1117,-4.0658],[15.1092,-4.0658],[15.1083,-4.0733],[15.1008,-4.0775],[15.1,-4.0825],[15.0958,-4.0825],[15.0867,-4.0725],[15.0858,-4.0667],[15.0983,-4.0808],[15.1025,-4.07],[15.105,-4.07],[15.105,-4.0608],[15.1075,-4.06],[15.1083,-4.0633]]],[[[15.1367,-4.0275],[15.1542,-4.0408],[15.1517,-4.0542],[15.1533,-4.0725],[15.1575,-4.0858],[15.1525,-4.1125],[15.15,-4.1125],[15.15,-4.11],[15.1533,-4.1025],[15.1542,-4.0825],[15.145,-4.0567],[15.1508,-4.0433],[15.1458,-4.0375],[15.1408,-4.0367],[15.1367,-4.0275]]],[[[15.1667,-4.0433],[15.1642,-4.0558],[15.1683,-4.0592],[15.1592,-4.0583],[15.1617,-4.0408],[15.1667,-4.0433]]],[[[15.1267,-3.9933],[15.1292,-3.9992],[15.1275,-4.0017],[15.1292,-4.0133],[15.1333,-4.0125],[15.1383,-4.0208],[15.1492,-4.0267],[15.1525,-4.0317],[15.125,-4.0167],[15.1208,-3.9942],[15.1183,-3.9975],[15.12,-4.0142],[15.1358,-4.0283],[15.1292,-4.0275],[15.1275,-4.0233],[15.1158,-4.0142],[15.1175,-4.0075],[15.1142,-3.9992],[15.1167,-3.9917],[15.1225,-3.99],[15.1267,-3.9933]]],[[[15.165,-3.9658],[15.1817,-3.9792],[15.1892,-3.9892],[15.1742,-3.9767],[15.1708,-3.9767],[15.17,-3.98],[15.165,-3.9658]]],[[[15.1958,-3.9542],[15.1967,-3.9758],[15.1917,-3.9792],[15.195,-3.9692],[15.1925,-3.9625],[15.1933,-3.9533],[15.1958,-3.9542]]],[[[15.1692,-3.9575],[15.1767,-3.9658],[15.1767,-3.9692],[15.1692,-3.965],[15.1633,-3.955],[15.1692,-3.9575]]],[[[15.105,-3.9517],[15.1125,-3.9583],[15.1108,-3.9625],[15.1075,-3.9625],[15.1042,-3.9558],[15.105,-3.9517]]],[[[15.155,-3.955],[15.1583,-3.9567],[15.165,-3.9658],[15.155,-3.9567],[15.15,-3.9558],[15.1508,-3.9467],[15.155,-3.955]]],[[[15.1117,-3.8033],[15.12,-3.8092],[15.1233,-3.815],[15.1275,-3.8108],[15.1258,-3.8058],[15.1225,-3.8067],[15.1242,-3.8042],[15.1317,-3.81],[15.1392,-3.8117],[15.1392,-3.8142],[15.1367,-3.8158],[15.1283,-3.8125],[15.1275,-3.8175],[15.1242,-3.8158],[15.1167,-3.8267],[15.1142,-3.8267],[15.1142,-3.8242],[15.1217,-3.8158],[15.11,-3.8075],[15.095,-3.8092],[15.0975,-3.8167],[15.0925,-3.815],[15.0917,-3.8067],[15.0942,-3.8083],[15.0942,-3.8042],[15.1117,-3.8033]]],[[[15.1758,-3.7975],[15.1733,-3.8025],[15.1675,-3.8025],[15.1675,-3.7983],[15.1742,-3.7917],[15.1758,-3.7975]],[[15.1717,-3.7992],[15.1725,-3.7983],[15.1717,-3.7983],[15.1717,-3.7992]]],[[[15.1375,-3.7592],[15.1308,-3.7592],[15.1283,-3.755],[15.135,-3.7517],[15.1325,-3.7567],[15.1375,-3.7592]]],[[[15.3017,-4.9817],[15.29,-4.99],[15.2883,-4.9875],[15.2833,-4.9875],[15.2833,-4.985],[15.2917,-4.9867],[15.3017,-4.9817]]],[[[15.325,-4.9792],[15.3133,-4.9892],[15.3,-4.9883],[15.3017,-4.9858],[15.3125,-4.9875],[15.315,-4.9833],[15.3133,-4.9758],[15.3158,-4.9758],[15.3167,-4.9817],[15.3192,-4.9817],[15.3267,-4.9717],[15.3283,-4.9742],[15.3258,-4.9733],[15.325,-4.9792]]],[[[15.2917,-4.9642],[15.2983,-4.9708],[15.3058,-4.9733],[15.2983,-4.9733],[15.29,-4.9667],[15.2967,-4.9742],[15.295,-4.975],[15.2883,-4.9658],[15.2917,-4.9642]]],[[[15.2858,-4.9525],[15.2875,-4.96],[15.2908,-4.955],[15.2908,-4.9592],[15.295,-4.9575],[15.2942,-4.96],[15.2983,-4.9625],[15.2983,-4.965],[15.3,-4.9642],[15.3033,-4.965],[15.2983,-4.9675],[15.2917,-4.96],[15.2867,-4.9617],[15.285,-4.955],[15.2792,-4.955],[15.2783,-4.9517],[15.2825,-4.9492],[15.2808,-4.9525],[15.2858,-4.9525]]],[[[15.3242,-4.94],[15.3208,-4.9433],[15.3217,-4.9475],[15.3267,-4.945],[15.3308,-4.9467],[15.3275,-4.9517],[15.3242,-4.9517],[15.3267,-4.9483],[15.3233,-4.9483],[15.32,-4.9558],[15.3092,-4.9517],[15.3075,-4.9558],[15.3017,-4.9567],[15.3117,-4.9492],[15.3183,-4.9542],[15.3192,-4.9417],[15.3142,-4.9467],[15.3075,-4.9467],[15.3033,-4.9525],[15.2992,-4.9533],[15.3033,-4.9467],[15.3125,-4.945],[15.3158,-4.94],[15.3242,-4.94]]],[[[15.2767,-4.935],[15.2675,-4.9433],[15.27,-4.9458],[15.2675,-4.9483],[15.2667,-4.9417],[15.2767,-4.935]]],[[[15.2275,-4.8875],[15.22,-4.8925],[15.2217,-4.8958],[15.2175,-4.895],[15.2175,-4.8925],[15.2142,-4.8933],[15.21,-4.8883],[15.2133,-4.885],[15.2117,-4.8883],[15.2167,-4.89],[15.2192,-4.8875],[15.2183,-4.8842],[15.2208,-4.8875],[15.225,-4.8875],[15.2258,-4.8817],[15.2292,-4.8792],[15.2275,-4.8875]],[[15.2208,-4.89],[15.2183,-4.89],[15.2183,-4.8917],[15.2208,-4.89]]],[[[15.2542,-4.8867],[15.25,-4.8825],[15.2567,-4.8842],[15.255,-4.8808],[15.255,-4.8758],[15.2567,-4.8742],[15.2567,-4.88],[15.26,-4.8767],[15.2658,-4.8783],[15.2617,-4.8825],[15.2583,-4.8808],[15.2583,-4.8867],[15.2542,-4.8867]],[[15.26,-4.8792],[15.2608,-4.88],[15.2625,-4.8783],[15.26,-4.8792]]],[[[15.2192,-4.8692],[15.2133,-4.8742],[15.2117,-4.8667],[15.2067,-4.8708],[15.205,-4.8675],[15.2125,-4.8642],[15.215,-4.8683],[15.2175,-4.8675],[15.2192,-4.8692]],[[15.2175,-4.8683],[15.2167,-4.8692],[15.2175,-4.8692],[15.2175,-4.8683]],[[15.2167,-4.8692],[15.2158,-4.87],[15.2167,-4.87],[15.2167,-4.8692]]],[[[15.2942,-4.8517],[15.2917,-4.8675],[15.2875,-4.8692],[15.2875,-4.8658],[15.2917,-4.8617],[15.29,-4.8575],[15.2925,-4.8533],[15.2892,-4.8508],[15.2942,-4.8517]]],[[[15.2717,-4.8292],[15.2808,-4.8375],[15.2833,-4.845],[15.2892,-4.8408],[15.2883,-4.8375],[15.2925,-4.84],[15.2925,-4.8433],[15.2883,-4.8433],[15.2908,-4.8483],[15.285,-4.8467],[15.285,-4.8542],[15.2883,-4.855],[15.2883,-4.8633],[15.2833,-4.8708],[15.2825,-4.8783],[15.2858,-4.88],[15.2883,-4.8717],[15.2925,-4.8692],[15.2942,-4.8708],[15.2892,-4.8742],[15.285,-4.8825],[15.2792,-4.8792],[15.2817,-4.8725],[15.2783,-4.87],[15.2775,-4.8625],[15.2842,-4.8675],[15.2858,-4.8567],[15.2825,-4.855],[15.2842,-4.8492],[15.28,-4.8442],[15.2792,-4.8375],[15.2758,-4.8392],[15.2725,-4.8375],[15.2742,-4.835],[15.27,-4.8325],[15.2717,-4.8292]],[[15.28,-4.8667],[15.2792,-4.8675],[15.28,-4.8675],[15.28,-4.8667]],[[15.28,-4.8675],[15.2817,-4.8692],[15.2817,-4.8683],[15.28,-4.8675]]],[[[15.2558,-4.8225],[15.2558,-4.8317],[15.2508,-4.8342],[15.2508,-4.8367],[15.2542,-4.8367],[15.2533,-4.8425],[15.2567,-4.8442],[15.2567,-4.85],[15.2517,-4.8508],[15.2517,-4.865],[15.2542,-4.8667],[15.2575,-4.8642],[15.2608,-4.8692],[15.2567,-4.8725],[15.2575,-4.8667],[15.2525,-4.8683],[15.2483,-4.865],[15.2533,-4.8708],[15.2508,-4.8742],[15.2467,-4.8658],[15.2458,-4.8567],[15.2417,-4.8567],[15.2392,-4.8533],[15.2425,-4.8517],[15.2417,-4.8542],[15.2467,-4.855],[15.2475,-4.86],[15.2508,-4.8625],[15.2492,-4.8508],[15.2542,-4.8458],[15.2492,-4.8475],[15.25,-4.8442],[15.2525,-4.8442],[15.2492,-4.8333],[15.2533,-4.83],[15.25,-4.8292],[15.2483,-4.8317],[15.2467,-4.8308],[15.2517,-4.8217],[15.2558,-4.8225]],[[15.2517,-4.825],[15.2533,-4.8242],[15.2517,-4.8242],[15.2517,-4.825]]],[[[15.2325,-4.8175],[15.2258,-4.8183],[15.2267,-4.8283],[15.2242,-4.8292],[15.2275,-4.8342],[15.2183,-4.8333],[15.2158,-4.8258],[15.2242,-4.825],[15.2208,-4.8208],[15.2242,-4.815],[15.2208,-4.815],[15.2208,-4.8125],[15.2275,-4.8125],[15.2292,-4.8092],[15.2325,-4.8175]],[[15.2283,-4.815],[15.2292,-4.8125],[15.2283,-4.8125],[15.2283,-4.815]],[[15.22,-4.8283],[15.2192,-4.8308],[15.2217,-4.8308],[15.2225,-4.8292],[15.22,-4.8283]]],[[[15.3008,-4.8158],[15.2975,-4.815],[15.2958,-4.8175],[15.2958,-4.8133],[15.2992,-4.8125],[15.2975,-4.81],[15.2992,-4.8067],[15.3025,-4.8092],[15.3008,-4.8158]]],[[[15.275,-4.7933],[15.2708,-4.805],[15.2725,-4.8117],[15.27,-4.8142],[15.2717,-4.8158],[15.275,-4.8133],[15.2817,-4.8142],[15.285,-4.8208],[15.2808,-4.8225],[15.2808,-4.825],[15.2867,-4.8225],[15.2833,-4.8267],[15.2783,-4.8242],[15.2758,-4.8267],[15.2733,-4.8208],[15.2683,-4.8217],[15.2633,-4.8183],[15.2667,-4.8142],[15.2658,-4.8192],[15.275,-4.8192],[15.2767,-4.8233],[15.2817,-4.8192],[15.2808,-4.8167],[15.2783,-4.8192],[15.2708,-4.8183],[15.2683,-4.8133],[15.27,-4.8092],[15.2683,-4.8067],[15.2642,-4.8067],[15.2658,-4.7983],[15.2717,-4.7925],[15.275,-4.7933]],[[15.2692,-4.8042],[15.2717,-4.7983],[15.2717,-4.7958],[15.2675,-4.8017],[15.2692,-4.8042]]],[[[15.2867,-4.805],[15.2858,-4.8092],[15.2917,-4.815],[15.29,-4.8183],[15.28,-4.8092],[15.2783,-4.8042],[15.28,-4.7983],[15.2833,-4.8],[15.2833,-4.8042],[15.2867,-4.805]],[[15.2875,-4.8158],[15.2883,-4.815],[15.2875,-4.815],[15.2875,-4.8158]]],[[[15.315,-4.7933],[15.3092,-4.795],[15.3133,-4.7992],[15.3108,-4.8033],[15.3033,-4.8008],[15.3025,-4.7892],[15.3058,-4.79],[15.3167,-4.7842],[15.315,-4.7933]],[[15.3117,-4.7892],[15.3092,-4.7917],[15.3117,-4.7908],[15.3117,-4.7892]],[[15.3067,-4.7942],[15.305,-4.7967],[15.3067,-4.7975],[15.3067,-4.7942]],[[15.3067,-4.8],[15.3083,-4.8008],[15.3108,-4.8008],[15.3083,-4.7983],[15.3067,-4.8]]],[[[15.2758,-4.7775],[15.28,-4.7825],[15.2775,-4.785],[15.2783,-4.7892],[15.2758,-4.79],[15.2767,-4.7942],[15.275,-4.7933],[15.2733,-4.7875],[15.275,-4.7842],[15.2725,-4.7842],[15.2758,-4.7775]],[[15.275,-4.7858],[15.2758,-4.7867],[15.2758,-4.7858],[15.275,-4.7858]]],[[[15.2367,-4.7725],[15.235,-4.7833],[15.2325,-4.785],[15.2208,-4.7858],[15.2192,-4.7917],[15.2125,-4.7908],[15.2108,-4.7933],[15.2108,-4.7892],[15.2167,-4.79],[15.22,-4.7833],[15.2317,-4.7825],[15.2325,-4.7767],[15.2275,-4.7775],[15.2283,-4.7742],[15.2367,-4.7725]]],[[[15.27,-4.7675],[15.2692,-4.7708],[15.2667,-4.7683],[15.2642,-4.77],[15.26,-4.7642],[15.2667,-4.765],[15.2667,-4.7625],[15.2683,-4.7625],[15.2683,-4.7683],[15.27,-4.7675]]],[[[15.235,-4.7225],[15.2383,-4.7233],[15.2358,-4.72],[15.2333,-4.7217],[15.2317,-4.7208],[15.2333,-4.7192],[15.24,-4.7208],[15.2392,-4.7242],[15.2342,-4.7258],[15.2358,-4.7333],[15.2317,-4.7342],[15.2325,-4.7425],[15.2258,-4.7483],[15.2275,-4.7533],[15.2217,-4.7567],[15.2217,-4.7592],[15.2267,-4.7608],[15.2283,-4.7533],[15.2325,-4.7542],[15.2333,-4.7458],[15.2433,-4.7417],[15.2375,-4.75],[15.2342,-4.765],[15.23,-4.7658],[15.23,-4.7633],[15.2333,-4.7625],[15.2325,-4.7575],[15.2267,-4.7642],[15.22,-4.7625],[15.2217,-4.76],[15.2192,-4.7592],[15.2208,-4.7533],[15.2192,-4.7492],[15.23,-4.7417],[15.2267,-4.7333],[15.22,-4.7392],[15.2225,-4.745],[15.2133,-4.7475],[15.2167,-4.7558],[15.2125,-4.7567],[15.2083,-4.7542],[15.2092,-4.7625],[15.2067,-4.7617],[15.2067,-4.7575],[15.2042,-4.7592],[15.2042,-4.7625],[15.2083,-4.7667],[15.2008,-4.7683],[15.2025,-4.7575],[15.1992,-4.7558],[15.1992,-4.75],[15.2033,-4.7475],[15.1975,-4.7433],[15.2017,-4.7408],[15.2017,-4.7442],[15.2075,-4.7433],[15.2075,-4.7458],[15.2083,-4.7433],[15.21,-4.7442],[15.2017,-4.7517],[15.2017,-4.7542],[15.205,-4.7542],[15.2067,-4.75],[15.2117,-4.7525],[15.2108,-4.745],[15.2183,-4.7425],[15.215,-4.7392],[15.2192,-4.7367],[15.2158,-4.73],[15.2183,-4.7283],[15.2233,-4.7317],[15.2217,-4.7267],[15.2242,-4.7217],[15.2275,-4.7233],[15.2267,-4.7208],[15.23,-4.7208],[15.2325,-4.7258],[15.235,-4.7225]],[[15.23,-4.7233],[15.2267,-4.7258],[15.2275,-4.7292],[15.2308,-4.7267],[15.23,-4.7233]],[[15.2325,-4.7292],[15.23,-4.7317],[15.2325,-4.7317],[15.2325,-4.7292]],[[15.225,-4.7308],[15.2267,-4.73],[15.225,-4.73],[15.225,-4.7308]],[[15.2175,-4.7308],[15.2183,-4.7325],[15.22,-4.7325],[15.2175,-4.7308]],[[15.235,-4.7533],[15.2367,-4.7517],[15.235,-4.7517],[15.235,-4.7533]]],[[[15.3092,-4.7192],[15.3067,-4.7158],[15.3133,-4.7125],[15.3133,-4.7192],[15.3092,-4.7192]],[[15.31,-4.715],[15.3117,-4.7175],[15.3125,-4.715],[15.31,-4.715]]],[[[15.21,-4.7267],[15.2108,-4.7375],[15.2067,-4.7417],[15.2017,-4.7408],[15.2008,-4.7358],[15.1933,-4.735],[15.1942,-4.7275],[15.1967,-4.7275],[15.1975,-4.7333],[15.2008,-4.7333],[15.2042,-4.7383],[15.2075,-4.7367],[15.2075,-4.7342],[15.2008,-4.7325],[15.2,-4.7267],[15.2067,-4.72],[15.2058,-4.7125],[15.2142,-4.7075],[15.215,-4.6833],[15.23,-4.6725],[15.23,-4.6783],[15.2267,-4.6783],[15.2267,-4.6842],[15.2258,-4.6808],[15.225,-4.6842],[15.22,-4.6817],[15.2167,-4.6917],[15.2192,-4.7],[15.2158,-4.7008],[15.2158,-4.7033],[15.2217,-4.705],[15.2217,-4.6983],[15.2233,-4.6983],[15.2258,-4.7008],[15.225,-4.7042],[15.2208,-4.7058],[15.2208,-4.7083],[15.2158,-4.7083],[15.2125,-4.7133],[15.2075,-4.7142],[15.2125,-4.7183],[15.2133,-4.7225],[15.2075,-4.7225],[15.2025,-4.7275],[15.2058,-4.7308],[15.2083,-4.7275],[15.21,-4.7267]],[[15.2242,-4.7017],[15.2233,-4.7008],[15.2233,-4.7017],[15.2242,-4.7017]],[[15.2083,-4.7283],[15.2092,-4.7292],[15.2092,-4.7283],[15.2083,-4.7283]],[[15.2092,-4.72],[15.21,-4.7208],[15.21,-4.72],[15.2092,-4.72]]],[[[15.2175,-4.6658],[15.2125,-4.665],[15.215,-4.6675],[15.2125,-4.6725],[15.2183,-4.675],[15.2183,-4.6775],[15.2133,-4.68],[15.21,-4.675],[15.2133,-4.6683],[15.21,-4.6675],[15.2083,-4.6633],[15.2208,-4.6625],[15.2175,-4.6658]]],[[[15.2717,-4.6675],[15.2658,-4.67],[15.2675,-4.6733],[15.2642,-4.675],[15.2642,-4.6717],[15.2583,-4.6667],[15.2625,-4.6692],[15.2683,-4.6667],[15.2675,-4.6642],[15.2617,-4.6642],[15.2608,-4.6608],[15.2633,-4.6608],[15.2692,-4.6617],[15.2717,-4.6675]]],[[[15.2758,-4.6508],[15.2842,-4.6533],[15.28,-4.6558],[15.2808,-4.6592],[15.285,-4.66],[15.2875,-4.655],[15.29,-4.655],[15.2908,-4.6583],[15.285,-4.6667],[15.2783,-4.6683],[15.2783,-4.6625],[15.2742,-4.6633],[15.2717,-4.6575],[15.2758,-4.6542],[15.2742,-4.6567],[15.2758,-4.66],[15.2783,-4.6558],[15.2758,-4.6508]],[[15.2867,-4.6583],[15.2883,-4.6575],[15.2867,-4.6575],[15.2867,-4.6583]],[[15.2817,-4.6642],[15.2833,-4.6625],[15.2808,-4.6625],[15.2817,-4.6642]]],[[[15.22,-4.6533],[15.2133,-4.6583],[15.2217,-4.6558],[15.2242,-4.6592],[15.2233,-4.665],[15.2208,-4.665],[15.2233,-4.6625],[15.2208,-4.6575],[15.2158,-4.6608],[15.21,-4.6592],[15.2108,-4.6542],[15.2192,-4.6483],[15.22,-4.6533]]],[[[15.2083,-4.6575],[15.1975,-4.6608],[15.2,-4.6567],[15.205,-4.6567],[15.2033,-4.6533],[15.1958,-4.6525],[15.1983,-4.6508],[15.2017,-4.6525],[15.2008,-4.6458],[15.2033,-4.6508],[15.2092,-4.6508],[15.2108,-4.645],[15.2175,-4.6458],[15.2167,-4.6483],[15.2125,-4.6483],[15.2108,-4.6533],[15.2067,-4.6533],[15.2083,-4.6575]],[[15.2067,-4.6533],[15.2058,-4.6525],[15.2058,-4.6533],[15.2067,-4.6533]],[[15.2033,-4.6525],[15.2042,-4.6517],[15.2033,-4.6517],[15.2033,-4.6525]]],[[[15.2525,-4.6467],[15.2567,-4.6442],[15.2608,-4.6467],[15.2617,-4.6492],[15.2558,-4.6467],[15.2533,-4.6583],[15.2525,-4.6492],[15.2475,-4.6442],[15.2525,-4.6467]]],[[[15.2717,-4.6492],[15.27,-4.645],[15.265,-4.6467],[15.27,-4.6533],[15.2692,-4.6575],[15.2692,-4.6542],[15.2633,-4.6492],[15.2633,-4.645],[15.27,-4.6425],[15.2717,-4.6492]]],[[[15.2342,-4.6375],[15.2283,-4.6375],[15.225,-4.6417],[15.2267,-4.6433],[15.2308,-4.6408],[15.2342,-4.6458],[15.2275,-4.6517],[15.2225,-4.65],[15.2217,-4.6475],[15.2283,-4.6492],[15.2325,-4.645],[15.23,-4.6425],[15.2258,-4.6458],[15.2233,-4.645],[15.2233,-4.6367],[15.2208,-4.6342],[15.2233,-4.6333],[15.2242,-4.6375],[15.2283,-4.6358],[15.2342,-4.6358],[15.2342,-4.6375]]],[[[15.2725,-4.6367],[15.2683,-4.6217],[15.2708,-4.6175],[15.2683,-4.6167],[15.2725,-4.6167],[15.2733,-4.6192],[15.27,-4.6225],[15.2725,-4.6242],[15.2708,-4.6283],[15.2742,-4.6325],[15.28,-4.6317],[15.2833,-4.6283],[15.2875,-4.6342],[15.2917,-4.6317],[15.2933,-4.6258],[15.2992,-4.6233],[15.2967,-4.6283],[15.2942,-4.6283],[15.2925,-4.6342],[15.2875,-4.6358],[15.2875,-4.6375],[15.2958,-4.6375],[15.295,-4.6442],[15.2983,-4.6425],[15.2975,-4.6367],[15.3008,-4.6358],[15.2967,-4.6325],[15.3,-4.625],[15.3,-4.6325],[15.3025,-4.6292],[15.3025,-4.6325],[15.3108,-4.6375],[15.31,-4.6325],[15.3142,-4.63],[15.3125,-4.6358],[15.3192,-4.6342],[15.32,-4.6408],[15.3083,-4.6392],[15.3058,-4.635],[15.3,-4.6375],[15.3,-4.6425],[15.3067,-4.64],[15.31,-4.6508],[15.3108,-4.6492],[15.3133,-4.6508],[15.3083,-4.6525],[15.3042,-4.6508],[15.3,-4.6442],[15.295,-4.6458],[15.2933,-4.6383],[15.2883,-4.64],[15.2858,-4.6375],[15.2725,-4.6367]],[[15.31,-4.6508],[15.3092,-4.6517],[15.31,-4.6517],[15.31,-4.6508]],[[15.2725,-4.6358],[15.2733,-4.6333],[15.2725,-4.6333],[15.2725,-4.6358]],[[15.2825,-4.6358],[15.2833,-4.6317],[15.2758,-4.6342],[15.2758,-4.635],[15.2825,-4.6358]],[[15.3167,-4.6392],[15.3158,-4.6358],[15.3142,-4.6383],[15.3167,-4.6392]],[[15.3067,-4.6492],[15.3058,-4.6425],[15.3033,-4.6417],[15.3042,-4.6483],[15.3067,-4.6492]]],[[[15.2292,-4.605],[15.2258,-4.6167],[15.23,-4.6125],[15.2333,-4.6125],[15.2392,-4.6142],[15.24,-4.6183],[15.2367,-4.6225],[15.2317,-4.6208],[15.2317,-4.625],[15.2208,-4.6292],[15.2242,-4.6233],[15.2292,-4.6233],[15.2292,-4.6192],[15.2242,-4.6192],[15.2217,-4.6133],[15.2217,-4.6225],[15.2192,-4.6292],[15.2158,-4.6308],[15.2217,-4.6433],[15.2175,-4.6458],[15.2183,-4.6417],[15.215,-4.6383],[15.2142,-4.6308],[15.2183,-4.6233],[15.2183,-4.6117],[15.2233,-4.6092],[15.225,-4.6108],[15.225,-4.6058],[15.2292,-4.605]],[[15.2317,-4.6167],[15.2333,-4.6175],[15.2333,-4.6167],[15.2317,-4.6167]]],[[[15.3233,-4.6233],[15.3192,-4.6208],[15.3192,-4.6192],[15.3225,-4.6208],[15.3233,-4.6175],[15.3183,-4.6167],[15.3183,-4.6208],[15.3158,-4.6208],[15.315,-4.6175],[15.3167,-4.6183],[15.3167,-4.6158],[15.325,-4.6158],[15.3258,-4.62],[15.3233,-4.6233]]],[[[15.2942,-4.595],[15.2983,-4.5992],[15.3025,-4.5992],[15.3025,-4.5967],[15.2975,-4.5958],[15.2958,-4.5925],[15.2917,-4.5942],[15.2892,-4.5908],[15.2867,-4.5958],[15.285,-4.5942],[15.2867,-4.5842],[15.2933,-4.585],[15.2917,-4.5917],[15.2967,-4.5858],[15.295,-4.59],[15.3008,-4.5875],[15.2983,-4.5908],[15.3,-4.5942],[15.3067,-4.59],[15.3033,-4.5958],[15.3058,-4.6042],[15.31,-4.6075],[15.31,-4.6133],[15.3058,-4.6067],[15.305,-4.615],[15.2992,-4.6175],[15.2967,-4.615],[15.2908,-4.6158],[15.2908,-4.6117],[15.2867,-4.6067],[15.29,-4.605],[15.2908,-4.5958],[15.2942,-4.595]],[[15.3058,-4.605],[15.2942,-4.5975],[15.2917,-4.5983],[15.2917,-4.6017],[15.2975,-4.6033],[15.2983,-4.6083],[15.3058,-4.605]],[[15.29,-4.6058],[15.2942,-4.6117],[15.2958,-4.6108],[15.2933,-4.605],[15.29,-4.6058]],[[15.3033,-4.6133],[15.305,-4.6083],[15.2975,-4.6117],[15.2975,-4.6133],[15.3033,-4.6133]]],[[[15.3142,-4.595],[15.3217,-4.6],[15.3175,-4.5983],[15.3158,-4.605],[15.3092,-4.6042],[15.3117,-4.6008],[15.315,-4.6017],[15.3142,-4.595]]],[[[15.2633,-4.605],[15.2592,-4.6067],[15.2558,-4.6025],[15.2517,-4.605],[15.2508,-4.6017],[15.2575,-4.6008],[15.26,-4.6033],[15.2617,-4.5958],[15.2558,-4.595],[15.2633,-4.5933],[15.265,-4.595],[15.2633,-4.605]]],[[[15.2775,-4.5875],[15.2742,-4.5958],[15.2783,-4.5967],[15.28,-4.6033],[15.285,-4.6033],[15.2858,-4.6075],[15.2825,-4.6042],[15.2808,-4.6117],[15.2725,-4.6092],[15.2717,-4.615],[15.2658,-4.6125],[15.2608,-4.6183],[15.26,-4.6142],[15.265,-4.6092],[15.2717,-4.6058],[15.2792,-4.6083],[15.28,-4.6058],[15.275,-4.6042],[15.2733,-4.5983],[15.2692,-4.5975],[15.2708,-4.5908],[15.2667,-4.585],[15.2725,-4.5792],[15.2742,-4.58],[15.2708,-4.5833],[15.2742,-4.5842],[15.27,-4.5842],[15.27,-4.5867],[15.2742,-4.5925],[15.2775,-4.5875]],[[15.2742,-4.5925],[15.2733,-4.5933],[15.2742,-4.5933],[15.2742,-4.5925]],[[15.2733,-4.5933],[15.2725,-4.5942],[15.2733,-4.5942],[15.2733,-4.5933]]],[[[15.3192,-4.5942],[15.3242,-4.5942],[15.3292,-4.6],[15.3267,-4.6042],[15.3225,-4.6033],[15.3267,-4.6],[15.3158,-4.5925],[15.3208,-4.5883],[15.3183,-4.5908],[15.3192,-4.5942]]],[[[15.2358,-4.5775],[15.2342,-4.5708],[15.2425,-4.5725],[15.2425,-4.5842],[15.2508,-4.5833],[15.2508,-4.5767],[15.255,-4.58],[15.2558,-4.5758],[15.2583,-4.575],[15.2575,-4.5808],[15.2542,-4.5817],[15.2558,-4.5867],[15.2525,-4.5925],[15.2558,-4.5967],[15.25,-4.595],[15.2517,-4.59],[15.2425,-4.5933],[15.2433,-4.5892],[15.2483,-4.59],[15.25,-4.5867],[15.2392,-4.585],[15.2408,-4.5742],[15.2375,-4.5742],[15.2383,-4.5775],[15.2358,-4.5808],[15.2408,-4.5908],[15.2358,-4.5892],[15.2325,-4.5825],[15.2275,-4.5833],[15.2233,-4.5775],[15.2208,-4.5792],[15.2192,-4.575],[15.2208,-4.5692],[15.2167,-4.5683],[15.2158,-4.5608],[15.2275,-4.5717],[15.2267,-4.5758],[15.23,-4.5775],[15.2283,-4.5808],[15.2333,-4.5817],[15.2317,-4.5783],[15.2358,-4.5775]],[[15.2333,-4.5817],[15.2342,-4.5825],[15.2342,-4.5817],[15.2333,-4.5817]],[[15.2242,-4.575],[15.2225,-4.5717],[15.2225,-4.575],[15.2242,-4.575]],[[15.2517,-4.5858],[15.2525,-4.585],[15.2517,-4.585],[15.2517,-4.5858]]],[[[15.2917,-4.5733],[15.2942,-4.5792],[15.2917,-4.5825],[15.285,-4.5833],[15.2825,-4.5808],[15.285,-4.5742],[15.2908,-4.5758],[15.2908,-4.5708],[15.2942,-4.5717],[15.2917,-4.5733]],[[15.2883,-4.58],[15.285,-4.5767],[15.2858,-4.5808],[15.2883,-4.58]]],[[[15.2783,-4.5542],[15.2833,-4.5533],[15.2808,-4.5567],[15.2742,-4.5542],[15.2742,-4.56],[15.2833,-4.565],[15.28,-4.5692],[15.2833,-4.5725],[15.2658,-4.5742],[15.2633,-4.5692],[15.2683,-4.5725],[15.27,-4.57],[15.2758,-4.57],[15.2775,-4.5667],[15.2708,-4.5617],[15.2692,-4.5517],[15.2733,-4.55],[15.2783,-4.5542]]],[[[15.3292,-4.56],[15.3242,-4.5658],[15.3233,-4.5583],[15.3275,-4.5608],[15.325,-4.5533],[15.33,-4.5567],[15.3292,-4.56]]],[[[15.3033,-4.5783],[15.3017,-4.5692],[15.3058,-4.5667],[15.31,-4.575],[15.3158,-4.5742],[15.315,-4.5692],[15.32,-4.5642],[15.3208,-4.5583],[15.3217,-4.565],[15.3183,-4.5708],[15.33,-4.57],[15.33,-4.5617],[15.3358,-4.5592],[15.3325,-4.5525],[15.3367,-4.55],[15.3308,-4.5483],[15.3292,-4.5533],[15.3283,-4.5483],[15.3225,-4.545],[15.3233,-4.5383],[15.3308,-4.5317],[15.3333,-4.5325],[15.3342,-4.5358],[15.33,-4.5458],[15.3367,-4.5467],[15.3392,-4.5425],[15.3375,-4.55],[15.3408,-4.5492],[15.3425,-4.5442],[15.3408,-4.5392],[15.3425,-4.5392],[15.3433,-4.55],[15.335,-4.5542],[15.3383,-4.5583],[15.3367,-4.5617],[15.3317,-4.5633],[15.3308,-4.5667],[15.3342,-4.5667],[15.3308,-4.57],[15.3317,-4.5733],[15.3367,-4.57],[15.3358,-4.5758],[15.33,-4.5725],[15.325,-4.5725],[15.325,-4.575],[15.32,-4.5725],[15.3217,-4.5767],[15.3117,-4.5758],[15.3092,-4.5792],[15.31,-4.5825],[15.3025,-4.5875],[15.3017,-4.585],[15.3058,-4.5808],[15.3017,-4.5825],[15.3033,-4.5783]],[[15.3058,-4.5808],[15.3067,-4.58],[15.3058,-4.58],[15.3058,-4.5808]],[[15.3317,-4.535],[15.3325,-4.5342],[15.3317,-4.5342],[15.3317,-4.535]],[[15.3275,-4.5458],[15.3275,-4.5433],[15.3292,-4.5392],[15.325,-4.5442],[15.3275,-4.5458]],[[15.3025,-4.5725],[15.3067,-4.5775],[15.3092,-4.5758],[15.305,-4.5733],[15.3042,-4.5692],[15.3025,-4.5725]]],[[[15.3158,-4.5508],[15.3117,-4.5517],[15.3133,-4.555],[15.3075,-4.5533],[15.3108,-4.5517],[15.3075,-4.5492],[15.3083,-4.5458],[15.3167,-4.545],[15.3158,-4.5508]],[[15.315,-4.5475],[15.3117,-4.5458],[15.31,-4.5483],[15.3142,-4.5492],[15.315,-4.5475]]],[[[15.245,-4.5217],[15.2442,-4.5242],[15.2333,-4.525],[15.235,-4.5183],[15.2358,-4.5225],[15.2442,-4.5217],[15.2425,-4.5158],[15.2467,-4.5192],[15.2458,-4.51],[15.2542,-4.5108],[15.2608,-4.5167],[15.26,-4.5258],[15.2633,-4.5258],[15.2625,-4.5217],[15.2658,-4.5175],[15.2692,-4.5175],[15.2642,-4.5225],[15.2658,-4.5258],[15.2683,-4.5258],[15.2717,-4.52],[15.2717,-4.5242],[15.265,-4.535],[15.2625,-4.5342],[15.265,-4.5283],[15.2558,-4.5292],[15.2583,-4.5392],[15.2508,-4.545],[15.2508,-4.5517],[15.2458,-4.5483],[15.2483,-4.5467],[15.2467,-4.5433],[15.2442,-4.5433],[15.2408,-4.5508],[15.2383,-4.5508],[15.2433,-4.5442],[15.2392,-4.5425],[15.2383,-4.5375],[15.2467,-4.5342],[15.2483,-4.5383],[15.2458,-4.5425],[15.2492,-4.5433],[15.2525,-4.5408],[15.2508,-4.5375],[15.255,-4.5367],[15.2517,-4.5325],[15.2533,-4.5308],[15.2517,-4.525],[15.2475,-4.525],[15.245,-4.5217]],[[15.2517,-4.525],[15.2533,-4.5233],[15.2517,-4.5233],[15.2517,-4.525]],[[15.25,-4.5158],[15.2575,-4.5225],[15.2592,-4.5183],[15.2533,-4.515],[15.25,-4.5158]],[[15.2458,-4.52],[15.2467,-4.5208],[15.2467,-4.52],[15.2458,-4.52]],[[15.2542,-4.5267],[15.255,-4.5275],[15.255,-4.5267],[15.2542,-4.5267]],[[15.2433,-4.5408],[15.2458,-4.5367],[15.2433,-4.5367],[15.2433,-4.5408]]],[[[15.2967,-4.5192],[15.3,-4.5242],[15.2958,-4.5267],[15.2908,-4.5358],[15.285,-4.5375],[15.2858,-4.5342],[15.2908,-4.5325],[15.2942,-4.5225],[15.2925,-4.5208],[15.2875,-4.5225],[15.2825,-4.5158],[15.2842,-4.51],[15.2808,-4.5058],[15.28,-4.5],[15.2817,-4.505],[15.2858,-4.5058],[15.2867,-4.5108],[15.2908,-4.5133],[15.2867,-4.5175],[15.2917,-4.5175],[15.2983,-4.4983],[15.2975,-4.495],[15.2992,-4.4925],[15.3033,-4.4933],[15.305,-4.49],[15.305,-4.485],[15.3008,-4.4842],[15.3017,-4.4783],[15.3042,-4.4783],[15.3058,-4.4842],[15.3108,-4.4867],[15.3075,-4.4933],[15.3125,-4.495],[15.3175,-4.5025],[15.3008,-4.5092],[15.3025,-4.5142],[15.2967,-4.5192]],[[15.3008,-4.5133],[15.2942,-4.5142],[15.2942,-4.5183],[15.3008,-4.515],[15.3008,-4.5133]],[[15.3025,-4.4967],[15.2967,-4.5083],[15.3108,-4.5017],[15.3108,-4.4975],[15.3025,-4.4967]],[[15.285,-4.5158],[15.2867,-4.515],[15.285,-4.515],[15.285,-4.5158]]],[[[15.185,-4.5167],[15.1808,-4.5108],[15.1883,-4.5133],[15.1892,-4.5183],[15.1792,-4.5258],[15.18,-4.535],[15.1767,-4.5375],[15.1775,-4.5442],[15.1825,-4.5425],[15.1808,-4.5308],[15.1825,-4.5267],[15.1883,-4.5283],[15.1942,-4.5267],[15.1992,-4.5317],[15.1975,-4.525],[15.1917,-4.5192],[15.19,-4.5058],[15.1967,-4.505],[15.195,-4.5083],[15.1992,-4.5108],[15.1992,-4.5133],[15.2025,-4.51],[15.2067,-4.51],[15.2075,-4.5175],[15.2108,-4.515],[15.21,-4.5092],[15.2142,-4.5092],[15.22,-4.5167],[15.2275,-4.5142],[15.2267,-4.5042],[15.2292,-4.5017],[15.2225,-4.5],[15.2217,-4.4933],[15.2242,-4.49],[15.2367,-4.4883],[15.2267,-4.485],[15.2275,-4.4775],[15.2233,-4.4717],[15.225,-4.4667],[15.2317,-4.4658],[15.2358,-4.4725],[15.2408,-4.475],[15.2408,-4.4825],[15.2433,-4.48],[15.2483,-4.4808],[15.2408,-4.4708],[15.2408,-4.4625],[15.2433,-4.4583],[15.2367,-4.46],[15.2333,-4.4575],[15.2308,-4.4467],[15.2258,-4.4417],[15.2258,-4.4358],[15.2325,-4.4358],[15.23,-4.44],[15.2342,-4.4408],[15.2333,-4.4458],[15.2375,-4.445],[15.2367,-4.4517],[15.2392,-4.4533],[15.2408,-4.45],[15.2425,-4.4567],[15.2458,-4.4567],[15.2458,-4.4542],[15.25,-4.4525],[15.25,-4.4458],[15.2542,-4.4442],[15.2625,-4.4483],[15.2625,-4.4567],[15.2658,-4.4583],[15.2658,-4.4625],[15.2692,-4.4608],[15.2683,-4.4567],[15.2733,-4.4575],[15.2733,-4.46],[15.27,-4.4592],[15.27,-4.4625],[15.265,-4.465],[15.26,-4.4592],[15.2583,-4.45],[15.2525,-4.4475],[15.2492,-4.4617],[15.2517,-4.4608],[15.2583,-4.4617],[15.2675,-4.4742],[15.2617,-4.4742],[15.2575,-4.4708],[15.2533,-4.4733],[15.2517,-4.47],[15.245,-4.4683],[15.2483,-4.4767],[15.255,-4.4767],[15.2558,-4.48],[15.2525,-4.4783],[15.2483,-4.4842],[15.24,-4.4833],[15.2375,-4.4792],[15.2308,-4.48],[15.23,-4.4825],[15.2383,-4.4842],[15.2408,-4.4933],[15.2392,-4.495],[15.2333,-4.4925],[15.2308,-4.495],[15.225,-4.495],[15.2317,-4.4983],[15.2342,-4.5042],[15.2317,-4.505],[15.2333,-4.5142],[15.2267,-4.52],[15.2208,-4.5192],[15.215,-4.5142],[15.2083,-4.52],[15.2042,-4.5175],[15.2042,-4.5142],[15.1992,-4.515],[15.1975,-4.5117],[15.1925,-4.51],[15.2017,-4.5233],[15.2042,-4.53],[15.2025,-4.5325],[15.2058,-4.535],[15.1958,-4.535],[15.1925,-4.5308],[15.185,-4.53],[15.1875,-4.5342],[15.185,-4.5375],[15.1875,-4.545],[15.1825,-4.5458],[15.1808,-4.55],[15.1758,-4.5467],[15.175,-4.5542],[15.1708,-4.555],[15.1658,-4.5467],[15.1742,-4.5417],[15.1725,-4.5375],[15.1758,-4.535],[15.1733,-4.5317],[15.1758,-4.5283],[15.1742,-4.5217],[15.1758,-4.5192],[15.18,-4.5208],[15.1808,-4.515],[15.185,-4.5167]],[[15.2567,-4.4625],[15.2467,-4.465],[15.2492,-4.4683],[15.2567,-4.4683],[15.26,-4.4708],[15.26,-4.4667],[15.2575,-4.4667],[15.2567,-4.4625]],[[15.1808,-4.5167],[15.1817,-4.5175],[15.1817,-4.5167],[15.1808,-4.5167]],[[15.2325,-4.4767],[15.2308,-4.4708],[15.2292,-4.4708],[15.2292,-4.475],[15.2325,-4.4767]],[[15.1817,-4.5192],[15.1825,-4.5183],[15.1817,-4.5183],[15.1817,-4.5192]],[[15.1717,-4.55],[15.1725,-4.5467],[15.1717,-4.5467],[15.1717,-4.55]]],[[[15.2883,-4.4833],[15.285,-4.4883],[15.2875,-4.4883],[15.2892,-4.4842],[15.2908,-4.4842],[15.29,-4.4875],[15.2933,-4.4858],[15.2933,-4.4917],[15.2892,-4.4925],[15.2908,-4.4983],[15.2875,-4.5058],[15.2858,-4.5058],[15.2883,-4.4983],[15.2875,-4.4908],[15.2833,-4.4883],[15.2875,-4.4808],[15.2883,-4.4833]],[[15.2892,-4.4908],[15.2908,-4.4883],[15.2892,-4.4883],[15.2892,-4.4908]]],[[[15.3033,-4.4442],[15.3075,-4.445],[15.3142,-4.4542],[15.3175,-4.4533],[15.3175,-4.4492],[15.32,-4.4492],[15.3208,-4.4542],[15.3125,-4.4633],[15.3108,-4.4583],[15.3125,-4.4617],[15.315,-4.4592],[15.3133,-4.4558],[15.31,-4.4567],[15.3108,-4.4525],[15.3075,-4.4492],[15.3,-4.4458],[15.2933,-4.4475],[15.2925,-4.4508],[15.2992,-4.4542],[15.3,-4.4592],[15.3067,-4.4608],[15.3067,-4.4633],[15.3042,-4.4608],[15.2992,-4.4617],[15.295,-4.4542],[15.2875,-4.4517],[15.2858,-4.4575],[15.2925,-4.4692],[15.2942,-4.4692],[15.2908,-4.4625],[15.2925,-4.4592],[15.3033,-4.4642],[15.3033,-4.4658],[15.2958,-4.465],[15.2958,-4.47],[15.2917,-4.47],[15.2858,-4.4658],[15.2825,-4.4533],[15.2858,-4.4475],[15.2742,-4.4483],[15.2692,-4.445],[15.2708,-4.4517],[15.265,-4.4508],[15.265,-4.4458],[15.27,-4.4408],[15.2775,-4.4467],[15.2875,-4.4442],[15.29,-4.4483],[15.305,-4.4358],[15.3033,-4.4442]]],[[[15.3242,-4.4283],[15.3158,-4.4283],[15.3167,-4.4308],[15.3217,-4.4317],[15.325,-4.4292],[15.3267,-4.43],[15.3242,-4.4333],[15.3167,-4.4333],[15.32,-4.4375],[15.3158,-4.4375],[15.3192,-4.4433],[15.315,-4.4458],[15.3158,-4.4492],[15.3125,-4.4492],[15.3108,-4.4458],[15.3167,-4.4425],[15.3117,-4.4383],[15.3117,-4.435],[15.315,-4.4342],[15.3125,-4.4325],[15.3125,-4.4275],[15.3242,-4.4258],[15.3242,-4.4283]]],[[[15.2667,-4.425],[15.2617,-4.4317],[15.2642,-4.4383],[15.2675,-4.4367],[15.2658,-4.4408],[15.2617,-4.4392],[15.2617,-4.4333],[15.2583,-4.4292],[15.2667,-4.425]]],[[[15.2225,-4.4158],[15.2192,-4.43],[15.2233,-4.4292],[15.2242,-4.4333],[15.2158,-4.4342],[15.215,-4.4275],[15.22,-4.4167],[15.2225,-4.4158]]],[[[15.305,-4.4175],[15.3083,-4.4292],[15.3025,-4.4308],[15.2983,-4.4275],[15.3017,-4.435],[15.2975,-4.435],[15.295,-4.4267],[15.3008,-4.4242],[15.305,-4.4275],[15.3042,-4.4183],[15.3008,-4.4125],[15.305,-4.4175]]],[[[15.2358,-4.4192],[15.2433,-4.4175],[15.2433,-4.4233],[15.24,-4.425],[15.2408,-4.4233],[15.2325,-4.4208],[15.2325,-4.4142],[15.2358,-4.4158],[15.2358,-4.4192]]],[[[15.2817,-4.4075],[15.2775,-4.4125],[15.2642,-4.4092],[15.2625,-4.415],[15.2658,-4.4167],[15.2608,-4.4175],[15.26,-4.4217],[15.2558,-4.4225],[15.2608,-4.4058],[15.27,-4.4042],[15.2725,-4.4092],[15.2817,-4.4075]]],[[[15.2475,-4.4075],[15.2367,-4.4092],[15.235,-4.4058],[15.245,-4.405],[15.2408,-4.4025],[15.245,-4.4],[15.2483,-4.4025],[15.2475,-4.4075]]],[[[15.2508,-4.3983],[15.2517,-4.3942],[15.2542,-4.3942],[15.2558,-4.4008],[15.2483,-4.4008],[15.245,-4.3933],[15.2458,-4.3883],[15.2508,-4.3983]]],[[[15.2683,-4.3825],[15.2717,-4.3933],[15.2758,-4.395],[15.2725,-4.3983],[15.2683,-4.3967],[15.2675,-4.3908],[15.265,-4.3892],[15.2667,-4.38],[15.2708,-4.3817],[15.2683,-4.3825]]],[[[15.87,-4.3417],[15.865,-4.3425],[15.8692,-4.3283],[15.88,-4.3142],[15.8883,-4.2883],[15.9133,-4.24],[15.9158,-4.2225],[15.92,-4.2208],[15.9125,-4.215],[15.9058,-4.2142],[15.9025,-4.2092],[15.895,-4.2092],[15.8933,-4.2058],[15.8858,-4.2092],[15.885,-4.2042],[15.8817,-4.2017],[15.8842,-4.1967],[15.8833,-4.1917],[15.89,-4.1892],[15.8842,-4.1883],[15.88,-4.1792],[15.8875,-4.1758],[15.8917,-4.1783],[15.8933,-4.165],[15.9,-4.1625],[15.8983,-4.155],[15.9025,-4.1533],[15.905,-4.1475],[15.905,-4.1417],[15.9017,-4.1367],[15.9075,-4.1317],[15.9017,-4.1275],[15.9008,-4.1233],[15.9117,-4.1208],[15.9117,-4.1167],[15.9075,-4.1142],[15.9083,-4.1083],[15.9117,-4.1067],[15.9167,-4.1083],[15.9192,-4.1058],[15.915,-4.1042],[15.9158,-4.0983],[15.91,-4.0992],[15.9083,-4.0933],[15.905,-4.0933],[15.9017,-4.0883],[15.9017,-4.0842],[15.9058,-4.0825],[15.9033,-4.0742],[15.91,-4.0758],[15.9133,-4.0742],[15.91,-4.0717],[15.9108,-4.0683],[15.9042,-4.0692],[15.9025,-4.0633],[15.9058,-4.0617],[15.9058,-4.0558],[15.9133,-4.0583],[15.9175,-4.0542],[15.9083,-4.05],[15.9108,-4.0408],[15.9183,-4.0433],[15.9142,-4.0267],[15.915,-4.0175],[15.92,-4.0158],[15.9258,-4.0292],[15.9308,-4.0292],[15.9308,-4.025],[15.9275,-4.025],[15.9258,-4.0208],[15.9292,-4.0175],[15.935,-4.0183],[15.935,-4.0167],[15.9275,-4.0125],[15.9275,-4.0092],[15.93,-4.0017],[15.9408,-4.0067],[15.9392,-4.0017],[15.9417,-3.9967],[15.9375,-3.995],[15.94,-3.9883],[15.9392,-3.9775],[15.9425,-3.9783],[15.9433,-3.9733],[15.9483,-3.9717],[15.955,-3.9783],[15.955,-3.975],[15.9592,-3.9717],[15.955,-3.9708],[15.9533,-3.9675],[15.9608,-3.9617],[15.955,-3.9617],[15.9575,-3.9542],[15.9533,-3.9517],[15.9525,-3.9475],[15.9492,-3.955],[15.945,-3.955],[15.9417,-3.95],[15.9408,-3.9583],[15.9333,-3.955],[15.9342,-3.9625],[15.9392,-3.965],[15.94,-3.9683],[15.935,-3.9692],[15.9333,-3.985],[15.9292,-3.9883],[15.9258,-3.9867],[15.9267,-3.9817],[15.9242,-3.9833],[15.9217,-3.9817],[15.9217,-3.9725],[15.925,-3.9658],[15.9133,-3.97],[15.9192,-3.9817],[15.915,-3.98],[15.9117,-3.9817],[15.9075,-3.9775],[15.9067,-3.9875],[15.9158,-3.9883],[15.9208,-3.9942],[15.9167,-3.9958],[15.915,-4.0008],[15.9075,-3.9967],[15.9075,-4.0033],[15.9025,-4.0075],[15.9,-4.0058],[15.8992,-3.9967],[15.8975,-3.9992],[15.89,-3.9992],[15.89,-3.9942],[15.8933,-3.99],[15.8875,-3.9742],[15.89,-3.9717],[15.895,-3.9742],[15.895,-3.9783],[15.8992,-3.9833],[15.8983,-3.9908],[15.9017,-3.9908],[15.9,-3.9867],[15.9025,-3.9833],[15.9017,-3.9733],[15.9083,-3.9733],[15.9092,-3.9675],[15.9192,-3.9608],[15.9242,-3.9592],[15.9283,-3.9608],[15.9292,-3.9517],[15.9367,-3.9492],[15.94,-3.9442],[15.9467,-3.9467],[15.95,-3.9425],[15.955,-3.9425],[15.9642,-3.9525],[15.9625,-3.9592],[15.9675,-3.9608],[15.9658,-3.9658],[15.9608,-3.9675],[15.9683,-3.9758],[15.9558,-3.985],[15.95,-3.9833],[15.945,-3.985],[15.9467,-3.9925],[15.9508,-3.9967],[15.9475,-4.0108],[15.9408,-4.0142],[15.9433,-4.0192],[15.94,-4.025],[15.9375,-4.025],[15.9358,-4.0342],[15.9258,-4.0367],[15.9275,-4.0417],[15.925,-4.0417],[15.9267,-4.0483],[15.9233,-4.05],[15.9242,-4.055],[15.9208,-4.0617],[15.915,-4.0642],[15.9167,-4.0692],[15.92,-4.0708],[15.92,-4.075],[15.9183,-4.0783],[15.9125,-4.0808],[15.91,-4.0875],[15.9225,-4.095],[15.925,-4.1075],[15.9183,-4.1142],[15.9183,-4.1217],[15.9142,-4.1275],[15.9142,-4.1367],[15.91,-4.1392],[15.9117,-4.1467],[15.9075,-4.1608],[15.8933,-4.185],[15.895,-4.1933],[15.8892,-4.1958],[15.8892,-4.1992],[15.8958,-4.1958],[15.8992,-4.2033],[15.9067,-4.2042],[15.9233,-4.215],[15.9258,-4.2192],[15.9308,-4.2192],[15.9142,-4.2058],[15.905,-4.2017],[15.9,-4.195],[15.8992,-4.1883],[15.9017,-4.1742],[15.9108,-4.1633],[15.9108,-4.155],[15.9183,-4.1442],[15.9175,-4.1342],[15.9217,-4.1283],[15.9267,-4.1275],[15.9217,-4.1233],[15.9217,-4.1183],[15.9258,-4.115],[15.9292,-4.105],[15.9325,-4.1042],[15.9317,-4.0983],[15.92,-4.0892],[15.9192,-4.0858],[15.9208,-4.0792],[15.9267,-4.08],[15.9258,-4.0733],[15.9233,-4.0717],[15.925,-4.0583],[15.93,-4.0525],[15.935,-4.0542],[15.9325,-4.045],[15.9358,-4.0383],[15.9392,-4.0383],[15.9392,-4.0342],[15.9442,-4.0317],[15.9467,-4.0192],[15.9483,-4.0217],[15.9525,-4.0217],[15.9492,-4.0167],[15.9508,-4.0092],[15.9583,-4.0058],[15.9583,-4.0025],[15.9542,-4.0],[15.9575,-3.9908],[15.9617,-3.9867],[15.9667,-3.9858],[15.9667,-3.9892],[15.9733,-3.995],[15.9725,-3.9858],[15.9758,-3.98],[15.9733,-3.9742],[15.9758,-3.9667],[15.9883,-3.965],[15.9975,-3.9692],[15.9975,-3.9425],[15.9958,-3.9458],[15.99,-3.9467],[15.9858,-3.9408],[15.9908,-3.9208],[15.9858,-3.9192],[15.9867,-3.9225],[15.9825,-3.9233],[15.985,-3.9333],[15.9817,-3.9392],[15.9742,-3.935],[15.9725,-3.9217],[15.97,-3.9317],[15.9642,-3.9342],[15.9708,-3.9417],[15.9692,-3.9425],[15.965,-3.9375],[15.9583,-3.935],[15.9575,-3.9308],[15.9592,-3.9333],[15.9625,-3.9317],[15.9583,-3.9233],[15.9525,-3.9208],[15.9517,-3.9158],[15.95,-3.9183],[15.9433,-3.9192],[15.9408,-3.915],[15.9433,-3.9133],[15.9467,-3.915],[15.9508,-3.9092],[15.9583,-3.9067],[15.9558,-3.915],[15.9633,-3.92],[15.965,-3.9283],[15.9667,-3.9283],[15.9667,-3.9225],[15.975,-3.9183],[15.9792,-3.9308],[15.9783,-3.9233],[15.9817,-3.9192],[15.9775,-3.9125],[15.9833,-3.91],[15.9892,-3.915],[15.9908,-3.91],[15.9892,-3.8983],[15.9933,-3.895],[15.9975,-3.8958],[15.9975,-3.7342],[15.9983,-3.72],[16.0,-3.72],[16.0,-5.0],[14.55,-5.0],[14.55,-4.9858],[14.5558,-4.9892],[14.56,-4.9883],[14.56,-4.9925],[14.5642,-4.9892],[14.56,-4.9858],[14.56,-4.9833],[14.5542,-4.9858],[14.5517,-4.9817],[14.5558,-4.9775],[14.56,-4.9792],[14.5625,-4.9767],[14.5633,-4.9792],[14.5675,-4.9758],[14.5633,-4.9733],[14.5683,-4.97],[14.5633,-4.9675],[14.565,-4.9608],[14.5608,-4.965],[14.5592,-4.9758],[14.5542,-4.9758],[14.5533,-4.97],[14.55,-4.9675],[14.55,-4.9508],[14.5558,-4.9525],[14.5575,-4.9483],[14.56,-4.9542],[14.5533,-4.9642],[14.5558,-4.9708],[14.56,-4.9575],[14.5633,-4.9542],[14.5692,-4.9542],[14.5717,-4.9567],[14.5708,-4.9692],[14.5733,-4.9667],[14.5725,-4.9625],[14.5758,-4.9667],[14.58,-4.965],[14.5825,-4.9667],[14.5817,-4.9683],[14.5783,-4.9667],[14.5808,-4.9725],[14.5758,-4.9675],[14.5742,-4.97],[14.5767,-4.975],[14.5742,-4.9783],[14.5775,-4.9792],[14.5767,-4.9883],[14.5808,-4.9883],[14.5742,-4.9975],[14.5958,-4.9975],[14.5967,-4.9942],[14.5992,-4.9975],[14.915,-4.9975],[14.915,-4.995],[14.9175,-4.9975],[14.9267,-4.9975],[14.9242,-4.995],[14.9242,-4.99],[14.9267,-4.9883],[14.9292,-4.9892],[14.9333,-4.995],[14.9333,-4.9975],[14.9667,-4.9975],[14.9675,-4.9958],[14.9583,-4.9942],[14.9625,-4.9875],[14.96,-4.9808],[14.9542,-4.9767],[14.9583,-4.9675],[14.9575,-4.975],[14.9658,-4.985],[14.9633,-4.9942],[14.9692,-4.9917],[14.9717,-4.9933],[14.9683,-4.9975],[14.9883,-4.9975],[14.995,-4.995],[14.9958,-4.9975],[15.0225,-4.9975],[15.0217,-4.9958],[15.0258,-4.9975],[15.0408,-4.9883],[15.0508,-4.9917],[15.0408,-4.9908],[15.0292,-4.9975],[15.2983,-4.9975],[15.2983,-4.9958],[15.335,-4.9975],[15.3358,-4.9917],[15.3367,-4.9975],[15.3433,-4.9975],[15.3425,-4.9908],[15.3458,-4.9942],[15.345,-4.9975],[15.3475,-4.9975],[15.3475,-4.9942],[15.3525,-4.9967],[15.3583,-4.9892],[15.3625,-4.9883],[15.3642,-4.9908],[15.36,-4.9917],[15.355,-4.9975],[15.36,-4.9958],[15.3717,-4.9975],[15.3733,-4.9933],[15.3725,-4.9975],[15.3775,-4.9975],[15.3783,-4.9942],[15.3792,-4.9975],[15.3983,-4.9958],[15.4017,-4.9975],[15.4042,-4.9942],[15.3933,-4.9883],[15.3958,-4.9867],[15.3942,-4.9825],[15.3975,-4.9833],[15.4042,-4.9767],[15.4075,-4.9767],[15.41,-4.98],[15.4083,-4.9708],[15.4133,-4.9792],[15.4167,-4.9783],[15.425,-4.9792],[15.4275,-4.9742],[15.4308,-4.9733],[15.4333,-4.9792],[15.4367,-4.9792],[15.4383,-4.9842],[15.4433,-4.9858],[15.4442,-4.9892],[15.44,-4.99],[15.4417,-4.9875],[15.4325,-4.9833],[15.4308,-4.9858],[15.425,-4.9842],[15.425,-4.9892],[15.4217,-4.9908],[15.4192,-4.9858],[15.42,-4.9792],[15.4175,-4.9792],[15.4183,-4.9858],[15.4142,-4.9883],[15.4108,-4.9842],[15.4067,-4.9867],[15.3992,-4.985],[15.4025,-4.9875],[15.4008,-4.9908],[15.4058,-4.9917],[15.405,-4.9975],[15.4083,-4.995],[15.4108,-4.995],[15.4108,-4.9975],[15.4175,-4.9975],[15.4167,-4.995],[15.4192,-4.9933],[15.4233,-4.9942],[15.4233,-4.9975],[15.4283,-4.995],[15.4317,-4.995],[15.4317,-4.9975],[15.4425,-4.9975],[15.4425,-4.995],[15.445,-4.995],[15.4442,-4.9975],[15.4608,-4.9975],[15.4608,-4.9958],[15.4692,-4.9975],[15.47,-4.9942],[15.4742,-4.9975],[15.4733,-4.9925],[15.4775,-4.99],[15.475,-4.985],[15.48,-4.9833],[15.4808,-4.9792],[15.485,-4.9792],[15.4833,-4.9758],[15.4892,-4.9817],[15.4908,-4.9883],[15.48,-4.9925],[15.4808,-4.9975],[15.4817,-4.9942],[15.4867,-4.9975],[15.49,-4.9925],[15.4942,-4.9925],[15.4958,-4.9975],[15.5017,-4.9975],[15.4967,-4.9925],[15.5067,-4.9975],[15.5108,-4.995],[15.515,-4.9975],[15.5233,-4.9975],[15.5292,-4.9908],[15.5342,-4.9925],[15.5325,-4.9975],[15.5383,-4.9975],[15.5367,-4.9925],[15.5417,-4.9975],[15.5725,-4.9975],[15.5742,-4.9892],[15.5658,-4.9842],[15.5792,-4.9867],[15.58,-4.99],[15.5833,-4.9892],[15.5817,-4.9933],[15.585,-4.995],[15.5825,-4.9975],[15.5983,-4.9975],[15.6,-4.995],[15.6058,-4.9958],[15.6058,-4.9942],[15.6108,-4.9967],[15.6042,-4.9975],[15.6167,-4.9975],[15.6083,-4.985],[15.6167,-4.9775],[15.6258,-4.975],[15.63,-4.9775],[15.6292,-4.9792],[15.625,-4.98],[15.6242,-4.9842],[15.6217,-4.9833],[15.6217,-4.9792],[15.6108,-4.9842],[15.6167,-4.9908],[15.6167,-4.9942],[15.6192,-4.9933],[15.62,-4.9858],[15.625,-4.9883],[15.6258,-4.9908],[15.6208,-4.9883],[15.6208,-4.9908],[15.6242,-4.9917],[15.6242,-4.995],[15.6208,-4.9975],[15.6542,-4.9975],[15.6492,-4.9942],[15.6492,-4.9908],[15.6633,-4.9975],[15.6642,-4.9942],[15.66,-4.9908],[15.66,-4.985],[15.6567,-4.9808],[15.6617,-4.9842],[15.6633,-4.9892],[15.6658,-4.9883],[15.6658,-4.9925],[15.6708,-4.995],[15.6642,-4.9975],[15.6758,-4.9975],[15.6758,-4.9892],[15.6792,-4.9858],[15.6775,-4.9725],[15.6808,-4.9758],[15.6858,-4.975],[15.6883,-4.98],[15.6942,-4.9792],[15.6942,-4.975],[15.6875,-4.9725],[15.6942,-4.9617],[15.6925,-4.9575],[15.6942,-4.9517],[15.7042,-4.955],[15.7075,-4.9492],[15.7108,-4.9542],[15.7092,-4.955],[15.7108,-4.9625],[15.715,-4.9625],[15.7125,-4.9558],[15.7142,-4.9508],[15.7117,-4.95],[15.7092,-4.9408],[15.7117,-4.9317],[15.7175,-4.9283],[15.7175,-4.925],[15.7125,-4.9267],[15.71,-4.9225],[15.7142,-4.9208],[15.7217,-4.9258],[15.7267,-4.9383],[15.7283,-4.9308],[15.7258,-4.93],[15.7233,-4.9217],[15.7292,-4.9233],[15.7292,-4.9208],[15.7233,-4.9158],[15.7192,-4.9175],[15.72,-4.9133],[15.7275,-4.9125],[15.7258,-4.9158],[15.7308,-4.92],[15.735,-4.9183],[15.74,-4.9217],[15.7417,-4.9183],[15.74,-4.9142],[15.7325,-4.915],[15.7317,-4.9092],[15.7267,-4.91],[15.7217,-4.9075],[15.725,-4.9075],[15.735,-4.8992],[15.7383,-4.9008],[15.7375,-4.905],[15.7417,-4.9042],[15.74,-4.8967],[15.7475,-4.8883],[15.7508,-4.8883],[15.7508,-4.8833],[15.7458,-4.875],[15.7425,-4.8783],[15.745,-4.8842],[15.735,-4.8842],[15.7367,-4.89],[15.7317,-4.8942],[15.7217,-4.895],[15.72,-4.9017],[15.7158,-4.9025],[15.7117,-4.9],[15.7067,-4.905],[15.7042,-4.9042],[15.7042,-4.91],[15.7017,-4.9058],[15.6875,-4.9025],[15.685,-4.9092],[15.6792,-4.91],[15.6808,-4.9117],[15.6792,-4.9167],[15.6733,-4.92],[15.6708,-4.9183],[15.6658,-4.92],[15.6642,-4.91],[15.6675,-4.9108],[15.6667,-4.9175],[15.6717,-4.9133],[15.6717,-4.9042],[15.6692,-4.9033],[15.6708,-4.8967],[15.6625,-4.8958],[15.6658,-4.8917],[15.6608,-4.89],[15.6617,-4.885],[15.6583,-4.8775],[15.6675,-4.8775],[15.6733,-4.8825],[15.6733,-4.8883],[15.6767,-4.89],[15.6775,-4.8942],[15.6725,-4.8925],[15.6725,-4.8967],[15.6758,-4.8983],[15.6817,-4.8942],[15.6833,-4.8875],[15.6908,-4.89],[15.6942,-4.8958],[15.6992,-4.895],[15.705,-4.8867],[15.7092,-4.8875],[15.7092,-4.8842],[15.695,-4.8867],[15.6942,-4.8833],[15.6992,-4.8717],[15.7033,-4.8767],[15.7092,-4.875],[15.7142,-4.885],[15.7192,-4.8842],[15.7308,-4.8733],[15.7333,-4.8742],[15.7333,-4.8717],[15.7375,-4.8708],[15.74,-4.8667],[15.7467,-4.8667],[15.7508,-4.8708],[15.7525,-4.8667],[15.7625,-4.8592],[15.7758,-4.8658],[15.7742,-4.86],[15.77,-4.8567],[15.7733,-4.8533],[15.7733,-4.8492],[15.7708,-4.8475],[15.7642,-4.855],[15.7617,-4.8525],[15.75,-4.8542],[15.7492,-4.8617],[15.7433,-4.8658],[15.7392,-4.865],[15.7417,-4.8583],[15.7367,-4.8608],[15.73,-4.8592],[15.7333,-4.8633],[15.7325,-4.8667],[15.7242,-4.87],[15.7217,-4.8683],[15.7225,-4.8625],[15.7183,-4.8608],[15.7192,-4.8558],[15.7158,-4.8533],[15.7142,-4.845],[15.715,-4.8408],[15.7175,-4.8417],[15.7192,-4.8383],[15.73,-4.835],[15.7325,-4.8383],[15.7308,-4.8417],[15.7333,-4.8467],[15.7325,-4.8533],[15.7383,-4.8558],[15.7367,-4.8492],[15.7392,-4.8425],[15.7467,-4.8458],[15.7492,-4.8417],[15.7517,-4.8425],[15.7558,-4.8392],[15.7575,-4.835],[15.7617,-4.8358],[15.7617,-4.84],[15.7658,-4.84],[15.7675,-4.8367],[15.7717,-4.84],[15.7742,-4.8392],[15.77,-4.8342],[15.7625,-4.8325],[15.7608,-4.8292],[15.7642,-4.8242],[15.7692,-4.8258],[15.7675,-4.8192],[15.7692,-4.8217],[15.775,-4.8208],[15.7717,-4.815],[15.7733,-4.81],[15.7767,-4.8083],[15.7775,-4.8017],[15.7717,-4.8092],[15.7683,-4.8092],[15.7658,-4.8183],[15.7592,-4.82],[15.7575,-4.8158],[15.7542,-4.8175],[15.7483,-4.8142],[15.7467,-4.8208],[15.7408,-4.8217],[15.7417,-4.8292],[15.7383,-4.8317],[15.7342,-4.8308],[15.73,-4.8333],[15.7283,-4.8258],[15.7258,-4.825],[15.7258,-4.8217],[15.7233,-4.8233],[15.7225,-4.8183],[15.7258,-4.8183],[15.7242,-4.81],[15.7267,-4.8058],[15.7333,-4.8108],[15.74,-4.8117],[15.7342,-4.8033],[15.7283,-4.8008],[15.7308,-4.7967],[15.73,-4.7925],[15.7358,-4.79],[15.7417,-4.7942],[15.7433,-4.79],[15.74,-4.7825],[15.7492,-4.7817],[15.7483,-4.7792],[15.74,-4.7775],[15.7375,-4.7683],[15.7308,-4.7667],[15.735,-4.765],[15.7408,-4.7683],[15.7383,-4.7617],[15.7358,-4.7608],[15.7358,-4.7592],[15.74,-4.76],[15.7392,-4.7542],[15.745,-4.7525],[15.7442,-4.7608],[15.7467,-4.7617],[15.7483,-4.7542],[15.7525,-4.7533],[15.75,-4.7492],[15.7467,-4.7508],[15.7417,-4.7483],[15.74,-4.7425],[15.7325,-4.7408],[15.7333,-4.7392],[15.74,-4.7408],[15.7408,-4.7383],[15.7375,-4.7367],[15.745,-4.7358],[15.7408,-4.7317],[15.7383,-4.7325],[15.735,-4.7317],[15.7425,-4.73],[15.7433,-4.7325],[15.7492,-4.7325],[15.7483,-4.7358],[15.7433,-4.7383],[15.7442,-4.745],[15.7533,-4.7325],[15.76,-4.7342],[15.7667,-4.7317],[15.7683,-4.7342],[15.77,-4.7275],[15.7725,-4.7283],[15.7725,-4.7375],[15.7775,-4.7367],[15.7775,-4.7325],[15.7733,-4.7267],[15.7825,-4.7292],[15.7817,-4.725],[15.7775,-4.7225],[15.7817,-4.7217],[15.7817,-4.7192],[15.78,-4.7175],[15.7733,-4.7192],[15.7608,-4.7267],[15.7567,-4.7175],[15.75,-4.7233],[15.75,-4.7258],[15.7542,-4.725],[15.7525,-4.7275],[15.7458,-4.7258],[15.7442,-4.7208],[15.7367,-4.7208],[15.7375,-4.7225],[15.7342,-4.7208],[15.7333,-4.7275],[15.7292,-4.7308],[15.7133,-4.7358],[15.73,-4.7275],[15.7317,-4.7242],[15.7267,-4.7175],[15.7242,-4.7258],[15.7217,-4.7267],[15.72,-4.7242],[15.72,-4.73],[15.7158,-4.7317],[15.7167,-4.725],[15.7217,-4.7225],[15.7217,-4.72],[15.7192,-4.7183],[15.7167,-4.7242],[15.7117,-4.7258],[15.71,-4.7183],[15.7108,-4.715],[15.7142,-4.7242],[15.7167,-4.7175],[15.7217,-4.7158],[15.7133,-4.7142],[15.7133,-4.7125],[15.7208,-4.7133],[15.7225,-4.7108],[15.7167,-4.7067],[15.7267,-4.7058],[15.725,-4.71],[15.7275,-4.71],[15.7275,-4.7075],[15.7317,-4.71],[15.7317,-4.7025],[15.7258,-4.6992],[15.7242,-4.6933],[15.7267,-4.6933],[15.7267,-4.6975],[15.7292,-4.6983],[15.7308,-4.6875],[15.7333,-4.6875],[15.7317,-4.6908],[15.7392,-4.6917],[15.7383,-4.6858],[15.7425,-4.68],[15.7467,-4.6792],[15.7492,-4.6817],[15.7492,-4.6742],[15.7567,-4.6758],[15.7575,-4.6725],[15.755,-4.6733],[15.755,-4.6725],[15.7592,-4.6667],[15.7567,-4.6658],[15.7567,-4.6625],[15.7525,-4.6625],[15.7483,-4.6742],[15.74,-4.68],[15.7375,-4.68],[15.74,-4.6742],[15.7358,-4.6742],[15.735,-4.68],[15.7325,-4.6825],[15.7258,-4.68],[15.7233,-4.6825],[15.725,-4.6867],[15.7217,-4.6892],[15.715,-4.6808],[15.7108,-4.6817],[15.7058,-4.675],[15.6983,-4.6767],[15.6908,-4.685],[15.6842,-4.6775],[15.6917,-4.6833],[15.6925,-4.6783],[15.7025,-4.6717],[15.7025,-4.6675],[15.6958,-4.6667],[15.6983,-4.6642],[15.6975,-4.6592],[15.6992,-4.6583],[15.7,-4.6658],[15.7025,-4.6658],[15.7075,-4.6592],[15.7108,-4.6617],[15.715,-4.6583],[15.7067,-4.655],[15.705,-4.65],[15.6992,-4.6517],[15.6967,-4.6475],[15.6975,-4.6525],[15.6908,-4.6592],[15.6833,-4.6567],[15.6825,-4.6608],[15.6792,-4.6617],[15.68,-4.6583],[15.6767,-4.6558],[15.6783,-4.6508],[15.6742,-4.6483],[15.6725,-4.6517],[15.6708,-4.6492],[15.6683,-4.6508],[15.6692,-4.6558],[15.6658,-4.6592],[15.66,-4.66],[15.6567,-4.6517],[15.66,-4.6475],[15.6592,-4.6433],[15.6525,-4.6417],[15.6567,-4.63],[15.6525,-4.6283],[15.6517,-4.6242],[15.6567,-4.6192],[15.6558,-4.6117],[15.6608,-4.6108],[15.6583,-4.6083],[15.6625,-4.6083],[15.6625,-4.6142],[15.6567,-4.6142],[15.6608,-4.6158],[15.6617,-4.6192],[15.6542,-4.6258],[15.6608,-4.63],[15.6658,-4.6208],[15.6683,-4.62],[15.6675,-4.6267],[15.6592,-4.6333],[15.6667,-4.64],[15.6683,-4.6383],[15.6708,-4.64],[15.6642,-4.6458],[15.6725,-4.6467],[15.675,-4.6392],[15.6733,-4.6383],[15.6717,-4.6417],[15.6708,-4.6375],[15.675,-4.6325],[15.6783,-4.6325],[15.6733,-4.6242],[15.6767,-4.6225],[15.6742,-4.6158],[15.68,-4.6167],[15.6875,-4.6058],[15.6942,-4.6067],[15.6933,-4.5992],[15.7008,-4.595],[15.6975,-4.5917],[15.6992,-4.5817],[15.705,-4.58],[15.6992,-4.5733],[15.7,-4.5667],[15.7033,-4.5658],[15.7008,-4.5642],[15.7017,-4.5592],[15.7083,-4.5683],[15.7125,-4.5683],[15.7175,-4.5575],[15.7267,-4.5517],[15.7292,-4.5358],[15.7333,-4.535],[15.735,-4.5292],[15.7417,-4.5317],[15.7383,-4.5242],[15.7483,-4.5192],[15.7458,-4.5133],[15.7433,-4.5133],[15.7425,-4.5075],[15.7458,-4.5025],[15.7458,-4.4967],[15.7417,-4.4933],[15.735,-4.4983],[15.7383,-4.5],[15.7392,-4.5042],[15.7358,-4.5033],[15.735,-4.5092],[15.7317,-4.51],[15.7317,-4.5158],[15.7258,-4.52],[15.7183,-4.5158],[15.7142,-4.5167],[15.7183,-4.5133],[15.7167,-4.5075],[15.7208,-4.5067],[15.72,-4.4983],[15.7183,-4.4967],[15.7167,-4.4983],[15.7158,-4.495],[15.7142,-4.5008],[15.71,-4.5],[15.71,-4.49],[15.7,-4.4992],[15.6917,-4.5008],[15.6975,-4.495],[15.6942,-4.4875],[15.6908,-4.49],[15.6842,-4.4883],[15.6825,-4.4908],[15.6792,-4.4908],[15.6775,-4.4875],[15.6817,-4.4708],[15.6808,-4.4642],[15.6875,-4.46],[15.6792,-4.4542],[15.68,-4.4492],[15.6867,-4.4433],[15.6875,-4.4383],[15.6917,-4.44],[15.6917,-4.4367],[15.6967,-4.4358],[15.7075,-4.4433],[15.7092,-4.44],[15.715,-4.4417],[15.7133,-4.4392],[15.7142,-4.4358],[15.7175,-4.4383],[15.7175,-4.4442],[15.7142,-4.445],[15.7175,-4.4517],[15.72,-4.4517],[15.7175,-4.4467],[15.7217,-4.4467],[15.7192,-4.4408],[15.7267,-4.4408],[15.7225,-4.4283],[15.7158,-4.4258],[15.7158,-4.4308],[15.7108,-4.43],[15.7117,-4.4275],[15.7083,-4.4267],[15.705,-4.4208],[15.71,-4.4192],[15.7117,-4.4217],[15.7142,-4.42],[15.7158,-4.4225],[15.7233,-4.4225],[15.7283,-4.4192],[15.7225,-4.4175],[15.7283,-4.4108],[15.725,-4.4083],[15.7125,-4.4108],[15.72,-4.4167],[15.7117,-4.4158],[15.71,-4.4133],[15.705,-4.4167],[15.705,-4.4142],[15.71,-4.4125],[15.7117,-4.4092],[15.72,-4.4083],[15.7242,-4.405],[15.7292,-4.4067],[15.7308,-4.4108],[15.7358,-4.4108],[15.7308,-4.4125],[15.7325,-4.415],[15.74,-4.415],[15.74,-4.4125],[15.7508,-4.4142],[15.75,-4.4067],[15.7442,-4.4092],[15.7383,-4.4067],[15.7342,-4.4092],[15.7308,-4.4033],[15.7192,-4.4],[15.7183,-4.3975],[15.7225,-4.3992],[15.7208,-4.3958],[15.7258,-4.3992],[15.7267,-4.3958],[15.7242,-4.3925],[15.7308,-4.3883],[15.7292,-4.3858],[15.7225,-4.3883],[15.7133,-4.3817],[15.7142,-4.3767],[15.72,-4.3708],[15.7183,-4.3633],[15.7192,-4.3575],[15.7225,-4.3558],[15.7225,-4.35],[15.725,-4.3475],[15.7308,-4.3483],[15.73,-4.3433],[15.7233,-4.3433],[15.7183,-4.335],[15.7275,-4.3283],[15.7267,-4.3242],[15.73,-4.3233],[15.7292,-4.3267],[15.7308,-4.3267],[15.7308,-4.3233],[15.7358,-4.3233],[15.735,-4.3175],[15.74,-4.3108],[15.7333,-4.3125],[15.73,-4.31],[15.7233,-4.3158],[15.7167,-4.3117],[15.7158,-4.3058],[15.7208,-4.2992],[15.7192,-4.2942],[15.7125,-4.295],[15.7133,-4.2867],[15.7092,-4.2842],[15.7125,-4.2792],[15.7108,-4.2758],[15.7,-4.2925],[15.6933,-4.29],[15.69,-4.2842],[15.6917,-4.2792],[15.6883,-4.2792],[15.6883,-4.2817],[15.6817,-4.2858],[15.6833,-4.2825],[15.68,-4.2725],[15.6817,-4.2642],[15.675,-4.2658],[15.6717,-4.2617],[15.6667,-4.2633],[15.6692,-4.2592],[15.6642,-4.2533],[15.6617,-4.2625],[15.6567,-4.26],[15.6575,-4.255],[15.6625,-4.2517],[15.6633,-4.2475],[15.66,-4.2475],[15.6583,-4.2508],[15.6542,-4.25],[15.6542,-4.2467],[15.6567,-4.2458],[15.655,-4.2358],[15.6467,-4.2342],[15.6467,-4.2408],[15.64,-4.2492],[15.6342,-4.2467],[15.6333,-4.2383],[15.6308,-4.2383],[15.6283,-4.245],[15.6283,-4.2375],[15.6325,-4.2342],[15.6292,-4.2267],[15.62,-4.235],[15.6242,-4.2483],[15.6125,-4.2483],[15.5983,-4.245],[15.595,-4.2417],[15.595,-4.2392],[15.5975,-4.2392],[15.6083,-4.2425],[15.6108,-4.2458],[15.6192,-4.245],[15.6158,-4.2358],[15.6267,-4.2208],[15.6242,-4.2167],[15.6267,-4.2108],[15.6242,-4.2092],[15.6192,-4.2117],[15.6133,-4.2075],[15.6092,-4.2092],[15.6017,-4.2083],[15.61,-4.205],[15.6292,-4.2075],[15.6392,-4.1967],[15.6317,-4.1967],[15.6233,-4.1925],[15.6092,-4.1958],[15.61,-4.1925],[15.6233,-4.1908],[15.6367,-4.1933],[15.6508,-4.1883],[15.6483,-4.1833],[15.6467,-4.1867],[15.6408,-4.1833],[15.6425,-4.1792],[15.6375,-4.1775],[15.635,-4.1725],[15.6225,-4.1833],[15.6158,-4.1825],[15.6192,-4.1775],[15.6167,-4.175],[15.6183,-4.17],[15.63,-4.165],[15.6383,-4.165],[15.635,-4.1542],[15.6367,-4.1492],[15.6333,-4.1483],[15.6317,-4.155],[15.6283,-4.155],[15.6267,-4.1508],[15.625,-4.1542],[15.6192,-4.1567],[15.6242,-4.1575],[15.6225,-4.16],[15.6258,-4.1592],[15.6233,-4.165],[15.6183,-4.165],[15.615,-4.16],[15.6142,-4.1642],[15.6092,-4.1642],[15.6025,-4.1725],[15.5983,-4.1742],[15.6008,-4.17],[15.5958,-4.1717],[15.5892,-4.1817],[15.5767,-4.185],[15.5725,-4.19],[15.5792,-4.18],[15.5858,-4.1817],[15.5892,-4.1775],[15.5875,-4.1733],[15.5908,-4.1758],[15.5933,-4.1692],[15.6,-4.1658],[15.6033,-4.1517],[15.6067,-4.1492],[15.605,-4.1467],[15.6158,-4.1392],[15.6083,-4.1433],[15.6067,-4.14],[15.6033,-4.1417],[15.6033,-4.1308],[15.6083,-4.1267],[15.6058,-4.125],[15.6058,-4.1183],[15.6025,-4.12],[15.6042,-4.1225],[15.6017,-4.1308],[15.6025,-4.1425],[15.5992,-4.1483],[15.5967,-4.1483],[15.5992,-4.145],[15.5983,-4.1258],[15.5958,-4.1283],[15.595,-4.1417],[15.59,-4.1417],[15.59,-4.1383],[15.5875,-4.1408],[15.5833,-4.14],[15.5858,-4.1333],[15.5817,-4.1217],[15.5767,-4.125],[15.5742,-4.12],[15.5717,-4.1217],[15.5767,-4.1308],[15.5733,-4.1342],[15.57,-4.1233],[15.5667,-4.1233],[15.5708,-4.1175],[15.57,-4.11],[15.565,-4.11],[15.5642,-4.1017],[15.5567,-4.0967],[15.555,-4.0908],[15.5525,-4.09],[15.5517,-4.0933],[15.5517,-4.0892],[15.545,-4.0833],[15.5375,-4.0908],[15.5342,-4.0908],[15.5342,-4.0883],[15.5442,-4.0817],[15.545,-4.0783],[15.5525,-4.0883],[15.5558,-4.0875],[15.5542,-4.0842],[15.56,-4.0867],[15.5567,-4.0917],[15.5625,-4.0917],[15.5633,-4.0892],[15.57,-4.1],[15.5808,-4.1033],[15.5825,-4.1],[15.5733,-4.0992],[15.5692,-4.0933],[15.5717,-4.0908],[15.57,-4.0883],[15.5717,-4.0792],[15.5675,-4.075],[15.5733,-4.0767],[15.5742,-4.0733],[15.5775,-4.0733],[15.5792,-4.0833],[15.5908,-4.0892],[15.5917,-4.0833],[15.585,-4.0825],[15.5817,-4.0792],[15.5825,-4.075],[15.59,-4.0733],[15.59,-4.07],[15.5867,-4.0658],[15.575,-4.0683],[15.5717,-4.06],[15.5875,-4.0558],[15.59,-4.0492],[15.5942,-4.0458],[15.595,-4.0383],[15.5983,-4.0383],[15.6008,-4.0325],[15.6108,-4.0317],[15.615,-4.0367],[15.6158,-4.03],[15.62,-4.025],[15.6392,-4.0183],[15.6425,-4.0183],[15.6417,-4.0325],[15.6442,-4.0333],[15.6442,-4.0308],[15.6508,-4.0325],[15.6508,-4.025],[15.6475,-4.0233],[15.6483,-4.0175],[15.66,-4.015],[15.6592,-4.0208],[15.6625,-4.0233],[15.6642,-4.0342],[15.6683,-4.0317],[15.6675,-4.0133],[15.6758,-4.0108],[15.6775,-4.0133],[15.6725,-4.0175],[15.6733,-4.0192],[15.68,-4.0183],[15.6825,-4.0242],[15.685,-4.0233],[15.6858,-4.0192],[15.6883,-4.0208],[15.6908,-4.0192],[15.695,-4.0317],[15.7,-4.0342],[15.7017,-4.0308],[15.7,-4.0067],[15.7067,-4.0025],[15.7067,-4.0067],[15.7025,-4.0083],[15.7025,-4.0183],[15.7075,-4.0192],[15.7117,-4.0158],[15.715,-4.02],[15.7125,-4.0058],[15.715,-4.0125],[15.7175,-4.0083],[15.7217,-4.0133],[15.7258,-4.0133],[15.7225,-3.9992],[15.7325,-3.9975],[15.7342,-3.9975],[15.735,-4.0075],[15.74,-4.01],[15.7425,-4.0167],[15.75,-4.01],[15.7525,-4.0125],[15.7583,-4.0108],[15.7617,-4.015],[15.7675,-4.0067],[15.77,-4.0067],[15.7717,-4.0108],[15.775,-4.0058],[15.7783,-4.0058],[15.78,-4.0125],[15.7817,-4.01],[15.7842,-4.0125],[15.7875,-4.0],[15.7925,-4.0],[15.8042,-4.0375],[15.8025,-4.0417],[15.7958,-4.0408],[15.795,-4.0383],[15.7908,-4.0408],[15.7925,-4.0483],[15.7875,-4.0508],[15.7892,-4.0567],[15.7875,-4.0642],[15.7842,-4.065],[15.7833,-4.0592],[15.7758,-4.0633],[15.7725,-4.0592],[15.7675,-4.0633],[15.7658,-4.0783],[15.7642,-4.0842],[15.7625,-4.0825],[15.7608,-4.0842],[15.7592,-4.0933],[15.755,-4.0817],[15.7517,-4.0983],[15.7483,-4.0917],[15.745,-4.0917],[15.7475,-4.0967],[15.7483,-4.1075],[15.7442,-4.1058],[15.7467,-4.105],[15.745,-4.1025],[15.7467,-4.0992],[15.7433,-4.0958],[15.7408,-4.0967],[15.7383,-4.0925],[15.7325,-4.1],[15.735,-4.1058],[15.7317,-4.1042],[15.7275,-4.1067],[15.7283,-4.0967],[15.725,-4.0983],[15.72,-4.095],[15.7125,-4.0992],[15.7125,-4.1067],[15.7083,-4.1042],[15.7092,-4.11],[15.7058,-4.1108],[15.7067,-4.1067],[15.7,-4.1083],[15.7025,-4.105],[15.7,-4.1033],[15.7058,-4.1033],[15.7083,-4.0992],[15.6992,-4.0917],[15.7,-4.0875],[15.6958,-4.0825],[15.7033,-4.0908],[15.7067,-4.0892],[15.7067,-4.0933],[15.7092,-4.0942],[15.715,-4.09],[15.715,-4.0858],[15.7183,-4.0892],[15.7217,-4.0883],[15.7225,-4.085],[15.7275,-4.0883],[15.7267,-4.0842],[15.7308,-4.085],[15.7333,-4.0817],[15.7325,-4.0783],[15.73,-4.08],[15.7292,-4.0758],[15.7317,-4.0775],[15.7333,-4.0742],[15.7367,-4.085],[15.7408,-4.08],[15.745,-4.0825],[15.7458,-4.0792],[15.7433,-4.0758],[15.7467,-4.0708],[15.7517,-4.0725],[15.7567,-4.0692],[15.7558,-4.0617],[15.7517,-4.0633],[15.7533,-4.0575],[15.7483,-4.0558],[15.7475,-4.0525],[15.75,-4.0492],[15.7583,-4.0525],[15.7592,-4.05],[15.7542,-4.0458],[15.76,-4.0458],[15.7617,-4.0425],[15.7692,-4.0492],[15.7708,-4.0433],[15.7767,-4.0408],[15.7758,-4.0325],[15.7825,-4.0317],[15.785,-4.0258],[15.785,-4.0175],[15.7825,-4.0183],[15.7783,-4.0275],[15.7708,-4.025],[15.7733,-4.0183],[15.7725,-4.0117],[15.7658,-4.0183],[15.7633,-4.0258],[15.7592,-4.0258],[15.7558,-4.0183],[15.7533,-4.02],[15.7483,-4.0183],[15.7425,-4.0308],[15.735,-4.0275],[15.7367,-4.0167],[15.7308,-4.0125],[15.7308,-4.0217],[15.725,-4.0225],[15.7217,-4.02],[15.7183,-4.03],[15.7092,-4.0258],[15.7092,-4.0442],[15.7058,-4.0508],[15.7025,-4.0508],[15.7008,-4.0542],[15.6992,-4.0467],[15.69,-4.04],[15.6883,-4.0317],[15.6842,-4.0367],[15.68,-4.0367],[15.6767,-4.0317],[15.6767,-4.0258],[15.6733,-4.0342],[15.6758,-4.0408],[15.6625,-4.0417],[15.66,-4.0392],[15.66,-4.0517],[15.6517,-4.0558],[15.6492,-4.05],[15.6467,-4.0517],[15.6425,-4.05],[15.6467,-4.0392],[15.6392,-4.0433],[15.6342,-4.0317],[15.6242,-4.0433],[15.6308,-4.0433],[15.6392,-4.0533],[15.6392,-4.0742],[15.6292,-4.0725],[15.6267,-4.075],[15.6217,-4.07],[15.6225,-4.0642],[15.62,-4.0633],[15.6183,-4.0683],[15.6125,-4.0683],[15.6117,-4.0767],[15.6083,-4.0775],[15.6042,-4.085],[15.5983,-4.0833],[15.5958,-4.075],[15.5933,-4.0767],[15.5958,-4.0817],[15.5942,-4.0933],[15.58,-4.0908],[15.5767,-4.0875],[15.5767,-4.0942],[15.5858,-4.0967],[15.585,-4.1058],[15.5875,-4.1117],[15.585,-4.125],[15.5867,-4.1267],[15.5917,-4.1142],[15.5875,-4.1075],[15.5908,-4.1067],[15.59,-4.1],[15.5942,-4.0983],[15.5992,-4.0883],[15.6042,-4.0908],[15.6017,-4.0983],[15.6033,-4.1075],[15.6058,-4.105],[15.605,-4.0975],[15.6117,-4.0967],[15.6108,-4.0875],[15.6167,-4.0817],[15.6225,-4.0833],[15.625,-4.0925],[15.6267,-4.0858],[15.6308,-4.0858],[15.63,-4.0892],[15.6333,-4.0908],[15.6342,-4.0983],[15.6325,-4.1008],[15.6183,-4.1025],[15.6167,-4.1058],[15.6183,-4.1125],[15.6108,-4.1192],[15.6133,-4.125],[15.6092,-4.13],[15.6083,-4.1375],[15.6142,-4.1367],[15.6158,-4.1192],[15.625,-4.1092],[15.6292,-4.11],[15.6258,-4.1192],[15.6258,-4.125],[15.6292,-4.125],[15.63,-4.12],[15.6317,-4.1183],[15.6342,-4.12],[15.6358,-4.1167],[15.6333,-4.1133],[15.6333,-4.1067],[15.64,-4.1042],[15.6408,-4.1125],[15.645,-4.1067],[15.6475,-4.1067],[15.65,-4.1108],[15.64,-4.125],[15.64,-4.1267],[15.6483,-4.1258],[15.6467,-4.1375],[15.6508,-4.1367],[15.6492,-4.1275],[15.6542,-4.1225],[15.6533,-4.12],[15.6575,-4.1217],[15.6617,-4.1292],[15.665,-4.1308],[15.6683,-4.1292],[15.6708,-4.1342],[15.6708,-4.1467],[15.6725,-4.1467],[15.6717,-4.1433],[15.6742,-4.1442],[15.675,-4.15],[15.6808,-4.155],[15.6792,-4.1575],[15.6825,-4.16],[15.6817,-4.1558],[15.6833,-4.1558],[15.6833,-4.1592],[15.6867,-4.1592],[15.6925,-4.1667],[15.695,-4.175],[15.6892,-4.1783],[15.6883,-4.1858],[15.6942,-4.1867],[15.695,-4.1925],[15.69,-4.1958],[15.6908,-4.2017],[15.6892,-4.2025],[15.69,-4.1983],[15.6858,-4.195],[15.6775,-4.1942],[15.68,-4.1967],[15.6792,-4.2017],[15.6825,-4.2025],[15.6783,-4.2058],[15.6783,-4.2108],[15.6833,-4.2133],[15.6833,-4.2158],[15.6792,-4.2183],[15.6892,-4.2167],[15.6958,-4.2225],[15.6925,-4.23],[15.6875,-4.2258],[15.6842,-4.2275],[15.6842,-4.2333],[15.6858,-4.2308],[15.6883,-4.2325],[15.6883,-4.2358],[15.6842,-4.24],[15.69,-4.2517],[15.6833,-4.2525],[15.6833,-4.2542],[15.6858,-4.2533],[15.69,-4.2575],[15.6933,-4.25],[15.7,-4.2525],[15.7017,-4.2483],[15.7075,-4.2467],[15.71,-4.25],[15.715,-4.25],[15.7267,-4.2575],[15.7283,-4.2633],[15.7342,-4.2683],[15.7342,-4.2858],[15.74,-4.2908],[15.7383,-4.2967],[15.7467,-4.295],[15.745,-4.2992],[15.7508,-4.3033],[15.7483,-4.3117],[15.7517,-4.3183],[15.75,-4.3342],[15.7442,-4.3375],[15.7425,-4.3433],[15.745,-4.345],[15.7442,-4.3542],[15.7392,-4.3567],[15.7525,-4.36],[15.7525,-4.3692],[15.7567,-4.3775],[15.7508,-4.3783],[15.7525,-4.3808],[15.7508,-4.3842],[15.7417,-4.3842],[15.7475,-4.3883],[15.7475,-4.3917],[15.7417,-4.3942],[15.7425,-4.3975],[15.75,-4.3967],[15.7508,-4.4],[15.7575,-4.4],[15.76,-4.4042],[15.7583,-4.4083],[15.755,-4.4075],[15.7575,-4.4108],[15.7567,-4.4167],[15.75,-4.42],[15.7442,-4.4192],[15.7417,-4.4225],[15.7375,-4.4217],[15.7367,-4.4267],[15.7408,-4.4308],[15.7392,-4.4342],[15.7408,-4.44],[15.7375,-4.4408],[15.7358,-4.445],[15.7425,-4.445],[15.745,-4.4367],[15.7483,-4.4408],[15.7525,-4.4392],[15.7558,-4.4267],[15.7558,-4.4342],[15.7617,-4.4333],[15.76,-4.4425],[15.7658,-4.4408],[15.7667,-4.4342],[15.7708,-4.435],[15.7733,-4.44],[15.7708,-4.4442],[15.7733,-4.4467],[15.7842,-4.4433],[15.7808,-4.4375],[15.7858,-4.4375],[15.7858,-4.4408],[15.7933,-4.44],[15.7958,-4.4392],[15.7917,-4.4375],[15.7942,-4.435],[15.7992,-4.4392],[15.7983,-4.4408],[15.8008,-4.44],[15.8008,-4.4417],[15.7942,-4.4417],[15.795,-4.4508],[15.7917,-4.445],[15.7883,-4.4467],[15.7892,-4.4533],[15.7942,-4.4575],[15.7933,-4.4625],[15.7967,-4.4617],[15.7967,-4.4642],[15.7925,-4.465],[15.79,-4.4567],[15.7867,-4.4558],[15.7833,-4.45],[15.7792,-4.4508],[15.7792,-4.4533],[15.7833,-4.455],[15.7833,-4.4575],[15.7675,-4.4508],[15.77,-4.4617],[15.7725,-4.4617],[15.7767,-4.4733],[15.7808,-4.4758],[15.7767,-4.4767],[15.7758,-4.4792],[15.7717,-4.4775],[15.7733,-4.4742],[15.7708,-4.4683],[15.7633,-4.4642],[15.765,-4.46],[15.7625,-4.4567],[15.76,-4.4575],[15.7608,-4.4542],[15.7575,-4.45],[15.7542,-4.45],[15.7542,-4.4533],[15.76,-4.4633],[15.7575,-4.4633],[15.7475,-4.4525],[15.7542,-4.4617],[15.7525,-4.4725],[15.7567,-4.4825],[15.7625,-4.485],[15.7617,-4.4892],[15.755,-4.4883],[15.7542,-4.4933],[15.7567,-4.4958],[15.7542,-4.4975],[15.7575,-4.5008],[15.7542,-4.5008],[15.7517,-4.4975],[15.7492,-4.5067],[15.7517,-4.5133],[15.7542,-4.5125],[15.7558,-4.5217],[15.7467,-4.5258],[15.7525,-4.5283],[15.755,-4.5333],[15.7592,-4.5333],[15.7575,-4.5367],[15.7492,-4.5367],[15.7517,-4.54],[15.75,-4.5433],[15.7533,-4.5433],[15.7533,-4.5458],[15.7567,-4.5458],[15.7583,-4.5492],[15.7575,-4.5583],[15.755,-4.5558],[15.7558,-4.55],[15.7508,-4.5442],[15.7467,-4.5442],[15.7475,-4.5467],[15.745,-4.5467],[15.7442,-4.5508],[15.7433,-4.5467],[15.74,-4.5475],[15.7425,-4.54],[15.7375,-4.5367],[15.7325,-4.5492],[15.735,-4.56],[15.7392,-4.5617],[15.7392,-4.5642],[15.7333,-4.5625],[15.7325,-4.565],[15.7333,-4.56],[15.7283,-4.5583],[15.7233,-4.5617],[15.72,-4.5675],[15.7233,-4.5792],[15.7108,-4.575],[15.7117,-4.5842],[15.705,-4.5875],[15.7083,-4.5983],[15.7008,-4.6042],[15.6992,-4.6142],[15.6908,-4.6133],[15.6908,-4.6167],[15.6867,-4.6167],[15.6825,-4.6225],[15.6858,-4.6325],[15.6842,-4.6375],[15.6808,-4.6392],[15.6808,-4.6433],[15.685,-4.6458],[15.6842,-4.65],[15.6867,-4.6517],[15.6892,-4.6508],[15.6858,-4.6475],[15.685,-4.6408],[15.6892,-4.6358],[15.695,-4.6367],[15.7017,-4.6433],[15.7083,-4.64],[15.7117,-4.6508],[15.7175,-4.645],[15.7158,-4.6408],[15.72,-4.6383],[15.7217,-4.6383],[15.7183,-4.6425],[15.72,-4.6467],[15.725,-4.6433],[15.7275,-4.6475],[15.7333,-4.645],[15.7317,-4.65],[15.7367,-4.6517],[15.7308,-4.6533],[15.7283,-4.6483],[15.7292,-4.6525],[15.725,-4.6517],[15.725,-4.6575],[15.7283,-4.6625],[15.7225,-4.6592],[15.72,-4.665],[15.7133,-4.665],[15.71,-4.6683],[15.7208,-4.675],[15.7275,-4.6725],[15.7267,-4.6692],[15.73,-4.67],[15.7308,-4.6675],[15.7433,-4.6675],[15.75,-4.6508],[15.7533,-4.6517],[15.7558,-4.645],[15.7592,-4.6467],[15.76,-4.655],[15.7717,-4.6517],[15.7725,-4.6475],[15.7775,-4.6492],[15.775,-4.6642],[15.7633,-4.6733],[15.7608,-4.6842],[15.7542,-4.6892],[15.75,-4.6867],[15.7458,-4.6883],[15.7467,-4.6925],[15.7533,-4.6933],[15.7558,-4.6967],[15.7492,-4.6958],[15.7517,-4.7008],[15.7383,-4.6992],[15.7408,-4.7142],[15.7475,-4.7167],[15.7575,-4.7067],[15.7642,-4.7092],[15.765,-4.7158],[15.7692,-4.7117],[15.7742,-4.7117],[15.7733,-4.6975],[15.7808,-4.6875],[15.7808,-4.6833],[15.7783,-4.6825],[15.7858,-4.6783],[15.7875,-4.6717],[15.785,-4.6725],[15.7842,-4.67],[15.7908,-4.6642],[15.7875,-4.6625],[15.7883,-4.66],[15.7858,-4.6583],[15.7875,-4.655],[15.785,-4.6517],[15.7925,-4.6483],[15.7983,-4.6542],[15.8,-4.6475],[15.7975,-4.6458],[15.7967,-4.6383],[15.8008,-4.64],[15.8042,-4.6383],[15.7967,-4.6358],[15.7983,-4.6342],[15.795,-4.6317],[15.805,-4.6333],[15.8058,-4.63],[15.8117,-4.63],[15.8083,-4.6242],[15.8125,-4.6225],[15.8133,-4.6275],[15.8233,-4.6375],[15.8242,-4.6425],[15.8208,-4.6442],[15.8167,-4.6358],[15.81,-4.6375],[15.8133,-4.6408],[15.8133,-4.6467],[15.81,-4.6483],[15.815,-4.655],[15.8167,-4.66],[15.815,-4.6667],[15.8167,-4.6683],[15.8133,-4.6708],[15.8133,-4.6675],[15.8108,-4.6675],[15.8108,-4.6575],[15.8083,-4.6567],[15.8025,-4.6667],[15.8092,-4.6733],[15.8108,-4.6792],[15.7983,-4.67],[15.8033,-4.6825],[15.8,-4.6808],[15.7967,-4.6825],[15.8017,-4.6917],[15.8,-4.7],[15.805,-4.7025],[15.805,-4.7092],[15.7992,-4.7175],[15.7975,-4.715],[15.7917,-4.7175],[15.7883,-4.73],[15.7883,-4.7325],[15.7917,-4.7333],[15.7908,-4.7367],[15.7833,-4.7367],[15.7842,-4.7392],[15.7808,-4.7392],[15.7792,-4.7425],[15.7808,-4.7467],[15.7908,-4.7542],[15.79,-4.7592],[15.7867,-4.755],[15.7817,-4.7592],[15.7825,-4.7617],[15.785,-4.7608],[15.7858,-4.765],[15.7825,-4.7667],[15.7883,-4.7708],[15.7875,-4.7808],[15.7908,-4.785],[15.7842,-4.7933],[15.7808,-4.7925],[15.785,-4.7825],[15.7817,-4.7725],[15.7783,-4.7692],[15.7817,-4.7883],[15.7725,-4.7917],[15.7725,-4.7933],[15.7775,-4.7917],[15.7783,-4.7958],[15.7825,-4.7967],[15.7842,-4.8],[15.7833,-4.8092],[15.78,-4.8133],[15.7817,-4.8217],[15.7742,-4.8283],[15.775,-4.8308],[15.7783,-4.8308],[15.78,-4.8358],[15.7767,-4.8442],[15.7783,-4.8583],[15.7808,-4.8592],[15.78,-4.8675],[15.775,-4.8708],[15.7717,-4.8708],[15.7692,-4.8675],[15.7658,-4.8675],[15.765,-4.87],[15.7617,-4.8675],[15.7583,-4.87],[15.7608,-4.8742],[15.7575,-4.8733],[15.7592,-4.8783],[15.7525,-4.8767],[15.7558,-4.8867],[15.76,-4.8883],[15.76,-4.8925],[15.7567,-4.8925],[15.755,-4.8967],[15.75,-4.8958],[15.7475,-4.8992],[15.7483,-4.9075],[15.7442,-4.9108],[15.7492,-4.9108],[15.7542,-4.915],[15.7533,-4.9183],[15.7492,-4.9167],[15.7483,-4.9133],[15.7467,-4.915],[15.7475,-4.9225],[15.7517,-4.9233],[15.7467,-4.9333],[15.7417,-4.9292],[15.7408,-4.9342],[15.7392,-4.93],[15.7333,-4.9267],[15.7358,-4.9317],[15.7333,-4.9358],[15.7333,-4.9467],[15.725,-4.9492],[15.72,-4.945],[15.7183,-4.9367],[15.7183,-4.9475],[15.7217,-4.9542],[15.7208,-4.9658],[15.7175,-4.9708],[15.715,-4.9717],[15.7142,-4.9683],[15.7075,-4.9692],[15.7042,-4.9617],[15.7,-4.9617],[15.7017,-4.9667],[15.6975,-4.9708],[15.7008,-4.9725],[15.7,-4.9775],[15.7033,-4.98],[15.7,-4.9808],[15.7,-4.985],[15.6967,-4.9833],[15.6925,-4.9958],[15.6892,-4.995],[15.6858,-4.9858],[15.6833,-4.9967],[15.9975,-4.9975],[15.9975,-4.9625],[15.9942,-4.9642],[15.9867,-4.9625],[15.9867,-4.9608],[15.9975,-4.96],[15.9975,-4.8642],[15.9942,-4.8667],[15.9975,-4.8617],[15.9958,-4.85],[15.9975,-4.8492],[15.9975,-4.78],[15.9908,-4.785],[15.9892,-4.7842],[15.99,-4.7792],[15.9933,-4.7808],[15.9975,-4.7775],[15.9975,-4.7517],[15.9933,-4.7525],[15.9958,-4.7475],[15.9975,-4.7483],[15.9975,-4.4367],[15.9908,-4.4408],[15.9892,-4.4467],[15.9858,-4.4467],[15.99,-4.4633],[15.9825,-4.4758],[15.9842,-4.4817],[15.9808,-4.4858],[15.9833,-4.4883],[15.9758,-4.4917],[15.9717,-4.4975],[15.9717,-4.5],[15.9767,-4.5008],[15.98,-4.5067],[15.9758,-4.5067],[15.9717,-4.5025],[15.9683,-4.5042],[15.9633,-4.5133],[15.96,-4.5125],[15.9575,-4.515],[15.955,-4.525],[15.9475,-4.5292],[15.9408,-4.5392],[15.935,-4.5408],[15.9292,-4.5533],[15.9267,-4.5683],[15.925,-4.5692],[15.925,-4.5633],[15.9217,-4.5667],[15.925,-4.55],[15.9283,-4.545],[15.9317,-4.5458],[15.9342,-4.5408],[15.9342,-4.5383],[15.9308,-4.54],[15.9317,-4.5358],[15.9383,-4.5342],[15.9458,-4.5217],[15.9492,-4.5217],[15.9467,-4.5258],[15.9525,-4.5233],[15.9525,-4.5175],[15.9483,-4.52],[15.95,-4.515],[15.9617,-4.505],[15.9667,-4.4933],[15.9758,-4.4817],[15.9767,-4.4742],[15.9842,-4.4608],[15.9808,-4.4492],[15.9817,-4.4425],[15.9842,-4.4367],[15.99,-4.4333],[15.9967,-4.4208],[15.9967,-4.4183],[15.9908,-4.4175],[15.9917,-4.4067],[15.9875,-4.4042],[15.9875,-4.3983],[15.9833,-4.4],[15.9842,-4.3933],[15.99,-4.3925],[15.9858,-4.3725],[15.9833,-4.3708],[15.9792,-4.3742],[15.9767,-4.3708],[15.98,-4.3642],[15.9767,-4.3583],[15.9783,-4.3417],[15.9758,-4.3383],[15.9758,-4.325],[15.9783,-4.32],[15.9825,-4.32],[15.9858,-4.315],[15.9833,-4.2975],[15.9767,-4.2975],[15.9625,-4.3058],[15.955,-4.3225],[15.9542,-4.3375],[15.9617,-4.3392],[15.9633,-4.3367],[15.9642,-4.3433],[15.9583,-4.3433],[15.9575,-4.3508],[15.9433,-4.3683],[15.94,-4.365],[15.935,-4.3717],[15.9308,-4.3717],[15.9317,-4.3758],[15.9283,-4.3767],[15.9217,-4.385],[15.9233,-4.3967],[15.9167,-4.3983],[15.92,-4.3933],[15.9167,-4.3833],[15.9267,-4.3658],[15.9375,-4.3608],[15.9375,-4.3533],[15.9467,-4.355],[15.9508,-4.3475],[15.95,-4.3433],[15.9442,-4.34],[15.945,-4.3275],[15.9342,-4.3258],[15.9408,-4.325],[15.9392,-4.3225],[15.9442,-4.3242],[15.945,-4.3208],[15.9417,-4.3192],[15.9475,-4.3175],[15.9483,-4.315],[15.945,-4.3108],[15.9458,-4.3083],[15.9533,-4.3075],[15.95,-4.3025],[15.9533,-4.3],[15.9483,-4.2975],[15.9492,-4.2917],[15.9542,-4.2925],[15.9558,-4.2958],[15.9575,-4.2933],[15.955,-4.29],[15.9617,-4.2917],[15.9633,-4.295],[15.9692,-4.2917],[15.9667,-4.2825],[15.9558,-4.285],[15.9508,-4.2775],[15.9475,-4.2783],[15.9458,-4.2758],[15.9467,-4.2633],[15.9425,-4.26],[15.9433,-4.2558],[15.9467,-4.255],[15.9467,-4.2517],[15.9433,-4.2492],[15.9458,-4.2417],[15.9433,-4.2325],[15.9383,-4.2317],[15.9367,-4.2367],[15.9325,-4.2392],[15.9292,-4.225],[15.9242,-4.2283],[15.9233,-4.2342],[15.9142,-4.245],[15.9008,-4.2725],[15.8858,-4.3108],[15.8733,-4.3283],[15.87,-4.3417]],[[14.5633,-4.9908],[14.5658,-4.9925],[14.5683,-4.9917],[14.5667,-4.99],[14.5633,-4.9908]],[[14.5625,-4.9875],[14.5633,-4.9867],[14.5625,-4.9867],[14.5625,-4.9875]],[[14.56,-4.9833],[14.5608,-4.9825],[14.56,-4.9825],[14.56,-4.9833]],[[14.5717,-4.9692],[14.5725,-4.97],[14.5725,-4.9692],[14.5717,-4.9692]],[[15.41,-4.98],[15.4108,-4.9808],[15.4108,-4.98],[15.41,-4.98]],[[15.4108,-4.9808],[15.4117,-4.9817],[15.4117,-4.9808],[15.4108,-4.9808]],[[15.6633,-4.6475],[15.6608,-4.6508],[15.6608,-4.6575],[15.6658,-4.6558],[15.665,-4.6517],[15.6683,-4.6483],[15.6633,-4.6475]],[[15.7417,-4.5317],[15.7458,-4.5333],[15.7467,-4.5317],[15.7417,-4.5317]],[[15.7125,-4.49],[15.7117,-4.4883],[15.71,-4.4883],[15.71,-4.49],[15.7125,-4.49]],[[15.6933,-4.4375],[15.6925,-4.44],[15.6967,-4.445],[15.7017,-4.4475],[15.7033,-4.4567],[15.7083,-4.4558],[15.7083,-4.4475],[15.7058,-4.4475],[15.6983,-4.4383],[15.6933,-4.4375]],[[15.725,-4.43],[15.7267,-4.4367],[15.7308,-4.44],[15.73,-4.4342],[15.7325,-4.43],[15.725,-4.4275],[15.7275,-4.425],[15.725,-4.4233],[15.7275,-4.4225],[15.7175,-4.4242],[15.725,-4.43]],[[15.6642,-4.2475],[15.6667,-4.2458],[15.6667,-4.2442],[15.6633,-4.2458],[15.6642,-4.2475]],[[15.6667,-4.2442],[15.6675,-4.2433],[15.6667,-4.2433],[15.6667,-4.2442]],[[15.6675,-4.2433],[15.67,-4.2417],[15.6675,-4.2425],[15.6675,-4.2433]],[[15.6225,-4.16],[15.6208,-4.1617],[15.6225,-4.1617],[15.6225,-4.16]],[[15.5983,-4.1258],[15.5992,-4.1233],[15.5983,-4.1233],[15.5983,-4.1258]],[[15.7308,-4.085],[15.7317,-4.0867],[15.7317,-4.085],[15.7308,-4.085]],[[15.7317,-4.0867],[15.7325,-4.0875],[15.7325,-4.0867],[15.7317,-4.0867]],[[15.5767,-4.0875],[15.5758,-4.0867],[15.5758,-4.0875],[15.5767,-4.0875]],[[15.6258,-4.1258],[15.6217,-4.1267],[15.6225,-4.12],[15.6217,-4.1175],[15.6183,-4.125],[15.6192,-4.1333],[15.6233,-4.1333],[15.6217,-4.1308],[15.6233,-4.1317],[15.6258,-4.1258]],[[15.6225,-4.1175],[15.6233,-4.1167],[15.6225,-4.1167],[15.6225,-4.1175]],[[15.6233,-4.1167],[15.6242,-4.1158],[15.6233,-4.1158],[15.6233,-4.1167]],[[15.6242,-4.1158],[15.625,-4.115],[15.6242,-4.115],[15.6242,-4.1158]],[[15.6725,-4.1475],[15.6717,-4.1525],[15.6667,-4.1542],[15.6675,-4.1575],[15.6742,-4.1542],[15.6725,-4.1475]],[[15.6792,-4.2017],[15.6783,-4.2025],[15.6792,-4.2025],[15.6792,-4.2017]],[[15.7,-4.2525],[15.7008,-4.2542],[15.7008,-4.2525],[15.7,-4.2525]],[[15.7075,-4.2483],[15.7017,-4.2525],[15.7083,-4.2517],[15.7075,-4.2483]],[[15.7425,-4.3442],[15.7408,-4.345],[15.7425,-4.345],[15.7425,-4.3442]],[[15.7392,-4.3567],[15.7375,-4.3583],[15.7392,-4.3592],[15.7392,-4.3567]],[[15.7417,-4.3833],[15.735,-4.3792],[15.7325,-4.38],[15.7367,-4.3842],[15.7417,-4.3833]],[[15.7667,-4.6542],[15.7658,-4.6558],[15.7667,-4.6558],[15.7667,-4.6542]],[[15.815,-4.6692],[15.8142,-4.6683],[15.8142,-4.6692],[15.815,-4.6692]],[[15.77,-4.7925],[15.7783,-4.7858],[15.7683,-4.785],[15.7767,-4.7792],[15.7742,-4.7717],[15.7675,-4.7792],[15.7667,-4.7742],[15.77,-4.765],[15.7658,-4.7633],[15.7658,-4.7692],[15.7617,-4.7725],[15.7633,-4.7642],[15.7533,-4.7625],[15.7508,-4.765],[15.7533,-4.7758],[15.7625,-4.7783],[15.765,-4.7825],[15.7617,-4.7908],[15.7633,-4.7975],[15.7717,-4.8008],[15.7725,-4.7958],[15.77,-4.7925]],[[15.715,-4.97],[15.7167,-4.9683],[15.715,-4.9683],[15.715,-4.97]],[[15.9342,-4.5383],[15.935,-4.5375],[15.9342,-4.5375],[15.9342,-4.5383]],[[15.8717,-4.3333],[15.8708,-4.3325],[15.8708,-4.3333],[15.8717,-4.3333]],[[15.8708,-4.3333],[15.87,-4.3342],[15.8708,-4.3342],[15.8708,-4.3333]],[[15.9933,-3.9017],[15.995,-3.8983],[15.9933,-3.8983],[15.9933,-3.9017]],[[15.9942,-3.9025],[15.9933,-3.9067],[15.995,-3.9067],[15.9958,-3.9033],[15.9942,-3.9025]],[[15.9967,-3.9108],[15.9975,-3.9092],[15.9967,-3.9092],[15.9967,-3.9108]],[[15.9858,-3.9183],[15.9833,-3.9133],[15.9808,-3.9133],[15.9825,-3.9167],[15.9858,-3.9183]],[[15.9975,-3.9133],[15.9908,-3.9392],[15.9917,-3.9433],[15.9933,-3.9383],[15.9975,-3.9367],[15.9975,-3.9133]],[[15.9292,-3.9658],[15.93,-3.9633],[15.9292,-3.9633],[15.9292,-3.9658]],[[15.9217,-4.1983],[15.92,-4.2042],[15.9267,-4.2058],[15.9275,-4.2083],[15.9333,-4.2075],[15.9342,-4.2125],[15.9392,-4.2175],[15.95,-4.2167],[15.955,-4.235],[15.96,-4.2358],[15.9592,-4.2467],[15.9567,-4.25],[15.9575,-4.2642],[15.9633,-4.2717],[15.9725,-4.2725],[15.9758,-4.2758],[15.9775,-4.2858],[15.9867,-4.2883],[15.9933,-4.2958],[15.9975,-4.2958],[15.9975,-4.0408],[15.9933,-4.0383],[15.99,-4.0417],[15.9867,-4.0367],[15.9867,-4.0342],[15.995,-4.0267],[15.995,-4.0233],[15.9908,-4.0217],[15.9925,-4.0142],[15.9892,-4.0158],[15.9858,-4.025],[15.9825,-4.0242],[15.9825,-4.02],[15.9758,-4.0217],[15.9767,-4.0133],[15.9817,-4.0108],[15.9808,-4.0083],[15.9767,-4.0075],[15.9858,-4.0],[15.9817,-3.9975],[15.9808,-3.9908],[15.9842,-3.9892],[15.9867,-3.9817],[15.9933,-3.9742],[15.9917,-3.97],[15.9892,-3.9708],[15.9892,-3.9742],[15.9867,-3.97],[15.9842,-3.97],[15.9817,-3.9742],[15.9842,-3.9808],[15.9783,-3.9867],[15.9767,-4.0008],[15.9725,-4.0017],[15.9692,-3.995],[15.9633,-3.9942],[15.9675,-4.0117],[15.9642,-4.015],[15.9592,-4.0125],[15.9575,-4.0158],[15.9633,-4.0258],[15.9617,-4.0283],[15.9508,-4.0292],[15.9583,-4.0358],[15.9608,-4.0508],[15.9533,-4.0517],[15.9475,-4.04],[15.9458,-4.0442],[15.9408,-4.045],[15.9417,-4.0542],[15.9458,-4.0558],[15.9483,-4.065],[15.945,-4.0717],[15.9417,-4.0708],[15.94,-4.065],[15.9358,-4.0667],[15.9342,-4.0608],[15.9317,-4.06],[15.9317,-4.0775],[15.935,-4.0842],[15.9258,-4.085],[15.9258,-4.0875],[15.9333,-4.0892],[15.9383,-4.0992],[15.9433,-4.0992],[15.945,-4.105],[15.935,-4.1083],[15.9317,-4.1183],[15.9283,-4.1192],[15.9292,-4.1217],[15.935,-4.1225],[15.9333,-4.1275],[15.94,-4.1333],[15.9333,-4.1342],[15.9325,-4.1367],[15.9283,-4.1333],[15.9242,-4.135],[15.9233,-4.1392],[15.9283,-4.1433],[15.925,-4.15],[15.9267,-4.1558],[15.9167,-4.1575],[15.92,-4.1617],[15.92,-4.1667],[15.915,-4.1675],[15.9142,-4.1717],[15.9075,-4.1767],[15.9058,-4.1933],[15.9133,-4.2],[15.9217,-4.1983]],[[15.9617,-4.0275],[15.9608,-4.0267],[15.9608,-4.0275],[15.9617,-4.0275]],[[15.9192,-4.1992],[15.92,-4.2],[15.92,-4.1992],[15.9192,-4.1992]],[[15.9283,-3.9717],[15.9292,-3.9708],[15.9283,-3.9708],[15.9283,-3.9717]],[[15.9975,-3.9775],[15.9875,-3.9942],[15.9942,-3.9958],[15.9942,-4.0008],[15.9917,-4.005],[15.9858,-4.0067],[15.9867,-4.0117],[15.9833,-4.0133],[15.9842,-4.0158],[15.9917,-4.0083],[15.9975,-4.0117],[15.9975,-3.9775]],[[15.9033,-3.9925],[15.9042,-3.9917],[15.9033,-3.9917],[15.9033,-3.9925]],[[15.7908,-4.0083],[15.7883,-4.0117],[15.7908,-4.0133],[15.7908,-4.0083]],[[15.9975,-4.0167],[15.9958,-4.0183],[15.9975,-4.0192],[15.9975,-4.0167]],[[15.7933,-4.0283],[15.7917,-4.0217],[15.7917,-4.0292],[15.7933,-4.0283]],[[15.6367,-4.0267],[15.6358,-4.0308],[15.64,-4.0242],[15.6367,-4.0267]],[[15.62,-4.0333],[15.6233,-4.0317],[15.6233,-4.0275],[15.6175,-4.0317],[15.62,-4.0333]],[[15.7892,-4.0325],[15.79,-4.0317],[15.7892,-4.0317],[15.7892,-4.0325]],[[15.6017,-4.0392],[15.6075,-4.05],[15.6025,-4.0508],[15.6042,-4.0567],[15.6142,-4.0617],[15.6175,-4.05],[15.6167,-4.0483],[15.6142,-4.05],[15.6133,-4.0467],[15.6158,-4.0383],[15.6092,-4.0425],[15.61,-4.0467],[15.6083,-4.0467],[15.6067,-4.0425],[15.6108,-4.04],[15.6108,-4.0367],[15.6025,-4.0358],[15.6017,-4.0392]],[[15.655,-4.0425],[15.655,-4.04],[15.6525,-4.0367],[15.6508,-4.0433],[15.655,-4.0425]],[[15.7842,-4.04],[15.785,-4.0392],[15.7842,-4.0392],[15.7842,-4.04]],[[15.5933,-4.0517],[15.6,-4.0542],[15.6,-4.0467],[15.5975,-4.0458],[15.5933,-4.0517]],[[15.7792,-4.05],[15.78,-4.0492],[15.7792,-4.0492],[15.7792,-4.05]],[[15.7783,-4.0508],[15.7775,-4.05],[15.7775,-4.0508],[15.7783,-4.0508]],[[15.7775,-4.0508],[15.7758,-4.0517],[15.7775,-4.0517],[15.7775,-4.0508]],[[15.7508,-4.0533],[15.7517,-4.0525],[15.7508,-4.0525],[15.7508,-4.0533]],[[15.7642,-4.06],[15.7692,-4.055],[15.7642,-4.0533],[15.7642,-4.06]],[[15.6283,-4.0567],[15.6317,-4.06],[15.6308,-4.0667],[15.6325,-4.0667],[15.6333,-4.0617],[15.6325,-4.0575],[15.6292,-4.0567],[15.63,-4.0542],[15.6242,-4.0558],[15.6267,-4.0583],[15.6283,-4.0567]],[[15.5983,-4.0667],[15.6008,-4.0717],[15.6067,-4.0733],[15.605,-4.0683],[15.6017,-4.0683],[15.6042,-4.06],[15.6,-4.0608],[15.6008,-4.065],[15.5983,-4.0667]],[[15.5825,-4.0642],[15.585,-4.0608],[15.5792,-4.0625],[15.5825,-4.0642]],[[15.59,-4.0608],[15.5883,-4.0617],[15.59,-4.0617],[15.59,-4.0608]],[[15.59,-4.0625],[15.5908,-4.0642],[15.5933,-4.0642],[15.5933,-4.0608],[15.59,-4.0625]],[[15.5942,-4.0708],[15.5942,-4.0683],[15.5917,-4.0683],[15.5917,-4.07],[15.5942,-4.0708]],[[15.6008,-4.0742],[15.6025,-4.0817],[15.6033,-4.0742],[15.6008,-4.0742]],[[15.7592,-4.075],[15.76,-4.0742],[15.7592,-4.0742],[15.7592,-4.075]],[[15.7558,-4.0767],[15.7583,-4.075],[15.7558,-4.075],[15.7558,-4.0767]],[[15.5867,-4.08],[15.59,-4.0783],[15.5867,-4.0783],[15.5867,-4.08]],[[15.575,-4.0817],[15.5758,-4.08],[15.575,-4.08],[15.575,-4.0817]],[[15.6175,-4.0858],[15.6183,-4.0833],[15.6175,-4.0833],[15.6175,-4.0858]],[[15.7483,-4.085],[15.7492,-4.0842],[15.7483,-4.0842],[15.7483,-4.085]],[[15.6192,-4.0867],[15.6133,-4.1017],[15.61,-4.1025],[15.6092,-4.1075],[15.605,-4.1108],[15.6058,-4.1167],[15.6117,-4.1125],[15.6158,-4.0992],[15.62,-4.0975],[15.6192,-4.0867]],[[15.7425,-4.0883],[15.7442,-4.0867],[15.7425,-4.0867],[15.7425,-4.0883]],[[15.7292,-4.0933],[15.7308,-4.0917],[15.7292,-4.0917],[15.7292,-4.0933]],[[15.5675,-4.1025],[15.5675,-4.0992],[15.5617,-4.0942],[15.565,-4.1025],[15.5675,-4.1025]],[[15.6292,-4.095],[15.6267,-4.0967],[15.63,-4.0975],[15.6292,-4.095]],[[15.5925,-4.1142],[15.5892,-4.1283],[15.5933,-4.125],[15.5975,-4.1133],[15.5975,-4.1017],[15.595,-4.1025],[15.5958,-4.1125],[15.5925,-4.1142]],[[15.5742,-4.1083],[15.5742,-4.1108],[15.5767,-4.11],[15.5758,-4.1067],[15.5675,-4.105],[15.5742,-4.1083]],[[15.5808,-4.1092],[15.5817,-4.1083],[15.5808,-4.1083],[15.5808,-4.1092]],[[15.6133,-4.1125],[15.615,-4.1108],[15.6133,-4.1108],[15.6133,-4.1125]],[[15.5825,-4.1133],[15.5833,-4.1125],[15.5825,-4.1125],[15.5825,-4.1133]],[[15.6008,-4.1158],[15.6017,-4.1142],[15.6008,-4.1142],[15.6008,-4.1158]],[[15.5808,-4.1167],[15.58,-4.1158],[15.58,-4.1167],[15.5808,-4.1167]],[[15.58,-4.1167],[15.5783,-4.1192],[15.5792,-4.1192],[15.58,-4.1167]],[[15.64,-4.1183],[15.6417,-4.1167],[15.64,-4.1158],[15.64,-4.1183]],[[15.575,-4.12],[15.5758,-4.1183],[15.575,-4.1183],[15.575,-4.12]],[[15.635,-4.125],[15.6333,-4.1292],[15.6342,-4.1292],[15.635,-4.125]],[[15.5867,-4.1317],[15.5875,-4.1292],[15.5867,-4.1292],[15.5867,-4.1317]],[[15.59,-4.1325],[15.5883,-4.1358],[15.5892,-4.1358],[15.59,-4.1325]],[[15.6408,-4.1342],[15.6417,-4.1325],[15.6408,-4.1325],[15.6408,-4.1342]],[[15.6333,-4.1342],[15.6333,-4.1408],[15.6342,-4.1408],[15.6358,-4.135],[15.6333,-4.1342]],[[15.6633,-4.1358],[15.665,-4.135],[15.6633,-4.135],[15.6633,-4.1358]],[[15.6208,-4.1442],[15.6175,-4.1508],[15.6067,-4.1533],[15.6042,-4.1658],[15.6083,-4.1608],[15.6142,-4.1608],[15.615,-4.1583],[15.6183,-4.1567],[15.6175,-4.1525],[15.6292,-4.1425],[15.6275,-4.1367],[15.625,-4.1383],[15.625,-4.1425],[15.6208,-4.1442]],[[15.6308,-4.1392],[15.6325,-4.1375],[15.6308,-4.1367],[15.6308,-4.1392]],[[15.6592,-4.1383],[15.6542,-4.1383],[15.6542,-4.14],[15.6592,-4.1383]],[[15.6183,-4.1425],[15.62,-4.14],[15.6192,-4.14],[15.6183,-4.1425]],[[15.6383,-4.1425],[15.6367,-4.145],[15.6383,-4.1467],[15.6383,-4.1425]],[[15.6608,-4.1467],[15.6525,-4.1558],[15.6533,-4.1583],[15.6567,-4.1583],[15.6592,-4.1508],[15.6658,-4.1467],[15.6625,-4.1425],[15.6567,-4.1433],[15.6608,-4.1467]],[[15.6117,-4.1467],[15.6142,-4.1467],[15.615,-4.145],[15.6125,-4.1442],[15.6117,-4.1467]],[[15.6117,-4.1467],[15.6108,-4.1475],[15.6117,-4.1475],[15.6117,-4.1467]],[[15.64,-4.145],[15.6408,-4.1442],[15.64,-4.1442],[15.64,-4.145]],[[15.6317,-4.145],[15.6308,-4.1475],[15.6317,-4.1475],[15.6317,-4.145]],[[15.6675,-4.1458],[15.6683,-4.145],[15.6675,-4.145],[15.6675,-4.1458]],[[15.6408,-4.1492],[15.6408,-4.1458],[15.6392,-4.1458],[15.6383,-4.1492],[15.6408,-4.1492]],[[15.6292,-4.1525],[15.6308,-4.1492],[15.6292,-4.1492],[15.6292,-4.1525]],[[15.6217,-4.1542],[15.6225,-4.1533],[15.6217,-4.1533],[15.6217,-4.1542]],[[15.6825,-4.1633],[15.6817,-4.1625],[15.6817,-4.1633],[15.6825,-4.1633]],[[15.6817,-4.1633],[15.6792,-4.165],[15.6808,-4.165],[15.6817,-4.1633]],[[15.655,-4.1683],[15.6542,-4.1742],[15.6492,-4.1792],[15.6508,-4.1817],[15.6567,-4.1775],[15.6567,-4.1717],[15.6625,-4.17],[15.6633,-4.1642],[15.655,-4.1683]],[[15.6333,-4.1683],[15.62,-4.1742],[15.625,-4.1758],[15.6267,-4.1717],[15.6333,-4.1683]],[[15.6675,-4.1683],[15.6667,-4.1725],[15.6725,-4.1708],[15.6708,-4.1683],[15.67,-4.17],[15.6675,-4.1683]],[[15.675,-4.1708],[15.6733,-4.1725],[15.675,-4.1725],[15.675,-4.1708]],[[15.6417,-4.1708],[15.6433,-4.1692],[15.6417,-4.1692],[15.6417,-4.1708]],[[15.6292,-4.1742],[15.63,-4.1733],[15.6292,-4.1733],[15.6292,-4.1742]],[[15.6442,-4.175],[15.645,-4.1742],[15.6442,-4.1742],[15.6442,-4.175]],[[15.6867,-4.1742],[15.685,-4.1767],[15.6875,-4.1767],[15.6867,-4.1742]],[[15.6717,-4.1758],[15.6692,-4.1783],[15.6725,-4.1775],[15.6717,-4.1758]],[[15.62,-4.18],[15.6208,-4.1792],[15.62,-4.1792],[15.62,-4.18]],[[15.6717,-4.1825],[15.6717,-4.1858],[15.6625,-4.1867],[15.6642,-4.1892],[15.6558,-4.1925],[15.655,-4.2017],[15.6525,-4.1958],[15.6508,-4.1967],[15.6508,-4.205],[15.6467,-4.2092],[15.6425,-4.2092],[15.6408,-4.2025],[15.6383,-4.2025],[15.6383,-4.2067],[15.635,-4.2083],[15.6333,-4.2142],[15.6375,-4.2192],[15.6367,-4.2267],[15.6383,-4.2267],[15.6392,-4.2175],[15.6425,-4.215],[15.6517,-4.2233],[15.6492,-4.215],[15.6542,-4.2092],[15.6592,-4.2125],[15.6575,-4.2025],[15.6683,-4.1883],[15.6742,-4.1858],[15.6867,-4.1875],[15.6833,-4.1825],[15.6775,-4.1842],[15.6775,-4.1792],[15.6717,-4.1825]],[[15.6592,-4.1825],[15.6617,-4.1825],[15.6625,-4.1808],[15.66,-4.18],[15.6592,-4.1825]],[[15.6592,-4.1825],[15.6583,-4.1833],[15.6592,-4.1833],[15.6592,-4.1825]],[[15.6458,-4.1817],[15.6467,-4.1808],[15.6458,-4.1808],[15.6458,-4.1817]],[[15.645,-4.1833],[15.6458,-4.1825],[15.645,-4.1825],[15.645,-4.1833]],[[15.6933,-4.1917],[15.6925,-4.1883],[15.69,-4.1875],[15.69,-4.1917],[15.6933,-4.1917]],[[15.6433,-4.2],[15.6458,-4.2067],[15.6467,-4.1925],[15.64,-4.1958],[15.6408,-4.2],[15.6433,-4.2]],[[15.6683,-4.1967],[15.67,-4.1958],[15.6683,-4.1958],[15.6683,-4.1967]],[[15.6725,-4.2017],[15.6742,-4.2008],[15.6725,-4.2008],[15.6725,-4.2017]],[[15.665,-4.2033],[15.6625,-4.205],[15.6642,-4.2067],[15.665,-4.2033]],[[15.6625,-4.215],[15.6558,-4.2167],[15.6583,-4.2192],[15.6583,-4.2317],[15.6558,-4.235],[15.66,-4.2325],[15.6625,-4.235],[15.665,-4.2333],[15.6592,-4.22],[15.6617,-4.2167],[15.6667,-4.2158],[15.6658,-4.2083],[15.6625,-4.215]],[[15.6692,-4.2192],[15.6742,-4.2225],[15.6708,-4.2183],[15.6658,-4.2183],[15.6658,-4.2208],[15.6692,-4.2192]],[[15.9442,-4.225],[15.9475,-4.2267],[15.9458,-4.2233],[15.9333,-4.2208],[15.935,-4.2267],[15.9442,-4.225]],[[15.6442,-4.2225],[15.6433,-4.2242],[15.6442,-4.2242],[15.6442,-4.2225]],[[15.6442,-4.2242],[15.645,-4.2275],[15.645,-4.2242],[15.6442,-4.2242]],[[15.6258,-4.2258],[15.6267,-4.2233],[15.6258,-4.2233],[15.6258,-4.2258]],[[15.6758,-4.225],[15.6775,-4.2242],[15.6758,-4.2242],[15.6758,-4.225]],[[15.6708,-4.2283],[15.6717,-4.2275],[15.6708,-4.2275],[15.6708,-4.2283]],[[15.6783,-4.2333],[15.6717,-4.23],[15.6725,-4.2342],[15.6783,-4.2333]],[[15.6425,-4.2342],[15.6433,-4.2333],[15.6425,-4.2333],[15.6425,-4.2342]],[[15.6858,-4.2342],[15.6867,-4.2333],[15.6858,-4.2333],[15.6858,-4.2342]],[[15.6392,-4.2367],[15.6383,-4.24],[15.64,-4.24],[15.6392,-4.2367]],[[15.6683,-4.2383],[15.6708,-4.2367],[15.6683,-4.2367],[15.6683,-4.2383]],[[15.6775,-4.2383],[15.6783,-4.2375],[15.6775,-4.2375],[15.6775,-4.2383]],[[15.675,-4.2392],[15.6742,-4.2383],[15.6742,-4.2392],[15.675,-4.2392]],[[15.6742,-4.2392],[15.6733,-4.24],[15.6742,-4.24],[15.6742,-4.2392]],[[15.9517,-4.2383],[15.9508,-4.2408],[15.9525,-4.2408],[15.9517,-4.2383]],[[15.9508,-4.2492],[15.9525,-4.2433],[15.95,-4.245],[15.9508,-4.2492]],[[15.71,-4.2517],[15.7092,-4.2525],[15.71,-4.2525],[15.71,-4.2517]],[[15.71,-4.2525],[15.7108,-4.255],[15.7108,-4.2525],[15.71,-4.2525]],[[15.7175,-4.2533],[15.7167,-4.2567],[15.7192,-4.2558],[15.7175,-4.2533]],[[15.675,-4.2567],[15.6758,-4.2558],[15.675,-4.2558],[15.675,-4.2567]],[[15.9525,-4.26],[15.9525,-4.2575],[15.9517,-4.2575],[15.95,-4.26],[15.9525,-4.26]],[[15.6917,-4.2608],[15.6892,-4.2592],[15.6892,-4.2625],[15.6917,-4.2608]],[[15.7117,-4.2625],[15.7092,-4.2583],[15.7108,-4.2692],[15.7117,-4.2625]],[[15.6833,-4.2608],[15.6842,-4.26],[15.6833,-4.26],[15.6833,-4.2608]],[[15.7192,-4.2708],[15.7208,-4.2667],[15.7183,-4.2633],[15.7175,-4.27],[15.7192,-4.2708]],[[15.7317,-4.2683],[15.7283,-4.2658],[15.7275,-4.2683],[15.7317,-4.2683]],[[15.9533,-4.2725],[15.9633,-4.2783],[15.9525,-4.2667],[15.9533,-4.2725]],[[15.705,-4.2683],[15.7058,-4.2675],[15.705,-4.2675],[15.705,-4.2683]],[[15.6992,-4.2817],[15.7033,-4.2758],[15.7033,-4.2725],[15.7008,-4.2742],[15.6992,-4.2817]],[[15.7258,-4.2775],[15.7267,-4.2758],[15.7242,-4.2775],[15.7258,-4.2775]],[[15.7242,-4.2775],[15.7233,-4.2792],[15.7242,-4.2792],[15.7242,-4.2775]],[[15.7233,-4.2792],[15.7225,-4.28],[15.7233,-4.28],[15.7233,-4.2792]],[[15.7317,-4.2775],[15.7325,-4.2767],[15.7317,-4.2767],[15.7317,-4.2775]],[[15.6858,-4.2808],[15.6867,-4.28],[15.6858,-4.28],[15.6858,-4.2808]],[[15.7292,-4.2967],[15.73,-4.29],[15.735,-4.2883],[15.7283,-4.2842],[15.7275,-4.2958],[15.7292,-4.2967]],[[15.9758,-4.2925],[15.9775,-4.2908],[15.975,-4.2908],[15.9758,-4.2925]],[[15.9575,-4.2925],[15.9583,-4.2917],[15.9575,-4.2917],[15.9575,-4.2925]],[[15.7433,-4.2975],[15.745,-4.2967],[15.7433,-4.2967],[15.7433,-4.2975]],[[15.9608,-4.2992],[15.9617,-4.3017],[15.9625,-4.2992],[15.9608,-4.2992]],[[15.9975,-4.3008],[15.9942,-4.3042],[15.9975,-4.305],[15.9975,-4.3008]],[[15.9575,-4.305],[15.9583,-4.3042],[15.9575,-4.3042],[15.9575,-4.305]],[[15.8842,-4.3092],[15.885,-4.3083],[15.8842,-4.3083],[15.8842,-4.3092]],[[15.9933,-4.3158],[15.9908,-4.31],[15.99,-4.3167],[15.9933,-4.3158]],[[15.9525,-4.3117],[15.9542,-4.3142],[15.955,-4.3117],[15.9525,-4.3117]],[[15.9517,-4.3192],[15.9525,-4.3167],[15.9517,-4.3167],[15.9517,-4.3192]],[[15.9875,-4.3292],[15.9858,-4.3358],[15.99,-4.34],[15.9875,-4.3467],[15.99,-4.3583],[15.9925,-4.3658],[15.9975,-4.3692],[15.9975,-4.3217],[15.9925,-4.3217],[15.9917,-4.3267],[15.9875,-4.3292]],[[15.9492,-4.3275],[15.95,-4.3242],[15.9492,-4.3242],[15.9492,-4.3275]],[[15.9858,-4.325],[15.9867,-4.3242],[15.9858,-4.3242],[15.9858,-4.325]],[[15.9842,-4.3433],[15.9858,-4.3417],[15.9842,-4.3417],[15.9842,-4.3433]],[[15.9833,-4.3517],[15.9833,-4.3583],[15.9867,-4.3633],[15.9858,-4.3533],[15.9833,-4.3517]],[[15.9867,-4.3633],[15.9883,-4.3667],[15.9875,-4.3633],[15.9867,-4.3633]],[[15.7267,-4.3642],[15.7333,-4.3617],[15.735,-4.3583],[15.7292,-4.3575],[15.7267,-4.3642]],[[15.7475,-4.365],[15.7292,-4.37],[15.7275,-4.3725],[15.7325,-4.3708],[15.74,-4.375],[15.7392,-4.3733],[15.745,-4.37],[15.7475,-4.365]],[[15.9317,-4.3667],[15.9325,-4.3658],[15.9317,-4.3658],[15.9317,-4.3667]],[[15.9933,-4.3775],[15.99,-4.3692],[15.9917,-4.3783],[15.9933,-4.3775]],[[15.9258,-4.3742],[15.9275,-4.3733],[15.9275,-4.3708],[15.9258,-4.3742]],[[15.9258,-4.3742],[15.925,-4.375],[15.9258,-4.375],[15.9258,-4.3742]],[[15.925,-4.375],[15.9242,-4.3775],[15.925,-4.3775],[15.925,-4.375]],[[15.7542,-4.3758],[15.7525,-4.3733],[15.7525,-4.3758],[15.7542,-4.3758]],[[15.9967,-4.3817],[15.9975,-4.38],[15.9967,-4.38],[15.9967,-4.3817]],[[15.9917,-4.3833],[15.9925,-4.3867],[15.9933,-4.3867],[15.9933,-4.3833],[15.9917,-4.3833]],[[15.9942,-4.3942],[15.9958,-4.3925],[15.9942,-4.3917],[15.9942,-4.3942]],[[15.7358,-4.4033],[15.7358,-4.405],[15.7408,-4.4042],[15.7358,-4.4],[15.7317,-4.4017],[15.7325,-4.4042],[15.7358,-4.4033]],[[15.7117,-4.4242],[15.7092,-4.4208],[15.7075,-4.42],[15.7083,-4.4233],[15.7117,-4.4242]],[[15.7283,-4.4242],[15.7292,-4.4233],[15.7283,-4.4233],[15.7283,-4.4242]],[[15.9958,-4.4317],[15.9975,-4.4283],[15.9958,-4.4283],[15.9958,-4.4317]],[[15.6925,-4.4433],[15.69,-4.4408],[15.69,-4.4433],[15.6925,-4.4433]],[[15.985,-4.4442],[15.9867,-4.4408],[15.9858,-4.4408],[15.985,-4.4442]],[[15.7108,-4.4442],[15.71,-4.4425],[15.71,-4.4467],[15.7108,-4.4442]],[[15.7108,-4.4508],[15.7175,-4.46],[15.7208,-4.46],[15.7158,-4.4567],[15.7117,-4.4467],[15.7108,-4.4508]],[[15.7075,-4.445],[15.7083,-4.4442],[15.7075,-4.4442],[15.7075,-4.445]],[[15.7267,-4.4542],[15.7317,-4.4533],[15.7342,-4.4467],[15.7283,-4.4475],[15.7267,-4.4542]],[[15.7417,-4.4508],[15.7392,-4.4533],[15.7417,-4.4525],[15.7417,-4.4508]],[[15.6933,-4.4567],[15.6925,-4.465],[15.6992,-4.4692],[15.6958,-4.4758],[15.6875,-4.4758],[15.6875,-4.4808],[15.6967,-4.4775],[15.7008,-4.4858],[15.7042,-4.4825],[15.71,-4.4817],[15.7208,-4.4833],[15.7242,-4.4892],[15.7242,-4.4967],[15.7358,-4.4883],[15.7458,-4.4867],[15.7467,-4.49],[15.7508,-4.49],[15.7542,-4.48],[15.75,-4.4792],[15.75,-4.4758],[15.7475,-4.4758],[15.7475,-4.4792],[15.7383,-4.4767],[15.74,-4.4842],[15.7342,-4.4875],[15.7317,-4.4808],[15.7275,-4.4833],[15.7275,-4.4767],[15.7233,-4.4717],[15.72,-4.4733],[15.7092,-4.4617],[15.7,-4.4617],[15.6975,-4.4533],[15.69,-4.4517],[15.6892,-4.4533],[15.6933,-4.4567]],[[15.7392,-4.4542],[15.7375,-4.4575],[15.74,-4.4583],[15.7392,-4.4542]],[[15.7292,-4.4683],[15.7333,-4.4617],[15.7267,-4.4625],[15.7225,-4.46],[15.7233,-4.465],[15.7292,-4.4683]],[[15.7367,-4.4692],[15.7458,-4.475],[15.7483,-4.475],[15.7458,-4.4708],[15.7467,-4.4667],[15.7417,-4.4633],[15.7367,-4.4692]],[[15.98,-4.4817],[15.9792,-4.48],[15.9792,-4.4817],[15.98,-4.4817]],[[15.7367,-4.485],[15.7383,-4.4833],[15.7367,-4.4833],[15.7367,-4.485]],[[15.9775,-4.4833],[15.9758,-4.485],[15.975,-4.4883],[15.9783,-4.4883],[15.9775,-4.4833]],[[15.7558,-4.485],[15.7567,-4.4842],[15.7558,-4.4842],[15.7558,-4.485]],[[15.6792,-4.4867],[15.68,-4.4892],[15.6817,-4.4892],[15.6817,-4.485],[15.6792,-4.4867]],[[15.7125,-4.4917],[15.7133,-4.4908],[15.7125,-4.4908],[15.7125,-4.4917]],[[15.72,-4.4917],[15.7192,-4.4908],[15.7192,-4.4917],[15.72,-4.4917]],[[15.7192,-4.4917],[15.7183,-4.4925],[15.7192,-4.4925],[15.7192,-4.4917]],[[15.75,-4.4908],[15.7525,-4.4967],[15.7533,-4.4908],[15.75,-4.4908]],[[15.7133,-4.4933],[15.7142,-4.4925],[15.7133,-4.4925],[15.7133,-4.4933]],[[15.7375,-4.495],[15.7383,-4.4942],[15.7375,-4.4942],[15.7375,-4.495]],[[15.7,-4.4975],[15.6975,-4.4967],[15.6983,-4.4983],[15.7,-4.4975]],[[15.7333,-4.4983],[15.7317,-4.4967],[15.7317,-4.4975],[15.7333,-4.4983]],[[15.7317,-4.4975],[15.7308,-4.4983],[15.7317,-4.4983],[15.7317,-4.4975]],[[15.7317,-4.4992],[15.73,-4.5],[15.7317,-4.5],[15.7317,-4.4992]],[[15.9692,-4.5008],[15.9675,-4.4992],[15.9667,-4.5025],[15.9692,-4.5008]],[[15.7308,-4.5017],[15.7317,-4.5008],[15.7308,-4.5008],[15.7308,-4.5017]],[[15.7233,-4.5058],[15.7242,-4.505],[15.7233,-4.505],[15.7233,-4.5058]],[[15.7433,-4.545],[15.7442,-4.5442],[15.7433,-4.5442],[15.7433,-4.545]],[[15.9283,-4.5517],[15.9258,-4.555],[15.9283,-4.5542],[15.9283,-4.5517]],[[15.7342,-4.5617],[15.735,-4.5608],[15.7342,-4.5608],[15.7342,-4.5617]],[[15.7042,-4.5725],[15.705,-4.57],[15.7042,-4.57],[15.7042,-4.5725]],[[15.7033,-4.575],[15.7033,-4.5708],[15.7025,-4.5708],[15.7017,-4.5742],[15.7033,-4.575]],[[15.6992,-4.5992],[15.6967,-4.5983],[15.6967,-4.5992],[15.6992,-4.5992]],[[15.6967,-4.5992],[15.6958,-4.6],[15.6967,-4.6],[15.6967,-4.5992]],[[15.81,-4.6342],[15.8108,-4.6333],[15.81,-4.6333],[15.81,-4.6342]],[[15.7992,-4.635],[15.8,-4.6342],[15.7992,-4.6342],[15.7992,-4.635]],[[15.6558,-4.6375],[15.6633,-4.6458],[15.665,-4.6417],[15.6567,-4.635],[15.6558,-4.6375]],[[15.8058,-4.6358],[15.8067,-4.635],[15.8058,-4.635],[15.8058,-4.6358]],[[15.7175,-4.6417],[15.7183,-4.6408],[15.7175,-4.6408],[15.7175,-4.6417]],[[15.6925,-4.6467],[15.6933,-4.6433],[15.6908,-4.6433],[15.6925,-4.6467]],[[15.8008,-4.645],[15.8017,-4.6442],[15.8008,-4.6442],[15.8008,-4.645]],[[15.7558,-4.6517],[15.7567,-4.6483],[15.7558,-4.6483],[15.7558,-4.6517]],[[15.7575,-4.6508],[15.7583,-4.65],[15.7575,-4.65],[15.7575,-4.6508]],[[15.7892,-4.6508],[15.79,-4.65],[15.7892,-4.65],[15.7892,-4.6508]],[[15.7942,-4.6542],[15.7908,-4.6508],[15.7917,-4.655],[15.7942,-4.6542]],[[15.7875,-4.6533],[15.7892,-4.6542],[15.7875,-4.6517],[15.7875,-4.6533]],[[15.7567,-4.655],[15.7558,-4.6525],[15.7542,-4.6525],[15.7542,-4.655],[15.7567,-4.655]],[[15.8025,-4.6542],[15.8042,-4.6525],[15.8025,-4.6525],[15.8025,-4.6542]],[[15.8025,-4.6567],[15.8033,-4.6558],[15.8025,-4.6558],[15.8025,-4.6567]],[[15.7958,-4.6642],[15.8,-4.6617],[15.8017,-4.6575],[15.7958,-4.6608],[15.7958,-4.6642]],[[15.8133,-4.6658],[15.8142,-4.6592],[15.8133,-4.6592],[15.8133,-4.6658]],[[15.77,-4.6608],[15.7667,-4.66],[15.765,-4.6633],[15.7692,-4.6625],[15.77,-4.6608]],[[15.815,-4.6617],[15.8158,-4.6608],[15.815,-4.6608],[15.815,-4.6617]],[[15.7925,-4.67],[15.7933,-4.6692],[15.7925,-4.6692],[15.7925,-4.67]],[[15.7425,-4.675],[15.7408,-4.6733],[15.7408,-4.675],[15.7425,-4.675]],[[15.7,-4.6758],[15.7008,-4.6742],[15.7,-4.6742],[15.7,-4.6758]],[[15.7933,-4.6767],[15.7925,-4.6742],[15.7925,-4.6767],[15.7933,-4.6767]],[[15.7917,-4.6767],[15.7917,-4.68],[15.7925,-4.68],[15.7933,-4.6783],[15.7917,-4.6767]],[[15.7208,-4.6833],[15.72,-4.6842],[15.7208,-4.6842],[15.7208,-4.6833]],[[15.7208,-4.6842],[15.7217,-4.685],[15.7217,-4.6842],[15.7208,-4.6842]],[[15.7883,-4.705],[15.7892,-4.6933],[15.7917,-4.6917],[15.7908,-4.685],[15.7833,-4.6967],[15.7842,-4.7058],[15.7808,-4.7092],[15.78,-4.7167],[15.7842,-4.715],[15.785,-4.7183],[15.7867,-4.7167],[15.785,-4.7108],[15.7917,-4.71],[15.7883,-4.705]],[[15.7917,-4.7108],[15.7958,-4.71],[15.7967,-4.7075],[15.795,-4.7075],[15.7917,-4.7108]],[[15.7958,-4.6958],[15.7958,-4.6925],[15.7933,-4.6925],[15.7933,-4.695],[15.7958,-4.6958]],[[15.7242,-4.7133],[15.725,-4.7117],[15.7242,-4.7117],[15.7242,-4.7133]],[[15.73,-4.7167],[15.735,-4.7192],[15.7325,-4.7167],[15.7333,-4.7125],[15.7308,-4.7125],[15.73,-4.7167]],[[15.7625,-4.7242],[15.7625,-4.7217],[15.7608,-4.7217],[15.76,-4.7242],[15.7625,-4.7242]],[[15.7592,-4.74],[15.7617,-4.7358],[15.7583,-4.7367],[15.7592,-4.74]],[[15.7617,-4.7525],[15.7675,-4.7492],[15.7667,-4.7458],[15.7583,-4.7458],[15.7617,-4.7525]],[[15.775,-4.7567],[15.775,-4.7667],[15.7775,-4.7675],[15.7767,-4.75],[15.7742,-4.7475],[15.7725,-4.755],[15.775,-4.7567]],[[15.7608,-4.7542],[15.7617,-4.7533],[15.7608,-4.7533],[15.7608,-4.7542]],[[15.76,-4.7617],[15.7633,-4.7592],[15.7608,-4.755],[15.7575,-4.7592],[15.76,-4.7617]],[[15.77,-4.7608],[15.7717,-4.76],[15.77,-4.76],[15.77,-4.7608]],[[15.7542,-4.7917],[15.7542,-4.7883],[15.7567,-4.7875],[15.7567,-4.7833],[15.7525,-4.7842],[15.7517,-4.7917],[15.7542,-4.7917]],[[15.7583,-4.7975],[15.7592,-4.7967],[15.7583,-4.7967],[15.7583,-4.7975]],[[15.75,-4.8017],[15.745,-4.7983],[15.7458,-4.8008],[15.75,-4.8017]],[[15.7308,-4.8],[15.7317,-4.7992],[15.7308,-4.7992],[15.7308,-4.8]],[[15.76,-4.8033],[15.7608,-4.8017],[15.76,-4.8017],[15.76,-4.8033]],[[15.7392,-4.8042],[15.7408,-4.8025],[15.7392,-4.8025],[15.7392,-4.8042]],[[15.7542,-4.8067],[15.7592,-4.8067],[15.7625,-4.8092],[15.7583,-4.8033],[15.7542,-4.8067]],[[15.7658,-4.8033],[15.7667,-4.805],[15.7683,-4.805],[15.7658,-4.8033]],[[15.7467,-4.8142],[15.7475,-4.8133],[15.7467,-4.8133],[15.7467,-4.8142]],[[15.7275,-4.8383],[15.7292,-4.8367],[15.7275,-4.8367],[15.7275,-4.8383]],[[15.7525,-4.8442],[15.7508,-4.845],[15.7525,-4.845],[15.7525,-4.8442]],[[15.7258,-4.8525],[15.7267,-4.8475],[15.725,-4.8458],[15.7233,-4.8517],[15.7258,-4.8525]],[[15.7433,-4.8517],[15.7483,-4.8525],[15.7483,-4.8475],[15.7458,-4.8467],[15.7433,-4.8517]],[[15.6692,-4.885],[15.6683,-4.8892],[15.6633,-4.8883],[15.665,-4.8908],[15.6708,-4.89],[15.6717,-4.885],[15.6667,-4.88],[15.6617,-4.88],[15.6625,-4.8825],[15.6692,-4.885]],[[15.7075,-4.8958],[15.7067,-4.8942],[15.7067,-4.8958],[15.7075,-4.8958]],[[15.6717,-4.9033],[15.6733,-4.9],[15.6725,-4.9],[15.6717,-4.9033]],[[15.7317,-4.9058],[15.7308,-4.905],[15.7308,-4.9058],[15.7317,-4.9058]],[[15.7308,-4.9067],[15.7283,-4.9067],[15.7283,-4.9075],[15.7308,-4.9067]],[[15.6733,-4.9158],[15.6783,-4.9133],[15.675,-4.9058],[15.6733,-4.9158]],[[15.735,-4.91],[15.7383,-4.9083],[15.7383,-4.9058],[15.7325,-4.9083],[15.735,-4.91]],[[15.7358,-4.9125],[15.7367,-4.9117],[15.7358,-4.9117],[15.7358,-4.9125]],[[15.7258,-4.9408],[15.7267,-4.9392],[15.7258,-4.9392],[15.7258,-4.9408]],[[15.715,-4.9575],[15.7158,-4.9558],[15.715,-4.9558],[15.715,-4.9575]],[[14.5683,-4.9675],[14.5667,-4.965],[14.5667,-4.9675],[14.5683,-4.9675]],[[15.4258,-4.9808],[15.4308,-4.9825],[15.43,-4.9758],[15.4258,-4.9808]],[[15.6275,-4.9767],[15.6242,-4.9783],[15.6283,-4.9783],[15.6275,-4.9767]],[[14.5683,-4.9808],[14.5692,-4.9792],[14.5683,-4.9792],[14.5683,-4.9808]],[[14.575,-4.98],[14.5758,-4.9792],[14.575,-4.9792],[14.575,-4.98]],[[14.5675,-4.9825],[14.5642,-4.98],[14.5642,-4.985],[14.5675,-4.9825]],[[14.5633,-4.9833],[14.5625,-4.9842],[14.5633,-4.9842],[14.5633,-4.9833]],[[14.57,-4.9825],[14.5708,-4.98],[14.57,-4.98],[14.57,-4.9825]],[[14.5717,-4.9817],[14.5725,-4.98],[14.5717,-4.98],[14.5717,-4.9817]],[[15.4058,-4.9817],[15.4075,-4.9825],[15.4058,-4.98],[15.4058,-4.9817]],[[15.4333,-4.9808],[15.4342,-4.98],[15.4333,-4.98],[15.4333,-4.9808]],[[14.5567,-4.9817],[14.5575,-4.9808],[14.5567,-4.9808],[14.5567,-4.9817]],[[15.4133,-4.9833],[15.4158,-4.9817],[15.4125,-4.9817],[15.4133,-4.9833]],[[15.4883,-4.9875],[15.4875,-4.9833],[15.4825,-4.9817],[15.4842,-4.9883],[15.4883,-4.9875]],[[14.5542,-4.9842],[14.5558,-4.9825],[14.5542,-4.9833],[14.5542,-4.9842]],[[15.4367,-4.9833],[15.4375,-4.9825],[15.4367,-4.9825],[15.4367,-4.9833]],[[14.5742,-4.9917],[14.5742,-4.9858],[14.5717,-4.9842],[14.57,-4.9892],[14.5742,-4.9917]],[[15.4825,-4.99],[15.4783,-4.9867],[15.4792,-4.99],[15.4825,-4.99]],[[14.5667,-4.9875],[14.5675,-4.9867],[14.5667,-4.9867],[14.5667,-4.9875]],[[14.5517,-4.9917],[14.5508,-4.9925],[14.5517,-4.9925],[14.5517,-4.9917]],[[14.5517,-4.9967],[14.5542,-4.9967],[14.5525,-4.9925],[14.5517,-4.9925],[14.5517,-4.9967]],[[14.5725,-4.995],[14.5725,-4.9917],[14.5683,-4.9925],[14.5692,-4.9958],[14.5725,-4.995]],[[14.9325,-4.9975],[14.9267,-4.9925],[14.9275,-4.9975],[14.9325,-4.9975]],[[15.5292,-4.9975],[15.5317,-4.9942],[15.5317,-4.9925],[15.525,-4.9967],[15.5292,-4.9975]],[[14.56,-4.995],[14.5583,-4.9975],[14.5608,-4.9975],[14.56,-4.995]],[[15.4908,-4.995],[15.4892,-4.9975],[15.4933,-4.9975],[15.4933,-4.9958],[15.4908,-4.995]],[[14.5633,-4.9975],[14.565,-4.9958],[14.5633,-4.9958],[14.5633,-4.9975]],[[15.42,-4.9975],[15.4208,-4.9958],[15.42,-4.9958],[15.42,-4.9975]]],[[[15.2508,-4.3283],[15.2375,-4.3275],[15.2317,-4.3342],[15.2275,-4.335],[15.2367,-4.3258],[15.2483,-4.3242],[15.2508,-4.3283]]],[[[15.2183,-4.2417],[15.225,-4.2425],[15.225,-4.2467],[15.22,-4.2508],[15.2108,-4.2517],[15.2092,-4.25],[15.2108,-4.2483],[15.2167,-4.2508],[15.2208,-4.2475],[15.2133,-4.2433],[15.2125,-4.2358],[15.2167,-4.2367],[15.2183,-4.2417]]],[[[15.23,-4.21],[15.2283,-4.2217],[15.225,-4.2217],[15.2242,-4.2158],[15.23,-4.21]]],[[[15.2983,-4.2017],[15.2925,-4.2042],[15.285,-4.2075],[15.2875,-4.2025],[15.2992,-4.1967],[15.2983,-4.2017]]],[[[15.2692,-4.1742],[15.2817,-4.1883],[15.2817,-4.1917],[15.2742,-4.1992],[15.2725,-4.1992],[15.2733,-4.1933],[15.2775,-4.1892],[15.2725,-4.1875],[15.2725,-4.1842],[15.2667,-4.1775],[15.2625,-4.1767],[15.2608,-4.18],[15.26,-4.175],[15.2642,-4.1725],[15.2692,-4.1742]]],[[[15.3108,-4.1925],[15.305,-4.1983],[15.3025,-4.1942],[15.3067,-4.1917],[15.3067,-4.1892],[15.2992,-4.175],[15.2933,-4.1742],[15.2908,-4.1767],[15.2917,-4.1842],[15.2992,-4.1892],[15.2892,-4.1842],[15.2875,-4.1775],[15.29,-4.1767],[15.2908,-4.1725],[15.2967,-4.1708],[15.3017,-4.1725],[15.3025,-4.1692],[15.3058,-4.1683],[15.3117,-4.1717],[15.3133,-4.1667],[15.315,-4.1725],[15.31,-4.1833],[15.3108,-4.1925]],[[15.31,-4.1817],[15.3083,-4.18],[15.3058,-4.18],[15.3075,-4.1842],[15.31,-4.1817]],[[15.3067,-4.1725],[15.3058,-4.1742],[15.3067,-4.1742],[15.3067,-4.1725]],[[15.3067,-4.1742],[15.3075,-4.1758],[15.3075,-4.1742],[15.3067,-4.1742]]],[[[15.2525,-4.1733],[15.2508,-4.1842],[15.2425,-4.19],[15.2392,-4.19],[15.25,-4.1808],[15.25,-4.17],[15.2433,-4.165],[15.2492,-4.1633],[15.2525,-4.1733]]],[[[15.285,-4.1517],[15.2767,-4.1583],[15.2817,-4.1608],[15.2742,-4.1683],[15.2775,-4.1692],[15.2783,-4.175],[15.285,-4.1767],[15.2883,-4.1842],[15.2867,-4.1908],[15.2925,-4.1983],[15.2875,-4.1975],[15.2808,-4.1792],[15.2758,-4.1775],[15.27,-4.1692],[15.27,-4.1658],[15.275,-4.1625],[15.2742,-4.155],[15.2867,-4.1458],[15.285,-4.1517]]],[[[15.2933,-4.165],[15.2933,-4.1675],[15.2875,-4.1692],[15.2858,-4.1725],[15.2808,-4.1725],[15.2817,-4.1692],[15.2842,-4.17],[15.2925,-4.1617],[15.3,-4.1617],[15.2933,-4.165]]],[[[15.2633,-4.1083],[15.2533,-4.1158],[15.2492,-4.115],[15.2475,-4.1242],[15.2525,-4.1292],[15.2592,-4.1175],[15.2692,-4.1167],[15.2733,-4.1217],[15.2808,-4.1117],[15.2842,-4.1117],[15.2867,-4.1158],[15.2808,-4.115],[15.2725,-4.1258],[15.2683,-4.1242],[15.2683,-4.12],[15.26,-4.12],[15.255,-4.1317],[15.26,-4.135],[15.2592,-4.1375],[15.2525,-4.1367],[15.2517,-4.1333],[15.2492,-4.1375],[15.2467,-4.1375],[15.2433,-4.1325],[15.2408,-4.1325],[15.2392,-4.1358],[15.2417,-4.1367],[15.2342,-4.1392],[15.2342,-4.1408],[15.2375,-4.1392],[15.2508,-4.1408],[15.2525,-4.145],[15.2583,-4.1467],[15.2633,-4.1425],[15.2608,-4.1467],[15.2617,-4.1583],[15.2533,-4.1617],[15.2517,-4.1542],[15.2558,-4.1508],[15.255,-4.1483],[15.2508,-4.1475],[15.2492,-4.1433],[15.2425,-4.1417],[15.2317,-4.1442],[15.2308,-4.1383],[15.2375,-4.1325],[15.2375,-4.1283],[15.245,-4.1283],[15.2492,-4.1317],[15.2492,-4.1292],[15.2433,-4.125],[15.2467,-4.1117],[15.2542,-4.1108],[15.2667,-4.1008],[15.2633,-4.1083]],[[15.255,-4.155],[15.255,-4.1575],[15.2583,-4.1567],[15.2583,-4.1542],[15.255,-4.155]]],[[[15.2808,-4.13],[15.2833,-4.1333],[15.265,-4.135],[15.2667,-4.1275],[15.2808,-4.13]]],[[[15.2542,-4.0942],[15.2558,-4.0967],[15.2408,-4.095],[15.235,-4.0992],[15.2333,-4.1017],[15.235,-4.1133],[15.2308,-4.115],[15.2325,-4.1217],[15.2292,-4.1233],[15.2267,-4.1092],[15.23,-4.1092],[15.2292,-4.1025],[15.2325,-4.105],[15.23,-4.0992],[15.24,-4.0925],[15.2542,-4.0942]]],[[[15.3367,-4.0875],[15.3508,-4.1183],[15.3467,-4.1175],[15.3392,-4.1017],[15.3342,-4.0975],[15.3392,-4.1208],[15.3367,-4.1267],[15.3292,-4.1225],[15.3233,-4.1092],[15.3192,-4.1108],[15.3117,-4.12],[15.3125,-4.1167],[15.3067,-4.1133],[15.3083,-4.1058],[15.2983,-4.1033],[15.3025,-4.1],[15.3092,-4.1017],[15.3125,-4.0975],[15.3192,-4.0958],[15.3225,-4.1],[15.3217,-4.105],[15.3267,-4.1075],[15.3292,-4.1158],[15.3342,-4.1208],[15.3325,-4.1133],[15.335,-4.1125],[15.335,-4.1075],[15.3292,-4.09],[15.3367,-4.0875]],[[15.3333,-4.0942],[15.3342,-4.0933],[15.3333,-4.0933],[15.3333,-4.0942]],[[15.3167,-4.1042],[15.3183,-4.1],[15.3142,-4.1],[15.3117,-4.1033],[15.3117,-4.105],[15.3167,-4.1042]],[[15.3117,-4.1117],[15.3158,-4.1083],[15.3108,-4.1092],[15.3117,-4.1117]]],[[[15.2225,-4.0875],[15.2292,-4.09],[15.2283,-4.0867],[15.2342,-4.0875],[15.2358,-4.0833],[15.2458,-4.0842],[15.2458,-4.0867],[15.2392,-4.0858],[15.2358,-4.0917],[15.2242,-4.0933],[15.22,-4.0875],[15.215,-4.0908],[15.2158,-4.0942],[15.2258,-4.0958],[15.2233,-4.1],[15.2258,-4.1017],[15.2258,-4.105],[15.2208,-4.1033],[15.2175,-4.1067],[15.2175,-4.1108],[15.2192,-4.1075],[15.2225,-4.1075],[15.22,-4.115],[15.2233,-4.1142],[15.2233,-4.1158],[15.22,-4.1183],[15.215,-4.1183],[15.2158,-4.1133],[15.2033,-4.1142],[15.2017,-4.1083],[15.2058,-4.1042],[15.205,-4.1],[15.2108,-4.1025],[15.2125,-4.0975],[15.2233,-4.0983],[15.2242,-4.0967],[15.2117,-4.095],[15.2083,-4.0983],[15.2117,-4.0883],[15.2158,-4.0875],[15.22,-4.0825],[15.2225,-4.0825],[15.2208,-4.0842],[15.2225,-4.0875]],[[15.22,-4.1008],[15.2142,-4.0992],[15.2142,-4.1042],[15.2183,-4.1033],[15.22,-4.1008]],[[15.2058,-4.1108],[15.2142,-4.1092],[15.2142,-4.1075],[15.2092,-4.1067],[15.2058,-4.1092],[15.2058,-4.1108]]],[[[15.3083,-4.0842],[15.305,-4.0883],[15.2983,-4.0875],[15.3067,-4.08],[15.3083,-4.0842]]],[[[15.2583,-4.0692],[15.265,-4.075],[15.265,-4.0875],[15.2458,-4.09],[15.245,-4.0875],[15.2475,-4.0883],[15.2492,-4.085],[15.2542,-4.0833],[15.2625,-4.085],[15.2608,-4.0758],[15.255,-4.07],[15.2558,-4.0592],[15.2592,-4.0625],[15.2583,-4.0692]]],[[[15.3025,-4.0558],[15.3092,-4.0542],[15.3092,-4.0583],[15.3017,-4.0592],[15.2967,-4.0533],[15.3025,-4.0558]]],[[[15.3042,-4.0408],[15.2992,-4.0392],[15.2908,-4.0433],[15.2975,-4.0358],[15.3058,-4.0392],[15.3042,-4.0408]]],[[[15.3142,-4.0367],[15.3158,-4.0433],[15.3133,-4.0433],[15.31,-4.0375],[15.3142,-4.0333],[15.3158,-4.0333],[15.3142,-4.0367]]],[[[15.2975,-4.0192],[15.2958,-4.0233],[15.3008,-4.0233],[15.3017,-4.0208],[15.3033,-4.0233],[15.295,-4.0242],[15.2925,-4.0267],[15.2933,-4.0358],[15.2867,-4.0392],[15.2892,-4.035],[15.2875,-4.0267],[15.2917,-4.025],[15.2917,-4.0208],[15.2858,-4.025],[15.2808,-4.0242],[15.2767,-4.02],[15.2767,-4.0242],[15.2858,-4.0333],[15.2858,-4.0392],[15.2825,-4.0475],[15.2742,-4.0525],[15.2825,-4.0358],[15.275,-4.0258],[15.2742,-4.0192],[15.28,-4.0175],[15.2833,-4.02],[15.2975,-4.0192]]],[[[15.2533,-4.0517],[15.2533,-4.0558],[15.2483,-4.0525],[15.2417,-4.0533],[15.2275,-4.0675],[15.2217,-4.0667],[15.2192,-4.0642],[15.2192,-4.0583],[15.2258,-4.0517],[15.2308,-4.0517],[15.2358,-4.0467],[15.235,-4.0433],[15.2208,-4.0333],[15.2158,-4.0342],[15.2133,-4.0308],[15.2092,-4.0325],[15.2,-4.03],[15.1942,-4.025],[15.1908,-4.0267],[15.1908,-4.0325],[15.1892,-4.03],[15.1817,-4.03],[15.1867,-4.0392],[15.1875,-4.0525],[15.1842,-4.0558],[15.1817,-4.0542],[15.1783,-4.0383],[15.175,-4.0358],[15.1733,-4.0225],[15.1758,-4.0208],[15.1817,-4.0225],[15.1925,-4.0158],[15.1958,-3.9983],[15.195,-4.015],[15.1825,-4.0258],[15.1908,-4.0242],[15.1925,-4.02],[15.1958,-4.02],[15.205,-4.0267],[15.2208,-4.03],[15.2342,-4.0367],[15.24,-4.045],[15.2383,-4.0492],[15.2483,-4.0492],[15.2533,-4.0517]],[[15.2383,-4.0492],[15.2375,-4.05],[15.2383,-4.05],[15.2383,-4.0492]],[[15.1775,-4.0258],[15.1792,-4.025],[15.1775,-4.025],[15.1775,-4.0258]],[[15.2275,-4.0583],[15.2233,-4.0617],[15.2275,-4.0617],[15.2367,-4.055],[15.2367,-4.0525],[15.2342,-4.055],[15.2283,-4.055],[15.2275,-4.0583]]],[[[15.255,-3.9967],[15.255,-4.0042],[15.2492,-4.0117],[15.2533,-4.0008],[15.2525,-3.9967],[15.2458,-3.9925],[15.2508,-3.9908],[15.255,-3.9967]]],[[[15.2392,-3.9967],[15.235,-3.995],[15.2333,-3.9875],[15.2392,-3.9917],[15.2392,-3.9967]]],[[[15.2525,-3.9767],[15.255,-3.9817],[15.2592,-3.98],[15.255,-3.9792],[15.2592,-3.9758],[15.2667,-3.9842],[15.27,-3.9833],[15.2742,-3.9892],[15.2717,-3.9975],[15.2775,-4.0058],[15.28,-4.0058],[15.2775,-4.0017],[15.28,-4.0008],[15.2833,-4.0042],[15.2825,-4.0075],[15.2792,-4.0092],[15.2742,-4.0067],[15.2733,-4.0025],[15.265,-4.0042],[15.2633,-4.0067],[15.2633,-4.0042],[15.2683,-4.0025],[15.2683,-4.0],[15.2617,-3.995],[15.2583,-3.9975],[15.2592,-3.9917],[15.2567,-3.9875],[15.2592,-3.9867],[15.2475,-3.9808],[15.2508,-3.9733],[15.2558,-3.975],[15.2525,-3.9767]]],[[[15.16,-3.7417],[15.1642,-3.7467],[15.1575,-3.745],[15.155,-3.7392],[15.1608,-3.7358],[15.1542,-3.7358],[15.1517,-3.7275],[15.1467,-3.7258],[15.145,-3.7225],[15.14,-3.725],[15.1425,-3.72],[15.1458,-3.72],[15.1483,-3.7242],[15.1508,-3.7242],[15.15,-3.72],[15.1608,-3.72],[15.1617,-3.7258],[15.1533,-3.7225],[15.1575,-3.7317],[15.1608,-3.7292],[15.1692,-3.7292],[15.1758,-3.725],[15.1792,-3.725],[15.18,-3.7325],[15.1875,-3.7317],[15.1808,-3.7433],[15.1883,-3.7492],[15.1867,-3.7517],[15.1833,-3.7508],[15.1792,-3.7583],[15.1817,-3.7608],[15.1883,-3.76],[15.1892,-3.7867],[15.1933,-3.7858],[15.1958,-3.7908],[15.2,-3.7908],[15.2042,-3.8],[15.1992,-3.8017],[15.1975,-3.8067],[15.18,-3.8192],[15.1775,-3.8242],[15.1725,-3.8233],[15.1692,-3.8283],[15.1625,-3.83],[15.1542,-3.825],[15.135,-3.8258],[15.1308,-3.8308],[15.125,-3.8292],[15.1242,-3.835],[15.1125,-3.835],[15.1108,-3.8442],[15.1025,-3.8458],[15.0992,-3.85],[15.1033,-3.8525],[15.1033,-3.8483],[15.1067,-3.8483],[15.1108,-3.8575],[15.1117,-3.8517],[15.1158,-3.8533],[15.1175,-3.8492],[15.1217,-3.85],[15.1258,-3.855],[15.1242,-3.86],[15.1292,-3.8667],[15.1275,-3.8717],[15.1342,-3.8733],[15.1358,-3.87],[15.1325,-3.8667],[15.135,-3.8667],[15.1383,-3.8683],[15.1383,-3.8733],[15.1425,-3.875],[15.14,-3.8725],[15.1408,-3.8675],[15.1475,-3.8667],[15.1467,-3.8742],[15.1492,-3.875],[15.1467,-3.8808],[15.1483,-3.88],[15.1525,-3.885],[15.155,-3.8833],[15.155,-3.8925],[15.165,-3.8908],[15.1675,-3.8967],[15.17,-3.8967],[15.1742,-3.9025],[15.1792,-3.9],[15.175,-3.8942],[15.1708,-3.895],[15.1733,-3.8917],[15.1833,-3.8942],[15.1825,-3.8917],[15.1858,-3.8883],[15.1917,-3.8875],[15.195,-3.8908],[15.1958,-3.8858],[15.2,-3.8858],[15.1983,-3.8817],[15.2017,-3.8808],[15.2017,-3.8775],[15.2058,-3.8808],[15.2083,-3.8883],[15.2108,-3.8875],[15.2175,-3.8958],[15.2258,-3.8925],[15.2367,-3.8983],[15.2392,-3.9075],[15.2425,-3.9075],[15.2417,-3.9025],[15.2458,-3.9033],[15.2483,-3.9008],[15.2508,-3.9058],[15.2525,-3.905],[15.2508,-3.9075],[15.2508,-3.9108],[15.2533,-3.9092],[15.2525,-3.9192],[15.2567,-3.92],[15.2642,-3.9275],[15.2608,-3.9333],[15.2642,-3.9367],[15.2625,-3.9525],[15.2658,-3.9508],[15.2708,-3.9533],[15.2708,-3.9675],[15.2742,-3.9642],[15.28,-3.965],[15.28,-3.96],[15.2717,-3.9492],[15.275,-3.9425],[15.2717,-3.9392],[15.2758,-3.94],[15.2742,-3.9317],[15.28,-3.9308],[15.2783,-3.9275],[15.2742,-3.9292],[15.275,-3.9267],[15.2692,-3.9208],[15.275,-3.9133],[15.2767,-3.9133],[15.2742,-3.9167],[15.275,-3.92],[15.2775,-3.9217],[15.2808,-3.9192],[15.2808,-3.9217],[15.2842,-3.9225],[15.2842,-3.9267],[15.2875,-3.925],[15.2917,-3.93],[15.2917,-3.9317],[15.2867,-3.93],[15.285,-3.9325],[15.2842,-3.9442],[15.2875,-3.9492],[15.2908,-3.9492],[15.2917,-3.9533],[15.295,-3.9542],[15.2958,-3.9592],[15.3025,-3.9667],[15.2975,-3.9567],[15.2983,-3.9525],[15.29,-3.945],[15.2892,-3.9367],[15.2917,-3.9325],[15.2975,-3.935],[15.2975,-3.9417],[15.3017,-3.9433],[15.3033,-3.94],[15.3058,-3.9408],[15.3058,-3.9433],[15.31,-3.9458],[15.3092,-3.9492],[15.3158,-3.9517],[15.315,-3.9558],[15.3208,-3.9567],[15.3242,-3.9467],[15.3175,-3.9475],[15.3158,-3.9433],[15.3192,-3.9425],[15.3183,-3.9408],[15.3142,-3.9417],[15.3133,-3.9383],[15.3075,-3.9392],[15.3075,-3.9333],[15.3017,-3.9325],[15.3025,-3.9267],[15.305,-3.9283],[15.3033,-3.9325],[15.3117,-3.9333],[15.3117,-3.935],[15.3158,-3.9283],[15.315,-3.9333],[15.32,-3.9325],[15.32,-3.9358],[15.325,-3.94],[15.3283,-3.94],[15.3292,-3.93],[15.3333,-3.9325],[15.3367,-3.9308],[15.3308,-3.9192],[15.325,-3.9183],[15.315,-3.9092],[15.3033,-3.9083],[15.3125,-3.9033],[15.3208,-3.9075],[15.3158,-3.8992],[15.3208,-3.9],[15.3233,-3.8958],[15.325,-3.9],[15.3283,-3.8983],[15.3292,-3.905],[15.3333,-3.905],[15.3292,-3.9075],[15.3292,-3.91],[15.3325,-3.9083],[15.3367,-3.91],[15.3383,-3.9042],[15.3417,-3.9042],[15.3425,-3.9067],[15.3458,-3.9033],[15.355,-3.9042],[15.3517,-3.9008],[15.3442,-3.9025],[15.3475,-3.9],[15.3467,-3.895],[15.3442,-3.8925],[15.3408,-3.8933],[15.34,-3.8908],[15.3367,-3.8917],[15.3358,-3.8875],[15.3283,-3.8933],[15.3258,-3.8867],[15.33,-3.8842],[15.3242,-3.885],[15.3208,-3.8817],[15.32,-3.885],[15.3175,-3.885],[15.3158,-3.8817],[15.3108,-3.88],[15.3117,-3.8767],[15.3167,-3.8758],[15.3083,-3.8708],[15.3033,-3.875],[15.3033,-3.8725],[15.2967,-3.8742],[15.2983,-3.87],[15.29,-3.87],[15.285,-3.8708],[15.2867,-3.8758],[15.2817,-3.8775],[15.27,-3.8767],[15.2742,-3.8742],[15.27,-3.8708],[15.2667,-3.8717],[15.265,-3.8675],[15.2717,-3.8708],[15.2767,-3.8683],[15.2817,-3.8708],[15.2833,-3.8675],[15.29,-3.8683],[15.29,-3.865],[15.2933,-3.8683],[15.3,-3.8667],[15.2967,-3.8583],[15.3025,-3.8608],[15.3025,-3.8567],[15.2908,-3.8508],[15.2933,-3.8483],[15.2917,-3.8467],[15.2975,-3.8475],[15.2975,-3.8508],[15.3033,-3.8508],[15.305,-3.8642],[15.3133,-3.8625],[15.31,-3.8567],[15.3117,-3.8542],[15.3117,-3.8583],[15.3158,-3.86],[15.3167,-3.865],[15.3208,-3.8667],[15.3275,-3.8758],[15.3308,-3.8742],[15.335,-3.8792],[15.3375,-3.8792],[15.3367,-3.8725],[15.3317,-3.8667],[15.3358,-3.8667],[15.3367,-3.8633],[15.3375,-3.8692],[15.3383,-3.8633],[15.3408,-3.8633],[15.3392,-3.8692],[15.3408,-3.8725],[15.3417,-3.8658],[15.3458,-3.8625],[15.3475,-3.865],[15.345,-3.8675],[15.345,-3.8758],[15.3483,-3.8742],[15.35,-3.8758],[15.345,-3.8825],[15.3533,-3.8825],[15.3517,-3.89],[15.3542,-3.8917],[15.3558,-3.8883],[15.3583,-3.89],[15.3617,-3.8858],[15.3625,-3.8925],[15.36,-3.8967],[15.365,-3.9033],[15.3725,-3.8992],[15.3708,-3.8933],[15.3783,-3.895],[15.375,-3.8925],[15.3742,-3.89],[15.3775,-3.885],[15.3808,-3.8858],[15.3775,-3.8917],[15.3808,-3.8917],[15.3833,-3.895],[15.3825,-3.8975],[15.3792,-3.8958],[15.3775,-3.8967],[15.3842,-3.9],[15.3825,-3.9008],[15.3842,-3.9025],[15.3758,-3.9017],[15.37,-3.9083],[15.3708,-3.9117],[15.375,-3.9117],[15.3758,-3.92],[15.3708,-3.92],[15.3675,-3.9275],[15.3617,-3.9275],[15.3675,-3.9183],[15.3658,-3.9142],[15.36,-3.915],[15.3583,-3.9217],[15.3625,-3.92],[15.3608,-3.9242],[15.3567,-3.925],[15.355,-3.92],[15.3533,-3.9208],[15.3567,-3.9367],[15.3525,-3.9342],[15.35,-3.9433],[15.3467,-3.9458],[15.3592,-3.9433],[15.3608,-3.95],[15.3542,-3.9517],[15.35,-3.96],[15.3492,-3.9575],[15.3475,-3.9608],[15.3433,-3.9583],[15.3417,-3.9658],[15.3342,-3.9692],[15.3342,-3.9717],[15.34,-3.9758],[15.3475,-3.9717],[15.345,-3.9708],[15.345,-3.9667],[15.3508,-3.9608],[15.3625,-3.9592],[15.3658,-3.9633],[15.3675,-3.9583],[15.3733,-3.96],[15.3733,-3.9633],[15.3708,-3.9633],[15.3733,-3.9692],[15.3617,-3.9717],[15.3633,-3.9808],[15.3667,-3.9825],[15.3625,-3.9875],[15.365,-3.99],[15.3733,-3.9908],[15.3733,-3.9933],[15.3667,-3.9942],[15.3625,-3.9983],[15.3625,-3.9958],[15.3583,-3.995],[15.3525,-3.9892],[15.3483,-3.9908],[15.3475,-4.0008],[15.3525,-4.0067],[15.3517,-4.0092],[15.3475,-4.0092],[15.35,-4.0125],[15.3492,-4.0225],[15.3442,-4.0233],[15.345,-4.0317],[15.3342,-4.0292],[15.3367,-4.0333],[15.345,-4.0375],[15.345,-4.0433],[15.35,-4.03],[15.3533,-4.0292],[15.3583,-4.035],[15.3592,-4.0325],[15.3617,-4.0333],[15.3592,-4.0392],[15.3517,-4.035],[15.3533,-4.0383],[15.3517,-4.0433],[15.3558,-4.0442],[15.3575,-4.0475],[15.3583,-4.045],[15.36,-4.0458],[15.3633,-4.0567],[15.3617,-4.06],[15.3583,-4.0483],[15.36,-4.0617],[15.3575,-4.0642],[15.3483,-4.0625],[15.35,-4.0558],[15.3392,-4.0583],[15.3442,-4.0542],[15.3375,-4.0492],[15.335,-4.0383],[15.3283,-4.0342],[15.3275,-4.0292],[15.3192,-4.0267],[15.3217,-4.025],[15.3192,-4.02],[15.3233,-4.0183],[15.3242,-4.015],[15.3192,-4.0167],[15.3142,-4.0242],[15.3075,-4.0283],[15.305,-4.0383],[15.3025,-4.0317],[15.3117,-4.02],[15.3067,-4.0167],[15.3042,-4.01],[15.3025,-4.01],[15.3042,-4.02],[15.2967,-4.015],[15.2983,-4.0033],[15.2908,-4.0058],[15.29,-4.0008],[15.28,-3.9908],[15.28,-3.9842],[15.2833,-3.9825],[15.2833,-3.9867],[15.2908,-3.9925],[15.2917,-3.9958],[15.2975,-4.0],[15.3017,-4.0],[15.3017,-4.005],[15.3092,-4.0058],[15.31,-4.0108],[15.3125,-4.0108],[15.315,-4.0075],[15.3083,-4.0017],[15.3108,-3.995],[15.3183,-3.9933],[15.3133,-3.9883],[15.315,-3.9825],[15.3125,-3.9792],[15.3067,-3.98],[15.3117,-3.99],[15.3067,-3.9933],[15.2983,-3.9942],[15.2983,-3.985],[15.295,-3.985],[15.2942,-3.98],[15.2908,-3.98],[15.2883,-3.9842],[15.2858,-3.9833],[15.2858,-3.9808],[15.2883,-3.9817],[15.2917,-3.9767],[15.2808,-3.9775],[15.28,-3.9817],[15.2683,-3.98],[15.2683,-3.9783],[15.265,-3.9808],[15.2617,-3.9692],[15.2658,-3.9667],[15.265,-3.96],[15.2675,-3.9558],[15.2633,-3.9592],[15.2633,-3.9642],[15.2575,-3.9683],[15.2583,-3.97],[15.2608,-3.9683],[15.2608,-3.9708],[15.2542,-3.9725],[15.2533,-3.9567],[15.2525,-3.9542],[15.2508,-3.955],[15.2525,-3.9675],[15.2475,-3.9725],[15.2417,-3.9733],[15.245,-3.985],[15.2408,-3.9833],[15.2392,-3.9742],[15.2367,-3.9733],[15.2375,-3.9858],[15.2342,-3.9858],[15.2358,-3.9808],[15.2333,-3.9742],[15.23,-3.9725],[15.2325,-3.9775],[15.2308,-3.9817],[15.2292,-3.9758],[15.2242,-3.975],[15.2175,-3.9692],[15.2158,-3.9592],[15.2125,-3.9592],[15.2133,-3.9625],[15.2083,-3.9592],[15.2133,-3.9842],[15.21,-3.9825],[15.2108,-3.9767],[15.2075,-3.9758],[15.2075,-3.9733],[15.2042,-3.9733],[15.1958,-3.98],[15.2,-3.9725],[15.2075,-3.97],[15.2,-3.9575],[15.1983,-3.9583],[15.2008,-3.9525],[15.2058,-3.9517],[15.1983,-3.95],[15.1992,-3.9392],[15.1942,-3.9392],[15.1917,-3.9358],[15.195,-3.9425],[15.195,-3.9475],[15.1917,-3.9508],[15.1892,-3.95],[15.1858,-3.9417],[15.18,-3.9408],[15.1867,-3.945],[15.1867,-3.9492],[15.1817,-3.9508],[15.1817,-3.9533],[15.1883,-3.9525],[15.1883,-3.955],[15.1833,-3.9583],[15.18,-3.9575],[15.1758,-3.9492],[15.1708,-3.9525],[15.1692,-3.9508],[15.1642,-3.9525],[15.1617,-3.9492],[15.1625,-3.945],[15.1717,-3.9408],[15.165,-3.9383],[15.1658,-3.9217],[15.1592,-3.9208],[15.1558,-3.925],[15.1625,-3.9308],[15.16,-3.9392],[15.15,-3.9392],[15.1467,-3.935],[15.1483,-3.9317],[15.1425,-3.9233],[15.1508,-3.9183],[15.1508,-3.9142],[15.1542,-3.9108],[15.1508,-3.91],[15.145,-3.8992],[15.1375,-3.8975],[15.1317,-3.8892],[15.1317,-3.8925],[15.135,-3.895],[15.1333,-3.8992],[15.1433,-3.9067],[15.1475,-3.9175],[15.1383,-3.9233],[15.1317,-3.9217],[15.1292,-3.9183],[15.1242,-3.9192],[15.1167,-3.9275],[15.1342,-3.9283],[15.14,-3.9358],[15.1325,-3.9308],[15.1283,-3.9317],[15.1275,-3.9342],[15.135,-3.9375],[15.1442,-3.9367],[15.1492,-3.9425],[15.145,-3.9433],[15.1417,-3.9375],[15.1375,-3.9417],[15.1392,-3.9458],[15.1367,-3.9442],[15.1317,-3.9458],[15.1392,-3.9483],[15.1333,-3.9492],[15.1333,-3.9533],[15.1275,-3.9533],[15.1308,-3.9592],[15.1367,-3.9583],[15.1417,-3.97],[15.1475,-3.9717],[15.1442,-3.9742],[15.1375,-3.9717],[15.1342,-3.9642],[15.1242,-3.9575],[15.1183,-3.945],[15.1142,-3.9475],[15.1058,-3.9458],[15.1058,-3.9483],[15.1017,-3.95],[15.1008,-3.9433],[15.1033,-3.9408],[15.1067,-3.9417],[15.1058,-3.9392],[15.0967,-3.9392],[15.0958,-3.9342],[15.0925,-3.9333],[15.0917,-3.9358],[15.0875,-3.9342],[15.0908,-3.9367],[15.0883,-3.9383],[15.0775,-3.9275],[15.08,-3.9233],[15.0758,-3.9208],[15.0775,-3.9183],[15.075,-3.9142],[15.0833,-3.9167],[15.0867,-3.91],[15.0875,-3.9217],[15.09,-3.9225],[15.0892,-3.9192],[15.0933,-3.9142],[15.0967,-3.9225],[15.1008,-3.9208],[15.1042,-3.9233],[15.1017,-3.9158],[15.1133,-3.915],[15.1175,-3.9183],[15.1208,-3.9117],[15.1192,-3.9083],[15.1167,-3.9125],[15.105,-3.9083],[15.0992,-3.9083],[15.0992,-3.91],[15.0933,-3.9083],[15.0908,-3.9042],[15.085,-3.9033],[15.0875,-3.9017],[15.085,-3.9],[15.0858,-3.8925],[15.0783,-3.885],[15.0733,-3.8892],[15.0725,-3.8975],[15.07,-3.8992],[15.0708,-3.9042],[15.0683,-3.9058],[15.0692,-3.9108],[15.0625,-3.9125],[15.0633,-3.9092],[15.0667,-3.9092],[15.0642,-3.9058],[15.0675,-3.9033],[15.0675,-3.9017],[15.0658,-3.9033],[15.06,-3.9017],[15.0642,-3.9017],[15.0633,-3.8933],[15.0683,-3.8925],[15.065,-3.885],[15.0675,-3.8833],[15.0708,-3.8867],[15.0725,-3.8833],[15.0767,-3.8833],[15.0767,-3.8808],[15.0725,-3.8792],[15.0725,-3.8758],[15.0758,-3.875],[15.0792,-3.8833],[15.0817,-3.8833],[15.0808,-3.8792],[15.0825,-3.8792],[15.0825,-3.885],[15.085,-3.8867],[15.085,-3.8767],[15.08,-3.8758],[15.0825,-3.875],[15.0825,-3.8675],[15.0842,-3.8708],[15.09,-3.87],[15.0867,-3.8675],[15.09,-3.8575],[15.095,-3.86],[15.0975,-3.8692],[15.1017,-3.8717],[15.1017,-3.8667],[15.0983,-3.8633],[15.1008,-3.8625],[15.0983,-3.8583],[15.0992,-3.8525],[15.0975,-3.85],[15.0925,-3.85],[15.0892,-3.8433],[15.0992,-3.8467],[15.1,-3.8417],[15.1083,-3.8425],[15.1058,-3.8358],[15.1158,-3.8292],[15.12,-3.8317],[15.1183,-3.8275],[15.1217,-3.8233],[15.1283,-3.8258],[15.1283,-3.8225],[15.1467,-3.8175],[15.1575,-3.8192],[15.155,-3.8158],[15.1483,-3.8142],[15.1483,-3.8108],[15.1517,-3.8092],[15.1575,-3.8083],[15.1567,-3.8117],[15.15,-3.8117],[15.15,-3.8133],[15.1592,-3.815],[15.1608,-3.8208],[15.165,-3.8208],[15.1667,-3.8242],[15.1725,-3.815],[15.1783,-3.8142],[15.1925,-3.8042],[15.195,-3.7967],[15.1875,-3.7958],[15.1825,-3.8033],[15.1758,-3.805],[15.18,-3.7958],[15.1767,-3.79],[15.1833,-3.7883],[15.1817,-3.7667],[15.1767,-3.7617],[15.175,-3.7667],[15.1792,-3.7717],[15.175,-3.7767],[15.1758,-3.7842],[15.17,-3.7892],[15.17,-3.7858],[15.1733,-3.7842],[15.1717,-3.78],[15.1733,-3.7708],[15.1675,-3.77],[15.1667,-3.7792],[15.1692,-3.7825],[15.16,-3.7858],[15.1658,-3.7917],[15.1608,-3.8017],[15.1392,-3.8075],[15.1275,-3.8025],[15.1275,-3.7992],[15.1183,-3.8017],[15.1108,-3.7967],[15.0925,-3.7975],[15.0933,-3.79],[15.1025,-3.78],[15.1042,-3.78],[15.1042,-3.7858],[15.0975,-3.7933],[15.1167,-3.7883],[15.1358,-3.7983],[15.1525,-3.7967],[15.1575,-3.7908],[15.1558,-3.7883],[15.1575,-3.78],[15.1608,-3.78],[15.1642,-3.77],[15.17,-3.7633],[15.1692,-3.7575],[15.1642,-3.7533],[15.1667,-3.7508],[15.1742,-3.7525],[15.1733,-3.7492],[15.1675,-3.7475],[15.1708,-3.7417],[15.1667,-3.7417],[15.1658,-3.7392],[15.1642,-3.7417],[15.16,-3.7417]],[[15.1725,-3.7283],[15.17,-3.7342],[15.165,-3.735],[15.1742,-3.7408],[15.1742,-3.7458],[15.1767,-3.7467],[15.175,-3.7408],[15.18,-3.7375],[15.175,-3.7367],[15.1733,-3.7342],[15.1758,-3.73],[15.1708,-3.7325],[15.1725,-3.7283]],[[15.1767,-3.7467],[15.1775,-3.7508],[15.1792,-3.7517],[15.18,-3.7475],[15.1767,-3.7467]],[[15.1342,-3.8733],[15.1358,-3.8758],[15.135,-3.8733],[15.1342,-3.8733]],[[15.1358,-3.8758],[15.1367,-3.8767],[15.1367,-3.8758],[15.1358,-3.8758]],[[15.1367,-3.8767],[15.1358,-3.8808],[15.1408,-3.8833],[15.1392,-3.8767],[15.1367,-3.8767]],[[15.1425,-3.8733],[15.1433,-3.8725],[15.1425,-3.8725],[15.1425,-3.8733]],[[15.1833,-3.8942],[15.1842,-3.895],[15.1842,-3.8942],[15.1833,-3.8942]],[[15.1842,-3.895],[15.1858,-3.8958],[15.1858,-3.895],[15.1842,-3.895]],[[15.28,-3.9325],[15.28,-3.9342],[15.2808,-3.9358],[15.28,-3.9325]],[[15.2767,-3.9242],[15.2825,-3.93],[15.2808,-3.9233],[15.2767,-3.9242]],[[15.2825,-3.93],[15.2833,-3.9325],[15.2833,-3.93],[15.2825,-3.93]],[[15.3783,-3.8942],[15.3792,-3.8933],[15.3783,-3.8933],[15.3783,-3.8942]],[[15.3767,-3.8933],[15.3775,-3.8925],[15.3767,-3.8925],[15.3767,-3.8933]],[[15.3517,-4.0458],[15.3492,-4.0442],[15.3492,-4.0467],[15.3517,-4.0458]],[[15.2417,-3.9733],[15.2217,-3.9408],[15.2125,-3.9433],[15.2133,-3.9467],[15.2258,-3.9525],[15.2258,-3.955],[15.2217,-3.9567],[15.2225,-3.9592],[15.2308,-3.9592],[15.2392,-3.9717],[15.2417,-3.9733]],[[15.0917,-3.9333],[15.0908,-3.9325],[15.0908,-3.9333],[15.0917,-3.9333]],[[15.0892,-3.9325],[15.09,-3.9308],[15.0883,-3.9292],[15.0892,-3.9325]],[[15.0883,-3.9267],[15.0833,-3.9242],[15.08,-3.9275],[15.0858,-3.9325],[15.0858,-3.9275],[15.0883,-3.9292],[15.0883,-3.9267]],[[15.0875,-3.9342],[15.0867,-3.9333],[15.0867,-3.9342],[15.0875,-3.9342]],[[15.085,-3.8875],[15.0892,-3.8917],[15.0883,-3.8942],[15.1033,-3.8933],[15.1,-3.8892],[15.0967,-3.8892],[15.0967,-3.8925],[15.0942,-3.8925],[15.0892,-3.8858],[15.085,-3.8875]],[[15.0967,-3.8858],[15.1008,-3.8842],[15.0933,-3.8833],[15.09,-3.8808],[15.0908,-3.8783],[15.0858,-3.8775],[15.0875,-3.8842],[15.0908,-3.8833],[15.0958,-3.8892],[15.0967,-3.8858]],[[15.1283,-3.8258],[15.1292,-3.8267],[15.1292,-3.8258],[15.1283,-3.8258]],[[15.1783,-3.8],[15.1808,-3.8008],[15.1808,-3.7983],[15.1783,-3.8]],[[15.18,-3.7958],[15.1808,-3.7975],[15.1808,-3.7958],[15.18,-3.7958]],[[15.1658,-3.7392],[15.165,-3.7383],[15.165,-3.7392],[15.1658,-3.7392]],[[15.1742,-3.7592],[15.175,-3.76],[15.175,-3.7592],[15.1742,-3.7592]],[[15.1117,-3.7925],[15.1217,-3.8],[15.1225,-3.795],[15.1117,-3.7925]],[[15.1575,-3.7983],[15.1617,-3.795],[15.1592,-3.7942],[15.1575,-3.7983]],[[15.095,-3.87],[15.0958,-3.8683],[15.0908,-3.86],[15.0908,-3.8667],[15.095,-3.87]],[[15.1092,-3.8642],[15.1125,-3.8733],[15.1183,-3.8742],[15.1175,-3.8792],[15.12,-3.8833],[15.1175,-3.8867],[15.1142,-3.8858],[15.1133,-3.8817],[15.1083,-3.8842],[15.1217,-3.8917],[15.1175,-3.8917],[15.1167,-3.8958],[15.1242,-3.8933],[15.1275,-3.8975],[15.13,-3.8975],[15.1217,-3.8875],[15.125,-3.88],[15.12,-3.8733],[15.1225,-3.8658],[15.1208,-3.8633],[15.1092,-3.8642]],[[15.3142,-3.8667],[15.3125,-3.8692],[15.3183,-3.8725],[15.3183,-3.87],[15.3142,-3.8667]],[[15.3183,-3.8725],[15.3192,-3.8733],[15.3192,-3.8725],[15.3183,-3.8725]],[[15.3008,-3.8692],[15.305,-3.8692],[15.305,-3.8675],[15.3017,-3.8675],[15.3008,-3.8692]],[[15.2817,-3.8742],[15.2758,-3.8708],[15.2758,-3.8742],[15.2817,-3.8742]],[[15.32,-3.8733],[15.3208,-3.8742],[15.3208,-3.8733],[15.32,-3.8733]],[[15.3225,-3.875],[15.3217,-3.8775],[15.3233,-3.8775],[15.3225,-3.875]],[[15.1425,-3.8775],[15.1442,-3.8792],[15.1442,-3.8767],[15.1425,-3.8775]],[[15.1333,-3.8783],[15.135,-3.8792],[15.135,-3.8783],[15.1333,-3.8783]],[[15.3275,-3.8808],[15.3258,-3.8783],[15.3242,-3.8783],[15.3275,-3.8808]],[[15.1067,-3.8792],[15.1075,-3.88],[15.1075,-3.8792],[15.1067,-3.8792]],[[15.3283,-3.8792],[15.33,-3.8808],[15.33,-3.8792],[15.3283,-3.8792]],[[15.3417,-3.8842],[15.3408,-3.8825],[15.3408,-3.8842],[15.3417,-3.8842]],[[15.3425,-3.8842],[15.3392,-3.885],[15.3467,-3.89],[15.3458,-3.8858],[15.3425,-3.8842]],[[15.3375,-3.885],[15.3383,-3.8833],[15.3367,-3.8833],[15.3375,-3.885]],[[15.1475,-3.8925],[15.1442,-3.885],[15.1425,-3.885],[15.1442,-3.8917],[15.1475,-3.8925]],[[15.15,-3.8875],[15.1508,-3.8883],[15.1508,-3.8875],[15.15,-3.8875]],[[15.3608,-3.8883],[15.3617,-3.8892],[15.3617,-3.8883],[15.3608,-3.8883]],[[15.11,-3.8933],[15.1058,-3.89],[15.1042,-3.8933],[15.11,-3.8933]],[[15.205,-3.8908],[15.2058,-3.8925],[15.2058,-3.8908],[15.205,-3.8908]],[[15.1292,-3.8925],[15.1308,-3.8942],[15.1308,-3.8925],[15.1292,-3.8925]],[[15.1625,-3.8942],[15.1633,-3.895],[15.1633,-3.8942],[15.1625,-3.8942]],[[15.16,-3.9],[15.1633,-3.9],[15.1633,-3.8958],[15.16,-3.8975],[15.16,-3.9]],[[15.1008,-3.9033],[15.1067,-3.9017],[15.1142,-3.9083],[15.1108,-3.9],[15.1033,-3.8983],[15.1042,-3.8967],[15.0975,-3.8967],[15.1008,-3.9033]],[[15.1942,-3.8983],[15.1917,-3.8967],[15.1917,-3.8992],[15.1942,-3.8983]],[[15.1942,-3.8975],[15.1958,-3.8967],[15.1942,-3.8967],[15.1942,-3.8975]],[[15.21,-3.9025],[15.2125,-3.8983],[15.2117,-3.8967],[15.2067,-3.9],[15.21,-3.9025]],[[15.1208,-3.9],[15.1225,-3.8983],[15.1208,-3.8983],[15.1208,-3.9]],[[15.2058,-3.9008],[15.2017,-3.8983],[15.2008,-3.9],[15.2058,-3.9008]],[[15.225,-3.8992],[15.2225,-3.9008],[15.2258,-3.9017],[15.225,-3.8992]],[[15.1567,-3.9025],[15.1558,-3.9017],[15.1558,-3.9025],[15.1567,-3.9025]],[[15.1575,-3.9025],[15.1608,-3.9092],[15.1642,-3.9067],[15.1625,-3.9042],[15.1575,-3.9025]],[[15.1617,-3.91],[15.1592,-3.915],[15.1675,-3.9158],[15.1767,-3.9133],[15.1783,-3.9158],[15.1792,-3.9133],[15.1783,-3.9108],[15.1683,-3.9108],[15.1683,-3.9083],[15.1617,-3.91]],[[15.1592,-3.915],[15.1583,-3.9158],[15.1592,-3.9158],[15.1592,-3.915]],[[15.1733,-3.915],[15.1717,-3.9158],[15.1733,-3.9158],[15.1733,-3.915]],[[15.1667,-3.9025],[15.1658,-3.9017],[15.1658,-3.9025],[15.1667,-3.9025]],[[15.1667,-3.9025],[15.1692,-3.9042],[15.1692,-3.9033],[15.1667,-3.9025]],[[15.185,-3.9017],[15.1858,-3.9025],[15.1858,-3.9017],[15.185,-3.9017]],[[15.2267,-3.9133],[15.2292,-3.9192],[15.2333,-3.9183],[15.2458,-3.925],[15.2458,-3.9308],[15.2492,-3.9358],[15.2467,-3.9392],[15.25,-3.94],[15.2525,-3.9533],[15.2542,-3.9383],[15.2508,-3.9342],[15.2525,-3.9308],[15.2492,-3.9292],[15.25,-3.9267],[15.2442,-3.92],[15.2442,-3.9158],[15.2367,-3.9175],[15.2308,-3.915],[15.2308,-3.9017],[15.2267,-3.9017],[15.2283,-3.91],[15.2208,-3.9108],[15.2208,-3.9133],[15.2267,-3.9133]],[[15.2175,-3.9142],[15.2192,-3.915],[15.22,-3.9183],[15.2217,-3.9142],[15.2175,-3.9142]],[[15.2192,-3.9183],[15.2175,-3.92],[15.2192,-3.9208],[15.2192,-3.9183]],[[15.3217,-3.9033],[15.3225,-3.9017],[15.3217,-3.9017],[15.3217,-3.9033]],[[15.0975,-3.9042],[15.095,-3.9042],[15.0933,-3.9058],[15.0975,-3.9067],[15.0975,-3.9042]],[[15.135,-3.9042],[15.1325,-3.9067],[15.1342,-3.9067],[15.135,-3.9042]],[[15.1967,-3.9117],[15.1942,-3.9167],[15.1908,-3.9175],[15.1917,-3.9217],[15.1958,-3.925],[15.1958,-3.93],[15.2025,-3.93],[15.205,-3.9325],[15.2142,-3.93],[15.2158,-3.9333],[15.2267,-3.9375],[15.2267,-3.9408],[15.235,-3.945],[15.2375,-3.95],[15.2392,-3.9458],[15.2342,-3.9425],[15.2333,-3.9375],[15.2292,-3.9358],[15.2292,-3.93],[15.2242,-3.9283],[15.2175,-3.9308],[15.2133,-3.925],[15.2083,-3.925],[15.2033,-3.915],[15.21,-3.9192],[15.2117,-3.9183],[15.21,-3.9125],[15.195,-3.9042],[15.1967,-3.9117]],[[15.2117,-3.9075],[15.2167,-3.9092],[15.2158,-3.905],[15.2133,-3.9042],[15.2117,-3.9075]],[[15.3142,-3.9058],[15.315,-3.9067],[15.315,-3.9058],[15.3142,-3.9058]],[[15.3642,-3.9092],[15.3625,-3.9067],[15.3617,-3.91],[15.3642,-3.9092]],[[15.18,-3.91],[15.1892,-3.9133],[15.1867,-3.9075],[15.18,-3.91]],[[15.3425,-3.9133],[15.3392,-3.9083],[15.34,-3.915],[15.3425,-3.9133]],[[15.3375,-3.9867],[15.3283,-3.9775],[15.325,-3.9675],[15.3292,-3.9617],[15.335,-3.9592],[15.3383,-3.95],[15.3417,-3.9492],[15.3408,-3.94],[15.3475,-3.9308],[15.3467,-3.92],[15.3517,-3.9125],[15.3558,-3.9125],[15.3575,-3.9092],[15.3483,-3.9108],[15.3458,-3.9175],[15.3417,-3.92],[15.3433,-3.9333],[15.3375,-3.9408],[15.3392,-3.9458],[15.33,-3.9533],[15.3267,-3.9642],[15.3192,-3.9667],[15.3192,-3.9708],[15.3242,-3.9725],[15.3292,-3.9825],[15.3275,-3.9867],[15.3308,-3.9842],[15.3317,-3.9858],[15.3283,-3.9908],[15.3292,-4.0025],[15.325,-4.0008],[15.3208,-4.0025],[15.3183,-4.0],[15.3167,-4.0017],[15.3233,-4.0058],[15.3225,-4.0117],[15.3267,-4.0083],[15.3258,-4.0142],[15.3325,-4.0133],[15.3383,-4.0208],[15.3442,-4.0175],[15.3442,-4.0142],[15.3417,-4.0117],[15.3358,-4.0133],[15.34,-4.0092],[15.34,-4.005],[15.3367,-3.9992],[15.3333,-4.0],[15.3333,-3.9983],[15.3358,-3.9967],[15.335,-3.9917],[15.3392,-3.9967],[15.3425,-3.995],[15.34,-3.9875],[15.3433,-3.985],[15.3375,-3.9867]],[[15.3475,-3.985],[15.3492,-3.9825],[15.3575,-3.9833],[15.355,-3.9808],[15.3575,-3.9767],[15.3575,-3.9675],[15.3542,-3.9675],[15.3533,-3.965],[15.3525,-3.9692],[15.3558,-3.9733],[15.3433,-3.9842],[15.3475,-3.985]],[[15.3575,-3.9675],[15.3583,-3.9667],[15.3575,-3.9667],[15.3575,-3.9675]],[[15.3583,-3.9667],[15.3617,-3.9658],[15.3583,-3.9658],[15.3583,-3.9667]],[[15.325,-3.91],[15.3267,-3.9117],[15.3267,-3.91],[15.325,-3.91]],[[15.1275,-3.9108],[15.1283,-3.9117],[15.1283,-3.9108],[15.1275,-3.9108]],[[15.1908,-3.9133],[15.1917,-3.9142],[15.1917,-3.9133],[15.1908,-3.9133]],[[15.245,-3.9133],[15.2458,-3.9142],[15.2458,-3.9133],[15.245,-3.9133]],[[15.3317,-3.9133],[15.3325,-3.9142],[15.3325,-3.9133],[15.3317,-3.9133]],[[15.1758,-3.9192],[15.1733,-3.9167],[15.1733,-3.9192],[15.1758,-3.9192]],[[15.1092,-3.9175],[15.11,-3.9192],[15.11,-3.9175],[15.1092,-3.9175]],[[15.1825,-3.9192],[15.1808,-3.9183],[15.1808,-3.9192],[15.1825,-3.9192]],[[15.1825,-3.9192],[15.1833,-3.92],[15.1833,-3.9192],[15.1825,-3.9192]],[[15.0817,-3.9225],[15.0833,-3.9208],[15.0817,-3.9208],[15.0817,-3.9225]],[[15.1858,-3.9308],[15.1767,-3.93],[15.1742,-3.9317],[15.1833,-3.9333],[15.1858,-3.9392],[15.1892,-3.94],[15.1883,-3.9333],[15.1917,-3.9258],[15.1883,-3.9258],[15.1867,-3.9208],[15.1842,-3.9208],[15.1858,-3.9308]],[[15.1725,-3.9258],[15.1758,-3.9258],[15.1775,-3.9225],[15.1725,-3.9242],[15.1708,-3.9217],[15.1717,-3.9308],[15.1725,-3.9258]],[[15.1525,-3.9242],[15.1533,-3.925],[15.1533,-3.9242],[15.1525,-3.9242]],[[15.1825,-3.925],[15.18,-3.9267],[15.1825,-3.9267],[15.1825,-3.925]],[[15.2283,-3.9275],[15.2333,-3.9283],[15.2333,-3.9267],[15.2283,-3.9275]],[[15.285,-3.93],[15.2867,-3.9292],[15.2858,-3.9275],[15.285,-3.9275],[15.285,-3.93]],[[15.1033,-3.9367],[15.1175,-3.9375],[15.1075,-3.9308],[15.1033,-3.9325],[15.1033,-3.9367]],[[15.1158,-3.9317],[15.1167,-3.9325],[15.1167,-3.9317],[15.1158,-3.9317]],[[15.2908,-3.9417],[15.2942,-3.9408],[15.2942,-3.935],[15.2908,-3.9358],[15.2908,-3.9417]],[[15.1242,-3.9425],[15.1317,-3.94],[15.1267,-3.9392],[15.1258,-3.9367],[15.1183,-3.9367],[15.1233,-3.9383],[15.1242,-3.9425]],[[15.1758,-3.9367],[15.1767,-3.9375],[15.1767,-3.9367],[15.1758,-3.9367]],[[15.2,-3.9367],[15.2008,-3.9383],[15.2008,-3.9367],[15.2,-3.9367]],[[15.2808,-3.9367],[15.2817,-3.9383],[15.2817,-3.9367],[15.2808,-3.9367]],[[15.335,-3.9383],[15.3342,-3.94],[15.3358,-3.94],[15.335,-3.9383]],[[15.1158,-3.9392],[15.1142,-3.94],[15.1142,-3.9417],[15.1158,-3.9392]],[[15.2083,-3.9408],[15.2083,-3.9458],[15.2092,-3.9458],[15.2083,-3.9408]],[[15.1083,-3.9417],[15.11,-3.9433],[15.11,-3.9417],[15.1083,-3.9417]],[[15.2933,-3.9425],[15.295,-3.9442],[15.295,-3.9425],[15.2933,-3.9425]],[[15.1683,-3.9475],[15.1725,-3.945],[15.1733,-3.9433],[15.1683,-3.9475]],[[15.1225,-3.945],[15.1233,-3.9458],[15.1233,-3.945],[15.1225,-3.945]],[[15.275,-3.945],[15.2758,-3.9458],[15.2758,-3.945],[15.275,-3.945]],[[15.2975,-3.9458],[15.2967,-3.945],[15.2967,-3.9458],[15.2975,-3.9458]],[[15.2975,-3.9458],[15.2983,-3.9467],[15.2983,-3.9458],[15.2975,-3.9458]],[[15.18,-3.9458],[15.1808,-3.9467],[15.1808,-3.9458],[15.18,-3.9458]],[[15.3008,-3.9483],[15.3058,-3.955],[15.3042,-3.9583],[15.3117,-3.9617],[15.3042,-3.9508],[15.3042,-3.9467],[15.3008,-3.9483]],[[15.1267,-3.9483],[15.1275,-3.95],[15.1275,-3.9483],[15.1267,-3.9483]],[[15.28,-3.9492],[15.2817,-3.9517],[15.2817,-3.9492],[15.28,-3.9492]],[[15.1233,-3.95],[15.125,-3.9508],[15.125,-3.95],[15.1233,-3.95]],[[15.2392,-3.9517],[15.2383,-3.9542],[15.24,-3.9542],[15.2392,-3.9517]],[[15.3458,-3.9517],[15.3475,-3.9525],[15.3475,-3.9517],[15.3458,-3.9517]],[[15.2475,-3.9525],[15.2458,-3.9533],[15.2458,-3.955],[15.2475,-3.9525]],[[15.2842,-3.9575],[15.2867,-3.9592],[15.2842,-3.9542],[15.2842,-3.9575]],[[15.2867,-3.9592],[15.2892,-3.9625],[15.2875,-3.9592],[15.2867,-3.9592]],[[15.2008,-3.9558],[15.2025,-3.9567],[15.2025,-3.955],[15.2008,-3.9558]],[[15.2608,-3.9558],[15.2617,-3.9592],[15.2617,-3.9558],[15.2608,-3.9558]],[[15.2317,-3.9633],[15.23,-3.9625],[15.23,-3.9633],[15.2317,-3.9633]],[[15.2317,-3.9633],[15.2333,-3.9692],[15.235,-3.9692],[15.2342,-3.965],[15.2317,-3.9633]],[[15.2408,-3.9633],[15.2425,-3.965],[15.2425,-3.9633],[15.2408,-3.9633]],[[15.2942,-3.9758],[15.2983,-3.9783],[15.3008,-3.975],[15.3133,-3.9717],[15.3008,-3.9733],[15.295,-3.9708],[15.2933,-3.9658],[15.29,-3.9642],[15.2942,-3.9758]],[[15.2233,-3.9667],[15.2242,-3.965],[15.2225,-3.965],[15.2233,-3.9667]],[[15.225,-3.9667],[15.2267,-3.9692],[15.2258,-3.9667],[15.225,-3.9667]],[[15.245,-3.965],[15.2467,-3.9667],[15.2467,-3.965],[15.245,-3.965]],[[15.3625,-3.9667],[15.3633,-3.9675],[15.3633,-3.9667],[15.3625,-3.9667]],[[15.2825,-3.9717],[15.2808,-3.9692],[15.2808,-3.9717],[15.2825,-3.9717]],[[15.2825,-3.9717],[15.2842,-3.9725],[15.2842,-3.9717],[15.2825,-3.9717]],[[15.275,-3.9717],[15.2775,-3.97],[15.275,-3.97],[15.275,-3.9717]],[[15.2875,-3.9725],[15.2892,-3.9733],[15.2892,-3.9725],[15.2875,-3.9725]],[[15.3217,-3.9733],[15.3158,-3.98],[15.3217,-3.9758],[15.3217,-3.9733]],[[15.2775,-3.9742],[15.28,-3.9775],[15.28,-3.9742],[15.2775,-3.9742]],[[15.3183,-3.98],[15.3192,-3.9808],[15.3192,-3.98],[15.3183,-3.98]],[[15.325,-3.9833],[15.3225,-3.9808],[15.3225,-3.9833],[15.325,-3.9833]],[[15.3417,-3.9817],[15.3425,-3.9833],[15.3425,-3.9817],[15.3417,-3.9817]],[[15.3233,-3.985],[15.3208,-3.9842],[15.3192,-3.9875],[15.3225,-3.9875],[15.3233,-3.985]],[[15.2958,-4.0017],[15.2967,-4.0025],[15.2967,-4.0017],[15.2958,-4.0017]],[[15.3017,-4.01],[15.2983,-4.0075],[15.2992,-4.0117],[15.3017,-4.01]],[[15.3242,-4.0225],[15.3267,-4.0242],[15.3292,-4.0158],[15.3275,-4.0158],[15.3242,-4.0225]],[[15.3317,-4.0192],[15.3325,-4.0208],[15.3325,-4.0192],[15.3317,-4.0192]],[[15.3508,-4.0392],[15.3483,-4.0375],[15.3508,-4.0408],[15.3508,-4.0392]],[[15.3483,-4.0483],[15.3467,-4.0492],[15.3467,-4.0508],[15.3483,-4.0483]],[[15.3517,-4.0617],[15.3575,-4.0608],[15.355,-4.0517],[15.3533,-4.0517],[15.3542,-4.0575],[15.3517,-4.0617]]],[[[15.445,-4.9808],[15.455,-4.9833],[15.4575,-4.9867],[15.45,-4.99],[15.445,-4.985],[15.445,-4.9808]],[[15.4458,-4.9825],[15.4467,-4.9842],[15.4483,-4.9842],[15.4458,-4.9825]],[[15.4542,-4.985],[15.4517,-4.9867],[15.4517,-4.9883],[15.455,-4.9875],[15.4542,-4.985]]],[[[15.3642,-4.98],[15.3575,-4.9783],[15.3592,-4.9833],[15.3558,-4.9842],[15.355,-4.99],[15.3533,-4.9883],[15.3508,-4.99],[15.3475,-4.9833],[15.3483,-4.9783],[15.3592,-4.9767],[15.3608,-4.9733],[15.3625,-4.9733],[15.3608,-4.9775],[15.3633,-4.9783],[15.365,-4.9717],[15.3667,-4.9758],[15.3642,-4.98]],[[15.3508,-4.9858],[15.3558,-4.9817],[15.355,-4.98],[15.3508,-4.9817],[15.3508,-4.9858]]],[[[15.4292,-4.97],[15.4242,-4.975],[15.42,-4.9725],[15.415,-4.9758],[15.4133,-4.9733],[15.4133,-4.9708],[15.4167,-4.9725],[15.4183,-4.9683],[15.4242,-4.9675],[15.4275,-4.97],[15.4292,-4.9667],[15.4292,-4.97]],[[15.4217,-4.9692],[15.4242,-4.9717],[15.4242,-4.9692],[15.4217,-4.9692]]],[[[15.3975,-4.9792],[15.3933,-4.9808],[15.3992,-4.9617],[15.4,-4.9692],[15.3975,-4.9792]]],[[[15.4533,-4.9633],[15.4608,-4.9642],[15.4625,-4.9608],[15.4633,-4.9642],[15.4617,-4.9667],[15.4583,-4.965],[15.4533,-4.9667],[15.4517,-4.96],[15.4533,-4.9633]]],[[[15.4333,-4.9508],[15.4308,-4.9517],[15.4308,-4.9492],[15.4267,-4.9475],[15.4225,-4.9517],[15.4225,-4.9542],[15.4292,-4.9533],[15.4308,-4.9567],[15.4292,-4.9642],[15.4242,-4.9633],[15.4283,-4.9625],[15.4267,-4.9567],[15.4208,-4.9567],[15.4233,-4.9633],[15.4175,-4.9592],[15.42,-4.9642],[15.4142,-4.9658],[15.4167,-4.9625],[15.4133,-4.9608],[15.4133,-4.9575],[15.4183,-4.9558],[15.4217,-4.9475],[15.4292,-4.945],[15.4333,-4.9508]]],[[[15.4467,-4.9558],[15.4375,-4.9558],[15.435,-4.9592],[15.4367,-4.9525],[15.4458,-4.9517],[15.4467,-4.9558]]],[[[15.4642,-4.94],[15.4692,-4.9508],[15.475,-4.95],[15.4758,-4.9525],[15.4683,-4.9533],[15.4667,-4.9458],[15.4625,-4.9408],[15.4642,-4.94]]],[[[15.4183,-4.9408],[15.4092,-4.9392],[15.4075,-4.9492],[15.3983,-4.9475],[15.4042,-4.9525],[15.41,-4.9525],[15.4108,-4.9567],[15.4083,-4.9575],[15.4075,-4.9542],[15.395,-4.95],[15.3942,-4.9425],[15.4058,-4.9475],[15.4083,-4.9367],[15.4175,-4.9392],[15.4158,-4.9358],[15.4183,-4.9358],[15.42,-4.9383],[15.4183,-4.9408]]],[[[15.4625,-4.9317],[15.4633,-4.9392],[15.4608,-4.9417],[15.4592,-4.9342],[15.4567,-4.9333],[15.4558,-4.9383],[15.4592,-4.9425],[15.4542,-4.9408],[15.4575,-4.9442],[15.4542,-4.945],[15.4558,-4.9492],[15.4517,-4.9467],[15.4558,-4.9533],[15.45,-4.9508],[15.4483,-4.9483],[15.4525,-4.945],[15.4525,-4.94],[15.4492,-4.9367],[15.4467,-4.9392],[15.4475,-4.9342],[15.4508,-4.9325],[15.4533,-4.9367],[15.4542,-4.9317],[15.4575,-4.93],[15.4625,-4.9317]]],[[[15.4842,-4.9392],[15.4792,-4.9367],[15.4783,-4.9417],[15.4758,-4.9358],[15.4808,-4.9333],[15.4842,-4.9392]]],[[[15.4367,-4.9358],[15.4317,-4.9408],[15.4342,-4.9442],[15.4292,-4.9417],[15.4292,-4.9383],[15.4358,-4.9308],[15.4367,-4.9358]]],[[[15.4867,-4.9325],[15.485,-4.9358],[15.4817,-4.93],[15.4767,-4.9325],[15.4742,-4.9308],[15.4808,-4.9267],[15.485,-4.9283],[15.4867,-4.9325]]],[[[15.4417,-4.9242],[15.4342,-4.9267],[15.4308,-4.925],[15.4283,-4.9292],[15.4233,-4.93],[15.4233,-4.935],[15.4158,-4.9333],[15.4175,-4.9308],[15.4217,-4.9317],[15.42,-4.9267],[15.4258,-4.9267],[15.4308,-4.9217],[15.435,-4.9233],[15.4383,-4.9175],[15.4425,-4.92],[15.4417,-4.9242]],[[15.4383,-4.9225],[15.44,-4.9208],[15.4383,-4.9208],[15.4383,-4.9225]]],[[[15.4167,-4.8817],[15.4242,-4.8892],[15.4283,-4.8875],[15.4283,-4.89],[15.4208,-4.8925],[15.4192,-4.9008],[15.415,-4.9017],[15.4142,-4.8825],[15.4167,-4.8817]],[[15.4175,-4.8883],[15.4183,-4.8908],[15.4208,-4.89],[15.42,-4.8883],[15.4175,-4.8883]],[[15.4192,-4.8942],[15.4167,-4.8942],[15.4167,-4.8958],[15.4192,-4.8942]],[[15.4158,-4.8992],[15.4167,-4.8967],[15.4158,-4.8967],[15.4158,-4.8992]]],[[[15.4375,-4.8833],[15.4367,-4.8858],[15.44,-4.8858],[15.44,-4.8883],[15.4358,-4.8908],[15.4292,-4.8867],[15.4325,-4.8817],[15.4375,-4.8833]],[[15.4358,-4.8867],[15.4325,-4.8867],[15.4358,-4.8883],[15.4358,-4.8867]]],[[[15.3342,-4.8742],[15.3317,-4.8767],[15.3283,-4.875],[15.3283,-4.8675],[15.3317,-4.8683],[15.3342,-4.8742]]],[[[15.4667,-4.8717],[15.4733,-4.8767],[15.4758,-4.8758],[15.4767,-4.8633],[15.4675,-4.8625],[15.4658,-4.86],[15.4683,-4.8567],[15.4733,-4.8583],[15.48,-4.855],[15.4892,-4.855],[15.4892,-4.8575],[15.4858,-4.8575],[15.4892,-4.8617],[15.4883,-4.865],[15.4817,-4.8683],[15.485,-4.8725],[15.4842,-4.8758],[15.48,-4.8767],[15.4767,-4.8808],[15.4683,-4.8825],[15.4658,-4.8858],[15.4458,-4.885],[15.4475,-4.8817],[15.4417,-4.8733],[15.4442,-4.8683],[15.4467,-4.8692],[15.445,-4.8775],[15.4492,-4.88],[15.4492,-4.8783],[15.4542,-4.8792],[15.4542,-4.8733],[15.46,-4.8733],[15.46,-4.8683],[15.4633,-4.865],[15.4658,-4.8683],[15.4642,-4.8742],[15.4608,-4.8783],[15.4667,-4.875],[15.4667,-4.8717]],[[15.4608,-4.8783],[15.46,-4.8792],[15.4608,-4.8792],[15.4608,-4.8783]],[[15.4817,-4.865],[15.4858,-4.8617],[15.4825,-4.8617],[15.4808,-4.8583],[15.4792,-4.8608],[15.4817,-4.865]],[[15.4725,-4.8625],[15.4767,-4.86],[15.4692,-4.8592],[15.4725,-4.8625]],[[15.4625,-4.87],[15.4633,-4.8692],[15.4625,-4.8692],[15.4625,-4.87]],[[15.4433,-4.8725],[15.4442,-4.8717],[15.4433,-4.8717],[15.4433,-4.8725]],[[15.4617,-4.8717],[15.4625,-4.8742],[15.4633,-4.8717],[15.4617,-4.8717]],[[15.4792,-4.8733],[15.48,-4.8725],[15.4792,-4.8725],[15.4792,-4.8733]],[[15.4675,-4.8775],[15.4592,-4.8833],[15.4642,-4.8842],[15.4708,-4.8783],[15.4675,-4.8775]],[[15.4742,-4.88],[15.475,-4.8792],[15.4742,-4.8792],[15.4742,-4.88]],[[15.4558,-4.8808],[15.4575,-4.88],[15.4558,-4.88],[15.4558,-4.8808]],[[15.4525,-4.8842],[15.4525,-4.8817],[15.45,-4.8817],[15.45,-4.8842],[15.4525,-4.8842]]],[[[15.4192,-4.8608],[15.4242,-4.8675],[15.4225,-4.8708],[15.4192,-4.8708],[15.4192,-4.8758],[15.4158,-4.8758],[15.4133,-4.8708],[15.4175,-4.8692],[15.4175,-4.8667],[15.4133,-4.8658],[15.4142,-4.8525],[15.4183,-4.8533],[15.4192,-4.8608]],[[15.42,-4.8683],[15.4208,-4.8667],[15.42,-4.8667],[15.42,-4.8683]],[[15.4158,-4.8733],[15.4167,-4.8717],[15.4158,-4.8717],[15.4158,-4.8733]]],[[[15.3658,-4.8533],[15.3742,-4.8517],[15.3775,-4.8567],[15.3767,-4.86],[15.3742,-4.8592],[15.3733,-4.8567],[15.3642,-4.8583],[15.3658,-4.8533]],[[15.3717,-4.855],[15.3758,-4.8575],[15.3717,-4.8533],[15.3717,-4.855]],[[15.3675,-4.855],[15.3692,-4.8567],[15.37,-4.855],[15.3675,-4.855]]],[[[15.4642,-4.8508],[15.4708,-4.85],[15.4733,-4.8542],[15.4608,-4.8567],[15.4583,-4.8467],[15.4617,-4.8467],[15.4642,-4.8508]],[[15.4683,-4.8508],[15.4667,-4.8525],[15.4667,-4.8533],[15.47,-4.8533],[15.4683,-4.8508]],[[15.4633,-4.8542],[15.4642,-4.8533],[15.4633,-4.8533],[15.4633,-4.8542]]],[[[15.3342,-4.835],[15.3417,-4.8458],[15.3383,-4.8525],[15.3292,-4.8425],[15.33,-4.8358],[15.3342,-4.835]],[[15.3325,-4.8417],[15.3333,-4.8408],[15.3325,-4.8408],[15.3325,-4.8417]],[[15.3375,-4.8483],[15.335,-4.8442],[15.3342,-4.8475],[15.3375,-4.8483]]],[[[15.4883,-4.8417],[15.4875,-4.8475],[15.4842,-4.85],[15.4717,-4.8475],[15.4742,-4.8442],[15.4733,-4.84],[15.4775,-4.8417],[15.4758,-4.8383],[15.4817,-4.8417],[15.4817,-4.8383],[15.4858,-4.8367],[15.4883,-4.8417]],[[15.485,-4.8442],[15.4858,-4.8408],[15.4842,-4.8408],[15.4842,-4.8425],[15.485,-4.8442]],[[15.4767,-4.8458],[15.4792,-4.8458],[15.4792,-4.8433],[15.4775,-4.8433],[15.4767,-4.8458]]],[[[15.4383,-4.845],[15.4358,-4.845],[15.4333,-4.8408],[15.4342,-4.8358],[15.4375,-4.8367],[15.4383,-4.845]]],[[[15.4875,-4.8283],[15.4808,-4.8358],[15.4783,-4.8275],[15.4842,-4.825],[15.4875,-4.8283]]],[[[15.3667,-4.8233],[15.3617,-4.8233],[15.3617,-4.82],[15.3675,-4.8142],[15.3692,-4.8175],[15.3667,-4.8233]]],[[[15.4675,-4.8067],[15.4808,-4.8142],[15.4808,-4.8175],[15.4767,-4.82],[15.4775,-4.8233],[15.4717,-4.8167],[15.4675,-4.8183],[15.46,-4.8167],[15.46,-4.8142],[15.465,-4.815],[15.4633,-4.8133],[15.4667,-4.8125],[15.4675,-4.8067]],[[15.4742,-4.8125],[15.4692,-4.8133],[15.475,-4.815],[15.4742,-4.8125]],[[15.4767,-4.815],[15.4758,-4.8167],[15.4775,-4.8167],[15.4767,-4.815]],[[15.4658,-4.8158],[15.4675,-4.815],[15.4658,-4.815],[15.4658,-4.8158]]],[[[15.4042,-4.8108],[15.4058,-4.8075],[15.4125,-4.8067],[15.4092,-4.8125],[15.4108,-4.8133],[15.4158,-4.81],[15.4175,-4.8017],[15.4208,-4.8017],[15.4217,-4.8092],[15.4175,-4.8125],[15.4183,-4.8208],[15.4108,-4.8275],[15.4008,-4.825],[15.4008,-4.8217],[15.4075,-4.8158],[15.4042,-4.8108]],[[15.4058,-4.8208],[15.4058,-4.8233],[15.41,-4.825],[15.415,-4.8208],[15.4142,-4.8142],[15.4058,-4.8208]],[[15.405,-4.8225],[15.4033,-4.8233],[15.405,-4.8233],[15.405,-4.8225]],[[15.4067,-4.8117],[15.4083,-4.81],[15.4067,-4.81],[15.4067,-4.8117]]],[[[15.3433,-4.8167],[15.3383,-4.8158],[15.3417,-4.8075],[15.3442,-4.8108],[15.3433,-4.8167]]],[[[15.3817,-4.7983],[15.385,-4.8058],[15.375,-4.8167],[15.3725,-4.8125],[15.3792,-4.8042],[15.3775,-4.7992],[15.3817,-4.7983]],[[15.3792,-4.8067],[15.38,-4.8083],[15.38,-4.8067],[15.3792,-4.8067]]],[[[15.4083,-4.7925],[15.4117,-4.7875],[15.4158,-4.7875],[15.4067,-4.7992],[15.4042,-4.7933],[15.4083,-4.7925]],[[15.4075,-4.7967],[15.4067,-4.7958],[15.4067,-4.7967],[15.4075,-4.7967]]],[[[15.4592,-4.7933],[15.4583,-4.7975],[15.4567,-4.7942],[15.4525,-4.7933],[15.4567,-4.7858],[15.4608,-4.7875],[15.4592,-4.7917],[15.4617,-4.795],[15.4675,-4.7942],[15.4683,-4.7992],[15.4633,-4.8],[15.4592,-4.7933]],[[15.465,-4.7983],[15.4642,-4.7975],[15.4642,-4.7983],[15.465,-4.7983]]],[[[15.335,-4.785],[15.3317,-4.7858],[15.3283,-4.7825],[15.3233,-4.7867],[15.3217,-4.7825],[15.3242,-4.78],[15.3358,-4.7808],[15.3342,-4.7783],[15.3383,-4.7775],[15.335,-4.785]]],[[[15.3567,-4.7642],[15.36,-4.7642],[15.36,-4.7625],[15.3558,-4.7633],[15.3567,-4.76],[15.3625,-4.7608],[15.3617,-4.7667],[15.3567,-4.7642]]],[[[15.4017,-4.7525],[15.4008,-4.7617],[15.4033,-4.7633],[15.4017,-4.765],[15.395,-4.7592],[15.3967,-4.75],[15.4017,-4.7525]]],[[[15.3667,-4.7275],[15.3617,-4.7433],[15.3667,-4.7417],[15.3667,-4.7475],[15.3592,-4.75],[15.3517,-4.7567],[15.3558,-4.765],[15.3475,-4.765],[15.3467,-4.7717],[15.3433,-4.7717],[15.3417,-4.7683],[15.3375,-4.77],[15.3367,-4.7667],[15.3467,-4.7658],[15.3458,-4.7567],[15.3417,-4.7575],[15.3408,-4.7533],[15.3467,-4.7558],[15.3492,-4.7542],[15.35,-4.7467],[15.3525,-4.7458],[15.3542,-4.7483],[15.3558,-4.7458],[15.3558,-4.7367],[15.3508,-4.7383],[15.3492,-4.7358],[15.3533,-4.7367],[15.3525,-4.7333],[15.3558,-4.735],[15.3617,-4.7308],[15.3625,-4.7233],[15.3633,-4.7275],[15.3667,-4.7275]],[[15.3575,-4.7433],[15.3608,-4.7375],[15.3608,-4.7342],[15.3583,-4.735],[15.3575,-4.7433]],[[15.3483,-4.7617],[15.35,-4.7608],[15.3483,-4.7608],[15.3483,-4.7617]]],[[[15.4633,-4.7108],[15.4583,-4.7175],[15.4533,-4.7167],[15.4483,-4.7258],[15.45,-4.7267],[15.455,-4.7192],[15.4583,-4.7192],[15.4608,-4.7217],[15.46,-4.7267],[15.4633,-4.7275],[15.4633,-4.7308],[15.4683,-4.7308],[15.4725,-4.7342],[15.4733,-4.7425],[15.4817,-4.7467],[15.4817,-4.75],[15.4758,-4.7592],[15.4675,-4.76],[15.4667,-4.7567],[15.4617,-4.7542],[15.4575,-4.7583],[15.4658,-4.7617],[15.465,-4.7658],[15.47,-4.7608],[15.4783,-4.7608],[15.4808,-4.7583],[15.4867,-4.76],[15.4858,-4.7667],[15.4892,-4.7617],[15.4925,-4.7617],[15.495,-4.7683],[15.4908,-4.7658],[15.4892,-4.7733],[15.4858,-4.77],[15.4825,-4.7717],[15.4758,-4.77],[15.4767,-4.765],[15.4733,-4.7633],[15.4633,-4.77],[15.4608,-4.7675],[15.4617,-4.7633],[15.4542,-4.7575],[15.4558,-4.7542],[15.4525,-4.7508],[15.445,-4.7533],[15.4417,-4.75],[15.4417,-4.7417],[15.445,-4.7425],[15.4433,-4.735],[15.4508,-4.7358],[15.45,-4.7317],[15.4533,-4.7292],[15.4533,-4.7258],[15.45,-4.7292],[15.4475,-4.7283],[15.4433,-4.7208],[15.4475,-4.7225],[15.4517,-4.7158],[15.4492,-4.7133],[15.4575,-4.7092],[15.4633,-4.7108]],[[15.4575,-4.7142],[15.4608,-4.7117],[15.4533,-4.7142],[15.4575,-4.7142]],[[15.4542,-4.725],[15.4575,-4.725],[15.4575,-4.7225],[15.455,-4.7225],[15.4542,-4.725]],[[15.4525,-4.735],[15.4567,-4.7358],[15.4592,-4.7267],[15.4525,-4.7317],[15.4525,-4.735]],[[15.4633,-4.7325],[15.4542,-4.7392],[15.4508,-4.7367],[15.4492,-4.7433],[15.4425,-4.7442],[15.4442,-4.7483],[15.4483,-4.7492],[15.4475,-4.7442],[15.4525,-4.7475],[15.4525,-4.7408],[15.4567,-4.74],[15.46,-4.745],[15.4583,-4.7492],[15.4617,-4.7517],[15.4608,-4.7417],[15.4675,-4.7383],[15.4617,-4.7383],[15.4633,-4.7325]],[[15.4658,-4.7333],[15.4675,-4.7358],[15.4675,-4.7333],[15.4658,-4.7333]],[[15.4475,-4.7408],[15.4475,-4.7367],[15.445,-4.7367],[15.4475,-4.7408]],[[15.4542,-4.7408],[15.4575,-4.7517],[15.4575,-4.7433],[15.4542,-4.7408]],[[15.4692,-4.7425],[15.4633,-4.7417],[15.4633,-4.7433],[15.4683,-4.745],[15.4692,-4.7425]],[[15.4642,-4.7525],[15.4692,-4.7492],[15.4708,-4.7567],[15.4733,-4.7567],[15.4758,-4.755],[15.4733,-4.75],[15.4767,-4.7475],[15.4733,-4.7475],[15.4733,-4.745],[15.465,-4.7475],[15.4642,-4.7525]],[[15.4683,-4.7517],[15.4692,-4.7533],[15.4692,-4.7517],[15.4683,-4.7517]],[[15.4842,-4.7617],[15.4808,-4.7617],[15.4792,-4.7642],[15.4833,-4.7642],[15.4842,-4.7617]],[[15.4817,-4.7692],[15.4808,-4.7667],[15.48,-4.7683],[15.4817,-4.7692]]],[[[15.4875,-4.7233],[15.4925,-4.7217],[15.4933,-4.7267],[15.49,-4.7283],[15.4883,-4.7342],[15.4825,-4.7358],[15.485,-4.74],[15.4842,-4.7442],[15.4908,-4.745],[15.495,-4.7408],[15.4992,-4.7425],[15.4992,-4.7467],[15.495,-4.7508],[15.4983,-4.755],[15.4975,-4.7608],[15.5025,-4.76],[15.5017,-4.7542],[15.5025,-4.7458],[15.5058,-4.7567],[15.5017,-4.7633],[15.495,-4.7625],[15.4942,-4.7558],[15.4892,-4.7533],[15.4983,-4.745],[15.4975,-4.7425],[15.49,-4.7492],[15.4842,-4.7483],[15.4808,-4.7442],[15.4783,-4.7358],[15.4908,-4.7258],[15.4908,-4.7233],[15.4833,-4.7258],[15.4842,-4.7133],[15.4867,-4.7142],[15.4875,-4.7233]]],[[[15.4875,-4.7058],[15.4925,-4.7083],[15.4908,-4.7158],[15.4992,-4.7192],[15.5033,-4.7258],[15.5008,-4.7308],[15.4975,-4.73],[15.4975,-4.7275],[15.5,-4.7275],[15.4983,-4.7225],[15.4883,-4.7175],[15.4867,-4.7133],[15.4883,-4.7092],[15.4842,-4.7058],[15.485,-4.6967],[15.4875,-4.7058]]],[[[15.4758,-4.6925],[15.4833,-4.6967],[15.4833,-4.7008],[15.4808,-4.7025],[15.4825,-4.7292],[15.475,-4.7317],[15.4742,-4.7258],[15.4683,-4.7233],[15.4717,-4.7158],[15.47,-4.7117],[15.47,-4.705],[15.465,-4.7083],[15.4567,-4.705],[15.4592,-4.7042],[15.4583,-4.6975],[15.4608,-4.6958],[15.4583,-4.6917],[15.4633,-4.6892],[15.4658,-4.6825],[15.4592,-4.68],[15.4583,-4.6842],[15.455,-4.6842],[15.4533,-4.6808],[15.4492,-4.68],[15.4542,-4.6725],[15.4533,-4.6692],[15.4492,-4.6758],[15.4442,-4.6792],[15.4425,-4.6783],[15.4517,-4.6683],[15.4542,-4.6683],[15.4558,-4.6733],[15.4592,-4.6717],[15.4617,-4.6742],[15.4608,-4.6758],[15.4583,-4.6742],[15.4583,-4.6767],[15.4633,-4.6767],[15.4675,-4.6817],[15.4683,-4.6867],[15.4717,-4.6858],[15.4758,-4.6925]],[[15.4758,-4.6925],[15.4742,-4.6975],[15.4758,-4.6983],[15.4758,-4.6925]],[[15.4758,-4.6983],[15.4767,-4.6992],[15.4767,-4.6983],[15.4758,-4.6983]],[[15.4533,-4.6792],[15.4575,-4.6808],[15.4558,-4.6742],[15.4533,-4.6758],[15.4533,-4.6792]],[[15.4633,-4.6958],[15.4608,-4.6975],[15.4625,-4.7058],[15.4658,-4.7042],[15.465,-4.6933],[15.4675,-4.6875],[15.4658,-4.6908],[15.4617,-4.6917],[15.4633,-4.6958]],[[15.4708,-4.6917],[15.4717,-4.6908],[15.4708,-4.6908],[15.4708,-4.6917]],[[15.4708,-4.6917],[15.47,-4.6925],[15.4708,-4.6925],[15.4708,-4.6917]],[[15.4708,-4.6983],[15.4692,-4.6942],[15.4692,-4.7],[15.4708,-4.6983]],[[15.4792,-4.6975],[15.48,-4.6983],[15.48,-4.6975],[15.4792,-4.6975]],[[15.4708,-4.7042],[15.4725,-4.715],[15.4775,-4.715],[15.4733,-4.7108],[15.4733,-4.7075],[15.4758,-4.7108],[15.4783,-4.7108],[15.4792,-4.7075],[15.4733,-4.7008],[15.4717,-4.7033],[15.4692,-4.7025],[15.4708,-4.7042]],[[15.4742,-4.7175],[15.4717,-4.7225],[15.4767,-4.7208],[15.4783,-4.7225],[15.4808,-4.715],[15.4742,-4.7175]],[[15.4783,-4.7283],[15.4783,-4.725],[15.4767,-4.7283],[15.4783,-4.7283]]],[[[15.4542,-4.69],[15.4425,-4.6833],[15.4417,-4.68],[15.4575,-4.6875],[15.4575,-4.6975],[15.4542,-4.6958],[15.4567,-4.7033],[15.4525,-4.7008],[15.4492,-4.7042],[15.4458,-4.7033],[15.4492,-4.7058],[15.4525,-4.705],[15.4533,-4.71],[15.4483,-4.7075],[15.445,-4.71],[15.4358,-4.7092],[15.4358,-4.7033],[15.4325,-4.7033],[15.4325,-4.7008],[15.435,-4.6992],[15.44,-4.7025],[15.4375,-4.6975],[15.4417,-4.6933],[15.4317,-4.6908],[15.4325,-4.6842],[15.4383,-4.6867],[15.4375,-4.6908],[15.44,-4.6908],[15.44,-4.6883],[15.445,-4.6908],[15.4433,-4.7],[15.4467,-4.7017],[15.4475,-4.6917],[15.4525,-4.6967],[15.4525,-4.6925],[15.4542,-4.69]],[[15.4458,-4.705],[15.445,-4.7058],[15.4458,-4.7058],[15.4458,-4.705]],[[15.4358,-4.7033],[15.4367,-4.7025],[15.4358,-4.7025],[15.4358,-4.7033]],[[15.4533,-4.6925],[15.4542,-4.6942],[15.4542,-4.6925],[15.4533,-4.6925]],[[15.4342,-4.69],[15.4358,-4.6883],[15.4342,-4.6883],[15.4342,-4.69]],[[15.4408,-4.7017],[15.4417,-4.7042],[15.4433,-4.7042],[15.4433,-4.7008],[15.4408,-4.7017]],[[15.4375,-4.7067],[15.4392,-4.705],[15.4375,-4.7058],[15.4375,-4.7067]],[[15.4442,-4.7083],[15.4425,-4.7067],[15.4425,-4.7083],[15.4442,-4.7083]]],[[[15.4642,-4.6675],[15.4667,-4.67],[15.4683,-4.6658],[15.4767,-4.6667],[15.4792,-4.6725],[15.47,-4.675],[15.47,-4.6717],[15.4742,-4.67],[15.4642,-4.6717],[15.4617,-4.6692],[15.4617,-4.6617],[15.4658,-4.6633],[15.4642,-4.6675]]],[[[15.4433,-4.6592],[15.4467,-4.665],[15.44,-4.6675],[15.4358,-4.6617],[15.4417,-4.6658],[15.4442,-4.6642],[15.4367,-4.6583],[15.4367,-4.6558],[15.4433,-4.6592]]],[[[15.4983,-4.625],[15.5067,-4.6275],[15.5092,-4.6325],[15.5075,-4.6367],[15.5,-4.6342],[15.4992,-4.6283],[15.4892,-4.6275],[15.49,-4.6233],[15.495,-4.6267],[15.4983,-4.625]],[[15.5033,-4.6333],[15.5033,-4.6275],[15.5017,-4.6267],[15.5033,-4.6333]]],[[[15.4525,-4.6408],[15.4442,-4.64],[15.4442,-4.6383],[15.4508,-4.6392],[15.4492,-4.6375],[15.4508,-4.6333],[15.44,-4.625],[15.44,-4.6225],[15.4325,-4.6217],[15.4317,-4.6158],[15.4375,-4.6133],[15.4417,-4.6192],[15.45,-4.62],[15.4517,-4.6258],[15.4575,-4.6292],[15.4617,-4.63],[15.4617,-4.6275],[15.4658,-4.6292],[15.4633,-4.6333],[15.455,-4.6317],[15.4525,-4.6408]],[[15.4542,-4.6317],[15.4542,-4.6292],[15.4517,-4.6292],[15.4542,-4.6317]],[[15.4383,-4.6192],[15.4367,-4.6158],[15.4333,-4.6192],[15.4383,-4.6192]],[[15.45,-4.6267],[15.4492,-4.6225],[15.4425,-4.6217],[15.4442,-4.625],[15.45,-4.6267]]],[[[15.4808,-4.6033],[15.4733,-4.6042],[15.4708,-4.6],[15.4767,-4.6017],[15.4767,-4.5992],[15.4808,-4.5975],[15.4825,-4.5992],[15.4808,-4.6033]]],[[[15.4867,-4.5983],[15.4892,-4.5942],[15.49,-4.6017],[15.4867,-4.6008],[15.4825,-4.6042],[15.485,-4.5975],[15.4808,-4.5908],[15.485,-4.5925],[15.4867,-4.5983]]],[[[15.47,-4.5742],[15.4808,-4.5767],[15.485,-4.5825],[15.48,-4.5875],[15.4808,-4.5908],[15.4758,-4.5892],[15.4767,-4.5917],[15.48,-4.5917],[15.4767,-4.5992],[15.4717,-4.5975],[15.4767,-4.5958],[15.4725,-4.5925],[15.4717,-4.5883],[15.4758,-4.5858],[15.4733,-4.5825],[15.4708,-4.5817],[15.4658,-4.59],[15.4617,-4.5867],[15.4658,-4.5883],[15.4683,-4.58],[15.4725,-4.5792],[15.4658,-4.5742],[15.4675,-4.5667],[15.47,-4.5742]],[[15.48,-4.585],[15.4808,-4.58],[15.4742,-4.5792],[15.4742,-4.5808],[15.48,-4.585]]],[[[15.4708,-4.5658],[15.4842,-4.575],[15.4925,-4.5767],[15.4883,-4.585],[15.4858,-4.5817],[15.4892,-4.5783],[15.4783,-4.575],[15.4767,-4.5708],[15.4717,-4.57],[15.4708,-4.5658]]],[[[15.4875,-4.5625],[15.4967,-4.5692],[15.495,-4.575],[15.4908,-4.575],[15.4892,-4.5708],[15.4842,-4.5717],[15.4817,-4.5667],[15.4717,-4.5658],[15.4717,-4.5642],[15.4817,-4.5633],[15.485,-4.5692],[15.4933,-4.5717],[15.4933,-4.5692],[15.4817,-4.5625],[15.4817,-4.5575],[15.4842,-4.5575],[15.4833,-4.5625],[15.4875,-4.5625]]],[[[15.4367,-4.5633],[15.4383,-4.56],[15.4383,-4.5658],[15.4325,-4.5708],[15.4317,-4.5683],[15.4275,-4.5675],[15.4333,-4.565],[15.4317,-4.5625],[15.4333,-4.5583],[15.435,-4.5583],[15.4342,-4.5625],[15.4367,-4.5633]]],[[[15.4567,-4.5625],[15.4608,-4.5633],[15.455,-4.5692],[15.4508,-4.5692],[15.4475,-4.5658],[15.4483,-4.5642],[15.4525,-4.5675],[15.455,-4.565],[15.4525,-4.5567],[15.4567,-4.5625]]],[[[15.4508,-4.5533],[15.4492,-4.5542],[15.4458,-4.5508],[15.445,-4.5575],[15.4517,-4.5608],[15.4508,-4.5642],[15.4483,-4.5642],[15.4483,-4.56],[15.4433,-4.5575],[15.4433,-4.55],[15.4467,-4.5492],[15.4508,-4.5533]]],[[[15.4867,-4.5542],[15.4883,-4.5517],[15.4967,-4.5592],[15.4983,-4.565],[15.4942,-4.5658],[15.4875,-4.5558],[15.4833,-4.5542],[15.4825,-4.5492],[15.4817,-4.5542],[15.4783,-4.5542],[15.4792,-4.5492],[15.4833,-4.5475],[15.4867,-4.5542]]],[[[15.3467,-4.5558],[15.3508,-4.5567],[15.3433,-4.5617],[15.3408,-4.5592],[15.34,-4.5533],[15.3467,-4.5525],[15.3483,-4.5467],[15.3467,-4.5558]],[[15.3442,-4.56],[15.3458,-4.5558],[15.3417,-4.555],[15.3442,-4.56]]],[[[15.3692,-4.5467],[15.365,-4.5533],[15.36,-4.555],[15.3533,-4.5533],[15.3508,-4.5558],[15.3542,-4.5508],[15.3583,-4.5517],[15.3575,-4.5492],[15.3525,-4.55],[15.3517,-4.5475],[15.3617,-4.5483],[15.3667,-4.545],[15.3692,-4.5467]],[[15.3642,-4.5483],[15.3667,-4.5492],[15.3667,-4.5475],[15.3642,-4.5483]],[[15.3642,-4.55],[15.3625,-4.5508],[15.3642,-4.5508],[15.3642,-4.55]]],[[[15.4683,-4.5367],[15.4617,-4.545],[15.4667,-4.5442],[15.4683,-4.5483],[15.465,-4.5458],[15.4625,-4.5517],[15.4608,-4.5517],[15.4617,-4.5475],[15.4558,-4.5483],[15.4567,-4.5375],[15.4575,-4.5467],[15.4617,-4.5408],[15.4642,-4.5408],[15.4642,-4.5383],[15.4608,-4.54],[15.4642,-4.5358],[15.4683,-4.5367]]],[[[15.5092,-4.5375],[15.5117,-4.5425],[15.5058,-4.5467],[15.5042,-4.5442],[15.5083,-4.5417],[15.5083,-4.5392],[15.4975,-4.5392],[15.4958,-4.5458],[15.4933,-4.5467],[15.4883,-4.5458],[15.4867,-4.5425],[15.4875,-4.5408],[15.49,-4.5442],[15.4942,-4.5433],[15.495,-4.5383],[15.4908,-4.535],[15.495,-4.535],[15.4958,-4.5325],[15.5092,-4.5375]],[[15.495,-4.5375],[15.4967,-4.5367],[15.495,-4.5367],[15.495,-4.5375]]],[[[15.3667,-4.5292],[15.3633,-4.5333],[15.3667,-4.5392],[15.3558,-4.5433],[15.3567,-4.5408],[15.3642,-4.5383],[15.3608,-4.5283],[15.3617,-4.5308],[15.3667,-4.5292]]],[[[15.3517,-4.5075],[15.3475,-4.505],[15.34,-4.5175],[15.34,-4.5225],[15.3367,-4.5242],[15.3392,-4.5275],[15.335,-4.5267],[15.335,-4.5225],[15.345,-4.5042],[15.35,-4.5025],[15.3517,-4.5075]]],[[[15.4408,-4.5117],[15.4425,-4.5092],[15.4492,-4.5117],[15.4517,-4.5075],[15.4483,-4.505],[15.4533,-4.5067],[15.4508,-4.5133],[15.4433,-4.5133],[15.4425,-4.5158],[15.4408,-4.5117]],[[15.4433,-4.5133],[15.4425,-4.5125],[15.4425,-4.5133],[15.4433,-4.5133]]],[[[15.3392,-4.5075],[15.3358,-4.5133],[15.3283,-4.5133],[15.3325,-4.5108],[15.3283,-4.5092],[15.3333,-4.5075],[15.3342,-4.5042],[15.3392,-4.5075]],[[15.3342,-4.51],[15.3358,-4.5083],[15.3342,-4.5092],[15.3342,-4.51]]],[[[15.4792,-4.5067],[15.4725,-4.5092],[15.4633,-4.5108],[15.4683,-4.5067],[15.4783,-4.505],[15.4792,-4.5017],[15.4792,-4.5067]]],[[[15.4383,-4.5025],[15.4467,-4.5017],[15.4458,-4.5058],[15.4367,-4.5075],[15.4383,-4.5108],[15.4375,-4.5133],[15.435,-4.5075],[15.445,-4.505],[15.4358,-4.5017],[15.4375,-4.4983],[15.4417,-4.4967],[15.4375,-4.5],[15.4383,-4.5025]]],[[[15.5067,-4.4933],[15.5025,-4.4908],[15.4958,-4.4992],[15.4975,-4.5083],[15.4892,-4.5117],[15.4958,-4.5075],[15.4942,-4.5017],[15.4958,-4.4933],[15.5033,-4.4883],[15.5067,-4.49],[15.5067,-4.4933]]],[[[15.4533,-4.5008],[15.4467,-4.5017],[15.4517,-4.4942],[15.4575,-4.4925],[15.4533,-4.4958],[15.4533,-4.5008]]],[[[15.4125,-4.49],[15.4192,-4.4875],[15.4158,-4.4917],[15.4067,-4.4892],[15.4033,-4.4925],[15.3992,-4.49],[15.4,-4.4875],[15.4058,-4.4892],[15.4075,-4.4867],[15.4117,-4.4875],[15.4125,-4.49]]],[[[15.39,-4.4808],[15.395,-4.4858],[15.3967,-4.4833],[15.3975,-4.4867],[15.3908,-4.4867],[15.3925,-4.49],[15.3875,-4.4883],[15.3842,-4.4908],[15.3875,-4.4858],[15.39,-4.4858],[15.3875,-4.4833],[15.3833,-4.4875],[15.385,-4.4808],[15.39,-4.4808]]],[[[15.43,-4.4783],[15.4283,-4.4808],[15.4225,-4.4808],[15.425,-4.485],[15.4233,-4.4892],[15.4308,-4.4942],[15.4283,-4.4958],[15.42,-4.4883],[15.4217,-4.4858],[15.42,-4.4808],[15.4275,-4.4783],[15.4225,-4.475],[15.4183,-4.4808],[15.4175,-4.4767],[15.4233,-4.4725],[15.43,-4.4783]]],[[[15.3942,-4.4742],[15.4,-4.4733],[15.3992,-4.4792],[15.4025,-4.4833],[15.4075,-4.4825],[15.4075,-4.485],[15.405,-4.4867],[15.4,-4.485],[15.3967,-4.4808],[15.3967,-4.4758],[15.3925,-4.4758],[15.39,-4.4692],[15.3867,-4.4708],[15.3883,-4.4667],[15.3933,-4.4692],[15.3942,-4.4742]]],[[[15.4617,-4.4775],[15.4525,-4.4817],[15.4483,-4.4742],[15.4542,-4.4792],[15.46,-4.475],[15.4583,-4.4725],[15.4592,-4.4708],[15.4625,-4.4733],[15.4617,-4.4775]]],[[[15.3858,-4.4658],[15.3858,-4.4708],[15.3842,-4.4667],[15.3792,-4.4667],[15.3792,-4.4592],[15.3858,-4.4658]]],[[[15.4992,-4.48],[15.4942,-4.4875],[15.4925,-4.4942],[15.485,-4.4917],[15.4867,-4.4883],[15.49,-4.4883],[15.49,-4.4917],[15.4925,-4.4908],[15.4908,-4.4867],[15.4942,-4.4833],[15.49,-4.4858],[15.4842,-4.4842],[15.4842,-4.48],[15.4925,-4.475],[15.4917,-4.4717],[15.4892,-4.475],[15.47,-4.4783],[15.4725,-4.4842],[15.4708,-4.4875],[15.4675,-4.4875],[15.4708,-4.495],[15.4692,-4.5008],[15.4658,-4.4867],[15.4625,-4.4833],[15.4542,-4.4908],[15.46,-4.4808],[15.4683,-4.4842],[15.4692,-4.475],[15.4758,-4.4758],[15.4775,-4.4717],[15.4842,-4.4717],[15.475,-4.4667],[15.4675,-4.4683],[15.4675,-4.4633],[15.47,-4.4617],[15.4667,-4.4592],[15.475,-4.46],[15.4758,-4.4533],[15.4783,-4.4525],[15.475,-4.4408],[15.4808,-4.45],[15.4792,-4.4583],[15.4842,-4.4642],[15.48,-4.4608],[15.4742,-4.4617],[15.4742,-4.4642],[15.4825,-4.4683],[15.4883,-4.4683],[15.4942,-4.4608],[15.4983,-4.46],[15.4967,-4.4575],[15.505,-4.4608],[15.5083,-4.455],[15.5,-4.4508],[15.5017,-4.45],[15.5,-4.445],[15.5042,-4.4458],[15.5075,-4.4433],[15.5067,-4.4358],[15.5,-4.435],[15.5,-4.4325],[15.5117,-4.4283],[15.5075,-4.42],[15.5108,-4.42],[15.5125,-4.425],[15.5167,-4.4275],[15.5175,-4.4217],[15.52,-4.4233],[15.5225,-4.4192],[15.525,-4.4192],[15.5225,-4.4242],[15.5267,-4.4258],[15.5267,-4.43],[15.5317,-4.435],[15.5258,-4.4408],[15.5258,-4.4458],[15.515,-4.4475],[15.5142,-4.4533],[15.5067,-4.4642],[15.4983,-4.4633],[15.495,-4.4675],[15.4967,-4.475],[15.4942,-4.4775],[15.4992,-4.48]],[[15.4942,-4.4775],[15.4933,-4.4783],[15.4942,-4.4783],[15.4942,-4.4775]],[[15.5058,-4.4325],[15.5067,-4.4308],[15.5058,-4.4308],[15.5058,-4.4325]],[[15.5175,-4.4325],[15.5192,-4.4342],[15.5208,-4.4342],[15.5192,-4.4317],[15.5175,-4.4325]],[[15.5208,-4.435],[15.5233,-4.4375],[15.525,-4.4375],[15.5233,-4.4342],[15.5208,-4.435]],[[15.5092,-4.4383],[15.51,-4.4442],[15.52,-4.445],[15.5167,-4.4375],[15.5125,-4.44],[15.5092,-4.4383]],[[15.505,-4.45],[15.5042,-4.4525],[15.5092,-4.4508],[15.5125,-4.4533],[15.5133,-4.4467],[15.505,-4.45]],[[15.47,-4.465],[15.4708,-4.4642],[15.47,-4.4642],[15.47,-4.465]],[[15.49,-4.4708],[15.4908,-4.47],[15.49,-4.47],[15.49,-4.4708]],[[15.4908,-4.4808],[15.4875,-4.4808],[15.4875,-4.4825],[15.4908,-4.4808]]],[[[15.3333,-4.4467],[15.3392,-4.4475],[15.3392,-4.4508],[15.3308,-4.4483],[15.3308,-4.445],[15.3275,-4.4433],[15.3317,-4.4425],[15.3333,-4.4467]]],[[[15.4933,-4.4342],[15.4925,-4.4392],[15.4958,-4.4383],[15.4992,-4.4417],[15.4983,-4.445],[15.49,-4.4408],[15.4883,-4.4308],[15.4933,-4.4342]]],[[[15.3425,-4.4242],[15.35,-4.4267],[15.3417,-4.4267],[15.34,-4.4242],[15.3408,-4.4217],[15.3492,-4.4192],[15.3492,-4.4217],[15.3425,-4.4242]]],[[[15.3258,-4.1308],[15.3375,-4.1358],[15.3367,-4.1408],[15.34,-4.1425],[15.3383,-4.1458],[15.335,-4.1467],[15.3325,-4.1375],[15.3292,-4.135],[15.3267,-4.135],[15.3275,-4.1425],[15.3217,-4.145],[15.325,-4.1417],[15.3258,-4.1308]]],[[[15.4917,-4.0775],[15.5017,-4.0792],[15.5017,-4.0858],[15.4908,-4.11],[15.4758,-4.125],[15.4542,-4.1308],[15.4467,-4.125],[15.4333,-4.1075],[15.4225,-4.1025],[15.4225,-4.0992],[15.4275,-4.1033],[15.4342,-4.1017],[15.4325,-4.105],[15.44,-4.1108],[15.4467,-4.1217],[15.4533,-4.1258],[15.4542,-4.12],[15.4567,-4.1183],[15.455,-4.1267],[15.4583,-4.1267],[15.4575,-4.1208],[15.4675,-4.1233],[15.4767,-4.1183],[15.475,-4.1092],[15.4808,-4.1108],[15.4792,-4.0992],[15.4758,-4.095],[15.4825,-4.0917],[15.4842,-4.0825],[15.4875,-4.0825],[15.4833,-4.08],[15.4833,-4.0775],[15.4867,-4.0775],[15.4858,-4.075],[15.4817,-4.0733],[15.4883,-4.0692],[15.4917,-4.0775]],[[15.4917,-4.0817],[15.4867,-4.0925],[15.4883,-4.0925],[15.4908,-4.0858],[15.495,-4.0858],[15.4975,-4.0817],[15.4917,-4.0817]],[[15.495,-4.09],[15.4975,-4.0883],[15.495,-4.0883],[15.495,-4.09]],[[15.4892,-4.095],[15.4917,-4.0933],[15.4892,-4.0933],[15.4892,-4.095]],[[15.4875,-4.1067],[15.4867,-4.1033],[15.485,-4.1017],[15.485,-4.1083],[15.4875,-4.1067]]],[[[15.475,-4.0783],[15.4833,-4.0858],[15.4808,-4.0875],[15.4767,-4.0858],[15.4792,-4.0892],[15.4767,-4.0908],[15.4725,-4.0842],[15.4725,-4.0825],[15.4767,-4.0842],[15.475,-4.0783]]],[[[15.3575,-4.0808],[15.3533,-4.0867],[15.35,-4.085],[15.35,-4.0792],[15.355,-4.0767],[15.3575,-4.0808]]],[[[15.3683,-4.0383],[15.3642,-4.025],[15.3667,-4.0267],[15.3675,-4.0242],[15.3717,-4.025],[15.3708,-4.0133],[15.3758,-4.0142],[15.3792,-4.0108],[15.3833,-4.0108],[15.3775,-4.02],[15.3817,-4.0267],[15.3817,-4.0333],[15.385,-4.0317],[15.385,-4.0342],[15.3892,-4.0367],[15.3908,-4.0267],[15.3858,-4.0208],[15.3867,-4.0092],[15.3917,-4.01],[15.3958,-4.0158],[15.3983,-4.0158],[15.3992,-4.0083],[15.4033,-4.0067],[15.4092,-4.0192],[15.4133,-4.0158],[15.4217,-4.0167],[15.4192,-4.0317],[15.4292,-4.0267],[15.4308,-4.035],[15.4342,-4.0367],[15.4325,-4.0408],[15.44,-4.0425],[15.4417,-4.0467],[15.445,-4.0458],[15.4533,-4.0558],[15.4517,-4.0592],[15.4467,-4.06],[15.4492,-4.0633],[15.4483,-4.0683],[15.4375,-4.0767],[15.4342,-4.0833],[15.4375,-4.0842],[15.4383,-4.0817],[15.4442,-4.08],[15.445,-4.0725],[15.4458,-4.0825],[15.4425,-4.0825],[15.4417,-4.085],[15.4458,-4.0875],[15.4458,-4.09],[15.4375,-4.0958],[15.4392,-4.0908],[15.4367,-4.0925],[15.4358,-4.0858],[15.4267,-4.0875],[15.4233,-4.0992],[15.4225,-4.0842],[15.4258,-4.0817],[15.4267,-4.0708],[15.43,-4.0708],[15.4308,-4.0675],[15.4283,-4.0658],[15.4242,-4.0675],[15.4283,-4.0617],[15.4217,-4.06],[15.4217,-4.0667],[15.4167,-4.07],[15.4192,-4.0667],[15.4183,-4.06],[15.42,-4.0575],[15.4242,-4.0592],[15.4267,-4.0575],[15.4275,-4.0608],[15.4358,-4.0608],[15.4283,-4.0542],[15.4342,-4.0508],[15.4383,-4.0542],[15.4392,-4.0517],[15.4358,-4.0467],[15.4325,-4.0508],[15.4275,-4.0517],[15.4242,-4.045],[15.425,-4.0525],[15.4217,-4.0525],[15.4192,-4.0467],[15.4242,-4.0417],[15.4233,-4.0383],[15.4258,-4.0383],[15.425,-4.0333],[15.4208,-4.0408],[15.4158,-4.0425],[15.4117,-4.0367],[15.4133,-4.0242],[15.4108,-4.0308],[15.4092,-4.0308],[15.4042,-4.0208],[15.4033,-4.0283],[15.4058,-4.0308],[15.4008,-4.0283],[15.3983,-4.03],[15.4058,-4.0342],[15.4075,-4.0367],[15.4058,-4.0392],[15.4117,-4.0417],[15.4133,-4.0483],[15.4117,-4.0633],[15.4083,-4.06],[15.41,-4.0483],[15.3992,-4.0392],[15.4,-4.0333],[15.3975,-4.03],[15.395,-4.04],[15.4075,-4.0492],[15.4058,-4.0583],[15.4108,-4.0675],[15.4075,-4.0675],[15.41,-4.075],[15.405,-4.0767],[15.405,-4.08],[15.4075,-4.0808],[15.4058,-4.0875],[15.4158,-4.0933],[15.4183,-4.1017],[15.4083,-4.1008],[15.3992,-4.1058],[15.3908,-4.1183],[15.3875,-4.1408],[15.3842,-4.145],[15.37,-4.1508],[15.3658,-4.1492],[15.3658,-4.1458],[15.3692,-4.1433],[15.3708,-4.1367],[15.375,-4.1325],[15.385,-4.1333],[15.3875,-4.1192],[15.3833,-4.1167],[15.3792,-4.1225],[15.375,-4.1225],[15.3717,-4.1192],[15.3692,-4.1367],[15.3617,-4.1417],[15.3608,-4.1392],[15.3658,-4.1358],[15.3692,-4.1167],[15.3742,-4.115],[15.3783,-4.1192],[15.3817,-4.1133],[15.3892,-4.115],[15.3917,-4.1108],[15.3758,-4.1033],[15.3767,-4.0967],[15.3742,-4.0925],[15.3767,-4.09],[15.3825,-4.09],[15.3883,-4.0992],[15.3967,-4.1008],[15.3933,-4.0908],[15.3958,-4.0892],[15.4,-4.0992],[15.3983,-4.1025],[15.4025,-4.1017],[15.4042,-4.0983],[15.4125,-4.0975],[15.4125,-4.095],[15.4008,-4.0892],[15.4025,-4.0825],[15.3983,-4.0817],[15.3942,-4.0767],[15.3858,-4.0567],[15.3833,-4.0575],[15.3783,-4.0508],[15.3867,-4.0683],[15.38,-4.0617],[15.3783,-4.055],[15.3675,-4.0458],[15.3617,-4.0308],[15.3583,-4.0308],[15.3583,-4.0275],[15.3617,-4.0267],[15.3683,-4.0383]],[[15.3692,-4.0383],[15.3725,-4.0442],[15.3733,-4.0442],[15.3725,-4.0408],[15.3692,-4.0383]],[[15.3892,-4.0167],[15.3908,-4.0175],[15.3892,-4.015],[15.3892,-4.0167]],[[15.3942,-4.0217],[15.3958,-4.025],[15.3967,-4.0217],[15.3942,-4.0217]],[[15.3725,-4.0225],[15.3717,-4.0233],[15.3725,-4.0233],[15.3725,-4.0225]],[[15.3725,-4.0233],[15.3733,-4.025],[15.3733,-4.0233],[15.3725,-4.0233]],[[15.41,-4.0283],[15.4108,-4.0275],[15.41,-4.0275],[15.41,-4.0283]],[[15.375,-4.035],[15.3742,-4.0325],[15.3708,-4.0317],[15.3725,-4.0367],[15.375,-4.035]],[[15.3758,-4.0367],[15.3775,-4.035],[15.3758,-4.035],[15.3758,-4.0367]],[[15.4017,-4.0375],[15.4033,-4.0358],[15.4025,-4.0358],[15.4017,-4.0375]],[[15.4258,-4.04],[15.4267,-4.0392],[15.4258,-4.0392],[15.4258,-4.04]],[[15.3817,-4.0433],[15.3825,-4.0417],[15.3817,-4.0417],[15.3817,-4.0433]],[[15.41,-4.045],[15.41,-4.0425],[15.4083,-4.0425],[15.4083,-4.0442],[15.41,-4.045]],[[15.375,-4.0475],[15.3758,-4.0467],[15.375,-4.0467],[15.375,-4.0475]],[[15.3983,-4.0492],[15.4017,-4.0475],[15.3983,-4.0475],[15.3983,-4.0492]],[[15.4417,-4.06],[15.4458,-4.055],[15.4433,-4.0475],[15.4433,-4.0558],[15.4408,-4.0575],[15.4417,-4.06]],[[15.3875,-4.0525],[15.3892,-4.05],[15.3867,-4.05],[15.3875,-4.0525]],[[15.385,-4.0558],[15.3858,-4.0517],[15.3817,-4.0508],[15.385,-4.0558]],[[15.3925,-4.0558],[15.3983,-4.0683],[15.4058,-4.0733],[15.4033,-4.07],[15.405,-4.0642],[15.4,-4.06],[15.3975,-4.055],[15.3992,-4.0533],[15.395,-4.0517],[15.3925,-4.0525],[15.3925,-4.0558]],[[15.3925,-4.0642],[15.3925,-4.06],[15.3883,-4.055],[15.3892,-4.06],[15.3925,-4.0642]],[[15.44,-4.0642],[15.4408,-4.0625],[15.44,-4.0625],[15.44,-4.0642]],[[15.3933,-4.0667],[15.3925,-4.0683],[15.395,-4.0692],[15.3933,-4.0667]],[[15.4342,-4.0733],[15.44,-4.07],[15.44,-4.0675],[15.4375,-4.0708],[15.4342,-4.0708],[15.4342,-4.0733]],[[15.4008,-4.0767],[15.4,-4.0733],[15.3958,-4.0708],[15.3983,-4.0767],[15.4008,-4.0767]],[[15.4333,-4.0808],[15.4342,-4.0767],[15.4325,-4.0808],[15.4333,-4.0808]],[[15.4308,-4.0833],[15.4283,-4.0817],[15.425,-4.0858],[15.43,-4.0858],[15.4308,-4.0833]],[[15.425,-4.0858],[15.4242,-4.0875],[15.425,-4.0875],[15.425,-4.0858]],[[15.3833,-4.0983],[15.3808,-4.0933],[15.3792,-4.0933],[15.3833,-4.0983]],[[15.3792,-4.1008],[15.3842,-4.1025],[15.3842,-4.0992],[15.3792,-4.1008]],[[15.3883,-4.1033],[15.3892,-4.1058],[15.3933,-4.1058],[15.3925,-4.1033],[15.3883,-4.1033]],[[15.3767,-4.1367],[15.3708,-4.1467],[15.3758,-4.145],[15.3817,-4.1375],[15.3767,-4.1367]]],[[[15.3342,-4.0775],[15.3317,-4.075],[15.3308,-4.0775],[15.335,-4.0842],[15.3283,-4.0842],[15.33,-4.0808],[15.3267,-4.0808],[15.3258,-4.075],[15.3292,-4.0758],[15.3317,-4.0725],[15.3342,-4.0625],[15.3292,-4.0633],[15.3292,-4.07],[15.3267,-4.0725],[15.3242,-4.0717],[15.3242,-4.0642],[15.3217,-4.0642],[15.3233,-4.0717],[15.3183,-4.0783],[15.3192,-4.065],[15.3025,-4.0642],[15.2992,-4.0608],[15.3142,-4.0642],[15.32,-4.0608],[15.335,-4.0592],[15.3442,-4.0608],[15.3483,-4.0667],[15.35,-4.065],[15.3567,-4.0667],[15.3508,-4.0708],[15.3475,-4.0692],[15.345,-4.0775],[15.3475,-4.0775],[15.3492,-4.0817],[15.3425,-4.0808],[15.3458,-4.0708],[15.3425,-4.0633],[15.3392,-4.065],[15.3417,-4.075],[15.3375,-4.0692],[15.3342,-4.0775]],[[15.3375,-4.0692],[15.3358,-4.0675],[15.3358,-4.0692],[15.3375,-4.0692]]],[[[15.4808,-4.065],[15.4833,-4.0658],[15.4833,-4.07],[15.4792,-4.0742],[15.4808,-4.07],[15.4733,-4.07],[15.475,-4.0658],[15.4717,-4.0658],[15.4708,-4.0633],[15.48,-4.0608],[15.4825,-4.0625],[15.4808,-4.065]]],[[[15.3292,-4.0517],[15.3258,-4.0558],[15.3225,-4.0567],[15.3258,-4.0483],[15.3333,-4.0467],[15.335,-4.05],[15.3292,-4.0517]]],[[[15.39,-3.9],[15.3858,-3.9142],[15.3833,-3.9142],[15.3858,-3.9075],[15.3825,-3.9033],[15.3875,-3.905],[15.39,-3.9]]],[[[15.5892,-4.9875],[15.5908,-4.995],[15.5867,-4.995],[15.5883,-4.9917],[15.585,-4.99],[15.5875,-4.985],[15.5933,-4.9842],[15.5933,-4.9867],[15.5892,-4.9875]]],[[[15.5575,-4.9883],[15.5633,-4.9908],[15.5542,-4.9925],[15.5533,-4.9892],[15.5492,-4.9892],[15.5442,-4.985],[15.5492,-4.9867],[15.5525,-4.9817],[15.555,-4.9817],[15.5592,-4.985],[15.5575,-4.9883]],[[15.5558,-4.9875],[15.555,-4.99],[15.5558,-4.99],[15.5558,-4.9875]]],[[[15.5358,-4.9667],[15.5333,-4.9717],[15.5383,-4.9767],[15.5383,-4.9842],[15.5325,-4.9858],[15.5308,-4.99],[15.5233,-4.9917],[15.5208,-4.9958],[15.5217,-4.99],[15.5367,-4.9825],[15.5358,-4.9767],[15.5317,-4.975],[15.5308,-4.9683],[15.5333,-4.9658],[15.5317,-4.96],[15.5358,-4.9667]]],[[[15.5058,-4.9592],[15.5108,-4.9592],[15.5092,-4.965],[15.5108,-4.9758],[15.5067,-4.975],[15.5058,-4.9675],[15.5042,-4.9817],[15.505,-4.985],[15.5167,-4.9883],[15.5183,-4.99],[15.5167,-4.9942],[15.4975,-4.9892],[15.505,-4.9875],[15.5025,-4.985],[15.4958,-4.9867],[15.4925,-4.9825],[15.4942,-4.9808],[15.495,-4.9842],[15.5017,-4.9825],[15.5,-4.9775],[15.5033,-4.9742],[15.5008,-4.97],[15.5058,-4.9592]],[[15.505,-4.9892],[15.5142,-4.9925],[15.5158,-4.9917],[15.51,-4.9875],[15.505,-4.9892]],[[15.5058,-4.9617],[15.5075,-4.9658],[15.5083,-4.9608],[15.5058,-4.9617]]],[[[15.6325,-4.9608],[15.6408,-4.9617],[15.6367,-4.9725],[15.6275,-4.9733],[15.6267,-4.97],[15.6175,-4.9717],[15.61,-4.9667],[15.6075,-4.9742],[15.6083,-4.9817],[15.6033,-4.9825],[15.6067,-4.9792],[15.6042,-4.9658],[15.6058,-4.9675],[15.61,-4.965],[15.6217,-4.9692],[15.6192,-4.9625],[15.6225,-4.9642],[15.6225,-4.9683],[15.625,-4.9683],[15.6283,-4.9667],[15.6233,-4.9608],[15.6275,-4.9633],[15.6325,-4.9608]],[[15.63,-4.9692],[15.6342,-4.9708],[15.6375,-4.9633],[15.6308,-4.965],[15.63,-4.9692]]],[[[15.5142,-4.9583],[15.5208,-4.9692],[15.5208,-4.9783],[15.5117,-4.98],[15.5117,-4.975],[15.52,-4.9758],[15.52,-4.9717],[15.5142,-4.9625],[15.5142,-4.9583]]],[[[15.555,-4.9625],[15.5525,-4.9717],[15.5558,-4.9725],[15.5558,-4.9758],[15.5525,-4.9758],[15.55,-4.9717],[15.5508,-4.9642],[15.555,-4.9625]]],[[[15.5233,-4.96],[15.5208,-4.9567],[15.5217,-4.9617],[15.5258,-4.9642],[15.5258,-4.9725],[15.5283,-4.9675],[15.5275,-4.96],[15.53,-4.9625],[15.5283,-4.9808],[15.5258,-4.9833],[15.5217,-4.9808],[15.5225,-4.9642],[15.5167,-4.96],[15.5167,-4.9575],[15.5233,-4.955],[15.525,-4.9575],[15.5233,-4.96]],[[15.5258,-4.975],[15.5242,-4.9767],[15.5242,-4.9808],[15.5267,-4.9792],[15.5258,-4.975]]],[[[15.57,-4.9675],[15.5692,-4.9708],[15.5617,-4.9758],[15.57,-4.965],[15.575,-4.9642],[15.5792,-4.955],[15.5842,-4.9583],[15.5833,-4.9617],[15.5908,-4.9625],[15.5808,-4.9642],[15.5783,-4.9608],[15.5758,-4.9667],[15.57,-4.9675]],[[15.58,-4.9608],[15.5817,-4.9583],[15.58,-4.9583],[15.58,-4.9608]]],[[[15.5392,-4.9483],[15.5467,-4.9467],[15.5525,-4.9575],[15.5492,-4.9583],[15.545,-4.955],[15.5492,-4.9558],[15.545,-4.9492],[15.5367,-4.9542],[15.5342,-4.9525],[15.5358,-4.9467],[15.5333,-4.9492],[15.5267,-4.9467],[15.5375,-4.9442],[15.5392,-4.9483]],[[15.5358,-4.9508],[15.5392,-4.9517],[15.5392,-4.9492],[15.5358,-4.9508]]],[[[15.5675,-4.9458],[15.565,-4.9567],[15.5667,-4.96],[15.5633,-4.9608],[15.5617,-4.9575],[15.5642,-4.9558],[15.5642,-4.9367],[15.5675,-4.9458]]],[[[15.6108,-4.9342],[15.6258,-4.9367],[15.625,-4.9408],[15.6225,-4.9417],[15.6233,-4.9483],[15.6183,-4.95],[15.6117,-4.9442],[15.6092,-4.95],[15.6158,-4.9492],[15.6167,-4.9517],[15.6117,-4.95],[15.6083,-4.955],[15.6017,-4.9558],[15.5992,-4.9592],[15.5958,-4.96],[15.595,-4.9567],[15.5992,-4.9508],[15.6008,-4.9525],[15.5967,-4.9558],[15.5967,-4.9583],[15.6083,-4.9517],[15.605,-4.9492],[15.6108,-4.9417],[15.6208,-4.9467],[15.6133,-4.9375],[15.6083,-4.94],[15.6117,-4.9358],[15.6075,-4.935],[15.6067,-4.9308],[15.6117,-4.9275],[15.6092,-4.9317],[15.6108,-4.9342]]],[[[15.5558,-4.9317],[15.5517,-4.9425],[15.5567,-4.9442],[15.5592,-4.9375],[15.5583,-4.9458],[15.5525,-4.9467],[15.5483,-4.9425],[15.5533,-4.9358],[15.5533,-4.9258],[15.5558,-4.9317]]],[[[15.6275,-4.9333],[15.6208,-4.9317],[15.62,-4.9258],[15.6242,-4.925],[15.625,-4.9275],[15.6292,-4.9283],[15.6275,-4.9333]]],[[[15.6283,-4.9158],[15.6242,-4.9167],[15.6192,-4.9225],[15.6183,-4.9325],[15.615,-4.9333],[15.6125,-4.93],[15.6167,-4.93],[15.6175,-4.9217],[15.615,-4.9225],[15.6142,-4.9275],[15.6075,-4.925],[15.6067,-4.9292],[15.6033,-4.9283],[15.6075,-4.9225],[15.6067,-4.92],[15.6083,-4.9225],[15.6142,-4.9233],[15.6142,-4.92],[15.6208,-4.915],[15.6208,-4.9175],[15.625,-4.915],[15.6283,-4.9158]]],[[[15.5875,-4.9058],[15.585,-4.8942],[15.5892,-4.8975],[15.5883,-4.9033],[15.5917,-4.9033],[15.6008,-4.8967],[15.6025,-4.9],[15.5983,-4.9008],[15.5992,-4.9067],[15.5917,-4.91],[15.5908,-4.9192],[15.595,-4.9183],[15.5992,-4.9117],[15.6033,-4.9125],[15.6033,-4.9167],[15.5958,-4.9225],[15.5967,-4.9342],[15.5892,-4.9358],[15.5892,-4.9417],[15.585,-4.9442],[15.5867,-4.9342],[15.5933,-4.9317],[15.5925,-4.9225],[15.5883,-4.9208],[15.5875,-4.9142],[15.5942,-4.905],[15.5875,-4.9058]],[[15.5942,-4.905],[15.5958,-4.9042],[15.5942,-4.9042],[15.5942,-4.905]],[[15.5967,-4.9192],[15.5975,-4.9183],[15.5967,-4.9183],[15.5967,-4.9192]]],[[[15.575,-4.9083],[15.5725,-4.915],[15.5775,-4.915],[15.585,-4.9275],[15.5875,-4.9258],[15.5842,-4.9217],[15.5842,-4.915],[15.5792,-4.9133],[15.5775,-4.9092],[15.5808,-4.9083],[15.5792,-4.9092],[15.5808,-4.9125],[15.5867,-4.9133],[15.5867,-4.9208],[15.5892,-4.9242],[15.5867,-4.93],[15.5808,-4.9283],[15.5767,-4.9183],[15.57,-4.9158],[15.57,-4.9125],[15.5733,-4.91],[15.5725,-4.9075],[15.5683,-4.9075],[15.5708,-4.9033],[15.575,-4.9083]]],[[[15.5667,-4.9192],[15.5642,-4.92],[15.5625,-4.915],[15.5642,-4.9058],[15.5667,-4.9192]]],[[[15.625,-4.9117],[15.6192,-4.9125],[15.6208,-4.9067],[15.6258,-4.9058],[15.625,-4.9117]]],[[[15.585,-4.9058],[15.5858,-4.9092],[15.5817,-4.9108],[15.5833,-4.9075],[15.5767,-4.9058],[15.575,-4.9025],[15.5767,-4.9008],[15.5767,-4.9033],[15.585,-4.9058]]],[[[15.59,-4.8858],[15.5933,-4.8908],[15.5892,-4.8925],[15.5817,-4.89],[15.5808,-4.8875],[15.5883,-4.8892],[15.5875,-4.8867],[15.5825,-4.8858],[15.5842,-4.885],[15.5825,-4.88],[15.59,-4.8783],[15.59,-4.8858]],[[15.5858,-4.8817],[15.5875,-4.8808],[15.5858,-4.8808],[15.5858,-4.8817]]],[[[15.6083,-4.8833],[15.605,-4.8908],[15.6008,-4.8883],[15.6042,-4.8792],[15.6067,-4.8792],[15.6083,-4.8833]],[[15.6042,-4.8842],[15.605,-4.8875],[15.6058,-4.8842],[15.6042,-4.8842]]],[[[15.6158,-4.87],[15.615,-4.8767],[15.6108,-4.8783],[15.6083,-4.8733],[15.6133,-4.8717],[15.6133,-4.8675],[15.6158,-4.87]]],[[[15.6158,-4.8508],[15.6208,-4.8617],[15.6067,-4.8533],[15.6092,-4.8533],[15.6092,-4.8508],[15.6158,-4.8508]]],[[[15.505,-4.8458],[15.5108,-4.8542],[15.5092,-4.8592],[15.4992,-4.8558],[15.5025,-4.8458],[15.505,-4.8458]],[[15.5042,-4.8558],[15.5058,-4.8517],[15.5033,-4.85],[15.5017,-4.855],[15.5042,-4.8558]]],[[[15.5325,-4.845],[15.5342,-4.85],[15.5358,-4.8458],[15.5358,-4.8517],[15.5325,-4.8525],[15.5308,-4.8458],[15.5258,-4.8442],[15.5267,-4.84],[15.5317,-4.84],[15.5275,-4.8425],[15.5325,-4.845]]],[[[15.54,-4.8367],[15.545,-4.8408],[15.5392,-4.8458],[15.5375,-4.8417],[15.54,-4.8367]],[[15.5392,-4.8433],[15.54,-4.8425],[15.5392,-4.8425],[15.5392,-4.8433]],[[15.54,-4.8425],[15.5408,-4.8417],[15.54,-4.8417],[15.54,-4.8425]]],[[[15.6108,-4.835],[15.6125,-4.835],[15.6117,-4.8392],[15.6067,-4.8417],[15.6092,-4.8375],[15.605,-4.8383],[15.605,-4.835],[15.6075,-4.8317],[15.6125,-4.8317],[15.6108,-4.835]]],[[[15.6108,-4.815],[15.6158,-4.8217],[15.6142,-4.8275],[15.6067,-4.8258],[15.6033,-4.8225],[15.6058,-4.8117],[15.6108,-4.815]],[[15.61,-4.8225],[15.6075,-4.8208],[15.6075,-4.8225],[15.61,-4.8225]],[[15.61,-4.8225],[15.6108,-4.8233],[15.6108,-4.8225],[15.61,-4.8225]]],[[[15.56,-4.8125],[15.5608,-4.8175],[15.5567,-4.82],[15.5508,-4.815],[15.5525,-4.8108],[15.5558,-4.8133],[15.56,-4.8125]]],[[[15.6017,-4.8125],[15.5958,-4.8158],[15.5942,-4.8108],[15.5992,-4.81],[15.6017,-4.8125]]],[[[15.6167,-4.7958],[15.6217,-4.8025],[15.6208,-4.8083],[15.6258,-4.8075],[15.6275,-4.8025],[15.63,-4.8025],[15.6283,-4.805],[15.6317,-4.8058],[15.6317,-4.81],[15.635,-4.81],[15.6308,-4.8117],[15.63,-4.8158],[15.6225,-4.8225],[15.6192,-4.8192],[15.615,-4.8192],[15.6167,-4.8158],[15.6208,-4.8175],[15.6217,-4.8117],[15.6158,-4.8133],[15.6075,-4.8075],[15.6083,-4.8],[15.6058,-4.7992],[15.605,-4.795],[15.6167,-4.7958]],[[15.6175,-4.805],[15.615,-4.7992],[15.6125,-4.7992],[15.6117,-4.8042],[15.6175,-4.805]],[[15.6125,-4.8083],[15.615,-4.8075],[15.6125,-4.8075],[15.6125,-4.8083]],[[15.615,-4.8117],[15.615,-4.8092],[15.6133,-4.8092],[15.6133,-4.8108],[15.615,-4.8117]],[[15.6275,-4.81],[15.625,-4.8133],[15.6275,-4.8125],[15.6275,-4.81]],[[15.6233,-4.8175],[15.625,-4.8158],[15.6233,-4.8158],[15.6233,-4.8175]],[[15.6217,-4.82],[15.6225,-4.8192],[15.6217,-4.8192],[15.6217,-4.82]]],[[[15.5483,-4.8058],[15.5458,-4.8108],[15.5508,-4.8067],[15.5533,-4.8083],[15.545,-4.8117],[15.5442,-4.8083],[15.5483,-4.8033],[15.5533,-4.8033],[15.5483,-4.8058]]],[[[15.5958,-4.8092],[15.5908,-4.8075],[15.5925,-4.8042],[15.5883,-4.8058],[15.5883,-4.8033],[15.595,-4.8025],[15.5958,-4.8092]]],[[[15.6025,-4.7958],[15.5967,-4.7967],[15.5975,-4.79],[15.6017,-4.7908],[15.6025,-4.7958]]],[[[15.6058,-4.7775],[15.6133,-4.7842],[15.6192,-4.785],[15.62,-4.79],[15.625,-4.7942],[15.6283,-4.7892],[15.6317,-4.79],[15.6325,-4.7933],[15.6375,-4.7925],[15.6375,-4.8],[15.6292,-4.8008],[15.6183,-4.7958],[15.6133,-4.7883],[15.6033,-4.7875],[15.6033,-4.7808],[15.6058,-4.7775]],[[15.61,-4.7858],[15.6067,-4.7817],[15.6058,-4.785],[15.61,-4.7858]],[[15.6158,-4.7867],[15.6167,-4.7875],[15.6167,-4.7867],[15.6158,-4.7867]],[[15.6208,-4.795],[15.6208,-4.7933],[15.6183,-4.7908],[15.6208,-4.795]],[[15.6317,-4.7958],[15.6292,-4.7975],[15.6317,-4.7975],[15.6317,-4.7958]],[[15.6333,-4.7967],[15.635,-4.7983],[15.635,-4.7967],[15.6333,-4.7967]]],[[[15.515,-4.7742],[15.5258,-4.7792],[15.5283,-4.775],[15.5317,-4.7758],[15.5283,-4.7692],[15.53,-4.7658],[15.5283,-4.7625],[15.5325,-4.7567],[15.5275,-4.7583],[15.525,-4.7567],[15.5258,-4.7517],[15.5292,-4.7492],[15.5292,-4.7433],[15.5317,-4.7433],[15.53,-4.7533],[15.5358,-4.75],[15.5342,-4.7433],[15.5375,-4.7492],[15.5325,-4.755],[15.5375,-4.7542],[15.5308,-4.7667],[15.5325,-4.77],[15.5408,-4.755],[15.5467,-4.7583],[15.5442,-4.7525],[15.5467,-4.7483],[15.5417,-4.745],[15.5417,-4.7417],[15.5433,-4.745],[15.5483,-4.7458],[15.5433,-4.7417],[15.5492,-4.7417],[15.5475,-4.7358],[15.5525,-4.7342],[15.5592,-4.7358],[15.5592,-4.7333],[15.5617,-4.7333],[15.5592,-4.7392],[15.555,-4.7358],[15.5508,-4.7383],[15.5508,-4.7442],[15.5567,-4.7433],[15.5583,-4.7475],[15.5533,-4.755],[15.55,-4.755],[15.55,-4.7592],[15.5608,-4.7625],[15.5625,-4.7667],[15.5525,-4.7625],[15.5492,-4.7733],[15.5542,-4.7742],[15.555,-4.7783],[15.5508,-4.7792],[15.5492,-4.775],[15.5467,-4.7767],[15.5492,-4.7825],[15.555,-4.785],[15.5667,-4.7833],[15.5642,-4.7942],[15.5583,-4.7933],[15.5592,-4.7967],[15.5533,-4.8],[15.5492,-4.7958],[15.5508,-4.7917],[15.5492,-4.7883],[15.5475,-4.7908],[15.545,-4.7892],[15.5442,-4.7925],[15.5425,-4.7875],[15.54,-4.7875],[15.5392,-4.7775],[15.5342,-4.78],[15.5333,-4.7867],[15.5292,-4.7908],[15.5358,-4.7917],[15.5392,-4.7992],[15.53,-4.8025],[15.525,-4.7975],[15.525,-4.8042],[15.5233,-4.8017],[15.5208,-4.8025],[15.515,-4.8142],[15.5233,-4.8083],[15.5317,-4.8075],[15.5308,-4.8125],[15.5292,-4.81],[15.525,-4.8108],[15.5267,-4.8208],[15.5308,-4.8225],[15.5383,-4.81],[15.5433,-4.8108],[15.545,-4.815],[15.5492,-4.8142],[15.5492,-4.8192],[15.5442,-4.82],[15.5433,-4.8233],[15.5383,-4.825],[15.5317,-4.8225],[15.5308,-4.8275],[15.5267,-4.83],[15.5217,-4.8292],[15.5258,-4.8358],[15.5217,-4.8408],[15.5167,-4.8383],[15.5167,-4.8367],[15.5225,-4.8383],[15.5208,-4.8342],[15.5175,-4.8333],[15.5133,-4.8358],[15.5092,-4.835],[15.5092,-4.8417],[15.5033,-4.8408],[15.5058,-4.835],[15.5,-4.825],[15.5058,-4.8225],[15.5083,-4.8275],[15.5142,-4.83],[15.5125,-4.82],[15.5017,-4.8183],[15.5008,-4.8133],[15.4892,-4.81],[15.49,-4.8033],[15.4808,-4.795],[15.4842,-4.7883],[15.4892,-4.7892],[15.4908,-4.7858],[15.4942,-4.7858],[15.4967,-4.7875],[15.495,-4.795],[15.4975,-4.7958],[15.4992,-4.8033],[15.5008,-4.7958],[15.5025,-4.8033],[15.5042,-4.8025],[15.5033,-4.7925],[15.505,-4.7925],[15.5075,-4.805],[15.51,-4.7992],[15.515,-4.8],[15.5208,-4.7925],[15.5125,-4.7925],[15.5133,-4.79],[15.51,-4.7925],[15.5033,-4.7917],[15.5,-4.79],[15.5,-4.7858],[15.4942,-4.7833],[15.495,-4.78],[15.5033,-4.7767],[15.4967,-4.7817],[15.4992,-4.7833],[15.5058,-4.7783],[15.5017,-4.7833],[15.5042,-4.785],[15.5017,-4.7883],[15.5058,-4.7892],[15.5092,-4.7817],[15.5208,-4.7833],[15.5225,-4.7808],[15.5217,-4.7783],[15.5125,-4.7792],[15.515,-4.7742]],[[15.5583,-4.7933],[15.5575,-4.7925],[15.5575,-4.7933],[15.5583,-4.7933]],[[15.5567,-4.7925],[15.5567,-4.79],[15.555,-4.79],[15.5567,-4.7925]],[[15.5342,-4.8225],[15.5367,-4.8208],[15.54,-4.8175],[15.5342,-4.8192],[15.5342,-4.8225]],[[15.55,-4.7483],[15.5533,-4.7508],[15.5542,-4.7458],[15.55,-4.7483]],[[15.5425,-4.7608],[15.5333,-4.7758],[15.5408,-4.7742],[15.5433,-4.7775],[15.5483,-4.7617],[15.5425,-4.7608]],[[15.5292,-4.78],[15.53,-4.7783],[15.5292,-4.7783],[15.5292,-4.78]],[[15.51,-4.785],[15.5242,-4.79],[15.5292,-4.7833],[15.525,-4.7808],[15.5242,-4.7875],[15.51,-4.785]],[[15.51,-4.7883],[15.5083,-4.7875],[15.5083,-4.7892],[15.51,-4.7883]],[[15.5517,-4.7875],[15.5525,-4.7858],[15.5517,-4.7858],[15.5517,-4.7875]],[[15.56,-4.7925],[15.5633,-4.7867],[15.5583,-4.7875],[15.56,-4.7925]],[[15.485,-4.7925],[15.49,-4.8008],[15.4933,-4.8017],[15.4933,-4.8058],[15.4983,-4.8083],[15.4917,-4.795],[15.4933,-4.7892],[15.49,-4.7925],[15.485,-4.7925]],[[15.5233,-4.795],[15.5342,-4.7983],[15.5333,-4.795],[15.5233,-4.7917],[15.5233,-4.795]],[[15.555,-4.7958],[15.555,-4.7942],[15.5525,-4.7925],[15.5517,-4.795],[15.555,-4.7958]],[[15.5217,-4.7975],[15.5175,-4.7992],[15.5175,-4.8025],[15.5217,-4.7992],[15.5217,-4.7975]],[[15.5167,-4.8025],[15.5142,-4.8042],[15.5117,-4.8017],[15.5092,-4.81],[15.5042,-4.8075],[15.4992,-4.8092],[15.5117,-4.8167],[15.5117,-4.8117],[15.5175,-4.805],[15.5167,-4.8025]],[[15.5217,-4.815],[15.5225,-4.8142],[15.5217,-4.8142],[15.5217,-4.815]],[[15.54,-4.8167],[15.5417,-4.815],[15.54,-4.8142],[15.54,-4.8167]],[[15.5192,-4.8167],[15.5183,-4.8158],[15.5183,-4.8167],[15.5192,-4.8167]],[[15.5183,-4.8167],[15.5167,-4.8183],[15.5183,-4.8175],[15.5183,-4.8167]],[[15.5208,-4.8183],[15.5242,-4.8208],[15.525,-4.8183],[15.5208,-4.8183]],[[15.5408,-4.8208],[15.5417,-4.82],[15.5408,-4.82],[15.5408,-4.8208]],[[15.5183,-4.8275],[15.5267,-4.825],[15.5167,-4.8217],[15.5183,-4.8275]],[[15.5075,-4.8325],[15.5083,-4.8308],[15.5075,-4.8308],[15.5075,-4.8325]],[[15.5108,-4.8333],[15.5117,-4.8325],[15.5108,-4.8325],[15.5108,-4.8333]]],[[[15.5092,-4.7792],[15.505,-4.7733],[15.4917,-4.7775],[15.4908,-4.7725],[15.4958,-4.7683],[15.4983,-4.7692],[15.4975,-4.7733],[15.5025,-4.77],[15.5125,-4.7717],[15.5133,-4.7758],[15.5092,-4.7792]]],[[[15.6342,-4.7775],[15.6283,-4.7808],[15.6242,-4.7775],[15.625,-4.775],[15.62,-4.775],[15.6167,-4.77],[15.6175,-4.7683],[15.6258,-4.77],[15.6258,-4.7675],[15.6308,-4.7658],[15.635,-4.7725],[15.6342,-4.7775]],[[15.6283,-4.7742],[15.6292,-4.7775],[15.6317,-4.7767],[15.63,-4.7708],[15.6208,-4.7708],[15.6225,-4.7733],[15.6283,-4.7742]]],[[[15.5092,-4.7492],[15.5125,-4.7508],[15.5142,-4.7675],[15.5175,-4.77],[15.525,-4.7683],[15.52,-4.7725],[15.5108,-4.7692],[15.5117,-4.7617],[15.5092,-4.76],[15.5108,-4.7508],[15.5058,-4.7533],[15.505,-4.745],[15.5075,-4.7508],[15.5092,-4.7492]]],[[[15.5875,-4.7567],[15.5808,-4.7575],[15.5792,-4.7525],[15.59,-4.7525],[15.5858,-4.7542],[15.5875,-4.7567]]],[[[15.6283,-4.7425],[15.6367,-4.7492],[15.6408,-4.7483],[15.6417,-4.7525],[15.6325,-4.7558],[15.6217,-4.75],[15.6242,-4.7425],[15.6283,-4.7425]],[[15.6242,-4.7492],[15.6292,-4.7492],[15.635,-4.7525],[15.6325,-4.7483],[15.6275,-4.7467],[15.6275,-4.7442],[15.625,-4.7442],[15.6242,-4.7492]]],[[[15.5908,-4.7342],[15.5992,-4.7317],[15.6008,-4.7342],[15.6008,-4.7392],[15.5975,-4.7433],[15.6033,-4.7492],[15.6008,-4.7533],[15.5967,-4.7533],[15.5917,-4.7475],[15.5917,-4.7425],[15.5867,-4.7367],[15.5892,-4.7342],[15.5867,-4.7317],[15.5908,-4.7342]],[[15.5933,-4.745],[15.5958,-4.7467],[15.5967,-4.7367],[15.5908,-4.7367],[15.5942,-4.74],[15.5933,-4.745]]],[[[15.5733,-4.7242],[15.5858,-4.7225],[15.59,-4.7233],[15.5908,-4.7258],[15.5858,-4.7267],[15.5833,-4.7317],[15.575,-4.7292],[15.5767,-4.7367],[15.575,-4.7408],[15.5675,-4.735],[15.5658,-4.7408],[15.5683,-4.7467],[15.5625,-4.7483],[15.5642,-4.7567],[15.56,-4.7575],[15.5633,-4.7617],[15.5608,-4.7625],[15.5575,-4.76],[15.5575,-4.7567],[15.5617,-4.755],[15.5592,-4.7467],[15.5633,-4.745],[15.565,-4.7342],[15.5675,-4.7317],[15.5717,-4.7325],[15.5733,-4.7283],[15.57,-4.7267],[15.5692,-4.7217],[15.5742,-4.72],[15.5733,-4.7242]]],[[[15.4942,-4.6983],[15.5,-4.7075],[15.505,-4.7067],[15.505,-4.71],[15.51,-4.7133],[15.5058,-4.715],[15.5058,-4.7192],[15.5108,-4.7175],[15.5158,-4.72],[15.5117,-4.7258],[15.5142,-4.7358],[15.5167,-4.7292],[15.5258,-4.7325],[15.5217,-4.7483],[15.5242,-4.7492],[15.5258,-4.7425],[15.5283,-4.7417],[15.5275,-4.7475],[15.5225,-4.7542],[15.5192,-4.7542],[15.5208,-4.7617],[15.525,-4.7633],[15.525,-4.7667],[15.5183,-4.7617],[15.5167,-4.7517],[15.51,-4.7467],[15.5083,-4.7408],[15.5008,-4.7417],[15.4967,-4.7367],[15.5017,-4.7392],[15.5092,-4.7375],[15.5125,-4.7467],[15.5175,-4.7467],[15.52,-4.7508],[15.5192,-4.745],[15.5225,-4.7333],[15.5192,-4.7325],[15.5167,-4.7408],[15.5133,-4.7417],[15.5075,-4.7275],[15.5117,-4.7208],[15.5042,-4.7217],[15.5042,-4.7125],[15.4967,-4.7108],[15.49,-4.7017],[15.4933,-4.7033],[15.4942,-4.6983]]],[[[15.56,-4.7242],[15.5642,-4.7267],[15.5608,-4.7267],[15.5575,-4.7308],[15.5542,-4.7308],[15.5533,-4.7283],[15.5483,-4.73],[15.5475,-4.735],[15.5425,-4.7367],[15.5467,-4.7333],[15.5467,-4.7275],[15.5517,-4.7242],[15.555,-4.7242],[15.5558,-4.7267],[15.56,-4.7242]]],[[[15.5608,-4.7092],[15.555,-4.7125],[15.5583,-4.7183],[15.555,-4.7175],[15.5533,-4.7133],[15.55,-4.7133],[15.5475,-4.7233],[15.5417,-4.725],[15.5442,-4.7342],[15.5408,-4.73],[15.5383,-4.735],[15.5358,-4.735],[15.54,-4.7283],[15.5367,-4.725],[15.5325,-4.7242],[15.53,-4.7267],[15.5367,-4.7267],[15.5375,-4.7292],[15.5308,-4.7308],[15.5275,-4.7283],[15.5292,-4.7225],[15.5342,-4.7217],[15.5392,-4.7242],[15.5442,-4.7217],[15.5458,-4.7158],[15.5425,-4.7133],[15.5358,-4.7183],[15.5283,-4.7192],[15.5258,-4.7258],[15.5217,-4.725],[15.525,-4.7242],[15.5258,-4.7183],[15.5317,-4.7142],[15.5358,-4.715],[15.54,-4.7108],[15.5433,-4.7108],[15.5467,-4.715],[15.5533,-4.7092],[15.5575,-4.7092],[15.5583,-4.7],[15.5608,-4.7],[15.5608,-4.7092]]],[[[15.5217,-4.7133],[15.5242,-4.7183],[15.5192,-4.7208],[15.5208,-4.7158],[15.5142,-4.715],[15.5125,-4.7117],[15.5217,-4.7133]]],[[[15.6017,-4.7025],[15.6075,-4.7042],[15.6058,-4.7067],[15.6083,-4.71],[15.61,-4.71],[15.6083,-4.7058],[15.6192,-4.7067],[15.6258,-4.7],[15.6375,-4.7033],[15.6375,-4.7058],[15.6308,-4.7117],[15.6233,-4.7092],[15.6283,-4.7133],[15.6283,-4.7175],[15.625,-4.72],[15.62,-4.715],[15.6167,-4.7167],[15.61,-4.715],[15.6067,-4.7092],[15.5992,-4.71],[15.5983,-4.7133],[15.6025,-4.715],[15.6033,-4.7183],[15.6142,-4.7183],[15.6142,-4.72],[15.6075,-4.72],[15.6108,-4.725],[15.6075,-4.7242],[15.605,-4.7275],[15.5958,-4.7233],[15.5908,-4.715],[15.5883,-4.7158],[15.5875,-4.72],[15.5817,-4.7183],[15.5783,-4.72],[15.58,-4.7167],[15.585,-4.7175],[15.5858,-4.7133],[15.5892,-4.7117],[15.595,-4.7117],[15.5925,-4.7058],[15.595,-4.6975],[15.6033,-4.6983],[15.6075,-4.6967],[15.605,-4.695],[15.6108,-4.695],[15.6133,-4.6992],[15.6117,-4.6983],[15.6092,-4.6992],[15.6125,-4.7033],[15.6067,-4.7],[15.5967,-4.7008],[15.5967,-4.7058],[15.6017,-4.7025]],[[15.5992,-4.7058],[15.5975,-4.7075],[15.6,-4.7075],[15.5992,-4.7058]],[[15.6292,-4.7083],[15.6342,-4.705],[15.625,-4.7042],[15.6292,-4.7083]],[[15.6167,-4.7125],[15.6175,-4.71],[15.6108,-4.71],[15.6125,-4.7125],[15.6167,-4.7125]],[[15.6192,-4.7108],[15.62,-4.71],[15.6192,-4.71],[15.6192,-4.7108]],[[15.6233,-4.7142],[15.6242,-4.7167],[15.6258,-4.7167],[15.6258,-4.7158],[15.6233,-4.7142]],[[15.5975,-4.72],[15.5992,-4.7167],[15.5967,-4.7167],[15.5975,-4.72]],[[15.6033,-4.7233],[15.6042,-4.7217],[15.6025,-4.7217],[15.6033,-4.7233]]],[[[15.5833,-4.6767],[15.5825,-4.6875],[15.5792,-4.6908],[15.5842,-4.6933],[15.5833,-4.6992],[15.5892,-4.7008],[15.59,-4.7033],[15.585,-4.705],[15.5858,-4.7108],[15.5833,-4.7125],[15.5817,-4.7042],[15.5842,-4.7017],[15.5817,-4.7],[15.5825,-4.695],[15.5775,-4.6917],[15.58,-4.6867],[15.5775,-4.685],[15.575,-4.6925],[15.5783,-4.6942],[15.5808,-4.7075],[15.5792,-4.7133],[15.5742,-4.7183],[15.5733,-4.7142],[15.5767,-4.7125],[15.5792,-4.7067],[15.5783,-4.7017],[15.5717,-4.7058],[15.5675,-4.7025],[15.5717,-4.6975],[15.5758,-4.6975],[15.5725,-4.6942],[15.5725,-4.69],[15.5767,-4.6817],[15.5783,-4.6808],[15.5792,-4.6833],[15.5833,-4.6767]],[[15.57,-4.7033],[15.5725,-4.7017],[15.57,-4.7017],[15.57,-4.7033]]],[[[15.5417,-4.6867],[15.5442,-4.685],[15.5508,-4.6867],[15.5533,-4.6925],[15.5592,-4.695],[15.5583,-4.7],[15.5558,-4.6992],[15.5558,-4.6958],[15.55,-4.6933],[15.5492,-4.6875],[15.54,-4.69],[15.5342,-4.6825],[15.5392,-4.6833],[15.5417,-4.6867]]],[[[15.6175,-4.6867],[15.6292,-4.6825],[15.6392,-4.6875],[15.64,-4.6908],[15.6333,-4.6942],[15.6225,-4.6908],[15.6208,-4.6933],[15.6225,-4.6975],[15.6192,-4.6983],[15.6192,-4.6958],[15.615,-4.6942],[15.615,-4.6892],[15.61,-4.6908],[15.6033,-4.6867],[15.615,-4.6833],[15.6183,-4.6792],[15.6175,-4.6867]],[[15.635,-4.69],[15.6333,-4.6875],[15.6258,-4.6867],[15.6267,-4.69],[15.635,-4.69]],[[15.6175,-4.6917],[15.6192,-4.69],[15.6175,-4.69],[15.6175,-4.6917]]],[[[15.5383,-4.705],[15.5292,-4.7033],[15.5342,-4.7075],[15.5325,-4.7125],[15.5192,-4.7117],[15.5142,-4.7092],[15.5317,-4.71],[15.5308,-4.7075],[15.5258,-4.7067],[15.525,-4.6992],[15.5233,-4.6992],[15.5242,-4.7042],[15.5175,-4.7075],[15.5142,-4.7058],[15.5133,-4.6992],[15.5092,-4.6992],[15.5075,-4.7017],[15.4992,-4.7008],[15.4983,-4.6967],[15.4942,-4.6975],[15.4875,-4.6942],[15.4875,-4.6883],[15.495,-4.6867],[15.4958,-4.6842],[15.4875,-4.6842],[15.485,-4.6892],[15.4775,-4.6875],[15.4767,-4.68],[15.4733,-4.6825],[15.4692,-4.6783],[15.475,-4.6808],[15.4758,-4.6767],[15.4792,-4.6758],[15.4808,-4.6775],[15.4792,-4.685],[15.4817,-4.6858],[15.4858,-4.6808],[15.4975,-4.6808],[15.4975,-4.6883],[15.495,-4.6908],[15.49,-4.69],[15.4908,-4.6933],[15.4967,-4.6942],[15.5025,-4.6875],[15.505,-4.6933],[15.5008,-4.6983],[15.515,-4.695],[15.5175,-4.7042],[15.5208,-4.7033],[15.5217,-4.695],[15.5175,-4.6942],[15.5108,-4.6858],[15.5133,-4.68],[15.5108,-4.6767],[15.5117,-4.6675],[15.51,-4.6717],[15.5058,-4.6717],[15.5,-4.6667],[15.5,-4.675],[15.495,-4.6775],[15.495,-4.675],[15.4892,-4.6708],[15.4817,-4.6692],[15.4867,-4.6625],[15.4783,-4.6617],[15.4775,-4.6642],[15.4725,-4.665],[15.4708,-4.6575],[15.4675,-4.6575],[15.4675,-4.655],[15.4725,-4.655],[15.475,-4.6592],[15.4825,-4.6592],[15.4842,-4.6558],[15.4842,-4.66],[15.4942,-4.6625],[15.495,-4.6708],[15.4992,-4.6625],[15.5025,-4.6625],[15.5033,-4.665],[15.5058,-4.6633],[15.5075,-4.6667],[15.5083,-4.6642],[15.5117,-4.6642],[15.515,-4.6675],[15.5142,-4.6767],[15.5167,-4.6775],[15.5133,-4.6842],[15.52,-4.6892],[15.5192,-4.68],[15.5217,-4.6783],[15.5242,-4.6867],[15.5225,-4.6925],[15.5258,-4.6883],[15.525,-4.6733],[15.5267,-4.6733],[15.5292,-4.6817],[15.5292,-4.6883],[15.5267,-4.6908],[15.53,-4.6917],[15.5317,-4.7008],[15.5367,-4.7025],[15.535,-4.6975],[15.5433,-4.695],[15.5442,-4.6925],[15.5467,-4.6975],[15.5442,-4.7],[15.5442,-4.7067],[15.5492,-4.7092],[15.5425,-4.7083],[15.54,-4.6992],[15.5383,-4.6992],[15.5383,-4.705]],[[15.5383,-4.6992],[15.5375,-4.6983],[15.5375,-4.6992],[15.5383,-4.6992]],[[15.4742,-4.6617],[15.475,-4.66],[15.4733,-4.66],[15.4742,-4.6617]],[[15.4858,-4.6675],[15.4875,-4.6658],[15.4858,-4.6658],[15.4858,-4.6675]],[[15.5017,-4.6917],[15.5025,-4.6908],[15.5017,-4.6908],[15.5017,-4.6917]],[[15.5283,-4.7],[15.5267,-4.6942],[15.525,-4.6942],[15.5283,-4.7]],[[15.5433,-4.6983],[15.5442,-4.6958],[15.5433,-4.6958],[15.5433,-4.6983]]],[[[15.54,-4.675],[15.5425,-4.6775],[15.5467,-4.6742],[15.5483,-4.6783],[15.5533,-4.68],[15.5542,-4.6858],[15.5575,-4.6867],[15.5533,-4.675],[15.5492,-4.6742],[15.5483,-4.6708],[15.5558,-4.6725],[15.5583,-4.6783],[15.5575,-4.6842],[15.5608,-4.6883],[15.5558,-4.69],[15.55,-4.6817],[15.5467,-4.68],[15.5408,-4.6817],[15.54,-4.6792],[15.5367,-4.6792],[15.5317,-4.6708],[15.5375,-4.6725],[15.5383,-4.6767],[15.54,-4.675]],[[15.545,-4.6767],[15.5458,-4.6758],[15.545,-4.6758],[15.545,-4.6767]]],[[[15.5917,-4.6617],[15.5742,-4.675],[15.5758,-4.6775],[15.5717,-4.6775],[15.5742,-4.685],[15.5692,-4.6925],[15.5658,-4.6925],[15.5642,-4.6883],[15.5675,-4.6858],[15.5667,-4.6875],[15.5675,-4.6892],[15.57,-4.685],[15.5633,-4.685],[15.5633,-4.6875],[15.5608,-4.6875],[15.5608,-4.6833],[15.5633,-4.6817],[15.57,-4.6833],[15.5692,-4.675],[15.5767,-4.67],[15.5775,-4.6667],[15.5817,-4.6658],[15.5817,-4.6642],[15.5717,-4.6633],[15.5725,-4.6583],[15.5792,-4.6567],[15.5883,-4.6617],[15.595,-4.6533],[15.5917,-4.6617]],[[15.575,-4.66],[15.5767,-4.6617],[15.58,-4.66],[15.575,-4.66]]],[[[15.6292,-4.64],[15.625,-4.64],[15.6267,-4.6458],[15.6292,-4.6408],[15.6325,-4.64],[15.6325,-4.6467],[15.6292,-4.65],[15.6325,-4.6483],[15.6358,-4.65],[15.6325,-4.6608],[15.6275,-4.6625],[15.625,-4.6575],[15.62,-4.6575],[15.6192,-4.6633],[15.6142,-4.6608],[15.6133,-4.6667],[15.6083,-4.665],[15.6108,-4.6725],[15.61,-4.6792],[15.6042,-4.6767],[15.6025,-4.6817],[15.5983,-4.6825],[15.5983,-4.6883],[15.6033,-4.6908],[15.6017,-4.695],[15.6042,-4.6967],[15.5992,-4.6958],[15.5992,-4.6917],[15.5958,-4.6892],[15.5908,-4.6925],[15.5875,-4.6917],[15.5858,-4.6808],[15.5875,-4.67],[15.5883,-4.6892],[15.59,-4.6892],[15.5925,-4.6858],[15.5908,-4.6792],[15.5975,-4.6808],[15.5958,-4.6767],[15.5908,-4.675],[15.59,-4.6708],[15.5975,-4.67],[15.5958,-4.6658],[15.6008,-4.6625],[15.5983,-4.6592],[15.5992,-4.655],[15.6025,-4.655],[15.6058,-4.6633],[15.6083,-4.6642],[15.6058,-4.6508],[15.6083,-4.6525],[15.6117,-4.6492],[15.6108,-4.6425],[15.6225,-4.645],[15.6208,-4.6383],[15.6292,-4.6367],[15.6292,-4.64]],[[15.6158,-4.6575],[15.6217,-4.6542],[15.6183,-4.65],[15.6192,-4.6458],[15.6133,-4.6442],[15.6158,-4.65],[15.6125,-4.6542],[15.6158,-4.6575]],[[15.6117,-4.6575],[15.6108,-4.655],[15.61,-4.6575],[15.6117,-4.6575]],[[15.6258,-4.6508],[15.6267,-4.6483],[15.6225,-4.6467],[15.6217,-4.65],[15.6258,-4.6508]],[[15.6283,-4.6575],[15.63,-4.6533],[15.6275,-4.6533],[15.6283,-4.6575]],[[15.61,-4.66],[15.6108,-4.6592],[15.61,-4.6592],[15.61,-4.66]],[[15.5967,-4.6742],[15.6008,-4.6767],[15.6067,-4.6733],[15.6042,-4.665],[15.6017,-4.665],[15.6,-4.6725],[15.5967,-4.6742]],[[15.5942,-4.6733],[15.5925,-4.6717],[15.5925,-4.6733],[15.5942,-4.6733]]],[[[15.5683,-4.6617],[15.5658,-4.6683],[15.55,-4.6683],[15.5642,-4.665],[15.5642,-4.6592],[15.5683,-4.6617]]],[[[15.535,-4.5758],[15.5333,-4.5692],[15.54,-4.5692],[15.5408,-4.5642],[15.5442,-4.5683],[15.5442,-4.5642],[15.5467,-4.5633],[15.555,-4.5692],[15.5567,-4.5783],[15.5625,-4.5792],[15.5675,-4.5842],[15.5717,-4.5792],[15.5692,-4.5758],[15.5767,-4.5767],[15.5783,-4.5742],[15.5692,-4.5717],[15.5767,-4.5717],[15.575,-4.5617],[15.5717,-4.56],[15.5758,-4.5592],[15.5783,-4.5625],[15.585,-4.5575],[15.5892,-4.5608],[15.5883,-4.55],[15.585,-4.5458],[15.58,-4.545],[15.5808,-4.54],[15.5767,-4.5408],[15.5792,-4.5317],[15.5858,-4.5342],[15.5875,-4.5258],[15.5933,-4.5258],[15.5958,-4.5233],[15.5967,-4.5342],[15.605,-4.5367],[15.6108,-4.5308],[15.6125,-4.5258],[15.6108,-4.52],[15.615,-4.5217],[15.615,-4.5175],[15.6208,-4.5183],[15.62,-4.51],[15.6233,-4.51],[15.6233,-4.5067],[15.63,-4.5108],[15.6342,-4.51],[15.6342,-4.505],[15.6383,-4.4992],[15.6433,-4.4967],[15.6517,-4.4983],[15.6517,-4.495],[15.655,-4.495],[15.6583,-4.4992],[15.6633,-4.4967],[15.6625,-4.4942],[15.6583,-4.4942],[15.66,-4.4917],[15.665,-4.4925],[15.6658,-4.5],[15.6692,-4.4992],[15.6683,-4.4958],[15.6708,-4.4975],[15.6725,-4.5042],[15.6692,-4.5075],[15.6642,-4.5075],[15.6625,-4.5025],[15.66,-4.5025],[15.6633,-4.5108],[15.66,-4.5142],[15.6542,-4.515],[15.6575,-4.5233],[15.655,-4.5258],[15.655,-4.5417],[15.6442,-4.5408],[15.6433,-4.545],[15.6392,-4.5467],[15.6417,-4.5517],[15.6375,-4.5475],[15.6358,-4.5492],[15.6342,-4.5475],[15.6367,-4.5442],[15.6333,-4.5425],[15.6317,-4.5375],[15.6375,-4.535],[15.6375,-4.5308],[15.635,-4.5292],[15.6292,-4.5308],[15.6258,-4.5283],[15.6242,-4.5367],[15.6217,-4.5308],[15.6175,-4.5333],[15.615,-4.5283],[15.6108,-4.5367],[15.6067,-4.5392],[15.595,-4.5358],[15.5992,-4.5433],[15.5917,-4.55],[15.6008,-4.5475],[15.6058,-4.5417],[15.6117,-4.5408],[15.6142,-4.5458],[15.6108,-4.5433],[15.6092,-4.5458],[15.6125,-4.5483],[15.6133,-4.5542],[15.6125,-4.5567],[15.6075,-4.5567],[15.6017,-4.5683],[15.5975,-4.5692],[15.6,-4.5633],[15.5958,-4.5633],[15.595,-4.5758],[15.5817,-4.5733],[15.5792,-4.5758],[15.58,-4.5817],[15.5875,-4.5858],[15.5875,-4.5917],[15.59,-4.5942],[15.6033,-4.5875],[15.6092,-4.5875],[15.6125,-4.5908],[15.6167,-4.5858],[15.6267,-4.5858],[15.635,-4.5942],[15.635,-4.5975],[15.6342,-4.6],[15.63,-4.5983],[15.6342,-4.605],[15.6292,-4.6083],[15.6333,-4.6117],[15.6267,-4.6108],[15.6267,-4.6133],[15.6317,-4.615],[15.6317,-4.6167],[15.6258,-4.6167],[15.6242,-4.6142],[15.6267,-4.6058],[15.6308,-4.6042],[15.6233,-4.6033],[15.6258,-4.5967],[15.6183,-4.6017],[15.6125,-4.5992],[15.6133,-4.595],[15.6108,-4.5983],[15.6067,-4.5983],[15.6075,-4.6008],[15.6125,-4.6017],[15.6133,-4.6092],[15.6183,-4.6083],[15.6208,-4.6108],[15.6267,-4.6233],[15.6208,-4.6208],[15.62,-4.6158],[15.6167,-4.6175],[15.6175,-4.6117],[15.6108,-4.6117],[15.6058,-4.6175],[15.6142,-4.6158],[15.6158,-4.6192],[15.6133,-4.6225],[15.6175,-4.6217],[15.6183,-4.6258],[15.6117,-4.6317],[15.6067,-4.63],[15.6033,-4.6325],[15.5942,-4.6225],[15.5975,-4.6225],[15.6017,-4.6267],[15.6033,-4.6242],[15.6075,-4.6242],[15.6117,-4.6283],[15.6133,-4.625],[15.6108,-4.6208],[15.6142,-4.6175],[15.6117,-4.6167],[15.6092,-4.6208],[15.6042,-4.6183],[15.6008,-4.6217],[15.5917,-4.62],[15.5933,-4.6292],[15.5983,-4.63],[15.5983,-4.6325],[15.6025,-4.6342],[15.6067,-4.6333],[15.6042,-4.6367],[15.6075,-4.6375],[15.5975,-4.645],[15.5983,-4.6475],[15.5925,-4.6508],[15.5942,-4.6525],[15.5908,-4.6558],[15.5867,-4.6567],[15.5817,-4.6533],[15.5808,-4.6483],[15.5858,-4.6467],[15.5892,-4.65],[15.5942,-4.6458],[15.5792,-4.6408],[15.5758,-4.6425],[15.5717,-4.6508],[15.5683,-4.6508],[15.5683,-4.6575],[15.5667,-4.6583],[15.5658,-4.6492],[15.5725,-4.645],[15.5725,-4.6417],[15.565,-4.6408],[15.5642,-4.6467],[15.5608,-4.6475],[15.5575,-4.6558],[15.5525,-4.6542],[15.5458,-4.6583],[15.5542,-4.6617],[15.5442,-4.6658],[15.5442,-4.6692],[15.5408,-4.6667],[15.5417,-4.6708],[15.5392,-4.6717],[15.5375,-4.665],[15.535,-4.6683],[15.53,-4.6675],[15.5333,-4.6633],[15.5325,-4.6567],[15.5267,-4.6667],[15.5192,-4.6683],[15.5183,-4.6642],[15.5117,-4.6633],[15.5092,-4.6592],[15.5,-4.66],[15.4992,-4.6558],[15.4967,-4.6608],[15.4892,-4.6583],[15.4867,-4.6558],[15.4875,-4.6483],[15.4833,-4.6475],[15.4833,-4.6442],[15.4817,-4.6442],[15.4825,-4.6508],[15.4717,-4.6533],[15.4733,-4.6367],[15.4692,-4.64],[15.47,-4.645],[15.4667,-4.6525],[15.4617,-4.6525],[15.4642,-4.6467],[15.4617,-4.6392],[15.4608,-4.6417],[15.4583,-4.6408],[15.46,-4.645],[15.4583,-4.6508],[15.455,-4.6508],[15.4533,-4.6475],[15.4458,-4.6483],[15.4508,-4.645],[15.4567,-4.6467],[15.4567,-4.6375],[15.4625,-4.6342],[15.4667,-4.6367],[15.4725,-4.6325],[15.4767,-4.6367],[15.4758,-4.65],[15.4792,-4.6483],[15.4783,-4.6433],[15.4817,-4.64],[15.4867,-4.6417],[15.4925,-4.6375],[15.495,-4.6467],[15.49,-4.6508],[15.4908,-4.6567],[15.4958,-4.6575],[15.4967,-4.6525],[15.5025,-4.65],[15.5042,-4.6517],[15.5025,-4.6575],[15.5058,-4.6575],[15.5108,-4.6425],[15.5192,-4.64],[15.5217,-4.6358],[15.5275,-4.6358],[15.5292,-4.6408],[15.53,-4.635],[15.5467,-4.6258],[15.55,-4.63],[15.5492,-4.645],[15.5383,-4.6492],[15.5417,-4.6517],[15.5417,-4.6567],[15.5358,-4.6592],[15.5417,-4.6633],[15.5508,-4.65],[15.5567,-4.6508],[15.5608,-4.64],[15.5642,-4.6375],[15.5708,-4.6392],[15.5742,-4.6358],[15.5792,-4.635],[15.5775,-4.6375],[15.5892,-4.64],[15.5858,-4.635],[15.5775,-4.6333],[15.5717,-4.6283],[15.5692,-4.6283],[15.5692,-4.6342],[15.5658,-4.6308],[15.5675,-4.625],[15.5733,-4.6258],[15.5725,-4.6217],[15.5758,-4.6133],[15.5808,-4.6092],[15.5767,-4.6033],[15.5717,-4.6042],[15.5708,-4.6075],[15.565,-4.6108],[15.5642,-4.62],[15.5608,-4.6242],[15.5558,-4.6242],[15.545,-4.6117],[15.5458,-4.6042],[15.5425,-4.6042],[15.54,-4.5983],[15.5242,-4.5908],[15.52,-4.5975],[15.5242,-4.5975],[15.535,-4.6042],[15.535,-4.6108],[15.5408,-4.6183],[15.5383,-4.6233],[15.535,-4.625],[15.525,-4.6233],[15.5267,-4.6267],[15.525,-4.6317],[15.5192,-4.6325],[15.5133,-4.6208],[15.5175,-4.6133],[15.5158,-4.6233],[15.5192,-4.6283],[15.5217,-4.6283],[15.52,-4.6242],[15.5242,-4.6183],[15.5133,-4.6092],[15.5142,-4.6158],[15.5108,-4.62],[15.51,-4.6092],[15.4975,-4.6075],[15.4908,-4.6108],[15.5,-4.6133],[15.5,-4.6175],[15.505,-4.6183],[15.5058,-4.6217],[15.4975,-4.62],[15.4967,-4.6167],[15.4917,-4.6142],[15.4967,-4.62],[15.4958,-4.6233],[15.49,-4.6158],[15.4808,-4.6108],[15.4833,-4.6175],[15.4783,-4.6317],[15.475,-4.6325],[15.4725,-4.6308],[15.4742,-4.62],[15.4633,-4.625],[15.4642,-4.6208],[15.4583,-4.6217],[15.4583,-4.6183],[15.4558,-4.6183],[15.4575,-4.615],[15.4525,-4.6192],[15.4533,-4.6133],[15.4483,-4.6125],[15.4483,-4.61],[15.455,-4.6058],[15.4508,-4.6042],[15.4508,-4.6],[15.445,-4.5942],[15.4383,-4.5958],[15.4383,-4.5933],[15.435,-4.5933],[15.4383,-4.59],[15.4375,-4.5867],[15.44,-4.5867],[15.4392,-4.5933],[15.4467,-4.5925],[15.4508,-4.5975],[15.4475,-4.59],[15.4425,-4.5908],[15.4417,-4.5842],[15.4442,-4.5842],[15.4442,-4.5883],[15.45,-4.5892],[15.4517,-4.5933],[15.4558,-4.59],[15.4533,-4.6008],[15.455,-4.6025],[15.455,-4.5983],[15.4583,-4.5975],[15.4567,-4.6017],[15.4592,-4.6058],[15.4642,-4.6033],[15.4625,-4.6075],[15.4667,-4.6058],[15.465,-4.6108],[15.4667,-4.6125],[15.4758,-4.6092],[15.475,-4.6125],[15.4783,-4.6133],[15.4808,-4.6092],[15.4867,-4.61],[15.4983,-4.6033],[15.5117,-4.6058],[15.5125,-4.6025],[15.5183,-4.6008],[15.5167,-4.5958],[15.5233,-4.5883],[15.5308,-4.5892],[15.5258,-4.5808],[15.5225,-4.5825],[15.5217,-4.5892],[15.5125,-4.5858],[15.515,-4.5883],[15.5158,-4.5967],[15.5117,-4.6025],[15.4975,-4.6008],[15.4967,-4.6033],[15.49,-4.605],[15.4908,-4.6017],[15.495,-4.6008],[15.4967,-4.595],[15.4933,-4.585],[15.5042,-4.5775],[15.5,-4.5717],[15.5058,-4.5633],[15.4917,-4.55],[15.5,-4.5525],[15.5092,-4.5617],[15.5092,-4.565],[15.5042,-4.57],[15.5042,-4.5725],[15.5075,-4.5733],[15.5083,-4.5792],[15.5,-4.5817],[15.4958,-4.5867],[15.4992,-4.595],[15.5058,-4.5883],[15.5042,-4.585],[15.5092,-4.5875],[15.5008,-4.5992],[15.5067,-4.5983],[15.51,-4.6008],[15.5133,-4.5975],[15.5125,-4.59],[15.5075,-4.585],[15.5117,-4.5758],[15.5125,-4.58],[15.52,-4.5825],[15.5217,-4.5817],[15.52,-4.5783],[15.5225,-4.575],[15.5258,-4.575],[15.5267,-4.5717],[15.5283,-4.575],[15.5233,-4.5783],[15.5283,-4.5792],[15.5275,-4.5825],[15.5358,-4.5792],[15.5308,-4.5775],[15.5308,-4.5733],[15.535,-4.5758]],[[15.6067,-4.5983],[15.6058,-4.5975],[15.6058,-4.5983],[15.6067,-4.5983]],[[15.6058,-4.615],[15.5975,-4.6125],[15.5958,-4.6142],[15.5992,-4.6183],[15.6058,-4.615]],[[15.5325,-4.6558],[15.5375,-4.6558],[15.5375,-4.6542],[15.5342,-4.6542],[15.5325,-4.6558]],[[15.4992,-4.6542],[15.5008,-4.655],[15.5008,-4.6533],[15.4992,-4.6542]],[[15.4875,-4.6475],[15.4908,-4.6475],[15.4908,-4.6433],[15.4875,-4.6475]],[[15.4567,-4.6467],[15.4575,-4.6475],[15.4575,-4.6467],[15.4567,-4.6467]],[[15.5775,-4.6375],[15.5767,-4.6383],[15.5775,-4.6383],[15.5775,-4.6375]],[[15.4742,-4.62],[15.475,-4.6192],[15.4742,-4.6192],[15.4742,-4.62]],[[15.475,-4.6175],[15.4767,-4.6183],[15.4767,-4.6158],[15.475,-4.6175]],[[15.4592,-4.6208],[15.4683,-4.62],[15.4692,-4.6158],[15.4633,-4.615],[15.4625,-4.6092],[15.4575,-4.6083],[15.4567,-4.6108],[15.4617,-4.6158],[15.4592,-4.6208]],[[15.5308,-4.5892],[15.5317,-4.59],[15.5317,-4.5892],[15.5308,-4.5892]],[[15.5317,-4.5908],[15.5442,-4.5983],[15.5483,-4.6033],[15.55,-4.6117],[15.5533,-4.6083],[15.5525,-4.615],[15.5583,-4.6208],[15.5608,-4.6192],[15.5633,-4.6083],[15.5758,-4.5992],[15.5717,-4.5967],[15.5625,-4.6033],[15.56,-4.6017],[15.5517,-4.6033],[15.55,-4.5992],[15.555,-4.6017],[15.5617,-4.5975],[15.5625,-4.6008],[15.5625,-4.5975],[15.5708,-4.5942],[15.5733,-4.5942],[15.5767,-4.5992],[15.5817,-4.6],[15.5842,-4.605],[15.5892,-4.6075],[15.5858,-4.5983],[15.5925,-4.5967],[15.5942,-4.6067],[15.5983,-4.6067],[15.6,-4.6117],[15.6083,-4.6133],[15.5983,-4.6033],[15.6017,-4.5967],[15.605,-4.5967],[15.6042,-4.5925],[15.6075,-4.5892],[15.6033,-4.5908],[15.6025,-4.5942],[15.5883,-4.595],[15.585,-4.5925],[15.585,-4.5875],[15.5767,-4.5825],[15.5767,-4.5783],[15.5692,-4.5867],[15.5608,-4.5867],[15.5592,-4.5825],[15.5533,-4.5792],[15.5517,-4.5708],[15.5483,-4.5683],[15.5375,-4.5767],[15.5392,-4.5833],[15.5325,-4.5858],[15.5367,-4.59],[15.5442,-4.5883],[15.5467,-4.5917],[15.5317,-4.5908]],[[15.56,-4.6017],[15.5608,-4.6008],[15.56,-4.6008],[15.56,-4.6017]],[[15.52,-4.5858],[15.5208,-4.5867],[15.5217,-4.5858],[15.52,-4.5858]],[[15.5117,-4.58],[15.51,-4.5817],[15.51,-4.5833],[15.5125,-4.5817],[15.5117,-4.58]],[[15.52,-4.5825],[15.515,-4.5842],[15.52,-4.5833],[15.52,-4.5825]],[[15.515,-4.5833],[15.5142,-4.5825],[15.5142,-4.5833],[15.515,-4.5833]],[[15.5367,-4.5817],[15.5325,-4.5808],[15.5317,-4.5833],[15.5367,-4.5817]],[[15.6642,-4.5025],[15.665,-4.5017],[15.6642,-4.5017],[15.6642,-4.5025]],[[15.64,-4.5108],[15.6325,-4.5217],[15.6417,-4.5258],[15.6442,-4.5342],[15.6483,-4.53],[15.6458,-4.5167],[15.6525,-4.5058],[15.64,-4.5108]],[[15.625,-4.5125],[15.6258,-4.5117],[15.625,-4.5117],[15.625,-4.5125]],[[15.6233,-4.5158],[15.6233,-4.5192],[15.6267,-4.5208],[15.6258,-4.5158],[15.6233,-4.5158]],[[15.6267,-4.5225],[15.6275,-4.5217],[15.6267,-4.5217],[15.6267,-4.5225]],[[15.6283,-4.5242],[15.6275,-4.5258],[15.63,-4.5275],[15.63,-4.5258],[15.6283,-4.5242]],[[15.5892,-4.5283],[15.5883,-4.5317],[15.5908,-4.5317],[15.5917,-4.5292],[15.5892,-4.5283]],[[15.5867,-4.5375],[15.59,-4.5342],[15.5892,-4.5325],[15.5858,-4.535],[15.5867,-4.5375]],[[15.5825,-4.5392],[15.5842,-4.5375],[15.5825,-4.5375],[15.5825,-4.5392]],[[15.635,-4.5408],[15.6358,-4.5375],[15.635,-4.5375],[15.635,-4.5408]],[[15.59,-4.5433],[15.5917,-4.5417],[15.59,-4.5417],[15.59,-4.5433]],[[15.6025,-4.5542],[15.6,-4.5542],[15.6,-4.5558],[15.6025,-4.5542]],[[15.5942,-4.5575],[15.5975,-4.555],[15.5942,-4.5542],[15.5942,-4.5575]],[[15.585,-4.5667],[15.5875,-4.565],[15.585,-4.565],[15.585,-4.5667]],[[15.5408,-4.5725],[15.5417,-4.5708],[15.5408,-4.5708],[15.5408,-4.5725]],[[15.5367,-4.5725],[15.5375,-4.5717],[15.5367,-4.5717],[15.5367,-4.5725]],[[15.6175,-4.5917],[15.625,-4.5883],[15.6167,-4.5892],[15.6175,-4.5917]],[[15.6075,-4.5942],[15.6092,-4.5925],[15.6075,-4.5925],[15.6075,-4.5942]],[[15.6158,-4.5967],[15.6192,-4.5983],[15.625,-4.5925],[15.6233,-4.5925],[15.6158,-4.5967]],[[15.6158,-4.5942],[15.6167,-4.5933],[15.6158,-4.5933],[15.6158,-4.5942]],[[15.6275,-4.5958],[15.6308,-4.5933],[15.6283,-4.5933],[15.6275,-4.5958]],[[15.6275,-4.5958],[15.6267,-4.5967],[15.6275,-4.5967],[15.6275,-4.5958]],[[15.5892,-4.5992],[15.5908,-4.6033],[15.5917,-4.5992],[15.5892,-4.5992]],[[15.5225,-4.6],[15.5208,-4.6017],[15.5233,-4.6017],[15.5225,-4.6]],[[15.6042,-4.6],[15.6017,-4.6033],[15.605,-4.6033],[15.6042,-4.6]],[[15.6267,-4.6008],[15.6275,-4.6],[15.6267,-4.6],[15.6267,-4.6008]],[[15.5808,-4.6033],[15.5792,-4.6017],[15.5792,-4.6033],[15.5808,-4.6033]],[[15.5275,-4.6067],[15.52,-4.6033],[15.5142,-4.6042],[15.5225,-4.615],[15.5283,-4.6158],[15.5317,-4.6192],[15.5308,-4.6225],[15.5342,-4.6217],[15.5367,-4.6183],[15.5317,-4.61],[15.5283,-4.615],[15.5275,-4.6067]],[[15.5308,-4.61],[15.53,-4.6083],[15.53,-4.61],[15.5308,-4.61]],[[15.4558,-4.605],[15.4567,-4.6042],[15.4558,-4.6042],[15.4558,-4.605]],[[15.5292,-4.6042],[15.53,-4.6075],[15.5317,-4.6075],[15.5292,-4.6042]],[[15.6092,-4.61],[15.6108,-4.605],[15.605,-4.6042],[15.605,-4.6067],[15.6092,-4.61]],[[15.5842,-4.6075],[15.585,-4.61],[15.5858,-4.6075],[15.5842,-4.6075]],[[15.5908,-4.6075],[15.59,-4.61],[15.5942,-4.61],[15.5933,-4.6083],[15.5908,-4.6075]],[[15.455,-4.6108],[15.4542,-4.6083],[15.4508,-4.61],[15.4517,-4.6117],[15.455,-4.6108]],[[15.5967,-4.6108],[15.595,-4.6092],[15.595,-4.6108],[15.5967,-4.6108]],[[15.5825,-4.6108],[15.5783,-4.6192],[15.5817,-4.6158],[15.5825,-4.6108]],[[15.5833,-4.6183],[15.5783,-4.6217],[15.5808,-4.6267],[15.585,-4.6275],[15.5892,-4.6358],[15.5942,-4.6358],[15.595,-4.64],[15.5992,-4.6425],[15.6017,-4.6367],[15.5967,-4.6358],[15.5892,-4.6292],[15.5892,-4.625],[15.585,-4.6242],[15.5867,-4.6175],[15.5933,-4.6125],[15.5858,-4.6108],[15.5833,-4.6183]],[[15.4542,-4.6142],[15.455,-4.6133],[15.4542,-4.6133],[15.4542,-4.6142]],[[15.4725,-4.6142],[15.4733,-4.6158],[15.4742,-4.6142],[15.4725,-4.6142]],[[15.595,-4.6175],[15.5925,-4.6167],[15.5908,-4.6183],[15.595,-4.6175]],[[15.525,-4.62],[15.5283,-4.6183],[15.525,-4.6183],[15.525,-4.62]],[[15.6167,-4.6233],[15.6142,-4.625],[15.6158,-4.6258],[15.6167,-4.6233]],[[15.5758,-4.625],[15.5758,-4.6292],[15.5767,-4.6292],[15.5783,-4.6267],[15.5758,-4.625]],[[15.6058,-4.6283],[15.6075,-4.6292],[15.6058,-4.6267],[15.6058,-4.6283]],[[15.5808,-4.6283],[15.5792,-4.6308],[15.5808,-4.63],[15.5808,-4.6283]],[[15.5158,-4.6483],[15.5225,-4.6483],[15.5225,-4.6467],[15.5267,-4.6483],[15.5258,-4.6525],[15.5175,-4.65],[15.5183,-4.6533],[15.5108,-4.6558],[15.5117,-4.6608],[15.5183,-4.6608],[15.5217,-4.6658],[15.5217,-4.6625],[15.5267,-4.6625],[15.5275,-4.6575],[15.5358,-4.6508],[15.5225,-4.645],[15.5358,-4.6467],[15.535,-4.6425],[15.5375,-4.6442],[15.5458,-4.6425],[15.5458,-4.64],[15.5433,-4.64],[15.5458,-4.63],[15.5425,-4.63],[15.5292,-4.6425],[15.5242,-4.64],[15.5217,-4.645],[15.5133,-4.645],[15.5117,-4.6533],[15.5158,-4.6517],[15.5158,-4.6483]],[[15.5117,-4.6533],[15.51,-4.655],[15.5108,-4.655],[15.5117,-4.6533]],[[15.4658,-4.64],[15.4667,-4.6383],[15.4658,-4.6383],[15.4658,-4.64]],[[15.5917,-4.6408],[15.5933,-4.6392],[15.5908,-4.6392],[15.5917,-4.6408]],[[15.5925,-4.6433],[15.5942,-4.6417],[15.5925,-4.6417],[15.5925,-4.6433]],[[15.4675,-4.6442],[15.4658,-4.6467],[15.4675,-4.6467],[15.4675,-4.6442]],[[15.4642,-4.65],[15.4667,-4.6483],[15.4642,-4.6492],[15.4642,-4.65]],[[15.5842,-4.6517],[15.5858,-4.6525],[15.5842,-4.65],[15.5842,-4.6517]],[[15.5867,-4.6533],[15.5875,-4.6525],[15.5867,-4.6525],[15.5867,-4.6533]],[[15.5092,-4.6575],[15.51,-4.6567],[15.5092,-4.6567],[15.5092,-4.6575]],[[15.5325,-4.665],[15.5333,-4.6667],[15.5342,-4.665],[15.5325,-4.665]]],[[[15.605,-4.5675],[15.6217,-4.5775],[15.625,-4.5775],[15.6258,-4.5792],[15.6225,-4.5792],[15.61,-4.5725],[15.6267,-4.5842],[15.6242,-4.585],[15.6183,-4.5808],[15.6167,-4.585],[15.6117,-4.5858],[15.6142,-4.5808],[15.61,-4.5792],[15.6092,-4.575],[15.6042,-4.5742],[15.605,-4.5717],[15.6083,-4.5717],[15.605,-4.5675]],[[15.6083,-4.5717],[15.6092,-4.5725],[15.6092,-4.5717],[15.6083,-4.5717]]],[[[15.5167,-4.5475],[15.5075,-4.5567],[15.5008,-4.55],[15.5092,-4.5542],[15.5125,-4.5483],[15.5167,-4.5475]]],[[[15.5758,-4.5467],[15.5792,-4.5533],[15.575,-4.555],[15.5667,-4.5508],[15.57,-4.5492],[15.5725,-4.5525],[15.5767,-4.5525],[15.5733,-4.5475],[15.5758,-4.5433],[15.5783,-4.545],[15.5758,-4.5467]]],[[[15.5258,-4.55],[15.5317,-4.5483],[15.5308,-4.5525],[15.5275,-4.5517],[15.5242,-4.5542],[15.5233,-4.5475],[15.5292,-4.5433],[15.5258,-4.5475],[15.5258,-4.55]]],[[[15.5317,-4.4917],[15.5375,-4.4983],[15.5375,-4.5025],[15.5358,-4.51],[15.5308,-4.5108],[15.5308,-4.5225],[15.5433,-4.5275],[15.5425,-4.5333],[15.535,-4.5283],[15.5258,-4.5342],[15.525,-4.54],[15.5208,-4.5467],[15.5183,-4.5475],[15.5183,-4.5408],[15.5225,-4.5333],[15.5325,-4.5275],[15.5283,-4.5208],[15.5258,-4.525],[15.5175,-4.5275],[15.52,-4.5333],[15.5175,-4.5375],[15.5092,-4.5308],[15.5008,-4.5317],[15.4958,-4.5258],[15.4925,-4.5267],[15.495,-4.5333],[15.4917,-4.5308],[15.49,-4.5333],[15.4883,-4.5292],[15.4833,-4.5308],[15.4867,-4.5275],[15.49,-4.53],[15.4908,-4.5242],[15.4958,-4.5233],[15.5,-4.5275],[15.5108,-4.5283],[15.515,-4.5333],[15.5133,-4.525],[15.5175,-4.5225],[15.5217,-4.5233],[15.5258,-4.5183],[15.525,-4.5117],[15.52,-4.5058],[15.5233,-4.5017],[15.5208,-4.4975],[15.5308,-4.5008],[15.53,-4.5067],[15.5233,-4.505],[15.5292,-4.51],[15.5333,-4.5083],[15.5358,-4.4983],[15.5267,-4.4908],[15.5317,-4.4917]],[[15.5258,-4.5017],[15.5275,-4.5033],[15.5275,-4.5017],[15.5258,-4.5017]],[[15.5283,-4.5192],[15.5292,-4.52],[15.5292,-4.5192],[15.5283,-4.5192]],[[15.5392,-4.5275],[15.54,-4.5283],[15.54,-4.5275],[15.5392,-4.5275]],[[15.5408,-4.5283],[15.5417,-4.53],[15.5417,-4.5283],[15.5408,-4.5283]]],[[[15.5533,-4.49],[15.5617,-4.4992],[15.5533,-4.4983],[15.5467,-4.495],[15.545,-4.4917],[15.5575,-4.4967],[15.5525,-4.4908],[15.5475,-4.4917],[15.5533,-4.49]]],[[[15.51,-4.4692],[15.5167,-4.4775],[15.5167,-4.4808],[15.5125,-4.4842],[15.5142,-4.4892],[15.5108,-4.4883],[15.51,-4.4908],[15.5058,-4.4867],[15.5008,-4.4742],[15.51,-4.4692]],[[15.505,-4.475],[15.5083,-4.4867],[15.5108,-4.4875],[15.515,-4.4783],[15.5075,-4.4733],[15.505,-4.475]]],[[[15.6175,-4.2858],[15.6267,-4.2817],[15.6267,-4.2742],[15.6317,-4.2733],[15.6358,-4.2742],[15.6392,-4.2792],[15.6442,-4.28],[15.6508,-4.2875],[15.6567,-4.2883],[15.6592,-4.2917],[15.665,-4.2875],[15.665,-4.295],[15.6617,-4.2967],[15.6617,-4.3033],[15.6658,-4.31],[15.6642,-4.3192],[15.6675,-4.3142],[15.6667,-4.3058],[15.6733,-4.3075],[15.6733,-4.3033],[15.68,-4.3025],[15.6817,-4.3075],[15.6783,-4.3133],[15.6842,-4.3092],[15.6833,-4.3142],[15.6883,-4.3125],[15.6908,-4.3192],[15.6958,-4.3217],[15.69,-4.3258],[15.69,-4.3275],[15.6925,-4.325],[15.6967,-4.3267],[15.6942,-4.3325],[15.705,-4.3325],[15.7058,-4.3375],[15.6933,-4.345],[15.7,-4.3458],[15.6975,-4.3467],[15.6992,-4.35],[15.6958,-4.3533],[15.7,-4.3542],[15.7042,-4.3508],[15.7042,-4.3533],[15.6992,-4.355],[15.6983,-4.3592],[15.6983,-4.3608],[15.7025,-4.36],[15.7025,-4.3633],[15.6992,-4.365],[15.705,-4.3675],[15.7025,-4.37],[15.7042,-4.3725],[15.6983,-4.3717],[15.695,-4.375],[15.7025,-4.3825],[15.7,-4.3875],[15.7017,-4.3942],[15.705,-4.3933],[15.7025,-4.4017],[15.7,-4.4042],[15.6967,-4.4025],[15.6975,-4.4208],[15.6858,-4.4225],[15.6858,-4.4275],[15.6792,-4.4367],[15.6733,-4.4367],[15.675,-4.4333],[15.6708,-4.4308],[15.6708,-4.4358],[15.6625,-4.4342],[15.6575,-4.4375],[15.655,-4.4433],[15.6492,-4.445],[15.6633,-4.4483],[15.66,-4.4508],[15.6567,-4.45],[15.655,-4.465],[15.6467,-4.47],[15.6608,-4.4783],[15.6625,-4.4825],[15.6533,-4.4883],[15.6408,-4.4858],[15.6367,-4.4883],[15.6383,-4.4925],[15.635,-4.4917],[15.635,-4.4967],[15.6325,-4.495],[15.6333,-4.49],[15.63,-4.4875],[15.6267,-4.4892],[15.625,-4.4867],[15.6217,-4.49],[15.6158,-4.4875],[15.615,-4.4917],[15.6183,-4.4925],[15.6183,-4.4975],[15.6125,-4.4983],[15.6125,-4.5025],[15.6083,-4.5017],[15.6083,-4.5067],[15.6025,-4.5067],[15.6042,-4.5042],[15.6067,-4.505],[15.6025,-4.4983],[15.6058,-4.4925],[15.6042,-4.4908],[15.6042,-4.4867],[15.6067,-4.485],[15.6058,-4.475],[15.6133,-4.4708],[15.6175,-4.4725],[15.6108,-4.4767],[15.6108,-4.4842],[15.6167,-4.4808],[15.6217,-4.4817],[15.625,-4.4783],[15.6358,-4.4817],[15.6417,-4.4783],[15.6467,-4.4792],[15.6392,-4.475],[15.6392,-4.4708],[15.6492,-4.4533],[15.6425,-4.4508],[15.6392,-4.4417],[15.6433,-4.4375],[15.65,-4.4383],[15.6558,-4.4283],[15.665,-4.4275],[15.6633,-4.4225],[15.665,-4.4142],[15.6758,-4.425],[15.68,-4.42],[15.6792,-4.4133],[15.6892,-4.4158],[15.69,-4.4058],[15.6858,-4.3983],[15.6933,-4.3967],[15.6942,-4.3858],[15.6867,-4.3842],[15.6892,-4.38],[15.6892,-4.3692],[15.6833,-4.37],[15.685,-4.3725],[15.6825,-4.3733],[15.6808,-4.3792],[15.6775,-4.3767],[15.6808,-4.3767],[15.6817,-4.3725],[15.6767,-4.375],[15.675,-4.3792],[15.6675,-4.375],[15.6658,-4.3867],[15.6642,-4.385],[15.6617,-4.3908],[15.6592,-4.3925],[15.6633,-4.3842],[15.6617,-4.3767],[15.6583,-4.375],[15.66,-4.3683],[15.6633,-4.3675],[15.6642,-4.3633],[15.6692,-4.3633],[15.67,-4.3567],[15.6708,-4.3592],[15.6775,-4.3592],[15.6792,-4.3533],[15.6842,-4.3492],[15.6833,-4.3425],[15.6858,-4.34],[15.675,-4.335],[15.6775,-4.3333],[15.6775,-4.3283],[15.6742,-4.3283],[15.67,-4.335],[15.67,-4.3383],[15.6742,-4.3425],[15.6667,-4.345],[15.6683,-4.3492],[15.6633,-4.3517],[15.6625,-4.3575],[15.6583,-4.3583],[15.6575,-4.3533],[15.655,-4.3558],[15.6508,-4.3533],[15.6492,-4.3567],[15.6483,-4.3525],[15.6575,-4.3467],[15.6558,-4.3425],[15.6592,-4.34],[15.6592,-4.3217],[15.6492,-4.32],[15.6417,-4.3117],[15.6425,-4.305],[15.6383,-4.2992],[15.6283,-4.2958],[15.6317,-4.3083],[15.6275,-4.3133],[15.6233,-4.3125],[15.62,-4.3133],[15.6258,-4.3233],[15.635,-4.3233],[15.635,-4.3292],[15.6483,-4.3383],[15.645,-4.3392],[15.6475,-4.3417],[15.6475,-4.3492],[15.6417,-4.3508],[15.635,-4.3475],[15.6375,-4.3517],[15.6375,-4.365],[15.6425,-4.3683],[15.6325,-4.3742],[15.63,-4.3708],[15.6258,-4.3708],[15.6258,-4.3642],[15.6233,-4.3617],[15.6158,-4.3608],[15.61,-4.3658],[15.6058,-4.3658],[15.6042,-4.3608],[15.6033,-4.365],[15.6042,-4.37],[15.6092,-4.3717],[15.6083,-4.3758],[15.6117,-4.3792],[15.6217,-4.3742],[15.6242,-4.375],[15.6233,-4.38],[15.6333,-4.3792],[15.63,-4.3858],[15.6392,-4.3892],[15.6383,-4.3933],[15.6275,-4.3933],[15.6267,-4.3958],[15.63,-4.3992],[15.635,-4.3983],[15.6367,-4.4008],[15.6392,-4.3992],[15.6425,-4.4017],[15.6425,-4.4058],[15.6317,-4.405],[15.6292,-4.4083],[15.6258,-4.4033],[15.62,-4.4017],[15.6183,-4.4058],[15.6242,-4.4092],[15.6258,-4.4158],[15.6108,-4.4117],[15.6067,-4.4217],[15.5975,-4.4158],[15.5925,-4.4158],[15.5817,-4.425],[15.5817,-4.4283],[15.5883,-4.43],[15.5917,-4.4258],[15.59,-4.43],[15.5983,-4.4317],[15.6017,-4.4275],[15.6058,-4.43],[15.61,-4.425],[15.6292,-4.4242],[15.6283,-4.4283],[15.625,-4.4292],[15.625,-4.4358],[15.6133,-4.4342],[15.6158,-4.4392],[15.6092,-4.4417],[15.6133,-4.4492],[15.6075,-4.4525],[15.6058,-4.4567],[15.5992,-4.4567],[15.5925,-4.4608],[15.585,-4.455],[15.5783,-4.4633],[15.5817,-4.4667],[15.5875,-4.4633],[15.59,-4.4683],[15.5958,-4.4658],[15.6025,-4.4667],[15.6025,-4.4592],[15.6075,-4.46],[15.6192,-4.4542],[15.6175,-4.4567],[15.6192,-4.4592],[15.615,-4.4625],[15.6192,-4.4667],[15.6133,-4.4658],[15.6133,-4.46],[15.6117,-4.46],[15.6067,-4.4633],[15.605,-4.4708],[15.5975,-4.4692],[15.5958,-4.4717],[15.59,-4.4725],[15.5858,-4.4692],[15.5842,-4.475],[15.5792,-4.475],[15.58,-4.4783],[15.5917,-4.48],[15.595,-4.4833],[15.5958,-4.4867],[15.5917,-4.4933],[15.5933,-4.4975],[15.5967,-4.4975],[15.595,-4.5042],[15.5975,-4.5092],[15.5942,-4.5092],[15.5933,-4.5025],[15.5883,-4.5067],[15.5783,-4.5058],[15.5733,-4.5192],[15.5767,-4.5275],[15.58,-4.5267],[15.5792,-4.5208],[15.5833,-4.5192],[15.5825,-4.5267],[15.575,-4.5292],[15.5742,-4.5242],[15.57,-4.5233],[15.5683,-4.5358],[15.5625,-4.5325],[15.5625,-4.5308],[15.5667,-4.5317],[15.5633,-4.5225],[15.5567,-4.525],[15.555,-4.5217],[15.5492,-4.5208],[15.5525,-4.5242],[15.5542,-4.535],[15.5517,-4.5383],[15.5542,-4.5425],[15.5508,-4.5442],[15.5508,-4.54],[15.5383,-4.5425],[15.5408,-4.54],[15.54,-4.535],[15.5442,-4.5342],[15.5475,-4.5383],[15.5517,-4.535],[15.5517,-4.5258],[15.5467,-4.5233],[15.5475,-4.5192],[15.5375,-4.5142],[15.5392,-4.5058],[15.5492,-4.51],[15.5475,-4.5],[15.5433,-4.4967],[15.5483,-4.4983],[15.555,-4.5075],[15.5608,-4.5025],[15.5642,-4.505],[15.5642,-4.51],[15.5725,-4.5125],[15.5767,-4.5033],[15.5725,-4.5017],[15.5692,-4.4933],[15.565,-4.4933],[15.5667,-4.4908],[15.5633,-4.4842],[15.57,-4.485],[15.5708,-4.4817],[15.5783,-4.4825],[15.5783,-4.4708],[15.5742,-4.4625],[15.5725,-4.4725],[15.5708,-4.4725],[15.5725,-4.4683],[15.5692,-4.4733],[15.5633,-4.4733],[15.5608,-4.4708],[15.5667,-4.4792],[15.5625,-4.4825],[15.5567,-4.4808],[15.5567,-4.4867],[15.5533,-4.4858],[15.5542,-4.4817],[15.5517,-4.4817],[15.5467,-4.4842],[15.5417,-4.4917],[15.5392,-4.4917],[15.5408,-4.4867],[15.5333,-4.4858],[15.5342,-4.4875],[15.5333,-4.4892],[15.5325,-4.4842],[15.5383,-4.485],[15.54,-4.4817],[15.5392,-4.4742],[15.535,-4.4708],[15.5358,-4.4675],[15.54,-4.4683],[15.5433,-4.475],[15.5483,-4.4758],[15.5525,-4.4733],[15.56,-4.4792],[15.5608,-4.4775],[15.5558,-4.4742],[15.5558,-4.47],[15.56,-4.4667],[15.5633,-4.4667],[15.5658,-4.47],[15.5683,-4.4658],[15.5683,-4.4592],[15.565,-4.4592],[15.5625,-4.465],[15.5483,-4.4683],[15.5383,-4.4625],[15.5408,-4.4567],[15.5458,-4.455],[15.5483,-4.45],[15.5408,-4.4542],[15.54,-4.4492],[15.5367,-4.4475],[15.5325,-4.4525],[15.5375,-4.4625],[15.5333,-4.4658],[15.5292,-4.4667],[15.525,-4.4567],[15.5217,-4.4567],[15.5217,-4.4658],[15.5292,-4.4692],[15.53,-4.4767],[15.5167,-4.4892],[15.5158,-4.4967],[15.5133,-4.4967],[15.5167,-4.4858],[15.5242,-4.4808],[15.525,-4.475],[15.5283,-4.4758],[15.5258,-4.4692],[15.52,-4.4692],[15.515,-4.4642],[15.5175,-4.4558],[15.5217,-4.4517],[15.5258,-4.4525],[15.5317,-4.4642],[15.535,-4.4592],[15.5292,-4.4517],[15.5358,-4.4442],[15.5392,-4.4442],[15.5433,-4.45],[15.5475,-4.4467],[15.5492,-4.44],[15.5567,-4.44],[15.5625,-4.435],[15.5575,-4.43],[15.5425,-4.43],[15.5383,-4.4342],[15.535,-4.4233],[15.5292,-4.4292],[15.5308,-4.4242],[15.5258,-4.4142],[15.5308,-4.4108],[15.5308,-4.4142],[15.5325,-4.4125],[15.5325,-4.415],[15.5358,-4.415],[15.5325,-4.4108],[15.5392,-4.4092],[15.5425,-4.405],[15.5433,-4.395],[15.5417,-4.39],[15.5375,-4.3883],[15.5392,-4.3858],[15.5417,-4.3867],[15.5442,-4.3892],[15.5442,-4.395],[15.5492,-4.3975],[15.5517,-4.4025],[15.5508,-4.4067],[15.5483,-4.4042],[15.545,-4.405],[15.5475,-4.4108],[15.5442,-4.4167],[15.5483,-4.4175],[15.5483,-4.415],[15.555,-4.41],[15.5508,-4.4158],[15.555,-4.4225],[15.5467,-4.4283],[15.56,-4.4267],[15.5608,-4.42],[15.5642,-4.4242],[15.5617,-4.4292],[15.5733,-4.4383],[15.5733,-4.4308],[15.5758,-4.4292],[15.5733,-4.4242],[15.5833,-4.42],[15.5883,-4.4133],[15.58,-4.4108],[15.5775,-4.4142],[15.5658,-4.4133],[15.5633,-4.4025],[15.5583,-4.3992],[15.5633,-4.4017],[15.5725,-4.4008],[15.5683,-4.3958],[15.575,-4.39],[15.5708,-4.385],[15.5717,-4.3767],[15.5658,-4.3675],[15.5617,-4.3667],[15.5617,-4.3717],[15.56,-4.3708],[15.56,-4.3642],[15.5617,-4.365],[15.5633,-4.3608],[15.5658,-4.3658],[15.5692,-4.3667],[15.5692,-4.3717],[15.5767,-4.3825],[15.5817,-4.3825],[15.5833,-4.3767],[15.5867,-4.3783],[15.5875,-4.3825],[15.5892,-4.3792],[15.5925,-4.3875],[15.59,-4.3875],[15.5883,-4.3908],[15.595,-4.39],[15.5925,-4.3792],[15.5992,-4.3717],[15.5908,-4.365],[15.5967,-4.3633],[15.5892,-4.36],[15.5908,-4.3583],[15.5975,-4.36],[15.6008,-4.355],[15.5908,-4.3508],[15.5925,-4.3542],[15.5908,-4.3558],[15.5883,-4.35],[15.5925,-4.345],[15.5892,-4.3442],[15.5867,-4.3475],[15.5808,-4.3417],[15.5958,-4.345],[15.5992,-4.3417],[15.5992,-4.3358],[15.6017,-4.3367],[15.6017,-4.3408],[15.6025,-4.3375],[15.605,-4.3375],[15.6058,-4.3467],[15.6008,-4.3492],[15.6067,-4.3508],[15.6058,-4.3558],[15.61,-4.36],[15.6117,-4.3592],[15.6117,-4.355],[15.6092,-4.3533],[15.6117,-4.3492],[15.6108,-4.3417],[15.6083,-4.3425],[15.61,-4.3392],[15.615,-4.3425],[15.6117,-4.3525],[15.6192,-4.3508],[15.6208,-4.355],[15.6208,-4.3475],[15.6283,-4.3492],[15.6275,-4.34],[15.635,-4.3392],[15.635,-4.3367],[15.6333,-4.335],[15.62,-4.3367],[15.6192,-4.3242],[15.6117,-4.325],[15.6058,-4.315],[15.6075,-4.3133],[15.6133,-4.3208],[15.6175,-4.32],[15.6125,-4.3117],[15.6075,-4.3117],[15.6108,-4.3075],[15.6158,-4.3067],[15.6108,-4.3042],[15.6083,-4.2992],[15.6108,-4.2958],[15.6108,-4.2842],[15.6142,-4.2883],[15.6158,-4.2875],[15.6183,-4.2933],[15.6175,-4.2858]],[[15.6783,-4.3133],[15.6775,-4.3142],[15.6783,-4.3142],[15.6783,-4.3133]],[[15.6083,-4.5017],[15.6075,-4.5008],[15.6075,-4.5017],[15.6083,-4.5017]],[[15.6058,-4.5008],[15.6092,-4.4975],[15.605,-4.4967],[15.6058,-4.5008]],[[15.6833,-4.3708],[15.6825,-4.3717],[15.6833,-4.3717],[15.6833,-4.3708]],[[15.6517,-4.3508],[15.6525,-4.3517],[15.6525,-4.3508],[15.6517,-4.3508]],[[15.5492,-4.5108],[15.5492,-4.5125],[15.5508,-4.5142],[15.5492,-4.5108]],[[15.5358,-4.415],[15.5367,-4.4158],[15.5367,-4.415],[15.5358,-4.415]],[[15.5442,-4.4167],[15.5425,-4.4175],[15.5442,-4.4175],[15.5442,-4.4167]],[[15.6192,-4.2942],[15.62,-4.2967],[15.6217,-4.2975],[15.6217,-4.2942],[15.6192,-4.2942]],[[15.6325,-4.2917],[15.6375,-4.2925],[15.6375,-4.2867],[15.6425,-4.285],[15.6417,-4.2817],[15.6367,-4.2808],[15.6367,-4.2867],[15.6317,-4.2883],[15.6325,-4.2917]],[[15.6308,-4.285],[15.6292,-4.2842],[15.6275,-4.2867],[15.6292,-4.2867],[15.6308,-4.285]],[[15.6283,-4.295],[15.6267,-4.2892],[15.625,-4.2892],[15.6283,-4.295]],[[15.65,-4.2908],[15.6467,-4.29],[15.6467,-4.2933],[15.65,-4.2908]],[[15.6408,-4.2942],[15.6425,-4.2933],[15.6433,-4.29],[15.6408,-4.2908],[15.6408,-4.2942]],[[15.6408,-4.2942],[15.64,-4.295],[15.6408,-4.295],[15.6408,-4.2942]],[[15.6492,-4.2983],[15.6533,-4.2942],[15.6533,-4.2908],[15.65,-4.2933],[15.6492,-4.2983]],[[15.6117,-4.3017],[15.6167,-4.3042],[15.6258,-4.3075],[15.6142,-4.2917],[15.6117,-4.3017]],[[15.6558,-4.2933],[15.65,-4.305],[15.6592,-4.2992],[15.66,-4.2942],[15.6558,-4.2933]],[[15.6467,-4.2992],[15.6475,-4.295],[15.6458,-4.2942],[15.6442,-4.2983],[15.6467,-4.2992]],[[15.6583,-4.305],[15.6592,-4.3025],[15.6583,-4.3025],[15.6583,-4.305]],[[15.6575,-4.3042],[15.6533,-4.3117],[15.6567,-4.3083],[15.6575,-4.3042]],[[15.6767,-4.3075],[15.6783,-4.3067],[15.6767,-4.3067],[15.6767,-4.3075]],[[15.6483,-4.31],[15.65,-4.3092],[15.6483,-4.3092],[15.6483,-4.31]],[[15.6617,-4.3108],[15.6625,-4.31],[15.6617,-4.31],[15.6617,-4.3108]],[[15.6733,-4.315],[15.6742,-4.3133],[15.6733,-4.3133],[15.6733,-4.315]],[[15.6883,-4.32],[15.6875,-4.3208],[15.6883,-4.3208],[15.6883,-4.32]],[[15.6883,-4.3208],[15.6892,-4.3225],[15.6892,-4.3208],[15.6883,-4.3208]],[[15.6783,-4.3225],[15.6742,-4.3217],[15.6775,-4.3258],[15.6783,-4.3225]],[[15.6675,-4.3275],[15.6683,-4.3242],[15.6675,-4.3242],[15.6675,-4.3275]],[[15.6217,-4.3333],[15.6225,-4.3325],[15.6217,-4.3325],[15.6217,-4.3333]],[[15.6642,-4.335],[15.665,-4.3333],[15.6642,-4.3333],[15.6642,-4.335]],[[15.7033,-4.3375],[15.7025,-4.3333],[15.6992,-4.3342],[15.6992,-4.3383],[15.7033,-4.3375]],[[15.6642,-4.34],[15.665,-4.3383],[15.6642,-4.3383],[15.6642,-4.34]],[[15.6408,-4.3425],[15.6375,-4.3408],[15.6408,-4.3442],[15.6408,-4.3425]],[[15.5975,-4.3467],[15.5958,-4.3492],[15.5958,-4.3508],[15.5983,-4.3492],[15.5975,-4.3467]],[[15.6292,-4.3558],[15.6308,-4.3517],[15.6292,-4.3517],[15.6292,-4.3558]],[[15.6,-4.3533],[15.6017,-4.355],[15.6033,-4.355],[15.6033,-4.3525],[15.6,-4.3533]],[[15.63,-4.36],[15.6308,-4.3583],[15.63,-4.3583],[15.63,-4.36]],[[15.6825,-4.3625],[15.6833,-4.3617],[15.6825,-4.3617],[15.6825,-4.3625]],[[15.585,-4.3833],[15.5858,-4.3858],[15.5867,-4.3833],[15.585,-4.3833]],[[15.6075,-4.3867],[15.6092,-4.3833],[15.6083,-4.3833],[15.6075,-4.3867]],[[15.6183,-4.39],[15.615,-4.3883],[15.6125,-4.3958],[15.6183,-4.3958],[15.6158,-4.3942],[15.6183,-4.3942],[15.6192,-4.3908],[15.6308,-4.3908],[15.6292,-4.3883],[15.6242,-4.3883],[15.6267,-4.3833],[15.6183,-4.39]],[[15.6017,-4.3867],[15.6017,-4.3842],[15.6,-4.3883],[15.6017,-4.3867]],[[15.5975,-4.3925],[15.595,-4.3917],[15.59,-4.3983],[15.5908,-4.4025],[15.6008,-4.4025],[15.5975,-4.3992],[15.5975,-4.3925]],[[15.5908,-4.4025],[15.59,-4.4033],[15.5908,-4.4033],[15.5908,-4.4025]],[[15.6025,-4.4025],[15.5983,-4.4067],[15.5983,-4.41],[15.6033,-4.4108],[15.6025,-4.4025]],[[15.6008,-4.4008],[15.6017,-4.4],[15.6008,-4.4],[15.6008,-4.4008]],[[15.605,-4.4],[15.6083,-4.3992],[15.6083,-4.4042],[15.615,-4.4083],[15.6133,-4.4017],[15.6092,-4.3992],[15.6117,-4.3958],[15.605,-4.3958],[15.6008,-4.3925],[15.605,-4.4]],[[15.5783,-4.4025],[15.5842,-4.4025],[15.5825,-4.3942],[15.5783,-4.3967],[15.5783,-4.4025]],[[15.6183,-4.3975],[15.62,-4.3967],[15.6183,-4.3967],[15.6183,-4.3975]],[[15.6383,-4.4025],[15.6392,-4.4017],[15.6383,-4.4017],[15.6383,-4.4025]],[[15.5717,-4.4108],[15.5683,-4.4033],[15.5667,-4.4033],[15.5667,-4.4092],[15.5717,-4.4108]],[[15.5767,-4.4042],[15.5792,-4.4033],[15.5767,-4.4033],[15.5767,-4.4042]],[[15.5817,-4.4075],[15.5892,-4.4083],[15.5917,-4.4125],[15.5958,-4.4117],[15.5958,-4.4067],[15.5917,-4.41],[15.5942,-4.4033],[15.5892,-4.4075],[15.5817,-4.4075]],[[15.5425,-4.4133],[15.5442,-4.4125],[15.5442,-4.4108],[15.5425,-4.4133]],[[15.5425,-4.4133],[15.5417,-4.4142],[15.5425,-4.4142],[15.5425,-4.4133]],[[15.5392,-4.4117],[15.5383,-4.4125],[15.5392,-4.4125],[15.5392,-4.4117]],[[15.5392,-4.4125],[15.54,-4.4133],[15.54,-4.4125],[15.5392,-4.4125]],[[15.5408,-4.4175],[15.5417,-4.4167],[15.5408,-4.4167],[15.5408,-4.4175]],[[15.5392,-4.425],[15.5417,-4.4225],[15.5392,-4.4217],[15.5392,-4.425]],[[15.5792,-4.4258],[15.5767,-4.4242],[15.5767,-4.4267],[15.5792,-4.4258]],[[15.6142,-4.43],[15.6175,-4.4292],[15.6142,-4.4292],[15.6142,-4.43]],[[15.585,-4.4325],[15.5825,-4.4333],[15.5842,-4.4342],[15.585,-4.4325]],[[15.5792,-4.4325],[15.5775,-4.4367],[15.5808,-4.4375],[15.5792,-4.4325]],[[15.5633,-4.4375],[15.5667,-4.4375],[15.5667,-4.435],[15.5633,-4.4375]],[[15.5875,-4.4417],[15.5792,-4.4417],[15.575,-4.4392],[15.5767,-4.4483],[15.5742,-4.4517],[15.5808,-4.4525],[15.585,-4.4467],[15.5883,-4.45],[15.5942,-4.4475],[15.5958,-4.4517],[15.6025,-4.4517],[15.6058,-4.4475],[15.605,-4.445],[15.5983,-4.445],[15.6042,-4.4358],[15.5992,-4.44],[15.5983,-4.4375],[15.5917,-4.435],[15.5875,-4.4417]],[[15.5683,-4.4383],[15.5567,-4.4508],[15.55,-4.4517],[15.5492,-4.4558],[15.5425,-4.4608],[15.5567,-4.4642],[15.5742,-4.4467],[15.5683,-4.4383]],[[15.5608,-4.4425],[15.5625,-4.4408],[15.5617,-4.4408],[15.5608,-4.4425]],[[15.5525,-4.4483],[15.5558,-4.4483],[15.5583,-4.4442],[15.5542,-4.4467],[15.5542,-4.4442],[15.5508,-4.4433],[15.5525,-4.4483]],[[15.5783,-4.4608],[15.5767,-4.46],[15.5767,-4.4608],[15.5783,-4.4608]],[[15.5767,-4.4608],[15.5758,-4.4617],[15.5767,-4.4617],[15.5767,-4.4608]],[[15.585,-4.4683],[15.5858,-4.4667],[15.585,-4.4667],[15.585,-4.4683]],[[15.5417,-4.485],[15.5475,-4.4792],[15.5425,-4.4767],[15.5417,-4.485]],[[15.58,-4.4908],[15.5767,-4.4975],[15.5825,-4.5017],[15.5867,-4.5008],[15.5867,-4.4908],[15.59,-4.485],[15.5833,-4.4825],[15.5825,-4.4867],[15.5783,-4.4875],[15.58,-4.4908]],[[15.5692,-4.4867],[15.5658,-4.485],[15.5692,-4.4883],[15.5692,-4.4867]],[[15.635,-4.4883],[15.6358,-4.4875],[15.635,-4.4875],[15.635,-4.4883]],[[15.5467,-4.5142],[15.5442,-4.5092],[15.5417,-4.5092],[15.5408,-4.5125],[15.5467,-4.5142]],[[15.5533,-4.5092],[15.5525,-4.5117],[15.5542,-4.5117],[15.5533,-4.5092]],[[15.5617,-4.515],[15.5625,-4.5142],[15.5617,-4.5142],[15.5617,-4.515]],[[15.5525,-4.5192],[15.5517,-4.5158],[15.5483,-4.5158],[15.5525,-4.5192]]],[[[15.5075,-4.4017],[15.51,-4.4058],[15.5092,-4.4108],[15.5075,-4.4067],[15.5042,-4.4075],[15.5008,-4.4042],[15.5008,-4.4017],[15.5042,-4.4042],[15.5075,-4.4017]]],[[[15.5225,-4.4],[15.5208,-4.3967],[15.5317,-4.3992],[15.5308,-4.4017],[15.5233,-4.4],[15.525,-4.405],[15.5208,-4.4067],[15.5192,-4.4033],[15.5225,-4.4]],[[15.5233,-4.405],[15.5217,-4.4033],[15.5217,-4.4042],[15.5233,-4.405]]],[[[15.5142,-4.39],[15.5067,-4.3858],[15.5125,-4.3858],[15.5208,-4.3967],[15.5158,-4.395],[15.5142,-4.39]]],[[[15.5525,-4.3767],[15.5558,-4.3858],[15.5517,-4.3842],[15.5508,-4.38],[15.5425,-4.3792],[15.5392,-4.375],[15.5525,-4.3767]]],[[[15.5575,-4.38],[15.555,-4.3808],[15.5558,-4.3717],[15.5533,-4.3683],[15.555,-4.3642],[15.5583,-4.375],[15.5575,-4.38]]],[[[15.5425,-4.3617],[15.5467,-4.365],[15.5517,-4.3633],[15.5517,-4.365],[15.545,-4.3692],[15.5442,-4.3642],[15.54,-4.3633],[15.5425,-4.3575],[15.5442,-4.3575],[15.5425,-4.3617]]],[[[15.5617,-4.3542],[15.575,-4.3575],[15.5733,-4.3625],[15.5692,-4.3567],[15.5633,-4.3575],[15.5617,-4.3542]]],[[[15.5892,-4.2958],[15.5975,-4.305],[15.61,-4.3067],[15.5967,-4.3075],[15.5892,-4.2958]]],[[[15.6125,-4.1708],[15.61,-4.185],[15.6042,-4.1908],[15.5992,-4.1917],[15.595,-4.1875],[15.5942,-4.1833],[15.6,-4.1875],[15.6083,-4.1833],[15.61,-4.1725],[15.6158,-4.1658],[15.6125,-4.1708]]],[[[15.5817,-4.1733],[15.5833,-4.1783],[15.5792,-4.1733],[15.5725,-4.1725],[15.5725,-4.1758],[15.5683,-4.1758],[15.5708,-4.17],[15.5817,-4.1733]]],[[[15.5633,-4.1483],[15.5558,-4.1558],[15.555,-4.165],[15.5575,-4.1683],[15.5575,-4.1725],[15.5542,-4.1783],[15.5508,-4.1792],[15.5483,-4.1758],[15.5525,-4.1758],[15.5567,-4.1717],[15.5525,-4.1642],[15.5525,-4.155],[15.5625,-4.145],[15.5708,-4.1425],[15.57,-4.1458],[15.5633,-4.1483]]],[[[15.59,-4.1467],[15.585,-4.155],[15.5925,-4.1508],[15.5933,-4.1542],[15.5858,-4.1575],[15.5825,-4.1558],[15.5842,-4.15],[15.59,-4.1467]]],[[[15.5233,-4.1158],[15.5325,-4.1275],[15.535,-4.1267],[15.535,-4.1208],[15.54,-4.1167],[15.5508,-4.1225],[15.5533,-4.1267],[15.5392,-4.1367],[15.5458,-4.1425],[15.5442,-4.1467],[15.5483,-4.1483],[15.5483,-4.1533],[15.545,-4.1558],[15.545,-4.1633],[15.5392,-4.1708],[15.5375,-4.17],[15.545,-4.1508],[15.5408,-4.15],[15.5417,-4.1442],[15.5375,-4.1425],[15.535,-4.135],[15.5467,-4.1267],[15.5408,-4.1208],[15.5383,-4.1225],[15.5375,-4.1292],[15.5317,-4.1308],[15.52,-4.1158],[15.5217,-4.1042],[15.5242,-4.105],[15.5233,-4.1158]]],[[[15.5625,-4.12],[15.57,-4.1267],[15.57,-4.1308],[15.5725,-4.1325],[15.5692,-4.14],[15.5658,-4.135],[15.5625,-4.1333],[15.5567,-4.135],[15.555,-4.1317],[15.5575,-4.1258],[15.56,-4.1258],[15.5592,-4.13],[15.5633,-4.1292],[15.5617,-4.1242],[15.5567,-4.1242],[15.5583,-4.12],[15.5625,-4.12]]],[[[15.5317,-4.1008],[15.5417,-4.1108],[15.5417,-4.1142],[15.5342,-4.1083],[15.5317,-4.1008]]],[[[15.5625,-4.0792],[15.5683,-4.0808],[15.56,-4.0833],[15.5592,-4.0758],[15.5642,-4.0742],[15.5625,-4.0792]]],[[[15.5908,-4.04],[15.5842,-4.0483],[15.5858,-4.0525],[15.5825,-4.0492],[15.5808,-4.0508],[15.5725,-4.0492],[15.5683,-4.0542],[15.5633,-4.055],[15.5633,-4.0517],[15.57,-4.0442],[15.5808,-4.0442],[15.5858,-4.0375],[15.5942,-4.0358],[15.595,-4.0383],[15.5908,-4.04]]],[[[15.6325,-3.87],[15.6275,-3.8667],[15.6392,-3.8675],[15.6458,-3.8817],[15.6633,-3.8942],[15.665,-3.9],[15.6767,-3.9108],[15.6775,-3.9158],[15.6833,-3.9167],[15.6817,-3.9233],[15.6858,-3.9258],[15.6867,-3.9308],[15.6908,-3.9208],[15.6942,-3.9217],[15.6958,-3.9258],[15.7033,-3.9283],[15.7033,-3.9325],[15.7,-3.9342],[15.7008,-3.9467],[15.705,-3.9483],[15.7025,-3.9642],[15.7067,-3.9675],[15.7075,-3.9717],[15.7208,-3.9725],[15.72,-3.9683],[15.7233,-3.965],[15.7233,-3.9592],[15.7267,-3.9533],[15.7333,-3.9558],[15.7358,-3.9675],[15.7392,-3.9692],[15.7408,-3.9583],[15.7383,-3.9542],[15.7408,-3.9458],[15.7517,-3.9492],[15.7525,-3.9617],[15.7575,-3.9675],[15.7617,-3.9683],[15.7683,-3.9642],[15.7708,-3.9583],[15.7758,-3.96],[15.7792,-3.9683],[15.7925,-3.9675],[15.795,-3.9542],[15.7992,-3.9533],[15.8025,-3.96],[15.8058,-3.9583],[15.8067,-3.9533],[15.8117,-3.9533],[15.8158,-3.9575],[15.8175,-3.9533],[15.8158,-3.9433],[15.8208,-3.9408],[15.82,-3.9358],[15.8242,-3.9367],[15.8283,-3.9475],[15.8283,-3.94],[15.8325,-3.9333],[15.8383,-3.9383],[15.8442,-3.9517],[15.835,-3.9492],[15.8358,-3.9533],[15.8292,-3.9583],[15.8242,-3.9575],[15.8233,-3.9617],[15.8242,-3.9633],[15.8267,-3.9617],[15.8275,-3.9642],[15.8408,-3.96],[15.8425,-3.9617],[15.8342,-3.9667],[15.825,-3.9658],[15.8208,-3.9708],[15.8058,-3.9733],[15.8058,-3.9708],[15.8108,-3.97],[15.8108,-3.9667],[15.8125,-3.97],[15.8125,-3.9633],[15.81,-3.9625],[15.8033,-3.9692],[15.7992,-3.97],[15.8033,-3.9742],[15.7867,-3.975],[15.7808,-3.9775],[15.7717,-3.9708],[15.7625,-3.9758],[15.755,-3.975],[15.7492,-3.9775],[15.7525,-3.9742],[15.7508,-3.9725],[15.745,-3.975],[15.7458,-3.9783],[15.7333,-3.9783],[15.7317,-3.97],[15.7292,-3.9692],[15.73,-3.9792],[15.6967,-3.9867],[15.6958,-3.985],[15.7042,-3.9825],[15.7067,-3.9792],[15.7033,-3.98],[15.7033,-3.9767],[15.7,-3.9758],[15.6992,-3.9708],[15.6942,-3.9658],[15.6942,-3.955],[15.6967,-3.9517],[15.6933,-3.9483],[15.6958,-3.9392],[15.6917,-3.9375],[15.6825,-3.9392],[15.6808,-3.9292],[15.6775,-3.9275],[15.6792,-3.9342],[15.6767,-3.9433],[15.685,-3.9483],[15.6817,-3.9492],[15.6808,-3.9533],[15.685,-3.9575],[15.69,-3.9583],[15.69,-3.9633],[15.6875,-3.9758],[15.6867,-3.9742],[15.6825,-3.9758],[15.6833,-3.9842],[15.6808,-3.9783],[15.6758,-3.9767],[15.6733,-3.9783],[15.6733,-3.9825],[15.6758,-3.9858],[15.6842,-3.985],[15.685,-3.9875],[15.6733,-3.9867],[15.6692,-3.9925],[15.6642,-3.9925],[15.6575,-3.9975],[15.6475,-3.9975],[15.6458,-4.0],[15.6408,-4.0],[15.6458,-3.9958],[15.6392,-3.9933],[15.6375,-4.0008],[15.6325,-4.0042],[15.6267,-4.0025],[15.6217,-4.0042],[15.6208,-4.0008],[15.6117,-4.0108],[15.6042,-4.01],[15.6017,-4.0142],[15.5867,-4.0142],[15.5817,-4.01],[15.5825,-4.0033],[15.5767,-4.0042],[15.5767,-4.0075],[15.5742,-4.0083],[15.5742,-4.0033],[15.5783,-4.0008],[15.5767,-3.9917],[15.5808,-3.9892],[15.5775,-3.9842],[15.5842,-3.9808],[15.5775,-3.9792],[15.5758,-3.985],[15.5717,-3.9842],[15.5733,-3.9875],[15.5692,-3.9875],[15.5717,-3.99],[15.5708,-3.9933],[15.5667,-3.995],[15.5633,-3.9933],[15.5633,-3.9983],[15.5592,-4.0025],[15.5642,-4.005],[15.5625,-4.0075],[15.5683,-4.0058],[15.5758,-4.0175],[15.57,-4.0208],[15.5658,-4.0192],[15.5617,-4.0208],[15.5608,-4.0258],[15.5533,-4.0275],[15.5517,-4.0317],[15.5492,-4.0308],[15.5392,-4.0458],[15.52,-4.0625],[15.5117,-4.0633],[15.5108,-4.0675],[15.5033,-4.0758],[15.4983,-4.0742],[15.495,-4.0683],[15.4892,-4.065],[15.4867,-4.0542],[15.4833,-4.0558],[15.4842,-4.0517],[15.48,-4.0492],[15.48,-4.0408],[15.4842,-4.0433],[15.4842,-4.0475],[15.4867,-4.0433],[15.4833,-4.0325],[15.4775,-4.0375],[15.4783,-4.0308],[15.4817,-4.03],[15.4775,-4.0275],[15.4783,-4.02],[15.4817,-4.0175],[15.4733,-4.0175],[15.4717,-4.0042],[15.4683,-4.0042],[15.4658,-4.0],[15.4608,-4.0],[15.4592,-4.0025],[15.44,-4.0067],[15.44,-4.0108],[15.4442,-4.0117],[15.4417,-4.02],[15.4458,-4.0167],[15.445,-4.0108],[15.4533,-4.0058],[15.465,-4.0083],[15.47,-4.015],[15.475,-4.0358],[15.4675,-4.0358],[15.47,-4.0417],[15.465,-4.0442],[15.47,-4.05],[15.4717,-4.05],[15.47,-4.0467],[15.4725,-4.0458],[15.4783,-4.0533],[15.4742,-4.0558],[15.4775,-4.0575],[15.4767,-4.0592],[15.4658,-4.0592],[15.4592,-4.0542],[15.4542,-4.0542],[15.4525,-4.0483],[15.4483,-4.045],[15.4483,-4.0408],[15.4517,-4.045],[15.4542,-4.0425],[15.4533,-4.0358],[15.4608,-4.0267],[15.4617,-4.0175],[15.4525,-4.0142],[15.4525,-4.0208],[15.4492,-4.0258],[15.4442,-4.0242],[15.4367,-4.0292],[15.4308,-4.0225],[15.4317,-4.02],[15.4342,-4.0217],[15.4383,-4.0175],[15.4342,-4.0117],[15.4342,-4.0058],[15.4325,-4.005],[15.4308,-4.0083],[15.43,-4.005],[15.4183,-4.0058],[15.42,-3.9992],[15.4158,-3.9967],[15.415,-3.9917],[15.4083,-3.9858],[15.4025,-3.9867],[15.4058,-3.9817],[15.4108,-3.9817],[15.4133,-3.9842],[15.4108,-3.9858],[15.4183,-3.9875],[15.4208,-3.9925],[15.425,-3.9917],[15.4258,-3.9942],[15.4325,-3.9917],[15.4417,-3.9992],[15.4458,-3.9992],[15.4492,-3.9942],[15.4533,-3.9967],[15.4575,-3.99],[15.4642,-3.9917],[15.4658,-3.9892],[15.4758,-3.9992],[15.4808,-3.9983],[15.4825,-3.9942],[15.4875,-3.9942],[15.4875,-3.9983],[15.4925,-3.9992],[15.4917,-4.0033],[15.4933,-4.0008],[15.4967,-4.0017],[15.4967,-3.9983],[15.5033,-3.9975],[15.5117,-4.0092],[15.5142,-4.0092],[15.5192,-4.0217],[15.5175,-4.0267],[15.5158,-4.025],[15.5142,-4.0258],[15.52,-4.035],[15.5208,-4.0317],[15.5275,-4.0342],[15.5267,-4.0267],[15.5292,-4.0233],[15.5325,-4.0233],[15.535,-4.0183],[15.5275,-4.0158],[15.5258,-4.0075],[15.5217,-4.0067],[15.5233,-4.0025],[15.5308,-3.9992],[15.5267,-3.9883],[15.5367,-3.9875],[15.54,-3.9808],[15.5508,-3.9875],[15.5475,-3.98],[15.55,-3.9708],[15.5542,-3.9708],[15.5592,-3.9783],[15.5633,-3.98],[15.5667,-3.9775],[15.5667,-3.9725],[15.5708,-3.97],[15.5775,-3.9692],[15.5808,-3.9717],[15.5858,-3.9633],[15.5925,-3.9667],[15.5983,-3.9742],[15.5983,-3.9792],[15.5933,-3.9875],[15.595,-3.9983],[15.5908,-4.0017],[15.5917,-4.0042],[15.5975,-4.0017],[15.5975,-3.9942],[15.6,-3.9908],[15.605,-3.9925],[15.6092,-4.0008],[15.6108,-3.995],[15.6092,-3.985],[15.6117,-3.9817],[15.6167,-3.9817],[15.6233,-3.9925],[15.6258,-3.9925],[15.6292,-3.9825],[15.635,-3.9842],[15.6425,-3.9825],[15.6458,-3.9875],[15.6492,-3.9833],[15.6567,-3.9858],[15.6542,-3.9767],[15.6583,-3.9725],[15.6675,-3.9758],[15.67,-3.9675],[15.6758,-3.9692],[15.68,-3.9675],[15.6792,-3.9625],[15.6725,-3.9575],[15.6725,-3.9508],[15.6617,-3.945],[15.6633,-3.9383],[15.6692,-3.9342],[15.6675,-3.9325],[15.6675,-3.9283],[15.6708,-3.9267],[15.6675,-3.9192],[15.6692,-3.9142],[15.6633,-3.9067],[15.6608,-3.8967],[15.645,-3.8858],[15.6367,-3.87],[15.6325,-3.87]],[[15.6642,-3.8975],[15.6633,-3.8983],[15.6642,-3.8983],[15.6642,-3.8975]],[[15.6775,-3.9275],[15.6767,-3.9267],[15.6767,-3.9275],[15.6775,-3.9275]],[[15.5625,-4.0058],[15.5558,-4.0058],[15.5558,-4.0025],[15.5525,-4.0042],[15.5458,-4.0008],[15.5508,-4.0067],[15.5417,-4.0117],[15.5517,-4.0108],[15.5542,-4.015],[15.5592,-4.0167],[15.555,-4.01],[15.5592,-4.0117],[15.5583,-4.0092],[15.5625,-4.0058]],[[15.5117,-4.0633],[15.5108,-4.0625],[15.5108,-4.0633],[15.5117,-4.0633]],[[15.485,-4.0517],[15.4858,-4.0483],[15.4842,-4.0483],[15.4833,-4.0508],[15.485,-4.0517]],[[15.4733,-4.0508],[15.4708,-4.0517],[15.4733,-4.0542],[15.4733,-4.0508]],[[15.4108,-3.985],[15.4075,-3.9825],[15.4067,-3.9842],[15.4108,-3.985]],[[15.6617,-3.8983],[15.6625,-3.8975],[15.6617,-3.8975],[15.6617,-3.8983]],[[15.6367,-3.87],[15.6375,-3.8692],[15.6367,-3.8692],[15.6367,-3.87]],[[15.7483,-3.955],[15.745,-3.9525],[15.7467,-3.9592],[15.7483,-3.955]],[[15.8233,-3.9567],[15.8242,-3.9558],[15.8233,-3.9558],[15.8233,-3.9567]],[[15.8142,-3.965],[15.8133,-3.9692],[15.8217,-3.9667],[15.8192,-3.9608],[15.8142,-3.965]],[[15.7167,-3.9808],[15.7175,-3.9792],[15.7167,-3.9792],[15.7167,-3.9808]],[[15.5867,-3.9883],[15.5883,-3.9867],[15.5842,-3.9825],[15.5825,-3.9867],[15.5867,-3.9883]],[[15.6667,-3.985],[15.6658,-3.9842],[15.6658,-3.985],[15.6667,-3.985]],[[15.665,-3.985],[15.6633,-3.9875],[15.6683,-3.99],[15.6683,-3.9875],[15.665,-3.985]],[[15.67,-3.9858],[15.6717,-3.9842],[15.67,-3.9842],[15.67,-3.9858]],[[15.5625,-3.9917],[15.5617,-3.9875],[15.5575,-3.9858],[15.5575,-3.9875],[15.5625,-3.9917]],[[15.5658,-3.9917],[15.5675,-3.9908],[15.5658,-3.9908],[15.5658,-3.9917]],[[15.5517,-4.0008],[15.5517,-3.9983],[15.5458,-3.995],[15.545,-3.9983],[15.5517,-4.0008]],[[15.6342,-3.9983],[15.6358,-3.9975],[15.6342,-3.9975],[15.6342,-3.9983]],[[15.5383,-4.0033],[15.5408,-4.0017],[15.5383,-3.9983],[15.5383,-4.0033]],[[15.6317,-4.0025],[15.6283,-3.9992],[15.6283,-4.0025],[15.6317,-4.0025]],[[15.42,-4.0042],[15.4208,-4.0025],[15.42,-4.0025],[15.42,-4.0042]],[[15.4825,-4.0075],[15.485,-4.0042],[15.4783,-4.005],[15.4783,-4.0058],[15.4825,-4.0075]],[[15.54,-4.0075],[15.5417,-4.0067],[15.54,-4.0067],[15.54,-4.0075]],[[15.5367,-4.0083],[15.5375,-4.0075],[15.5367,-4.0075],[15.5367,-4.0083]],[[15.5392,-4.0108],[15.5317,-4.0083],[15.5325,-4.0108],[15.5392,-4.0108]],[[15.5608,-4.0117],[15.5667,-4.0192],[15.5742,-4.0175],[15.5683,-4.01],[15.5608,-4.0117]],[[15.4917,-4.0158],[15.4992,-4.0225],[15.4992,-4.0258],[15.495,-4.03],[15.49,-4.0283],[15.4883,-4.0392],[15.49,-4.0433],[15.4992,-4.05],[15.5033,-4.0583],[15.5058,-4.0592],[15.5033,-4.0508],[15.4975,-4.0475],[15.4908,-4.0367],[15.5017,-4.0267],[15.5083,-4.0283],[15.5025,-4.0225],[15.5025,-4.0192],[15.5075,-4.0158],[15.5042,-4.015],[15.4975,-4.0183],[15.4942,-4.0158],[15.495,-4.0117],[15.4925,-4.0117],[15.4917,-4.0158]],[[15.5458,-4.0233],[15.5508,-4.03],[15.55,-4.02],[15.555,-4.0217],[15.5483,-4.0133],[15.5458,-4.0142],[15.5475,-4.0192],[15.5458,-4.0233]],[[15.56,-4.0217],[15.5592,-4.0242],[15.5608,-4.0233],[15.56,-4.0217]],[[15.4383,-4.0233],[15.4375,-4.0225],[15.4375,-4.0233],[15.4383,-4.0233]],[[15.4375,-4.0233],[15.4367,-4.0242],[15.4375,-4.0242],[15.4375,-4.0233]],[[15.5367,-4.0342],[15.5425,-4.0317],[15.5375,-4.0283],[15.5325,-4.0292],[15.5317,-4.0325],[15.5367,-4.0342]],[[15.47,-4.0333],[15.4708,-4.0317],[15.47,-4.0317],[15.47,-4.0333]],[[15.4975,-4.0342],[15.4992,-4.0325],[15.4967,-4.0325],[15.4975,-4.0342]],[[15.5092,-4.0558],[15.5167,-4.0525],[15.5192,-4.0567],[15.5225,-4.0517],[15.5275,-4.05],[15.5217,-4.0467],[15.5192,-4.0358],[15.5133,-4.0325],[15.51,-4.0342],[15.5142,-4.0375],[15.5142,-4.0467],[15.5067,-4.0467],[15.5092,-4.0558]],[[15.5067,-4.045],[15.5008,-4.0408],[15.5008,-4.0367],[15.4942,-4.0367],[15.4958,-4.04],[15.5017,-4.0425],[15.5017,-4.045],[15.505,-4.0467],[15.5067,-4.045]],[[15.53,-4.0367],[15.5317,-4.0358],[15.53,-4.0358],[15.53,-4.0367]],[[15.4608,-4.0367],[15.4633,-4.0383],[15.4633,-4.0367],[15.4608,-4.0367]],[[15.4642,-4.0392],[15.465,-4.0408],[15.4667,-4.0408],[15.4667,-4.0383],[15.4642,-4.0392]],[[15.4875,-4.0475],[15.4883,-4.0458],[15.4875,-4.0458],[15.4875,-4.0475]],[[15.4625,-4.0475],[15.4633,-4.0467],[15.4625,-4.0467],[15.4625,-4.0475]],[[15.4633,-4.0492],[15.4642,-4.0483],[15.4633,-4.0483],[15.4633,-4.0492]],[[15.4925,-4.0633],[15.5033,-4.07],[15.5033,-4.0633],[15.49,-4.0483],[15.4925,-4.0633]],[[15.5092,-4.0667],[15.5092,-4.0633],[15.5067,-4.0633],[15.5067,-4.0675],[15.5092,-4.0667]]],[[[15.62,-3.8683],[15.6108,-3.8758],[15.6067,-3.8767],[15.6125,-3.8683],[15.6192,-3.8658],[15.62,-3.8683]],[[15.6092,-3.8742],[15.61,-3.8733],[15.6092,-3.8733],[15.6092,-3.8742]]],[[[15.66,-4.9683],[15.6708,-4.9792],[15.6675,-4.98],[15.6683,-4.9825],[15.665,-4.9808],[15.6675,-4.9792],[15.665,-4.9758],[15.66,-4.975],[15.6617,-4.9725],[15.66,-4.9683]]],[[[15.6692,-4.9525],[15.675,-4.955],[15.68,-4.9533],[15.6875,-4.9575],[15.6825,-4.9592],[15.6767,-4.955],[15.6725,-4.9633],[15.6708,-4.9575],[15.6733,-4.9558],[15.6675,-4.9525],[15.6683,-4.945],[15.6717,-4.9467],[15.6692,-4.9525]]],[[[15.9642,-4.95],[15.955,-4.9458],[15.9567,-4.9492],[15.955,-4.9608],[15.9592,-4.9567],[15.9592,-4.9617],[15.9542,-4.9633],[15.9533,-4.9442],[15.9625,-4.9458],[15.9642,-4.95]]],[[[15.9708,-4.9483],[15.9842,-4.9558],[15.9842,-4.9592],[15.9708,-4.9483]]],[[[15.6375,-4.9542],[15.6308,-4.9533],[15.63,-4.9575],[15.6325,-4.9592],[15.63,-4.9592],[15.625,-4.9492],[15.6375,-4.9467],[15.6392,-4.9483],[15.6375,-4.9542]],[[15.6342,-4.9517],[15.6358,-4.95],[15.6333,-4.95],[15.6342,-4.9517]]],[[[15.6442,-4.9342],[15.6408,-4.9367],[15.6433,-4.9383],[15.6417,-4.9425],[15.6492,-4.9492],[15.6467,-4.9558],[15.6425,-4.9533],[15.6417,-4.9442],[15.6358,-4.9458],[15.6317,-4.9442],[15.6342,-4.9375],[15.64,-4.9367],[15.64,-4.9317],[15.6408,-4.9358],[15.6442,-4.9342]],[[15.64,-4.9392],[15.6358,-4.9417],[15.64,-4.9408],[15.64,-4.9392]],[[15.6433,-4.9492],[15.6442,-4.9517],[15.6467,-4.9525],[15.6467,-4.95],[15.6433,-4.9492]]],[[[15.6867,-4.93],[15.6883,-4.9417],[15.685,-4.9433],[15.685,-4.9325],[15.6833,-4.9292],[15.6817,-4.93],[15.6825,-4.9275],[15.6867,-4.93]]],[[[15.6742,-4.9308],[15.6775,-4.9325],[15.6783,-4.9375],[15.6758,-4.9375],[15.6725,-4.9292],[15.6808,-4.9283],[15.6742,-4.9308]]],[[[15.64,-4.9167],[15.6375,-4.9158],[15.6367,-4.9183],[15.6392,-4.9183],[15.6408,-4.9225],[15.6342,-4.9242],[15.6333,-4.9283],[15.6258,-4.925],[15.6258,-4.9192],[15.6317,-4.9192],[15.6325,-4.9125],[15.6358,-4.91],[15.6425,-4.9108],[15.64,-4.9167]],[[15.6367,-4.9117],[15.6358,-4.9142],[15.64,-4.9133],[15.64,-4.9125],[15.6367,-4.9117]],[[15.6325,-4.9225],[15.6333,-4.9208],[15.6325,-4.9208],[15.6325,-4.9225]],[[15.6283,-4.9242],[15.6308,-4.9225],[15.6283,-4.9225],[15.6283,-4.9242]]],[[[15.8708,-4.8867],[15.8792,-4.8908],[15.8808,-4.8867],[15.8875,-4.8883],[15.8825,-4.8883],[15.8817,-4.8917],[15.8775,-4.8933],[15.8725,-4.8908],[15.8708,-4.8867]]],[[[15.6758,-4.8792],[15.6892,-4.8775],[15.6883,-4.8817],[15.6908,-4.8825],[15.6867,-4.8842],[15.6833,-4.8817],[15.6758,-4.8825],[15.6692,-4.8742],[15.6758,-4.8792]]],[[[15.6783,-4.8542],[15.6783,-4.8608],[15.6758,-4.8617],[15.6783,-4.8667],[15.6725,-4.8717],[15.6675,-4.8683],[15.6658,-4.8617],[15.6717,-4.8683],[15.675,-4.8658],[15.6767,-4.8542],[15.67,-4.8533],[15.6708,-4.8492],[15.6733,-4.8483],[15.6733,-4.8508],[15.6783,-4.8542]]],[[[15.7,-4.85],[15.695,-4.8558],[15.7042,-4.8592],[15.7025,-4.8658],[15.6933,-4.865],[15.6917,-4.8625],[15.6933,-4.8558],[15.685,-4.8492],[15.6892,-4.8475],[15.6975,-4.85],[15.6967,-4.8467],[15.6992,-4.8442],[15.7,-4.85]]],[[[15.6825,-4.8517],[15.685,-4.85],[15.6867,-4.8533],[15.6867,-4.855],[15.6833,-4.8542],[15.6842,-4.8617],[15.6817,-4.8608],[15.6825,-4.855],[15.6783,-4.8467],[15.6825,-4.8517]]],[[[15.7092,-4.8367],[15.7058,-4.8383],[15.7042,-4.8433],[15.7033,-4.8408],[15.7083,-4.8333],[15.7025,-4.8342],[15.7017,-4.8292],[15.7092,-4.8325],[15.7092,-4.8367]]],[[[15.6833,-4.8275],[15.6942,-4.835],[15.69,-4.84],[15.6858,-4.8367],[15.6825,-4.8392],[15.6792,-4.8383],[15.6833,-4.835],[15.69,-4.8367],[15.6883,-4.8325],[15.6842,-4.8325],[15.6833,-4.8275]]],[[[15.8525,-4.8208],[15.8475,-4.8275],[15.84,-4.8317],[15.8483,-4.8217],[15.8525,-4.8208]]],[[[15.7008,-4.8267],[15.7,-4.8308],[15.6975,-4.8258],[15.69,-4.8283],[15.6892,-4.825],[15.6925,-4.8217],[15.6883,-4.8183],[15.6942,-4.82],[15.6942,-4.8242],[15.6975,-4.8233],[15.7008,-4.8267]],[[15.6942,-4.8242],[15.6933,-4.825],[15.6942,-4.825],[15.6942,-4.8242]],[[15.6933,-4.825],[15.6925,-4.8258],[15.6933,-4.8258],[15.6933,-4.825]]],[[[15.7,-4.8092],[15.7025,-4.8142],[15.6992,-4.81],[15.6908,-4.81],[15.6992,-4.815],[15.6992,-4.8175],[15.6933,-4.8158],[15.6875,-4.81],[15.69,-4.8092],[15.6892,-4.8067],[15.7,-4.8092]]],[[[15.655,-4.8125],[15.6475,-4.815],[15.6458,-4.8142],[15.65,-4.8117],[15.6483,-4.8092],[15.6508,-4.8067],[15.6558,-4.8075],[15.655,-4.8125]],[[15.6508,-4.81],[15.6525,-4.8092],[15.6508,-4.8092],[15.6508,-4.81]]],[[[15.72,-4.7975],[15.7242,-4.8067],[15.72,-4.8108],[15.7167,-4.8067],[15.72,-4.8],[15.7142,-4.7983],[15.72,-4.7975]]],[[[15.7083,-4.7908],[15.7,-4.7858],[15.7058,-4.7867],[15.7025,-4.7825],[15.7083,-4.7825],[15.7083,-4.7908]]],[[[15.6342,-4.7783],[15.6392,-4.7733],[15.6417,-4.7733],[15.64,-4.7783],[15.6433,-4.7783],[15.6425,-4.7742],[15.6492,-4.7742],[15.6492,-4.7858],[15.6442,-4.7933],[15.6375,-4.7917],[15.64,-4.7858],[15.6442,-4.7833],[15.6417,-4.78],[15.6375,-4.7842],[15.6333,-4.7833],[15.6342,-4.7783]],[[15.6342,-4.7825],[15.6367,-4.7825],[15.6367,-4.7808],[15.6342,-4.7825]],[[15.6367,-4.7808],[15.6375,-4.78],[15.6367,-4.78],[15.6367,-4.7808]],[[15.6375,-4.78],[15.6383,-4.7792],[15.6375,-4.7792],[15.6375,-4.78]],[[15.645,-4.78],[15.6458,-4.7775],[15.645,-4.7775],[15.645,-4.78]],[[15.6425,-4.7892],[15.6433,-4.7883],[15.6425,-4.7883],[15.6425,-4.7892]]],[[[15.7158,-4.7808],[15.71,-4.7808],[15.7075,-4.7767],[15.7042,-4.7792],[15.7025,-4.7775],[15.7125,-4.7733],[15.7158,-4.7808]],[[15.7133,-4.7792],[15.7108,-4.7775],[15.7108,-4.7792],[15.7133,-4.7792]]],[[[15.7258,-4.7467],[15.7333,-4.7567],[15.7283,-4.7558],[15.7283,-4.7575],[15.7325,-4.7575],[15.735,-4.7617],[15.7292,-4.76],[15.7267,-4.7633],[15.7225,-4.76],[15.7217,-4.7658],[15.7142,-4.765],[15.7192,-4.7758],[15.7258,-4.78],[15.7275,-4.7825],[15.7267,-4.7842],[15.7183,-4.7783],[15.7133,-4.7667],[15.71,-4.7692],[15.7133,-4.765],[15.7092,-4.7633],[15.71,-4.7575],[15.7067,-4.7533],[15.7133,-4.7533],[15.7108,-4.755],[15.7117,-4.7625],[15.7175,-4.7625],[15.7158,-4.7583],[15.7183,-4.76],[15.7258,-4.7583],[15.7275,-4.7533],[15.7258,-4.7467]],[[15.7083,-4.755],[15.71,-4.7542],[15.7083,-4.7542],[15.7083,-4.755]]],[[[15.6858,-4.7592],[15.6808,-4.7608],[15.6783,-4.7567],[15.685,-4.7533],[15.6858,-4.7592]]],[[[15.6592,-4.7425],[15.6725,-4.7517],[15.6742,-4.7542],[15.6683,-4.7558],[15.6667,-4.7517],[15.6608,-4.7483],[15.6592,-4.7425]]],[[[15.9367,-4.735],[15.9375,-4.745],[15.9358,-4.7475],[15.9383,-4.7508],[15.9433,-4.7417],[15.94,-4.7533],[15.9375,-4.7533],[15.9333,-4.7475],[15.9367,-4.7392],[15.9317,-4.7292],[15.9367,-4.735]]],[[[15.6725,-4.7217],[15.6708,-4.7175],[15.675,-4.7167],[15.6725,-4.7125],[15.6692,-4.715],[15.67,-4.7183],[15.6642,-4.7175],[15.6625,-4.7217],[15.6558,-4.7225],[15.6625,-4.7158],[15.6575,-4.7117],[15.6475,-4.7108],[15.6492,-4.7033],[15.6525,-4.7017],[15.6542,-4.7067],[15.6633,-4.7083],[15.6683,-4.7142],[15.6667,-4.7075],[15.6633,-4.7075],[15.6625,-4.7017],[15.6567,-4.7008],[15.6558,-4.6967],[15.6583,-4.6933],[15.6633,-4.6958],[15.6625,-4.69],[15.6667,-4.6933],[15.6658,-4.6875],[15.6692,-4.6892],[15.6692,-4.6925],[15.6742,-4.69],[15.6717,-4.695],[15.6667,-4.695],[15.6642,-4.6983],[15.6658,-4.7033],[15.67,-4.7042],[15.6725,-4.6967],[15.6775,-4.695],[15.6767,-4.6917],[15.6792,-4.6917],[15.68,-4.695],[15.675,-4.6983],[15.6733,-4.7042],[15.6767,-4.705],[15.6817,-4.7],[15.6858,-4.7058],[15.685,-4.7008],[15.6892,-4.6992],[15.6883,-4.705],[15.6925,-4.7083],[15.6917,-4.7125],[15.6883,-4.71],[15.6833,-4.7133],[15.6792,-4.7108],[15.6817,-4.7167],[15.6783,-4.7158],[15.6733,-4.72],[15.685,-4.7175],[15.6883,-4.7225],[15.6908,-4.7167],[15.6942,-4.715],[15.6967,-4.7242],[15.6867,-4.7308],[15.6767,-4.73],[15.6758,-4.7333],[15.6717,-4.73],[15.6692,-4.7308],[15.67,-4.745],[15.6808,-4.7425],[15.6842,-4.745],[15.69,-4.7392],[15.6925,-4.7433],[15.6867,-4.7483],[15.6833,-4.7467],[15.6825,-4.75],[15.675,-4.7525],[15.675,-4.7475],[15.6692,-4.7483],[15.665,-4.7417],[15.6592,-4.74],[15.6583,-4.7425],[15.6525,-4.7433],[15.655,-4.7533],[15.6508,-4.7558],[15.6592,-4.7542],[15.66,-4.7617],[15.6633,-4.7625],[15.6642,-4.7658],[15.6517,-4.7667],[15.65,-4.7625],[15.6533,-4.7592],[15.6458,-4.7567],[15.6467,-4.7533],[15.6433,-4.7542],[15.6442,-4.7475],[15.6383,-4.7417],[15.6325,-4.74],[15.63,-4.735],[15.6333,-4.7317],[15.6417,-4.735],[15.6458,-4.7392],[15.6458,-4.7433],[15.6433,-4.7417],[15.6433,-4.745],[15.6467,-4.7458],[15.6583,-4.7358],[15.6575,-4.7258],[15.665,-4.7225],[15.6658,-4.725],[15.6625,-4.7275],[15.6642,-4.7292],[15.68,-4.7275],[15.6767,-4.7217],[15.6725,-4.7217]],[[15.685,-4.7467],[15.6858,-4.7458],[15.685,-4.7458],[15.685,-4.7467]],[[15.675,-4.7475],[15.6775,-4.7467],[15.675,-4.7467],[15.675,-4.7475]],[[15.68,-4.7233],[15.6808,-4.7242],[15.6817,-4.725],[15.6842,-4.7242],[15.68,-4.7233]],[[15.6842,-4.725],[15.685,-4.7258],[15.685,-4.725],[15.6842,-4.725]],[[15.685,-4.7258],[15.6867,-4.7267],[15.6867,-4.7258],[15.685,-4.7258]],[[15.6825,-4.7092],[15.6825,-4.7042],[15.68,-4.7033],[15.6775,-4.7083],[15.6825,-4.7092]],[[15.6517,-4.7092],[15.6508,-4.705],[15.6492,-4.7092],[15.6517,-4.7092]],[[15.6758,-4.7108],[15.6758,-4.7092],[15.6708,-4.7058],[15.6717,-4.71],[15.6758,-4.7108]],[[15.69,-4.7267],[15.6942,-4.7233],[15.6942,-4.7217],[15.6892,-4.725],[15.69,-4.7267]],[[15.6658,-4.7325],[15.6667,-4.7308],[15.6658,-4.7308],[15.6658,-4.7325]],[[15.635,-4.7342],[15.6325,-4.7375],[15.6367,-4.7375],[15.635,-4.7342]],[[15.6625,-4.735],[15.6617,-4.7375],[15.6625,-4.7375],[15.6625,-4.735]],[[15.665,-4.7367],[15.6675,-4.7358],[15.665,-4.7358],[15.665,-4.7367]],[[15.6375,-4.7375],[15.6383,-4.7392],[15.64,-4.7392],[15.6375,-4.7375]]],[[[15.6425,-4.7233],[15.6467,-4.7158],[15.645,-4.7233],[15.6483,-4.7275],[15.6475,-4.7317],[15.6358,-4.7275],[15.645,-4.7283],[15.6433,-4.725],[15.6383,-4.7258],[15.6442,-4.715],[15.6425,-4.7233]]],[[[15.9142,-4.6967],[15.9183,-4.6992],[15.9183,-4.7083],[15.9225,-4.7142],[15.9175,-4.7125],[15.9167,-4.7008],[15.91,-4.6958],[15.91,-4.6892],[15.9142,-4.6967]]],[[[15.7075,-4.6842],[15.7033,-4.6833],[15.7,-4.6892],[15.6942,-4.6883],[15.695,-4.6842],[15.7025,-4.6792],[15.7075,-4.6817],[15.7075,-4.6842]],[[15.7008,-4.6858],[15.6975,-4.6842],[15.6967,-4.6867],[15.7008,-4.6858]]],[[[15.6908,-4.675],[15.6875,-4.6733],[15.6917,-4.6717],[15.6917,-4.6633],[15.6942,-4.6633],[15.695,-4.6758],[15.69,-4.6775],[15.6908,-4.675]],[[15.6933,-4.6733],[15.6925,-4.6742],[15.6933,-4.6742],[15.6933,-4.6733]]],[[[15.6742,-4.6642],[15.6783,-4.665],[15.675,-4.6658],[15.6758,-4.67],[15.6792,-4.67],[15.6833,-4.6617],[15.6883,-4.6642],[15.6892,-4.6692],[15.6867,-4.67],[15.6875,-4.6658],[15.6842,-4.665],[15.6825,-4.6667],[15.6842,-4.6725],[15.6742,-4.6742],[15.6717,-4.6683],[15.6658,-4.6667],[15.6725,-4.6633],[15.665,-4.6617],[15.6708,-4.66],[15.6742,-4.6642]]],[[[15.7758,-4.6392],[15.7717,-4.6433],[15.7708,-4.6483],[15.7683,-4.6408],[15.7725,-4.6392],[15.7667,-4.6383],[15.7733,-4.6375],[15.7758,-4.6392]]],[[[15.67,-4.6058],[15.6725,-4.6208],[15.6683,-4.62],[15.6692,-4.6133],[15.6667,-4.6117],[15.6658,-4.6033],[15.67,-4.6058]]],[[[15.945,-4.5875],[15.9392,-4.5883],[15.935,-4.5858],[15.9433,-4.5858],[15.9442,-4.5817],[15.9383,-4.5825],[15.9383,-4.5808],[15.945,-4.5783],[15.9467,-4.58],[15.945,-4.5875]]],[[[15.9492,-4.5633],[15.9542,-4.5733],[15.9583,-4.575],[15.9567,-4.5825],[15.9483,-4.5717],[15.9475,-4.5692],[15.9492,-4.57],[15.9508,-4.5692],[15.9467,-4.5633],[15.9492,-4.5633]]],[[[15.6367,-4.5833],[15.63,-4.5783],[15.6308,-4.5733],[15.6267,-4.5733],[15.6275,-4.5658],[15.6317,-4.5608],[15.6275,-4.56],[15.6283,-4.5617],[15.62,-4.5633],[15.6192,-4.56],[15.6217,-4.56],[15.6225,-4.5558],[15.6283,-4.555],[15.6292,-4.5567],[15.6267,-4.5575],[15.6292,-4.5583],[15.6325,-4.5567],[15.635,-4.5583],[15.635,-4.5625],[15.6433,-4.5625],[15.6433,-4.5667],[15.65,-4.5683],[15.6492,-4.5725],[15.6425,-4.5767],[15.6433,-4.5808],[15.6367,-4.5833]],[[15.6425,-4.5767],[15.6408,-4.5758],[15.6408,-4.5767],[15.6425,-4.5767]],[[15.6408,-4.5758],[15.64,-4.575],[15.64,-4.5758],[15.6408,-4.5758]],[[15.64,-4.575],[15.6392,-4.5742],[15.6392,-4.575],[15.64,-4.575]],[[15.6392,-4.5742],[15.6383,-4.5733],[15.6383,-4.5742],[15.6392,-4.5742]],[[15.6292,-4.5683],[15.6333,-4.5725],[15.6358,-4.57],[15.64,-4.57],[15.6425,-4.5733],[15.6467,-4.5708],[15.6467,-4.5692],[15.6408,-4.5692],[15.6408,-4.565],[15.6342,-4.5633],[15.6292,-4.5683]],[[15.6317,-4.5775],[15.64,-4.58],[15.6333,-4.5733],[15.6317,-4.5775]]],[[[15.655,-4.5517],[15.6558,-4.5542],[15.6533,-4.5517],[15.6517,-4.5533],[15.6533,-4.5617],[15.6567,-4.56],[15.6558,-4.5642],[15.6517,-4.5625],[15.6467,-4.5642],[15.6417,-4.5567],[15.6375,-4.5583],[15.6342,-4.5542],[15.6358,-4.5525],[15.6383,-4.5558],[15.6442,-4.5558],[15.6483,-4.5625],[15.6458,-4.5558],[15.6492,-4.5558],[15.6508,-4.5492],[15.6583,-4.5508],[15.655,-4.5517]],[[15.6492,-4.5608],[15.6508,-4.56],[15.6492,-4.56],[15.6492,-4.5608]]],[[[15.7025,-4.5367],[15.7008,-4.535],[15.6933,-4.5342],[15.705,-4.5317],[15.7058,-4.535],[15.7025,-4.5367]]],[[[15.7175,-4.53],[15.7142,-4.5283],[15.7175,-4.5333],[15.7175,-4.5392],[15.7142,-4.5375],[15.7142,-4.54],[15.7125,-4.5408],[15.7133,-4.5375],[15.7117,-4.5375],[15.7058,-4.5442],[15.7017,-4.5442],[15.7133,-4.5333],[15.7133,-4.5308],[15.71,-4.5308],[15.7092,-4.5275],[15.7075,-4.5292],[15.6942,-4.5275],[15.7125,-4.5267],[15.7158,-4.5242],[15.7183,-4.5267],[15.7175,-4.53]]],[[[15.97,-4.525],[15.965,-4.5242],[15.9667,-4.5183],[15.9633,-4.5133],[15.9683,-4.515],[15.97,-4.525]]],[[[15.7058,-4.5108],[15.7067,-4.5158],[15.7108,-4.5158],[15.71,-4.5183],[15.7067,-4.5183],[15.7067,-4.5217],[15.7042,-4.5208],[15.7058,-4.5158],[15.7017,-4.5167],[15.6958,-4.5133],[15.6942,-4.515],[15.6958,-4.5175],[15.6942,-4.5233],[15.6983,-4.5242],[15.6917,-4.5233],[15.695,-4.5192],[15.6925,-4.5142],[15.6983,-4.5108],[15.6958,-4.51],[15.6975,-4.5075],[15.7025,-4.5067],[15.6992,-4.51],[15.7058,-4.5108]],[[15.7008,-4.5142],[15.7042,-4.5117],[15.6983,-4.5117],[15.7008,-4.5142]]],[[[15.88,-4.495],[15.8867,-4.4767],[15.8958,-4.4717],[15.8975,-4.465],[15.9025,-4.4592],[15.9075,-4.4558],[15.9125,-4.4575],[15.9133,-4.4517],[15.9158,-4.4617],[15.9125,-4.4608],[15.9025,-4.4658],[15.8992,-4.4742],[15.89,-4.4808],[15.885,-4.4958],[15.8858,-4.5017],[15.8783,-4.5108],[15.8767,-4.5067],[15.8825,-4.5],[15.8833,-4.495],[15.8817,-4.4958],[15.88,-4.495]],[[15.8833,-4.4975],[15.8842,-4.4983],[15.8842,-4.4975],[15.8833,-4.4975]],[[15.9092,-4.4592],[15.91,-4.4583],[15.9092,-4.4583],[15.9092,-4.4592]],[[15.91,-4.4608],[15.9108,-4.46],[15.91,-4.46],[15.91,-4.4608]],[[15.9033,-4.4625],[15.9042,-4.4617],[15.9033,-4.4617],[15.9033,-4.4625]],[[15.8883,-4.4783],[15.8908,-4.4767],[15.8883,-4.4775],[15.8883,-4.4783]],[[15.885,-4.4933],[15.8842,-4.4925],[15.8842,-4.4933],[15.885,-4.4933]],[[15.8842,-4.4933],[15.8833,-4.4942],[15.8842,-4.4942],[15.8842,-4.4933]]],[[[15.6625,-4.4725],[15.6567,-4.475],[15.6533,-4.4717],[15.655,-4.47],[15.6567,-4.4725],[15.6608,-4.4717],[15.6592,-4.4658],[15.655,-4.4692],[15.6575,-4.4633],[15.6617,-4.4642],[15.6625,-4.4725]]],[[[15.7083,-4.4333],[15.7025,-4.4275],[15.695,-4.4333],[15.7025,-4.4242],[15.7067,-4.425],[15.7083,-4.4333]]],[[[15.7133,-4.3992],[15.71,-4.405],[15.7133,-4.4033],[15.7158,-4.405],[15.7092,-4.4075],[15.7083,-4.3992],[15.7125,-4.3967],[15.7167,-4.4],[15.7133,-4.3992]]],[[[15.8492,-4.3742],[15.85,-4.3825],[15.8467,-4.3858],[15.8467,-4.3775],[15.8508,-4.3667],[15.8583,-4.3575],[15.8642,-4.3425],[15.8658,-4.345],[15.8683,-4.3442],[15.8517,-4.3758],[15.8492,-4.3742]],[[15.8525,-4.3717],[15.8508,-4.37],[15.8517,-4.3717],[15.8525,-4.3717]],[[15.8592,-4.3592],[15.86,-4.3575],[15.8592,-4.3575],[15.8592,-4.3592]],[[15.8558,-4.3633],[15.8567,-4.3625],[15.8558,-4.3625],[15.8558,-4.3633]]],[[[15.815,-4.0092],[15.8175,-4.0208],[15.81,-4.0175],[15.8125,-4.0258],[15.8108,-4.0283],[15.8067,-4.0283],[15.8025,-4.025],[15.7992,-4.0083],[15.8017,-4.0067],[15.8058,-4.0133],[15.81,-4.0108],[15.8083,-4.0042],[15.8108,-4.0033],[15.815,-4.0092]]],[[[15.6967,-4.005],[15.69,-4.0117],[15.6833,-4.01],[15.6917,-4.005],[15.6967,-4.005]]],[[[15.8175,-3.9883],[15.8267,-3.9867],[15.8308,-3.995],[15.8317,-3.9892],[15.8358,-3.9925],[15.8392,-3.99],[15.8383,-3.9867],[15.8325,-3.9875],[15.8308,-3.9842],[15.84,-3.9842],[15.8425,-3.9883],[15.8433,-4.0033],[15.8458,-4.0025],[15.8433,-3.985],[15.8467,-3.9892],[15.8517,-3.9892],[15.8517,-4.005],[15.8558,-4.0142],[15.8525,-4.0158],[15.8533,-4.0192],[15.8483,-4.0242],[15.845,-4.0217],[15.845,-4.0142],[15.8417,-4.0242],[15.8333,-4.0208],[15.8333,-4.0125],[15.8367,-4.0092],[15.8325,-4.0058],[15.8367,-3.9975],[15.83,-4.005],[15.8258,-4.005],[15.825,-4.0],[15.8233,-4.0042],[15.8183,-4.0058],[15.8125,-4.0017],[15.8092,-3.9967],[15.81,-3.9908],[15.8158,-3.9892],[15.8167,-3.9933],[15.8175,-3.9883]],[[15.8167,-4.0017],[15.8142,-3.9917],[15.8117,-3.995],[15.8167,-4.0017]],[[15.8258,-3.99],[15.8242,-3.9917],[15.8242,-3.9933],[15.8267,-3.9925],[15.8258,-3.99]],[[15.8167,-3.995],[15.8175,-3.9942],[15.8167,-3.9942],[15.8167,-3.995]],[[15.8442,-4.0075],[15.8458,-4.0058],[15.8442,-4.0058],[15.8442,-4.0075]]],[[[15.7767,-4.0025],[15.7717,-4.0058],[15.7633,-3.9967],[15.775,-3.9992],[15.7767,-4.0025]]],[[[15.8625,-3.975],[15.8708,-3.9792],[15.8733,-3.9892],[15.8733,-3.9942],[15.8667,-4.0008],[15.8642,-4.0],[15.8633,-3.9908],[15.86,-3.9983],[15.8558,-3.9975],[15.8525,-3.9908],[15.8533,-3.9858],[15.8575,-3.99],[15.8592,-3.9858],[15.8625,-3.985],[15.8592,-3.9758],[15.8625,-3.975]]],[[[15.8883,-3.9683],[15.8825,-3.9692],[15.8833,-3.9892],[15.8742,-3.9875],[15.8708,-3.9692],[15.8675,-3.9725],[15.8617,-3.9683],[15.8575,-3.97],[15.8592,-3.9667],[15.8658,-3.9683],[15.8733,-3.9658],[15.8783,-3.9808],[15.8758,-3.965],[15.8917,-3.9617],[15.8883,-3.9683]],[[15.8842,-3.9675],[15.885,-3.9667],[15.8842,-3.9667],[15.8842,-3.9675]],[[15.8783,-3.97],[15.8792,-3.9692],[15.8783,-3.9692],[15.8783,-3.97]]],[[[15.8975,-3.9633],[15.8983,-3.9683],[15.895,-3.965],[15.895,-3.96],[15.8967,-3.9567],[15.9017,-3.955],[15.8975,-3.9633]]],[[[15.9533,-3.9042],[15.945,-3.9117],[15.9425,-3.9117],[15.9425,-3.9075],[15.9533,-3.9042]]],[[[15.905,-3.9192],[15.8908,-3.94],[15.8892,-3.94],[15.89,-3.9358],[15.8933,-3.9325],[15.8917,-3.93],[15.8883,-3.9308],[15.8883,-3.9342],[15.8867,-3.9317],[15.8858,-3.9358],[15.875,-3.935],[15.8725,-3.9325],[15.8725,-3.9375],[15.8608,-3.9383],[15.8592,-3.9417],[15.8542,-3.9417],[15.8508,-3.9375],[15.8492,-3.925],[15.8458,-3.925],[15.8442,-3.9317],[15.8467,-3.935],[15.8458,-3.9467],[15.8425,-3.9458],[15.8417,-3.9367],[15.8383,-3.9342],[15.8425,-3.92],[15.8475,-3.9208],[15.85,-3.9175],[15.8558,-3.9208],[15.8558,-3.9367],[15.8575,-3.9267],[15.8617,-3.9267],[15.8667,-3.9333],[15.8675,-3.9292],[15.8625,-3.9225],[15.865,-3.9175],[15.8617,-3.915],[15.865,-3.9075],[15.8683,-3.9083],[15.8783,-3.9308],[15.8792,-3.925],[15.875,-3.9175],[15.875,-3.9092],[15.8775,-3.9092],[15.8808,-3.9142],[15.8867,-3.9142],[15.89,-3.925],[15.8925,-3.925],[15.8942,-3.915],[15.89,-3.9108],[15.89,-3.905],[15.8942,-3.9025],[15.9017,-3.9067],[15.9008,-3.8925],[15.8925,-3.895],[15.8842,-3.8925],[15.8833,-3.8892],[15.8867,-3.8875],[15.8875,-3.8833],[15.8833,-3.8817],[15.8817,-3.885],[15.8758,-3.8842],[15.8767,-3.8758],[15.8742,-3.8683],[15.8792,-3.8633],[15.8833,-3.8692],[15.8883,-3.8675],[15.8917,-3.8717],[15.8958,-3.8675],[15.9017,-3.8725],[15.9042,-3.8717],[15.9025,-3.8625],[15.9108,-3.8608],[15.9125,-3.8542],[15.9108,-3.8475],[15.9092,-3.855],[15.9075,-3.8525],[15.9058,-3.855],[15.8933,-3.8533],[15.8983,-3.8492],[15.9,-3.8417],[15.8925,-3.8392],[15.895,-3.835],[15.8917,-3.8342],[15.8858,-3.8267],[15.8942,-3.8258],[15.8942,-3.8208],[15.8967,-3.82],[15.9,-3.82],[15.9008,-3.8258],[15.9183,-3.8342],[15.9142,-3.8392],[15.9175,-3.8408],[15.92,-3.8508],[15.9192,-3.8617],[15.9158,-3.8633],[15.9125,-3.8817],[15.9067,-3.8825],[15.9042,-3.875],[15.8992,-3.8758],[15.8975,-3.8733],[15.8958,-3.8733],[15.8958,-3.8792],[15.8925,-3.88],[15.8942,-3.8842],[15.8925,-3.8892],[15.8967,-3.8875],[15.8983,-3.89],[15.9008,-3.8842],[15.9058,-3.8842],[15.9058,-3.8883],[15.9108,-3.8858],[15.9092,-3.895],[15.9117,-3.8958],[15.9117,-3.9058],[15.9058,-3.9175],[15.9058,-3.9117],[15.9025,-3.9125],[15.9017,-3.9183],[15.905,-3.9192]],[[15.9017,-3.9183],[15.8992,-3.9208],[15.9008,-3.9208],[15.9017,-3.9183]],[[15.8975,-3.8308],[15.8983,-3.8292],[15.8975,-3.8292],[15.8975,-3.8308]],[[15.9058,-3.84],[15.9075,-3.8392],[15.9058,-3.8392],[15.9058,-3.84]],[[15.9133,-3.8417],[15.9125,-3.8392],[15.9083,-3.8392],[15.9092,-3.8425],[15.9133,-3.8417]],[[15.9067,-3.8442],[15.9075,-3.8433],[15.9067,-3.8433],[15.9067,-3.8442]],[[15.9058,-3.8458],[15.905,-3.845],[15.905,-3.8458],[15.9058,-3.8458]],[[15.905,-3.8458],[15.9033,-3.85],[15.905,-3.85],[15.905,-3.8458]],[[15.9058,-3.8725],[15.905,-3.8733],[15.9058,-3.8733],[15.9058,-3.8725]],[[15.9058,-3.8733],[15.9067,-3.8742],[15.9067,-3.8733],[15.9058,-3.8733]],[[15.9067,-3.8742],[15.9075,-3.875],[15.9075,-3.8742],[15.9067,-3.8742]],[[15.8867,-3.8767],[15.8875,-3.8758],[15.8867,-3.8758],[15.8867,-3.8767]],[[15.865,-3.9108],[15.865,-3.9142],[15.8667,-3.915],[15.8675,-3.9117],[15.865,-3.9108]],[[15.8842,-3.9183],[15.8825,-3.9225],[15.8842,-3.9233],[15.8842,-3.9183]],[[15.8675,-3.9225],[15.8692,-3.9208],[15.87,-3.92],[15.8683,-3.92],[15.8675,-3.9225]],[[15.8842,-3.9267],[15.8858,-3.9275],[15.8842,-3.925],[15.8842,-3.9267]]],[[[15.9617,-3.865],[15.9542,-3.8633],[15.9483,-3.8658],[15.945,-3.8767],[15.95,-3.8792],[15.9533,-3.8867],[15.9483,-3.8883],[15.9433,-3.8858],[15.9433,-3.8892],[15.9467,-3.9],[15.9517,-3.895],[15.9583,-3.895],[15.96,-3.8975],[15.9533,-3.9017],[15.9558,-3.8983],[15.9542,-3.8967],[15.9492,-3.9033],[15.945,-3.9042],[15.9383,-3.8867],[15.9417,-3.8817],[15.95,-3.8867],[15.9508,-3.885],[15.9417,-3.8792],[15.9417,-3.8733],[15.9508,-3.86],[15.9608,-3.8617],[15.9617,-3.865]]],[[[15.965,-3.8383],[15.9725,-3.8425],[15.9725,-3.8467],[15.9692,-3.8433],[15.965,-3.8433],[15.9592,-3.835],[15.9525,-3.8508],[15.9592,-3.8475],[15.96,-3.8533],[15.9625,-3.8508],[15.9675,-3.8525],[15.9667,-3.8592],[15.9708,-3.8617],[15.97,-3.8683],[15.9683,-3.8625],[15.9642,-3.86],[15.9658,-3.8542],[15.9592,-3.8567],[15.9575,-3.8517],[15.9533,-3.855],[15.9492,-3.8533],[15.9492,-3.845],[15.96,-3.8317],[15.9633,-3.8333],[15.965,-3.8383]]],[[[15.9525,-3.83],[15.9425,-3.85],[15.94,-3.8508],[15.9408,-3.8467],[15.9508,-3.83],[15.9525,-3.83]]],[[[15.9292,-3.8408],[15.9233,-3.8475],[15.9217,-3.8475],[15.9233,-3.8417],[15.9308,-3.8325],[15.9292,-3.8408]]],[[[15.9767,-3.8225],[15.98,-3.8275],[15.985,-3.825],[15.9833,-3.8292],[15.98,-3.8292],[15.9733,-3.8233],[15.9667,-3.8225],[15.9667,-3.8242],[15.98,-3.8325],[15.9817,-3.8375],[15.9633,-3.8258],[15.9667,-3.8183],[15.9767,-3.8225]]],[[[15.9858,-3.8208],[15.985,-3.8233],[15.9783,-3.8217],[15.9767,-3.8192],[15.9783,-3.8142],[15.9808,-3.8133],[15.9817,-3.8208],[15.9858,-3.8208]]],[[[15.9258,-3.7975],[15.9225,-3.8017],[15.915,-3.8017],[15.9125,-3.7992],[15.9133,-3.8033],[15.9233,-3.8025],[15.9267,-3.8075],[15.9325,-3.81],[15.9267,-3.8183],[15.9208,-3.8183],[15.9167,-3.8117],[15.9142,-3.8125],[15.9133,-3.825],[15.92,-3.8283],[15.9217,-3.8267],[15.92,-3.8233],[15.9233,-3.8233],[15.9225,-3.8325],[15.9175,-3.8333],[15.9167,-3.8283],[15.9125,-3.8283],[15.9092,-3.825],[15.91,-3.8117],[15.9117,-3.8092],[15.9167,-3.8092],[15.9208,-3.8133],[15.9258,-3.8142],[15.9275,-3.8108],[15.9242,-3.8108],[15.9217,-3.8067],[15.91,-3.8067],[15.9083,-3.8],[15.9058,-3.8],[15.9025,-3.795],[15.9108,-3.7942],[15.9208,-3.7975],[15.9225,-3.7883],[15.9275,-3.7875],[15.9258,-3.7975]]],[[[15.9733,-3.7908],[15.9667,-3.8058],[15.9633,-3.81],[15.9675,-3.795],[15.9733,-3.7908]]],[[[15.9567,-3.7858],[15.9458,-3.8133],[15.9342,-3.8225],[15.9442,-3.8117],[15.9525,-3.7867],[15.9567,-3.7825],[15.9558,-3.775],[15.9583,-3.7775],[15.9567,-3.7858]]],[[[15.99,-3.7892],[15.9833,-3.7942],[15.985,-3.8025],[15.98,-3.8042],[15.9758,-3.8017],[15.9717,-3.81],[15.9717,-3.8125],[15.9783,-3.81],[15.9792,-3.8117],[15.975,-3.815],[15.9692,-3.815],[15.9683,-3.8083],[15.9708,-3.8008],[15.9783,-3.7983],[15.9792,-3.7925],[15.9817,-3.7917],[15.9808,-3.7883],[15.975,-3.7908],[15.975,-3.7875],[15.9858,-3.7867],[15.9842,-3.7833],[15.99,-3.7808],[15.99,-3.7892]]],[[[15.95,-3.7875],[15.945,-3.7892],[15.9467,-3.7958],[15.9442,-3.8],[15.94,-3.8008],[15.9367,-3.7983],[15.935,-3.8033],[15.9292,-3.8008],[15.9283,-3.7925],[15.9308,-3.7883],[15.9308,-3.795],[15.9333,-3.7983],[15.9358,-3.795],[15.9425,-3.7958],[15.9367,-3.7917],[15.9367,-3.7875],[15.9392,-3.7842],[15.9475,-3.7833],[15.9475,-3.775],[15.9417,-3.7767],[15.9408,-3.7792],[15.9325,-3.7775],[15.9358,-3.7742],[15.9417,-3.775],[15.9458,-3.7683],[15.95,-3.7683],[15.9517,-3.7725],[15.95,-3.7875]]],[[[15.9175,-3.7583],[15.9117,-3.7583],[15.9133,-3.7675],[15.915,-3.76],[15.9192,-3.76],[15.9192,-3.7642],[15.9167,-3.7633],[15.9183,-3.7758],[15.9158,-3.7792],[15.9117,-3.775],[15.9125,-3.7708],[15.9075,-3.7683],[15.9075,-3.7583],[15.9108,-3.755],[15.9133,-3.7567],[15.9183,-3.755],[15.9175,-3.7583]],[[15.9158,-3.7717],[15.9142,-3.7758],[15.915,-3.7758],[15.9158,-3.7717]]],[[[15.9375,-3.7533],[15.935,-3.7625],[15.9283,-3.765],[15.9283,-3.7675],[15.9317,-3.7692],[15.9342,-3.7658],[15.9375,-3.7658],[15.9392,-3.7717],[15.9308,-3.7758],[15.935,-3.77],[15.9275,-3.7725],[15.925,-3.765],[15.9317,-3.7617],[15.9317,-3.7583],[15.9292,-3.7575],[15.9308,-3.7508],[15.9375,-3.7533]]],[[[15.9733,-3.7592],[15.9683,-3.7608],[15.9667,-3.7658],[15.9617,-3.7692],[15.965,-3.7583],[15.9708,-3.7575],[15.9767,-3.7508],[15.9733,-3.7592]]],[[[15.8425,-3.72],[15.8433,-3.73],[15.8475,-3.7292],[15.8483,-3.7317],[15.845,-3.7358],[15.8492,-3.7367],[15.8433,-3.7392],[15.84,-3.7375],[15.8383,-3.7408],[15.8392,-3.7442],[15.8367,-3.7467],[15.8417,-3.7533],[15.8442,-3.7475],[15.8483,-3.7492],[15.8508,-3.745],[15.8583,-3.7475],[15.8567,-3.7417],[15.8592,-3.7392],[15.8583,-3.7425],[15.8625,-3.7433],[15.8633,-3.7492],[15.8708,-3.7542],[15.87,-3.7567],[15.8733,-3.755],[15.8742,-3.7583],[15.8775,-3.7583],[15.88,-3.75],[15.8817,-3.7508],[15.88,-3.755],[15.8883,-3.7542],[15.8867,-3.7517],[15.8892,-3.7492],[15.895,-3.7508],[15.8892,-3.7392],[15.885,-3.7408],[15.8867,-3.7342],[15.8783,-3.7442],[15.8742,-3.7417],[15.8683,-3.7425],[15.8692,-3.74],[15.8642,-3.7408],[15.8583,-3.7383],[15.8533,-3.7308],[15.8517,-3.72],[15.855,-3.7217],[15.8633,-3.72],[15.8608,-3.7267],[15.8642,-3.7308],[15.8683,-3.7233],[15.8758,-3.7258],[15.8775,-3.7225],[15.8833,-3.7242],[15.8842,-3.72],[15.9183,-3.72],[15.9175,-3.7275],[15.9142,-3.7292],[15.9083,-3.7267],[15.9067,-3.7217],[15.9017,-3.7267],[15.895,-3.7242],[15.89,-3.7258],[15.895,-3.7267],[15.8958,-3.7367],[15.9,-3.7283],[15.91,-3.7308],[15.9092,-3.7467],[15.9133,-3.7425],[15.9167,-3.7425],[15.9208,-3.7517],[15.9125,-3.755],[15.9158,-3.7483],[15.9108,-3.7517],[15.905,-3.75],[15.9033,-3.7383],[15.9,-3.7433],[15.8958,-3.7433],[15.9017,-3.7592],[15.8975,-3.765],[15.895,-3.76],[15.89,-3.7583],[15.8825,-3.76],[15.8875,-3.7767],[15.8867,-3.7875],[15.8842,-3.7892],[15.88,-3.7867],[15.8808,-3.7792],[15.8783,-3.7825],[15.8742,-3.7808],[15.8758,-3.7758],[15.8733,-3.7758],[15.8733,-3.7717],[15.8708,-3.77],[15.8717,-3.7642],[15.8675,-3.7708],[15.8592,-3.77],[15.8658,-3.7558],[15.8625,-3.7608],[15.8583,-3.7608],[15.8575,-3.7558],[15.8533,-3.755],[15.8525,-3.7517],[15.85,-3.7542],[15.8467,-3.7533],[15.8467,-3.7583],[15.8442,-3.7592],[15.8425,-3.765],[15.8417,-3.7617],[15.84,-3.7633],[15.8375,-3.76],[15.835,-3.7633],[15.8308,-3.7633],[15.825,-3.7592],[15.825,-3.755],[15.83,-3.755],[15.8333,-3.75],[15.8283,-3.7508],[15.8233,-3.7425],[15.8308,-3.7392],[15.835,-3.7408],[15.8325,-3.7283],[15.8383,-3.7283],[15.8325,-3.7242],[15.8317,-3.72],[15.8375,-3.72],[15.8375,-3.7217],[15.8425,-3.72]],[[15.885,-3.7308],[15.8825,-3.7283],[15.8792,-3.7275],[15.88,-3.7317],[15.885,-3.7308]],[[15.8717,-3.735],[15.8717,-3.7283],[15.87,-3.7283],[15.87,-3.735],[15.8717,-3.735]],[[15.8933,-3.73],[15.8908,-3.7283],[15.8883,-3.7325],[15.8917,-3.7325],[15.8933,-3.73]],[[15.8417,-3.7308],[15.8425,-3.73],[15.8417,-3.73],[15.8417,-3.7308]],[[15.84,-3.7308],[15.84,-3.7333],[15.8383,-3.7325],[15.8383,-3.735],[15.8408,-3.7342],[15.84,-3.7308]],[[15.8342,-3.7467],[15.8308,-3.7442],[15.8308,-3.7467],[15.8342,-3.7467]],[[15.8375,-3.7533],[15.8367,-3.7525],[15.8367,-3.7533],[15.8375,-3.7533]],[[15.8367,-3.7533],[15.835,-3.755],[15.8367,-3.755],[15.8367,-3.7533]],[[15.8967,-3.7558],[15.8908,-3.7525],[15.8917,-3.7558],[15.8967,-3.7558]],[[15.8333,-3.7592],[15.8308,-3.7583],[15.8317,-3.76],[15.8333,-3.7592]],[[15.8408,-3.7592],[15.8417,-3.7575],[15.8408,-3.7575],[15.8408,-3.7592]],[[15.8792,-3.765],[15.8775,-3.7667],[15.8792,-3.7675],[15.8792,-3.765]]],[[[15.9333,-3.7317],[15.9383,-3.7317],[15.94,-3.7367],[15.9408,-3.7317],[15.9442,-3.7308],[15.94,-3.72],[15.9467,-3.7208],[15.9492,-3.7333],[15.9433,-3.7342],[15.9425,-3.7375],[15.9475,-3.7383],[15.95,-3.7458],[15.9558,-3.7483],[15.955,-3.7558],[15.9508,-3.755],[15.9525,-3.7583],[15.9392,-3.7525],[15.9383,-3.7492],[15.9408,-3.7483],[15.9375,-3.7483],[15.9292,-3.7383],[15.925,-3.7367],[15.9267,-3.72],[15.9317,-3.72],[15.9308,-3.7267],[15.9333,-3.7317]],[[15.9392,-3.7392],[15.945,-3.7475],[15.9483,-3.7492],[15.945,-3.7417],[15.9392,-3.7392]]],[[[15.9825,-3.725],[15.9858,-3.72],[15.9942,-3.72],[15.9842,-3.7433],[15.9775,-3.75],[15.9867,-3.73],[15.9808,-3.7283],[15.9792,-3.7233],[15.9767,-3.7233],[15.9775,-3.7375],[15.975,-3.7375],[15.9717,-3.7308],[15.9733,-3.72],[15.9808,-3.72],[15.9825,-3.725]]],[[[15.9708,-3.735],[15.9758,-3.74],[15.9742,-3.7442],[15.9692,-3.74],[15.9667,-3.725],[15.9708,-3.735]]],[[[15.9608,-3.72],[15.9567,-3.7342],[15.9633,-3.7433],[15.9617,-3.735],[15.9642,-3.7258],[15.9675,-3.7408],[15.9658,-3.7475],[15.9558,-3.745],[15.9517,-3.7358],[15.9542,-3.7258],[15.9492,-3.7233],[15.9483,-3.72],[15.9533,-3.7217],[15.9608,-3.72]]]]}},{"type":"Feature","properties":{"class":"steepest","min_deg":15.0},"geometry":{"type":"MultiPolygon","coordinates":[[[[14.5967,-4.915],[14.5933,-4.93],[14.5925,-4.9192],[14.5967,-4.915]]],[[[14.5667,-4.9042],[14.5608,-4.9175],[14.555,-4.9192],[14.5633,-4.905],[14.5667,-4.9042]]],[[[14.6833,-4.9033],[14.6875,-4.91],[14.6758,-4.9042],[14.675,-4.9075],[14.67,-4.9125],[14.665,-4.9133],[14.6633,-4.9175],[14.6533,-4.9167],[14.655,-4.9133],[14.6625,-4.9158],[14.675,-4.9008],[14.6833,-4.9033]]],[[[14.555,-4.8767],[14.5617,-4.8825],[14.5633,-4.8792],[14.57,-4.8808],[14.5775,-4.8858],[14.5808,-4.8958],[14.5808,-4.9008],[14.5775,-4.9042],[14.585,-4.9033],[14.5908,-4.9092],[14.5967,-4.9067],[14.6042,-4.9092],[14.6117,-4.9083],[14.615,-4.915],[14.6217,-4.9133],[14.6283,-4.9175],[14.6383,-4.9183],[14.6458,-4.9242],[14.6525,-4.9217],[14.6608,-4.9225],[14.6658,-4.9175],[14.6833,-4.9192],[14.6908,-4.9125],[14.6942,-4.9142],[14.6825,-4.9225],[14.6658,-4.92],[14.6567,-4.93],[14.6533,-4.9292],[14.6575,-4.9275],[14.6558,-4.9233],[14.6508,-4.9267],[14.645,-4.9267],[14.64,-4.9225],[14.6325,-4.93],[14.6367,-4.9208],[14.6242,-4.92],[14.6175,-4.9267],[14.6242,-4.9192],[14.6225,-4.9158],[14.615,-4.9183],[14.6108,-4.9117],[14.6033,-4.9125],[14.6017,-4.91],[14.5975,-4.91],[14.5967,-4.9125],[14.5908,-4.9125],[14.5917,-4.9183],[14.5883,-4.9233],[14.5875,-4.9317],[14.5842,-4.9333],[14.5883,-4.9125],[14.5842,-4.9067],[14.5767,-4.9075],[14.5742,-4.9042],[14.5675,-4.91],[14.5742,-4.91],[14.5742,-4.9183],[14.5767,-4.9217],[14.5733,-4.9217],[14.5617,-4.9333],[14.5642,-4.9242],[14.5717,-4.9158],[14.57,-4.9125],[14.565,-4.9133],[14.5658,-4.9075],[14.5725,-4.9008],[14.5767,-4.9],[14.5767,-4.8958],[14.5717,-4.9],[14.5708,-4.8975],[14.5775,-4.8933],[14.5733,-4.8858],[14.57,-4.8875],[14.5675,-4.8842],[14.56,-4.885],[14.5567,-4.88],[14.5525,-4.8842],[14.555,-4.8767]]],[[[14.7608,-4.8683],[14.7533,-4.8725],[14.7442,-4.8733],[14.7417,-4.8833],[14.7342,-4.8825],[14.7292,-4.895],[14.7258,-4.8917],[14.7167,-4.8942],[14.7025,-4.9142],[14.705,-4.9208],[14.6983,-4.9208],[14.6983,-4.9175],[14.7017,-4.9192],[14.7017,-4.9167],[14.695,-4.9108],[14.7017,-4.9108],[14.7133,-4.8942],[14.7225,-4.8892],[14.7267,-4.89],[14.7333,-4.8808],[14.74,-4.8792],[14.7433,-4.8708],[14.7608,-4.8633],[14.7608,-4.8683]]],[[[14.5917,-4.8775],[14.59,-4.8833],[14.5942,-4.8775],[14.5983,-4.8792],[14.5983,-4.8758],[14.6017,-4.875],[14.6008,-4.8792],[14.5992,-4.8783],[14.6008,-4.8908],[14.6017,-4.8875],[14.6042,-4.8908],[14.6058,-4.885],[14.6083,-4.885],[14.6067,-4.8933],[14.6133,-4.8917],[14.6183,-4.9008],[14.6217,-4.9008],[14.6242,-4.905],[14.6267,-4.9058],[14.63,-4.9025],[14.6283,-4.9075],[14.6317,-4.9117],[14.64,-4.91],[14.6475,-4.915],[14.6483,-4.9183],[14.6392,-4.9125],[14.6308,-4.9142],[14.6233,-4.9067],[14.6167,-4.9042],[14.6117,-4.8958],[14.6017,-4.8933],[14.5983,-4.8983],[14.5875,-4.8975],[14.5867,-4.8825],[14.575,-4.8767],[14.5692,-4.8692],[14.5725,-4.8608],[14.5708,-4.8575],[14.58,-4.8592],[14.5767,-4.8608],[14.575,-4.8658],[14.5825,-4.8625],[14.5783,-4.8683],[14.5783,-4.8725],[14.5833,-4.8775],[14.5858,-4.8767],[14.5842,-4.8708],[14.5867,-4.87],[14.5858,-4.8717],[14.5867,-4.8742],[14.5942,-4.8642],[14.5967,-4.8642],[14.5942,-4.87],[14.5967,-4.8742],[14.5917,-4.8775]],[[14.5942,-4.8717],[14.5933,-4.8725],[14.5942,-4.8725],[14.5942,-4.8717]],[[14.5967,-4.88],[14.5908,-4.8883],[14.5967,-4.8908],[14.5967,-4.88]],[[14.59,-4.8883],[14.5892,-4.895],[14.595,-4.895],[14.5925,-4.89],[14.59,-4.8883]]],[[[14.7417,-4.8608],[14.7333,-4.8683],[14.73,-4.875],[14.7233,-4.8758],[14.72,-4.8792],[14.7183,-4.8867],[14.7075,-4.8975],[14.6983,-4.8983],[14.6958,-4.9025],[14.6917,-4.9033],[14.69,-4.9083],[14.6875,-4.9092],[14.6908,-4.8975],[14.6942,-4.9017],[14.6967,-4.8958],[14.7067,-4.8967],[14.7092,-4.8908],[14.7167,-4.885],[14.7167,-4.8792],[14.7217,-4.8725],[14.7275,-4.8733],[14.7325,-4.865],[14.7417,-4.8608]]],[[[14.7833,-4.8525],[14.7767,-4.8525],[14.7733,-4.8583],[14.7675,-4.8583],[14.7642,-4.8633],[14.7608,-4.8625],[14.7667,-4.8558],[14.7725,-4.855],[14.775,-4.85],[14.7867,-4.8483],[14.7833,-4.8525]]],[[[14.5958,-4.845],[14.5883,-4.8542],[14.5842,-4.8517],[14.5833,-4.8567],[14.58,-4.8575],[14.5833,-4.8492],[14.5883,-4.85],[14.5958,-4.845]]],[[[14.56,-4.8383],[14.5633,-4.8508],[14.5667,-4.85],[14.5658,-4.8467],[14.57,-4.8492],[14.5692,-4.8558],[14.5642,-4.8583],[14.56,-4.8558],[14.5617,-4.8467],[14.5583,-4.8408],[14.55,-4.8458],[14.5525,-4.8342],[14.5533,-4.84],[14.56,-4.8383]]],[[[14.5783,-4.8383],[14.5742,-4.85],[14.5708,-4.8475],[14.5708,-4.845],[14.5733,-4.8458],[14.575,-4.8433],[14.575,-4.8375],[14.5783,-4.8383]]],[[[14.7942,-4.835],[14.7758,-4.8467],[14.77,-4.8417],[14.7658,-4.8425],[14.76,-4.8483],[14.7575,-4.8567],[14.7442,-4.8658],[14.7508,-4.8567],[14.755,-4.8558],[14.7558,-4.85],[14.7625,-4.8425],[14.7617,-4.8358],[14.765,-4.8408],[14.77,-4.8392],[14.7775,-4.8442],[14.7917,-4.8333],[14.795,-4.8208],[14.7975,-4.8208],[14.7975,-4.8292],[14.7942,-4.835]]],[[[14.5708,-4.8092],[14.5625,-4.8225],[14.5558,-4.825],[14.5567,-4.8217],[14.5708,-4.8092]]],[[[14.5725,-4.7975],[14.5633,-4.8133],[14.5533,-4.8125],[14.5683,-4.8025],[14.5692,-4.7908],[14.5717,-4.7892],[14.5725,-4.7975]]],[[[14.5883,-4.79],[14.5842,-4.7958],[14.5858,-4.8017],[14.5825,-4.8042],[14.5825,-4.8075],[14.58,-4.8075],[14.5833,-4.8008],[14.5825,-4.7983],[14.58,-4.8],[14.58,-4.7967],[14.5883,-4.79]]],[[[14.5767,-4.7583],[14.5692,-4.7675],[14.5658,-4.7592],[14.5708,-4.7625],[14.5767,-4.7583]]],[[[14.6192,-4.6033],[14.6158,-4.6192],[14.6133,-4.62],[14.6192,-4.6033]]],[[[14.7942,-4.345],[14.79,-4.3517],[14.7817,-4.35],[14.7817,-4.3483],[14.79,-4.3492],[14.7908,-4.3425],[14.7942,-4.345]]],[[[14.7783,-4.2867],[14.7775,-4.2842],[14.7742,-4.285],[14.775,-4.2908],[14.7717,-4.295],[14.7708,-4.2842],[14.7775,-4.2808],[14.78,-4.2833],[14.7783,-4.2867]]],[[[14.7617,-4.2708],[14.76,-4.28],[14.7517,-4.2925],[14.7567,-4.2817],[14.7583,-4.2675],[14.7617,-4.2708]]],[[[14.7908,-4.2792],[14.7933,-4.2825],[14.7942,-4.275],[14.7958,-4.2742],[14.7958,-4.2833],[14.7908,-4.2842],[14.7883,-4.2808],[14.7925,-4.27],[14.7933,-4.2758],[14.7908,-4.2792]]],[[[14.7408,-4.2742],[14.7383,-4.2708],[14.7392,-4.2667],[14.735,-4.2675],[14.7333,-4.2717],[14.7325,-4.2667],[14.7408,-4.2642],[14.7408,-4.2742]]],[[[14.7783,-4.2458],[14.77,-4.2533],[14.7692,-4.2575],[14.7733,-4.2642],[14.7717,-4.2667],[14.7667,-4.2558],[14.7683,-4.2508],[14.7783,-4.2458]]],[[[14.755,-4.245],[14.765,-4.2508],[14.765,-4.2567],[14.7608,-4.2575],[14.7583,-4.2533],[14.7617,-4.255],[14.7625,-4.2508],[14.755,-4.245]]],[[[14.7667,-4.2242],[14.7667,-4.2292],[14.7708,-4.2325],[14.7717,-4.2417],[14.7717,-4.245],[14.7683,-4.2475],[14.7592,-4.2417],[14.755,-4.2425],[14.7592,-4.24],[14.765,-4.2442],[14.7692,-4.2433],[14.7692,-4.2325],[14.765,-4.2292],[14.765,-4.2233],[14.7767,-4.2208],[14.7725,-4.2242],[14.7667,-4.2242]]],[[[14.7158,-4.2025],[14.7117,-4.2067],[14.7175,-4.2092],[14.7092,-4.2075],[14.7133,-4.2125],[14.7175,-4.2117],[14.7158,-4.2142],[14.7125,-4.2142],[14.7083,-4.21],[14.7033,-4.2125],[14.7017,-4.2092],[14.6958,-4.2117],[14.7,-4.2075],[14.705,-4.2092],[14.715,-4.2008],[14.7192,-4.2008],[14.7208,-4.2033],[14.7158,-4.2025]]],[[[14.7075,-4.16],[14.7067,-4.1667],[14.7117,-4.1675],[14.7067,-4.1692],[14.7075,-4.1708],[14.7067,-4.1725],[14.7033,-4.17],[14.7058,-4.1617],[14.7025,-4.155],[14.7075,-4.16]]],[[[14.6992,-4.1567],[14.7008,-4.16],[14.7017,-4.1683],[14.6992,-4.1667],[14.6983,-4.1583],[14.69,-4.1533],[14.6992,-4.1567]]],[[[14.785,-4.1358],[14.78,-4.135],[14.7783,-4.1383],[14.7683,-4.1408],[14.7667,-4.1442],[14.7617,-4.1442],[14.76,-4.1417],[14.7567,-4.1433],[14.7542,-4.1392],[14.7517,-4.14],[14.755,-4.1383],[14.7558,-4.1408],[14.7658,-4.1417],[14.78,-4.1317],[14.79,-4.1308],[14.79,-4.1333],[14.785,-4.1358]]],[[[14.7358,-4.1167],[14.7367,-4.1242],[14.7433,-4.1233],[14.7417,-4.1267],[14.7467,-4.125],[14.7408,-4.1342],[14.7358,-4.1358],[14.7317,-4.1325],[14.7242,-4.1342],[14.7192,-4.13],[14.7125,-4.1358],[14.7158,-4.1283],[14.725,-4.1308],[14.7317,-4.1292],[14.7358,-4.1325],[14.74,-4.1308],[14.7408,-4.1275],[14.7342,-4.1258],[14.7333,-4.12],[14.7292,-4.1192],[14.7283,-4.1158],[14.7358,-4.1167]]],[[[14.7533,-4.1092],[14.7525,-4.1108],[14.7458,-4.1075],[14.7317,-4.1142],[14.7375,-4.1075],[14.7442,-4.1058],[14.7533,-4.1092]]],[[[14.7225,-4.0067],[14.7217,-4.0142],[14.7167,-4.0133],[14.7208,-4.0075],[14.7192,-4.0058],[14.7167,-4.0083],[14.7142,-4.0075],[14.7183,-4.0042],[14.7225,-4.0067]]],[[[14.6558,-3.9675],[14.6533,-3.9683],[14.6483,-3.9667],[14.6375,-3.97],[14.6342,-3.9767],[14.635,-3.97],[14.64,-3.9667],[14.6525,-3.9642],[14.6558,-3.9675]]],[[[14.6067,-3.9658],[14.5983,-3.9683],[14.595,-3.9708],[14.595,-3.975],[14.5917,-3.9742],[14.5917,-3.9708],[14.5942,-3.9708],[14.5975,-3.965],[14.6067,-3.9658]]],[[[14.5558,-3.955],[14.5567,-3.9592],[14.5592,-3.9608],[14.5658,-3.9592],[14.5658,-3.9617],[14.5617,-3.9642],[14.5525,-3.9625],[14.5533,-3.9575],[14.55,-3.9517],[14.5558,-3.955]]],[[[14.5917,-3.955],[14.6025,-3.9567],[14.6008,-3.9608],[14.595,-3.9617],[14.5917,-3.955]]],[[[14.5858,-3.9533],[14.5875,-3.9558],[14.5842,-3.9567],[14.5833,-3.95],[14.5933,-3.9483],[14.5933,-3.9508],[14.5858,-3.9533]]],[[[14.6275,-3.945],[14.6117,-3.9442],[14.6117,-3.9508],[14.6083,-3.9483],[14.61,-3.9425],[14.615,-3.9417],[14.62,-3.9442],[14.6275,-3.9392],[14.6275,-3.945]]],[[[14.6917,-3.9408],[14.6967,-3.945],[14.7,-3.9417],[14.7017,-3.9425],[14.6983,-3.9467],[14.695,-3.9467],[14.6883,-3.9417],[14.6908,-3.9367],[14.6992,-3.9358],[14.6992,-3.9383],[14.6917,-3.9408]]],[[[14.5675,-3.9383],[14.5675,-3.945],[14.565,-3.9483],[14.5617,-3.9483],[14.56,-3.9458],[14.565,-3.9442],[14.5642,-3.9375],[14.5717,-3.9317],[14.5708,-3.9367],[14.5675,-3.9383]]],[[[14.6783,-3.9208],[14.685,-3.93],[14.6817,-3.9342],[14.6808,-3.9442],[14.675,-3.95],[14.6675,-3.9483],[14.6642,-3.9533],[14.655,-3.955],[14.6558,-3.9517],[14.6625,-3.9517],[14.6667,-3.9433],[14.6717,-3.9475],[14.6775,-3.9433],[14.6775,-3.9308],[14.6808,-3.9283],[14.6783,-3.9208]]],[[[14.635,-3.9308],[14.6342,-3.9383],[14.6308,-3.9417],[14.6308,-3.9283],[14.6383,-3.9292],[14.635,-3.9308]]],[[[14.75,-3.9142],[14.7408,-3.9233],[14.74,-3.9275],[14.7292,-3.9342],[14.7267,-3.9392],[14.7167,-3.9433],[14.725,-3.9367],[14.7258,-3.9275],[14.7333,-3.9242],[14.735,-3.9183],[14.7383,-3.9175],[14.7283,-3.9333],[14.7383,-3.9267],[14.7383,-3.9208],[14.745,-3.9142],[14.7517,-3.9108],[14.7567,-3.9117],[14.75,-3.9142]]],[[[14.5825,-3.9175],[14.5917,-3.9183],[14.5917,-3.9208],[14.5858,-3.93],[14.5858,-3.92],[14.5833,-3.9192],[14.5825,-3.9283],[14.575,-3.9308],[14.575,-3.9267],[14.58,-3.9275],[14.58,-3.9208],[14.5825,-3.9175]]],[[[14.6817,-3.9183],[14.69,-3.9167],[14.6883,-3.9125],[14.6933,-3.9142],[14.6908,-3.92],[14.6833,-3.9217],[14.68,-3.9183],[14.6792,-3.9108],[14.6817,-3.9183]]],[[[14.7992,-3.9108],[14.7883,-3.9192],[14.7775,-3.9175],[14.7742,-3.9208],[14.7642,-3.9208],[14.7675,-3.9175],[14.7892,-3.9158],[14.795,-3.9108],[14.7992,-3.9108]]],[[[14.58,-3.9158],[14.5783,-3.9117],[14.5733,-3.9117],[14.5717,-3.9083],[14.58,-3.905],[14.58,-3.9158]]],[[[14.5833,-3.9017],[14.5892,-3.9042],[14.59,-3.9117],[14.5867,-3.905],[14.5808,-3.9025],[14.585,-3.8958],[14.5858,-3.8992],[14.5833,-3.9017]]],[[[14.7708,-3.8925],[14.775,-3.8925],[14.7775,-3.8967],[14.7708,-3.8992],[14.7725,-3.9058],[14.7683,-3.9117],[14.7758,-3.9142],[14.7658,-3.9125],[14.77,-3.8967],[14.7658,-3.8925],[14.7667,-3.9033],[14.7567,-3.9117],[14.7642,-3.9025],[14.7608,-3.8917],[14.765,-3.8883],[14.7708,-3.8925]],[[14.775,-3.8942],[14.7708,-3.8958],[14.775,-3.8967],[14.775,-3.8942]]],[[[14.7508,-3.8675],[14.7525,-3.8717],[14.7433,-3.8725],[14.7375,-3.8692],[14.735,-3.8708],[14.735,-3.8733],[14.7433,-3.875],[14.7417,-3.89],[14.7458,-3.8917],[14.7358,-3.8908],[14.73,-3.8967],[14.7233,-3.8967],[14.725,-3.8942],[14.7292,-3.8958],[14.735,-3.8867],[14.74,-3.8883],[14.7383,-3.8833],[14.7417,-3.8775],[14.7325,-3.8767],[14.7317,-3.8717],[14.7375,-3.8667],[14.745,-3.8658],[14.7458,-3.8692],[14.7508,-3.8675]],[[14.745,-3.8692],[14.7433,-3.8708],[14.745,-3.8717],[14.745,-3.8692]]],[[[14.6983,-3.855],[14.6942,-3.8592],[14.6883,-3.8592],[14.6883,-3.8617],[14.6917,-3.8608],[14.6908,-3.865],[14.6875,-3.8625],[14.6825,-3.8658],[14.6883,-3.8542],[14.6892,-3.8575],[14.6983,-3.855]]],[[[14.7458,-3.8475],[14.7575,-3.85],[14.7617,-3.8583],[14.7592,-3.8625],[14.7633,-3.8642],[14.755,-3.8642],[14.7575,-3.8525],[14.7442,-3.8517],[14.74,-3.8433],[14.745,-3.8442],[14.7458,-3.8475]]],[[[14.8042,-3.8383],[14.79,-3.8458],[14.7758,-3.8442],[14.7783,-3.8408],[14.785,-3.8425],[14.7925,-3.8408],[14.7892,-3.8342],[14.795,-3.8367],[14.8,-3.8333],[14.8067,-3.8333],[14.8042,-3.8383]]],[[[14.6667,-3.8358],[14.66,-3.8342],[14.6558,-3.8358],[14.6592,-3.8308],[14.6667,-3.8325],[14.6667,-3.8358]]],[[[14.7975,-3.8283],[14.79,-3.83],[14.7842,-3.8292],[14.7833,-3.8267],[14.7933,-3.8275],[14.795,-3.8208],[14.7975,-3.8208],[14.7992,-3.825],[14.7975,-3.8283]]],[[[14.6483,-3.82],[14.6508,-3.825],[14.6567,-3.8233],[14.6692,-3.8233],[14.6692,-3.825],[14.6625,-3.8275],[14.6592,-3.825],[14.6492,-3.8267],[14.645,-3.8225],[14.6458,-3.8192],[14.6533,-3.8192],[14.6533,-3.8208],[14.6483,-3.82]]],[[[14.7742,-3.81],[14.7742,-3.8192],[14.7667,-3.8217],[14.7675,-3.8292],[14.7625,-3.835],[14.765,-3.8283],[14.7642,-3.8208],[14.7708,-3.82],[14.7733,-3.815],[14.7733,-3.8117],[14.7658,-3.8083],[14.7658,-3.8058],[14.7742,-3.81]]],[[[14.5925,-3.8167],[14.59,-3.82],[14.5883,-3.8175],[14.5858,-3.8217],[14.5817,-3.82],[14.5825,-3.8175],[14.5858,-3.82],[14.5883,-3.8108],[14.59,-3.8108],[14.5892,-3.8167],[14.5925,-3.8167]]],[[[14.7592,-3.7933],[14.7558,-3.7992],[14.7608,-3.8033],[14.765,-3.8033],[14.7658,-3.8058],[14.7608,-3.8067],[14.755,-3.8017],[14.7525,-3.7942],[14.7583,-3.7908],[14.7592,-3.7933]]],[[[14.7375,-3.7867],[14.7433,-3.7925],[14.75,-3.795],[14.7483,-3.8008],[14.7408,-3.7958],[14.7375,-3.7875],[14.735,-3.7875],[14.735,-3.79],[14.7325,-3.7883],[14.7292,-3.79],[14.7292,-3.7925],[14.7375,-3.7992],[14.725,-3.7917],[14.7317,-3.7825],[14.7375,-3.7867]]],[[[14.775,-3.76],[14.7717,-3.7683],[14.7717,-3.7517],[14.7725,-3.7583],[14.775,-3.76]]],[[[14.7917,-3.7567],[14.7883,-3.7633],[14.7858,-3.7517],[14.7908,-3.7525],[14.7917,-3.7567]]],[[[14.7625,-3.7467],[14.7567,-3.7567],[14.7542,-3.7567],[14.7558,-3.7517],[14.7625,-3.7467]]],[[[14.685,-3.7433],[14.6925,-3.7508],[14.6925,-3.7567],[14.685,-3.7483],[14.685,-3.7433]]],[[[14.755,-3.7375],[14.7575,-3.7433],[14.755,-3.7408],[14.75,-3.7417],[14.7492,-3.7458],[14.745,-3.7467],[14.7433,-3.75],[14.7342,-3.7442],[14.7333,-3.7392],[14.7383,-3.7408],[14.7383,-3.745],[14.745,-3.7442],[14.7483,-3.7383],[14.7533,-3.74],[14.755,-3.7375]]],[[[14.7983,-3.7267],[14.7917,-3.7325],[14.7867,-3.7317],[14.7833,-3.735],[14.785,-3.7308],[14.7917,-3.7267],[14.7925,-3.72],[14.795,-3.72],[14.795,-3.7258],[14.7983,-3.7267]]],[[[14.735,-3.72],[14.7392,-3.7217],[14.7408,-3.7292],[14.7467,-3.7275],[14.7392,-3.735],[14.7367,-3.735],[14.7342,-3.7308],[14.7342,-3.7258],[14.7367,-3.725],[14.735,-3.72]],[[14.7358,-3.7258],[14.7375,-3.7292],[14.7375,-3.7258],[14.7358,-3.7258]]],[[[14.7792,-3.7242],[14.7708,-3.7267],[14.7642,-3.7233],[14.7667,-3.7208],[14.7725,-3.7233],[14.7708,-3.72],[14.7742,-3.72],[14.775,-3.7225],[14.78,-3.72],[14.7792,-3.7242]]],[[[14.8442,-4.8158],[14.8383,-4.825],[14.815,-4.8408],[14.8133,-4.845],[14.8083,-4.8417],[14.8033,-4.8417],[14.8008,-4.845],[14.7917,-4.845],[14.7883,-4.8525],[14.7875,-4.8467],[14.79,-4.8433],[14.7983,-4.8433],[14.8025,-4.8392],[14.8125,-4.8408],[14.8317,-4.8283],[14.8417,-4.8167],[14.8442,-4.8158]]],[[[14.7983,-4.8225],[14.8092,-4.8325],[14.815,-4.83],[14.815,-4.8325],[14.8075,-4.8342],[14.8025,-4.8317],[14.7983,-4.8225]]],[[[14.8458,-4.7942],[14.8433,-4.8108],[14.8283,-4.8267],[14.8167,-4.8325],[14.8325,-4.82],[14.8383,-4.8108],[14.8417,-4.81],[14.8458,-4.7942]]],[[[14.8558,-4.79],[14.8525,-4.8133],[14.85,-4.8133],[14.8533,-4.7908],[14.8592,-4.7858],[14.8558,-4.79]]],[[[14.8575,-4.7792],[14.8525,-4.7875],[14.8458,-4.7917],[14.8458,-4.7883],[14.8575,-4.7792]]],[[[14.87,-4.7675],[14.8742,-4.7817],[14.8717,-4.7825],[14.8733,-4.785],[14.8717,-4.7875],[14.8692,-4.7842],[14.8633,-4.7842],[14.8683,-4.7808],[14.8675,-4.77],[14.87,-4.7675]],[[14.8692,-4.7817],[14.8708,-4.78],[14.8692,-4.78],[14.8692,-4.7817]]],[[[14.8958,-4.7692],[14.9017,-4.7783],[14.9058,-4.775],[14.9033,-4.7833],[14.9,-4.7833],[14.8908,-4.7725],[14.8867,-4.7742],[14.8908,-4.7675],[14.8892,-4.7683],[14.885,-4.7675],[14.89,-4.765],[14.8958,-4.7692]],[[14.895,-4.7733],[14.8933,-4.7717],[14.8933,-4.7733],[14.895,-4.7733]],[[14.895,-4.7733],[14.8958,-4.7742],[14.8958,-4.7733],[14.895,-4.7733]],[[14.9008,-4.7808],[14.9017,-4.78],[14.9008,-4.78],[14.9008,-4.7808]],[[14.9017,-4.7808],[14.9025,-4.7817],[14.9025,-4.7808],[14.9017,-4.7808]]],[[[14.8783,-4.745],[14.8792,-4.7508],[14.8833,-4.7475],[14.8825,-4.7458],[14.8875,-4.7467],[14.8767,-4.7592],[14.8708,-4.7592],[14.8708,-4.7625],[14.8783,-4.7658],[14.8767,-4.7683],[14.88,-4.77],[14.8775,-4.7708],[14.8692,-4.7642],[14.8683,-4.76],[14.87,-4.7575],[14.8742,-4.7575],[14.8775,-4.7433],[14.8808,-4.74],[14.8783,-4.745]]],[[[14.8925,-4.6917],[14.8792,-4.7325],[14.875,-4.7358],[14.8708,-4.735],[14.8658,-4.7417],[14.8708,-4.7325],[14.875,-4.7342],[14.8775,-4.7317],[14.8775,-4.7258],[14.8842,-4.7133],[14.8833,-4.7075],[14.8925,-4.6917]]],[[[14.9083,-4.6858],[14.9058,-4.7025],[14.91,-4.6983],[14.91,-4.705],[14.905,-4.7075],[14.9058,-4.705],[14.9017,-4.7058],[14.9025,-4.6992],[14.9,-4.6967],[14.9033,-4.6883],[14.9083,-4.6858]]],[[[14.9058,-4.6725],[14.8967,-4.6833],[14.8933,-4.6825],[14.8992,-4.6742],[14.9058,-4.6725]]],[[[14.9275,-4.6558],[14.9192,-4.6642],[14.9108,-4.6667],[14.9067,-4.6725],[14.9058,-4.6725],[14.9058,-4.67],[14.9017,-4.6692],[14.9058,-4.66],[14.9092,-4.6658],[14.9183,-4.6625],[14.9192,-4.6592],[14.9275,-4.6533],[14.9275,-4.6558]]],[[[14.8917,-4.4892],[14.8875,-4.4933],[14.8892,-4.4975],[14.885,-4.4992],[14.8858,-4.4958],[14.8833,-4.4967],[14.8833,-4.4958],[14.8908,-4.485],[14.8917,-4.4892]]],[[[14.9117,-4.4017],[14.9158,-4.4067],[14.9125,-4.4067],[14.91,-4.4033],[14.9108,-4.3958],[14.9142,-4.3942],[14.9117,-4.4017]]],[[[14.895,-4.3833],[14.8967,-4.3867],[14.9033,-4.3875],[14.9033,-4.39],[14.9,-4.3908],[14.8917,-4.3842],[14.8933,-4.3808],[14.9025,-4.38],[14.895,-4.3833]]],[[[14.8825,-4.3467],[14.8983,-4.3492],[14.9,-4.3517],[14.8825,-4.35],[14.8842,-4.3633],[14.8808,-4.3633],[14.8792,-4.3492],[14.8825,-4.3467]]],[[[14.7992,-4.3392],[14.8,-4.3492],[14.7975,-4.35],[14.7975,-4.3367],[14.8033,-4.335],[14.7992,-4.3392]]],[[[14.8792,-4.3333],[14.8842,-4.3433],[14.8783,-4.35],[14.87,-4.3475],[14.87,-4.3458],[14.8775,-4.3475],[14.8817,-4.3425],[14.8792,-4.3333]]],[[[14.88,-4.29],[14.8808,-4.3],[14.8783,-4.2992],[14.8775,-4.2908],[14.8742,-4.2933],[14.8767,-4.2983],[14.875,-4.3],[14.8725,-4.2958],[14.875,-4.2883],[14.88,-4.29]]],[[[14.8025,-4.2842],[14.805,-4.2883],[14.8158,-4.2867],[14.82,-4.29],[14.8217,-4.2967],[14.8183,-4.2958],[14.8167,-4.2917],[14.8025,-4.29],[14.7992,-4.2867],[14.8025,-4.2783],[14.8042,-4.2783],[14.8025,-4.2842]]],[[[14.8242,-4.2642],[14.8283,-4.27],[14.8225,-4.2733],[14.8242,-4.2675],[14.82,-4.2667],[14.82,-4.2717],[14.8167,-4.2692],[14.8175,-4.265],[14.8242,-4.2642]]],[[[14.8142,-4.2417],[14.8067,-4.24],[14.8042,-4.2425],[14.8042,-4.2392],[14.8067,-4.2367],[14.8125,-4.24],[14.8175,-4.2383],[14.8142,-4.2417]]],[[[14.8342,-4.2358],[14.835,-4.2383],[14.8308,-4.2392],[14.8175,-4.2383],[14.8183,-4.2358],[14.8342,-4.2358]]],[[[14.8742,-4.2225],[14.87,-4.2308],[14.8733,-4.2383],[14.87,-4.2383],[14.8667,-4.2292],[14.8708,-4.2225],[14.8742,-4.2225]]],[[[14.8058,-4.2217],[14.8058,-4.2258],[14.8125,-4.2292],[14.815,-4.2367],[14.8108,-4.2367],[14.8092,-4.2317],[14.805,-4.23],[14.8033,-4.2208],[14.8092,-4.2183],[14.8058,-4.2217]]],[[[14.84,-4.2217],[14.8358,-4.235],[14.8333,-4.2292],[14.8375,-4.225],[14.8367,-4.2167],[14.84,-4.2217]]],[[[14.8917,-4.21],[14.8942,-4.2058],[14.8975,-4.2058],[14.895,-4.21],[14.8992,-4.2083],[14.8958,-4.2125],[14.8933,-4.2108],[14.895,-4.2183],[14.8925,-4.2183],[14.8883,-4.21],[14.8892,-4.2042],[14.8917,-4.21]]],[[[14.8408,-4.1925],[14.8383,-4.1908],[14.8367,-4.1958],[14.83,-4.195],[14.8308,-4.1983],[14.8342,-4.1992],[14.8342,-4.2025],[14.8283,-4.1983],[14.8283,-4.1908],[14.8308,-4.1925],[14.8325,-4.19],[14.8358,-4.1925],[14.8392,-4.1883],[14.8442,-4.19],[14.845,-4.1858],[14.8458,-4.1908],[14.8408,-4.1925]]],[[[14.8492,-4.1942],[14.8408,-4.1975],[14.8408,-4.2],[14.8383,-4.1992],[14.8383,-4.1958],[14.8483,-4.1933],[14.8467,-4.19],[14.8483,-4.1858],[14.8508,-4.1917],[14.8492,-4.1942]]],[[[14.8267,-4.1392],[14.8208,-4.1483],[14.8183,-4.1483],[14.82,-4.1408],[14.8242,-4.1392],[14.8242,-4.1342],[14.8208,-4.1342],[14.82,-4.14],[14.8133,-4.1425],[14.8183,-4.1383],[14.8175,-4.1358],[14.8208,-4.1317],[14.8267,-4.1342],[14.8267,-4.1392]]],[[[14.8017,-4.1367],[14.8067,-4.1358],[14.8117,-4.14],[14.7992,-4.1392],[14.7967,-4.1342],[14.7917,-4.135],[14.7908,-4.1317],[14.7992,-4.1333],[14.8017,-4.1367]]],[[[14.8767,-4.1183],[14.88,-4.1233],[14.8783,-4.13],[14.87,-4.1292],[14.8767,-4.1275],[14.8767,-4.1242],[14.8742,-4.1192],[14.8692,-4.1192],[14.87,-4.1225],[14.8642,-4.1242],[14.8675,-4.1183],[14.8625,-4.1133],[14.8658,-4.1133],[14.8692,-4.1183],[14.8775,-4.1133],[14.8792,-4.115],[14.8767,-4.1183]],[[14.8775,-4.1158],[14.875,-4.1158],[14.875,-4.1175],[14.8775,-4.1158]]],[[[14.8542,-4.1108],[14.8508,-4.1183],[14.8525,-4.1083],[14.85,-4.1033],[14.8533,-4.1017],[14.8542,-4.1108]]],[[[14.8367,-4.0917],[14.8383,-4.1008],[14.8333,-4.1042],[14.8367,-4.0967],[14.8358,-4.0942],[14.8325,-4.0958],[14.8317,-4.0942],[14.8367,-4.0917]]],[[[14.7983,-4.0783],[14.8,-4.0842],[14.8033,-4.0858],[14.8033,-4.0875],[14.7983,-4.0867],[14.8,-4.0942],[14.7975,-4.0892],[14.79,-4.0883],[14.7892,-4.0858],[14.79,-4.0833],[14.7975,-4.0858],[14.7908,-4.0708],[14.7933,-4.0667],[14.7942,-4.0775],[14.7983,-4.0783]]],[[[14.815,-4.0492],[14.8125,-4.0525],[14.8133,-4.0567],[14.8108,-4.0583],[14.8092,-4.0517],[14.8117,-4.0492],[14.8083,-4.0475],[14.8083,-4.0433],[14.8108,-4.0433],[14.815,-4.0492]]],[[[14.8408,-4.0067],[14.8558,-4.0142],[14.8433,-4.0133],[14.8408,-4.01],[14.84,-4.0125],[14.8442,-4.015],[14.8442,-4.0175],[14.8408,-4.0158],[14.84,-4.02],[14.8475,-4.0208],[14.8392,-4.0225],[14.8375,-4.01],[14.8408,-4.0067]]],[[[14.9233,-3.9817],[14.925,-3.985],[14.9192,-3.9925],[14.9242,-3.9933],[14.9267,-3.9992],[14.9258,-4.0058],[14.93,-4.0058],[14.93,-3.9975],[14.9375,-3.9967],[14.9342,-3.9992],[14.9333,-4.0075],[14.9283,-4.01],[14.93,-4.0192],[14.9267,-4.0258],[14.9208,-4.0225],[14.9233,-4.0108],[14.9267,-4.0108],[14.9267,-4.0075],[14.9225,-4.0075],[14.9225,-4.0017],[14.9208,-4.0],[14.9158,-4.0025],[14.9067,-4.0017],[14.9025,-4.005],[14.9,-3.9983],[14.905,-3.9967],[14.905,-4.0],[14.9083,-4.0],[14.91,-3.9992],[14.9083,-3.9925],[14.9158,-3.9908],[14.9125,-3.9833],[14.91,-3.9875],[14.905,-3.9883],[14.9092,-3.9817],[14.9125,-3.98],[14.9175,-3.9825],[14.9233,-3.9817]],[[14.9183,-3.9883],[14.9158,-3.985],[14.915,-3.9867],[14.9183,-3.9883]],[[14.9158,-3.9967],[14.9108,-3.9958],[14.9125,-3.9992],[14.9233,-3.9967],[14.92,-3.9933],[14.9158,-3.9967]],[[14.925,-4.0233],[14.9275,-4.0183],[14.9258,-4.0133],[14.9242,-4.0208],[14.925,-4.0233]]],[[[14.8142,-3.9817],[14.82,-3.9825],[14.815,-3.985],[14.8183,-3.9892],[14.8133,-3.9875],[14.8083,-3.9908],[14.8083,-3.9883],[14.8133,-3.985],[14.81,-3.9808],[14.8008,-3.9842],[14.8067,-3.9775],[14.8117,-3.9783],[14.8142,-3.9817]]],[[[14.8342,-3.9508],[14.83,-3.9633],[14.82,-3.9675],[14.83,-3.96],[14.8292,-3.9533],[14.8342,-3.9508]]],[[[14.8392,-3.96],[14.8333,-3.9658],[14.8325,-3.9617],[14.8367,-3.9583],[14.8358,-3.9533],[14.8383,-3.95],[14.8392,-3.96]]],[[[14.8092,-3.9075],[14.8075,-3.905],[14.8008,-3.9075],[14.7958,-3.9058],[14.7925,-3.9092],[14.7858,-3.9092],[14.7842,-3.9142],[14.7792,-3.9133],[14.7825,-3.9083],[14.7942,-3.9033],[14.8025,-3.905],[14.8042,-3.9025],[14.8083,-3.9025],[14.8108,-3.9042],[14.8092,-3.9075]]],[[[14.9183,-3.8817],[14.9125,-3.885],[14.9058,-3.88],[14.9142,-3.8825],[14.915,-3.8792],[14.9125,-3.8767],[14.9158,-3.8767],[14.9183,-3.8817]]],[[[14.8517,-3.8658],[14.8542,-3.8833],[14.8492,-3.8858],[14.85,-3.8933],[14.8475,-3.895],[14.8467,-3.885],[14.8525,-3.8808],[14.8525,-3.875],[14.8483,-3.8692],[14.84,-3.8725],[14.8408,-3.8775],[14.8375,-3.8808],[14.8392,-3.89],[14.8342,-3.8883],[14.8342,-3.8792],[14.8383,-3.8767],[14.8375,-3.8683],[14.8433,-3.8642],[14.8517,-3.8658]]],[[[14.8275,-3.8475],[14.8308,-3.8575],[14.8358,-3.8567],[14.8358,-3.8592],[14.8267,-3.8675],[14.8292,-3.87],[14.8267,-3.88],[14.8308,-3.8925],[14.8258,-3.895],[14.8283,-3.8908],[14.8258,-3.8892],[14.8242,-3.8808],[14.8258,-3.875],[14.8242,-3.8658],[14.8292,-3.86],[14.8225,-3.8483],[14.8275,-3.8475]]],[[[14.8667,-3.8442],[14.8692,-3.85],[14.8667,-3.8558],[14.8775,-3.8575],[14.8725,-3.8575],[14.8767,-3.8592],[14.8725,-3.8658],[14.8658,-3.8667],[14.8725,-3.8717],[14.8708,-3.8733],[14.8733,-3.875],[14.8608,-3.8808],[14.8608,-3.8892],[14.8567,-3.8917],[14.8592,-3.88],[14.87,-3.8742],[14.8608,-3.8675],[14.8608,-3.865],[14.8692,-3.8633],[14.8708,-3.86],[14.8642,-3.8608],[14.8592,-3.8567],[14.8592,-3.8533],[14.8625,-3.8525],[14.8633,-3.855],[14.8667,-3.8525],[14.8617,-3.8408],[14.8667,-3.8442]]],[[[14.8175,-3.8367],[14.8208,-3.8392],[14.82,-3.8425],[14.8167,-3.8417],[14.8183,-3.8475],[14.8158,-3.8475],[14.8142,-3.8417],[14.8117,-3.8425],[14.8108,-3.8475],[14.8133,-3.855],[14.8133,-3.8592],[14.81,-3.8608],[14.8125,-3.8717],[14.8042,-3.8725],[14.8008,-3.8692],[14.8008,-3.865],[14.805,-3.8617],[14.8,-3.8583],[14.805,-3.8542],[14.805,-3.8483],[14.7908,-3.8467],[14.8067,-3.84],[14.8092,-3.835],[14.81,-3.8375],[14.8175,-3.8367]],[[14.8067,-3.8508],[14.8042,-3.8583],[14.8083,-3.8625],[14.8108,-3.8542],[14.8075,-3.8417],[14.805,-3.8433],[14.8067,-3.8508]],[[14.805,-3.8692],[14.81,-3.8683],[14.8083,-3.8633],[14.8042,-3.8658],[14.805,-3.8692]]],[[[14.8383,-3.8367],[14.8467,-3.8358],[14.8492,-3.8383],[14.8483,-3.8433],[14.8525,-3.8408],[14.8583,-3.8408],[14.8583,-3.8425],[14.8483,-3.8475],[14.8458,-3.8458],[14.845,-3.8383],[14.8367,-3.8408],[14.8325,-3.835],[14.8275,-3.8375],[14.83,-3.8325],[14.835,-3.8308],[14.8375,-3.8308],[14.8383,-3.8367]]],[[[14.8608,-3.8233],[14.86,-3.8325],[14.8625,-3.8358],[14.8592,-3.8342],[14.8575,-3.8267],[14.8533,-3.8283],[14.8542,-3.8233],[14.8608,-3.8233]]],[[[14.8825,-3.8175],[14.8892,-3.8325],[14.8808,-3.8292],[14.8825,-3.8175]]],[[[14.8608,-3.8175],[14.8692,-3.8242],[14.87,-3.8308],[14.8608,-3.8175]]],[[[14.8175,-3.8183],[14.8308,-3.8233],[14.8317,-3.8283],[14.8208,-3.8242],[14.8175,-3.8183]]],[[[14.8617,-3.8125],[14.8708,-3.82],[14.8733,-3.8325],[14.8683,-3.8192],[14.865,-3.8192],[14.8617,-3.8125]]],[[[14.81,-3.8167],[14.81,-3.825],[14.805,-3.825],[14.7983,-3.8175],[14.8058,-3.82],[14.8067,-3.8142],[14.81,-3.8167]]],[[[14.9208,-3.81],[14.9183,-3.8192],[14.9075,-3.8258],[14.9108,-3.8192],[14.9158,-3.8192],[14.9158,-3.8125],[14.9192,-3.8083],[14.9275,-3.8067],[14.9208,-3.81]]],[[[14.8292,-3.8058],[14.8408,-3.8117],[14.8425,-3.8092],[14.8467,-3.8133],[14.8458,-3.8175],[14.8492,-3.8225],[14.8517,-3.8192],[14.85,-3.8258],[14.8475,-3.8258],[14.8433,-3.8192],[14.8417,-3.8192],[14.8433,-3.8233],[14.84,-3.8225],[14.8408,-3.815],[14.8342,-3.815],[14.8308,-3.81],[14.8283,-3.8117],[14.8283,-3.8183],[14.8233,-3.8192],[14.8183,-3.8158],[14.8233,-3.8142],[14.8292,-3.8058]]],[[[14.88,-3.8008],[14.8767,-3.8133],[14.8833,-3.8158],[14.8758,-3.8183],[14.8725,-3.8158],[14.8725,-3.8092],[14.88,-3.8008]]],[[[14.8208,-3.7958],[14.8133,-3.8108],[14.8092,-3.8108],[14.8125,-3.7983],[14.8108,-3.7942],[14.8192,-3.7942],[14.8208,-3.7958]]],[[[14.8642,-3.7992],[14.875,-3.7967],[14.87,-3.8025],[14.8608,-3.8033],[14.8592,-3.8058],[14.8592,-3.8017],[14.855,-3.8042],[14.8508,-3.8033],[14.8508,-3.7967],[14.8533,-3.7933],[14.8667,-3.785],[14.875,-3.7908],[14.8817,-3.7892],[14.8775,-3.7925],[14.8683,-3.7883],[14.86,-3.7958],[14.8558,-3.795],[14.8558,-3.7975],[14.8617,-3.7967],[14.8642,-3.7992]],[[14.8558,-3.7975],[14.8542,-3.7992],[14.8558,-3.7992],[14.8558,-3.7975]]],[[[14.7867,-3.7858],[14.795,-3.7917],[14.7967,-3.785],[14.8025,-3.7833],[14.8042,-3.7883],[14.8133,-3.7925],[14.8033,-3.7933],[14.8017,-3.79],[14.7967,-3.7942],[14.7858,-3.7925],[14.7867,-3.7892],[14.7842,-3.7892],[14.7842,-3.7858],[14.7783,-3.7833],[14.785,-3.7817],[14.7867,-3.7858]]],[[[14.8158,-3.785],[14.8175,-3.7817],[14.8225,-3.7825],[14.8183,-3.7833],[14.8158,-3.7883],[14.8117,-3.7883],[14.8083,-3.7808],[14.8108,-3.7808],[14.8117,-3.785],[14.8158,-3.785]]],[[[14.8367,-3.7675],[14.8392,-3.7825],[14.8392,-3.7683],[14.8467,-3.7733],[14.8533,-3.7725],[14.8542,-3.7675],[14.8583,-3.77],[14.8633,-3.7683],[14.8767,-3.7783],[14.8733,-3.7833],[14.8725,-3.7783],[14.8642,-3.7725],[14.8583,-3.7742],[14.8558,-3.7708],[14.8542,-3.7758],[14.8458,-3.7767],[14.8442,-3.7825],[14.8442,-3.7742],[14.8408,-3.7742],[14.8425,-3.7833],[14.8342,-3.7867],[14.8317,-3.7792],[14.8258,-3.7742],[14.8233,-3.7783],[14.83,-3.7833],[14.8317,-3.7867],[14.8308,-3.7892],[14.8208,-3.7792],[14.8208,-3.775],[14.8275,-3.7692],[14.83,-3.7758],[14.8342,-3.7775],[14.8342,-3.7683],[14.8367,-3.7675]],[[14.8358,-3.78],[14.8342,-3.7817],[14.8342,-3.7842],[14.8358,-3.78]]],[[[14.9208,-3.7633],[14.925,-3.7683],[14.9225,-3.7733],[14.9192,-3.7742],[14.9183,-3.7667],[14.9117,-3.7642],[14.9108,-3.7617],[14.9208,-3.7633]]],[[[14.8217,-3.7667],[14.8208,-3.7708],[14.815,-3.7717],[14.82,-3.765],[14.8275,-3.7625],[14.825,-3.7667],[14.8217,-3.7667]]],[[[14.8542,-3.7525],[14.8558,-3.7567],[14.86,-3.7583],[14.8592,-3.7608],[14.855,-3.76],[14.8517,-3.7558],[14.8425,-3.7542],[14.8383,-3.7567],[14.835,-3.7542],[14.8417,-3.7508],[14.8542,-3.7525]]],[[[14.8,-3.7383],[14.8075,-3.7367],[14.8142,-3.7392],[14.8133,-3.7408],[14.8092,-3.7392],[14.8117,-3.7458],[14.8083,-3.7467],[14.8083,-3.7492],[14.7992,-3.7467],[14.8083,-3.745],[14.8075,-3.7425],[14.8042,-3.7433],[14.7967,-3.7392],[14.79,-3.7408],[14.7867,-3.7342],[14.7892,-3.7333],[14.7917,-3.7383],[14.8,-3.7325],[14.8,-3.7383]]],[[[14.8333,-3.72],[14.8425,-3.7233],[14.8417,-3.7267],[14.8442,-3.7267],[14.8533,-3.7233],[14.8542,-3.72],[14.8583,-3.72],[14.8608,-3.7217],[14.8592,-3.7242],[14.8642,-3.7275],[14.8625,-3.7308],[14.8667,-3.7292],[14.8725,-3.7358],[14.885,-3.7417],[14.89,-3.7483],[14.8792,-3.7442],[14.8692,-3.7367],[14.8617,-3.735],[14.8592,-3.7292],[14.8483,-3.7308],[14.855,-3.7258],[14.8433,-3.73],[14.845,-3.7333],[14.8408,-3.7375],[14.8425,-3.7408],[14.8408,-3.745],[14.845,-3.7458],[14.8417,-3.7483],[14.8342,-3.7467],[14.8317,-3.7392],[14.8358,-3.7383],[14.835,-3.7442],[14.84,-3.7433],[14.8392,-3.7358],[14.8425,-3.73],[14.8367,-3.7267],[14.8342,-3.7317],[14.8308,-3.7317],[14.8333,-3.7258],[14.83,-3.7242],[14.8267,-3.7292],[14.8267,-3.7225],[14.8242,-3.72],[14.8317,-3.72],[14.8308,-3.7233],[14.8333,-3.7233],[14.8333,-3.72]],[[14.835,-3.7242],[14.8367,-3.725],[14.8367,-3.7242],[14.835,-3.7242]]],[[[14.8792,-3.7242],[14.8867,-3.7225],[14.8917,-3.725],[14.8925,-3.72],[14.8967,-3.7217],[14.8958,-3.7283],[14.89,-3.7292],[14.8842,-3.725],[14.8775,-3.7258],[14.875,-3.72],[14.8775,-3.72],[14.8792,-3.7242]]],[[[14.9375,-4.6592],[14.92,-4.68],[14.9167,-4.68],[14.9167,-4.6875],[14.9133,-4.6833],[14.9142,-4.68],[14.9092,-4.6817],[14.9192,-4.6683],[14.9267,-4.6625],[14.9258,-4.6683],[14.9275,-4.6683],[14.935,-4.6592],[14.9375,-4.6592]],[[14.9225,-4.6708],[14.9233,-4.67],[14.9225,-4.67],[14.9225,-4.6708]],[[14.9225,-4.6717],[14.9192,-4.6717],[14.9192,-4.6742],[14.9225,-4.6717]]],[[[14.9492,-4.6475],[14.9383,-4.6533],[14.9383,-4.6567],[14.9317,-4.6583],[14.9417,-4.6475],[14.9458,-4.6458],[14.9467,-4.6483],[14.9492,-4.6475]]],[[[14.9583,-4.6208],[14.9542,-4.6283],[14.9483,-4.6317],[14.945,-4.6375],[14.9425,-4.6342],[14.9442,-4.6283],[14.9458,-4.6308],[14.9508,-4.63],[14.9583,-4.6183],[14.9633,-4.6183],[14.9583,-4.6208]]],[[[14.9858,-4.6125],[14.9817,-4.6183],[14.9792,-4.6183],[14.9808,-4.6117],[14.99,-4.6108],[14.9883,-4.6133],[14.9858,-4.6125]]],[[[15.0608,-4.5333],[15.0558,-4.5367],[15.0475,-4.54],[15.0617,-4.5275],[15.0608,-4.5333]]],[[[15.0517,-4.4083],[15.0492,-4.4158],[15.0558,-4.4142],[15.0567,-4.4175],[15.0492,-4.4183],[15.0483,-4.41],[15.04,-4.4092],[15.0375,-4.4117],[15.0392,-4.4075],[15.0433,-4.4058],[15.0517,-4.4083]]],[[[15.0517,-4.3983],[15.0525,-4.4017],[15.0583,-4.4025],[15.0592,-4.4058],[15.0575,-4.4033],[15.0508,-4.4042],[15.0458,-4.3967],[15.0517,-4.3983]]],[[[14.9283,-4.345],[14.9242,-4.345],[14.9258,-4.3508],[14.9308,-4.3475],[14.9392,-4.3467],[14.9408,-4.3517],[14.9467,-4.3525],[14.9492,-4.35],[14.9492,-4.3525],[14.9425,-4.355],[14.9367,-4.3492],[14.9242,-4.3517],[14.9225,-4.3433],[14.9317,-4.34],[14.9283,-4.345]]],[[[14.9692,-4.3375],[14.9733,-4.3333],[14.9758,-4.3342],[14.9717,-4.3383],[14.9667,-4.3392],[14.965,-4.3375],[14.9667,-4.3308],[14.9692,-4.3375]]],[[[14.9425,-4.3217],[14.9433,-4.3192],[14.9467,-4.3192],[14.9442,-4.3225],[14.9383,-4.3217],[14.9367,-4.3258],[14.9308,-4.3292],[14.9325,-4.3333],[14.9283,-4.3333],[14.9283,-4.3275],[14.9375,-4.3183],[14.9425,-4.3217]]],[[[14.9608,-4.31],[14.9633,-4.3083],[14.9608,-4.3117],[14.9475,-4.3108],[14.9533,-4.3067],[14.9608,-4.31]]],[[[14.9308,-4.3033],[14.9375,-4.305],[14.9375,-4.3],[14.94,-4.2983],[14.9508,-4.2975],[14.9508,-4.3017],[14.9392,-4.3008],[14.9392,-4.3058],[14.9333,-4.3075],[14.9292,-4.3025],[14.9308,-4.2933],[14.9308,-4.3033]]],[[[14.9792,-4.2742],[14.9708,-4.2775],[14.9675,-4.2825],[14.9633,-4.2808],[14.9633,-4.2783],[14.9675,-4.2792],[14.98,-4.27],[14.9792,-4.2742]]],[[[14.9292,-4.2225],[14.9208,-4.23],[14.9275,-4.2208],[14.9192,-4.2208],[14.9183,-4.2283],[14.9183,-4.22],[14.9283,-4.2192],[14.9292,-4.2225]]],[[[15.0108,-4.1525],[15.0158,-4.1592],[15.0125,-4.1625],[15.0083,-4.1625],[15.0067,-4.16],[15.0008,-4.1617],[15.0033,-4.1583],[15.01,-4.1608],[15.0108,-4.1558],[14.9958,-4.1575],[15.0025,-4.1525],[15.0108,-4.1525]]],[[[15.0333,-4.1333],[15.0233,-4.155],[15.0242,-4.1608],[15.0217,-4.1608],[15.0208,-4.1533],[15.0258,-4.1425],[15.0308,-4.1383],[15.0308,-4.1342],[15.0333,-4.1333]]],[[[15.0608,-4.1417],[15.055,-4.1492],[15.06,-4.1492],[15.0592,-4.1517],[15.0525,-4.15],[15.0542,-4.1433],[15.0608,-4.1417]]],[[[15.0608,-4.1275],[15.065,-4.1333],[15.0633,-4.1425],[15.0617,-4.1317],[15.0583,-4.1283],[15.0492,-4.13],[15.0475,-4.1258],[15.0525,-4.1283],[15.0608,-4.1275]]],[[[15.0508,-4.1142],[15.0608,-4.1233],[15.0533,-4.1217],[15.05,-4.1167],[15.0467,-4.1175],[15.0483,-4.1242],[15.0442,-4.1233],[15.045,-4.1142],[15.0508,-4.1142]]],[[[15.065,-4.1083],[15.0675,-4.1142],[15.0592,-4.1092],[15.0558,-4.1117],[15.0567,-4.115],[15.0542,-4.1142],[15.0533,-4.1092],[15.0558,-4.1058],[15.06,-4.105],[15.065,-4.1083]]],[[[15.01,-4.1042],[15.0083,-4.1075],[14.9958,-4.11],[15.0075,-4.1058],[15.0158,-4.0992],[15.0142,-4.1033],[15.01,-4.1042]]],[[[15.0192,-4.0792],[15.0267,-4.0817],[15.0208,-4.0817],[15.0175,-4.09],[15.0092,-4.0958],[15.0133,-4.0883],[15.0167,-4.0875],[15.0158,-4.0833],[15.0192,-4.0792]]],[[[14.96,-4.0817],[14.9633,-4.0833],[14.9642,-4.0883],[14.9625,-4.085],[14.9575,-4.0842],[14.9583,-4.0775],[14.9617,-4.0775],[14.96,-4.0817]]],[[[14.9917,-4.0817],[14.9917,-4.0867],[14.9892,-4.0892],[14.9883,-4.0808],[14.995,-4.0792],[14.995,-4.0767],[14.9975,-4.0775],[14.9958,-4.0817],[14.9917,-4.0817]]],[[[14.9608,-4.0625],[14.9575,-4.0642],[14.9575,-4.0675],[14.955,-4.0658],[14.95,-4.07],[14.9425,-4.07],[14.9392,-4.0783],[14.9525,-4.0767],[14.955,-4.085],[14.9608,-4.0867],[14.9617,-4.0892],[14.955,-4.0883],[14.9492,-4.08],[14.9383,-4.0825],[14.94,-4.08],[14.9358,-4.0767],[14.9408,-4.0683],[14.95,-4.0683],[14.9542,-4.0658],[14.9517,-4.0633],[14.9517,-4.0567],[14.9575,-4.0633],[14.96,-4.0583],[14.9583,-4.0542],[14.9608,-4.0542],[14.9625,-4.0567],[14.9608,-4.0625]]],[[[15.0642,-4.0583],[15.07,-4.0558],[15.075,-4.06],[15.0683,-4.0592],[15.0658,-4.0633],[15.0617,-4.0633],[15.055,-4.0592],[15.0533,-4.0633],[15.0567,-4.0675],[15.0692,-4.0667],[15.0592,-4.0725],[15.0558,-4.0717],[15.05,-4.0642],[15.0517,-4.0558],[15.0558,-4.055],[15.0642,-4.0583]]],[[[15.0067,-4.0467],[15.0083,-4.0567],[15.005,-4.0608],[15.0067,-4.0542],[15.0033,-4.0517],[15.0033,-4.0483],[15.0058,-4.0442],[15.0092,-4.0442],[15.01,-4.0475],[15.0067,-4.0467]]],[[[14.96,-4.0308],[14.9692,-4.0292],[14.9717,-4.0325],[14.97,-4.0408],[14.9767,-4.0392],[14.9867,-4.0408],[14.9867,-4.0533],[14.99,-4.0525],[14.9892,-4.0492],[14.9942,-4.0467],[14.9942,-4.0408],[14.9967,-4.04],[14.9975,-4.05],[14.9867,-4.0592],[14.9817,-4.06],[14.9858,-4.0542],[14.98,-4.0567],[14.9783,-4.0542],[14.9833,-4.0525],[14.9833,-4.0433],[14.9717,-4.045],[14.97,-4.0483],[14.9692,-4.0425],[14.965,-4.04],[14.965,-4.0367],[14.9683,-4.0342],[14.9667,-4.0308],[14.955,-4.0375],[14.96,-4.0308]]],[[[15.0142,-4.0292],[15.0108,-4.0283],[15.0075,-4.0308],[15.0083,-4.035],[15.0042,-4.0333],[15.0042,-4.03],[15.0125,-4.0242],[15.0158,-4.0258],[15.0142,-4.0292]]],[[[14.9642,-4.0183],[14.965,-4.015],[14.9667,-4.0217],[14.9625,-4.0208],[14.9617,-4.0283],[14.9533,-4.0292],[14.9558,-4.0342],[14.9517,-4.0358],[14.9517,-4.0267],[14.96,-4.0258],[14.96,-4.0217],[14.9542,-4.02],[14.9533,-4.0175],[14.96,-4.0192],[14.9592,-4.0175],[14.96,-4.015],[14.9642,-4.0183]]],[[[14.9933,-4.0175],[14.9908,-4.0217],[14.9858,-4.0217],[14.9883,-4.025],[14.9858,-4.0317],[14.9733,-4.0325],[14.9708,-4.03],[14.9692,-4.0233],[14.9733,-4.025],[14.975,-4.0292],[14.98,-4.03],[14.9833,-4.0275],[14.9817,-4.0175],[14.9883,-4.0183],[14.9908,-4.015],[14.9983,-4.0142],[14.9967,-4.0175],[14.9933,-4.0175]],[[14.9825,-4.0192],[14.9842,-4.02],[14.9842,-4.0192],[14.9825,-4.0192]]],[[[15.0642,-3.9842],[15.0675,-3.9933],[15.0658,-4.0],[15.0692,-4.0075],[15.0583,-4.01],[15.0617,-4.0125],[15.055,-4.0158],[15.0525,-4.0108],[15.0567,-4.0067],[15.0675,-4.0075],[15.0625,-4.0],[15.065,-3.9958],[15.0642,-3.9875],[15.0575,-3.9808],[15.0642,-3.9842]]],[[[14.9825,-3.9967],[14.9892,-4.0],[14.9925,-3.9975],[14.9975,-3.9983],[14.99,-4.0042],[14.9833,-4.0008],[14.9817,-4.005],[14.9792,-4.0],[14.9758,-4.005],[14.98,-3.995],[14.9775,-3.99],[14.985,-3.99],[14.9825,-3.9967]]],[[[15.0167,-3.9867],[15.0133,-3.9958],[15.0117,-3.995],[15.0133,-3.9875],[15.005,-3.9883],[15.005,-3.9858],[15.01,-3.9833],[15.0167,-3.9867]]],[[[14.9992,-3.9883],[14.9992,-3.9942],[14.9975,-3.9958],[14.9958,-3.9858],[15.0,-3.9833],[15.0042,-3.9858],[15.0042,-3.9883],[14.9992,-3.9883]]],[[[14.9367,-3.995],[14.9275,-3.9883],[14.9308,-3.985],[14.93,-3.9792],[14.945,-3.9792],[14.9467,-3.9767],[14.9458,-3.9808],[14.935,-3.9833],[14.9383,-3.9867],[14.9383,-3.9892],[14.935,-3.9892],[14.9367,-3.995]],[[14.935,-3.9892],[14.9333,-3.9883],[14.9333,-3.9892],[14.935,-3.9892]]],[[[15.0317,-3.9808],[15.03,-3.9867],[15.0375,-3.9858],[15.04,-3.9908],[15.0317,-3.9917],[15.0267,-3.9883],[15.0267,-3.9825],[15.03,-3.9775],[15.0383,-3.9783],[15.0317,-3.9808]]],[[[14.9833,-3.9667],[14.9783,-3.9683],[14.9792,-3.9733],[14.9767,-3.9758],[14.9817,-3.985],[14.975,-3.9875],[14.9775,-3.985],[14.975,-3.9783],[14.9642,-3.9742],[14.9758,-3.975],[14.9725,-3.9717],[14.9725,-3.9667],[14.9767,-3.9717],[14.9758,-3.9658],[14.9808,-3.965],[14.9808,-3.96],[14.9833,-3.96],[14.9833,-3.9667]]],[[[15.0367,-3.9658],[15.0442,-3.9708],[15.065,-3.9775],[15.06,-3.9783],[15.0425,-3.9733],[15.0392,-3.97],[15.0375,-3.9742],[15.0342,-3.9717],[15.0367,-3.9658]]],[[[15.0692,-3.9683],[15.0692,-3.9767],[15.0675,-3.9775],[15.0642,-3.9608],[15.0692,-3.9683]]],[[[14.9625,-3.945],[14.9583,-3.9583],[14.95,-3.9633],[14.95,-3.9667],[14.9433,-3.9683],[14.9508,-3.96],[14.9517,-3.955],[14.955,-3.9542],[14.9575,-3.9575],[14.9567,-3.9533],[14.9625,-3.945]]],[[[15.0483,-3.93],[15.0492,-3.9375],[15.0475,-3.9408],[15.0525,-3.9433],[15.0567,-3.9567],[15.0617,-3.9592],[15.06,-3.9608],[15.055,-3.9575],[15.0458,-3.9433],[15.0442,-3.9258],[15.0483,-3.93]]],[[[15.0492,-3.9242],[15.0567,-3.935],[15.0675,-3.9308],[15.0667,-3.9342],[15.0733,-3.9367],[15.0758,-3.945],[15.0817,-3.9525],[15.0883,-3.95],[15.0917,-3.9583],[15.0883,-3.9625],[15.0942,-3.9617],[15.0933,-3.9675],[15.0875,-3.9642],[15.0842,-3.9575],[15.0742,-3.9533],[15.075,-3.9492],[15.0717,-3.9508],[15.0708,-3.9475],[15.0675,-3.9467],[15.0692,-3.9383],[15.065,-3.9383],[15.0625,-3.9417],[15.0617,-3.9383],[15.0567,-3.9408],[15.0525,-3.9367],[15.0458,-3.9192],[15.0425,-3.9192],[15.0442,-3.9167],[15.0475,-3.9175],[15.0492,-3.9242]],[[15.0867,-3.9542],[15.0858,-3.955],[15.0867,-3.955],[15.0867,-3.9542]]],[[[14.9933,-3.935],[14.9908,-3.9408],[14.9767,-3.9492],[14.9842,-3.9408],[14.9925,-3.9367],[14.9908,-3.9333],[14.9925,-3.9258],[14.9933,-3.935]]],[[[14.9242,-3.9342],[14.9258,-3.9258],[14.9308,-3.9233],[14.9292,-3.9192],[14.9325,-3.9192],[14.9342,-3.9233],[14.9283,-3.9275],[14.93,-3.935],[14.9275,-3.9375],[14.92,-3.9358],[14.9208,-3.9225],[14.9242,-3.9342]],[[14.9233,-3.9333],[14.9217,-3.9342],[14.9233,-3.935],[14.9233,-3.9333]]],[[[15.0042,-3.9208],[15.0033,-3.9258],[14.9983,-3.9308],[15.0025,-3.9208],[14.9975,-3.92],[14.9975,-3.9167],[15.0008,-3.9158],[15.0042,-3.9208]]],[[[14.9842,-3.8967],[14.9992,-3.8958],[15.0008,-3.8983],[14.9925,-3.8992],[14.9908,-3.9033],[14.9883,-3.9033],[14.9858,-3.9],[14.9825,-3.9],[14.9817,-3.8958],[14.9775,-3.895],[14.9775,-3.8925],[14.9825,-3.8925],[14.9842,-3.8967]]],[[[15.0475,-3.8825],[15.05,-3.89],[15.0442,-3.8883],[15.0342,-3.9025],[15.0358,-3.895],[15.0408,-3.89],[15.0375,-3.8858],[15.0508,-3.8792],[15.0475,-3.8825]]],[[[15.0017,-3.8867],[15.0025,-3.895],[15.0042,-3.8967],[15.0,-3.895],[14.9983,-3.8867],[14.9925,-3.8825],[15.0017,-3.8867]]],[[[14.9217,-3.8617],[14.925,-3.8683],[14.93,-3.8642],[14.9308,-3.86],[14.9342,-3.8642],[14.9292,-3.8675],[14.9292,-3.8717],[14.9258,-3.8725],[14.9208,-3.8692],[14.9192,-3.8625],[14.915,-3.8583],[14.9217,-3.8617]]],[[[14.9158,-3.8442],[14.925,-3.855],[14.9242,-3.8575],[14.9167,-3.85],[14.9158,-3.8442]]],[[[14.94,-3.8408],[14.9542,-3.8533],[14.9717,-3.8525],[14.9717,-3.855],[14.9675,-3.8583],[14.9625,-3.8575],[14.955,-3.8608],[14.9558,-3.8567],[14.9483,-3.855],[14.9483,-3.8508],[14.9425,-3.8442],[14.9342,-3.8417],[14.93,-3.8375],[14.94,-3.8408]]],[[[15.0108,-3.8325],[14.9958,-3.8333],[14.9875,-3.8383],[14.985,-3.845],[14.9817,-3.8442],[14.975,-3.8492],[14.9708,-3.8492],[14.9717,-3.8467],[14.9817,-3.8425],[14.9908,-3.8317],[15.0108,-3.8325]]],[[[15.0633,-3.8317],[15.06,-3.8408],[15.055,-3.8375],[15.0517,-3.8375],[15.0508,-3.8408],[15.0458,-3.8408],[15.0492,-3.8383],[15.05,-3.8333],[15.0575,-3.8375],[15.0617,-3.8358],[15.0567,-3.8275],[15.0633,-3.8317]]],[[[14.9333,-3.8308],[14.9242,-3.8308],[14.9183,-3.8333],[14.9258,-3.8275],[14.9367,-3.8283],[14.9333,-3.8308]]],[[[14.9842,-3.825],[14.9883,-3.8225],[14.9933,-3.825],[14.9975,-3.8233],[14.9958,-3.8267],[14.9833,-3.8283],[14.9833,-3.8342],[14.9783,-3.8367],[14.9775,-3.8333],[14.9808,-3.8308],[14.975,-3.8233],[14.9783,-3.8242],[14.9792,-3.8217],[14.9842,-3.825]]],[[[15.0133,-3.8258],[15.0142,-3.8317],[15.0125,-3.8317],[15.0125,-3.8325],[15.0108,-3.8325],[15.0125,-3.8292],[15.0083,-3.8292],[15.005,-3.8258],[15.0133,-3.8258]]],[[[15.0742,-3.8017],[15.06,-3.8042],[15.0425,-3.8183],[15.0483,-3.8083],[15.0508,-3.8083],[15.0508,-3.805],[15.0617,-3.8],[15.0792,-3.7983],[15.0742,-3.8017]]],[[[14.9558,-3.7975],[14.9542,-3.8033],[14.95,-3.8067],[14.9542,-3.8083],[14.9583,-3.8042],[14.9575,-3.8083],[14.9542,-3.81],[14.9558,-3.8142],[14.9442,-3.8117],[14.9433,-3.81],[14.9483,-3.8108],[14.9467,-3.805],[14.9492,-3.8017],[14.945,-3.7992],[14.9408,-3.8025],[14.9425,-3.7942],[14.95,-3.7958],[14.9508,-3.7908],[14.9533,-3.7925],[14.9533,-3.8],[14.9558,-3.7975]]],[[[15.0108,-3.7683],[15.0108,-3.7825],[15.015,-3.7825],[15.015,-3.7933],[15.0125,-3.7975],[15.015,-3.8067],[15.0133,-3.8125],[15.0067,-3.8175],[15.0058,-3.8242],[15.0017,-3.825],[15.0033,-3.8158],[15.0092,-3.8125],[15.0108,-3.8033],[15.0058,-3.8008],[15.0058,-3.7967],[15.01,-3.795],[15.0108,-3.79],[15.0083,-3.7875],[15.0017,-3.7883],[15.0042,-3.79],[15.0042,-3.7958],[14.9967,-3.8],[14.9933,-3.7967],[14.9883,-3.7975],[14.985,-3.7917],[14.99,-3.795],[14.9883,-3.7883],[14.9933,-3.79],[14.9958,-3.7842],[14.9983,-3.7917],[14.9975,-3.785],[15.0025,-3.785],[15.0,-3.7792],[15.0033,-3.7792],[15.0067,-3.7692],[15.0083,-3.7708],[15.0083,-3.7683],[15.0108,-3.7683]],[[15.0017,-3.7925],[15.0,-3.795],[15.0025,-3.7958],[15.0017,-3.7942],[15.0017,-3.7925]],[[14.9933,-3.7933],[14.9942,-3.7942],[14.9942,-3.7933],[14.9933,-3.7933]],[[14.9975,-3.7958],[14.995,-3.7942],[14.995,-3.7967],[14.9975,-3.7958]]],[[[14.9358,-3.7808],[14.9417,-3.7875],[14.9342,-3.8017],[14.9317,-3.7975],[14.9275,-3.8033],[14.9275,-3.7992],[14.9333,-3.7917],[14.9325,-3.7817],[14.9358,-3.7808]],[[14.9367,-3.7875],[14.9375,-3.7883],[14.9375,-3.7875],[14.9367,-3.7875]]],[[[14.9633,-3.7725],[14.9658,-3.77],[14.9625,-3.775],[14.9542,-3.77],[14.9583,-3.7692],[14.9633,-3.7725]]],[[[14.9442,-3.7492],[14.9492,-3.7592],[14.9467,-3.7675],[14.95,-3.7675],[14.95,-3.77],[14.9475,-3.7708],[14.9483,-3.7767],[14.9433,-3.7775],[14.9467,-3.7725],[14.9425,-3.7692],[14.9433,-3.7642],[14.9467,-3.7617],[14.9458,-3.7542],[14.9392,-3.7458],[14.9442,-3.7492]]],[[[14.9592,-3.745],[14.985,-3.7492],[14.9942,-3.7558],[14.9967,-3.7633],[14.9942,-3.76],[14.9925,-3.7675],[14.9858,-3.7692],[14.9867,-3.765],[14.9825,-3.7675],[14.98,-3.7608],[14.9692,-3.755],[14.98,-3.755],[14.9892,-3.7625],[14.9842,-3.7525],[14.9742,-3.7525],[14.9675,-3.7492],[14.9508,-3.7467],[14.9592,-3.745]]],[[[15.0517,-3.7383],[15.0483,-3.7492],[15.0508,-3.76],[15.0467,-3.7542],[15.0492,-3.7367],[15.0517,-3.7383]]],[[[15.0058,-3.7283],[15.0083,-3.7208],[15.0175,-3.72],[15.015,-3.7242],[15.0167,-3.73],[15.0133,-3.7325],[15.0167,-3.7442],[15.0133,-3.7483],[15.015,-3.7517],[15.0083,-3.7492],[15.005,-3.7575],[15.0017,-3.7583],[14.9992,-3.755],[14.9942,-3.755],[14.995,-3.7508],[14.9917,-3.7483],[14.9908,-3.7433],[14.9967,-3.7475],[14.9967,-3.7517],[15.0008,-3.7492],[15.0025,-3.7533],[15.0042,-3.7533],[15.0033,-3.7508],[15.0108,-3.7425],[15.0025,-3.7375],[15.0008,-3.7308],[15.005,-3.7308],[15.0067,-3.735],[15.0092,-3.7333],[15.0125,-3.735],[15.0058,-3.7283]],[[15.0117,-3.73],[15.0108,-3.7283],[15.0092,-3.7283],[15.0092,-3.73],[15.0117,-3.73]]],[[[14.9867,-3.7233],[14.9925,-3.735],[14.9892,-3.7342],[14.9825,-3.7233],[14.9725,-3.7233],[14.9725,-3.7217],[14.9808,-3.72],[14.9867,-3.7233]]],[[[14.9258,-3.7225],[14.9317,-3.7317],[14.9242,-3.725],[14.9225,-3.7275],[14.9208,-3.7267],[14.9258,-3.7225]]],[[[15.2258,-4.6175],[15.2325,-4.6133],[15.2375,-4.6167],[15.2375,-4.6192],[15.23,-4.6208],[15.2308,-4.6183],[15.235,-4.6183],[15.2342,-4.6158],[15.225,-4.6192],[15.2242,-4.6133],[15.2258,-4.6125],[15.2258,-4.6175]]],[[[15.1858,-4.5333],[15.185,-4.5442],[15.1758,-4.5458],[15.1758,-4.55],[15.1733,-4.5517],[15.175,-4.5442],[15.18,-4.545],[15.1833,-4.5425],[15.1825,-4.5275],[15.1858,-4.5333]]],[[[15.1958,-4.5158],[15.195,-4.5183],[15.2017,-4.525],[15.2017,-4.5317],[15.1967,-4.5217],[15.1925,-4.5192],[15.1908,-4.5108],[15.1958,-4.5158]]],[[[15.1325,-4.4958],[15.1375,-4.505],[15.15,-4.5075],[15.1542,-4.5167],[15.1617,-4.5225],[15.1617,-4.525],[15.1492,-4.5142],[15.15,-4.5108],[15.1475,-4.5083],[15.1408,-4.5092],[15.1367,-4.5067],[15.1333,-4.5025],[15.1325,-4.4958]]],[[[15.1692,-4.5008],[15.1642,-4.5042],[15.1675,-4.5125],[15.1717,-4.515],[15.1667,-4.5158],[15.1617,-4.5042],[15.1667,-4.5],[15.1692,-4.4925],[15.1717,-4.4925],[15.1692,-4.5008]]],[[[15.1908,-4.4883],[15.1958,-4.4992],[15.1908,-4.5],[15.1817,-4.4908],[15.1875,-4.4925],[15.1908,-4.4967],[15.1925,-4.4958],[15.19,-4.4917],[15.1833,-4.4875],[15.1908,-4.4883]]],[[[15.1358,-4.4842],[15.1483,-4.5],[15.1517,-4.5008],[15.1533,-4.4967],[15.1533,-4.5025],[15.1467,-4.5025],[15.1375,-4.4933],[15.1358,-4.4842]]],[[[15.2342,-4.47],[15.2342,-4.4758],[15.2308,-4.4692],[15.2275,-4.47],[15.2308,-4.4775],[15.2292,-4.4825],[15.2358,-4.4833],[15.2392,-4.4867],[15.2392,-4.4917],[15.2242,-4.495],[15.225,-4.4975],[15.2317,-4.4992],[15.2325,-4.5117],[15.2275,-4.5183],[15.2225,-4.5183],[15.23,-4.5117],[15.2275,-4.5075],[15.23,-4.5017],[15.2217,-4.4975],[15.2225,-4.4933],[15.2317,-4.4892],[15.2375,-4.4908],[15.235,-4.4858],[15.2267,-4.4842],[15.2283,-4.4775],[15.2242,-4.4733],[15.2242,-4.4692],[15.2308,-4.4658],[15.2342,-4.47]]],[[[15.1317,-4.47],[15.1258,-4.4758],[15.1258,-4.48],[15.1175,-4.4808],[15.1183,-4.4842],[15.1117,-4.4875],[15.1108,-4.4917],[15.1058,-4.495],[15.1058,-4.4975],[15.1042,-4.4967],[15.1025,-4.5033],[15.1008,-4.4992],[15.0967,-4.5033],[15.0917,-4.5042],[15.0942,-4.4992],[15.0975,-4.4992],[15.0992,-4.4958],[15.1083,-4.4908],[15.1083,-4.485],[15.1125,-4.4825],[15.1125,-4.4792],[15.1167,-4.475],[15.1175,-4.4775],[15.1225,-4.4767],[15.1317,-4.47]]],[[[15.1967,-4.4783],[15.2042,-4.485],[15.205,-4.4892],[15.2008,-4.4875],[15.1983,-4.4808],[15.1942,-4.4783],[15.1958,-4.4742],[15.1967,-4.4783]]],[[[15.2442,-4.4683],[15.2458,-4.4742],[15.2417,-4.4708],[15.2425,-4.4617],[15.2458,-4.4633],[15.2442,-4.4683]]],[[[15.2217,-4.465],[15.2167,-4.47],[15.2133,-4.47],[15.2192,-4.4592],[15.2158,-4.4592],[15.2125,-4.4633],[15.21,-4.4625],[15.215,-4.4558],[15.2208,-4.4558],[15.2233,-4.4583],[15.2217,-4.465]]],[[[15.2375,-4.455],[15.2417,-4.4558],[15.24,-4.4592],[15.2342,-4.4575],[15.2333,-4.4475],[15.2358,-4.4467],[15.2375,-4.455]]],[[[15.1992,-4.4308],[15.2067,-4.44],[15.2067,-4.4442],[15.2042,-4.4458],[15.1992,-4.4308]]],[[[15.2183,-4.4292],[15.2225,-4.4308],[15.2217,-4.4342],[15.2175,-4.4342],[15.215,-4.4308],[15.2217,-4.4208],[15.2183,-4.4292]]],[[[15.2158,-4.4208],[15.2075,-4.4275],[15.2033,-4.4267],[15.2033,-4.4233],[15.2075,-4.4242],[15.215,-4.4167],[15.2158,-4.4208]]],[[[15.2242,-4.225],[15.2275,-4.2317],[15.22,-4.2367],[15.2158,-4.2308],[15.2217,-4.2342],[15.225,-4.2292],[15.2233,-4.2267],[15.2175,-4.2267],[15.2142,-4.22],[15.2175,-4.2208],[15.2192,-4.225],[15.2242,-4.225]]],[[[15.2108,-4.2025],[15.2133,-4.21],[15.2167,-4.2117],[15.2142,-4.22],[15.2125,-4.22],[15.2142,-4.2125],[15.2067,-4.2025],[15.1992,-4.2008],[15.1992,-4.2067],[15.2017,-4.2083],[15.2,-4.2108],[15.1967,-4.2008],[15.2033,-4.1983],[15.2108,-4.2025]]],[[[15.225,-4.2042],[15.2175,-4.2033],[15.22,-4.2108],[15.2167,-4.21],[15.2158,-4.2017],[15.225,-4.2042]]],[[[15.1142,-4.1875],[15.1067,-4.195],[15.105,-4.1942],[15.1092,-4.1858],[15.1142,-4.185],[15.1142,-4.1875]]],[[[15.1908,-4.1758],[15.1983,-4.1825],[15.1992,-4.1967],[15.1967,-4.1975],[15.1983,-4.1933],[15.1958,-4.1908],[15.1958,-4.1833],[15.19,-4.1783],[15.1833,-4.1825],[15.1833,-4.1892],[15.18,-4.1908],[15.185,-4.1775],[15.1908,-4.1758]]],[[[15.0933,-4.1725],[15.1,-4.1783],[15.0975,-4.185],[15.1,-4.1917],[15.0958,-4.1875],[15.0975,-4.18],[15.0892,-4.1742],[15.0933,-4.1725]]],[[[15.2083,-4.1775],[15.2142,-4.1825],[15.2083,-4.1808],[15.2092,-4.185],[15.205,-4.1842],[15.2083,-4.1775]]],[[[15.1242,-4.1742],[15.1192,-4.1767],[15.12,-4.185],[15.1158,-4.1858],[15.1175,-4.1825],[15.1158,-4.1758],[15.1242,-4.1742]]],[[[15.2258,-4.1675],[15.2225,-4.165],[15.2183,-4.17],[15.2192,-4.1742],[15.2167,-4.1742],[15.2158,-4.1683],[15.22,-4.1675],[15.2208,-4.1633],[15.2258,-4.1642],[15.2258,-4.1675]]],[[[15.1117,-4.16],[15.1042,-4.1675],[15.1075,-4.1733],[15.1167,-4.1708],[15.1208,-4.1717],[15.115,-4.1725],[15.11,-4.1767],[15.105,-4.1758],[15.1017,-4.1658],[15.1067,-4.1633],[15.1083,-4.1592],[15.1117,-4.16]]],[[[15.065,-4.15],[15.0742,-4.1633],[15.0742,-4.1758],[15.0725,-4.1792],[15.0733,-4.165],[15.065,-4.15]]],[[[15.2083,-4.1617],[15.2,-4.1675],[15.1958,-4.1675],[15.1925,-4.1625],[15.1933,-4.1608],[15.1967,-4.165],[15.2042,-4.1633],[15.205,-4.1608],[15.1992,-4.1575],[15.205,-4.1575],[15.2083,-4.1617]]],[[[15.0975,-4.1417],[15.095,-4.1433],[15.0967,-4.1383],[15.0933,-4.1367],[15.0908,-4.1475],[15.0867,-4.1525],[15.0908,-4.1342],[15.0958,-4.1333],[15.0983,-4.1358],[15.0975,-4.1417]]],[[[15.0792,-4.1083],[15.0808,-4.12],[15.0717,-4.1275],[15.0783,-4.1133],[15.0767,-4.1117],[15.0717,-4.1133],[15.0708,-4.1083],[15.0792,-4.1083]]],[[[15.1067,-4.1083],[15.1042,-4.1158],[15.1083,-4.115],[15.1067,-4.12],[15.1025,-4.1183],[15.1017,-4.1117],[15.105,-4.11],[15.1042,-4.1058],[15.1067,-4.1083]]],[[[15.2058,-4.1083],[15.205,-4.1117],[15.215,-4.1092],[15.2167,-4.1117],[15.2083,-4.1142],[15.2025,-4.1117],[15.2058,-4.1042],[15.2125,-4.1033],[15.2133,-4.0983],[15.2133,-4.1058],[15.2058,-4.1083]]],[[[15.1958,-4.0975],[15.2,-4.1067],[15.1967,-4.1075],[15.1958,-4.1008],[15.1933,-4.1],[15.1842,-4.1075],[15.1725,-4.1075],[15.1775,-4.105],[15.1842,-4.1058],[15.1933,-4.0975],[15.1958,-4.0975]]],[[[15.1092,-4.0908],[15.1108,-4.1008],[15.1092,-4.1008],[15.1092,-4.0942],[15.1058,-4.0917],[15.1042,-4.0817],[15.1092,-4.0908]]],[[[15.0817,-4.0775],[15.09,-4.0825],[15.0892,-4.09],[15.0858,-4.0908],[15.085,-4.0867],[15.0883,-4.0825],[15.0817,-4.0775]]],[[[15.0792,-4.0717],[15.0725,-4.0842],[15.0775,-4.0808],[15.0792,-4.0825],[15.0717,-4.0875],[15.0692,-4.085],[15.07,-4.0792],[15.075,-4.0725],[15.0792,-4.0717]]],[[[15.1125,-4.075],[15.1058,-4.0808],[15.1117,-4.0725],[15.1125,-4.065],[15.1092,-4.065],[15.1083,-4.0717],[15.0992,-4.08],[15.1017,-4.0733],[15.1058,-4.0717],[15.1058,-4.0658],[15.1158,-4.0617],[15.1125,-4.075]]],[[[15.1383,-4.0292],[15.1533,-4.04],[15.1517,-4.0642],[15.1567,-4.0842],[15.1542,-4.0833],[15.15,-4.0725],[15.15,-4.0633],[15.1475,-4.06],[15.1508,-4.0417],[15.1383,-4.0292]]],[[[15.075,-4.0392],[15.0683,-4.04],[15.0767,-4.0458],[15.0775,-4.0583],[15.0742,-4.0558],[15.075,-4.0467],[15.0642,-4.0408],[15.0667,-4.0358],[15.075,-4.0392]]],[[[15.1933,-4.0208],[15.2175,-4.0317],[15.2217,-4.0308],[15.2375,-4.0408],[15.2383,-4.0483],[15.2342,-4.0542],[15.2283,-4.0542],[15.2258,-4.0592],[15.2225,-4.06],[15.2242,-4.0633],[15.2367,-4.0558],[15.2383,-4.05],[15.25,-4.05],[15.2533,-4.0525],[15.24,-4.0533],[15.24,-4.0558],[15.2342,-4.0583],[15.2275,-4.0667],[15.2208,-4.0658],[15.22,-4.0583],[15.2267,-4.0517],[15.2317,-4.0517],[15.2358,-4.0475],[15.2358,-4.0442],[15.2208,-4.0325],[15.2042,-4.03],[15.195,-4.025],[15.1933,-4.0208]]],[[[15.1808,-4.0292],[15.1858,-4.0408],[15.185,-4.0467],[15.1792,-4.0317],[15.1792,-4.0267],[15.1892,-4.0258],[15.1883,-4.0292],[15.1808,-4.0292]]],[[[15.1775,-4.0333],[15.1808,-4.0367],[15.1817,-4.0458],[15.1758,-4.0342],[15.1742,-4.0258],[15.1758,-4.0217],[15.1775,-4.0333]]],[[[15.075,-4.0308],[15.0775,-4.0375],[15.0683,-4.0308],[15.0692,-4.02],[15.0717,-4.0217],[15.0717,-4.0292],[15.075,-4.0308]]],[[[15.0775,-4.0075],[15.08,-4.0192],[15.0842,-4.0208],[15.0825,-4.0258],[15.0775,-4.02],[15.0758,-4.0017],[15.0783,-4.0017],[15.0775,-4.0075]]],[[[15.1267,-3.9958],[15.1283,-4.0142],[15.1442,-4.0267],[15.1258,-4.0167],[15.1258,-4.0058],[15.1208,-3.9933],[15.1175,-3.9983],[15.12,-4.0083],[15.1183,-4.0125],[15.115,-4.0008],[15.1167,-3.9925],[15.1225,-3.9908],[15.1267,-3.9958]]],[[[15.225,-3.9683],[15.2283,-3.9742],[15.2183,-3.9675],[15.2183,-3.9642],[15.225,-3.9683]]],[[[15.2175,-3.9558],[15.2308,-3.965],[15.2325,-3.9717],[15.2283,-3.9708],[15.225,-3.9642],[15.22,-3.9633],[15.2175,-3.9558]]],[[[15.2225,-3.9508],[15.225,-3.9542],[15.2217,-3.955],[15.22,-3.9525],[15.2175,-3.955],[15.2133,-3.9483],[15.2167,-3.9483],[15.2183,-3.9517],[15.2225,-3.9508]]],[[[15.2225,-3.9383],[15.235,-3.9458],[15.2425,-3.9625],[15.2375,-3.9625],[15.2333,-3.9583],[15.2325,-3.9492],[15.2283,-3.9492],[15.2275,-3.9458],[15.2242,-3.945],[15.2225,-3.9383]]],[[[15.1325,-3.9433],[15.1233,-3.95],[15.12,-3.9492],[15.12,-3.9467],[15.125,-3.9467],[15.1258,-3.9425],[15.1325,-3.9433]]],[[[15.2142,-3.9325],[15.2208,-3.9367],[15.2192,-3.94],[15.2125,-3.9417],[15.2133,-3.9383],[15.2108,-3.935],[15.2142,-3.9325]],[[15.2133,-3.935],[15.2142,-3.9367],[15.2142,-3.935],[15.2133,-3.935]]],[[[15.1908,-3.9192],[15.1958,-3.9308],[15.2033,-3.9308],[15.2067,-3.9342],[15.2075,-3.9467],[15.215,-3.9533],[15.215,-3.9583],[15.2083,-3.9583],[15.2033,-3.9533],[15.21,-3.955],[15.2092,-3.9525],[15.1992,-3.9492],[15.2,-3.9458],[15.2042,-3.9475],[15.2,-3.9425],[15.2008,-3.9358],[15.1958,-3.9392],[15.1908,-3.935],[15.1942,-3.9467],[15.1908,-3.9433],[15.1883,-3.9342],[15.1933,-3.9258],[15.1883,-3.9242],[15.185,-3.9158],[15.1908,-3.9192]]],[[[15.2267,-3.915],[15.2267,-3.9242],[15.2292,-3.9225],[15.2367,-3.9242],[15.24,-3.9217],[15.2417,-3.925],[15.2458,-3.9258],[15.245,-3.9308],[15.2483,-3.9367],[15.2458,-3.9383],[15.2417,-3.9367],[15.2417,-3.94],[15.2492,-3.9408],[15.2508,-3.9492],[15.2442,-3.9533],[15.245,-3.9592],[15.2425,-3.9592],[15.2383,-3.9508],[15.2408,-3.945],[15.235,-3.9425],[15.2375,-3.9375],[15.23,-3.935],[15.235,-3.9283],[15.2358,-3.93],[15.2392,-3.9292],[15.2325,-3.925],[15.225,-3.9267],[15.225,-3.9192],[15.2225,-3.92],[15.2208,-3.9267],[15.22,-3.9192],[15.2225,-3.9142],[15.2267,-3.915]],[[15.2417,-3.9267],[15.2425,-3.9283],[15.2425,-3.9267],[15.2417,-3.9267]],[[15.2342,-3.9325],[15.2358,-3.9333],[15.2358,-3.9325],[15.2342,-3.9325]],[[15.2367,-3.935],[15.2392,-3.9333],[15.2367,-3.9333],[15.2367,-3.935]],[[15.245,-3.9358],[15.2425,-3.9342],[15.2425,-3.9358],[15.245,-3.9358]],[[15.2442,-3.9458],[15.245,-3.9442],[15.2442,-3.9442],[15.2442,-3.9458]],[[15.2442,-3.9483],[15.2458,-3.9492],[15.2458,-3.9483],[15.2442,-3.9483]]],[[[15.2167,-3.8942],[15.2167,-3.9],[15.2217,-3.8942],[15.2258,-3.8933],[15.2275,-3.8967],[15.2308,-3.8958],[15.2358,-3.8992],[15.2392,-3.9083],[15.2433,-3.9083],[15.2425,-3.905],[15.245,-3.9042],[15.25,-3.9067],[15.2517,-3.9192],[15.2567,-3.9217],[15.2567,-3.9258],[15.2608,-3.925],[15.26,-3.9342],[15.2633,-3.9367],[15.2608,-3.9458],[15.2617,-3.955],[15.2592,-3.9558],[15.2617,-3.9642],[15.2592,-3.9658],[15.2533,-3.9625],[15.2558,-3.9583],[15.2533,-3.9542],[15.2567,-3.9567],[15.2583,-3.955],[15.2575,-3.9492],[15.2542,-3.9467],[15.255,-3.9442],[15.2583,-3.9442],[15.2583,-3.9383],[15.2533,-3.9375],[15.2525,-3.9342],[15.2567,-3.935],[15.2575,-3.9292],[15.2533,-3.9292],[15.2458,-3.9208],[15.2467,-3.9108],[15.2433,-3.915],[15.2425,-3.9125],[15.2383,-3.9125],[15.2325,-3.9158],[15.2317,-3.9108],[15.2342,-3.91],[15.235,-3.9125],[15.235,-3.9092],[15.2308,-3.9075],[15.2333,-3.9058],[15.2317,-3.9],[15.2267,-3.9008],[15.2242,-3.8967],[15.2217,-3.9008],[15.2267,-3.9033],[15.2275,-3.91],[15.22,-3.91],[15.2158,-3.9033],[15.2117,-3.9017],[15.2133,-3.8967],[15.2092,-3.8925],[15.2117,-3.8908],[15.2167,-3.8942]],[[15.2567,-3.945],[15.2575,-3.9458],[15.2575,-3.945],[15.2567,-3.945]],[[15.2567,-3.96],[15.2583,-3.9617],[15.2583,-3.96],[15.2567,-3.96]]],[[[15.195,-3.8917],[15.1967,-3.8883],[15.2008,-3.8875],[15.2008,-3.8825],[15.205,-3.8808],[15.2067,-3.8892],[15.2042,-3.8925],[15.2075,-3.8933],[15.2083,-3.8983],[15.205,-3.8992],[15.2008,-3.8933],[15.2017,-3.8983],[15.1992,-3.8992],[15.1892,-3.8925],[15.1908,-3.8992],[15.1892,-3.9008],[15.1833,-3.8992],[15.1833,-3.9033],[15.1908,-3.9042],[15.1908,-3.9008],[15.1942,-3.8983],[15.2117,-3.9033],[15.2117,-3.9058],[15.2075,-3.9067],[15.2192,-3.9117],[15.2175,-3.9133],[15.2142,-3.9108],[15.2133,-3.9133],[15.2158,-3.9142],[15.2158,-3.9175],[15.2183,-3.9167],[15.2158,-3.9208],[15.2183,-3.9208],[15.2183,-3.9267],[15.2208,-3.9267],[15.2208,-3.9292],[15.2175,-3.93],[15.215,-3.925],[15.2083,-3.9225],[15.2075,-3.9192],[15.2125,-3.9183],[15.2125,-3.915],[15.2058,-3.905],[15.2008,-3.9067],[15.1942,-3.9025],[15.1925,-3.9083],[15.185,-3.9067],[15.18,-3.91],[15.1717,-3.9108],[15.1717,-3.9083],[15.1658,-3.9075],[15.1633,-3.9033],[15.1592,-3.9033],[15.1542,-3.8992],[15.1608,-3.9092],[15.1567,-3.9175],[15.1658,-3.9158],[15.17,-3.9192],[15.1708,-3.9325],[15.18,-3.9333],[15.185,-3.9375],[15.1842,-3.9408],[15.1775,-3.935],[15.1725,-3.9342],[15.1758,-3.9383],[15.1758,-3.9417],[15.1725,-3.9425],[15.1725,-3.9383],[15.1658,-3.9367],[15.1667,-3.92],[15.16,-3.9192],[15.1567,-3.9242],[15.1508,-3.9242],[15.1508,-3.9275],[15.1575,-3.9325],[15.1592,-3.9325],[15.1583,-3.9292],[15.1608,-3.9292],[15.1617,-3.9333],[15.1592,-3.9383],[15.15,-3.9375],[15.1508,-3.9317],[15.1475,-3.93],[15.1492,-3.925],[15.1442,-3.9225],[15.1517,-3.9183],[15.155,-3.91],[15.1517,-3.9092],[15.1492,-3.9017],[15.1367,-3.895],[15.1367,-3.8917],[15.1283,-3.8825],[15.135,-3.8808],[15.1358,-3.8842],[15.1408,-3.8833],[15.1433,-3.8917],[15.15,-3.8958],[15.1417,-3.8817],[15.1467,-3.8808],[15.1483,-3.8842],[15.1467,-3.8875],[15.15,-3.8892],[15.1525,-3.8967],[15.1567,-3.8983],[15.1525,-3.89],[15.1567,-3.895],[15.1608,-3.8917],[15.16,-3.8975],[15.1575,-3.8983],[15.16,-3.9017],[15.1642,-3.9008],[15.1675,-3.9058],[15.1708,-3.9042],[15.1642,-3.8992],[15.1633,-3.8925],[15.1733,-3.9033],[15.1758,-3.9033],[15.18,-3.9017],[15.1767,-3.895],[15.1817,-3.8942],[15.1875,-3.8975],[15.1842,-3.8933],[15.1858,-3.89],[15.1908,-3.8892],[15.195,-3.8917]],[[15.1892,-3.8908],[15.19,-3.8917],[15.19,-3.8908],[15.1892,-3.8908]],[[15.2008,-3.8925],[15.205,-3.8892],[15.2042,-3.8842],[15.2,-3.89],[15.2008,-3.8925]],[[15.1792,-3.905],[15.1783,-3.9075],[15.1817,-3.905],[15.1792,-3.905]],[[15.1775,-3.9075],[15.1758,-3.9083],[15.1775,-3.9083],[15.1775,-3.9075]],[[15.1742,-3.9075],[15.175,-3.9083],[15.175,-3.9075],[15.1742,-3.9075]],[[15.1558,-3.92],[15.1567,-3.9217],[15.1567,-3.92],[15.1558,-3.92]],[[15.155,-3.935],[15.1583,-3.9333],[15.155,-3.9333],[15.155,-3.935]],[[15.1692,-3.9367],[15.17,-3.9375],[15.17,-3.9367],[15.1692,-3.9367]]],[[[15.0933,-3.92],[15.0983,-3.9267],[15.0992,-3.9225],[15.105,-3.925],[15.1033,-3.9167],[15.1058,-3.9167],[15.1075,-3.9225],[15.1075,-3.9192],[15.11,-3.9225],[15.1117,-3.9158],[15.1175,-3.9192],[15.1217,-3.9125],[15.1192,-3.9058],[15.1225,-3.9033],[15.1175,-3.905],[15.115,-3.9117],[15.0992,-3.9067],[15.1058,-3.9042],[15.115,-3.91],[15.1117,-3.8975],[15.105,-3.8975],[15.1033,-3.895],[15.1108,-3.8942],[15.1108,-3.89],[15.1008,-3.8892],[15.0983,-3.8858],[15.1025,-3.8875],[15.1025,-3.8842],[15.0983,-3.8817],[15.0942,-3.8825],[15.1,-3.8775],[15.0992,-3.8717],[15.1033,-3.8758],[15.1025,-3.87],[15.105,-3.87],[15.1075,-3.8742],[15.1067,-3.8675],[15.1,-3.8592],[15.1,-3.8575],[15.1058,-3.8583],[15.1042,-3.8525],[15.1067,-3.8517],[15.11,-3.8583],[15.1133,-3.8592],[15.1125,-3.8542],[15.1208,-3.8508],[15.125,-3.8542],[15.1242,-3.8608],[15.1275,-3.8658],[15.1275,-3.8725],[15.1333,-3.8742],[15.1317,-3.88],[15.1283,-3.88],[15.125,-3.8842],[15.1283,-3.8942],[15.1242,-3.8917],[15.1225,-3.8867],[15.1258,-3.8783],[15.1208,-3.8733],[15.1242,-3.8667],[15.12,-3.8617],[15.12,-3.855],[15.1175,-3.8575],[15.1183,-3.865],[15.1075,-3.8633],[15.1108,-3.8667],[15.11,-3.8725],[15.1133,-3.8733],[15.1133,-3.8767],[15.115,-3.8767],[15.1142,-3.8733],[15.1175,-3.8742],[15.115,-3.8792],[15.1192,-3.8808],[15.1183,-3.885],[15.1142,-3.8833],[15.1133,-3.8792],[15.1092,-3.8817],[15.1067,-3.8783],[15.1058,-3.8808],[15.1075,-3.885],[15.1167,-3.89],[15.115,-3.8958],[15.1175,-3.9],[15.1242,-3.9008],[15.1233,-3.8975],[15.1192,-3.8967],[15.1208,-3.8942],[15.1333,-3.8992],[15.1358,-3.9025],[15.1275,-3.9067],[15.1342,-3.9083],[15.1358,-3.905],[15.1408,-3.905],[15.1458,-3.9117],[15.1467,-3.9183],[15.1383,-3.9225],[15.13,-3.9183],[15.1242,-3.9183],[15.1158,-3.9275],[15.1183,-3.93],[15.1333,-3.9283],[15.1367,-3.9325],[15.1325,-3.93],[15.1183,-3.9325],[15.115,-3.93],[15.1142,-3.9333],[15.11,-3.9333],[15.1058,-3.93],[15.1025,-3.9317],[15.1008,-3.9383],[15.0975,-3.9383],[15.1008,-3.9342],[15.1,-3.9308],[15.0975,-3.9342],[15.0925,-3.9325],[15.0842,-3.9208],[15.0867,-3.9192],[15.0925,-3.9275],[15.0933,-3.92]],[[15.1275,-3.9067],[15.1242,-3.9083],[15.1275,-3.9075],[15.1275,-3.9067]],[[15.0933,-3.9275],[15.0942,-3.9292],[15.0942,-3.9275],[15.0933,-3.9275]],[[15.0933,-3.9225],[15.095,-3.925],[15.0942,-3.9225],[15.0933,-3.9225]],[[15.1142,-3.9008],[15.115,-3.9017],[15.115,-3.9008],[15.1142,-3.9008]],[[15.1317,-3.9033],[15.1275,-3.9025],[15.1275,-3.9042],[15.1317,-3.9033]],[[15.1358,-3.9125],[15.1392,-3.9092],[15.1367,-3.9075],[15.1358,-3.9125]],[[15.1242,-3.9108],[15.1308,-3.9125],[15.1292,-3.91],[15.1242,-3.9108]],[[15.1333,-3.915],[15.135,-3.915],[15.1367,-3.9158],[15.1358,-3.9133],[15.1333,-3.915]]],[[[15.0725,-3.8883],[15.0725,-3.8933],[15.07,-3.8958],[15.07,-3.89],[15.0675,-3.8875],[15.0717,-3.8883],[15.0742,-3.8842],[15.0767,-3.885],[15.0725,-3.8883]]],[[[15.0875,-3.815],[15.0892,-3.825],[15.0925,-3.8258],[15.09,-3.8208],[15.0917,-3.8175],[15.095,-3.825],[15.0917,-3.83],[15.0875,-3.8292],[15.0825,-3.8233],[15.0833,-3.8108],[15.0875,-3.815]]],[[[15.1133,-3.8058],[15.1192,-3.8092],[15.1208,-3.8142],[15.1092,-3.8058],[15.0967,-3.8075],[15.1008,-3.8042],[15.1133,-3.8058]]],[[[15.1583,-3.7917],[15.155,-3.7983],[15.16,-3.7992],[15.1625,-3.7925],[15.165,-3.7925],[15.1608,-3.8008],[15.1467,-3.8067],[15.1392,-3.8067],[15.1392,-3.8033],[15.1325,-3.8042],[15.1275,-3.7983],[15.1233,-3.7992],[15.1267,-3.7942],[15.1333,-3.7983],[15.1408,-3.7992],[15.1525,-3.7975],[15.1583,-3.7917]]],[[[15.115,-3.7983],[15.095,-3.7975],[15.0942,-3.7958],[15.1108,-3.7942],[15.1167,-3.7967],[15.115,-3.7983]]],[[[15.1708,-3.7533],[15.1817,-3.7617],[15.1883,-3.7617],[15.1867,-3.7683],[15.1883,-3.7875],[15.1925,-3.7867],[15.1942,-3.7908],[15.1992,-3.7908],[15.2033,-3.7967],[15.1967,-3.8067],[15.18,-3.8183],[15.1775,-3.8233],[15.1717,-3.8233],[15.165,-3.8292],[15.155,-3.825],[15.1367,-3.825],[15.1308,-3.83],[15.1233,-3.8292],[15.1242,-3.8333],[15.12,-3.8358],[15.1125,-3.8333],[15.1158,-3.8308],[15.1208,-3.8333],[15.1233,-3.8258],[15.13,-3.8275],[15.13,-3.8242],[15.1333,-3.8225],[15.1483,-3.8183],[15.1583,-3.82],[15.1542,-3.8142],[15.1583,-3.815],[15.1608,-3.8192],[15.1575,-3.825],[15.1608,-3.8233],[15.1658,-3.8258],[15.1692,-3.82],[15.175,-3.8183],[15.1933,-3.8033],[15.1967,-3.795],[15.1925,-3.795],[15.1908,-3.7917],[15.1817,-3.8017],[15.1825,-3.795],[15.1867,-3.7925],[15.1867,-3.7908],[15.1842,-3.7925],[15.1808,-3.7908],[15.1842,-3.7892],[15.1817,-3.7683],[15.185,-3.765],[15.1792,-3.765],[15.1708,-3.7533]]],[[[15.165,-3.7817],[15.1592,-3.7858],[15.1608,-3.79],[15.1583,-3.7908],[15.1567,-3.785],[15.1642,-3.7792],[15.1633,-3.7742],[15.1658,-3.7708],[15.165,-3.7817]]],[[[15.1083,-3.7642],[15.1008,-3.7667],[15.0958,-3.7742],[15.0967,-3.7675],[15.105,-3.7642],[15.105,-3.7567],[15.1075,-3.755],[15.1083,-3.7642]]],[[[15.1742,-3.7608],[15.1733,-3.7658],[15.175,-3.7708],[15.17,-3.7658],[15.1692,-3.7558],[15.1742,-3.7608]]],[[[15.09,-3.7517],[15.0733,-3.7675],[15.0658,-3.7683],[15.0742,-3.765],[15.0867,-3.7542],[15.0892,-3.7475],[15.09,-3.7517]]],[[[15.115,-3.7242],[15.1258,-3.7283],[15.135,-3.7258],[15.1367,-3.7292],[15.1233,-3.7308],[15.1142,-3.7408],[15.1133,-3.7517],[15.1083,-3.7542],[15.1117,-3.7492],[15.11,-3.7392],[15.1192,-3.7325],[15.115,-3.7242]]],[[[15.175,-3.735],[15.1775,-3.7283],[15.1733,-3.73],[15.1758,-3.7258],[15.1783,-3.7267],[15.1792,-3.7333],[15.1867,-3.7325],[15.18,-3.7425],[15.1867,-3.7492],[15.1767,-3.745],[15.1758,-3.7408],[15.1808,-3.7383],[15.175,-3.735]],[[15.1808,-3.7367],[15.1817,-3.7358],[15.1808,-3.7358],[15.1808,-3.7367]]],[[[15.5208,-4.82],[15.5283,-4.8217],[15.5292,-4.8267],[15.5267,-4.8292],[15.5208,-4.8283],[15.5175,-4.8317],[15.5192,-4.8275],[15.5283,-4.8258],[15.5175,-4.8217],[15.5175,-4.8183],[15.5225,-4.8158],[15.5208,-4.82]]],[[[15.4925,-4.805],[15.4958,-4.8092],[15.5075,-4.8142],[15.5083,-4.8175],[15.4908,-4.8083],[15.4908,-4.8025],[15.4883,-4.8017],[15.4883,-4.8],[15.4933,-4.8025],[15.4925,-4.805]]],[[[15.4933,-4.7908],[15.5008,-4.8075],[15.4967,-4.8058],[15.4925,-4.7958],[15.4933,-4.7908]]],[[[15.525,-4.7792],[15.5208,-4.7875],[15.5183,-4.7842],[15.515,-4.7858],[15.5142,-4.7833],[15.5183,-4.7825],[15.5217,-4.785],[15.5233,-4.7817],[15.5217,-4.7775],[15.5233,-4.7775],[15.525,-4.7792]]],[[[15.5142,-4.7608],[15.5133,-4.7675],[15.5158,-4.77],[15.5125,-4.77],[15.51,-4.7575],[15.5142,-4.7608]]],[[[15.485,-4.7642],[15.48,-4.7667],[15.4842,-4.7642],[15.4842,-4.7608],[15.4808,-4.7608],[15.4792,-4.7633],[15.4708,-4.7633],[15.4658,-4.7675],[15.47,-4.7617],[15.4775,-4.7625],[15.48,-4.7592],[15.485,-4.7592],[15.4867,-4.7617],[15.485,-4.7642]]],[[[15.4817,-4.7483],[15.4758,-4.7583],[15.4675,-4.7592],[15.4683,-4.755],[15.47,-4.7575],[15.4767,-4.755],[15.4783,-4.7475],[15.475,-4.745],[15.4817,-4.7483]]],[[[15.515,-4.7033],[15.5133,-4.6983],[15.5092,-4.6983],[15.5075,-4.7008],[15.5033,-4.6992],[15.5067,-4.6992],[15.5083,-4.6958],[15.515,-4.6958],[15.515,-4.7033]]],[[[15.4692,-4.7025],[15.465,-4.7075],[15.4658,-4.6933],[15.4683,-4.6892],[15.4692,-4.7025]]],[[[15.4742,-4.6892],[15.475,-4.7],[15.4783,-4.6983],[15.4792,-4.7017],[15.4808,-4.7],[15.4792,-4.6942],[15.4817,-4.695],[15.4825,-4.7008],[15.4792,-4.7033],[15.48,-4.7067],[15.4733,-4.6992],[15.4708,-4.7],[15.4717,-4.6875],[15.4742,-4.6892]]],[[[15.5125,-4.6817],[15.5167,-4.6875],[15.5225,-4.6942],[15.5175,-4.6933],[15.5117,-4.6867],[15.5125,-4.6817]]],[[[15.4925,-4.67],[15.4967,-4.6733],[15.4967,-4.6658],[15.4983,-4.6658],[15.5,-4.6717],[15.4975,-4.6767],[15.4892,-4.67],[15.4933,-4.6658],[15.4925,-4.67]]],[[[15.5233,-4.6392],[15.5208,-4.6442],[15.5142,-4.6442],[15.5075,-4.6583],[15.5033,-4.66],[15.5108,-4.65],[15.5117,-4.6425],[15.515,-4.6408],[15.52,-4.6425],[15.5217,-4.6367],[15.5267,-4.6367],[15.5275,-4.6392],[15.5233,-4.6392]]],[[[15.4933,-4.6467],[15.4883,-4.6508],[15.4917,-4.6475],[15.4917,-4.6417],[15.4883,-4.6458],[15.4817,-4.6433],[15.4808,-4.6508],[15.4733,-4.6525],[15.4792,-4.6492],[15.4808,-4.6408],[15.4875,-4.6425],[15.4917,-4.6383],[15.4933,-4.6467]]],[[[15.2808,-4.6075],[15.2808,-4.6108],[15.2717,-4.6092],[15.2708,-4.6142],[15.265,-4.6125],[15.2608,-4.6167],[15.2617,-4.6125],[15.2708,-4.6067],[15.2758,-4.6092],[15.2808,-4.6075]]],[[[15.2717,-4.5525],[15.2742,-4.5558],[15.2733,-4.56],[15.2808,-4.5642],[15.2783,-4.5733],[15.2692,-4.5733],[15.27,-4.5708],[15.2775,-4.5717],[15.2783,-4.5658],[15.2717,-4.5625],[15.27,-4.5517],[15.2758,-4.5525],[15.2717,-4.5525]]],[[[15.4983,-4.48],[15.4942,-4.4875],[15.4958,-4.48],[15.4892,-4.485],[15.4858,-4.4842],[15.495,-4.4783],[15.4983,-4.48]]],[[[15.5108,-4.4542],[15.5058,-4.4642],[15.4983,-4.4625],[15.4958,-4.4667],[15.4933,-4.4667],[15.4958,-4.4617],[15.5,-4.46],[15.505,-4.4617],[15.5075,-4.4558],[15.5108,-4.4542]]],[[[15.5267,-4.4542],[15.5292,-4.4633],[15.5225,-4.455],[15.5217,-4.4608],[15.5192,-4.4625],[15.5217,-4.4683],[15.5158,-4.4642],[15.5217,-4.4525],[15.5267,-4.4542]]],[[[15.5167,-4.4325],[15.5233,-4.4383],[15.5267,-4.4358],[15.5283,-4.4367],[15.5233,-4.4458],[15.515,-4.4467],[15.5125,-4.4442],[15.52,-4.4458],[15.5208,-4.4433],[15.5158,-4.4367],[15.5133,-4.4392],[15.51,-4.4383],[15.5092,-4.4325],[15.5133,-4.43],[15.5117,-4.425],[15.5167,-4.4283],[15.5192,-4.4242],[15.5217,-4.4242],[15.5283,-4.4317],[15.5283,-4.435],[15.5242,-4.435],[15.5208,-4.4308],[15.5167,-4.4325]],[[15.5233,-4.4308],[15.5233,-4.4275],[15.5225,-4.4275],[15.5208,-4.4308],[15.5233,-4.4308]]],[[[15.2625,-4.41],[15.2617,-4.415],[15.2642,-4.4175],[15.26,-4.4167],[15.2583,-4.4125],[15.2633,-4.4058],[15.2692,-4.4067],[15.2625,-4.41]]],[[[15.9125,-4.1375],[15.9092,-4.1392],[15.9108,-4.1475],[15.9083,-4.1558],[15.9042,-4.1583],[15.9058,-4.1633],[15.9033,-4.1675],[15.9008,-4.1675],[15.8958,-4.1817],[15.8925,-4.1842],[15.8942,-4.1933],[15.8892,-4.195],[15.8883,-4.2],[15.8958,-4.1967],[15.8983,-4.2042],[15.905,-4.2042],[15.9083,-4.2083],[15.9192,-4.2125],[15.925,-4.2175],[15.925,-4.2208],[15.9317,-4.22],[15.935,-4.2292],[15.9375,-4.2258],[15.945,-4.2258],[15.9508,-4.2408],[15.9492,-4.2475],[15.9525,-4.2508],[15.9542,-4.2433],[15.95,-4.2367],[15.9467,-4.2217],[15.9383,-4.2225],[15.9317,-4.2183],[15.9308,-4.215],[15.9267,-4.2158],[15.915,-4.205],[15.905,-4.2008],[15.9,-4.1933],[15.9,-4.1867],[15.9033,-4.1825],[15.9025,-4.1733],[15.9133,-4.1633],[15.9108,-4.1608],[15.9125,-4.1533],[15.9167,-4.1533],[15.9167,-4.1458],[15.9217,-4.1442],[15.9175,-4.1417],[15.9183,-4.1333],[15.9292,-4.1267],[15.9233,-4.1242],[15.9225,-4.1175],[15.9267,-4.115],[15.93,-4.1058],[15.9367,-4.1042],[15.9342,-4.1025],[15.9342,-4.0983],[15.9217,-4.0908],[15.92,-4.0867],[15.9208,-4.0808],[15.9292,-4.0808],[15.9267,-4.0717],[15.9242,-4.0708],[15.9258,-4.0575],[15.9308,-4.0533],[15.9358,-4.0558],[15.9383,-4.0608],[15.9408,-4.06],[15.9367,-4.0558],[15.9342,-4.0425],[15.9367,-4.0392],[15.9425,-4.0408],[15.9408,-4.0342],[15.9458,-4.0333],[15.9467,-4.0225],[15.95,-4.025],[15.9558,-4.0233],[15.9508,-4.0142],[15.9517,-4.0108],[15.96,-4.0067],[15.9567,-3.995],[15.9592,-3.99],[15.9633,-3.9883],[15.9708,-3.9933],[15.97,-3.995],[15.9642,-3.9925],[15.9617,-3.9958],[15.9675,-4.01],[15.965,-4.0142],[15.9608,-4.0108],[15.9558,-4.0133],[15.9558,-4.0183],[15.96,-4.0225],[15.9592,-4.0267],[15.95,-4.0258],[15.95,-4.0317],[15.9558,-4.0325],[15.9575,-4.035],[15.96,-4.05],[15.9592,-4.0517],[15.9525,-4.05],[15.9483,-4.04],[15.9442,-4.0375],[15.945,-4.0425],[15.9392,-4.0433],[15.9392,-4.0533],[15.945,-4.0558],[15.9467,-4.0675],[15.9433,-4.07],[15.94,-4.0633],[15.9358,-4.065],[15.935,-4.0608],[15.9308,-4.0592],[15.9292,-4.07],[15.9317,-4.0725],[15.9333,-4.0833],[15.925,-4.085],[15.925,-4.0875],[15.9333,-4.09],[15.9375,-4.1008],[15.9442,-4.1017],[15.9442,-4.105],[15.935,-4.1075],[15.9308,-4.1175],[15.9267,-4.1192],[15.9375,-4.1317],[15.9317,-4.1358],[15.9283,-4.1325],[15.9233,-4.135],[15.9225,-4.14],[15.9275,-4.1433],[15.9275,-4.1467],[15.9208,-4.1508],[15.925,-4.1517],[15.9258,-4.1558],[15.9158,-4.1567],[15.9192,-4.1667],[15.9142,-4.1667],[15.9133,-4.1717],[15.9075,-4.175],[15.9083,-4.1825],[15.9042,-4.1917],[15.9133,-4.2008],[15.9175,-4.2],[15.9208,-4.205],[15.9258,-4.2058],[15.9275,-4.21],[15.9325,-4.2083],[15.9333,-4.2125],[15.9392,-4.2183],[15.9492,-4.2175],[15.9542,-4.235],[15.96,-4.2375],[15.9575,-4.2408],[15.9592,-4.2458],[15.9567,-4.2475],[15.9567,-4.2642],[15.9642,-4.2725],[15.9708,-4.2725],[15.9758,-4.2767],[15.9775,-4.2867],[15.9867,-4.2892],[15.9933,-4.2967],[15.9975,-4.2967],[15.9975,-4.0383],[15.9908,-4.0392],[15.9875,-4.0358],[15.995,-4.03],[15.9958,-4.0225],[15.9917,-4.02],[15.9942,-4.0142],[15.99,-4.0133],[15.9858,-4.0242],[15.9833,-4.0242],[15.9825,-4.0175],[15.9775,-4.0183],[15.9775,-4.0142],[15.9833,-4.0108],[15.9808,-4.005],[15.9875,-4.0008],[15.9817,-3.9917],[15.9858,-3.9892],[15.9875,-3.9825],[15.9942,-3.9742],[15.9942,-3.97],[15.9967,-3.97],[15.9967,-3.9758],[15.9892,-3.9908],[15.985,-3.9925],[15.985,-3.995],[15.9925,-3.9967],[15.9933,-3.9992],[15.9833,-4.0058],[15.9858,-4.0117],[15.98,-4.0158],[15.9842,-4.0158],[15.985,-4.02],[15.9867,-4.0133],[15.9933,-4.01],[15.9958,-4.0125],[15.9942,-4.02],[15.9975,-4.02],[15.9983,-3.9525],[15.9975,-3.94],[15.9942,-3.9433],[15.9942,-3.9392],[15.9975,-3.9375],[15.9975,-3.76],[15.9983,-3.72],[16.0,-3.72],[16.0,-5.0],[14.55,-5.0],[14.55,-4.9975],[14.555,-4.9975],[14.55,-4.9875],[14.5558,-4.9892],[14.5583,-4.9933],[14.5575,-4.9975],[14.5617,-4.9975],[14.5608,-4.9933],[14.5625,-4.9975],[15.4542,-4.9983],[15.5392,-4.9975],[15.5392,-4.9958],[15.5742,-4.9975],[15.5725,-4.995],[15.5742,-4.9875],[15.5808,-4.9908],[15.5808,-4.9975],[15.6775,-4.9975],[15.6767,-4.99],[15.6808,-4.9842],[15.6783,-4.9758],[15.68,-4.9775],[15.6858,-4.9758],[15.6875,-4.9808],[15.695,-4.98],[15.695,-4.975],[15.69,-4.97],[15.695,-4.9617],[15.695,-4.9533],[15.6983,-4.9542],[15.6967,-4.9575],[15.6992,-4.9583],[15.7058,-4.9558],[15.7083,-4.9517],[15.71,-4.9642],[15.7167,-4.9633],[15.7158,-4.9517],[15.71,-4.9433],[15.7125,-4.9325],[15.7225,-4.9275],[15.725,-4.9425],[15.7275,-4.9425],[15.7292,-4.9308],[15.7258,-4.9283],[15.7258,-4.925],[15.7292,-4.9242],[15.73,-4.9208],[15.7425,-4.9217],[15.7417,-4.915],[15.7375,-4.9133],[15.7375,-4.9092],[15.74,-4.905],[15.7442,-4.9042],[15.7417,-4.8975],[15.7467,-4.8908],[15.7517,-4.8892],[15.7517,-4.8833],[15.7483,-4.8742],[15.7458,-4.8733],[15.7442,-4.8767],[15.7392,-4.8775],[15.7433,-4.8825],[15.7333,-4.8833],[15.7333,-4.89],[15.7292,-4.8883],[15.7325,-4.8925],[15.725,-4.8917],[15.725,-4.8942],[15.72,-4.8958],[15.7192,-4.9017],[15.7117,-4.8983],[15.71,-4.9017],[15.6967,-4.9042],[15.6967,-4.9008],[15.7,-4.8992],[15.6975,-4.8958],[15.7017,-4.8942],[15.7058,-4.8875],[15.7083,-4.89],[15.7117,-4.8892],[15.71,-4.8842],[15.7192,-4.885],[15.7233,-4.8833],[15.7267,-4.8775],[15.7333,-4.8783],[15.7325,-4.8758],[15.7392,-4.8675],[15.7517,-4.8717],[15.7525,-4.8683],[15.7617,-4.8608],[15.7708,-4.8633],[15.7733,-4.8667],[15.7767,-4.8658],[15.775,-4.8592],[15.7717,-4.8575],[15.7742,-4.8533],[15.7733,-4.8483],[15.77,-4.8467],[15.7675,-4.8508],[15.765,-4.8508],[15.765,-4.8483],[15.7617,-4.85],[15.7633,-4.84],[15.7667,-4.8408],[15.7692,-4.8375],[15.7742,-4.8408],[15.775,-4.8375],[15.7717,-4.8367],[15.7733,-4.8342],[15.7708,-4.8325],[15.7617,-4.8308],[15.7617,-4.8283],[15.7692,-4.8275],[15.7717,-4.8217],[15.7758,-4.8217],[15.7733,-4.8142],[15.7775,-4.8083],[15.7783,-4.8],[15.7708,-4.8083],[15.7675,-4.8025],[15.765,-4.8033],[15.7667,-4.8108],[15.7608,-4.8133],[15.7642,-4.815],[15.7675,-4.8133],[15.765,-4.8175],[15.7608,-4.8183],[15.7592,-4.8125],[15.7492,-4.8133],[15.7483,-4.8075],[15.745,-4.8117],[15.7467,-4.82],[15.7433,-4.8217],[15.74,-4.8125],[15.7433,-4.8133],[15.7442,-4.8108],[15.7358,-4.8058],[15.7317,-4.7942],[15.735,-4.7917],[15.74,-4.7933],[15.7383,-4.805],[15.7425,-4.8033],[15.7433,-4.7992],[15.7475,-4.8025],[15.7542,-4.8025],[15.7517,-4.7992],[15.7425,-4.7958],[15.745,-4.7925],[15.7433,-4.7867],[15.745,-4.7817],[15.7508,-4.7825],[15.7525,-4.7883],[15.75,-4.7933],[15.755,-4.7925],[15.7575,-4.795],[15.7558,-4.7925],[15.7575,-4.7833],[15.7425,-4.7767],[15.7442,-4.7725],[15.74,-4.7708],[15.7417,-4.7675],[15.7392,-4.765],[15.7417,-4.76],[15.7475,-4.7617],[15.75,-4.755],[15.7542,-4.7525],[15.7508,-4.7508],[15.7508,-4.7475],[15.7483,-4.7492],[15.7417,-4.7475],[15.7408,-4.74],[15.745,-4.7467],[15.7483,-4.7467],[15.7508,-4.7433],[15.7475,-4.7442],[15.7475,-4.7425],[15.7533,-4.735],[15.7558,-4.7342],[15.7583,-4.7408],[15.7608,-4.7408],[15.7633,-4.7367],[15.7617,-4.7342],[15.7683,-4.7358],[15.7683,-4.7392],[15.7717,-4.7342],[15.7733,-4.7433],[15.7733,-4.7392],[15.7783,-4.7367],[15.78,-4.7317],[15.7767,-4.7283],[15.7833,-4.73],[15.7817,-4.7217],[15.7867,-4.7175],[15.7883,-4.7108],[15.7933,-4.7117],[15.8,-4.7083],[15.7967,-4.7058],[15.7917,-4.7092],[15.7883,-4.6983],[15.7917,-4.695],[15.7967,-4.6958],[15.7967,-4.6925],[15.7925,-4.6908],[15.79,-4.6842],[15.7908,-4.6808],[15.7942,-4.68],[15.795,-4.6667],[15.7917,-4.6692],[15.7883,-4.6875],[15.785,-4.6892],[15.7842,-4.6958],[15.78,-4.6975],[15.7825,-4.6992],[15.7833,-4.705],[15.78,-4.7075],[15.7808,-4.7125],[15.7758,-4.715],[15.7775,-4.7183],[15.7708,-4.7192],[15.7692,-4.7225],[15.7592,-4.7208],[15.7592,-4.7133],[15.75,-4.7225],[15.7367,-4.72],[15.7333,-4.7158],[15.735,-4.7125],[15.73,-4.6933],[15.735,-4.6908],[15.7408,-4.6933],[15.7392,-4.6867],[15.7433,-4.6817],[15.7467,-4.6833],[15.7567,-4.6808],[15.7575,-4.67],[15.7667,-4.6633],[15.7708,-4.6633],[15.7725,-4.655],[15.7667,-4.66],[15.7625,-4.66],[15.7625,-4.6567],[15.7675,-4.6567],[15.7733,-4.6492],[15.7767,-4.655],[15.7742,-4.6642],[15.7633,-4.6725],[15.76,-4.6842],[15.755,-4.6883],[15.7508,-4.6867],[15.745,-4.6883],[15.7475,-4.6983],[15.7367,-4.6983],[15.7375,-4.7083],[15.7425,-4.7158],[15.7483,-4.7175],[15.75,-4.7133],[15.7583,-4.7067],[15.7642,-4.71],[15.7658,-4.7167],[15.7725,-4.7133],[15.7758,-4.7058],[15.7742,-4.6975],[15.78,-4.6917],[15.7817,-4.6825],[15.7875,-4.6767],[15.7908,-4.665],[15.7892,-4.6592],[15.7908,-4.6567],[15.7967,-4.6583],[15.8025,-4.6433],[15.8083,-4.645],[15.8067,-4.6492],[15.8125,-4.6542],[15.8117,-4.6583],[15.8075,-4.6567],[15.8017,-4.6642],[15.8075,-4.6733],[15.8008,-4.6692],[15.7975,-4.67],[15.7992,-4.68],[15.7958,-4.685],[15.8,-4.6875],[15.8008,-4.6975],[15.795,-4.7017],[15.8042,-4.7042],[15.8042,-4.71],[15.7858,-4.7225],[15.7883,-4.735],[15.7825,-4.735],[15.7825,-4.7383],[15.7775,-4.7417],[15.78,-4.7475],[15.785,-4.75],[15.785,-4.7542],[15.7808,-4.7575],[15.7833,-4.7625],[15.7817,-4.7667],[15.7875,-4.7717],[15.7867,-4.7892],[15.7833,-4.7917],[15.7858,-4.7833],[15.7825,-4.7717],[15.7767,-4.7633],[15.7783,-4.7492],[15.7733,-4.7442],[15.7733,-4.7492],[15.7692,-4.7533],[15.7633,-4.7533],[15.7683,-4.7492],[15.7667,-4.7417],[15.7583,-4.745],[15.7608,-4.7533],[15.7567,-4.7608],[15.7483,-4.7658],[15.7508,-4.7692],[15.7483,-4.7733],[15.7575,-4.7792],[15.7617,-4.7783],[15.7642,-4.7825],[15.7608,-4.7908],[15.7633,-4.7992],[15.7725,-4.8017],[15.7733,-4.7975],[15.7783,-4.7958],[15.7833,-4.8017],[15.7808,-4.81],[15.7775,-4.8125],[15.7792,-4.8242],[15.7742,-4.8258],[15.7733,-4.8292],[15.7783,-4.8375],[15.7758,-4.8467],[15.7783,-4.8517],[15.7792,-4.8683],[15.7708,-4.87],[15.7692,-4.8667],[15.7625,-4.8658],[15.7567,-4.8717],[15.7567,-4.8758],[15.7517,-4.8758],[15.755,-4.8808],[15.7567,-4.8917],[15.7525,-4.8942],[15.7492,-4.8925],[15.7467,-4.8992],[15.7483,-4.9058],[15.7433,-4.9092],[15.7467,-4.9125],[15.7458,-4.9258],[15.7425,-4.925],[15.74,-4.9283],[15.7325,-4.9258],[15.7333,-4.9367],[15.7317,-4.9442],[15.7283,-4.9475],[15.7208,-4.945],[15.72,-4.9367],[15.7175,-4.9358],[15.7208,-4.965],[15.71,-4.9692],[15.7058,-4.9667],[15.7042,-4.9608],[15.7,-4.9608],[15.7,-4.9667],[15.6967,-4.97],[15.7,-4.9725],[15.7,-4.9808],[15.6958,-4.9842],[15.6958,-4.9892],[15.6917,-4.995],[15.6883,-4.9917],[15.6883,-4.9858],[15.685,-4.9858],[15.6825,-4.9967],[15.9975,-4.9975],[15.9975,-4.9625],[15.99,-4.9633],[15.9975,-4.9608],[15.9975,-4.7792],[15.9942,-4.7817],[15.9975,-4.7783],[15.9975,-4.435],[15.99,-4.4408],[15.9892,-4.4458],[15.9867,-4.4458],[15.9875,-4.4392],[15.9842,-4.4417],[15.9833,-4.4517],[15.9867,-4.45],[15.9883,-4.4633],[15.985,-4.4525],[15.9825,-4.455],[15.9817,-4.45],[15.9842,-4.4383],[15.99,-4.435],[15.9975,-4.4183],[15.9917,-4.4167],[15.9917,-4.4058],[15.9883,-4.4042],[15.9883,-4.3958],[15.9858,-4.3958],[15.9908,-4.3925],[15.9867,-4.3708],[15.9783,-4.3717],[15.9817,-4.3642],[15.9775,-4.3583],[15.9792,-4.3517],[15.9775,-4.3458],[15.98,-4.3417],[15.9767,-4.3375],[15.9758,-4.33],[15.9783,-4.3208],[15.9825,-4.3208],[15.9858,-4.3158],[15.985,-4.3],[15.9825,-4.2967],[15.9775,-4.2967],[15.9617,-4.3058],[15.9525,-4.3292],[15.9533,-4.3383],[15.96,-4.34],[15.9558,-4.3517],[15.945,-4.3658],[15.9417,-4.3625],[15.9383,-4.3675],[15.9342,-4.3683],[15.9333,-4.3667],[15.9375,-4.3642],[15.9375,-4.3558],[15.9467,-4.3558],[15.9517,-4.3475],[15.95,-4.3425],[15.9458,-4.34],[15.945,-4.32],[15.95,-4.3158],[15.9475,-4.31],[15.9542,-4.3083],[15.9525,-4.295],[15.9583,-4.2975],[15.9583,-4.2933],[15.9608,-4.2925],[15.9658,-4.2958],[15.97,-4.29],[15.9667,-4.2817],[15.9558,-4.2842],[15.9542,-4.2792],[15.9508,-4.2767],[15.9475,-4.2775],[15.9458,-4.2708],[15.9475,-4.2642],[15.9433,-4.2608],[15.9433,-4.2567],[15.9475,-4.255],[15.9475,-4.2517],[15.9442,-4.2492],[15.9458,-4.2392],[15.9433,-4.2367],[15.9433,-4.23],[15.9383,-4.2308],[15.9358,-4.2358],[15.9333,-4.2358],[15.9325,-4.23],[15.9275,-4.2242],[15.9233,-4.2292],[15.9233,-4.2333],[15.9125,-4.2458],[15.9108,-4.2433],[15.9142,-4.2392],[15.9158,-4.2242],[15.9208,-4.2192],[15.9058,-4.2133],[15.9017,-4.2083],[15.8958,-4.2092],[15.8942,-4.2033],[15.8867,-4.2092],[15.8858,-4.2033],[15.8817,-4.2008],[15.885,-4.1967],[15.8842,-4.1917],[15.89,-4.1908],[15.89,-4.1883],[15.8858,-4.1883],[15.8808,-4.1792],[15.8833,-4.1775],[15.8917,-4.1792],[15.895,-4.17],[15.8942,-4.165],[15.9008,-4.1625],[15.8992,-4.155],[15.9033,-4.1542],[15.9058,-4.1467],[15.9025,-4.1358],[15.9083,-4.1333],[15.9017,-4.125],[15.9042,-4.1217],[15.9125,-4.1217],[15.9083,-4.1092],[15.9117,-4.1075],[15.9167,-4.1092],[15.92,-4.105],[15.9158,-4.1033],[15.9158,-4.0975],[15.91,-4.0983],[15.9092,-4.0933],[15.9025,-4.0883],[15.9025,-4.085],[15.9067,-4.0825],[15.905,-4.0767],[15.9142,-4.0742],[15.9108,-4.0708],[15.9117,-4.0675],[15.9058,-4.0692],[15.9033,-4.0633],[15.9067,-4.0625],[15.9067,-4.0567],[15.9133,-4.06],[15.9183,-4.055],[15.9158,-4.0508],[15.9092,-4.05],[15.9108,-4.0417],[15.92,-4.0442],[15.9192,-4.0408],[15.9208,-4.0408],[15.915,-4.0267],[15.9167,-4.0175],[15.9225,-4.02],[15.925,-4.0308],[15.9317,-4.03],[15.9317,-4.025],[15.9275,-4.0242],[15.9267,-4.0208],[15.9367,-4.0175],[15.9283,-4.0117],[15.9283,-4.0067],[15.9325,-4.0017],[15.9358,-4.0067],[15.9417,-4.0075],[15.9433,-3.9967],[15.9383,-3.9942],[15.9383,-3.9908],[15.9417,-3.9883],[15.9392,-3.9808],[15.9417,-3.9792],[15.9442,-3.9925],[15.9492,-3.9975],[15.9475,-4.0083],[15.9433,-4.0125],[15.9342,-4.0108],[15.94,-4.0142],[15.9425,-4.02],[15.9392,-4.0233],[15.935,-4.0233],[15.9367,-4.0317],[15.9342,-4.035],[15.9292,-4.0333],[15.9242,-4.035],[15.9208,-4.0317],[15.9258,-4.0383],[15.9233,-4.0417],[15.9258,-4.0483],[15.9217,-4.0492],[15.9233,-4.0558],[15.92,-4.0608],[15.9167,-4.06],[15.915,-4.0633],[15.91,-4.0633],[15.915,-4.0658],[15.915,-4.07],[15.9192,-4.0717],[15.9192,-4.0758],[15.9067,-4.0875],[15.9208,-4.0958],[15.9242,-4.1033],[15.9217,-4.1117],[15.9117,-4.1117],[15.9175,-4.115],[15.9175,-4.1233],[15.9125,-4.1267],[15.9125,-4.1375]],[[15.735,-4.8783],[15.7342,-4.8792],[15.7358,-4.8808],[15.735,-4.8783]],[[15.7517,-4.8033],[15.7508,-4.8042],[15.7517,-4.8042],[15.7517,-4.8033]],[[15.7575,-4.7983],[15.76,-4.7983],[15.7592,-4.795],[15.7575,-4.795],[15.7575,-4.7983]],[[15.9333,-4.0108],[15.9333,-4.0092],[15.9325,-4.0083],[15.9333,-4.0108]],[[15.9125,-4.1267],[15.9108,-4.1258],[15.9108,-4.1267],[15.9125,-4.1267]],[[15.9617,-4.0083],[15.9642,-4.01],[15.9642,-4.0083],[15.9617,-4.0083]],[[15.92,-4.0225],[15.9183,-4.0233],[15.9183,-4.0275],[15.9208,-4.0267],[15.92,-4.0225]],[[15.9208,-4.0292],[15.9217,-4.0308],[15.9217,-4.0292],[15.9208,-4.0292]],[[15.995,-4.0325],[15.9958,-4.035],[15.9958,-4.0325],[15.995,-4.0325]],[[15.9917,-4.0358],[15.9925,-4.035],[15.9917,-4.035],[15.9917,-4.0358]],[[15.9917,-4.0358],[15.9908,-4.0367],[15.9917,-4.0367],[15.9917,-4.0358]],[[15.9542,-4.04],[15.9517,-4.0367],[15.95,-4.0367],[15.9525,-4.0425],[15.9542,-4.04]],[[15.915,-4.0458],[15.9133,-4.0475],[15.9158,-4.0475],[15.915,-4.0458]],[[15.9392,-4.1033],[15.9408,-4.1042],[15.9408,-4.1025],[15.9392,-4.1033]],[[15.9225,-4.145],[15.9233,-4.1458],[15.9233,-4.145],[15.9225,-4.145]],[[15.9525,-4.2558],[15.9492,-4.26],[15.9525,-4.265],[15.9525,-4.2558]],[[15.9533,-4.265],[15.95,-4.2692],[15.9583,-4.2808],[15.9658,-4.2775],[15.9717,-4.2808],[15.9708,-4.2767],[15.9625,-4.2767],[15.9533,-4.265]],[[15.9717,-4.2808],[15.9725,-4.2825],[15.9725,-4.2808],[15.9717,-4.2808]],[[15.9717,-4.2875],[15.9742,-4.2892],[15.9717,-4.285],[15.9717,-4.2875]],[[15.9742,-4.2933],[15.9817,-4.2933],[15.9825,-4.2917],[15.9742,-4.2892],[15.9742,-4.2933]],[[15.9558,-4.305],[15.9558,-4.3092],[15.9508,-4.3108],[15.9525,-4.315],[15.9483,-4.3242],[15.9492,-4.3392],[15.9508,-4.3392],[15.95,-4.3292],[15.9542,-4.3142],[15.9592,-4.3033],[15.9642,-4.2992],[15.9608,-4.2975],[15.9558,-4.305]],[[15.99,-4.3042],[15.9908,-4.2992],[15.9883,-4.2983],[15.99,-4.3133],[15.9858,-4.3242],[15.9808,-4.325],[15.9808,-4.3375],[15.9825,-4.3275],[15.9883,-4.3242],[15.99,-4.3175],[15.9967,-4.315],[15.9933,-4.3142],[15.99,-4.3042]],[[15.9817,-4.3375],[15.9825,-4.3383],[15.9825,-4.3375],[15.9817,-4.3375]],[[15.9967,-4.315],[15.9975,-4.3158],[15.9975,-4.315],[15.9967,-4.315]],[[15.9933,-4.3025],[15.9967,-4.3058],[15.9975,-4.3125],[15.9975,-4.3],[15.9933,-4.3025]],[[15.9925,-4.3208],[15.9858,-4.3308],[15.9858,-4.3367],[15.99,-4.3408],[15.9875,-4.3492],[15.9917,-4.3658],[15.9967,-4.3692],[15.9975,-4.375],[15.9975,-4.3208],[15.9925,-4.3208]],[[15.9833,-4.3517],[15.9817,-4.3575],[15.9858,-4.3633],[15.985,-4.3667],[15.99,-4.3717],[15.9933,-4.3892],[15.9933,-4.395],[15.9908,-4.3958],[15.9925,-4.4],[15.9967,-4.3942],[15.9925,-4.3817],[15.9942,-4.3717],[15.9867,-4.3617],[15.9833,-4.3475],[15.9858,-4.3433],[15.9842,-4.3392],[15.9817,-4.3458],[15.9833,-4.3517]],[[15.9542,-4.3467],[15.9567,-4.3417],[15.9533,-4.3408],[15.9542,-4.3467]],[[15.955,-4.3475],[15.9533,-4.3483],[15.9525,-4.3508],[15.955,-4.35],[15.955,-4.3475]],[[15.9517,-4.3517],[15.9525,-4.3525],[15.9525,-4.3517],[15.9517,-4.3517]],[[15.9492,-4.3567],[15.95,-4.3558],[15.9492,-4.3558],[15.9492,-4.3567]],[[15.9483,-4.3567],[15.94,-4.3583],[15.9392,-4.3617],[15.9467,-4.3608],[15.9483,-4.3567]],[[15.9975,-4.3783],[15.9958,-4.3817],[15.9975,-4.3833],[15.9975,-4.3783]],[[15.9967,-4.3992],[15.9975,-4.4008],[15.9975,-4.3992],[15.9967,-4.3992]],[[15.9933,-4.4342],[15.9975,-4.4317],[15.9975,-4.4258],[15.9958,-4.4267],[15.9933,-4.4342]],[[15.8058,-4.6475],[15.7983,-4.66],[15.7942,-4.66],[15.795,-4.6658],[15.8033,-4.6583],[15.8058,-4.6475]],[[15.7525,-4.7575],[15.7533,-4.7592],[15.7533,-4.7575],[15.7525,-4.7575]],[[15.7583,-4.7817],[15.7592,-4.7825],[15.7592,-4.7817],[15.7583,-4.7817]],[[15.7483,-4.7867],[15.7492,-4.7858],[15.7483,-4.785],[15.7483,-4.7867]],[[15.7492,-4.7908],[15.7467,-4.7908],[15.7467,-4.7942],[15.7483,-4.7942],[15.7492,-4.7908]],[[15.7483,-4.7942],[15.7492,-4.795],[15.7492,-4.7942],[15.7483,-4.7942]],[[15.7517,-4.795],[15.7492,-4.7958],[15.75,-4.7983],[15.7525,-4.7983],[15.7517,-4.795]],[[15.7367,-4.7992],[15.7375,-4.8],[15.7375,-4.7992],[15.7367,-4.7992]],[[15.7625,-4.7992],[15.7533,-4.8075],[15.7625,-4.81],[15.7625,-4.7992]],[[15.7442,-4.8033],[15.745,-4.805],[15.745,-4.8033],[15.7442,-4.8033]],[[15.7433,-4.8175],[15.7442,-4.8183],[15.7442,-4.8175],[15.7433,-4.8175]],[[15.7292,-4.8833],[15.73,-4.8842],[15.73,-4.8833],[15.7292,-4.8833]],[[15.7283,-4.8892],[15.7258,-4.8875],[15.7267,-4.89],[15.7283,-4.8892]],[[15.7167,-4.8892],[15.72,-4.8908],[15.72,-4.8892],[15.7167,-4.8892]],[[15.7208,-4.8892],[15.7217,-4.89],[15.7217,-4.8892],[15.7208,-4.8892]],[[15.705,-4.8967],[15.71,-4.8942],[15.7067,-4.8925],[15.705,-4.8967]],[[15.7108,-4.8933],[15.7117,-4.8942],[15.7117,-4.8933],[15.7108,-4.8933]]],[[[15.265,-4.1733],[15.2808,-4.1883],[15.2792,-4.1925],[15.2783,-4.1883],[15.2692,-4.1808],[15.2675,-4.1767],[15.2608,-4.1767],[15.2608,-4.175],[15.265,-4.1733]]],[[[15.2742,-4.1658],[15.2767,-4.1742],[15.2833,-4.1767],[15.2875,-4.1842],[15.2867,-4.1933],[15.2817,-4.1792],[15.2767,-4.1775],[15.2742,-4.1708],[15.2708,-4.1692],[15.2733,-4.1633],[15.2783,-4.1617],[15.2742,-4.1658]]],[[[15.2575,-4.1517],[15.2608,-4.15],[15.2608,-4.1583],[15.2533,-4.1608],[15.2525,-4.1533],[15.2558,-4.1525],[15.2558,-4.1467],[15.2575,-4.1517]],[[15.2542,-4.1592],[15.2592,-4.1567],[15.2583,-4.1525],[15.2542,-4.155],[15.2542,-4.1592]]],[[[15.2625,-4.1067],[15.2475,-4.1167],[15.2467,-4.1242],[15.2517,-4.1283],[15.25,-4.13],[15.2433,-4.1233],[15.2458,-4.1142],[15.2625,-4.1067]]],[[[15.4033,-4.0875],[15.415,-4.0933],[15.4167,-4.1008],[15.4067,-4.1008],[15.3958,-4.1058],[15.3983,-4.1075],[15.3908,-4.1175],[15.3875,-4.14],[15.3833,-4.145],[15.38,-4.1442],[15.3733,-4.15],[15.3675,-4.15],[15.3667,-4.1475],[15.3742,-4.1467],[15.3792,-4.14],[15.3825,-4.1392],[15.3825,-4.1367],[15.3767,-4.135],[15.37,-4.145],[15.3742,-4.1342],[15.385,-4.135],[15.3875,-4.125],[15.3875,-4.1175],[15.385,-4.1158],[15.3808,-4.1175],[15.3792,-4.1217],[15.375,-4.1217],[15.3717,-4.1183],[15.37,-4.1225],[15.3692,-4.1175],[15.3742,-4.1158],[15.3758,-4.12],[15.3783,-4.12],[15.3817,-4.1142],[15.3892,-4.1158],[15.3933,-4.11],[15.3792,-4.1058],[15.3758,-4.1025],[15.3775,-4.0975],[15.375,-4.0925],[15.3808,-4.09],[15.3867,-4.095],[15.3875,-4.0992],[15.4008,-4.1033],[15.4058,-4.0983],[15.4133,-4.0975],[15.4133,-4.095],[15.4083,-4.0933],[15.4067,-4.09],[15.4017,-4.0892],[15.4017,-4.0842],[15.4042,-4.0833],[15.4033,-4.0875]],[[15.3783,-4.0925],[15.38,-4.1033],[15.385,-4.1025],[15.3833,-4.095],[15.3783,-4.0925]],[[15.3908,-4.1067],[15.395,-4.1042],[15.3867,-4.1017],[15.3867,-4.105],[15.3908,-4.1067]]],[[[15.4325,-4.1058],[15.4442,-4.1167],[15.4492,-4.125],[15.4325,-4.1058]]],[[[15.3208,-4.1025],[15.3192,-4.1067],[15.31,-4.1083],[15.3092,-4.1117],[15.3133,-4.1125],[15.3233,-4.1058],[15.3342,-4.1233],[15.3317,-4.1233],[15.325,-4.115],[15.3242,-4.1083],[15.3142,-4.115],[15.31,-4.115],[15.3067,-4.1117],[15.3083,-4.1067],[15.3192,-4.1033],[15.3192,-4.1],[15.3158,-4.0992],[15.31,-4.105],[15.3058,-4.1042],[15.3133,-4.0975],[15.3192,-4.0967],[15.3208,-4.1025]]],[[[15.4858,-4.09],[15.4875,-4.0958],[15.49,-4.0967],[15.4883,-4.1008],[15.4925,-4.0967],[15.4917,-4.0908],[15.4975,-4.0908],[15.49,-4.1108],[15.4767,-4.1242],[15.4617,-4.1267],[15.4583,-4.1308],[15.4525,-4.1292],[15.4492,-4.125],[15.4583,-4.1275],[15.4608,-4.125],[15.4583,-4.1217],[15.4675,-4.1242],[15.4767,-4.1192],[15.4775,-4.1108],[15.4817,-4.115],[15.485,-4.1125],[15.4842,-4.11],[15.4867,-4.1092],[15.4892,-4.1017],[15.4867,-4.1],[15.4808,-4.1017],[15.4775,-4.0942],[15.4833,-4.0933],[15.4842,-4.0867],[15.4875,-4.0883],[15.4858,-4.09]],[[15.4858,-4.095],[15.4808,-4.095],[15.4808,-4.0967],[15.4858,-4.0975],[15.4858,-4.095]]],[[[15.3367,-4.09],[15.3425,-4.1008],[15.345,-4.1108],[15.3333,-4.0925],[15.3325,-4.0975],[15.335,-4.1008],[15.3358,-4.105],[15.335,-4.1075],[15.33,-4.0908],[15.3367,-4.09]]],[[[15.445,-4.0883],[15.4425,-4.0917],[15.4408,-4.0875],[15.4367,-4.0875],[15.4367,-4.085],[15.4408,-4.0825],[15.4417,-4.0867],[15.445,-4.0883]]],[[[15.3983,-4.0767],[15.4042,-4.0775],[15.4042,-4.0825],[15.3967,-4.0792],[15.3942,-4.0717],[15.3983,-4.0767]]],[[[15.495,-4.0667],[15.5033,-4.0717],[15.505,-4.0683],[15.5083,-4.0683],[15.5042,-4.075],[15.5008,-4.075],[15.495,-4.0667]]],[[[15.4475,-4.0558],[15.4442,-4.0633],[15.4467,-4.0658],[15.4367,-4.0758],[15.4433,-4.0642],[15.4417,-4.0608],[15.445,-4.0558],[15.4475,-4.0558]]],[[[15.4908,-4.055],[15.4908,-4.0633],[15.4892,-4.0633],[15.4875,-4.0483],[15.4908,-4.055]]],[[[15.3525,-4.0575],[15.3492,-4.0608],[15.35,-4.0475],[15.3525,-4.0492],[15.3525,-4.0575]]],[[[15.5433,-4.0367],[15.5417,-4.0425],[15.5333,-4.0483],[15.5317,-4.0525],[15.5158,-4.0642],[15.5067,-4.06],[15.5033,-4.05],[15.5,-4.0492],[15.4983,-4.0442],[15.4917,-4.0383],[15.4925,-4.0342],[15.4958,-4.0333],[15.4942,-4.0392],[15.5008,-4.0458],[15.505,-4.0467],[15.5083,-4.0567],[15.5125,-4.0567],[15.5125,-4.06],[15.5158,-4.0608],[15.5292,-4.05],[15.5267,-4.0467],[15.5342,-4.045],[15.5325,-4.0408],[15.525,-4.0425],[15.5233,-4.0383],[15.5208,-4.0383],[15.5217,-4.0333],[15.5333,-4.0375],[15.5317,-4.0342],[15.54,-4.0358],[15.5483,-4.03],[15.5475,-4.035],[15.5433,-4.0367]]],[[[15.4875,-4.0342],[15.49,-4.045],[15.4992,-4.0508],[15.5033,-4.0592],[15.5067,-4.0608],[15.5058,-4.0642],[15.4975,-4.0525],[15.4875,-4.045],[15.4858,-4.0283],[15.49,-4.0292],[15.4875,-4.0342]]],[[[15.3892,-4.0192],[15.3967,-4.0275],[15.3942,-4.0408],[15.3992,-4.045],[15.3975,-4.05],[15.4025,-4.0492],[15.4008,-4.045],[15.4067,-4.0492],[15.4067,-4.0558],[15.4025,-4.0567],[15.4075,-4.0617],[15.4067,-4.0692],[15.4092,-4.075],[15.4058,-4.0767],[15.3942,-4.0675],[15.39,-4.0492],[15.3858,-4.0483],[15.3833,-4.0433],[15.385,-4.0392],[15.3825,-4.0342],[15.3883,-4.0375],[15.3883,-4.0425],[15.39,-4.0433],[15.3917,-4.0275],[15.3867,-4.02],[15.3875,-4.0108],[15.3892,-4.0108],[15.3892,-4.0192]],[[15.3917,-4.0558],[15.3992,-4.0708],[15.4067,-4.0742],[15.4042,-4.07],[15.405,-4.0625],[15.4,-4.0583],[15.4,-4.0542],[15.4033,-4.0542],[15.4042,-4.0508],[15.4,-4.0533],[15.3925,-4.05],[15.3917,-4.0558]]],[[[15.3442,-4.045],[15.3483,-4.0433],[15.3433,-4.0525],[15.3392,-4.05],[15.3375,-4.0417],[15.3383,-4.0392],[15.3408,-4.04],[15.3392,-4.035],[15.3442,-4.0375],[15.3442,-4.045]]],[[[15.465,-4.0283],[15.4592,-4.0358],[15.4592,-4.0408],[15.4642,-4.0417],[15.4642,-4.0458],[15.4608,-4.0433],[15.4575,-4.045],[15.4717,-4.0575],[15.4642,-4.0558],[15.4633,-4.0525],[15.4533,-4.045],[15.4567,-4.04],[15.455,-4.035],[15.4592,-4.0325],[15.4617,-4.0267],[15.465,-4.0283]]],[[[15.4025,-4.0083],[15.4092,-4.0208],[15.4142,-4.0167],[15.4208,-4.0167],[15.4183,-4.0333],[15.4267,-4.0275],[15.4292,-4.0283],[15.43,-4.035],[15.4333,-4.0367],[15.4317,-4.0417],[15.4392,-4.0433],[15.4425,-4.0492],[15.4425,-4.0558],[15.44,-4.0575],[15.4392,-4.0633],[15.4358,-4.065],[15.4383,-4.0675],[15.4333,-4.0717],[15.4292,-4.0658],[15.4292,-4.0617],[15.4367,-4.0617],[15.435,-4.0575],[15.4392,-4.055],[15.4383,-4.0475],[15.4325,-4.0442],[15.4317,-4.0492],[15.4275,-4.0483],[15.4283,-4.0375],[15.4258,-4.0325],[15.4183,-4.0367],[15.4175,-4.04],[15.4142,-4.0383],[15.4158,-4.02],[15.4108,-4.0258],[15.4083,-4.0242],[15.4075,-4.0275],[15.4058,-4.0208],[15.4025,-4.0192],[15.4033,-4.0233],[15.4,-4.0267],[15.39,-4.0142],[15.3917,-4.0117],[15.4,-4.0192],[15.3983,-4.0167],[15.4008,-4.0133],[15.4,-4.0092],[15.4025,-4.0083]],[[15.4017,-4.0158],[15.4025,-4.0175],[15.4025,-4.0158],[15.4017,-4.0158]],[[15.3992,-4.0208],[15.4008,-4.0217],[15.4008,-4.0208],[15.3992,-4.0208]],[[15.4292,-4.0433],[15.4308,-4.0458],[15.4308,-4.0433],[15.4292,-4.0433]]],[[[15.2767,-4.025],[15.285,-4.0342],[15.285,-4.04],[15.2825,-4.0467],[15.2758,-4.0517],[15.2833,-4.0367],[15.2833,-4.0333],[15.28,-4.0325],[15.2767,-4.025]]],[[[15.3667,-4.0283],[15.3733,-4.04],[15.3758,-4.04],[15.375,-4.0375],[15.3775,-4.0383],[15.3767,-4.045],[15.3792,-4.0475],[15.3683,-4.0367],[15.3667,-4.0283]]],[[[15.3758,-4.0158],[15.3808,-4.0267],[15.3817,-4.04],[15.3783,-4.0383],[15.3767,-4.0258],[15.3758,-4.0317],[15.3733,-4.0308],[15.3725,-4.0175],[15.3742,-4.02],[15.3758,-4.0158]]],[[[15.4625,-4.0075],[15.47,-4.0167],[15.47,-4.0217],[15.4658,-4.0208],[15.4658,-4.0233],[15.4692,-4.0242],[15.4692,-4.03],[15.4608,-4.0242],[15.4642,-4.0158],[15.46,-4.0083],[15.4625,-4.0075]]],[[[15.3483,-4.0017],[15.3508,-4.005],[15.3508,-4.0083],[15.3467,-4.0092],[15.3492,-4.0133],[15.3483,-4.0208],[15.3417,-4.0217],[15.3442,-4.0258],[15.3417,-4.03],[15.3317,-4.0267],[15.3367,-4.0333],[15.3367,-4.0358],[15.3325,-4.0358],[15.3267,-4.0283],[15.3267,-4.0242],[15.3308,-4.0217],[15.3375,-4.025],[15.34,-4.02],[15.3458,-4.0208],[15.3458,-4.0142],[15.34,-4.005],[15.3433,-4.0033],[15.3383,-4.0033],[15.3383,-4.0],[15.3483,-4.0017]]],[[[15.4517,-4.0133],[15.45,-4.0242],[15.4475,-4.0225],[15.4392,-4.0242],[15.445,-4.02],[15.4492,-4.01],[15.4542,-4.0092],[15.4558,-4.0125],[15.4517,-4.0133]]],[[[15.4808,-4.0025],[15.4742,-4.0058],[15.4708,-4.0008],[15.4667,-4.0008],[15.4667,-3.9975],[15.4608,-3.9975],[15.4592,-4.0017],[15.4508,-4.0017],[15.445,-4.0058],[15.4392,-4.0033],[15.4367,-4.0125],[15.4358,-4.0058],[15.4308,-4.0017],[15.4275,-4.005],[15.4225,-4.0033],[15.4167,-3.9967],[15.4142,-3.9883],[15.4175,-3.9883],[15.425,-3.995],[15.4342,-3.9942],[15.4417,-4.0],[15.4458,-4.0],[15.4483,-3.9958],[15.4533,-3.9975],[15.4592,-3.9917],[15.4625,-3.9933],[15.4692,-3.9917],[15.4758,-4.0],[15.4808,-3.9992],[15.485,-3.995],[15.4867,-4.0],[15.4908,-4.0008],[15.4908,-4.005],[15.5,-3.9983],[15.5033,-3.9992],[15.5092,-4.0042],[15.5175,-4.02],[15.5133,-4.0225],[15.5158,-4.0325],[15.5092,-4.0333],[15.5083,-4.0442],[15.505,-4.0433],[15.5058,-4.0392],[15.5017,-4.04],[15.5,-4.035],[15.5,-4.03],[15.5025,-4.0283],[15.5042,-4.0283],[15.5025,-4.0325],[15.5117,-4.03],[15.5092,-4.0233],[15.5067,-4.0225],[15.5075,-4.0192],[15.5033,-4.0217],[15.5042,-4.0183],[15.5108,-4.0175],[15.5092,-4.0133],[15.5058,-4.0142],[15.505,-4.0058],[15.5008,-4.0033],[15.5042,-4.0117],[15.5033,-4.0158],[15.5008,-4.0158],[15.5008,-4.0108],[15.4975,-4.0108],[15.4983,-4.015],[15.495,-4.0158],[15.4958,-4.0058],[15.495,-4.01],[15.4892,-4.0125],[15.4892,-4.0167],[15.495,-4.0217],[15.49,-4.0275],[15.4875,-4.025],[15.4792,-4.0258],[15.48,-4.0208],[15.4833,-4.0208],[15.4833,-4.0183],[15.4817,-4.015],[15.4767,-4.0167],[15.4733,-4.0125],[15.4742,-4.0075],[15.4833,-4.0083],[15.4842,-4.0058],[15.4883,-4.0058],[15.4892,-4.0025],[15.4808,-4.0025]],[[15.4908,-4.0058],[15.4875,-4.0075],[15.4908,-4.0075],[15.4908,-4.0058]],[[15.4275,-4.0017],[15.4292,-3.9992],[15.43,-4.0],[15.4333,-3.9992],[15.4283,-3.9975],[15.4258,-3.9992],[15.4275,-4.0017]],[[15.4792,-4.0108],[15.4808,-4.0117],[15.4808,-4.0108],[15.4792,-4.0108]],[[15.4833,-4.0117],[15.485,-4.0133],[15.485,-4.0117],[15.4833,-4.0117]]],[[[15.3217,-3.9808],[15.3183,-3.9883],[15.3242,-3.9875],[15.3225,-3.99],[15.3292,-3.9925],[15.3292,-3.9983],[15.3267,-4.0008],[15.3258,-3.9967],[15.32,-3.9975],[15.32,-4.0],[15.3167,-3.9958],[15.3133,-3.9975],[15.3125,-4.0025],[15.3192,-4.0033],[15.3217,-4.0067],[15.3208,-4.0117],[15.3242,-4.0125],[15.3133,-4.0225],[15.315,-4.0158],[15.3092,-4.0175],[15.3058,-4.0108],[15.3075,-4.0075],[15.31,-4.0125],[15.3167,-4.0092],[15.31,-4.0008],[15.315,-3.9933],[15.32,-3.995],[15.315,-3.99],[15.3158,-3.9833],[15.3217,-3.9808]]],[[[15.2808,-3.985],[15.2908,-3.9967],[15.2958,-3.9992],[15.2942,-4.0025],[15.2817,-3.9908],[15.2808,-3.985]]],[[[15.265,-3.9825],[15.2725,-3.9883],[15.2725,-3.99],[15.2692,-3.9892],[15.2725,-3.9992],[15.2708,-4.0033],[15.2683,-4.0033],[15.2692,-4.0],[15.2633,-3.9967],[15.2633,-3.9933],[15.26,-3.9942],[15.2575,-3.99],[15.2608,-3.9883],[15.2575,-3.9817],[15.265,-3.9825]],[[15.2683,-3.9883],[15.2658,-3.9883],[15.2683,-3.99],[15.2683,-3.9883]]],[[[15.31,-3.99],[15.3025,-3.9933],[15.2992,-3.9917],[15.2992,-3.9892],[15.305,-3.9875],[15.305,-3.9858],[15.3017,-3.9867],[15.305,-3.9817],[15.3092,-3.9833],[15.31,-3.99]],[[15.305,-3.9842],[15.3067,-3.985],[15.3067,-3.9842],[15.305,-3.9842]],[[15.3058,-3.9875],[15.3067,-3.9883],[15.3067,-3.9875],[15.3058,-3.9875]]],[[[15.3675,-3.9683],[15.3608,-3.9708],[15.3625,-3.985],[15.36,-3.9883],[15.3683,-3.9925],[15.3617,-3.995],[15.3508,-3.9883],[15.3467,-3.9908],[15.3483,-3.9967],[15.3458,-3.9967],[15.3425,-3.9933],[15.3417,-3.9875],[15.3492,-3.9833],[15.3525,-3.9833],[15.355,-3.9867],[15.36,-3.9842],[15.3575,-3.9683],[15.3667,-3.9667],[15.3675,-3.9683]],[[15.3608,-3.9917],[15.3625,-3.9925],[15.3625,-3.9917],[15.3608,-3.9917]],[[15.3625,-3.9933],[15.3633,-3.9942],[15.3633,-3.9933],[15.3625,-3.9933]]],[[[15.3192,-3.9717],[15.3133,-3.9783],[15.3042,-3.98],[15.3083,-3.9742],[15.3192,-3.9717]]],[[[15.2517,-3.9675],[15.2467,-3.9725],[15.2425,-3.9725],[15.2492,-3.9658],[15.2483,-3.9642],[15.2517,-3.9633],[15.2517,-3.9675]]],[[[15.3467,-3.955],[15.3458,-3.9592],[15.3433,-3.9542],[15.3408,-3.9658],[15.3358,-3.9658],[15.3325,-3.97],[15.3383,-3.9767],[15.3492,-3.9717],[15.3458,-3.9675],[15.3517,-3.9617],[15.3567,-3.9642],[15.3625,-3.9608],[15.3617,-3.9633],[15.3658,-3.965],[15.355,-3.9667],[15.3525,-3.9642],[15.35,-3.9683],[15.355,-3.9733],[15.3483,-3.975],[15.3458,-3.9825],[15.3425,-3.9792],[15.34,-3.9817],[15.3375,-3.9792],[15.3392,-3.985],[15.3367,-3.985],[15.3333,-3.9808],[15.3342,-3.9775],[15.3292,-3.9775],[15.3258,-3.9683],[15.3358,-3.9592],[15.3375,-3.9542],[15.3408,-3.9558],[15.34,-3.95],[15.3442,-3.9508],[15.3467,-3.955]]],[[[15.2908,-3.9542],[15.3017,-3.9683],[15.3075,-3.9658],[15.31,-3.97],[15.3067,-3.9692],[15.3067,-3.9717],[15.3008,-3.9725],[15.2992,-3.9675],[15.2958,-3.9667],[15.2942,-3.96],[15.2925,-3.96],[15.2942,-3.965],[15.2908,-3.9642],[15.29,-3.96],[15.2925,-3.9583],[15.2908,-3.9542]]],[[[15.2892,-3.9642],[15.2875,-3.9708],[15.2833,-3.9708],[15.2817,-3.9683],[15.2733,-3.97],[15.2742,-3.9725],[15.2808,-3.9717],[15.2817,-3.9758],[15.28,-3.9733],[15.275,-3.975],[15.2683,-3.9708],[15.2692,-3.9742],[15.265,-3.9775],[15.2658,-3.9733],[15.2633,-3.9692],[15.2658,-3.9708],[15.2675,-3.9667],[15.2658,-3.9608],[15.2692,-3.9625],[15.2692,-3.97],[15.2758,-3.9667],[15.285,-3.9675],[15.2808,-3.9642],[15.2808,-3.96],[15.2742,-3.9508],[15.2775,-3.9467],[15.2783,-3.9358],[15.28,-3.9492],[15.2775,-3.9508],[15.2833,-3.955],[15.2858,-3.9625],[15.2892,-3.9642]],[[15.2858,-3.9625],[15.285,-3.9633],[15.2858,-3.9633],[15.2858,-3.9625]],[[15.2775,-3.9533],[15.2783,-3.9517],[15.2775,-3.9517],[15.2775,-3.9533]],[[15.28,-3.9558],[15.2808,-3.9567],[15.2808,-3.9558],[15.28,-3.9558]]],[[[15.2933,-3.945],[15.305,-3.955],[15.305,-3.9567],[15.3,-3.955],[15.305,-3.9617],[15.31,-3.9617],[15.3167,-3.9667],[15.3017,-3.9633],[15.2992,-3.9525],[15.2933,-3.945]]],[[[15.3192,-3.9433],[15.3183,-3.9358],[15.325,-3.9408],[15.3292,-3.9408],[15.3317,-3.9358],[15.3317,-3.94],[15.3383,-3.9442],[15.335,-3.9483],[15.3317,-3.9475],[15.3325,-3.9508],[15.325,-3.9567],[15.3283,-3.9592],[15.3242,-3.9658],[15.3183,-3.965],[15.3183,-3.96],[15.3142,-3.9625],[15.305,-3.95],[15.3075,-3.9467],[15.3108,-3.9533],[15.3142,-3.9525],[15.315,-3.9575],[15.3225,-3.96],[15.3225,-3.9492],[15.3258,-3.9475],[15.3217,-3.945],[15.3233,-3.9408],[15.3192,-3.9433]],[[15.3317,-3.9475],[15.3308,-3.9467],[15.3308,-3.9475],[15.3317,-3.9475]],[[15.3217,-3.9408],[15.3208,-3.94],[15.3208,-3.9408],[15.3217,-3.9408]],[[15.325,-3.9433],[15.3258,-3.9442],[15.3258,-3.9433],[15.325,-3.9433]],[[15.3333,-3.9433],[15.3358,-3.9458],[15.3358,-3.9433],[15.3333,-3.9433]],[[15.3267,-3.9442],[15.3275,-3.945],[15.3275,-3.9442],[15.3267,-3.9442]]],[[[15.29,-3.95],[15.2908,-3.9583],[15.2883,-3.9592],[15.2875,-3.9533],[15.2825,-3.9517],[15.2817,-3.9392],[15.2858,-3.95],[15.29,-3.95]]],[[[15.3508,-3.9325],[15.3492,-3.9425],[15.345,-3.9392],[15.3467,-3.9475],[15.3575,-3.945],[15.3592,-3.9492],[15.355,-3.95],[15.3492,-3.9558],[15.3483,-3.9525],[15.3533,-3.95],[15.3542,-3.9475],[15.3458,-3.9508],[15.3417,-3.9433],[15.3483,-3.9317],[15.3508,-3.9325]]],[[[15.3342,-3.9158],[15.3392,-3.9208],[15.3392,-3.9258],[15.3417,-3.925],[15.3425,-3.9325],[15.3392,-3.935],[15.3392,-3.9392],[15.3358,-3.9383],[15.3367,-3.9342],[15.335,-3.9342],[15.3375,-3.9308],[15.3367,-3.9233],[15.3325,-3.9217],[15.3325,-3.9183],[15.325,-3.9167],[15.3225,-3.9133],[15.3342,-3.9158]]],[[[15.3517,-3.925],[15.355,-3.9283],[15.355,-3.9325],[15.3475,-3.9292],[15.3492,-3.9183],[15.355,-3.9158],[15.3517,-3.925]]],[[[15.355,-3.9083],[15.3458,-3.9092],[15.3467,-3.9133],[15.3417,-3.9192],[15.3392,-3.9192],[15.3375,-3.9142],[15.3325,-3.9108],[15.3383,-3.91],[15.3392,-3.9167],[15.3417,-3.9167],[15.3458,-3.905],[15.3533,-3.9058],[15.355,-3.9083]]],[[[15.3508,-3.8842],[15.3542,-3.8933],[15.3583,-3.8908],[15.3592,-3.8975],[15.3642,-3.9042],[15.375,-3.9],[15.3683,-3.9092],[15.3708,-3.9117],[15.37,-3.9167],[15.3658,-3.9133],[15.3558,-3.9158],[15.3567,-3.9117],[15.3658,-3.9108],[15.3658,-3.9067],[15.3608,-3.905],[15.36,-3.9092],[15.3567,-3.9083],[15.3575,-3.9042],[15.3492,-3.9],[15.3433,-3.8908],[15.3383,-3.8908],[15.3383,-3.8875],[15.3475,-3.8917],[15.3608,-3.9042],[15.3567,-3.8967],[15.3483,-3.8917],[15.3483,-3.8842],[15.3508,-3.8842]],[[15.3675,-3.9125],[15.3667,-3.9117],[15.3667,-3.9125],[15.3675,-3.9125]],[[15.3675,-3.9125],[15.3683,-3.9133],[15.3683,-3.9125],[15.3675,-3.9125]]],[[[15.5933,-4.9075],[15.59,-4.9192],[15.5942,-4.9192],[15.5958,-4.9217],[15.5942,-4.9258],[15.5933,-4.9217],[15.5883,-4.92],[15.59,-4.9092],[15.5933,-4.9075]]],[[[15.5375,-4.795],[15.5375,-4.8],[15.5333,-4.8017],[15.53,-4.8017],[15.525,-4.7967],[15.5125,-4.8158],[15.515,-4.8067],[15.5242,-4.795],[15.5275,-4.795],[15.5308,-4.7992],[15.5358,-4.7983],[15.5333,-4.7942],[15.5292,-4.7942],[15.5267,-4.7908],[15.5342,-4.7917],[15.5375,-4.795]]],[[[15.5317,-4.7817],[15.5325,-4.7875],[15.525,-4.79],[15.5308,-4.7842],[15.5267,-4.7808],[15.5275,-4.7767],[15.53,-4.7767],[15.5283,-4.78],[15.5317,-4.7817]]],[[[15.5525,-4.7617],[15.5467,-4.775],[15.5467,-4.7817],[15.5417,-4.7825],[15.54,-4.7775],[15.535,-4.78],[15.5308,-4.7783],[15.54,-4.7742],[15.545,-4.7792],[15.5433,-4.775],[15.5467,-4.7725],[15.5492,-4.7608],[15.5533,-4.76],[15.5567,-4.7625],[15.5525,-4.7617]]],[[[15.6592,-4.7592],[15.6567,-4.7658],[15.6508,-4.765],[15.6542,-4.7592],[15.6592,-4.7592]],[[15.6533,-4.7642],[15.6567,-4.7633],[15.6575,-4.7608],[15.6533,-4.7642]]],[[[15.55,-4.755],[15.5475,-4.7617],[15.5417,-4.76],[15.5342,-4.7725],[15.53,-4.7708],[15.5358,-4.7683],[15.54,-4.7583],[15.5475,-4.7583],[15.5458,-4.75],[15.55,-4.755]]],[[[15.6517,-4.7517],[15.65,-4.7567],[15.6533,-4.7558],[15.6542,-4.7583],[15.6475,-4.7558],[15.6475,-4.75],[15.6442,-4.75],[15.6442,-4.7475],[15.6492,-4.7483],[15.6517,-4.7517]]],[[[15.5742,-4.735],[15.5675,-4.7342],[15.5667,-4.7467],[15.5617,-4.7475],[15.5642,-4.7458],[15.5658,-4.7342],[15.5725,-4.7333],[15.5725,-4.7292],[15.5767,-4.7275],[15.5742,-4.735]]],[[[15.5842,-4.7292],[15.5783,-4.73],[15.5775,-4.7283],[15.5825,-4.7283],[15.5825,-4.7258],[15.5767,-4.725],[15.5842,-4.7233],[15.5858,-4.7258],[15.5842,-4.7292]]],[[[15.5925,-4.7125],[15.5975,-4.7208],[15.6033,-4.725],[15.6067,-4.7225],[15.6067,-4.725],[15.6008,-4.7258],[15.5925,-4.715],[15.5883,-4.715],[15.5858,-4.72],[15.5833,-4.7192],[15.5883,-4.7125],[15.5925,-4.7125]]],[[[15.6067,-4.6975],[15.61,-4.7017],[15.5958,-4.7],[15.5967,-4.7083],[15.5992,-4.7092],[15.5967,-4.7158],[15.5933,-4.7067],[15.5942,-4.6992],[15.6067,-4.6975]]],[[[15.6092,-4.6733],[15.6075,-4.6775],[15.6033,-4.6767],[15.6008,-4.6792],[15.6033,-4.6742],[15.6067,-4.6742],[15.6067,-4.6675],[15.6092,-4.6733]]],[[[15.62,-4.6575],[15.6183,-4.6608],[15.6125,-4.6592],[15.6133,-4.6625],[15.6117,-4.6625],[15.6125,-4.6575],[15.6175,-4.6583],[15.62,-4.655],[15.6275,-4.655],[15.6267,-4.66],[15.6258,-4.6567],[15.62,-4.6575]]],[[[15.54,-4.6567],[15.535,-4.6575],[15.5383,-4.6558],[15.5358,-4.6525],[15.5283,-4.6617],[15.5283,-4.6575],[15.5342,-4.6517],[15.54,-4.6508],[15.5417,-4.6533],[15.54,-4.6567]]],[[[15.625,-4.6525],[15.6267,-4.65],[15.6333,-4.6525],[15.6317,-4.66],[15.6283,-4.66],[15.6308,-4.6533],[15.6225,-4.6533],[15.6175,-4.6442],[15.6208,-4.645],[15.6208,-4.65],[15.625,-4.6525]]],[[[15.5917,-4.6417],[15.5917,-4.6442],[15.595,-4.645],[15.5908,-4.6458],[15.59,-4.6417],[15.5758,-4.64],[15.5825,-4.6383],[15.5917,-4.6417]]],[[[15.5492,-4.635],[15.545,-4.6367],[15.5467,-4.6292],[15.5425,-4.6292],[15.5367,-4.6367],[15.5325,-4.6375],[15.545,-4.6267],[15.5492,-4.6283],[15.5492,-4.635]]],[[[15.5508,-4.6125],[15.5592,-4.6217],[15.5633,-4.6158],[15.5617,-4.6225],[15.5558,-4.6233],[15.5492,-4.6167],[15.5508,-4.6125]]],[[[15.5208,-4.5983],[15.5342,-4.6042],[15.5342,-4.6108],[15.54,-4.6183],[15.54,-4.6208],[15.535,-4.6242],[15.5317,-4.6242],[15.5375,-4.62],[15.5325,-4.6117],[15.5325,-4.605],[15.5208,-4.5983]]],[[[15.6317,-4.5917],[15.6192,-4.6008],[15.6133,-4.5992],[15.6142,-4.595],[15.6158,-4.5992],[15.6192,-4.5992],[15.6267,-4.5917],[15.6317,-4.5917]]],[[[15.5533,-4.5683],[15.555,-4.5775],[15.5617,-4.58],[15.5617,-4.5833],[15.5542,-4.5792],[15.5525,-4.5708],[15.5475,-4.5667],[15.5458,-4.57],[15.5425,-4.5717],[15.5458,-4.5642],[15.5533,-4.5683]]],[[[15.5808,-4.5617],[15.5808,-4.5633],[15.5842,-4.56],[15.5892,-4.5617],[15.5892,-4.5517],[15.595,-4.55],[15.5983,-4.5517],[15.6058,-4.5425],[15.6117,-4.5483],[15.6117,-4.555],[15.6058,-4.5567],[15.6008,-4.5675],[15.5992,-4.5675],[15.6,-4.5617],[15.595,-4.5625],[15.5942,-4.575],[15.5892,-4.5725],[15.5817,-4.5725],[15.5792,-4.575],[15.5775,-4.5675],[15.5808,-4.5617]],[[15.5792,-4.57],[15.58,-4.5692],[15.5792,-4.5692],[15.5792,-4.57]],[[15.5933,-4.5583],[15.6017,-4.5558],[15.6033,-4.5525],[15.5992,-4.555],[15.5933,-4.5542],[15.5933,-4.5583]],[[15.5892,-4.565],[15.585,-4.5642],[15.5842,-4.5667],[15.5875,-4.5675],[15.5892,-4.565]]],[[[15.61,-4.5367],[15.6025,-4.5392],[15.5942,-4.5342],[15.5967,-4.5442],[15.59,-4.5492],[15.5833,-4.5417],[15.5925,-4.5325],[15.6067,-4.5367],[15.6117,-4.5308],[15.61,-4.5367]],[[15.5858,-4.54],[15.5867,-4.5417],[15.5867,-4.54],[15.5858,-4.54]],[[15.5892,-4.5442],[15.5917,-4.5442],[15.5917,-4.5408],[15.5892,-4.5417],[15.5892,-4.5442]]],[[[15.6258,-4.5217],[15.625,-4.5292],[15.6125,-4.5283],[15.6167,-4.5225],[15.6158,-4.5183],[15.6258,-4.5217]]],[[[15.6558,-4.4967],[15.6625,-4.5117],[15.6592,-4.5133],[15.6575,-4.51],[15.6525,-4.515],[15.6558,-4.5217],[15.6525,-4.5283],[15.655,-4.5333],[15.6508,-4.5392],[15.645,-4.5392],[15.6433,-4.5433],[15.6383,-4.545],[15.6367,-4.5433],[15.6383,-4.5308],[15.635,-4.5283],[15.6283,-4.5292],[15.6317,-4.5267],[15.6267,-4.5167],[15.6358,-4.51],[15.635,-4.505],[15.64,-4.5033],[15.64,-4.4992],[15.6542,-4.5],[15.6558,-4.4967]],[[15.6442,-4.5067],[15.6317,-4.52],[15.6342,-4.525],[15.6417,-4.5267],[15.6425,-4.5342],[15.6483,-4.5308],[15.6467,-4.5158],[15.6533,-4.5058],[15.6442,-4.5067]],[[15.6417,-4.5417],[15.6383,-4.5383],[15.6383,-4.5417],[15.6417,-4.5417]]],[[[15.5683,-4.515],[15.575,-4.5217],[15.575,-4.5258],[15.5733,-4.5225],[15.5692,-4.5225],[15.5642,-4.5175],[15.5667,-4.5142],[15.5617,-4.5117],[15.5692,-4.5117],[15.5717,-4.5142],[15.5683,-4.515]]],[[[15.5267,-4.5092],[15.5283,-4.5192],[15.5258,-4.5242],[15.5217,-4.525],[15.5267,-4.5175],[15.5217,-4.5058],[15.5267,-4.5092]]],[[[15.5617,-4.5117],[15.5592,-4.515],[15.5625,-4.5167],[15.5633,-4.5208],[15.5575,-4.5242],[15.5525,-4.5125],[15.5567,-4.5142],[15.5608,-4.505],[15.5617,-4.5117]],[[15.5567,-4.5158],[15.5592,-4.52],[15.5592,-4.5158],[15.5567,-4.5158]]],[[[15.5775,-4.4867],[15.5792,-4.4925],[15.5758,-4.4933],[15.5758,-4.4975],[15.5825,-4.5025],[15.5867,-4.5025],[15.5875,-4.4908],[15.5908,-4.4867],[15.5867,-4.4808],[15.5933,-4.4825],[15.5925,-4.4908],[15.59,-4.4917],[15.5917,-4.4942],[15.59,-4.5033],[15.5825,-4.505],[15.5742,-4.5017],[15.5717,-4.4942],[15.5658,-4.4883],[15.5733,-4.4892],[15.5717,-4.4858],[15.58,-4.4833],[15.5817,-4.48],[15.5825,-4.4858],[15.5775,-4.4867]],[[15.5717,-4.4908],[15.5733,-4.49],[15.5717,-4.49],[15.5717,-4.4908]]],[[[15.5633,-4.4758],[15.5633,-4.48],[15.5567,-4.48],[15.5525,-4.4767],[15.545,-4.4775],[15.5533,-4.475],[15.5558,-4.4783],[15.5608,-4.4792],[15.5575,-4.4725],[15.5633,-4.4758]]],[[[15.5408,-4.4492],[15.5367,-4.4467],[15.5317,-4.4517],[15.5358,-4.4575],[15.535,-4.4592],[15.53,-4.4517],[15.5358,-4.445],[15.54,-4.4458],[15.5408,-4.4492]]],[[[15.6267,-4.4267],[15.6233,-4.4333],[15.6125,-4.4342],[15.6142,-4.4383],[15.6083,-4.4408],[15.6125,-4.4492],[15.6067,-4.4517],[15.6058,-4.4558],[15.5975,-4.4567],[15.5942,-4.46],[15.5867,-4.4542],[15.5808,-4.46],[15.5717,-4.4558],[15.5742,-4.4617],[15.5717,-4.4625],[15.5708,-4.4683],[15.5683,-4.4717],[15.5625,-4.4717],[15.5625,-4.47],[15.5667,-4.4708],[15.5692,-4.4592],[15.5658,-4.4583],[15.5617,-4.4642],[15.5592,-4.4633],[15.5742,-4.4475],[15.5725,-4.4408],[15.5675,-4.4367],[15.575,-4.4408],[15.5767,-4.4475],[15.5733,-4.4517],[15.5792,-4.4517],[15.58,-4.4542],[15.585,-4.4475],[15.5892,-4.4517],[15.5942,-4.4492],[15.5967,-4.4525],[15.6025,-4.4525],[15.6067,-4.4475],[15.6017,-4.4425],[15.6042,-4.435],[15.595,-4.4367],[15.5917,-4.4333],[15.5892,-4.4383],[15.585,-4.4383],[15.5883,-4.4392],[15.5883,-4.4417],[15.5742,-4.4383],[15.5742,-4.4308],[15.5792,-4.4267],[15.5808,-4.4308],[15.5767,-4.4317],[15.5767,-4.4375],[15.5825,-4.4383],[15.5825,-4.4342],[15.5917,-4.43],[15.5992,-4.4325],[15.6008,-4.4283],[15.6058,-4.4308],[15.61,-4.4258],[15.6183,-4.4242],[15.625,-4.4242],[15.6267,-4.4267]],[[15.6175,-4.4308],[15.62,-4.4275],[15.6108,-4.43],[15.6108,-4.4308],[15.6175,-4.4308]],[[15.6075,-4.4333],[15.6083,-4.4342],[15.6083,-4.4333],[15.6075,-4.4333]],[[15.6075,-4.4342],[15.6067,-4.435],[15.6075,-4.435],[15.6075,-4.4342]],[[15.6083,-4.4358],[15.6075,-4.4375],[15.6083,-4.4375],[15.6083,-4.4358]]],[[[15.5658,-4.4333],[15.5575,-4.4433],[15.55,-4.4425],[15.5483,-4.445],[15.55,-4.4408],[15.5567,-4.4417],[15.5633,-4.4358],[15.5617,-4.4317],[15.5575,-4.43],[15.5583,-4.4275],[15.5658,-4.4333]]],[[[15.54,-4.4183],[15.5525,-4.4183],[15.5542,-4.4225],[15.5442,-4.425],[15.5417,-4.4292],[15.54,-4.4292],[15.5408,-4.4208],[15.5325,-4.42],[15.5317,-4.4233],[15.5292,-4.4217],[15.5308,-4.4158],[15.5367,-4.4175],[15.54,-4.415],[15.54,-4.4183]],[[15.5458,-4.42],[15.5467,-4.4208],[15.5467,-4.42],[15.5458,-4.42]],[[15.5508,-4.4225],[15.55,-4.42],[15.5483,-4.4233],[15.5508,-4.4225]]],[[[15.5917,-4.4125],[15.5867,-4.4217],[15.58,-4.4242],[15.5883,-4.4158],[15.5867,-4.41],[15.5917,-4.4125]]],[[[15.6267,-4.3958],[15.6367,-4.4033],[15.6283,-4.4067],[15.6225,-4.4017],[15.6175,-4.4025],[15.6175,-4.405],[15.6233,-4.4092],[15.6233,-4.4133],[15.61,-4.4108],[15.6075,-4.4192],[15.595,-4.415],[15.5983,-4.4117],[15.6,-4.4133],[15.6067,-4.4117],[15.6067,-4.4092],[15.6025,-4.4083],[15.6033,-4.4042],[15.6158,-4.4083],[15.6133,-4.3992],[15.6167,-4.3967],[15.6167,-4.4],[15.6208,-4.3983],[15.6208,-4.3942],[15.6267,-4.3908],[15.6325,-4.3917],[15.6267,-4.3925],[15.6267,-4.3958]],[[15.6242,-4.3992],[15.6233,-4.3983],[15.6233,-4.3992],[15.6242,-4.3992]],[[15.6242,-4.3992],[15.6258,-4.4],[15.6258,-4.3992],[15.6242,-4.3992]],[[15.6175,-4.4092],[15.6183,-4.41],[15.6183,-4.4092],[15.6175,-4.4092]],[[15.6042,-4.4142],[15.605,-4.4158],[15.605,-4.4142],[15.6042,-4.4142]]],[[[15.6742,-4.3225],[15.675,-4.3267],[15.6692,-4.3358],[15.6725,-4.3425],[15.6667,-4.3442],[15.6675,-4.3492],[15.6625,-4.3517],[15.6608,-4.3567],[15.6533,-4.3508],[15.6583,-4.3467],[15.6567,-4.3433],[15.6592,-4.3417],[15.6583,-4.3183],[15.6625,-4.3175],[15.6642,-4.3242],[15.6667,-4.3175],[15.6667,-4.3292],[15.6633,-4.3342],[15.6633,-4.3408],[15.665,-4.3408],[15.6658,-4.3325],[15.67,-4.3258],[15.6708,-4.31],[15.6758,-4.3042],[15.68,-4.3033],[15.6808,-4.3067],[15.6767,-4.305],[15.6717,-4.3158],[15.675,-4.3158],[15.6775,-4.3092],[15.6792,-4.3092],[15.6775,-4.315],[15.6883,-4.3133],[15.6925,-4.3217],[15.6858,-4.3183],[15.6833,-4.3225],[15.6883,-4.3233],[15.6883,-4.3283],[15.6933,-4.33],[15.6933,-4.335],[15.6983,-4.3383],[15.6958,-4.3433],[15.6908,-4.3442],[15.6925,-4.3475],[15.6958,-4.3475],[15.6933,-4.35],[15.6975,-4.35],[15.6933,-4.3558],[15.6992,-4.3617],[15.6983,-4.3658],[15.6925,-4.3625],[15.6858,-4.3633],[15.6833,-4.36],[15.68,-4.365],[15.6817,-4.3658],[15.6825,-4.3633],[15.6942,-4.365],[15.6983,-4.3683],[15.6942,-4.3767],[15.695,-4.3808],[15.6992,-4.38],[15.7025,-4.3833],[15.6992,-4.3875],[15.7025,-4.4],[15.7008,-4.4025],[15.695,-4.4025],[15.6975,-4.4058],[15.695,-4.4117],[15.6967,-4.42],[15.6858,-4.4217],[15.6808,-4.435],[15.6767,-4.435],[15.6708,-4.4292],[15.67,-4.435],[15.6625,-4.4333],[15.6542,-4.44],[15.6533,-4.4433],[15.6458,-4.445],[15.655,-4.4492],[15.6558,-4.4583],[15.6533,-4.46],[15.6542,-4.4642],[15.645,-4.4717],[15.6525,-4.4742],[15.6542,-4.4783],[15.6592,-4.4783],[15.655,-4.4808],[15.6592,-4.4825],[15.6583,-4.485],[15.65,-4.4875],[15.6483,-4.485],[15.6417,-4.4842],[15.6333,-4.4883],[15.625,-4.485],[15.6217,-4.4892],[15.615,-4.4858],[15.6142,-4.4925],[15.6117,-4.4942],[15.6175,-4.4933],[15.6167,-4.4975],[15.6042,-4.4958],[15.6075,-4.4933],[15.6058,-4.49],[15.6075,-4.4842],[15.61,-4.49],[15.61,-4.4867],[15.6158,-4.4817],[15.6217,-4.4825],[15.6283,-4.4792],[15.6292,-4.4842],[15.63,-4.4817],[15.6483,-4.4792],[15.64,-4.4742],[15.64,-4.4692],[15.6458,-4.4633],[15.6492,-4.455],[15.6483,-4.4517],[15.6425,-4.45],[15.64,-4.4417],[15.6433,-4.4383],[15.6508,-4.4383],[15.6567,-4.4292],[15.665,-4.4283],[15.6658,-4.4183],[15.6775,-4.4258],[15.68,-4.4225],[15.68,-4.415],[15.69,-4.4158],[15.6908,-4.4067],[15.6875,-4.3983],[15.6933,-4.3975],[15.6942,-4.3908],[15.6942,-4.385],[15.6892,-4.3825],[15.6908,-4.3692],[15.6833,-4.3692],[15.675,-4.3775],[15.6667,-4.375],[15.6658,-4.38],[15.6592,-4.3742],[15.6608,-4.3692],[15.665,-4.365],[15.6692,-4.365],[15.6717,-4.36],[15.6758,-4.3617],[15.6833,-4.3508],[15.6883,-4.3567],[15.6883,-4.3525],[15.6842,-4.3483],[15.6867,-4.3392],[15.6825,-4.3392],[15.6808,-4.3342],[15.6783,-4.3358],[15.6783,-4.3292],[15.6825,-4.3258],[15.6792,-4.3258],[15.6792,-4.3208],[15.6742,-4.3225]],[[15.68,-4.3658],[15.6792,-4.3667],[15.68,-4.3667],[15.68,-4.3658]],[[15.6792,-4.3192],[15.6817,-4.32],[15.6817,-4.3183],[15.6792,-4.3192]],[[15.6633,-4.3267],[15.6642,-4.3283],[15.6642,-4.3267],[15.6633,-4.3267]],[[15.685,-4.3308],[15.6875,-4.3317],[15.6875,-4.3308],[15.685,-4.3308]],[[15.6708,-4.3717],[15.6775,-4.3692],[15.6783,-4.3675],[15.6733,-4.3667],[15.6725,-4.3692],[15.6667,-4.37],[15.6708,-4.3717]],[[15.6708,-4.4275],[15.6692,-4.425],[15.6692,-4.4275],[15.6708,-4.4275]]],[[[15.58,-4.3883],[15.5833,-4.3858],[15.5833,-4.3892],[15.5883,-4.3908],[15.5892,-4.4025],[15.5867,-4.4067],[15.5808,-4.4067],[15.5842,-4.4108],[15.5783,-4.4092],[15.5758,-4.4133],[15.5733,-4.4083],[15.57,-4.4083],[15.5733,-4.4017],[15.57,-4.395],[15.5775,-4.3917],[15.5733,-4.3883],[15.5733,-4.385],[15.58,-4.3883]],[[15.5825,-4.3908],[15.5833,-4.39],[15.5825,-4.39],[15.5825,-4.3908]],[[15.5825,-4.3908],[15.5817,-4.3917],[15.5825,-4.3917],[15.5825,-4.3908]],[[15.5825,-4.3917],[15.5833,-4.3925],[15.5833,-4.3917],[15.5825,-4.3917]],[[15.5817,-4.3925],[15.5775,-4.3975],[15.5758,-4.4058],[15.585,-4.4025],[15.5833,-4.4],[15.585,-4.395],[15.5817,-4.3925]]],[[[15.6217,-4.3825],[15.6292,-4.3792],[15.6217,-4.3867],[15.6125,-4.3833],[15.6158,-4.3783],[15.6225,-4.3767],[15.6217,-4.3825]],[[15.6167,-4.3817],[15.6183,-4.3833],[15.6183,-4.3808],[15.6167,-4.3817]]],[[[15.6083,-4.3583],[15.6075,-4.3633],[15.6058,-4.36],[15.6025,-4.3617],[15.6042,-4.3692],[15.6025,-4.3758],[15.6058,-4.3742],[15.6058,-4.3708],[15.6083,-4.3717],[15.6075,-4.3875],[15.6133,-4.3858],[15.6117,-4.3942],[15.6025,-4.3917],[15.6033,-4.3825],[15.5992,-4.3883],[15.5975,-4.3858],[15.5992,-4.3917],[15.5958,-4.3908],[15.5967,-4.385],[15.5933,-4.3833],[15.595,-4.3758],[15.6,-4.3742],[15.6017,-4.3692],[15.6,-4.365],[15.5958,-4.3675],[15.5967,-4.3625],[15.5925,-4.3617],[15.5917,-4.3592],[15.6008,-4.36],[15.6017,-4.3567],[15.6083,-4.3583]],[[15.6058,-4.38],[15.6042,-4.3758],[15.6042,-4.38],[15.6058,-4.38]],[[15.6,-4.3783],[15.6008,-4.3792],[15.6008,-4.3783],[15.6,-4.3783]]],[[[15.6267,-4.3558],[15.6333,-4.365],[15.6317,-4.3517],[15.6275,-4.3442],[15.6292,-4.34],[15.635,-4.34],[15.64,-4.345],[15.6417,-4.3425],[15.6367,-4.3383],[15.6425,-4.3383],[15.6467,-4.3417],[15.6475,-4.3483],[15.645,-4.35],[15.6342,-4.3467],[15.6367,-4.3508],[15.6367,-4.3642],[15.6408,-4.3667],[15.6392,-4.37],[15.6308,-4.3717],[15.6242,-4.3608],[15.6142,-4.3608],[15.6083,-4.365],[15.615,-4.3525],[15.6183,-4.3517],[15.6192,-4.3567],[15.6258,-4.3575],[15.6258,-4.355],[15.6217,-4.3558],[15.6217,-4.3508],[15.6275,-4.3492],[15.6267,-4.3558]],[[15.6342,-4.3467],[15.6333,-4.345],[15.6333,-4.3467],[15.6342,-4.3467]],[[15.6333,-4.345],[15.6325,-4.3442],[15.6325,-4.345],[15.6333,-4.345]],[[15.6242,-4.3517],[15.625,-4.3525],[15.625,-4.3517],[15.6242,-4.3517]],[[15.6175,-4.3558],[15.6183,-4.3542],[15.6175,-4.3542],[15.6175,-4.3558]],[[15.6175,-4.3558],[15.6167,-4.3567],[15.6175,-4.3567],[15.6175,-4.3558]]],[[[15.6292,-4.2792],[15.6242,-4.29],[15.63,-4.3033],[15.63,-4.3092],[15.6275,-4.3125],[15.62,-4.3117],[15.6192,-4.3142],[15.625,-4.32],[15.6258,-4.3242],[15.6333,-4.3233],[15.6342,-4.3292],[15.6433,-4.3358],[15.6425,-4.3375],[15.635,-4.3367],[15.6333,-4.3333],[15.6267,-4.3358],[15.6308,-4.3333],[15.6283,-4.3317],[15.6308,-4.3275],[15.6242,-4.3317],[15.6258,-4.3275],[15.6217,-4.3292],[15.6175,-4.3217],[15.62,-4.3183],[15.6167,-4.3158],[15.615,-4.3083],[15.6183,-4.305],[15.6233,-4.3083],[15.6267,-4.3075],[15.62,-4.2892],[15.6292,-4.2792]]],[[[15.6425,-4.2967],[15.6475,-4.3025],[15.6508,-4.3017],[15.6467,-4.3083],[15.6483,-4.3125],[15.6525,-4.3033],[15.6583,-4.3008],[15.6517,-4.3092],[15.6517,-4.315],[15.66,-4.3042],[15.6625,-4.3042],[15.6592,-4.3133],[15.6575,-4.3117],[15.655,-4.3133],[15.6575,-4.3167],[15.6567,-4.32],[15.65,-4.32],[15.6442,-4.3133],[15.6425,-4.3092],[15.645,-4.3058],[15.6392,-4.3],[15.6425,-4.2942],[15.6442,-4.2942],[15.6425,-4.2967]]],[[[15.6283,-4.2875],[15.6325,-4.295],[15.6383,-4.2933],[15.6392,-4.295],[15.6375,-4.2975],[15.6308,-4.2967],[15.6275,-4.2917],[15.6283,-4.2875]]],[[[15.6083,-4.2433],[15.6108,-4.2467],[15.5983,-4.2442],[15.5958,-4.24],[15.6083,-4.2433]]],[[[15.6258,-4.2275],[15.6192,-4.2367],[15.6233,-4.2442],[15.6225,-4.2467],[15.6167,-4.235],[15.6217,-4.2275],[15.6225,-4.2292],[15.6258,-4.2275]]],[[[15.65,-4.235],[15.6458,-4.2308],[15.6458,-4.2408],[15.6425,-4.2467],[15.6383,-4.2483],[15.6358,-4.2442],[15.64,-4.2442],[15.64,-4.2358],[15.6425,-4.2375],[15.645,-4.235],[15.6425,-4.23],[15.6475,-4.2283],[15.6442,-4.22],[15.6483,-4.2208],[15.6525,-4.2292],[15.65,-4.215],[15.6558,-4.2108],[15.6533,-4.2175],[15.6575,-4.22],[15.6567,-4.2325],[15.6542,-4.235],[15.6533,-4.2333],[15.65,-4.235]],[[15.6533,-4.2333],[15.6542,-4.2325],[15.6533,-4.2325],[15.6533,-4.2333]]],[[[15.6333,-4.2117],[15.6367,-4.2192],[15.6358,-4.2267],[15.6392,-4.23],[15.6375,-4.2417],[15.635,-4.2367],[15.63,-4.2375],[15.6358,-4.2325],[15.6317,-4.2317],[15.63,-4.2242],[15.6283,-4.2258],[15.6317,-4.2167],[15.6258,-4.2167],[15.6275,-4.2108],[15.6333,-4.2117]],[[15.6317,-4.2217],[15.6325,-4.2225],[15.6325,-4.2217],[15.6317,-4.2217]]],[[[15.61,-4.1825],[15.6042,-4.19],[15.6008,-4.1908],[15.6092,-4.1833],[15.6117,-4.1742],[15.61,-4.1825]]],[[[15.6583,-4.1808],[15.6542,-4.1825],[15.6575,-4.1783],[15.6575,-4.1725],[15.6633,-4.17],[15.6658,-4.16],[15.6742,-4.1542],[15.6767,-4.1542],[15.6817,-4.1608],[15.6767,-4.1658],[15.6833,-4.1658],[15.6833,-4.1617],[15.6867,-4.16],[15.6875,-4.1683],[15.6917,-4.1675],[15.6925,-4.1708],[15.6892,-4.1742],[15.6942,-4.1742],[15.6892,-4.1767],[15.6867,-4.1725],[15.6808,-4.1725],[15.685,-4.1792],[15.6825,-4.1792],[15.6817,-4.1758],[15.6792,-4.1758],[15.68,-4.1792],[15.675,-4.1792],[15.6708,-4.175],[15.6675,-4.1767],[15.6717,-4.18],[15.67,-4.1858],[15.66,-4.1867],[15.6575,-4.19],[15.6533,-4.19],[15.6542,-4.195],[15.6483,-4.1967],[15.6525,-4.1875],[15.6633,-4.1817],[15.6642,-4.175],[15.66,-4.1767],[15.6583,-4.1808]],[[15.6642,-4.175],[15.665,-4.1742],[15.6642,-4.1742],[15.6642,-4.175]],[[15.6658,-4.1742],[15.6717,-4.1717],[15.6767,-4.1758],[15.6758,-4.1708],[15.6792,-4.1683],[15.6725,-4.17],[15.6725,-4.1675],[15.6667,-4.1642],[15.6658,-4.1742]],[[15.6758,-4.1608],[15.6775,-4.1617],[15.6775,-4.16],[15.6758,-4.1608]],[[15.6725,-4.1617],[15.6733,-4.1608],[15.6725,-4.1608],[15.6725,-4.1617]],[[15.6725,-4.1617],[15.6717,-4.1625],[15.6725,-4.1625],[15.6725,-4.1617]],[[15.6717,-4.1625],[15.6708,-4.1633],[15.6717,-4.1633],[15.6717,-4.1625]],[[15.68,-4.1683],[15.6817,-4.17],[15.6825,-4.1683],[15.68,-4.1683]],[[15.6833,-4.1692],[15.685,-4.17],[15.6875,-4.17],[15.6858,-4.1683],[15.6833,-4.1692]]],[[[15.6383,-4.1733],[15.6433,-4.1758],[15.6433,-4.1775],[15.6375,-4.1767],[15.6358,-4.1733],[15.6383,-4.1708],[15.6442,-4.1717],[15.6433,-4.1742],[15.6383,-4.1733]]],[[[15.63,-4.1308],[15.6317,-4.1433],[15.6192,-4.155],[15.6242,-4.1458],[15.6292,-4.1433],[15.6292,-4.135],[15.6233,-4.1375],[15.6233,-4.1433],[15.6208,-4.1433],[15.6192,-4.1392],[15.6175,-4.1417],[15.62,-4.1433],[15.6192,-4.1492],[15.6067,-4.1525],[15.6033,-4.1667],[15.5992,-4.1708],[15.5958,-4.1708],[15.5942,-4.1758],[15.5883,-4.1808],[15.5942,-4.1692],[15.6008,-4.1658],[15.6042,-4.1517],[15.6075,-4.1483],[15.6158,-4.1467],[15.6142,-4.1425],[15.6183,-4.1375],[15.615,-4.1367],[15.6192,-4.1342],[15.625,-4.135],[15.625,-4.1283],[15.6317,-4.1208],[15.6342,-4.1242],[15.63,-4.1308]],[[15.6292,-4.1325],[15.6283,-4.1283],[15.6267,-4.1283],[15.6267,-4.1333],[15.6292,-4.1325]]],[[[15.6342,-4.1092],[15.6367,-4.1058],[15.64,-4.1058],[15.64,-4.1125],[15.6425,-4.1125],[15.6458,-4.1075],[15.6492,-4.1092],[15.6392,-4.125],[15.6392,-4.1283],[15.6467,-4.1283],[15.6475,-4.135],[15.6392,-4.14],[15.6517,-4.1367],[15.65,-4.1275],[15.6533,-4.1233],[15.6583,-4.1233],[15.6575,-4.1275],[15.6608,-4.1283],[15.6583,-4.1342],[15.6608,-4.1342],[15.6617,-4.1308],[15.67,-4.1342],[15.6692,-4.1433],[15.6667,-4.145],[15.6583,-4.1417],[15.6483,-4.1483],[15.655,-4.1458],[15.6583,-4.1475],[15.6567,-4.1525],[15.65,-4.1558],[15.6542,-4.1592],[15.6592,-4.1567],[15.6608,-4.15],[15.665,-4.1483],[15.6675,-4.1483],[15.6658,-4.1517],[15.6683,-4.1517],[15.6692,-4.1483],[15.6708,-4.15],[15.6658,-4.1542],[15.6625,-4.1633],[15.655,-4.1675],[15.6533,-4.1742],[15.6483,-4.1792],[15.6467,-4.1792],[15.6492,-4.175],[15.6475,-4.1733],[15.65,-4.1708],[15.6467,-4.1717],[15.6433,-4.1683],[15.6308,-4.1742],[15.6317,-4.17],[15.6467,-4.1658],[15.645,-4.1617],[15.6392,-4.1642],[15.6358,-4.1517],[15.6425,-4.15],[15.6458,-4.1542],[15.6492,-4.1542],[15.65,-4.1525],[15.6458,-4.1517],[15.6425,-4.1467],[15.6575,-4.1392],[15.6633,-4.14],[15.6667,-4.135],[15.6633,-4.1333],[15.6617,-4.1375],[15.6558,-4.1367],[15.6542,-4.1308],[15.655,-4.1358],[15.6525,-4.1408],[15.6442,-4.1442],[15.6392,-4.1408],[15.6358,-4.1417],[15.6367,-4.1367],[15.6425,-4.1358],[15.6442,-4.1333],[15.6417,-4.1308],[15.6392,-4.1342],[15.6358,-4.1342],[15.6358,-4.125],[15.6425,-4.1158],[15.6367,-4.1125],[15.6392,-4.1183],[15.6342,-4.1233],[15.6358,-4.1183],[15.6342,-4.1092]],[[15.6575,-4.1275],[15.6567,-4.1283],[15.6575,-4.1283],[15.6575,-4.1275]],[[15.6583,-4.1342],[15.6575,-4.135],[15.6583,-4.135],[15.6583,-4.1342]],[[15.6458,-4.1667],[15.6475,-4.1683],[15.6467,-4.1667],[15.6458,-4.1667]],[[15.6458,-4.1092],[15.6475,-4.1108],[15.6475,-4.1092],[15.6458,-4.1092]],[[15.6533,-4.1267],[15.6542,-4.1283],[15.6542,-4.1267],[15.6533,-4.1267]],[[15.6517,-4.1517],[15.655,-4.15],[15.6558,-4.1483],[15.6517,-4.1517]],[[15.6408,-4.1525],[15.64,-4.155],[15.6417,-4.155],[15.6408,-4.1525]],[[15.6625,-4.1525],[15.6633,-4.1542],[15.6633,-4.1525],[15.6625,-4.1525]],[[15.6467,-4.155],[15.6483,-4.1575],[15.6483,-4.155],[15.6467,-4.155]],[[15.6425,-4.1575],[15.6442,-4.1558],[15.6425,-4.1558],[15.6425,-4.1575]],[[15.6625,-4.1558],[15.6633,-4.1567],[15.6633,-4.1558],[15.6625,-4.1558]],[[15.64,-4.1592],[15.6408,-4.1608],[15.6408,-4.1592],[15.64,-4.1592]],[[15.6508,-4.165],[15.6533,-4.1625],[15.65,-4.1608],[15.6483,-4.1625],[15.6508,-4.165]],[[15.65,-4.1667],[15.6508,-4.1683],[15.6508,-4.1667],[15.65,-4.1667]]],[[[15.5225,-4.1142],[15.5333,-4.1283],[15.535,-4.1217],[15.5392,-4.1175],[15.5442,-4.1183],[15.5525,-4.1258],[15.5508,-4.1292],[15.5383,-4.1367],[15.545,-4.1417],[15.5442,-4.1475],[15.5475,-4.1492],[15.5408,-4.1692],[15.545,-4.15],[15.5417,-4.1492],[15.5417,-4.1425],[15.5358,-4.1392],[15.5358,-4.135],[15.5475,-4.1267],[15.5408,-4.12],[15.5375,-4.1233],[15.5367,-4.1292],[15.5308,-4.13],[15.5208,-4.1167],[15.5217,-4.1067],[15.5225,-4.1142]]],[[[15.6258,-4.11],[15.6183,-4.1208],[15.6167,-4.1342],[15.6158,-4.1208],[15.6258,-4.11]]],[[[15.5867,-4.11],[15.5858,-4.1175],[15.5825,-4.1233],[15.5808,-4.1208],[15.5842,-4.1133],[15.5825,-4.1083],[15.58,-4.1083],[15.5817,-4.1117],[15.5775,-4.1167],[15.5725,-4.1158],[15.5725,-4.1117],[15.5767,-4.1108],[15.5783,-4.1058],[15.585,-4.105],[15.5867,-4.11]]],[[[15.6033,-4.0917],[15.6008,-4.1133],[15.5975,-4.125],[15.5925,-4.1275],[15.6,-4.1083],[15.5983,-4.0983],[15.6017,-4.0925],[15.6,-4.0917],[15.5958,-4.1017],[15.5933,-4.1017],[15.5933,-4.0992],[15.5992,-4.09],[15.6033,-4.0917]]],[[[15.6158,-4.0908],[15.6117,-4.1017],[15.6075,-4.1],[15.6092,-4.1067],[15.6042,-4.11],[15.605,-4.1158],[15.6017,-4.1192],[15.6033,-4.1233],[15.6017,-4.1275],[15.6,-4.1192],[15.6033,-4.1083],[15.6067,-4.1058],[15.6058,-4.0992],[15.6108,-4.0992],[15.6125,-4.0967],[15.6125,-4.0883],[15.6158,-4.0908]]],[[[15.6292,-4.0983],[15.62,-4.1],[15.6133,-4.1075],[15.6175,-4.0983],[15.6292,-4.0983]]],[[[15.5767,-4.0892],[15.5775,-4.0967],[15.5742,-4.0975],[15.5725,-4.0833],[15.5767,-4.0892]]],[[[15.5783,-4.0842],[15.5867,-4.0875],[15.5883,-4.0908],[15.5808,-4.09],[15.5758,-4.085],[15.5775,-4.0767],[15.5742,-4.08],[15.5733,-4.0775],[15.5767,-4.075],[15.5783,-4.0758],[15.5783,-4.0842]]],[[[15.6192,-4.0667],[15.6092,-4.0642],[15.6117,-4.0683],[15.6108,-4.075],[15.6042,-4.0808],[15.6042,-4.0758],[15.6075,-4.075],[15.605,-4.0658],[15.6067,-4.06],[15.6167,-4.065],[15.6183,-4.0592],[15.6192,-4.0667]]],[[[15.5983,-4.065],[15.5942,-4.0675],[15.5942,-4.0592],[15.5908,-4.0608],[15.5875,-4.0567],[15.5975,-4.055],[15.5983,-4.065]]],[[[15.6233,-4.0433],[15.6308,-4.0442],[15.6383,-4.0533],[15.6383,-4.0733],[15.635,-4.0717],[15.6258,-4.0733],[15.6225,-4.07],[15.6225,-4.0658],[15.6258,-4.0642],[15.62,-4.0617],[15.6217,-4.0533],[15.6175,-4.0458],[15.6175,-4.0367],[15.6217,-4.0383],[15.6233,-4.0433]],[[15.6233,-4.0575],[15.6308,-4.0608],[15.63,-4.0675],[15.6333,-4.0675],[15.6342,-4.0567],[15.6258,-4.0475],[15.625,-4.0508],[15.6275,-4.0533],[15.6242,-4.0517],[15.6233,-4.0575]],[[15.6242,-4.0517],[15.6225,-4.05],[15.6225,-4.0508],[15.6242,-4.0517]],[[15.6267,-4.0683],[15.6283,-4.0692],[15.6283,-4.0683],[15.6267,-4.0683]]],[[[15.6525,-4.0442],[15.6533,-4.05],[15.6567,-4.0492],[15.6558,-4.04],[15.6517,-4.0325],[15.6517,-4.0258],[15.655,-4.0242],[15.66,-4.04],[15.6592,-4.0517],[15.6533,-4.0533],[15.6525,-4.0508],[15.6517,-4.0542],[15.6508,-4.0483],[15.645,-4.0508],[15.6433,-4.0458],[15.6475,-4.0417],[15.6475,-4.0367],[15.6442,-4.0408],[15.6392,-4.0417],[15.6367,-4.0317],[15.64,-4.03],[15.6425,-4.0367],[15.6458,-4.0317],[15.6508,-4.0342],[15.6492,-4.045],[15.6525,-4.0442]],[[15.6492,-4.045],[15.6483,-4.0458],[15.6492,-4.0458],[15.6492,-4.045]],[[15.6483,-4.0467],[15.645,-4.0467],[15.645,-4.0483],[15.6483,-4.0467]]],[[[15.6725,-4.02],[15.675,-4.04],[15.6642,-4.0408],[15.6592,-4.0358],[15.6575,-4.0225],[15.6617,-4.025],[15.6617,-4.0342],[15.6642,-4.0367],[15.6675,-4.0333],[15.6692,-4.035],[15.67,-4.0192],[15.6725,-4.02]]],[[[15.6392,-4.02],[15.6275,-4.025],[15.6283,-4.0308],[15.6258,-4.03],[15.6258,-4.0233],[15.6392,-4.02]]],[[[15.5583,-3.9892],[15.5625,-3.9925],[15.5625,-3.9983],[15.5592,-4.0025],[15.5542,-4.0017],[15.5442,-3.99],[15.5442,-3.9983],[15.5375,-3.9958],[15.5375,-4.0042],[15.5442,-4.0042],[15.5467,-4.0067],[15.5308,-4.0067],[15.5308,-4.01],[15.5317,-4.0125],[15.545,-4.0133],[15.5442,-4.0233],[15.5475,-4.0292],[15.5425,-4.0308],[15.5392,-4.0267],[15.5308,-4.0275],[15.5308,-4.0342],[15.5283,-4.0342],[15.5283,-4.025],[15.5342,-4.0242],[15.5358,-4.0183],[15.5392,-4.0192],[15.5417,-4.0183],[15.5275,-4.0142],[15.5242,-4.0033],[15.5267,-4.0017],[15.5333,-4.0033],[15.5308,-4.0017],[15.5317,-3.9967],[15.5275,-3.9875],[15.5375,-3.9892],[15.5375,-3.9858],[15.5442,-3.9825],[15.5508,-3.9883],[15.5508,-3.9825],[15.5483,-3.98],[15.55,-3.9725],[15.555,-3.9725],[15.5633,-3.9808],[15.5675,-3.9775],[15.5692,-3.9717],[15.5775,-3.97],[15.5817,-3.9725],[15.5867,-3.965],[15.59,-3.9658],[15.5925,-3.9717],[15.5983,-3.975],[15.5958,-3.98],[15.5933,-3.9792],[15.5942,-3.9983],[15.59,-4.0017],[15.5942,-4.005],[15.5975,-4.0025],[15.6,-3.9917],[15.6058,-3.9942],[15.6092,-4.0025],[15.6108,-3.9967],[15.6092,-3.9883],[15.6117,-3.9825],[15.6167,-3.9825],[15.6233,-3.9942],[15.6275,-3.9917],[15.6275,-3.985],[15.6308,-3.9825],[15.6358,-3.9858],[15.6425,-3.9842],[15.6458,-3.9892],[15.6492,-3.9842],[15.6575,-3.9875],[15.6575,-3.9817],[15.655,-3.98],[15.6567,-3.975],[15.6617,-3.9733],[15.6683,-3.9775],[15.67,-3.9683],[15.6758,-3.9708],[15.6808,-3.9683],[15.68,-3.9625],[15.6733,-3.9567],[15.6758,-3.9492],[15.67,-3.95],[15.6692,-3.9458],[15.6625,-3.945],[15.6667,-3.935],[15.6725,-3.9367],[15.6692,-3.93],[15.6767,-3.9333],[15.6775,-3.9383],[15.675,-3.9408],[15.6692,-3.9392],[15.6683,-3.9417],[15.6808,-3.9458],[15.6775,-3.9483],[15.6758,-3.9558],[15.6792,-3.955],[15.685,-3.9583],[15.6842,-3.9617],[15.6883,-3.96],[15.6883,-3.9633],[15.685,-3.965],[15.6875,-3.9708],[15.6842,-3.9742],[15.6792,-3.9767],[15.6725,-3.9725],[15.6725,-3.9792],[15.6683,-3.9833],[15.6617,-3.9825],[15.6625,-3.99],[15.6667,-3.9917],[15.6575,-3.9958],[15.6575,-3.9925],[15.6508,-3.9917],[15.6458,-3.995],[15.6375,-3.9908],[15.6383,-3.995],[15.6325,-3.9958],[15.6333,-4.0],[15.6283,-3.9975],[15.6233,-4.0025],[15.6225,-4.0],[15.6183,-3.9992],[15.6117,-4.01],[15.5992,-4.0067],[15.5967,-4.0125],[15.5875,-4.0133],[15.5892,-4.0092],[15.5858,-4.0017],[15.5883,-3.9992],[15.5817,-3.9925],[15.58,-3.9967],[15.5842,-3.9983],[15.5842,-4.0008],[15.5783,-4.0033],[15.5775,-3.9933],[15.5792,-3.9908],[15.5833,-3.9908],[15.5817,-3.9875],[15.5892,-3.99],[15.5892,-3.9817],[15.5867,-3.9817],[15.5867,-3.9792],[15.5767,-3.9783],[15.5733,-3.9758],[15.5758,-3.9792],[15.575,-3.9842],[15.5683,-3.9825],[15.5675,-3.9892],[15.565,-3.9892],[15.5658,-3.9933],[15.555,-3.9808],[15.5583,-3.9892]],[[15.565,-3.9892],[15.5642,-3.9875],[15.5642,-3.9892],[15.565,-3.9892]],[[15.5542,-3.9808],[15.5533,-3.9767],[15.5525,-3.9767],[15.5542,-3.9808]],[[15.5917,-3.9717],[15.5883,-3.9692],[15.5875,-3.9708],[15.5917,-3.9717]],[[15.5875,-3.9742],[15.5883,-3.9758],[15.5883,-3.9742],[15.5875,-3.9742]],[[15.59,-3.9783],[15.5875,-3.9775],[15.5875,-3.9792],[15.59,-3.9783]],[[15.6158,-3.99],[15.6133,-3.9858],[15.6142,-3.9908],[15.6158,-3.99]],[[15.6017,-3.9975],[15.6025,-3.9983],[15.6025,-3.9975],[15.6017,-3.9975]],[[15.6017,-3.9992],[15.6025,-4.0],[15.6025,-3.9992],[15.6017,-3.9992]],[[15.5267,-4.0033],[15.5275,-4.0042],[15.5275,-4.0033],[15.5267,-4.0033]]],[[[15.685,-4.8883],[15.6958,-4.8975],[15.6933,-4.9033],[15.6875,-4.9],[15.6825,-4.91],[15.6742,-4.905],[15.6758,-4.8983],[15.6783,-4.8983],[15.6833,-4.8917],[15.6875,-4.8925],[15.685,-4.8883]],[[15.6933,-4.8992],[15.69,-4.8958],[15.6875,-4.8967],[15.69,-4.9],[15.6933,-4.8992]],[[15.685,-4.8983],[15.6858,-4.8975],[15.685,-4.8975],[15.685,-4.8983]],[[15.685,-4.8983],[15.6842,-4.8992],[15.685,-4.8992],[15.685,-4.8983]],[[15.6825,-4.9042],[15.6833,-4.9008],[15.68,-4.9025],[15.6825,-4.9042]]],[[[15.7033,-4.8775],[15.7092,-4.8758],[15.7108,-4.8825],[15.6958,-4.8858],[15.6975,-4.875],[15.7033,-4.8775]],[[15.7008,-4.88],[15.7017,-4.8808],[15.7017,-4.88],[15.7008,-4.88]],[[15.705,-4.8817],[15.7075,-4.88],[15.705,-4.88],[15.705,-4.8817]],[[15.6983,-4.8825],[15.6975,-4.8842],[15.7,-4.8825],[15.6983,-4.8825]]],[[[15.7017,-4.86],[15.7025,-4.8642],[15.7,-4.8658],[15.6933,-4.8642],[15.695,-4.8567],[15.7017,-4.86]]],[[[15.7492,-4.8583],[15.7442,-4.865],[15.74,-4.8642],[15.74,-4.8617],[15.7442,-4.8617],[15.7425,-4.8608],[15.7442,-4.8567],[15.7492,-4.8583]]],[[[15.7308,-4.8383],[15.73,-4.8425],[15.7333,-4.8483],[15.7317,-4.8533],[15.7392,-4.855],[15.7375,-4.8467],[15.7417,-4.8433],[15.745,-4.8458],[15.7408,-4.8508],[15.7442,-4.8558],[15.7358,-4.86],[15.7333,-4.86],[15.7325,-4.8567],[15.7275,-4.8583],[15.7267,-4.8642],[15.73,-4.8633],[15.7283,-4.8625],[15.7292,-4.8608],[15.7325,-4.865],[15.7275,-4.8692],[15.7233,-4.8692],[15.7242,-4.8608],[15.7192,-4.8608],[15.7192,-4.8575],[15.7233,-4.8558],[15.7167,-4.8533],[15.715,-4.8442],[15.72,-4.8425],[15.7233,-4.8375],[15.7275,-4.84],[15.7308,-4.8383]],[[15.7208,-4.8467],[15.7183,-4.8442],[15.7183,-4.8467],[15.7208,-4.8467]],[[15.7225,-4.8483],[15.7267,-4.8542],[15.7267,-4.845],[15.7225,-4.8483]]],[[[15.7567,-4.8517],[15.7458,-4.8542],[15.7492,-4.8525],[15.75,-4.8467],[15.7542,-4.8458],[15.7533,-4.8417],[15.7567,-4.8367],[15.7608,-4.8358],[15.7608,-4.8475],[15.7567,-4.8517]],[[15.7567,-4.8425],[15.7592,-4.8433],[15.7592,-4.8408],[15.7567,-4.8425]]],[[[15.7392,-4.8158],[15.74,-4.83],[15.7342,-4.8292],[15.73,-4.8325],[15.73,-4.8258],[15.7258,-4.8208],[15.7325,-4.8117],[15.7392,-4.8158]],[[15.7308,-4.82],[15.735,-4.82],[15.735,-4.8175],[15.7308,-4.82]],[[15.7342,-4.8233],[15.7358,-4.8242],[15.7358,-4.8233],[15.7342,-4.8233]]],[[[15.7683,-4.7592],[15.7733,-4.7617],[15.7733,-4.7667],[15.7767,-4.7675],[15.78,-4.7742],[15.7808,-4.7783],[15.7783,-4.7817],[15.7808,-4.7833],[15.7808,-4.7883],[15.7775,-4.79],[15.7758,-4.7883],[15.7783,-4.785],[15.7708,-4.7842],[15.7775,-4.7792],[15.775,-4.7717],[15.7683,-4.775],[15.7708,-4.765],[15.7625,-4.7617],[15.7667,-4.755],[15.7692,-4.7558],[15.7683,-4.7592]]],[[[15.6708,-4.7458],[15.6792,-4.7442],[15.6817,-4.7483],[15.6775,-4.7458],[15.6692,-4.7475],[15.665,-4.7408],[15.6675,-4.74],[15.6708,-4.7458]]],[[[15.6958,-4.7225],[15.6875,-4.73],[15.6833,-4.7283],[15.6808,-4.73],[15.6758,-4.73],[15.6767,-4.7275],[15.68,-4.7292],[15.6808,-4.7258],[15.6883,-4.7275],[15.6958,-4.7225]]],[[[15.6867,-4.7233],[15.6925,-4.72],[15.6883,-4.7258],[15.6833,-4.7225],[15.6783,-4.7233],[15.6775,-4.7208],[15.685,-4.7192],[15.6867,-4.7233]]],[[[15.6883,-4.7083],[15.6833,-4.7125],[15.6783,-4.7108],[15.6783,-4.7158],[15.6758,-4.7158],[15.6767,-4.7092],[15.6883,-4.7083]]],[[[15.6767,-4.6958],[15.6733,-4.705],[15.6758,-4.7058],[15.6817,-4.7008],[15.6842,-4.7025],[15.685,-4.7075],[15.6825,-4.7067],[15.6825,-4.7025],[15.6792,-4.7033],[15.6767,-4.7083],[15.6708,-4.705],[15.6733,-4.6967],[15.6767,-4.6958]]],[[[15.7042,-4.4942],[15.6983,-4.4958],[15.6992,-4.4917],[15.695,-4.4883],[15.695,-4.4842],[15.6908,-4.4892],[15.6825,-4.4883],[15.6833,-4.485],[15.6792,-4.4792],[15.6808,-4.4717],[15.6833,-4.4708],[15.6825,-4.4675],[15.685,-4.4675],[15.6833,-4.4633],[15.6883,-4.4592],[15.6833,-4.4542],[15.68,-4.4542],[15.68,-4.4508],[15.6825,-4.4458],[15.695,-4.4425],[15.6958,-4.4467],[15.7017,-4.4517],[15.7025,-4.4575],[15.7108,-4.4567],[15.7092,-4.4525],[15.71,-4.4492],[15.7142,-4.4583],[15.72,-4.4617],[15.7183,-4.4658],[15.7242,-4.4658],[15.7308,-4.4725],[15.7342,-4.4608],[15.7367,-4.4583],[15.7433,-4.4592],[15.7433,-4.4542],[15.74,-4.4567],[15.7425,-4.45],[15.7367,-4.45],[15.7375,-4.4558],[15.7317,-4.4617],[15.7192,-4.4567],[15.7233,-4.4542],[15.7208,-4.4508],[15.7217,-4.4425],[15.7267,-4.4433],[15.7267,-4.4383],[15.7317,-4.4408],[15.7333,-4.4375],[15.7317,-4.4333],[15.7342,-4.43],[15.7292,-4.4267],[15.7283,-4.4217],[15.7317,-4.4167],[15.7275,-4.4158],[15.7392,-4.4167],[15.7425,-4.4133],[15.7483,-4.415],[15.7517,-4.4133],[15.7508,-4.4058],[15.7425,-4.4067],[15.7375,-4.3975],[15.7275,-4.4008],[15.7267,-4.3933],[15.73,-4.39],[15.7392,-4.3892],[15.7317,-4.3875],[15.7342,-4.3833],[15.7458,-4.3867],[15.7458,-4.3917],[15.7383,-4.3942],[15.7417,-4.3942],[15.7417,-4.3983],[15.7575,-4.4017],[15.7583,-4.4058],[15.7542,-4.4075],[15.7567,-4.415],[15.7508,-4.4192],[15.7433,-4.4183],[15.74,-4.4217],[15.735,-4.4208],[15.735,-4.4258],[15.7392,-4.4292],[15.74,-4.4333],[15.7375,-4.4342],[15.7383,-4.4392],[15.7358,-4.4442],[15.7275,-4.4475],[15.7258,-4.4542],[15.73,-4.4558],[15.7358,-4.4458],[15.7425,-4.4458],[15.745,-4.4392],[15.75,-4.4417],[15.755,-4.435],[15.7592,-4.4358],[15.7592,-4.4425],[15.765,-4.4425],[15.77,-4.4375],[15.77,-4.4442],[15.7758,-4.4525],[15.7708,-4.4525],[15.7667,-4.4492],[15.7692,-4.4575],[15.7675,-4.4608],[15.7567,-4.4492],[15.7533,-4.4492],[15.7525,-4.4542],[15.7475,-4.4517],[15.7467,-4.455],[15.7542,-4.4633],[15.7517,-4.47],[15.7542,-4.4767],[15.7508,-4.4775],[15.7467,-4.4717],[15.7467,-4.4658],[15.7408,-4.4625],[15.7358,-4.4675],[15.7358,-4.4708],[15.74,-4.4717],[15.7433,-4.4758],[15.7383,-4.4758],[15.7383,-4.4825],[15.735,-4.4842],[15.7233,-4.4708],[15.7192,-4.4708],[15.7175,-4.4667],[15.7092,-4.46],[15.7008,-4.4608],[15.6975,-4.4517],[15.6925,-4.45],[15.6883,-4.4517],[15.6925,-4.4558],[15.6917,-4.465],[15.6975,-4.47],[15.6942,-4.4742],[15.6875,-4.4742],[15.6875,-4.4825],[15.6925,-4.4783],[15.6967,-4.4783],[15.7,-4.4867],[15.705,-4.4825],[15.72,-4.4833],[15.7242,-4.49],[15.7225,-4.4933],[15.7242,-4.4975],[15.735,-4.4892],[15.7442,-4.4883],[15.7492,-4.4908],[15.7508,-4.5042],[15.7483,-4.5083],[15.7542,-4.5175],[15.7533,-4.5233],[15.7458,-4.5267],[15.7525,-4.5292],[15.755,-4.535],[15.7492,-4.5367],[15.75,-4.5417],[15.7467,-4.5442],[15.7433,-4.5433],[15.7433,-4.54],[15.7375,-4.5358],[15.7325,-4.545],[15.7333,-4.5592],[15.7267,-4.5583],[15.7192,-4.5667],[15.7225,-4.5775],[15.71,-4.575],[15.7108,-4.5842],[15.7058,-4.585],[15.7042,-4.5883],[15.7075,-4.5975],[15.7,-4.6042],[15.7,-4.6117],[15.6967,-4.6142],[15.69,-4.6133],[15.6817,-4.6225],[15.6842,-4.635],[15.68,-4.64],[15.6808,-4.6442],[15.685,-4.6467],[15.685,-4.6517],[15.6892,-4.6525],[15.685,-4.6433],[15.6892,-4.6367],[15.6967,-4.6392],[15.7017,-4.6442],[15.7075,-4.6417],[15.7117,-4.6517],[15.7142,-4.6517],[15.7167,-4.6467],[15.7258,-4.6483],[15.725,-4.6575],[15.7225,-4.6575],[15.72,-4.6633],[15.71,-4.6667],[15.71,-4.67],[15.7133,-4.67],[15.7158,-4.6742],[15.7208,-4.6758],[15.7283,-4.6733],[15.7317,-4.6675],[15.7442,-4.6675],[15.7517,-4.6542],[15.7542,-4.6567],[15.7592,-4.6542],[15.7617,-4.6617],[15.765,-4.6608],[15.7617,-4.6667],[15.7575,-4.665],[15.7583,-4.6608],[15.7517,-4.6608],[15.7475,-4.6742],[15.735,-4.6733],[15.7342,-4.6792],[15.7267,-4.6783],[15.7192,-4.6825],[15.7125,-4.6792],[15.7117,-4.6758],[15.7033,-4.6733],[15.7058,-4.6625],[15.7158,-4.6608],[15.7158,-4.6583],[15.7192,-4.6575],[15.7183,-4.6525],[15.715,-4.6567],[15.7108,-4.6567],[15.7067,-4.6542],[15.705,-4.6483],[15.7,-4.65],[15.6933,-4.6425],[15.69,-4.6425],[15.6917,-4.6475],[15.6958,-4.6483],[15.6967,-4.6525],[15.6908,-4.6575],[15.6817,-4.6542],[15.6825,-4.6592],[15.6792,-4.6575],[15.6792,-4.65],[15.6742,-4.6458],[15.6758,-4.6425],[15.6742,-4.6342],[15.6792,-4.6333],[15.6758,-4.6233],[15.6875,-4.6075],[15.695,-4.6083],[15.695,-4.6017],[15.7,-4.5992],[15.7017,-4.5942],[15.6992,-4.5858],[15.7017,-4.5808],[15.7058,-4.58],[15.7042,-4.5733],[15.7067,-4.5725],[15.7067,-4.5692],[15.7042,-4.5667],[15.7075,-4.57],[15.715,-4.5708],[15.7133,-4.5658],[15.7183,-4.5575],[15.7275,-4.5533],[15.7275,-4.5442],[15.7308,-4.5358],[15.7333,-4.5367],[15.7358,-4.5317],[15.74,-4.5317],[15.7433,-4.535],[15.7475,-4.5333],[15.7475,-4.5308],[15.7417,-4.5308],[15.7392,-4.5267],[15.75,-4.5192],[15.7433,-4.5092],[15.7467,-4.5025],[15.7458,-4.4942],[15.7408,-4.4925],[15.73,-4.4967],[15.7292,-4.5033],[15.7342,-4.5042],[15.7342,-4.5083],[15.7308,-4.5092],[15.7317,-4.5142],[15.7283,-4.5183],[15.7183,-4.5158],[15.7192,-4.5092],[15.7267,-4.5067],[15.7208,-4.5042],[15.7183,-4.4875],[15.7092,-4.4875],[15.7042,-4.4942]],[[15.7083,-4.4883],[15.7067,-4.4875],[15.7067,-4.4883],[15.7083,-4.4883]],[[15.7325,-4.3958],[15.7358,-4.395],[15.7367,-4.3933],[15.7325,-4.3933],[15.7325,-4.3958]],[[15.745,-4.405],[15.7458,-4.4017],[15.7425,-4.4017],[15.745,-4.405]],[[15.7467,-4.4475],[15.75,-4.4483],[15.7558,-4.4442],[15.7542,-4.4425],[15.7508,-4.445],[15.7467,-4.4442],[15.7467,-4.4475]],[[15.765,-4.445],[15.7675,-4.4458],[15.7675,-4.445],[15.765,-4.445]],[[15.76,-4.4467],[15.7608,-4.4475],[15.7608,-4.4467],[15.76,-4.4467]],[[15.7442,-4.4608],[15.7458,-4.4592],[15.7442,-4.4592],[15.7442,-4.4608]],[[15.7325,-4.4733],[15.7342,-4.4767],[15.7333,-4.4733],[15.7325,-4.4733]],[[15.7008,-4.4908],[15.7,-4.4925],[15.7025,-4.4908],[15.7008,-4.4908]],[[15.7283,-4.5058],[15.73,-4.5067],[15.73,-4.5058],[15.7283,-4.5058]],[[15.7308,-4.5058],[15.7317,-4.5067],[15.7317,-4.5058],[15.7308,-4.5058]],[[15.73,-4.5108],[15.7283,-4.5133],[15.73,-4.5133],[15.73,-4.5108]],[[15.7217,-4.6533],[15.7225,-4.6542],[15.7225,-4.6533],[15.7217,-4.6533]]],[[[15.9725,-4.4892],[15.9633,-4.5067],[15.95,-4.5183],[15.9517,-4.5142],[15.9625,-4.505],[15.9675,-4.4933],[15.9725,-4.4892]]],[[[15.9783,-4.4892],[15.97,-4.5033],[15.9667,-4.505],[15.9642,-4.5108],[15.9617,-4.5108],[15.9642,-4.5058],[15.9692,-4.5025],[15.9725,-4.4925],[15.9783,-4.4892]]],[[[15.98,-4.4775],[15.9742,-4.4858],[15.9742,-4.4833],[15.9775,-4.4808],[15.9783,-4.4725],[15.9817,-4.4725],[15.9858,-4.4675],[15.9825,-4.4733],[15.9833,-4.4817],[15.9808,-4.4833],[15.9808,-4.4875],[15.9792,-4.4875],[15.98,-4.4775]],[[15.9783,-4.475],[15.98,-4.4767],[15.9808,-4.4742],[15.9783,-4.475]]],[[[15.6575,-4.2458],[15.655,-4.2392],[15.6558,-4.2358],[15.6608,-4.2342],[15.66,-4.2367],[15.6633,-4.2367],[15.6658,-4.2333],[15.665,-4.2283],[15.6608,-4.225],[15.6608,-4.2183],[15.6742,-4.2233],[15.6758,-4.2275],[15.6817,-4.2275],[15.6783,-4.2267],[15.6792,-4.2233],[15.6742,-4.2217],[15.675,-4.215],[15.6683,-4.2167],[15.6667,-4.2142],[15.6683,-4.205],[15.6667,-4.2075],[15.665,-4.2008],[15.6608,-4.2042],[15.66,-4.2083],[15.6575,-4.2042],[15.6683,-4.1892],[15.675,-4.1867],[15.6833,-4.1875],[15.68,-4.19],[15.6892,-4.1908],[15.69,-4.1958],[15.6758,-4.1933],[15.6792,-4.1983],[15.6767,-4.2017],[15.6792,-4.2025],[15.6767,-4.2067],[15.6775,-4.2117],[15.6825,-4.2133],[15.6783,-4.2192],[15.69,-4.2183],[15.6958,-4.2242],[15.6917,-4.2292],[15.685,-4.225],[15.6817,-4.2325],[15.6742,-4.2308],[15.6725,-4.2267],[15.6683,-4.23],[15.6725,-4.235],[15.6842,-4.2333],[15.6858,-4.2358],[15.6817,-4.2408],[15.6858,-4.2417],[15.6883,-4.2508],[15.68,-4.2525],[15.6817,-4.2525],[15.6808,-4.2567],[15.6858,-4.255],[15.6883,-4.2575],[15.6883,-4.2708],[15.6908,-4.2708],[15.6942,-4.25],[15.6983,-4.2517],[15.7017,-4.2575],[15.7042,-4.2525],[15.7092,-4.2542],[15.7083,-4.265],[15.7008,-4.2725],[15.6975,-4.285],[15.7017,-4.2808],[15.7067,-4.2675],[15.7092,-4.27],[15.7125,-4.2692],[15.7117,-4.2508],[15.7158,-4.2517],[15.7167,-4.2575],[15.7267,-4.2592],[15.725,-4.2617],[15.7258,-4.2642],[15.7275,-4.2633],[15.7267,-4.2692],[15.73,-4.2683],[15.7325,-4.2708],[15.7308,-4.2775],[15.7342,-4.2792],[15.7317,-4.2842],[15.7267,-4.285],[15.7267,-4.2958],[15.7292,-4.2992],[15.7325,-4.2892],[15.7392,-4.2917],[15.7383,-4.2975],[15.7483,-4.3017],[15.7492,-4.3108],[15.7458,-4.3142],[15.7492,-4.3158],[15.7508,-4.3233],[15.7483,-4.3233],[15.7492,-4.3283],[15.7467,-4.3292],[15.7492,-4.3325],[15.7458,-4.3325],[15.7433,-4.3425],[15.74,-4.3442],[15.7442,-4.3467],[15.7433,-4.3542],[15.7383,-4.3542],[15.7367,-4.3575],[15.7308,-4.3575],[15.7283,-4.355],[15.7258,-4.3642],[15.73,-4.3642],[15.735,-4.3592],[15.7517,-4.3592],[15.7533,-4.3708],[15.7508,-4.3767],[15.7517,-4.3825],[15.7492,-4.3842],[15.7417,-4.3833],[15.735,-4.3783],[15.7233,-4.3792],[15.7317,-4.3817],[15.7233,-4.3875],[15.7142,-4.3808],[15.7192,-4.3725],[15.7233,-4.375],[15.72,-4.3667],[15.7233,-4.35],[15.7325,-4.3492],[15.7308,-4.3425],[15.7242,-4.3433],[15.7192,-4.3358],[15.7225,-4.3333],[15.7258,-4.335],[15.7258,-4.3292],[15.73,-4.3292],[15.7317,-4.3242],[15.7367,-4.3258],[15.7367,-4.3217],[15.74,-4.32],[15.7367,-4.3158],[15.7433,-4.3075],[15.7358,-4.3125],[15.73,-4.3083],[15.7283,-4.3125],[15.7233,-4.315],[15.7183,-4.3117],[15.7175,-4.305],[15.7233,-4.2983],[15.72,-4.2975],[15.72,-4.2933],[15.7142,-4.2925],[15.715,-4.2858],[15.71,-4.2842],[15.7142,-4.2775],[15.7133,-4.2725],[15.7083,-4.275],[15.6992,-4.2917],[15.695,-4.2908],[15.6917,-4.2858],[15.6942,-4.2767],[15.6842,-4.28],[15.6858,-4.2758],[15.6817,-4.2742],[15.6808,-4.2708],[15.6842,-4.2683],[15.6825,-4.2633],[15.6858,-4.26],[15.685,-4.2575],[15.6792,-4.265],[15.675,-4.265],[15.6633,-4.2525],[15.6642,-4.2483],[15.67,-4.2425],[15.6808,-4.2383],[15.6808,-4.2358],[15.6625,-4.2442],[15.6625,-4.2467],[15.6575,-4.2458]],[[15.7067,-4.2708],[15.7075,-4.2717],[15.7075,-4.2708],[15.7067,-4.2708]],[[15.7325,-4.3492],[15.7333,-4.35],[15.7333,-4.3492],[15.7325,-4.3492]],[[15.7333,-4.35],[15.735,-4.3508],[15.735,-4.35],[15.7333,-4.35]],[[15.6608,-4.245],[15.6617,-4.2442],[15.6608,-4.2442],[15.6608,-4.245]],[[15.675,-4.1892],[15.6758,-4.19],[15.6758,-4.1892],[15.675,-4.1892]],[[15.6767,-4.19],[15.6783,-4.1908],[15.6783,-4.19],[15.6767,-4.19]],[[15.6667,-4.1983],[15.6725,-4.1975],[15.6717,-4.1917],[15.6692,-4.1925],[15.6667,-4.1983]],[[15.6758,-4.2008],[15.6692,-4.2008],[15.6692,-4.2033],[15.6725,-4.2033],[15.6758,-4.2008]],[[15.6708,-4.2133],[15.6725,-4.21],[15.6692,-4.2133],[15.6708,-4.2133]],[[15.6633,-4.22],[15.6642,-4.2208],[15.6642,-4.22],[15.6633,-4.22]],[[15.6817,-4.2217],[15.6825,-4.2233],[15.6825,-4.2217],[15.6817,-4.2217]],[[15.6642,-4.24],[15.6717,-4.2383],[15.6725,-4.2358],[15.6667,-4.2358],[15.6642,-4.24]],[[15.6575,-4.2375],[15.6583,-4.2383],[15.6583,-4.2375],[15.6575,-4.2375]],[[15.6792,-4.24],[15.68,-4.2408],[15.68,-4.24],[15.6792,-4.24]],[[15.6775,-4.2408],[15.6783,-4.2417],[15.6783,-4.2408],[15.6775,-4.2408]],[[15.6725,-4.2458],[15.6708,-4.2467],[15.6708,-4.2483],[15.6725,-4.2458]],[[15.6783,-4.2458],[15.6767,-4.2467],[15.6767,-4.2492],[15.6792,-4.2483],[15.6783,-4.2458]],[[15.6692,-4.25],[15.67,-4.2508],[15.67,-4.25],[15.6692,-4.25]],[[15.6725,-4.2592],[15.6758,-4.2575],[15.6758,-4.2517],[15.6725,-4.2592]],[[15.7058,-4.2558],[15.7067,-4.2567],[15.7067,-4.2558],[15.7058,-4.2558]],[[15.7175,-4.2742],[15.7217,-4.2667],[15.7167,-4.2608],[15.7175,-4.2742]],[[15.695,-4.2675],[15.695,-4.2617],[15.6933,-4.2617],[15.6933,-4.2675],[15.695,-4.2675]],[[15.6983,-4.2683],[15.7,-4.2625],[15.6975,-4.2633],[15.6983,-4.2683]],[[15.6983,-4.2683],[15.6975,-4.2692],[15.6983,-4.2692],[15.6983,-4.2683]],[[15.6942,-4.2742],[15.695,-4.2758],[15.695,-4.2742],[15.6942,-4.2742]],[[15.7275,-4.2742],[15.7175,-4.2833],[15.7233,-4.2817],[15.7275,-4.2742]],[[15.7208,-4.275],[15.7217,-4.2758],[15.7217,-4.275],[15.7208,-4.275]],[[15.715,-4.2808],[15.7158,-4.28],[15.715,-4.28],[15.715,-4.2808]],[[15.715,-4.2825],[15.7125,-4.2817],[15.7125,-4.2833],[15.715,-4.2825]],[[15.7333,-4.2992],[15.735,-4.3017],[15.735,-4.2992],[15.7333,-4.2992]],[[15.7258,-4.305],[15.7233,-4.3067],[15.7233,-4.3083],[15.7258,-4.3075],[15.7258,-4.305]],[[15.7367,-4.305],[15.7383,-4.3058],[15.7383,-4.305],[15.7367,-4.305]],[[15.7433,-4.3192],[15.7458,-4.32],[15.7458,-4.3192],[15.7433,-4.3192]],[[15.7408,-4.3283],[15.7375,-4.3267],[15.7383,-4.33],[15.7408,-4.3283]],[[15.7342,-4.3317],[15.735,-4.33],[15.7342,-4.33],[15.7342,-4.3317]],[[15.7392,-4.3308],[15.7408,-4.3325],[15.7408,-4.3308],[15.7392,-4.3308]],[[15.7233,-4.335],[15.7217,-4.3358],[15.7225,-4.3383],[15.7242,-4.3383],[15.7233,-4.335]],[[15.7333,-4.3367],[15.7308,-4.3358],[15.7308,-4.3375],[15.7333,-4.3367]],[[15.7342,-4.3392],[15.7358,-4.34],[15.7358,-4.3392],[15.7342,-4.3392]],[[15.7375,-4.3408],[15.7383,-4.34],[15.7375,-4.34],[15.7375,-4.3408]],[[15.7375,-4.3408],[15.7367,-4.3417],[15.7375,-4.3417],[15.7375,-4.3408]],[[15.7417,-4.3642],[15.7242,-4.3717],[15.7292,-4.3758],[15.7317,-4.3717],[15.7417,-4.3758],[15.7417,-4.3725],[15.7467,-4.37],[15.7483,-4.3642],[15.7442,-4.3667],[15.7417,-4.3642]],[[15.7433,-4.3775],[15.745,-4.3783],[15.745,-4.3775],[15.7433,-4.3775]],[[15.7158,-4.3792],[15.7167,-4.3808],[15.7167,-4.3792],[15.7158,-4.3792]]],[[[15.7875,-4.0358],[15.7933,-4.03],[15.7942,-4.0325],[15.7942,-4.0233],[15.7908,-4.0033],[15.795,-4.0092],[15.8033,-4.04],[15.7967,-4.04],[15.795,-4.0367],[15.7917,-4.0383],[15.79,-4.0417],[15.7917,-4.0458],[15.7858,-4.05],[15.7875,-4.0608],[15.7817,-4.0583],[15.7808,-4.0608],[15.775,-4.0617],[15.7742,-4.0583],[15.7708,-4.0592],[15.765,-4.0667],[15.765,-4.0783],[15.7608,-4.0817],[15.76,-4.0858],[15.7575,-4.0867],[15.7533,-4.0808],[15.7525,-4.0908],[15.7508,-4.0917],[15.7492,-4.0883],[15.7442,-4.0917],[15.7442,-4.0942],[15.7417,-4.0908],[15.7408,-4.0933],[15.7367,-4.0925],[15.7333,-4.095],[15.7325,-4.1017],[15.7283,-4.1008],[15.7283,-4.0958],[15.725,-4.0967],[15.7217,-4.0942],[15.7117,-4.0992],[15.71,-4.0942],[15.715,-4.09],[15.725,-4.0908],[15.725,-4.0883],[15.7333,-4.0883],[15.7317,-4.0833],[15.7342,-4.0808],[15.7358,-4.0858],[15.7458,-4.0825],[15.7458,-4.0742],[15.7517,-4.0742],[15.7575,-4.07],[15.7567,-4.0625],[15.7592,-4.0592],[15.755,-4.0608],[15.7517,-4.0542],[15.76,-4.0525],[15.7575,-4.0475],[15.7617,-4.0442],[15.7642,-4.0442],[15.7667,-4.0492],[15.7717,-4.0475],[15.7733,-4.0425],[15.7767,-4.0442],[15.7758,-4.0333],[15.7775,-4.0317],[15.7825,-4.0333],[15.7858,-4.0267],[15.785,-4.0108],[15.7875,-4.0042],[15.7875,-4.0117],[15.7917,-4.0175],[15.7917,-4.0267],[15.7875,-4.0358]],[[15.7867,-4.0358],[15.7833,-4.0383],[15.7792,-4.0492],[15.77,-4.0542],[15.7642,-4.0517],[15.7617,-4.055],[15.7642,-4.0583],[15.7608,-4.065],[15.77,-4.055],[15.7742,-4.0525],[15.7775,-4.055],[15.7792,-4.0508],[15.7817,-4.0508],[15.7867,-4.0358]],[[15.7575,-4.0558],[15.7583,-4.0567],[15.7583,-4.0558],[15.7575,-4.0558]],[[15.76,-4.0733],[15.7525,-4.0775],[15.755,-4.0767],[15.7592,-4.08],[15.7617,-4.0692],[15.76,-4.0733]],[[15.75,-4.0783],[15.7517,-4.0792],[15.7517,-4.0783],[15.75,-4.0783]],[[15.7425,-4.0867],[15.7417,-4.09],[15.7475,-4.0858],[15.7508,-4.0875],[15.75,-4.0817],[15.7467,-4.0858],[15.7425,-4.0867]],[[15.7392,-4.0875],[15.725,-4.0933],[15.7308,-4.0942],[15.7392,-4.0875]],[[15.7183,-4.0908],[15.715,-4.0942],[15.7192,-4.0933],[15.7183,-4.0908]],[[15.715,-4.0942],[15.7133,-4.0958],[15.7142,-4.0958],[15.715,-4.0942]]],[[[15.69,-4.0217],[15.695,-4.0367],[15.6992,-4.0358],[15.6992,-4.04],[15.7042,-4.0417],[15.705,-4.0375],[15.7075,-4.0383],[15.7083,-4.0433],[15.705,-4.0483],[15.7017,-4.0492],[15.6992,-4.0442],[15.695,-4.0442],[15.695,-4.0417],[15.6908,-4.0392],[15.6875,-4.0308],[15.69,-4.0217]]],[[[15.705,-4.0342],[15.7042,-4.0375],[15.7008,-4.035],[15.7033,-4.0317],[15.7033,-4.0208],[15.7092,-4.0217],[15.7083,-4.0333],[15.705,-4.0342]]],[[[15.6808,-4.0208],[15.6825,-4.03],[15.6833,-4.0258],[15.6875,-4.0225],[15.6858,-4.035],[15.68,-4.0358],[15.6767,-4.0308],[15.6775,-4.0242],[15.6742,-4.0242],[15.6742,-4.0208],[15.6808,-4.0208]]],[[[15.72,-4.02],[15.7192,-4.0275],[15.7158,-4.0292],[15.7108,-4.0208],[15.7125,-4.0192],[15.7167,-4.0242],[15.715,-4.015],[15.72,-4.02]]],[[[15.8042,-4.0133],[15.8058,-4.0242],[15.8092,-4.0258],[15.8067,-4.0175],[15.8075,-4.0133],[15.81,-4.0275],[15.8033,-4.0242],[15.8008,-4.01],[15.8042,-4.0133]]],[[[15.7767,-4.0217],[15.7817,-4.0142],[15.7783,-4.0258],[15.7725,-4.0225],[15.7758,-4.0108],[15.7783,-4.0108],[15.7767,-4.0217]]],[[[15.7342,-4.01],[15.7408,-4.0133],[15.7392,-4.0258],[15.7433,-4.0167],[15.7467,-4.0133],[15.7492,-4.015],[15.7408,-4.03],[15.7358,-4.0267],[15.7375,-4.0167],[15.7325,-4.0125],[15.7317,-4.0067],[15.7342,-4.01]]],[[[15.77,-4.0117],[15.765,-4.0225],[15.7608,-4.025],[15.7575,-4.0225],[15.7567,-4.0167],[15.7533,-4.0192],[15.75,-4.0183],[15.7542,-4.0142],[15.7592,-4.0142],[15.7617,-4.0217],[15.7625,-4.015],[15.7692,-4.0083],[15.77,-4.0117]]],[[[15.73,-4.02],[15.7267,-4.0225],[15.7208,-4.0192],[15.7183,-4.0117],[15.7258,-4.015],[15.7258,-4.0067],[15.7283,-4.0067],[15.73,-4.02]]],[[[15.8133,-4.0167],[15.8092,-4.015],[15.8117,-4.0067],[15.815,-4.0133],[15.8133,-4.0167]]],[[[15.8517,-4.0008],[15.85,-4.005],[15.8542,-4.0117],[15.8517,-4.02],[15.8467,-4.0225],[15.8467,-4.0158],[15.8433,-4.0125],[15.8425,-4.0225],[15.835,-4.0208],[15.8342,-4.0125],[15.8383,-4.0083],[15.8433,-4.005],[15.8417,-4.0092],[15.8483,-4.01],[15.8458,-4.005],[15.8475,-4.0025],[15.8458,-3.9975],[15.8483,-3.9967],[15.8467,-3.9917],[15.85,-3.9917],[15.8517,-4.0008]],[[15.84,-4.0117],[15.8367,-4.0183],[15.8383,-4.0183],[15.84,-4.0117]],[[15.8392,-4.0175],[15.8408,-4.0208],[15.84,-4.0175],[15.8392,-4.0175]],[[15.8492,-4.0117],[15.85,-4.0133],[15.85,-4.0117],[15.8492,-4.0117]]],[[[15.8425,-3.995],[15.8375,-4.0042],[15.8383,-4.0067],[15.8342,-4.0075],[15.8392,-3.9925],[15.8425,-3.995]]],[[[15.835,-3.9942],[15.83,-4.0042],[15.8267,-4.0042],[15.8267,-3.995],[15.83,-3.9992],[15.8333,-3.9925],[15.835,-3.9942]]],[[[15.9067,-3.9775],[15.905,-3.9883],[15.9158,-3.9892],[15.9192,-3.9942],[15.915,-3.9958],[15.915,-4.0],[15.9067,-3.995],[15.9067,-4.0025],[15.9017,-4.0067],[15.9008,-3.9933],[15.9033,-3.995],[15.9067,-3.9933],[15.9017,-3.9892],[15.9017,-3.985],[15.9042,-3.985],[15.9033,-3.975],[15.9067,-3.9775]],[[15.9092,-3.9925],[15.9133,-3.9958],[15.915,-3.9908],[15.9092,-3.9925]]],[[[15.8717,-3.9917],[15.87,-3.9975],[15.8658,-3.9992],[15.8642,-3.985],[15.8675,-3.9933],[15.8692,-3.9917],[15.8667,-3.9817],[15.87,-3.9817],[15.8717,-3.9917]]],[[[15.9758,-3.9883],[15.9767,-3.995],[15.9742,-3.9967],[15.9733,-3.9867],[15.9767,-3.9808],[15.9792,-3.9808],[15.9758,-3.9883]]],[[[15.8958,-3.9808],[15.8958,-3.9892],[15.8992,-3.995],[15.8908,-3.9983],[15.8908,-3.9942],[15.8942,-3.9925],[15.8917,-3.9733],[15.8958,-3.9808]]],[[[15.8833,-3.9875],[15.88,-3.9867],[15.8758,-3.9883],[15.8733,-3.9817],[15.8733,-3.9758],[15.875,-3.9758],[15.8767,-3.9842],[15.88,-3.9842],[15.8792,-3.9725],[15.8825,-3.9742],[15.8833,-3.9875]]],[[[15.9583,-3.9667],[15.9583,-3.9692],[15.9633,-3.97],[15.965,-3.9775],[15.96,-3.9775],[15.9567,-3.9833],[15.9458,-3.9825],[15.945,-3.9733],[15.9483,-3.9725],[15.955,-3.98],[15.9558,-3.9758],[15.9608,-3.9733],[15.955,-3.9692],[15.9558,-3.965],[15.965,-3.9633],[15.9583,-3.9667]]],[[[15.9275,-3.9625],[15.9258,-3.9775],[15.9283,-3.975],[15.9333,-3.9775],[15.9308,-3.9858],[15.9308,-3.9775],[15.9283,-3.9767],[15.925,-3.9817],[15.9225,-3.9817],[15.9233,-3.9717],[15.9258,-3.9683],[15.9258,-3.965],[15.9225,-3.9642],[15.9233,-3.9617],[15.9275,-3.9625]]],[[[15.9833,-3.9675],[15.98,-3.9775],[15.975,-3.9742],[15.9775,-3.9683],[15.9833,-3.9675]]],[[[15.935,-3.9642],[15.9342,-3.9733],[15.9325,-3.9733],[15.93,-3.9692],[15.9317,-3.9667],[15.93,-3.9542],[15.935,-3.9642]]],[[[15.7508,-3.95],[15.7525,-3.9658],[15.7608,-3.9692],[15.7683,-3.965],[15.7708,-3.9592],[15.7758,-3.9617],[15.7792,-3.97],[15.7875,-3.9675],[15.7933,-3.9692],[15.7967,-3.9542],[15.8,-3.955],[15.8025,-3.9617],[15.805,-3.9617],[15.8067,-3.9567],[15.8108,-3.9542],[15.8158,-3.9617],[15.8125,-3.9625],[15.8092,-3.96],[15.8033,-3.9658],[15.7992,-3.9633],[15.7992,-3.9683],[15.7958,-3.9717],[15.8017,-3.9733],[15.7983,-3.975],[15.7883,-3.9742],[15.7783,-3.9767],[15.7717,-3.97],[15.7625,-3.975],[15.7517,-3.9758],[15.7542,-3.9708],[15.7492,-3.97],[15.7475,-3.9667],[15.7492,-3.9525],[15.745,-3.9508],[15.7425,-3.9467],[15.7508,-3.95]]],[[[15.9558,-3.945],[15.9617,-3.9533],[15.9617,-3.9575],[15.9592,-3.9592],[15.9575,-3.9592],[15.9592,-3.9542],[15.9542,-3.9508],[15.9525,-3.9442],[15.9558,-3.945]]],[[[15.9467,-3.9508],[15.9442,-3.9517],[15.9408,-3.9492],[15.9392,-3.9567],[15.9342,-3.9533],[15.9342,-3.9508],[15.9367,-3.9517],[15.9408,-3.9458],[15.9433,-3.9458],[15.9467,-3.9508]]],[[[15.8283,-3.9542],[15.825,-3.9567],[15.8225,-3.9525],[15.8225,-3.9583],[15.8175,-3.9592],[15.8183,-3.9417],[15.8258,-3.9417],[15.8283,-3.9542]],[[15.8217,-3.9467],[15.8233,-3.9442],[15.8217,-3.9442],[15.8217,-3.9467]]],[[[15.835,-3.935],[15.8417,-3.9492],[15.8333,-3.9408],[15.8342,-3.9525],[15.8308,-3.955],[15.8292,-3.9408],[15.8317,-3.9358],[15.835,-3.935]]],[[[15.6725,-3.9217],[15.6758,-3.9292],[15.6725,-3.9292],[15.6692,-3.9233],[15.67,-3.915],[15.6642,-3.9075],[15.665,-3.9008],[15.675,-3.9092],[15.6767,-3.9183],[15.6825,-3.9175],[15.68,-3.9233],[15.6858,-3.9267],[15.6858,-3.9317],[15.6892,-3.9308],[15.6892,-3.925],[15.6917,-3.9225],[15.7025,-3.93],[15.7017,-3.9333],[15.6983,-3.9342],[15.7,-3.9475],[15.7033,-3.9492],[15.7017,-3.965],[15.7075,-3.9733],[15.7217,-3.9742],[15.7208,-3.9675],[15.7242,-3.9658],[15.7242,-3.9592],[15.7275,-3.9542],[15.7325,-3.9567],[15.7358,-3.9692],[15.74,-3.97],[15.7417,-3.9575],[15.7392,-3.9542],[15.7417,-3.9475],[15.7425,-3.9558],[15.7458,-3.9583],[15.7458,-3.9717],[15.7425,-3.9733],[15.7433,-3.9767],[15.7358,-3.9775],[15.7308,-3.9683],[15.7292,-3.9575],[15.7275,-3.9592],[15.7292,-3.9683],[15.7267,-3.97],[15.7292,-3.9783],[15.7217,-3.9808],[15.715,-3.9783],[15.715,-3.9817],[15.7108,-3.9825],[15.7108,-3.98],[15.7017,-3.9733],[15.6967,-3.9658],[15.6967,-3.9558],[15.6992,-3.9508],[15.6967,-3.9475],[15.695,-3.9342],[15.7,-3.93],[15.6925,-3.9283],[15.6908,-3.9358],[15.6833,-3.9383],[15.6817,-3.9292],[15.6742,-3.9208],[15.6733,-3.915],[15.6725,-3.9217]],[[15.6733,-3.915],[15.6725,-3.9125],[15.6725,-3.915],[15.6733,-3.915]],[[15.6725,-3.9125],[15.6717,-3.9117],[15.6717,-3.9125],[15.6725,-3.9125]]],[[[15.8617,-3.9275],[15.8658,-3.9375],[15.8625,-3.9375],[15.8592,-3.9317],[15.8583,-3.9392],[15.8575,-3.9283],[15.8617,-3.9275]]],[[[15.98,-3.9333],[15.98,-3.9242],[15.9825,-3.9258],[15.9833,-3.935],[15.9775,-3.9358],[15.9742,-3.9317],[15.975,-3.9225],[15.9775,-3.9325],[15.98,-3.9333]]],[[[15.9942,-3.9175],[15.9883,-3.94],[15.9875,-3.9333],[15.9942,-3.9175]]],[[[15.8667,-3.9233],[15.8717,-3.9275],[15.8708,-3.935],[15.8683,-3.9333],[15.8683,-3.9267],[15.8642,-3.9242],[15.865,-3.9158],[15.8675,-3.9167],[15.8667,-3.9233]]],[[[15.96,-3.9192],[15.9658,-3.93],[15.965,-3.9317],[15.9592,-3.925],[15.96,-3.9208],[15.9533,-3.9192],[15.9533,-3.9133],[15.9558,-3.9125],[15.9567,-3.9192],[15.96,-3.9192]]],[[[15.88,-3.9192],[15.8842,-3.9308],[15.88,-3.9325],[15.8792,-3.9217],[15.8758,-3.9167],[15.8767,-3.9108],[15.8825,-3.9167],[15.88,-3.9192]],[[15.88,-3.9175],[15.8792,-3.9167],[15.8792,-3.9175],[15.88,-3.9175]],[[15.8792,-3.9167],[15.8783,-3.9158],[15.8783,-3.9167],[15.8792,-3.9167]]],[[[15.905,-3.91],[15.9017,-3.9108],[15.8958,-3.9242],[15.8967,-3.9275],[15.9,-3.9242],[15.9008,-3.9267],[15.8917,-3.9367],[15.8942,-3.9333],[15.8925,-3.9267],[15.895,-3.9142],[15.8917,-3.9117],[15.8908,-3.9067],[15.895,-3.9042],[15.9025,-3.9083],[15.9058,-3.9025],[15.905,-3.91]],[[15.8942,-3.91],[15.8967,-3.9092],[15.8933,-3.9067],[15.8942,-3.91]]],[[[15.8783,-3.8642],[15.8858,-3.8717],[15.8842,-3.8767],[15.8925,-3.8808],[15.8917,-3.8917],[15.885,-3.8908],[15.89,-3.8858],[15.8858,-3.88],[15.8808,-3.8833],[15.8767,-3.8817],[15.8758,-3.8775],[15.8808,-3.875],[15.8758,-3.8733],[15.8825,-3.8717],[15.875,-3.8708],[15.875,-3.8683],[15.8783,-3.8642]],[[15.8783,-3.8667],[15.8775,-3.8692],[15.8792,-3.87],[15.88,-3.8683],[15.8783,-3.8667]],[[15.8792,-3.8792],[15.8808,-3.8808],[15.8808,-3.8792],[15.8792,-3.8792]]],[[[15.9183,-3.85],[15.9183,-3.8617],[15.915,-3.8633],[15.915,-3.8692],[15.9117,-3.8717],[15.9125,-3.8808],[15.91,-3.8817],[15.9058,-3.8775],[15.9083,-3.8767],[15.9083,-3.8725],[15.905,-3.8708],[15.9033,-3.8642],[15.91,-3.865],[15.9133,-3.8508],[15.9117,-3.8467],[15.9075,-3.85],[15.9058,-3.8475],[15.91,-3.8433],[15.915,-3.8433],[15.9183,-3.85]],[[15.9158,-3.8525],[15.9167,-3.8542],[15.9167,-3.8525],[15.9158,-3.8525]],[[15.9058,-3.865],[15.9075,-3.8683],[15.9067,-3.865],[15.9058,-3.865]]],[[[15.9042,-3.8517],[15.8983,-3.8533],[15.8967,-3.8508],[15.9008,-3.8483],[15.9017,-3.8425],[15.9033,-3.8425],[15.9017,-3.8508],[15.9042,-3.8517]],[[15.8992,-3.8517],[15.9008,-3.8525],[15.9008,-3.8517],[15.8992,-3.8517]]],[[[15.8992,-3.8208],[15.9025,-3.8342],[15.8942,-3.8333],[15.895,-3.8317],[15.89,-3.8308],[15.8875,-3.8275],[15.895,-3.8267],[15.895,-3.8217],[15.8992,-3.8208]],[[15.9,-3.8317],[15.8975,-3.8275],[15.8958,-3.8308],[15.9,-3.8317]]],[[[15.8817,-3.76],[15.8867,-3.7758],[15.8858,-3.7875],[15.8808,-3.7858],[15.8808,-3.7775],[15.8767,-3.7783],[15.8775,-3.77],[15.8717,-3.7692],[15.8758,-3.7642],[15.8767,-3.7675],[15.88,-3.7683],[15.8792,-3.7575],[15.8875,-3.7558],[15.8875,-3.7583],[15.8817,-3.76]],[[15.8817,-3.775],[15.88,-3.7725],[15.8792,-3.7767],[15.8817,-3.775]]],[[[15.8617,-3.7475],[15.8633,-3.7575],[15.8608,-3.755],[15.8592,-3.76],[15.8583,-3.7558],[15.8608,-3.7517],[15.855,-3.755],[15.8533,-3.7508],[15.855,-3.7483],[15.8617,-3.7475]]],[[[15.9358,-3.7358],[15.945,-3.7492],[15.9508,-3.7517],[15.95,-3.7542],[15.9458,-3.7542],[15.9408,-3.745],[15.9342,-3.7442],[15.9358,-3.7358]]],[[[15.9075,-3.7383],[15.9083,-3.7483],[15.9117,-3.7483],[15.915,-3.7442],[15.9117,-3.75],[15.905,-3.7483],[15.9042,-3.7358],[15.9075,-3.7383]]],[[[15.8983,-3.7392],[15.8983,-3.7342],[15.9017,-3.7342],[15.9,-3.7425],[15.895,-3.7425],[15.8933,-3.74],[15.8975,-3.7467],[15.8958,-3.7483],[15.8917,-3.7442],[15.8908,-3.735],[15.8942,-3.735],[15.8958,-3.7392],[15.8983,-3.7392]]],[[[15.9542,-3.73],[15.9617,-3.745],[15.9533,-3.7383],[15.9542,-3.73]]],[[[15.8875,-3.7225],[15.89,-3.7283],[15.8783,-3.7258],[15.8817,-3.74],[15.8783,-3.7425],[15.8742,-3.74],[15.87,-3.7417],[15.8725,-3.7392],[15.8725,-3.7292],[15.875,-3.735],[15.8767,-3.7342],[15.8783,-3.7233],[15.8842,-3.725],[15.885,-3.72],[15.8908,-3.72],[15.8875,-3.7225]]],[[[15.8608,-3.7275],[15.8667,-3.7325],[15.8667,-3.7267],[15.87,-3.725],[15.8692,-3.7367],[15.8633,-3.7342],[15.8592,-3.7358],[15.8567,-3.7333],[15.8575,-3.73],[15.8558,-3.7317],[15.8542,-3.73],[15.8542,-3.7225],[15.8625,-3.72],[15.8608,-3.7275]]],[[[15.9283,-3.72],[15.9325,-3.7333],[15.9375,-3.7333],[15.935,-3.7367],[15.93,-3.7342],[15.9275,-3.7292],[15.9283,-3.72]]],[[[15.9942,-3.72],[15.9883,-3.7325],[15.9875,-3.7325],[15.9867,-3.7225],[15.9942,-3.72]]]]}}],"builtOnSlope":{"1975":{"all":{"steep":2.6,"steepest":0.1,"medianSlope":2.0,"cells":40971}},"1990":{"all":{"steep":3.6,"steepest":0.4,"medianSlope":2.3,"cells":48370},"new":{"steep":8.9,"steepest":1.8,"medianSlope":4.0,"cells":7399}},"2000":{"all":{"steep":3.6,"steepest":0.4,"medianSlope":2.3,"cells":48566},"new":{"steep":6.6,"steepest":1.5,"medianSlope":4.4,"cells":196}},"2010":{"all":{"steep":3.7,"steepest":0.4,"medianSlope":2.4,"cells":51334},"new":{"steep":5.1,"steepest":0.9,"medianSlope":3.3,"cells":2768}},"2020":{"all":{"steep":4.0,"steepest":0.5,"medianSlope":2.6,"cells":60845},"new":{"steep":6.0,"steepest":0.9,"medianSlope":3.6,"cells":9511}},"2030":{"all":{"steep":4.2,"steepest":0.6,"medianSlope":2.6,"cells":61682},"new":{"steep":13.7,"steepest":6.1,"medianSlope":3.2,"cells":837}}}}