{"type":"FeatureCollection","features":[{"type":"Feature","properties":{"kind":"water"},"geometry":{"type":"MultiPolygon","coordinates":[[[[13.5737,-5.5499],[13.5708,-5.5502],[13.565,-5.5483],[13.5657,-5.5515],[13.5636,-5.5521],[13.5626,-5.5546],[13.5646,-5.5592],[13.5724,-5.5708],[13.5815,-5.5757],[13.586,-5.5768],[13.5876,-5.5796],[13.5918,-5.5795],[13.5928,-5.5837],[13.5965,-5.5874],[13.596,-5.5918],[13.5944,-5.5956],[13.5933,-5.5958],[13.5946,-5.602],[13.593,-5.6041],[13.5951,-5.6075],[13.5981,-5.6181],[13.5924,-5.6207],[13.5913,-5.6249],[13.5933,-5.6253],[13.5941,-5.6346],[13.5962,-5.6365],[13.5985,-5.645],[13.5941,-5.6525],[13.5945,-5.6559],[13.5929,-5.6593],[13.594,-5.6609],[13.5921,-5.6641],[13.5935,-5.6684],[13.5918,-5.6699],[13.5894,-5.6773],[13.5905,-5.6849],[13.5942,-5.6948],[13.5933,-5.6949],[13.5919,-5.7001],[13.5904,-5.7008],[13.5913,-5.703],[13.5844,-5.7165],[13.5733,-5.721],[13.572,-5.723],[13.5682,-5.7227],[13.5664,-5.7238],[13.5622,-5.7226],[13.5569,-5.716],[13.5542,-5.7189],[13.554,-5.7238],[13.5499,-5.7232],[13.5481,-5.7279],[13.5426,-5.7349],[13.5416,-5.7416],[13.5403,-5.7409],[13.5347,-5.7447],[13.5361,-5.7502],[13.5323,-5.7514],[13.5323,-5.7533],[13.5275,-5.7631],[13.5182,-5.7768],[13.5171,-5.7825],[13.5185,-5.7855],[13.5116,-5.7852],[13.513,-5.782],[13.5133,-5.7829],[13.5146,-5.7817],[13.5125,-5.7745],[13.5134,-5.7704],[13.5166,-5.7667],[13.5158,-5.7575],[13.5266,-5.749],[13.5296,-5.7497],[13.5292,-5.7417],[13.5307,-5.7402],[13.532,-5.742],[13.5324,-5.7396],[13.5361,-5.7372],[13.5362,-5.7302],[13.5382,-5.7327],[13.5391,-5.7323],[13.5426,-5.7189],[13.546,-5.7159],[13.548,-5.7171],[13.5516,-5.7156],[13.5563,-5.7107],[13.564,-5.7095],[13.5664,-5.7151],[13.5686,-5.7166],[13.5708,-5.7134],[13.5743,-5.7122],[13.5758,-5.707],[13.5784,-5.704],[13.5818,-5.7058],[13.5848,-5.7024],[13.5871,-5.6913],[13.5833,-5.6734],[13.5856,-5.6702],[13.5857,-5.6617],[13.5895,-5.6509],[13.5884,-5.645],[13.5919,-5.6425],[13.5924,-5.6373],[13.5894,-5.6342],[13.5864,-5.6222],[13.5873,-5.6199],[13.5857,-5.6182],[13.5875,-5.6129],[13.5845,-5.5998],[13.5857,-5.5952],[13.588,-5.5934],[13.5873,-5.5889],[13.574,-5.5809],[13.5691,-5.574],[13.5655,-5.5711],[13.5618,-5.5647],[13.5566,-5.5626],[13.5496,-5.5499],[13.5508,-5.5455],[13.556,-5.5434],[13.5592,-5.5366],[13.5651,-5.5401],[13.5683,-5.54],[13.5727,-5.5421],[13.5792,-5.5474],[13.5846,-5.5464],[13.5842,-5.5399],[13.5908,-5.5322],[13.5941,-5.5322],[13.5974,-5.5293],[13.6023,-5.5295],[13.604,-5.527],[13.6106,-5.5293],[13.6125,-5.5285],[13.6188,-5.5301],[13.6222,-5.5271],[13.6268,-5.5293],[13.6294,-5.525],[13.6269,-5.5161],[13.6212,-5.5061],[13.5988,-5.485],[13.5936,-5.472],[13.5898,-5.4711],[13.5909,-5.47],[13.589,-5.4667],[13.5912,-5.4678],[13.5916,-5.4654],[13.5885,-5.4602],[13.5893,-5.4555],[13.5879,-5.4507],[13.5814,-5.4452],[13.5782,-5.4383],[13.5751,-5.4349],[13.569,-5.4299],[13.5659,-5.4294],[13.5603,-5.4258],[13.5524,-5.4143],[13.5535,-5.4128],[13.551,-5.4123],[13.5424,-5.4],[13.5441,-5.3921],[13.54,-5.3834],[13.5427,-5.3773],[13.5422,-5.3727],[13.5465,-5.3634],[13.5472,-5.3562],[13.5544,-5.3535],[13.5609,-5.349],[13.565,-5.3429],[13.5742,-5.3352],[13.5785,-5.3273],[13.5934,-5.3177],[13.6038,-5.3154],[13.6043,-5.3126],[13.6101,-5.3027],[13.6126,-5.3019],[13.6152,-5.3027],[13.6146,-5.2999],[13.6171,-5.3015],[13.6175,-5.2988],[13.621,-5.3],[13.6237,-5.2978],[13.6273,-5.292],[13.6259,-5.289],[13.6284,-5.2881],[13.6328,-5.2803],[13.632,-5.2774],[13.6355,-5.2779],[13.6353,-5.2762],[13.638,-5.2752],[13.6464,-5.2759],[13.6502,-5.2779],[13.6588,-5.285],[13.6606,-5.288],[13.6637,-5.2885],[13.674,-5.2944],[13.6934,-5.3092],[13.6991,-5.3115],[13.7098,-5.3215],[13.7183,-5.3263],[13.7233,-5.3273],[13.7233,-5.3177],[13.7191,-5.3107],[13.7178,-5.3063],[13.7173,-5.3023],[13.7231,-5.298],[13.7238,-5.2918],[13.7254,-5.2902],[13.7288,-5.2913],[13.7292,-5.2882],[13.7306,-5.2888],[13.7363,-5.2834],[13.7408,-5.2819],[13.7457,-5.2759],[13.7484,-5.2758],[13.7494,-5.2725],[13.7538,-5.2722],[13.7548,-5.2692],[13.7577,-5.2696],[13.7607,-5.2657],[13.7657,-5.2634],[13.7667,-5.2604],[13.768,-5.2601],[13.7718,-5.2636],[13.7749,-5.2632],[13.7766,-5.2663],[13.7827,-5.2711],[13.7951,-5.2786],[13.8118,-5.3051],[13.8232,-5.3145],[13.8468,-5.322],[13.8477,-5.3198],[13.8506,-5.3214],[13.8528,-5.3209],[13.8531,-5.3194],[13.8548,-5.3196],[13.8531,-5.3039],[13.8517,-5.3008],[13.859,-5.2957],[13.8601,-5.2916],[13.8647,-5.2912],[13.8625,-5.2819],[13.8652,-5.2764],[13.8692,-5.2747],[13.8682,-5.2711],[13.8683,-5.2694],[13.8707,-5.2643],[13.8674,-5.2575],[13.8673,-5.2534],[13.8682,-5.249],[13.8702,-5.2464],[13.8705,-5.2404],[13.8749,-5.2352],[13.8784,-5.2334],[13.8839,-5.2258],[13.8865,-5.2241],[13.889,-5.227],[13.8894,-5.2261],[13.8908,-5.2271],[13.8927,-5.2248],[13.8966,-5.2267],[13.9014,-5.2262],[13.9042,-5.229],[13.9093,-5.231],[13.9146,-5.2363],[13.9173,-5.2363],[13.9202,-5.2345],[13.9207,-5.2318],[13.9237,-5.2305],[13.9249,-5.2265],[13.927,-5.2254],[13.9287,-5.2277],[13.9304,-5.228],[13.9305,-5.2235],[13.9317,-5.2226],[13.9333,-5.2236],[13.9349,-5.219],[13.9395,-5.2187],[13.9414,-5.2205],[13.9442,-5.2181],[13.95,-5.2211],[13.9525,-5.2185],[13.9565,-5.2176],[13.9574,-5.2137],[13.9601,-5.2135],[13.9543,-5.1998],[13.9549,-5.197],[13.9599,-5.189],[13.9652,-5.1838],[13.9741,-5.1637],[13.9822,-5.1565],[13.9829,-5.1529],[13.9861,-5.1509],[13.9825,-5.1397],[13.9849,-5.138],[13.9847,-5.1367],[13.9863,-5.1368],[13.988,-5.1395],[13.9907,-5.1364],[13.9861,-5.1236],[13.9884,-5.121],[13.9867,-5.1186],[13.987,-5.1171],[13.9883,-5.117],[13.9872,-5.1117],[13.9892,-5.1104],[13.9881,-5.1075],[13.9887,-5.1007],[13.983,-5.0926],[13.9832,-5.0834],[13.985,-5.079],[13.9838,-5.0744],[13.9845,-5.0716],[13.9767,-5.0561],[13.9756,-5.0513],[13.977,-5.0486],[13.9851,-5.0454],[13.9874,-5.0422],[13.993,-5.0481],[13.9953,-5.0487],[14.0001,-5.0468],[14.001,-5.0431],[13.9977,-5.0375],[14.004,-5.0244],[14.0074,-5.0215],[14.018,-5.0216],[14.0222,-5.0252],[14.0272,-5.0271],[14.0283,-5.0306],[14.0323,-5.0336],[14.0352,-5.034],[14.0358,-5.0363],[14.0374,-5.0365],[14.0501,-5.0315],[14.0526,-5.0287],[14.0614,-5.0281],[14.0654,-5.0213],[14.0843,-5.0152],[14.1002,-5.0028],[14.1094,-4.9928],[14.1271,-4.9681],[14.1369,-4.9513],[14.1435,-4.9436],[14.1588,-4.9311],[14.1754,-4.9219],[14.1888,-4.9208],[14.1929,-4.9182],[14.2029,-4.9173],[14.2083,-4.9203],[14.2175,-4.917],[14.2215,-4.9172],[14.2259,-4.9213],[14.231,-4.9195],[14.2341,-4.9209],[14.2371,-4.9206],[14.2414,-4.9184],[14.2457,-4.9192],[14.2482,-4.9216],[14.2589,-4.9224],[14.2618,-4.9252],[14.2619,-4.9282],[14.2645,-4.9305],[14.2746,-4.9329],[14.2791,-4.9292],[14.2834,-4.9294],[14.2997,-4.9207],[14.3034,-4.921],[14.306,-4.9235],[14.3119,-4.9213],[14.3172,-4.9214],[14.323,-4.9245],[14.3325,-4.92],[14.3355,-4.9163],[14.3482,-4.9103],[14.3597,-4.9078],[14.3626,-4.9096],[14.3691,-4.9074],[14.3746,-4.9095],[14.3866,-4.9047],[14.3979,-4.8983],[14.4012,-4.8943],[14.4021,-4.8951],[14.4127,-4.8901],[14.415,-4.8901],[14.423,-4.8819],[14.4234,-4.8799],[14.4258,-4.8805],[14.431,-4.8786],[14.4355,-4.8748],[14.442,-4.8662],[14.4502,-4.8689],[14.4536,-4.8658],[14.4555,-4.8592],[14.4577,-4.8629],[14.4595,-4.8627],[14.4639,-4.8583],[14.4633,-4.8474],[14.4667,-4.8431],[14.4712,-4.8445],[14.4803,-4.8398],[14.4857,-4.8426],[14.4917,-4.8419],[14.4948,-4.8382],[14.498,-4.844],[14.5025,-4.8469],[14.5065,-4.8546],[14.5176,-4.8521],[14.5213,-4.8564],[14.5257,-4.8555],[14.5305,-4.8577],[14.5415,-4.8553],[14.5572,-4.8568],[14.5597,-4.8584],[14.5603,-4.8611],[14.5619,-4.8608],[14.566,-4.8638],[14.5707,-4.8717],[14.5735,-4.8735],[14.5737,-4.8758],[14.5865,-4.8837],[14.5856,-4.8907],[14.5875,-4.8975],[14.5967,-4.8987],[14.6019,-4.8956],[14.6079,-4.8973],[14.6128,-4.897],[14.6149,-4.9028],[14.6202,-4.9078],[14.6236,-4.9075],[14.6244,-4.9092],[14.6333,-4.9146],[14.6421,-4.915],[14.6498,-4.9196],[14.6564,-4.9167],[14.6601,-4.9179],[14.6626,-4.9172],[14.666,-4.9137],[14.67,-4.9137],[14.6726,-4.9121],[14.6758,-4.9045],[14.6773,-4.9036],[14.6853,-4.9096],[14.6886,-4.9104],[14.6918,-4.9034],[14.6932,-4.9044],[14.698,-4.8984],[14.7005,-4.8976],[14.7039,-4.8985],[14.7083,-4.8963],[14.7188,-4.8854],[14.7191,-4.8808],[14.7222,-4.8764],[14.7286,-4.8755],[14.7333,-4.8679],[14.74,-4.8649],[14.7429,-4.867],[14.7484,-4.8641],[14.7544,-4.8573],[14.7573,-4.857],[14.7583,-4.8498],[14.7662,-4.8422],[14.7697,-4.8408],[14.7756,-4.8468],[14.7856,-4.8395],[14.7903,-4.8393],[14.7992,-4.8289],[14.8088,-4.8347],[14.8174,-4.8323],[14.8248,-4.8289],[14.8417,-4.812],[14.8479,-4.8009],[14.849,-4.7902],[14.8557,-4.7838],[14.8616,-4.7748],[14.8612,-4.7661],[14.866,-4.7604],[14.8647,-4.7574],[14.8664,-4.7558],[14.8673,-4.7523],[14.8677,-4.7413],[14.8716,-4.7363],[14.8745,-4.7363],[14.88,-4.7305],[14.8796,-4.7269],[14.882,-4.7238],[14.8833,-4.7166],[14.8864,-4.7111],[14.8858,-4.708],[14.8905,-4.7001],[14.8924,-4.6927],[14.898,-4.6837],[14.9035,-4.6781],[14.9108,-4.667],[14.9176,-4.6646],[14.9212,-4.6604],[14.932,-4.6541],[14.9366,-4.6476],[14.9442,-4.6416],[14.9478,-4.6329],[14.9611,-4.6262],[14.9678,-4.6203],[14.9716,-4.6143],[14.9805,-4.6072],[14.9848,-4.6001],[14.9867,-4.584],[14.9893,-4.5838],[14.9936,-4.5809],[14.9969,-4.5743],[14.9993,-4.5739],[15.0021,-4.5711],[15.0089,-4.5615],[15.0099,-4.5568],[15.0122,-4.5542],[15.0163,-4.5546],[15.0229,-4.5485],[15.0261,-4.5395],[15.0325,-4.5322],[15.0365,-4.5346],[15.0391,-4.5342],[15.0396,-4.5362],[15.0428,-4.5346],[15.0463,-4.5279],[15.0515,-4.5222],[15.0591,-4.5165],[15.0653,-4.5141],[15.0708,-4.5082],[15.0814,-4.5009],[15.0816,-4.4987],[15.0981,-4.4874],[15.1061,-4.4789],[15.108,-4.4752],[15.1078,-4.4725],[15.1133,-4.4659],[15.116,-4.4591],[15.1212,-4.4546],[15.1236,-4.4484],[15.1226,-4.4441],[15.1239,-4.4394],[15.1263,-4.4375],[15.1318,-4.427],[15.1429,-4.416],[15.1447,-4.4113],[15.1471,-4.411],[15.1478,-4.4126],[15.1521,-4.4086],[15.1546,-4.4084],[15.1563,-4.4039],[15.1602,-4.4021],[15.1618,-4.3965],[15.1697,-4.3926],[15.1726,-4.3885],[15.1729,-4.386],[15.1712,-4.3826],[15.1626,-4.3776],[15.1584,-4.3771],[15.1582,-4.3746],[15.1669,-4.371],[15.1706,-4.3673],[15.1707,-4.3608],[15.1731,-4.3604],[15.1772,-4.3536],[15.177,-4.3508],[15.1788,-4.3491],[15.1778,-4.3438],[15.1761,-4.3421],[15.1799,-4.3421],[15.1807,-4.3388],[15.1831,-4.3371],[15.1805,-4.3331],[15.1811,-4.3302],[15.1839,-4.3319],[15.1883,-4.3312],[15.1937,-4.3234],[15.1967,-4.3215],[15.1936,-4.3167],[15.1963,-4.318],[15.2066,-4.3103],[15.206,-4.3119],[15.2078,-4.3135],[15.2048,-4.3127],[15.2036,-4.3154],[15.2022,-4.3151],[15.2009,-4.3164],[15.2024,-4.3176],[15.2027,-4.3159],[15.209,-4.3161],[15.2089,-4.3136],[15.2125,-4.3141],[15.2184,-4.3104],[15.2217,-4.3124],[15.2352,-4.3084],[15.2562,-4.3054],[15.2734,-4.2826],[15.2824,-4.279],[15.2898,-4.2731],[15.2941,-4.2724],[15.2972,-4.2702],[15.2993,-4.2652],[15.3003,-4.2526],[15.3038,-4.2507],[15.3062,-4.247],[15.3036,-4.246],[15.3023,-4.2433],[15.302,-4.2397],[15.301,-4.2393],[15.3015,-4.2378],[15.303,-4.2381],[15.3026,-4.2351],[15.3009,-4.2351],[15.3022,-4.235],[15.3008,-4.2338],[15.3009,-4.2322],[15.3024,-4.2337],[15.3019,-4.2312],[15.3031,-4.2281],[15.3022,-4.2258],[15.3032,-4.226],[15.3033,-4.228],[15.3057,-4.2216],[15.3062,-4.2235],[15.3045,-4.2253],[15.3047,-4.2261],[15.3068,-4.224],[15.3059,-4.224],[15.3087,-4.2231],[15.3084,-4.2221],[15.3105,-4.2201],[15.309,-4.2084],[15.3149,-4.1942],[15.3153,-4.1905],[15.3164,-4.1884],[15.3156,-4.1815],[15.316,-4.1836],[15.3177,-4.1844],[15.3166,-4.1888],[15.3177,-4.1877],[15.32,-4.187],[15.3226,-4.1828],[15.3219,-4.1815],[15.3227,-4.1822],[15.3241,-4.1723],[15.3259,-4.168],[15.3368,-4.1584],[15.3462,-4.1535],[15.3574,-4.1518],[15.3606,-4.15],[15.3747,-4.1497],[15.386,-4.1432],[15.3881,-4.138],[15.3863,-4.1329],[15.3891,-4.1263],[15.3993,-4.1228],[15.4018,-4.1179],[15.4038,-4.1094],[15.4058,-4.1082],[15.4289,-4.1084],[15.4338,-4.1096],[15.4411,-4.116],[15.4488,-4.1261],[15.4567,-4.131],[15.4597,-4.1307],[15.4632,-4.1274],[15.4753,-4.1249],[15.4798,-4.1226],[15.4831,-4.1172],[15.4905,-4.1098],[15.4967,-4.0965],[15.4975,-4.0922],[15.5,-4.0902],[15.5028,-4.0768],[15.5064,-4.0712],[15.5118,-4.0657],[15.5178,-4.0634],[15.5234,-4.0593],[15.5338,-4.05],[15.5341,-4.0481],[15.5367,-4.0479],[15.5438,-4.0378],[15.5521,-4.0328],[15.5555,-4.0286],[15.5708,-4.02],[15.5959,-4.0172],[15.5998,-4.0163],[15.601,-4.015],[15.6032,-4.016],[15.6141,-4.0125],[15.615,-4.0111],[15.6165,-4.0101],[15.6192,-4.0104],[15.6273,-4.0055],[15.6367,-4.0021],[15.6548,-3.9984],[15.6763,-3.9882],[15.6905,-3.9868],[15.6943,-3.9846],[15.6979,-3.987],[15.701,-3.985],[15.7073,-3.9837],[15.7094,-3.9846],[15.7267,-3.9831],[15.7292,-3.9812],[15.7311,-3.9825],[15.7398,-3.9811],[15.7436,-3.9778],[15.7482,-3.9809],[15.75,-3.9782],[15.7719,-3.9772],[15.7756,-3.975],[15.7811,-3.9771],[15.785,-3.9755],[15.7968,-3.9757],[15.8023,-3.974],[15.805,-3.9754],[15.8093,-3.9725],[15.82,-3.9706],[15.8284,-3.9665],[15.8335,-3.9666],[15.8442,-3.9603],[15.8625,-3.9575],[15.8675,-3.955],[15.8749,-3.954],[15.8804,-3.9476],[15.8859,-3.9445],[15.8875,-3.9422],[15.8889,-3.9428],[15.907,-3.9172],[15.9112,-3.9046],[15.9135,-3.8926],[15.9121,-3.888],[15.9154,-3.8853],[15.9138,-3.8808],[15.9154,-3.8658],[15.9173,-3.8626],[15.9193,-3.8626],[15.9188,-3.8601],[15.9206,-3.8567],[15.9204,-3.8541],[15.9223,-3.8524],[15.9225,-3.8497],[15.9288,-3.8407],[15.9338,-3.8289],[15.9421,-3.8152],[15.9454,-3.8133],[15.9488,-3.8023],[15.9538,-3.7933],[15.9554,-3.7861],[15.9589,-3.7827],[15.9582,-3.7789],[15.9604,-3.7725],[15.9658,-3.7659],[15.9681,-3.76],[15.972,-3.76],[15.9747,-3.7548],[15.9822,-3.7458],[15.9873,-3.7336],[15.9888,-3.7326],[15.9912,-3.7237],[15.9933,-3.7231],[15.9953,-3.7169],[15.9975,-3.7154],[15.9979,-3.7098],[16.0015,-3.7026],[16.0003,-3.6992],[16.0049,-3.6944],[16.0059,-3.6887],[16.0099,-3.6824],[16.0102,-3.6785],[16.0179,-3.6665],[16.0186,-3.6602],[16.0245,-3.6505],[16.0314,-3.6261],[16.0347,-3.6228],[16.0375,-3.6152],[16.0409,-3.6124],[16.0436,-3.6048],[16.082,-3.5609],[16.0824,-3.5586],[16.0846,-3.5576],[16.0939,-3.5381],[16.0975,-3.5266],[16.1074,-3.5085],[16.1082,-3.5009],[16.1143,-3.4865],[16.1138,-3.4822],[16.1151,-3.4756],[16.119,-3.4664],[16.1251,-3.4585],[16.1281,-3.4575],[16.1316,-3.4509],[16.1465,-3.4354],[16.1569,-3.4187],[16.1638,-3.4102],[16.167,-3.3976],[16.1812,-3.3787],[16.1824,-3.3755],[16.1878,-3.3697],[16.1899,-3.3629],[16.1909,-3.352],[16.1924,-3.3503],[16.1916,-3.3461],[16.1979,-3.3336],[16.1957,-3.3258],[16.1981,-3.3098],[16.1976,-3.3057],[16.1988,-3.3035],[16.2056,-3.2983],[16.2073,-3.2939],[16.2068,-3.2892],[16.2034,-3.2842],[16.1992,-3.2838],[16.1951,-3.2871],[16.1914,-3.2862],[16.1849,-3.2791],[16.1835,-3.2757],[16.1764,-3.2704],[16.1733,-3.2652],[16.1708,-3.2535],[16.1719,-3.2404],[16.1693,-3.224],[16.1702,-3.2197],[16.1779,-3.2071],[16.1799,-3.2005],[16.1796,-3.195],[16.1757,-3.1934],[16.1718,-3.1865],[16.1712,-3.1778],[16.1726,-3.1678],[16.1886,-3.1652],[16.1904,-3.1698],[16.1979,-3.1795],[16.1965,-3.1857],[16.1964,-3.2053],[16.1927,-3.2107],[16.1886,-3.2137],[16.1839,-3.2241],[16.1827,-3.2371],[16.1846,-3.2405],[16.185,-3.2491],[16.1911,-3.2578],[16.2191,-3.2762],[16.2224,-3.2844],[16.22,-3.2902],[16.2225,-3.292],[16.2238,-3.2958],[16.2284,-3.3014],[16.2293,-3.3081],[16.2282,-3.3159],[16.2254,-3.3215],[16.2216,-3.3246],[16.2183,-3.3248],[16.2142,-3.3226],[16.213,-3.3233],[16.2139,-3.332],[16.2103,-3.3354],[16.2105,-3.3458],[16.2043,-3.3631],[16.2044,-3.3656],[16.2008,-3.3734],[16.193,-3.3828],[16.1913,-3.3879],[16.1857,-3.3946],[16.1779,-3.4145],[16.1732,-3.4211],[16.1678,-3.4328],[16.1622,-3.4363],[16.1539,-3.4456],[16.1531,-3.4483],[16.1448,-3.4583],[16.1395,-3.4624],[16.1391,-3.4645],[16.137,-3.4659],[16.1296,-3.4774],[16.1283,-3.4816],[16.1272,-3.499],[16.1244,-3.5053],[16.1238,-3.5102],[16.1121,-3.5287],[16.1088,-3.5366],[16.1068,-3.5456],[16.1038,-3.5511],[16.0818,-3.5811],[16.0732,-3.5882],[16.056,-3.6082],[16.0485,-3.6252],[16.0418,-3.6345],[16.0369,-3.6613],[16.0332,-3.6654],[16.029,-3.673],[16.0247,-3.6768],[16.0167,-3.6905],[16.014,-3.7116],[16.0104,-3.7197],[16.0036,-3.7255],[15.9997,-3.7305],[15.9947,-3.7416],[15.9912,-3.7452],[15.9911,-3.7506],[15.9832,-3.7643],[15.9748,-3.7698],[15.9696,-3.7807],[15.9669,-3.7832],[15.9677,-3.7858],[15.9653,-3.7882],[15.9606,-3.8051],[15.9499,-3.8218],[15.9507,-3.8249],[15.9485,-3.8271],[15.9422,-3.8453],[15.9323,-3.8562],[15.9301,-3.8639],[15.9266,-3.8881],[15.9231,-3.8985],[15.9217,-3.9108],[15.9183,-3.918],[15.9185,-3.9203],[15.915,-3.9256],[15.911,-3.9282],[15.9114,-3.9355],[15.9068,-3.9378],[15.9003,-3.9537],[15.8969,-3.9558],[15.8919,-3.9559],[15.8884,-3.9621],[15.8841,-3.9622],[15.8791,-3.9652],[15.8752,-3.9634],[15.8709,-3.9663],[15.8609,-3.9667],[15.8432,-3.9748],[15.8356,-3.9763],[15.8306,-3.9803],[15.8138,-3.9877],[15.7967,-3.9877],[15.7902,-3.9845],[15.7859,-3.9867],[15.7822,-3.9859],[15.7654,-3.9906],[15.7583,-3.9906],[15.7493,-3.9929],[15.7398,-3.9914],[15.7221,-3.9959],[15.7006,-3.9984],[15.6842,-4.0042],[15.6778,-4.0044],[15.6697,-4.0088],[15.6633,-4.0087],[15.6508,-4.0133],[15.6416,-4.0146],[15.6331,-4.0203],[15.6222,-4.0242],[15.6109,-4.0253],[15.5948,-4.0302],[15.5885,-4.0362],[15.5831,-4.0384],[15.5806,-4.0383],[15.575,-4.0432],[15.5649,-4.0472],[15.5599,-4.0467],[15.556,-4.0487],[15.5519,-4.0531],[15.5457,-4.0641],[15.5336,-4.072],[15.528,-4.0866],[15.5233,-4.0889],[15.5205,-4.0918],[15.5203,-4.1002],[15.5216,-4.1062],[15.5202,-4.112],[15.521,-4.116],[15.5344,-4.1336],[15.5411,-4.1502],[15.5405,-4.1634],[15.5383,-4.1696],[15.5354,-4.1722],[15.5351,-4.1798],[15.5399,-4.1902],[15.5462,-4.1993],[15.5498,-4.2096],[15.5524,-4.2229],[15.5523,-4.2308],[15.5513,-4.2405],[15.5492,-4.2441],[15.553,-4.2463],[15.5596,-4.2465],[15.5578,-4.2524],[15.5599,-4.2543],[15.566,-4.2524],[15.5681,-4.2499],[15.5744,-4.251],[15.5756,-4.2492],[15.5781,-4.2484],[15.5775,-4.255],[15.5798,-4.26],[15.582,-4.2582],[15.5874,-4.2583],[15.5886,-4.2561],[15.5875,-4.255],[15.5871,-4.2508],[15.5907,-4.2485],[15.5922,-4.2489],[15.5943,-4.2527],[15.596,-4.2511],[15.5947,-4.2483],[15.5961,-4.2482],[15.5989,-4.2507],[15.5996,-4.2548],[15.6018,-4.2533],[15.604,-4.2491],[15.6064,-4.2498],[15.6056,-4.2535],[15.6064,-4.255],[15.6088,-4.2535],[15.6159,-4.2535],[15.6175,-4.2521],[15.6188,-4.2531],[15.6188,-4.2541],[15.6178,-4.2548],[15.616,-4.2546],[15.6157,-4.2564],[15.6185,-4.2586],[15.6195,-4.2562],[15.6219,-4.2569],[15.6223,-4.259],[15.6214,-4.261],[15.6204,-4.2616],[15.6226,-4.2616],[15.6229,-4.2655],[15.6243,-4.2653],[15.6255,-4.2621],[15.6275,-4.2605],[15.6314,-4.2607],[15.6315,-4.2622],[15.6295,-4.2635],[15.6304,-4.2674],[15.6316,-4.2685],[15.6339,-4.2667],[15.6355,-4.2676],[15.6351,-4.2704],[15.6382,-4.2721],[15.6396,-4.2775],[15.6428,-4.2778],[15.6465,-4.2793],[15.6475,-4.2759],[15.6506,-4.2749],[15.6522,-4.2758],[15.6501,-4.2794],[15.6512,-4.281],[15.6557,-4.2809],[15.6577,-4.2795],[15.6579,-4.2773],[15.6603,-4.2775],[15.6602,-4.2805],[15.6586,-4.2827],[15.6595,-4.2844],[15.6613,-4.284],[15.6637,-4.2808],[15.6658,-4.2816],[15.6688,-4.2857],[15.6722,-4.2833],[15.6766,-4.2835],[15.677,-4.2851],[15.6754,-4.2878],[15.6803,-4.2889],[15.6804,-4.2914],[15.6816,-4.2922],[15.6824,-4.2948],[15.6863,-4.3009],[15.6888,-4.3025],[15.6889,-4.3041],[15.687,-4.3076],[15.6881,-4.3113],[15.6905,-4.311],[15.6916,-4.3134],[15.6921,-4.3112],[15.6942,-4.3114],[15.6948,-4.3132],[15.6943,-4.3168],[15.6948,-4.3175],[15.6958,-4.3174],[15.6964,-4.3148],[15.6975,-4.3146],[15.6993,-4.3154],[15.7007,-4.3176],[15.7039,-4.3178],[15.7056,-4.3195],[15.7054,-4.3209],[15.7042,-4.3222],[15.706,-4.3225],[15.7066,-4.3238],[15.7053,-4.3335],[15.7073,-4.331],[15.7084,-4.3341],[15.7103,-4.3348],[15.7086,-4.3417],[15.7105,-4.3432],[15.712,-4.3454],[15.7112,-4.3501],[15.7122,-4.351],[15.7134,-4.3529],[15.7148,-4.3521],[15.7153,-4.3525],[15.7147,-4.3541],[15.7129,-4.3559],[15.7153,-4.3575],[15.7162,-4.3607],[15.7112,-4.3624],[15.7127,-4.3665],[15.7114,-4.3699],[15.7125,-4.3723],[15.7153,-4.3749],[15.7155,-4.3759],[15.7152,-4.3773],[15.7143,-4.3785],[15.7125,-4.3788],[15.714,-4.3819],[15.7115,-4.3845],[15.7101,-4.3845],[15.7086,-4.3827],[15.7071,-4.3863],[15.7054,-4.3881],[15.7083,-4.3824],[15.7108,-4.3844],[15.7136,-4.3818],[15.7121,-4.3787],[15.7144,-4.3779],[15.7151,-4.376],[15.7114,-4.371],[15.7111,-4.3696],[15.7123,-4.3663],[15.7103,-4.3636],[15.7114,-4.3612],[15.7149,-4.361],[15.7151,-4.3581],[15.7126,-4.3563],[15.7148,-4.3528],[15.7136,-4.3535],[15.7109,-4.3501],[15.7117,-4.3456],[15.7083,-4.3423],[15.7099,-4.3351],[15.708,-4.3346],[15.7068,-4.3326],[15.7061,-4.3341],[15.7049,-4.3338],[15.706,-4.3233],[15.7036,-4.322],[15.705,-4.3192],[15.7007,-4.3183],[15.6986,-4.3156],[15.6947,-4.3186],[15.6938,-4.3169],[15.6941,-4.312],[15.6914,-4.3148],[15.6903,-4.3138],[15.6908,-4.312],[15.6874,-4.3113],[15.6867,-4.307],[15.6883,-4.304],[15.6878,-4.3025],[15.6852,-4.3005],[15.6814,-4.2951],[15.6815,-4.293],[15.6801,-4.2915],[15.68,-4.2894],[15.6744,-4.2881],[15.6744,-4.2864],[15.6765,-4.2852],[15.676,-4.2838],[15.6732,-4.2837],[15.6683,-4.2863],[15.6639,-4.2813],[15.6618,-4.2842],[15.6588,-4.285],[15.658,-4.2841],[15.6582,-4.2824],[15.6601,-4.278],[15.6584,-4.2777],[15.6579,-4.2801],[15.6562,-4.2811],[15.6517,-4.2816],[15.6492,-4.2796],[15.6514,-4.2768],[15.6506,-4.2757],[15.6478,-4.2764],[15.6469,-4.28],[15.6395,-4.278],[15.6379,-4.2761],[15.6375,-4.2723],[15.6342,-4.2704],[15.6348,-4.2683],[15.6321,-4.2692],[15.6299,-4.2677],[15.6289,-4.2625],[15.6309,-4.2614],[15.6272,-4.2613],[15.6246,-4.2656],[15.623,-4.266],[15.6224,-4.2624],[15.6195,-4.2627],[15.6182,-4.2621],[15.6181,-4.2611],[15.6188,-4.2601],[15.6219,-4.2588],[15.6212,-4.2568],[15.6177,-4.2601],[15.6147,-4.2561],[15.6151,-4.2542],[15.6098,-4.2543],[15.6082,-4.2556],[15.6062,-4.2558],[15.6056,-4.2557],[15.6048,-4.2544],[15.6059,-4.2504],[15.6049,-4.2496],[15.6031,-4.2511],[15.6025,-4.2538],[15.6,-4.2556],[15.5984,-4.2548],[15.5984,-4.2513],[15.5955,-4.2489],[15.5972,-4.2524],[15.5959,-4.2542],[15.5924,-4.2525],[15.5915,-4.2494],[15.5885,-4.25],[15.5878,-4.2524],[15.5898,-4.2549],[15.5878,-4.259],[15.5851,-4.2598],[15.5827,-4.2589],[15.5794,-4.2608],[15.5789,-4.2606],[15.5763,-4.2565],[15.5771,-4.2557],[15.5757,-4.2533],[15.577,-4.2491],[15.5746,-4.2515],[15.5695,-4.2503],[15.5653,-4.2541],[15.5582,-4.2556],[15.5566,-4.2526],[15.5585,-4.2495],[15.5573,-4.2474],[15.5491,-4.2469],[15.5463,-4.2466],[15.5457,-4.2462],[15.5427,-4.2503],[15.5425,-4.2556],[15.5455,-4.2578],[15.5464,-4.2573],[15.5458,-4.2505],[15.5473,-4.2567],[15.5487,-4.2549],[15.5466,-4.2689],[15.5448,-4.2735],[15.5411,-4.279],[15.5293,-4.2881],[15.5294,-4.2912],[15.5313,-4.2905],[15.5256,-4.2995],[15.5105,-4.3163],[15.512,-4.3171],[15.5122,-4.3192],[15.5107,-4.3189],[15.5099,-4.3169],[15.5013,-4.323],[15.4986,-4.3232],[15.4994,-4.3236],[15.4965,-4.3248],[15.4892,-4.3347],[15.477,-4.3397],[15.4582,-4.3402],[15.4426,-4.3387],[15.4266,-4.3423],[15.4144,-4.343],[15.4183,-4.3459],[15.4187,-4.3465],[15.4187,-4.3473],[15.4114,-4.3428],[15.4065,-4.3449],[15.4033,-4.3448],[15.3891,-4.3417],[15.3783,-4.3346],[15.3789,-4.3308],[15.3749,-4.3274],[15.3767,-4.3307],[15.3754,-4.331],[15.3787,-4.3317],[15.3771,-4.3334],[15.3751,-4.3328],[15.3766,-4.334],[15.3752,-4.3342],[15.3761,-4.3351],[15.3752,-4.3361],[15.3736,-4.3344],[15.3749,-4.3363],[15.3744,-4.3366],[15.373,-4.3364],[15.3742,-4.3362],[15.373,-4.3347],[15.3715,-4.3356],[15.3726,-4.3346],[15.3714,-4.3339],[15.3698,-4.3345],[15.3716,-4.3357],[15.3704,-4.3368],[15.3727,-4.3379],[15.371,-4.3374],[15.3719,-4.3387],[15.3707,-4.3391],[15.3712,-4.3406],[15.3702,-4.3408],[15.3701,-4.3379],[15.3676,-4.3376],[15.3694,-4.3372],[15.3696,-4.3368],[15.3689,-4.3361],[15.368,-4.3362],[15.3691,-4.3367],[15.3693,-4.3369],[15.3668,-4.3365],[15.3673,-4.3372],[15.3658,-4.3379],[15.3666,-4.3366],[15.3645,-4.3365],[15.3651,-4.3378],[15.365,-4.3383],[15.3646,-4.3385],[15.3621,-4.337],[15.3633,-4.3407],[15.3608,-4.3387],[15.3616,-4.3402],[15.3607,-4.3405],[15.3597,-4.3395],[15.3598,-4.3379],[15.3606,-4.3383],[15.3598,-4.3374],[15.3612,-4.3356],[15.3602,-4.3347],[15.3607,-4.3325],[15.3626,-4.3315],[15.3639,-4.3325],[15.3645,-4.3297],[15.3669,-4.3299],[15.3668,-4.3287],[15.3672,-4.3304],[15.3656,-4.3307],[15.3639,-4.3333],[15.3647,-4.3341],[15.365,-4.3354],[15.3653,-4.3339],[15.3672,-4.3338],[15.367,-4.3317],[15.3678,-4.3323],[15.3674,-4.333],[15.3684,-4.3333],[15.3672,-4.3304],[15.3681,-4.3313],[15.3687,-4.3309],[15.3689,-4.3303],[15.3669,-4.3287],[15.3676,-4.328],[15.3668,-4.3279],[15.3669,-4.327],[15.3659,-4.3268],[15.3664,-4.3262],[15.3645,-4.3263],[15.3655,-4.3268],[15.3652,-4.3276],[15.3642,-4.3267],[15.3623,-4.3266],[15.3634,-4.3275],[15.3639,-4.329],[15.3612,-4.3263],[15.3617,-4.3307],[15.3608,-4.3262],[15.3587,-4.3254],[15.3517,-4.3249],[15.3497,-4.3276],[15.3483,-4.3254],[15.3444,-4.3238],[15.3455,-4.3211],[15.3444,-4.3215],[15.3436,-4.3198],[15.3417,-4.3208],[15.3386,-4.318],[15.3394,-4.3203],[15.3379,-4.3165],[15.337,-4.3174],[15.3339,-4.3146],[15.3345,-4.3144],[15.3336,-4.3132],[15.3344,-4.3118],[15.3344,-4.311],[15.3336,-4.3117],[15.3338,-4.3104],[15.3295,-4.3047],[15.3256,-4.3021],[15.3263,-4.3027],[15.3253,-4.3028],[15.3204,-4.2974],[15.3145,-4.2963],[15.3091,-4.2966],[15.3072,-4.2984],[15.2888,-4.3039],[15.2823,-4.3019],[15.2815,-4.3001],[15.2802,-4.2999],[15.276,-4.3029],[15.2696,-4.3117],[15.2659,-4.3147],[15.2638,-4.3216],[15.2626,-4.3228],[15.26,-4.3238],[15.2599,-4.3261],[15.2569,-4.3281],[15.2574,-4.3297],[15.2466,-4.3238],[15.2418,-4.3247],[15.2398,-4.3264],[15.2365,-4.3262],[15.2296,-4.3332],[15.217,-4.3306],[15.2138,-4.3323],[15.2131,-4.339],[15.2095,-4.3413],[15.2061,-4.3461],[15.1938,-4.3405],[15.189,-4.3404],[15.1874,-4.3434],[15.1875,-4.3537],[15.184,-4.3594],[15.1843,-4.3608],[15.1855,-4.3608],[15.1847,-4.3666],[15.183,-4.3679],[15.1784,-4.3679],[15.1772,-4.3715],[15.1784,-4.3837],[15.1807,-4.3883],[15.1827,-4.388],[15.1824,-4.3903],[15.1791,-4.3902],[15.175,-4.3939],[15.1754,-4.3971],[15.1701,-4.3978],[15.1645,-4.4023],[15.1638,-4.4046],[15.1612,-4.4065],[15.1625,-4.4105],[15.1601,-4.4082],[15.157,-4.4098],[15.1569,-4.4126],[15.152,-4.4134],[15.1513,-4.4154],[15.1502,-4.4149],[15.1474,-4.4168],[15.1443,-4.4217],[15.1436,-4.4256],[15.1404,-4.4269],[15.1388,-4.4348],[15.1344,-4.4365],[15.1347,-4.4399],[15.131,-4.4405],[15.1251,-4.4557],[15.1266,-4.4584],[15.1239,-4.4627],[15.1166,-4.4693],[15.1174,-4.4716],[15.115,-4.4732],[15.1149,-4.4773],[15.1091,-4.4809],[15.1078,-4.4843],[15.0979,-4.4953],[15.09,-4.4992],[15.0741,-4.5136],[15.0603,-4.523],[15.0495,-4.5368],[15.0409,-4.5416],[15.0339,-4.5416],[15.0307,-4.5438],[15.0254,-4.5527],[15.0267,-4.5545],[15.0171,-4.5594],[14.9936,-4.5869],[14.989,-4.5955],[14.9904,-4.6013],[14.9896,-4.6036],[14.9572,-4.6333],[14.9533,-4.6413],[14.9444,-4.6453],[14.906,-4.6826],[14.901,-4.6943],[14.8932,-4.706],[14.8948,-4.7131],[14.8883,-4.7245],[14.8879,-4.7311],[14.8798,-4.739],[14.877,-4.7461],[14.8773,-4.7497],[14.875,-4.753],[14.8735,-4.7517],[14.8692,-4.7588],[14.8668,-4.7696],[14.8675,-4.7808],[14.86,-4.7847],[14.8532,-4.7915],[14.8504,-4.808],[14.8418,-4.8168],[14.8384,-4.8228],[14.8118,-4.841],[14.8024,-4.8393],[14.7982,-4.8433],[14.7916,-4.8423],[14.7868,-4.8467],[14.782,-4.8463],[14.7745,-4.8503],[14.7731,-4.8555],[14.7672,-4.8566],[14.7589,-4.8614],[14.7566,-4.8663],[14.7428,-4.8717],[14.7395,-4.88],[14.7331,-4.8812],[14.7286,-4.8885],[14.7264,-4.8896],[14.7228,-4.889],[14.7108,-4.8967],[14.7066,-4.9048],[14.7021,-4.9097],[14.6925,-4.9111],[14.6825,-4.9196],[14.676,-4.9202],[14.6713,-4.9177],[14.6681,-4.9174],[14.6602,-4.9223],[14.6586,-4.9223],[14.6565,-4.9202],[14.6482,-4.9248],[14.6458,-4.925],[14.637,-4.9185],[14.6292,-4.9177],[14.6219,-4.9136],[14.6143,-4.9151],[14.612,-4.909],[14.6051,-4.9098],[14.5992,-4.9067],[14.5929,-4.9086],[14.5826,-4.9028],[14.5812,-4.9009],[14.5797,-4.8899],[14.5781,-4.8893],[14.5774,-4.8861],[14.5722,-4.881],[14.566,-4.8804],[14.5656,-4.8773],[14.5627,-4.8724],[14.5583,-4.8725],[14.5559,-4.8667],[14.5474,-4.8657],[14.5413,-4.867],[14.539,-4.869],[14.5346,-4.8686],[14.5283,-4.87],[14.5247,-4.8686],[14.5174,-4.8626],[14.4976,-4.859],[14.4944,-4.8499],[14.4909,-4.8471],[14.4859,-4.8496],[14.4816,-4.8475],[14.4789,-4.8481],[14.4679,-4.8634],[14.4654,-4.8646],[14.4648,-4.8673],[14.4614,-4.869],[14.4597,-4.8718],[14.4519,-4.875],[14.4511,-4.8773],[14.447,-4.8801],[14.4399,-4.8789],[14.4318,-4.8859],[14.4311,-4.8912],[14.4249,-4.9],[14.421,-4.8999],[14.409,-4.9056],[14.4044,-4.9083],[14.4019,-4.9121],[14.3876,-4.917],[14.3752,-4.9168],[14.3618,-4.9218],[14.3474,-4.9255],[14.339,-4.9311],[14.3353,-4.9299],[14.3325,-4.9331],[14.3288,-4.9329],[14.3216,-4.9352],[14.3159,-4.9345],[14.3131,-4.9353],[14.306,-4.9305],[14.3006,-4.9302],[14.2916,-4.9334],[14.2895,-4.936],[14.2825,-4.9394],[14.2807,-4.9427],[14.276,-4.9446],[14.2675,-4.9438],[14.2633,-4.9401],[14.2615,-4.9363],[14.2537,-4.9307],[14.2404,-4.9269],[14.2308,-4.9323],[14.2258,-4.9309],[14.2174,-4.9328],[14.2012,-4.9321],[14.1991,-4.9346],[14.1951,-4.9349],[14.1809,-4.9425],[14.1691,-4.9528],[14.148,-4.9737],[14.118,-5.0091],[14.0989,-5.0178],[14.0932,-5.0238],[14.0883,-5.0256],[14.0575,-5.0439],[14.0406,-5.0456],[14.0332,-5.0412],[14.0253,-5.0331],[14.0189,-5.0345],[14.0188,-5.0312],[14.0166,-5.0296],[14.0106,-5.0292],[14.0084,-5.0325],[14.0068,-5.0413],[14.0092,-5.0448],[14.0092,-5.0476],[14.0016,-5.0502],[14.0013,-5.0521],[13.9925,-5.0578],[13.9863,-5.0653],[13.9915,-5.0832],[13.9899,-5.0855],[13.9889,-5.0911],[13.9936,-5.0978],[13.9923,-5.1066],[13.9967,-5.12],[13.9948,-5.1304],[13.997,-5.1346],[13.9949,-5.1367],[13.995,-5.143],[13.9928,-5.143],[13.9922,-5.1466],[13.9921,-5.15],[13.9946,-5.1543],[13.9936,-5.1546],[13.993,-5.1605],[13.9854,-5.1727],[13.9759,-5.192],[13.9672,-5.2147],[13.9659,-5.222],[13.9621,-5.2248],[13.9609,-5.2283],[13.9579,-5.2288],[13.9553,-5.2268],[13.9521,-5.2276],[13.9478,-5.2391],[13.9389,-5.2378],[13.9353,-5.2409],[13.9308,-5.2406],[13.9282,-5.2422],[13.9246,-5.2415],[13.9184,-5.2452],[13.913,-5.2418],[13.9064,-5.2397],[13.9,-5.233],[13.8958,-5.2324],[13.8955,-5.2341],[13.8925,-5.2365],[13.8902,-5.2424],[13.8805,-5.2461],[13.8787,-5.2514],[13.8793,-5.2644],[13.8837,-5.2753],[13.8837,-5.2817],[13.8811,-5.2923],[13.8785,-5.2935],[13.8774,-5.296],[13.8764,-5.2969],[13.874,-5.2952],[13.8713,-5.2957],[13.8731,-5.2992],[13.8728,-5.3061],[13.8704,-5.305],[13.8703,-5.3072],[13.867,-5.3093],[13.8639,-5.3048],[13.8647,-5.3154],[13.8611,-5.3275],[13.8593,-5.3273],[13.8551,-5.3363],[13.8506,-5.3344],[13.8466,-5.335],[13.8435,-5.3331],[13.8394,-5.3339],[13.831,-5.3328],[13.8227,-5.3302],[13.8143,-5.3248],[13.8092,-5.318],[13.8069,-5.3163],[13.8059,-5.317],[13.7925,-5.2956],[13.7827,-5.2826],[13.7797,-5.2822],[13.7725,-5.2751],[13.7657,-5.2714],[13.7567,-5.2761],[13.7559,-5.2784],[13.7495,-5.2823],[13.7482,-5.2856],[13.7459,-5.2865],[13.7448,-5.2908],[13.7399,-5.2932],[13.736,-5.2979],[13.7336,-5.299],[13.732,-5.303],[13.7315,-5.3116],[13.7319,-5.3188],[13.734,-5.3233],[13.7343,-5.3319],[13.7327,-5.3332],[13.7289,-5.3325],[13.7301,-5.3353],[13.7292,-5.3362],[13.7198,-5.3383],[13.7083,-5.337],[13.6978,-5.3319],[13.6928,-5.3287],[13.6802,-5.3147],[13.6753,-5.3119],[13.6574,-5.2951],[13.641,-5.2823],[13.6393,-5.2829],[13.6392,-5.2861],[13.6364,-5.2866],[13.6365,-5.2887],[13.6332,-5.292],[13.635,-5.2988],[13.6372,-5.3008],[13.631,-5.301],[13.6284,-5.3048],[13.629,-5.3104],[13.6306,-5.3126],[13.6276,-5.318],[13.6283,-5.3234],[13.6255,-5.3307],[13.6205,-5.3341],[13.6155,-5.3325],[13.6057,-5.3251],[13.6024,-5.3264],[13.601,-5.3247],[13.5957,-5.3242],[13.593,-5.3275],[13.591,-5.3269],[13.5883,-5.3285],[13.5839,-5.342],[13.5787,-5.3437],[13.5792,-5.3478],[13.5777,-5.3548],[13.5694,-5.3577],[13.5633,-5.3562],[13.5575,-5.3574],[13.5538,-5.3585],[13.5506,-5.3616],[13.5451,-5.3768],[13.5458,-5.3834],[13.5491,-5.3897],[13.5476,-5.3895],[13.5475,-5.393],[13.55,-5.4021],[13.5556,-5.4088],[13.5624,-5.414],[13.562,-5.4171],[13.5675,-5.4256],[13.5765,-5.4304],[13.5778,-5.4336],[13.5822,-5.4382],[13.5876,-5.4411],[13.5915,-5.4472],[13.613,-5.4662],[13.6133,-5.4705],[13.6163,-5.4761],[13.62,-5.4795],[13.6271,-5.4906],[13.63,-5.4901],[13.6323,-5.4951],[13.6369,-5.4983],[13.64,-5.5035],[13.6407,-5.5078],[13.643,-5.5095],[13.6449,-5.5137],[13.6496,-5.5179],[13.6522,-5.5187],[13.6642,-5.5324],[13.6628,-5.5345],[13.6628,-5.5387],[13.6563,-5.5405],[13.6535,-5.5392],[13.6537,-5.5408],[13.6523,-5.5401],[13.6528,-5.5415],[13.6499,-5.5435],[13.6377,-5.5332],[13.6306,-5.5356],[13.6224,-5.5353],[13.6207,-5.5335],[13.615,-5.5319],[13.6081,-5.5351],[13.6028,-5.5334],[13.5996,-5.5359],[13.5985,-5.5346],[13.5956,-5.5342],[13.5936,-5.5385],[13.5911,-5.5392],[13.5919,-5.5509],[13.5905,-5.5538],[13.5801,-5.5527],[13.5737,-5.5499]],[[15.1775,-4.3559],[15.1767,-4.3609],[15.1817,-4.3569],[15.1824,-4.354],[15.1775,-4.3559]],[[15.173,-4.3707],[15.1698,-4.3716],[15.1682,-4.3748],[15.1727,-4.3781],[15.173,-4.3707]],[[15.1641,-4.3724],[15.164,-4.3725],[15.164,-4.3726],[15.1641,-4.3724]],[[15.1637,-4.3729],[15.164,-4.3727],[15.1639,-4.3726],[15.1637,-4.3729]],[[15.1467,-4.4122],[15.1455,-4.4119],[15.1442,-4.413],[15.1448,-4.4134],[15.1467,-4.4122]],[[15.0674,-4.5138],[15.0735,-4.5085],[15.0741,-4.5069],[15.0689,-4.5113],[15.0674,-4.5138]],[[15.0517,-4.5283],[15.0549,-4.5267],[15.0559,-4.5245],[15.0539,-4.5249],[15.0517,-4.5283]],[[14.8708,-4.7469],[14.8743,-4.746],[14.8743,-4.743],[14.8728,-4.7406],[14.8704,-4.7431],[14.8708,-4.7469]],[[14.8584,-4.781],[14.86,-4.7806],[14.8621,-4.7761],[14.8602,-4.7777],[14.8584,-4.781]],[[14.7166,-4.8919],[14.72,-4.8896],[14.7205,-4.8881],[14.7164,-4.8907],[14.7166,-4.8919]],[[14.0809,-5.0288],[14.0807,-5.0297],[14.0811,-5.0298],[14.0809,-5.0288]],[[14.0728,-5.0282],[14.0736,-5.0272],[14.0736,-5.0266],[14.0726,-5.027],[14.0728,-5.0282]],[[14.0704,-5.028],[14.0717,-5.029],[14.0723,-5.0273],[14.0704,-5.028]],[[14.0604,-5.0362],[14.0587,-5.0385],[14.0619,-5.0364],[14.0604,-5.0362]],[[14.048,-5.04],[14.0534,-5.0406],[14.0585,-5.0381],[14.0589,-5.0366],[14.0553,-5.0379],[14.0499,-5.0376],[14.0475,-5.0384],[14.048,-5.04]],[[13.9823,-5.0564],[13.9838,-5.0606],[13.9883,-5.0561],[13.9927,-5.0553],[13.9933,-5.0536],[13.9943,-5.0542],[13.9945,-5.0522],[13.9935,-5.0513],[13.993,-5.0524],[13.9921,-5.0509],[13.9913,-5.0532],[13.9898,-5.05],[13.9847,-5.0506],[13.9823,-5.0564]],[[13.9898,-5.1168],[13.9918,-5.1176],[13.9914,-5.1158],[13.9898,-5.1168]],[[13.9456,-5.2265],[13.9469,-5.2264],[13.9454,-5.2232],[13.9446,-5.2244],[13.9456,-5.2265]],[[13.8779,-5.2938],[13.8722,-5.2857],[13.8682,-5.2836],[13.8708,-5.2948],[13.8741,-5.2948],[13.8767,-5.2962],[13.8779,-5.2938]],[[13.8693,-5.2737],[13.869,-5.2709],[13.8686,-5.2707],[13.8693,-5.2737]],[[13.863,-5.2948],[13.8646,-5.2969],[13.8655,-5.2966],[13.8656,-5.2951],[13.865,-5.296],[13.8646,-5.2947],[13.863,-5.2948]],[[13.8603,-5.3003],[13.862,-5.2996],[13.8599,-5.2964],[13.8592,-5.2981],[13.8603,-5.3003]],[[13.8544,-5.3103],[13.8565,-5.3153],[13.8548,-5.3098],[13.8544,-5.3103]],[[13.8534,-5.3017],[13.8544,-5.3021],[13.8539,-5.3013],[13.8534,-5.3017]],[[13.7834,-5.28],[13.7839,-5.2801],[13.7833,-5.2796],[13.7834,-5.28]],[[13.7812,-5.2814],[13.7788,-5.2771],[13.7768,-5.2748],[13.7812,-5.2814]],[[13.7758,-5.2666],[13.7752,-5.265],[13.7745,-5.2637],[13.7758,-5.2666]],[[13.7699,-5.2715],[13.7731,-5.2735],[13.7703,-5.2703],[13.7699,-5.2715]],[[13.7259,-5.2928],[13.7265,-5.2933],[13.7264,-5.2924],[13.7259,-5.2928]],[[13.7178,-5.3054],[13.7181,-5.3067],[13.7179,-5.305],[13.7178,-5.3054]],[[13.6549,-5.535],[13.6552,-5.5358],[13.6555,-5.5357],[13.6549,-5.535]],[[13.6466,-5.5287],[13.6501,-5.5341],[13.6534,-5.535],[13.6538,-5.5318],[13.6524,-5.53],[13.6476,-5.5274],[13.6466,-5.5287]],[[13.6459,-5.5372],[13.646,-5.5389],[13.6479,-5.5396],[13.6474,-5.5376],[13.6459,-5.5372]],[[13.642,-5.5297],[13.6434,-5.5301],[13.6439,-5.5291],[13.6426,-5.5281],[13.642,-5.5297]],[[13.6404,-5.5277],[13.6411,-5.5264],[13.6393,-5.5254],[13.6391,-5.5258],[13.6404,-5.5277]],[[13.6403,-5.5158],[13.6411,-5.5165],[13.6405,-5.5155],[13.6403,-5.5158]],[[13.6328,-5.497],[13.6381,-5.5019],[13.6372,-5.4999],[13.6328,-5.497]],[[13.6296,-5.5194],[13.6298,-5.5205],[13.6303,-5.5203],[13.6296,-5.5194]],[[13.6217,-5.3097],[13.6263,-5.3127],[13.6276,-5.3098],[13.6268,-5.307],[13.6217,-5.3086],[13.6217,-5.3097]],[[13.625,-5.3015],[13.6246,-5.3025],[13.6248,-5.3025],[13.625,-5.3015]],[[13.6238,-5.3004],[13.6244,-5.301],[13.625,-5.3005],[13.6238,-5.3004]],[[13.6149,-5.4797],[13.6216,-5.4886],[13.6247,-5.4897],[13.6236,-5.4862],[13.62,-5.4827],[13.619,-5.4789],[13.615,-5.4773],[13.6149,-5.4797]],[[13.6182,-5.5003],[13.614,-5.4956],[13.6123,-5.4961],[13.6178,-5.5017],[13.6182,-5.5003]],[[13.6125,-5.3154],[13.6136,-5.3168],[13.6162,-5.3154],[13.6151,-5.3132],[13.6125,-5.3154]],[[13.6131,-5.3256],[13.6153,-5.3259],[13.6125,-5.3246],[13.6131,-5.3256]],[[13.603,-5.4855],[13.6108,-5.4953],[13.6124,-5.4942],[13.603,-5.4855]],[[13.6086,-5.482],[13.6069,-5.4767],[13.6022,-5.4733],[13.6048,-5.4777],[13.6086,-5.482]],[[13.6045,-5.4714],[13.6074,-5.4707],[13.6052,-5.4676],[13.6015,-5.467],[13.6045,-5.4714]],[[13.6003,-5.4766],[13.6028,-5.4803],[13.6053,-5.4823],[13.6057,-5.4811],[13.6015,-5.4754],[13.6003,-5.4766]],[[13.5985,-5.4759],[13.5976,-5.4774],[13.5999,-5.4818],[13.6049,-5.4842],[13.5985,-5.4759]],[[13.5998,-5.4585],[13.6032,-5.4609],[13.5992,-5.4572],[13.5998,-5.4585]],[[13.6008,-5.4655],[13.6022,-5.4646],[13.5996,-5.4635],[13.5996,-5.4639],[13.6008,-5.4655]],[[13.5992,-5.4748],[13.6007,-5.4755],[13.5993,-5.4739],[13.5992,-5.4748]],[[13.5969,-5.4633],[13.5982,-5.4639],[13.5967,-5.4627],[13.5969,-5.4633]],[[13.5949,-5.4602],[13.5979,-5.4619],[13.595,-5.4586],[13.5949,-5.4602]],[[13.5968,-5.4699],[13.5976,-5.4714],[13.5975,-5.47],[13.5968,-5.4699]],[[13.5969,-5.6448],[13.596,-5.6452],[13.597,-5.6451],[13.5969,-5.6448]],[[13.5948,-5.6167],[13.5956,-5.6175],[13.5958,-5.6171],[13.5948,-5.6167]],[[13.5949,-5.466],[13.5949,-5.4642],[13.5934,-5.4638],[13.5949,-5.466]],[[13.5888,-5.7025],[13.5897,-5.7029],[13.5904,-5.7022],[13.5896,-5.7017],[13.5888,-5.7025]],[[13.5869,-5.61],[13.5882,-5.6103],[13.5876,-5.6096],[13.5869,-5.61]],[[13.5583,-5.4177],[13.5587,-5.4197],[13.5593,-5.4194],[13.5583,-5.4177]],[[13.5539,-5.7137],[13.5527,-5.7161],[13.5551,-5.7131],[13.5539,-5.7137]],[[13.5463,-5.7258],[13.5473,-5.7246],[13.5471,-5.7228],[13.5462,-5.7242],[13.5463,-5.7258]],[[13.5173,-5.7719],[13.5162,-5.776],[13.5179,-5.776],[13.5191,-5.7728],[13.5173,-5.7719]],[[15.2269,-4.3317],[15.2293,-4.3305],[15.2332,-4.3268],[15.2252,-4.3282],[15.2248,-4.3298],[15.2269,-4.3317]],[[15.2296,-4.3268],[15.2294,-4.3264],[15.2293,-4.3267],[15.2296,-4.3268]],[[15.2278,-4.3319],[15.2277,-4.3324],[15.2282,-4.332],[15.2278,-4.3319]],[[15.2266,-4.3142],[15.2272,-4.3139],[15.2266,-4.3139],[15.2266,-4.3142]],[[15.2255,-4.3116],[15.2255,-4.3119],[15.2258,-4.3116],[15.2255,-4.3116]],[[15.2246,-4.3125],[15.2249,-4.3127],[15.225,-4.3126],[15.2246,-4.3125]],[[15.2245,-4.3137],[15.2242,-4.3134],[15.2243,-4.3137],[15.2245,-4.3137]],[[15.2234,-4.3206],[15.2241,-4.3208],[15.2241,-4.3205],[15.2234,-4.3206]],[[15.2236,-4.3159],[15.2235,-4.3152],[15.223,-4.316],[15.2236,-4.3159]],[[15.22,-4.3129],[15.2197,-4.3142],[15.2203,-4.3139],[15.22,-4.3129]],[[15.2093,-4.323],[15.2157,-4.3253],[15.2195,-4.323],[15.2165,-4.3201],[15.2111,-4.3207],[15.2093,-4.3219],[15.2093,-4.323]],[[15.2191,-4.3141],[15.2191,-4.3137],[15.2188,-4.3138],[15.2191,-4.3141]],[[15.2171,-4.3247],[15.2172,-4.3249],[15.2173,-4.3248],[15.2171,-4.3247]],[[15.2148,-4.3255],[15.2145,-4.3255],[15.2147,-4.3257],[15.2148,-4.3255]],[[15.2147,-4.3251],[15.2145,-4.3251],[15.2146,-4.3251],[15.2147,-4.3251]],[[15.2144,-4.3252],[15.2145,-4.3253],[15.2147,-4.3253],[15.2144,-4.3252]],[[15.2127,-4.3331],[15.2126,-4.3332],[15.2127,-4.3331],[15.2127,-4.3331]],[[15.2123,-4.3336],[15.212,-4.3335],[15.2121,-4.3339],[15.2123,-4.3336]],[[15.2115,-4.3396],[15.2116,-4.3394],[15.2115,-4.3394],[15.2115,-4.3396]],[[15.2097,-4.339],[15.2111,-4.336],[15.2104,-4.3353],[15.2097,-4.339]],[[15.1914,-4.3364],[15.2005,-4.3411],[15.2051,-4.3416],[15.2069,-4.3399],[15.2099,-4.3286],[15.2071,-4.3258],[15.2024,-4.3265],[15.2019,-4.3256],[15.2017,-4.3265],[15.1988,-4.3254],[15.1958,-4.3302],[15.193,-4.332],[15.1914,-4.3364]],[[15.2098,-4.3355],[15.2097,-4.3352],[15.2095,-4.3355],[15.2098,-4.3355]],[[15.209,-4.3333],[15.2095,-4.3333],[15.2092,-4.3324],[15.209,-4.3333]],[[15.2044,-4.3186],[15.2064,-4.3197],[15.2073,-4.3185],[15.206,-4.3193],[15.2054,-4.318],[15.2044,-4.3186]],[[15.2018,-4.3194],[15.2024,-4.32],[15.2035,-4.3185],[15.2018,-4.3194]],[[15.2024,-4.326],[15.2026,-4.3257],[15.2021,-4.3258],[15.2024,-4.326]],[[15.1981,-4.3177],[15.1995,-4.3191],[15.2006,-4.3163],[15.1981,-4.3177]],[[15.3673,-4.3276],[15.3703,-4.3309],[15.3726,-4.3305],[15.3735,-4.3278],[15.3725,-4.3264],[15.3724,-4.3249],[15.37,-4.3245],[15.3686,-4.3246],[15.3665,-4.3255],[15.3676,-4.3255],[15.3673,-4.3276]],[[15.3781,-4.3315],[15.378,-4.3317],[15.3782,-4.3317],[15.3781,-4.3315]],[[15.3763,-4.3323],[15.3772,-4.3319],[15.376,-4.3321],[15.3763,-4.3323]],[[15.3767,-4.3319],[15.377,-4.3318],[15.3767,-4.3317],[15.3767,-4.3319]],[[15.3762,-4.3316],[15.3766,-4.3318],[15.3762,-4.3315],[15.3762,-4.3316]],[[15.3747,-4.3327],[15.3763,-4.3327],[15.3747,-4.3321],[15.3747,-4.3327]],[[15.3755,-4.3317],[15.3763,-4.3317],[15.3753,-4.3311],[15.3755,-4.3317]],[[15.3751,-4.3295],[15.3744,-4.3294],[15.3754,-4.3304],[15.3758,-4.3293],[15.3751,-4.3295]],[[15.3756,-4.3319],[15.3756,-4.3321],[15.3758,-4.332],[15.3756,-4.3319]],[[15.3755,-4.3291],[15.3753,-4.3288],[15.3753,-4.3292],[15.3755,-4.3291]],[[15.375,-4.3336],[15.3753,-4.3337],[15.3749,-4.3335],[15.375,-4.3336]],[[15.3749,-4.3317],[15.3748,-4.3319],[15.375,-4.3319],[15.3749,-4.3317]],[[15.3746,-4.3329],[15.3749,-4.3331],[15.3748,-4.3329],[15.3746,-4.3329]],[[15.3749,-4.3304],[15.3747,-4.3305],[15.3749,-4.3305],[15.3749,-4.3304]],[[15.3745,-4.3307],[15.3748,-4.331],[15.3748,-4.3309],[15.3745,-4.3307]],[[15.3745,-4.3302],[15.3748,-4.33],[15.3745,-4.33],[15.3745,-4.3302]],[[15.3747,-4.3316],[15.3746,-4.3317],[15.3747,-4.3318],[15.3747,-4.3316]],[[15.3746,-4.336],[15.3743,-4.3358],[15.3741,-4.3357],[15.3746,-4.336]],[[15.3745,-4.3317],[15.3745,-4.3317],[15.3744,-4.3319],[15.3745,-4.3317]],[[15.3744,-4.332],[15.3742,-4.3323],[15.3745,-4.3325],[15.3744,-4.332]],[[15.374,-4.3332],[15.3738,-4.3321],[15.3726,-4.332],[15.3735,-4.3324],[15.374,-4.3332]],[[15.3739,-4.3339],[15.374,-4.3342],[15.3745,-4.3342],[15.3739,-4.3339]],[[15.3742,-4.33],[15.3744,-4.33],[15.3744,-4.3299],[15.3742,-4.33]],[[15.3742,-4.3275],[15.374,-4.3278],[15.3744,-4.3278],[15.3742,-4.3275]],[[15.3736,-4.3318],[15.3743,-4.332],[15.3742,-4.3314],[15.3736,-4.3318]],[[15.3743,-4.3296],[15.374,-4.3296],[15.3742,-4.3297],[15.3743,-4.3296]],[[15.3742,-4.3303],[15.3736,-4.3304],[15.3737,-4.3306],[15.3742,-4.3303]],[[15.3739,-4.3266],[15.3738,-4.3268],[15.3741,-4.3265],[15.3739,-4.3266]],[[15.3732,-4.3315],[15.3739,-4.3312],[15.3738,-4.3311],[15.3732,-4.3315]],[[15.3738,-4.3299],[15.3738,-4.33],[15.3738,-4.3299],[15.3738,-4.3299]],[[15.3734,-4.3308],[15.3728,-4.3309],[15.3733,-4.3311],[15.3734,-4.3308]],[[15.373,-4.3333],[15.373,-4.3337],[15.3732,-4.3333],[15.373,-4.3333]],[[15.3729,-4.3344],[15.3728,-4.3346],[15.3731,-4.3346],[15.3729,-4.3344]],[[15.373,-4.3264],[15.3729,-4.3265],[15.373,-4.3266],[15.373,-4.3264]],[[15.3729,-4.3323],[15.3727,-4.3326],[15.373,-4.3324],[15.3729,-4.3323]],[[15.3727,-4.334],[15.3729,-4.3342],[15.3729,-4.3341],[15.3727,-4.334]],[[15.3722,-4.3315],[15.3713,-4.3313],[15.3718,-4.3317],[15.3719,-4.3323],[15.3715,-4.3323],[15.371,-4.3315],[15.371,-4.3322],[15.3702,-4.333],[15.3707,-4.3321],[15.3692,-4.3313],[15.37,-4.332],[15.3691,-4.333],[15.37,-4.3339],[15.3722,-4.3333],[15.3722,-4.3315]],[[15.3711,-4.3312],[15.3718,-4.331],[15.3718,-4.3309],[15.3711,-4.3312]],[[15.3717,-4.3323],[15.3716,-4.3321],[15.3716,-4.3323],[15.3717,-4.3323]],[[15.3717,-4.3318],[15.3715,-4.3318],[15.3717,-4.332],[15.3717,-4.3318]],[[15.371,-4.3309],[15.371,-4.331],[15.3711,-4.3309],[15.371,-4.3309]],[[15.3707,-4.3311],[15.3705,-4.3311],[15.3705,-4.3314],[15.3707,-4.3311]],[[15.3691,-4.3353],[15.3685,-4.3357],[15.3706,-4.3357],[15.3694,-4.3349],[15.3691,-4.3353]],[[15.3694,-4.3311],[15.3694,-4.3313],[15.3695,-4.3311],[15.3694,-4.3311]],[[15.3687,-4.3309],[15.3694,-4.3309],[15.3692,-4.3305],[15.3687,-4.3309]],[[15.3688,-4.3345],[15.3689,-4.335],[15.3694,-4.3346],[15.3688,-4.3345]],[[15.369,-4.3314],[15.3689,-4.3321],[15.369,-4.3319],[15.369,-4.3314]],[[15.369,-4.3333],[15.3687,-4.3335],[15.3691,-4.3336],[15.369,-4.3333]],[[15.3688,-4.3336],[15.3682,-4.3342],[15.369,-4.3341],[15.3688,-4.3336]],[[15.3682,-4.3315],[15.3686,-4.3316],[15.3682,-4.3314],[15.3682,-4.3315]],[[15.368,-4.3356],[15.368,-4.3359],[15.3681,-4.3359],[15.368,-4.3356]],[[15.3678,-4.336],[15.3674,-4.3359],[15.3677,-4.3361],[15.3678,-4.336]],[[15.3674,-4.3354],[15.3678,-4.3346],[15.3671,-4.3342],[15.3667,-4.3345],[15.3674,-4.3354]],[[15.3672,-4.3319],[15.3672,-4.3322],[15.3673,-4.3322],[15.3672,-4.3319]],[[15.3671,-4.3357],[15.3669,-4.3362],[15.3673,-4.336],[15.3671,-4.3357]],[[15.367,-4.3276],[15.3669,-4.3277],[15.367,-4.3278],[15.367,-4.3276]],[[15.3669,-4.3278],[15.3669,-4.3278],[15.3669,-4.3278],[15.3669,-4.3278]],[[15.365,-4.33],[15.3656,-4.3306],[15.3662,-4.3303],[15.3662,-4.3301],[15.365,-4.33]],[[15.3659,-4.3356],[15.3655,-4.3356],[15.3658,-4.3358],[15.3659,-4.3356]],[[15.3657,-4.3359],[15.3649,-4.336],[15.3658,-4.3362],[15.3657,-4.3359]],[[15.3643,-4.3356],[15.3641,-4.3353],[15.3641,-4.3354],[15.3643,-4.3356]],[[15.3645,-4.3343],[15.3643,-4.3343],[15.3644,-4.3343],[15.3645,-4.3343]],[[15.3643,-4.3346],[15.3641,-4.3343],[15.364,-4.3344],[15.3643,-4.3346]],[[15.3635,-4.3344],[15.3635,-4.3346],[15.3636,-4.3345],[15.3635,-4.3344]],[[15.3634,-4.3331],[15.3626,-4.3334],[15.3635,-4.3332],[15.3634,-4.3331]],[[15.3635,-4.3348],[15.3632,-4.3348],[15.3635,-4.335],[15.3635,-4.3348]],[[15.3627,-4.3324],[15.3626,-4.3327],[15.3628,-4.3327],[15.3627,-4.3324]],[[15.3622,-4.3326],[15.362,-4.3328],[15.3621,-4.3328],[15.3622,-4.3326]],[[15.3614,-4.3368],[15.3616,-4.3375],[15.3621,-4.337],[15.3614,-4.3368]],[[15.361,-4.34],[15.3609,-4.3401],[15.3612,-4.3402],[15.361,-4.34]],[[15.3606,-4.3385],[15.3608,-4.3386],[15.3608,-4.3385],[15.3606,-4.3385]],[[15.3606,-4.3374],[15.3605,-4.3376],[15.3607,-4.3375],[15.3606,-4.3374]],[[15.3718,-4.202],[15.3666,-4.2022],[15.3655,-4.2063],[15.3594,-4.2124],[15.3591,-4.2161],[15.3628,-4.2188],[15.3625,-4.2215],[15.3598,-4.2246],[15.3527,-4.2264],[15.3516,-4.23],[15.3524,-4.2327],[15.3541,-4.2291],[15.3565,-4.2277],[15.3584,-4.2274],[15.3622,-4.2293],[15.3665,-4.2276],[15.369,-4.2231],[15.3698,-4.2192],[15.371,-4.2167],[15.3751,-4.2141],[15.3778,-4.2071],[15.3768,-4.2016],[15.375,-4.1997],[15.3718,-4.202]],[[15.3654,-4.2025],[15.3671,-4.2013],[15.3669,-4.1988],[15.3688,-4.1977],[15.3673,-4.1989],[15.3672,-4.2014],[15.3709,-4.202],[15.3773,-4.1972],[15.3755,-4.1899],[15.3776,-4.1869],[15.3847,-4.1852],[15.3846,-4.1848],[15.3855,-4.1821],[15.3854,-4.1812],[15.3858,-4.1798],[15.3857,-4.1774],[15.3863,-4.1801],[15.3875,-4.1773],[15.3885,-4.1766],[15.3898,-4.1685],[15.3856,-4.1676],[15.3742,-4.1703],[15.3672,-4.1785],[15.3655,-4.1814],[15.3651,-4.1825],[15.3653,-4.1848],[15.3665,-4.1841],[15.3656,-4.1832],[15.3655,-4.1827],[15.3687,-4.1852],[15.3622,-4.1887],[15.3584,-4.1945],[15.3585,-4.1978],[15.3594,-4.1994],[15.3654,-4.2025]],[[15.3903,-4.1687],[15.3889,-4.1765],[15.3877,-4.1778],[15.3876,-4.1803],[15.3884,-4.1786],[15.3896,-4.1774],[15.3913,-4.1773],[15.3924,-4.1747],[15.3936,-4.1746],[15.3945,-4.1761],[15.3964,-4.1759],[15.3959,-4.1714],[15.3985,-4.169],[15.3903,-4.1687]],[[15.3988,-4.1692],[15.3962,-4.1714],[15.3968,-4.176],[15.3945,-4.1765],[15.3935,-4.1749],[15.3922,-4.1752],[15.3914,-4.1775],[15.3885,-4.1791],[15.3881,-4.1851],[15.3836,-4.1901],[15.3804,-4.192],[15.3828,-4.1944],[15.3831,-4.1955],[15.3826,-4.197],[15.3846,-4.2],[15.3846,-4.2078],[15.3862,-4.2101],[15.3863,-4.2121],[15.3857,-4.2128],[15.3825,-4.2146],[15.3787,-4.2155],[15.3763,-4.2147],[15.3701,-4.2252],[15.3668,-4.2285],[15.3624,-4.2299],[15.3571,-4.2283],[15.3544,-4.2297],[15.3532,-4.2335],[15.3561,-4.2427],[15.3545,-4.2462],[15.3522,-4.2487],[15.3409,-4.2527],[15.3359,-4.2589],[15.3326,-4.2604],[15.325,-4.2596],[15.3133,-4.2716],[15.3217,-4.2685],[15.3278,-4.2681],[15.3397,-4.273],[15.3553,-4.2734],[15.3669,-4.2757],[15.3721,-4.2794],[15.3773,-4.2796],[15.3719,-4.2796],[15.3736,-4.2812],[15.3772,-4.28],[15.3806,-4.2798],[15.3913,-4.284],[15.4034,-4.2846],[15.4188,-4.2783],[15.4168,-4.2799],[15.4212,-4.2804],[15.4184,-4.2814],[15.424,-4.2803],[15.43,-4.2752],[15.4311,-4.2715],[15.4349,-4.2674],[15.4376,-4.2655],[15.4389,-4.2646],[15.442,-4.2644],[15.444,-4.2653],[15.447,-4.2631],[15.4485,-4.2602],[15.4473,-4.2629],[15.4485,-4.2625],[15.447,-4.2634],[15.4483,-4.2632],[15.451,-4.2559],[15.4555,-4.2487],[15.46,-4.2446],[15.4609,-4.2448],[15.4601,-4.2459],[15.4575,-4.2473],[15.4641,-4.2453],[15.464,-4.2416],[15.4632,-4.2433],[15.466,-4.2339],[15.474,-4.2243],[15.4727,-4.2211],[15.4737,-4.2212],[15.473,-4.2186],[15.4746,-4.2082],[15.4772,-4.1965],[15.4829,-4.1795],[15.4794,-4.1648],[15.4804,-4.1641],[15.4796,-4.1627],[15.4803,-4.1633],[15.4743,-4.1564],[15.4704,-4.1409],[15.4572,-4.1407],[15.439,-4.1339],[15.4302,-4.1363],[15.4262,-4.1381],[15.4293,-4.1426],[15.43,-4.1413],[15.4266,-4.1512],[15.4231,-4.1562],[15.4054,-4.168],[15.3988,-4.1692]],[[15.3879,-4.1805],[15.3881,-4.1805],[15.3881,-4.18],[15.3879,-4.1805]],[[15.3871,-4.1799],[15.3857,-4.1844],[15.384,-4.1864],[15.3768,-4.1887],[15.376,-4.1909],[15.3786,-4.1963],[15.3802,-4.1912],[15.3832,-4.1899],[15.386,-4.1852],[15.3856,-4.1869],[15.3876,-4.1851],[15.3871,-4.1799]],[[15.3728,-4.2182],[15.3768,-4.214],[15.3788,-4.2152],[15.3848,-4.2132],[15.386,-4.2113],[15.3844,-4.2077],[15.3846,-4.2015],[15.3825,-4.1971],[15.3828,-4.1946],[15.3804,-4.193],[15.38,-4.1947],[15.3758,-4.1994],[15.3774,-4.2017],[15.3783,-4.2071],[15.3758,-4.2139],[15.373,-4.2162],[15.3728,-4.2182]],[[15.3848,-4.1844],[15.3848,-4.1851],[15.385,-4.1841],[15.3848,-4.1844]],[[15.3723,-4.22],[15.372,-4.2163],[15.3698,-4.2195],[15.3689,-4.225],[15.3669,-4.2277],[15.3692,-4.2255],[15.3723,-4.22]],[[15.3746,-4.3258],[15.3797,-4.3306],[15.3813,-4.3358],[15.3843,-4.3375],[15.3882,-4.3376],[15.3851,-4.3383],[15.386,-4.3391],[15.3936,-4.3423],[15.4026,-4.344],[15.4104,-4.3421],[15.4084,-4.3418],[15.4018,-4.3388],[15.3939,-4.3342],[15.3923,-4.3349],[15.3935,-4.3341],[15.3904,-4.332],[15.3875,-4.3318],[15.3819,-4.3266],[15.3755,-4.3244],[15.3746,-4.3258]],[[15.3794,-4.3348],[15.3792,-4.3345],[15.3791,-4.3346],[15.3794,-4.3348]],[[15.3739,-4.3262],[15.3737,-4.3256],[15.3736,-4.3257],[15.3739,-4.3262]],[[15.6965,-4.315],[15.6969,-4.3152],[15.6969,-4.3149],[15.6965,-4.315]],[[15.6933,-4.3121],[15.6932,-4.3119],[15.693,-4.3122],[15.6933,-4.3121]],[[15.6931,-4.3118],[15.6922,-4.312],[15.6924,-4.3127],[15.6931,-4.3118]],[[15.6821,-4.2942],[15.6815,-4.2948],[15.6821,-4.2947],[15.6821,-4.2942]],[[15.6585,-4.2843],[15.6588,-4.2845],[15.6584,-4.284],[15.6585,-4.2843]],[[15.6419,-4.2779],[15.6411,-4.278],[15.6424,-4.2782],[15.6419,-4.2779]],[[15.6185,-4.2619],[15.6195,-4.2621],[15.6211,-4.2609],[15.6197,-4.2603],[15.6185,-4.2619]],[[15.6183,-4.253],[15.6169,-4.2533],[15.6179,-4.2542],[15.6183,-4.253]],[[15.6171,-4.2536],[15.6157,-4.2544],[15.6176,-4.2544],[15.6171,-4.2536]],[[15.6078,-4.2556],[15.6084,-4.2547],[15.6075,-4.2554],[15.6078,-4.2556]],[[15.5956,-4.2531],[15.5963,-4.2525],[15.5963,-4.2524],[15.5956,-4.2531]],[[15.5878,-4.2546],[15.5884,-4.2555],[15.5887,-4.2557],[15.5889,-4.254],[15.5878,-4.2546]],[[15.5773,-4.2574],[15.5781,-4.2582],[15.5774,-4.2565],[15.5773,-4.2574]],[[15.5771,-4.2558],[15.5765,-4.2568],[15.5771,-4.2573],[15.5771,-4.2558]],[[15.5764,-4.252],[15.5768,-4.2528],[15.5769,-4.2514],[15.5764,-4.252]],[[15.5492,-4.2451],[15.5472,-4.245],[15.5497,-4.2456],[15.5492,-4.2451]],[[15.5466,-4.2457],[15.5459,-4.2457],[15.5465,-4.2464],[15.5466,-4.2457]],[[15.5455,-4.263],[15.5453,-4.2628],[15.5454,-4.2631],[15.5455,-4.263]],[[15.545,-4.2611],[15.5446,-4.2605],[15.5445,-4.2612],[15.545,-4.2611]],[[15.5446,-4.2631],[15.5449,-4.2633],[15.5446,-4.2627],[15.5446,-4.2631]],[[15.544,-4.2606],[15.5436,-4.2599],[15.5439,-4.2608],[15.544,-4.2606]],[[15.5427,-4.2595],[15.542,-4.26],[15.5429,-4.2603],[15.5427,-4.2595]],[[15.5422,-4.2589],[15.5408,-4.2575],[15.5401,-4.2592],[15.541,-4.2599],[15.5422,-4.2589]],[[15.5406,-4.2637],[15.5416,-4.2631],[15.5413,-4.2614],[15.5399,-4.2622],[15.5406,-4.2637]],[[15.5406,-4.2669],[15.5406,-4.2666],[15.5405,-4.2667],[15.5406,-4.2669]],[[15.5126,-4.1448],[15.5076,-4.1494],[15.5063,-4.1544],[15.5145,-4.1643],[15.5262,-4.1725],[15.5319,-4.1536],[15.5325,-4.1449],[15.5312,-4.1416],[15.5246,-4.132],[15.5205,-4.1293],[15.5202,-4.1404],[15.5185,-4.1417],[15.5126,-4.1448]],[[15.5281,-4.2894],[15.5287,-4.2903],[15.5288,-4.2887],[15.5281,-4.2894]],[[15.5235,-4.3006],[15.5246,-4.2995],[15.5264,-4.2959],[15.5262,-4.2951],[15.5284,-4.2927],[15.5272,-4.2908],[15.5254,-4.2955],[15.5249,-4.2964],[15.5233,-4.2978],[15.5237,-4.2992],[15.5235,-4.3006]],[[15.5276,-4.2304],[15.5263,-4.2309],[15.5268,-4.2315],[15.5271,-4.2314],[15.5276,-4.2304]],[[15.5181,-4.3026],[15.5205,-4.3017],[15.5204,-4.2993],[15.5209,-4.2978],[15.5209,-4.3018],[15.5199,-4.3028],[15.5232,-4.3007],[15.5231,-4.2979],[15.5252,-4.2954],[15.5268,-4.2899],[15.5212,-4.2924],[15.5205,-4.2941],[15.517,-4.2983],[15.5167,-4.2982],[15.5174,-4.2966],[15.5199,-4.2941],[15.52,-4.293],[15.5169,-4.2943],[15.5149,-4.2997],[15.5151,-4.3009],[15.5164,-4.2991],[15.5161,-4.302],[15.5141,-4.3086],[15.5125,-4.3088],[15.5131,-4.3099],[15.5169,-4.3076],[15.5194,-4.3027],[15.5188,-4.3029],[15.5181,-4.3026]],[[15.525,-4.2298],[15.5244,-4.2307],[15.5259,-4.2314],[15.525,-4.2298]],[[15.5198,-4.2358],[15.5218,-4.2375],[15.5233,-4.2374],[15.5224,-4.237],[15.5222,-4.2366],[15.5248,-4.237],[15.5209,-4.2336],[15.5195,-4.2351],[15.5189,-4.2379],[15.5198,-4.2358]],[[15.5236,-4.2308],[15.5234,-4.2314],[15.5239,-4.2316],[15.5236,-4.2308]],[[15.5205,-4.2931],[15.5205,-4.294],[15.5207,-4.2931],[15.5205,-4.2931]],[[15.5205,-4.2926],[15.5195,-4.293],[15.5203,-4.2928],[15.5205,-4.2926]],[[15.5165,-4.223],[15.5164,-4.2289],[15.5169,-4.2301],[15.5183,-4.2256],[15.5174,-4.2322],[15.5178,-4.2337],[15.5183,-4.2318],[15.5184,-4.2362],[15.5203,-4.23],[15.5195,-4.22],[15.5177,-4.2216],[15.5175,-4.2237],[15.5172,-4.2225],[15.5165,-4.223]],[[15.5202,-4.3033],[15.5187,-4.3043],[15.5187,-4.305],[15.5202,-4.3033]],[[15.5195,-4.1389],[15.518,-4.1418],[15.5201,-4.1402],[15.5195,-4.1389]],[[15.5196,-4.303],[15.5196,-4.3028],[15.5195,-4.3029],[15.5196,-4.303]],[[15.5194,-4.3061],[15.5193,-4.3059],[15.5193,-4.306],[15.5194,-4.3061]],[[15.518,-4.2144],[15.5141,-4.2273],[15.5165,-4.2318],[15.5156,-4.2273],[15.5163,-4.2222],[15.5194,-4.2167],[15.518,-4.2144]],[[15.5184,-4.3069],[15.5191,-4.3062],[15.5191,-4.3061],[15.5188,-4.3062],[15.5184,-4.3069]],[[15.5186,-4.3025],[15.5188,-4.3026],[15.5187,-4.3025],[15.5186,-4.3025]],[[15.5137,-4.1208],[15.5045,-4.1421],[15.5049,-4.1494],[15.507,-4.1464],[15.513,-4.1429],[15.5184,-4.1355],[15.5183,-4.1301],[15.5137,-4.1208]],[[15.5155,-4.1415],[15.5186,-4.1387],[15.5186,-4.1371],[15.5155,-4.1415]],[[15.5172,-4.2977],[15.5174,-4.2971],[15.5175,-4.297],[15.5173,-4.2969],[15.5172,-4.2977]],[[15.5154,-4.1423],[15.5167,-4.1416],[15.5147,-4.1425],[15.5154,-4.1423]],[[15.5157,-4.2956],[15.5159,-4.2951],[15.5156,-4.2953],[15.5157,-4.2956]],[[15.5116,-4.3002],[15.5135,-4.2974],[15.5153,-4.2968],[15.5154,-4.2953],[15.5099,-4.2994],[15.5105,-4.2997],[15.5093,-4.3035],[15.5097,-4.3044],[15.51,-4.3028],[15.5105,-4.304],[15.5111,-4.3032],[15.5103,-4.302],[15.5136,-4.3024],[15.5116,-4.3002]],[[15.5144,-4.2975],[15.5138,-4.298],[15.5147,-4.2976],[15.5144,-4.2975]],[[15.5122,-4.3085],[15.5138,-4.3063],[15.5123,-4.3059],[15.5103,-4.3107],[15.5088,-4.3117],[15.5078,-4.3132],[15.5094,-4.3134],[15.5078,-4.3146],[15.5144,-4.3113],[15.5145,-4.3103],[15.5122,-4.3099],[15.5122,-4.3085]],[[15.5145,-4.3013],[15.5144,-4.3013],[15.5146,-4.3015],[15.5145,-4.3013]],[[15.5143,-4.2981],[15.514,-4.2989],[15.5145,-4.298],[15.5143,-4.2981]],[[15.5141,-4.2995],[15.5145,-4.3008],[15.5145,-4.2993],[15.5141,-4.2995]],[[15.5136,-4.3001],[15.514,-4.3022],[15.5144,-4.3016],[15.5136,-4.3001]],[[15.5141,-4.2954],[15.5139,-4.2952],[15.5138,-4.2955],[15.5141,-4.2954]],[[15.5112,-4.2448],[15.5106,-4.246],[15.5142,-4.2436],[15.5133,-4.2399],[15.5102,-4.2452],[15.5112,-4.2448]],[[15.5138,-4.2988],[15.5131,-4.2998],[15.5138,-4.2996],[15.5138,-4.2991],[15.514,-4.2986],[15.5137,-4.2979],[15.5141,-4.2974],[15.5132,-4.2979],[15.5138,-4.2988]],[[15.5139,-4.257],[15.5069,-4.2621],[15.5035,-4.2686],[15.509,-4.2664],[15.5091,-4.2649],[15.5078,-4.2642],[15.5081,-4.2646],[15.5077,-4.2651],[15.5075,-4.2629],[15.5099,-4.2652],[15.5098,-4.2654],[15.5097,-4.2657],[15.5095,-4.2658],[15.5091,-4.2667],[15.5092,-4.2668],[15.5093,-4.2666],[15.5139,-4.257]],[[15.5134,-4.3049],[15.5139,-4.3051],[15.5135,-4.3047],[15.5134,-4.3049]],[[15.5137,-4.3062],[15.5138,-4.306],[15.5137,-4.3059],[15.5137,-4.3062]],[[15.5136,-4.2687],[15.5116,-4.2707],[15.5115,-4.2745],[15.5137,-4.2702],[15.5136,-4.2687]],[[15.5133,-4.3054],[15.5133,-4.3056],[15.5135,-4.3055],[15.5133,-4.3054]],[[15.5134,-4.2988],[15.513,-4.2989],[15.5131,-4.299],[15.5134,-4.2988]],[[15.5134,-4.1204],[15.513,-4.1201],[15.5127,-4.1202],[15.5134,-4.1204]],[[15.5076,-4.3119],[15.513,-4.3048],[15.513,-4.3032],[15.5114,-4.3045],[15.5125,-4.3028],[15.5076,-4.3089],[15.5076,-4.3119]],[[15.5131,-4.3056],[15.5127,-4.306],[15.5132,-4.3058],[15.5131,-4.3056]],[[15.5132,-4.3002],[15.513,-4.3001],[15.513,-4.3004],[15.5132,-4.3002]],[[15.5131,-4.3009],[15.5129,-4.301],[15.513,-4.301],[15.5131,-4.3009]],[[15.5128,-4.2995],[15.5123,-4.3005],[15.5125,-4.3006],[15.5128,-4.2995]],[[15.5113,-4.3149],[15.5091,-4.3152],[15.5092,-4.3155],[15.5113,-4.3149]],[[15.511,-4.3177],[15.5109,-4.3175],[15.5109,-4.3176],[15.511,-4.3177]],[[15.5077,-4.2787],[15.5106,-4.2753],[15.5102,-4.2737],[15.5077,-4.2787]],[[15.5088,-4.2987],[15.51,-4.2979],[15.5102,-4.2966],[15.5094,-4.297],[15.5088,-4.2987]],[[15.51,-4.2999],[15.5098,-4.3002],[15.5099,-4.3002],[15.51,-4.2999]],[[15.5065,-4.2387],[15.5059,-4.244],[15.5091,-4.2466],[15.5095,-4.237],[15.5065,-4.2387]],[[15.5097,-4.3161],[15.5099,-4.3157],[15.5097,-4.3156],[15.5097,-4.3161]],[[15.5093,-4.3042],[15.5096,-4.3048],[15.5092,-4.3041],[15.5093,-4.3042]],[[15.5095,-4.3157],[15.5095,-4.3156],[15.5095,-4.3156],[15.5095,-4.3157]],[[15.5094,-4.3162],[15.5082,-4.316],[15.5083,-4.3165],[15.5094,-4.3162]],[[15.5082,-4.2342],[15.5057,-4.2382],[15.5093,-4.235],[15.5082,-4.2342]],[[15.509,-4.3016],[15.5092,-4.3022],[15.5091,-4.3011],[15.509,-4.3016]],[[15.5083,-4.3028],[15.5089,-4.3026],[15.5087,-4.3022],[15.5083,-4.3028]],[[15.5086,-4.3033],[15.5084,-4.3034],[15.5089,-4.3031],[15.5086,-4.3033]],[[15.5075,-4.2481],[15.5079,-4.2492],[15.5085,-4.2468],[15.5054,-4.2458],[15.5059,-4.2489],[15.5075,-4.2481]],[[15.5086,-4.304],[15.5083,-4.3038],[15.5083,-4.3042],[15.5086,-4.304]],[[15.5085,-4.3052],[15.5087,-4.305],[15.5085,-4.3049],[15.5085,-4.3052]],[[15.5081,-4.3004],[15.5084,-4.2999],[15.508,-4.3003],[15.5081,-4.3004]],[[15.5086,-4.3043],[15.5083,-4.3045],[15.5084,-4.3046],[15.5086,-4.3043]],[[15.5082,-4.2992],[15.5081,-4.2991],[15.508,-4.2993],[15.5082,-4.2992]],[[15.5083,-4.301],[15.5079,-4.3012],[15.508,-4.3014],[15.5083,-4.301]],[[15.508,-4.3161],[15.5078,-4.3156],[15.5074,-4.3158],[15.5079,-4.3159],[15.508,-4.3161]],[[15.5081,-4.279],[15.5078,-4.2789],[15.5078,-4.2791],[15.5081,-4.279]],[[15.508,-4.3168],[15.507,-4.3161],[15.506,-4.318],[15.508,-4.3168]],[[15.5062,-4.3137],[15.5072,-4.3136],[15.5078,-4.3123],[15.5064,-4.3117],[15.5062,-4.3137]],[[15.5076,-4.3145],[15.5075,-4.3149],[15.5078,-4.3147],[15.5076,-4.3145]],[[15.5057,-4.2443],[15.5064,-4.2454],[15.5075,-4.2456],[15.5068,-4.2448],[15.5057,-4.2443]],[[15.5073,-4.3138],[15.506,-4.3146],[15.5068,-4.3149],[15.5073,-4.3138]],[[15.5058,-4.1517],[15.5064,-4.1508],[15.5071,-4.1492],[15.5058,-4.1517]],[[15.5046,-4.2791],[15.5058,-4.2795],[15.5065,-4.2767],[15.5058,-4.2774],[15.5046,-4.2791]],[[15.5055,-4.316],[15.5064,-4.3169],[15.5066,-4.3162],[15.5055,-4.316]],[[15.5063,-4.2504],[15.5058,-4.25],[15.5058,-4.2506],[15.5063,-4.2504]],[[15.4948,-4.2436],[15.5011,-4.2374],[15.4992,-4.2352],[15.4993,-4.2336],[15.5013,-4.2371],[15.5035,-4.2325],[15.5041,-4.2301],[15.5027,-4.2275],[15.5044,-4.2295],[15.5043,-4.2264],[15.502,-4.2222],[15.5032,-4.2228],[15.5033,-4.2208],[15.5049,-4.2283],[15.5056,-4.2266],[15.5063,-4.2093],[15.5034,-4.1988],[15.5019,-4.2011],[15.4996,-4.2166],[15.5008,-4.2173],[15.5013,-4.2185],[15.5028,-4.2193],[15.5016,-4.2189],[15.4996,-4.2167],[15.4993,-4.2222],[15.4978,-4.2308],[15.4952,-4.2335],[15.4929,-4.2397],[15.4938,-4.245],[15.4942,-4.2415],[15.4956,-4.2422],[15.4948,-4.2436]],[[15.505,-4.2773],[15.5056,-4.277],[15.5061,-4.2759],[15.5052,-4.2768],[15.5049,-4.2772],[15.505,-4.2773]],[[15.5054,-4.2757],[15.5052,-4.2762],[15.5058,-4.2753],[15.5054,-4.2757]],[[15.5049,-4.3013],[15.5047,-4.3036],[15.5053,-4.3008],[15.5049,-4.3013]],[[15.5044,-4.3044],[15.5053,-4.3051],[15.505,-4.3042],[15.5044,-4.3044]],[[15.5048,-4.231],[15.5042,-4.2316],[15.5049,-4.2317],[15.5048,-4.231]],[[15.5042,-4.3038],[15.504,-4.3036],[15.504,-4.3038],[15.5042,-4.3038]],[[15.5035,-4.3008],[15.5009,-4.3054],[15.5041,-4.3005],[15.5035,-4.3008]],[[15.5036,-4.2404],[15.5038,-4.2408],[15.5039,-4.2406],[15.5036,-4.2404]],[[15.5014,-4.3179],[15.5012,-4.316],[15.4996,-4.3192],[15.5014,-4.3179]],[[15.497,-4.2534],[15.5005,-4.2553],[15.5017,-4.2542],[15.5015,-4.2506],[15.497,-4.2534]],[[15.4999,-4.247],[15.5007,-4.2455],[15.4998,-4.2428],[15.4969,-4.2446],[15.4965,-4.2464],[15.4967,-4.2473],[15.499,-4.2463],[15.4999,-4.247]],[[15.4988,-4.249],[15.4999,-4.2485],[15.4984,-4.2487],[15.4988,-4.249]],[[15.498,-4.3048],[15.4991,-4.3047],[15.4986,-4.3042],[15.4994,-4.3041],[15.4999,-4.3031],[15.4987,-4.3034],[15.498,-4.3048]],[[15.4988,-4.2475],[15.4988,-4.2471],[15.4984,-4.2476],[15.4988,-4.2475]],[[15.499,-4.2226],[15.499,-4.2221],[15.4989,-4.2226],[15.499,-4.2226]],[[15.4969,-4.2522],[15.4978,-4.2511],[15.4964,-4.2511],[15.4969,-4.2522]],[[15.4902,-4.2445],[15.4898,-4.2471],[15.491,-4.2455],[15.4916,-4.2452],[15.4909,-4.2441],[15.4922,-4.2447],[15.49,-4.2473],[15.49,-4.2518],[15.4951,-4.2618],[15.4949,-4.2492],[15.4915,-4.2424],[15.4885,-4.2453],[15.4902,-4.2445]],[[15.4948,-4.138],[15.4928,-4.141],[15.4951,-4.146],[15.4953,-4.1425],[15.4948,-4.138]],[[15.4917,-4.2334],[15.4933,-4.2297],[15.4932,-4.2267],[15.4881,-4.2321],[15.4901,-4.2295],[15.4869,-4.2301],[15.488,-4.2329],[15.4858,-4.2356],[15.4871,-4.2375],[15.4917,-4.2334]],[[15.4805,-4.2825],[15.4847,-4.2785],[15.4854,-4.2714],[15.4863,-4.2728],[15.4892,-4.2698],[15.4902,-4.2631],[15.491,-4.2633],[15.4907,-4.266],[15.4921,-4.2665],[15.4928,-4.265],[15.4931,-4.2614],[15.4892,-4.2559],[15.4862,-4.2614],[15.4868,-4.2655],[15.4864,-4.2647],[15.4853,-4.2662],[15.485,-4.27],[15.4864,-4.2699],[15.485,-4.2702],[15.4805,-4.2825]],[[15.4838,-4.1984],[15.4851,-4.2042],[15.4851,-4.2023],[15.486,-4.2028],[15.4902,-4.1952],[15.4912,-4.1879],[15.4918,-4.1896],[15.4925,-4.1874],[15.4894,-4.1872],[15.4873,-4.1886],[15.4852,-4.1935],[15.4879,-4.1917],[15.4892,-4.1918],[15.4851,-4.1938],[15.4838,-4.1984]],[[15.4865,-4.2274],[15.4882,-4.2264],[15.4918,-4.2269],[15.4901,-4.2229],[15.4877,-4.2222],[15.4852,-4.2247],[15.4865,-4.2274]],[[15.4917,-4.2106],[15.4915,-4.2098],[15.4913,-4.21],[15.4917,-4.2106]],[[15.491,-4.18],[15.4891,-4.1829],[15.4892,-4.1835],[15.4914,-4.1833],[15.491,-4.18]],[[15.4868,-4.2071],[15.4877,-4.2122],[15.4893,-4.2101],[15.491,-4.2117],[15.4903,-4.1971],[15.4854,-4.2055],[15.4868,-4.2071]],[[15.4858,-4.1844],[15.4897,-4.1791],[15.4887,-4.1755],[15.4845,-4.1789],[15.4843,-4.1836],[15.4857,-4.1818],[15.4844,-4.1841],[15.4849,-4.1871],[15.4858,-4.1844]],[[15.4887,-4.2376],[15.4882,-4.2371],[15.4883,-4.2378],[15.4887,-4.2376]],[[15.4887,-4.1838],[15.4875,-4.1836],[15.4875,-4.184],[15.4887,-4.1838]],[[15.4878,-4.174],[15.4858,-4.1747],[15.4851,-4.1777],[15.4878,-4.174]],[[15.4857,-4.2764],[15.487,-4.2745],[15.4876,-4.2729],[15.4858,-4.2742],[15.4857,-4.2764]],[[15.487,-4.1846],[15.4871,-4.1841],[15.4864,-4.1842],[15.487,-4.1846]],[[15.4868,-4.2584],[15.4865,-4.2587],[15.486,-4.2596],[15.4868,-4.2584]],[[15.4866,-4.2324],[15.4855,-4.2329],[15.4858,-4.2338],[15.4866,-4.2324]],[[15.4848,-4.2549],[15.4865,-4.2476],[15.4858,-4.2448],[15.4844,-4.2446],[15.4837,-4.2488],[15.4848,-4.2549]],[[15.4801,-4.2114],[15.483,-4.2091],[15.4834,-4.2114],[15.4816,-4.2134],[15.4827,-4.2169],[15.4837,-4.2122],[15.4845,-4.2146],[15.4861,-4.2101],[15.4823,-4.2043],[15.4774,-4.2099],[15.477,-4.2131],[15.4787,-4.2146],[15.4801,-4.2114]],[[15.4853,-4.2439],[15.4847,-4.2442],[15.4858,-4.2444],[15.4853,-4.2439]],[[15.4849,-4.2045],[15.4847,-4.2042],[15.4847,-4.2048],[15.4849,-4.2045]],[[15.4831,-4.1704],[15.4822,-4.1712],[15.483,-4.1714],[15.4831,-4.1704]],[[15.4814,-4.169],[15.4825,-4.1696],[15.4824,-4.1673],[15.4819,-4.1676],[15.4814,-4.169]],[[15.4797,-4.251],[15.481,-4.2549],[15.4825,-4.2529],[15.4807,-4.2462],[15.4774,-4.2495],[15.4783,-4.25],[15.4774,-4.2542],[15.4761,-4.2547],[15.4773,-4.2546],[15.4797,-4.251]],[[15.4781,-4.1992],[15.4823,-4.1955],[15.4808,-4.1924],[15.4784,-4.1959],[15.4781,-4.1992]],[[15.482,-4.2587],[15.4818,-4.2579],[15.4823,-4.2597],[15.482,-4.2587]],[[15.4791,-4.2203],[15.4784,-4.224],[15.479,-4.2245],[15.4793,-4.2253],[15.4803,-4.2212],[15.4807,-4.2235],[15.4818,-4.2211],[15.4802,-4.2184],[15.4772,-4.2184],[15.4762,-4.2278],[15.4776,-4.2308],[15.4772,-4.2288],[15.4777,-4.2297],[15.4788,-4.2288],[15.4785,-4.227],[15.4796,-4.2256],[15.4782,-4.2247],[15.4786,-4.2285],[15.4768,-4.2248],[15.4791,-4.2203]],[[15.4806,-4.1676],[15.481,-4.1668],[15.4805,-4.1675],[15.4806,-4.1676]],[[15.48,-4.1656],[15.4804,-4.1664],[15.4805,-4.1654],[15.48,-4.1656]],[[15.4794,-4.2827],[15.4803,-4.2807],[15.4773,-4.2833],[15.4794,-4.2827]],[[15.4793,-4.2273],[15.4791,-4.2273],[15.479,-4.2279],[15.4793,-4.2273]],[[15.474,-4.2471],[15.4754,-4.2473],[15.4769,-4.2451],[15.4749,-4.2463],[15.474,-4.2471]],[[15.473,-4.2864],[15.4755,-4.286],[15.4767,-4.2853],[15.473,-4.2864]],[[15.4739,-4.2326],[15.4757,-4.2365],[15.4762,-4.2368],[15.4739,-4.2326]],[[15.4553,-4.2512],[15.4539,-4.2609],[15.4559,-4.2591],[15.4593,-4.2599],[15.4611,-4.2579],[15.4597,-4.2598],[15.4587,-4.2603],[15.4604,-4.2604],[15.4553,-4.2604],[15.4519,-4.2662],[15.4506,-4.266],[15.4475,-4.269],[15.4383,-4.2721],[15.4344,-4.2725],[15.432,-4.2746],[15.434,-4.2733],[15.4397,-4.2743],[15.4367,-4.2752],[15.4392,-4.2771],[15.4373,-4.2784],[15.4393,-4.2787],[15.4399,-4.2776],[15.4494,-4.2722],[15.4469,-4.2737],[15.4475,-4.2744],[15.4474,-4.2752],[15.4531,-4.2754],[15.4598,-4.2722],[15.4579,-4.2741],[15.46,-4.2747],[15.4645,-4.2715],[15.4628,-4.2733],[15.4654,-4.2727],[15.468,-4.2669],[15.4676,-4.2686],[15.4693,-4.2671],[15.4673,-4.2636],[15.4699,-4.26],[15.4691,-4.2614],[15.471,-4.2599],[15.4714,-4.2445],[15.4732,-4.238],[15.4754,-4.2366],[15.4738,-4.2346],[15.4737,-4.2356],[15.4735,-4.2288],[15.4669,-4.2345],[15.4654,-4.2383],[15.4654,-4.2445],[15.4664,-4.2444],[15.4553,-4.2512]],[[15.4753,-4.2437],[15.474,-4.2444],[15.4738,-4.2451],[15.4753,-4.2437]],[[15.4739,-4.2886],[15.4724,-4.2883],[15.4701,-4.2899],[15.4727,-4.29],[15.4739,-4.2886]],[[15.4635,-4.2773],[15.4652,-4.2781],[15.4672,-4.277],[15.4671,-4.2821],[15.4688,-4.2804],[15.4722,-4.2698],[15.4713,-4.2687],[15.4726,-4.267],[15.4731,-4.2683],[15.4739,-4.2674],[15.4723,-4.264],[15.4712,-4.2686],[15.4635,-4.2755],[15.4599,-4.2772],[15.4602,-4.2786],[15.4624,-4.2768],[15.4635,-4.2773]],[[15.4726,-4.2758],[15.4728,-4.2774],[15.4731,-4.2759],[15.4726,-4.2758]],[[15.4702,-4.2685],[15.471,-4.2674],[15.4708,-4.2671],[15.47,-4.2676],[15.4702,-4.2685]],[[15.4686,-4.2925],[15.4683,-4.2939],[15.4703,-4.2922],[15.4686,-4.2925]],[[15.4695,-4.2638],[15.469,-4.2649],[15.4697,-4.2637],[15.4695,-4.2638]],[[15.469,-4.2617],[15.4695,-4.2618],[15.4695,-4.2617],[15.469,-4.2617]],[[15.469,-4.2637],[15.4683,-4.2646],[15.4686,-4.2647],[15.469,-4.2637]],[[15.4671,-4.269],[15.4672,-4.2715],[15.4683,-4.2689],[15.4671,-4.269]],[[15.4671,-4.2917],[15.4668,-4.2921],[15.4674,-4.2918],[15.4671,-4.2917]],[[15.4659,-4.307],[15.4664,-4.3078],[15.467,-4.3065],[15.4659,-4.307]],[[15.457,-4.2894],[15.4618,-4.2855],[15.4594,-4.2857],[15.4634,-4.2846],[15.4654,-4.2796],[15.4628,-4.277],[15.4603,-4.2788],[15.4605,-4.2799],[15.4588,-4.2824],[15.4612,-4.2805],[15.4625,-4.2802],[15.4645,-4.2806],[15.4609,-4.2809],[15.4563,-4.2852],[15.4582,-4.2848],[15.4506,-4.29],[15.4554,-4.2897],[15.4558,-4.2883],[15.457,-4.2894]],[[15.4654,-4.2828],[15.4647,-4.2832],[15.4644,-4.2837],[15.4654,-4.2828]],[[15.4646,-4.3202],[15.4641,-4.3208],[15.4651,-4.3203],[15.4646,-4.3202]],[[15.4639,-4.3203],[15.4651,-4.3195],[15.4644,-4.3196],[15.4639,-4.3203]],[[15.4606,-4.2951],[15.4632,-4.2953],[15.4642,-4.2924],[15.4609,-4.2937],[15.4606,-4.2951]],[[15.4639,-4.3205],[15.4632,-4.3209],[15.4639,-4.3206],[15.4639,-4.3205]],[[15.4538,-4.3205],[15.4508,-4.3249],[15.456,-4.3225],[15.4576,-4.3188],[15.4578,-4.3216],[15.4611,-4.3216],[15.463,-4.3198],[15.4636,-4.32],[15.4638,-4.3196],[15.4624,-4.318],[15.4579,-4.3179],[15.4538,-4.3205]],[[15.4636,-4.3058],[15.4629,-4.3045],[15.4621,-4.3051],[15.4636,-4.3058]],[[15.4619,-4.2742],[15.4628,-4.2739],[15.4628,-4.2737],[15.4625,-4.2735],[15.4619,-4.2742]],[[15.46,-4.2761],[15.4607,-4.2751],[15.4598,-4.2757],[15.46,-4.2761]],[[15.46,-4.3237],[15.4611,-4.3234],[15.4602,-4.323],[15.46,-4.3237]],[[15.4595,-4.2452],[15.4601,-4.2454],[15.4601,-4.2452],[15.4595,-4.2452]],[[15.4236,-4.2875],[15.4311,-4.2876],[15.4318,-4.2847],[15.4312,-4.2879],[15.4395,-4.2893],[15.449,-4.289],[15.4503,-4.2866],[15.4499,-4.2885],[15.4578,-4.2825],[15.4592,-4.2795],[15.4597,-4.2805],[15.4598,-4.2761],[15.4571,-4.2746],[15.4531,-4.2761],[15.4458,-4.2762],[15.4422,-4.2792],[15.43,-4.2797],[15.4092,-4.2883],[15.4229,-4.2876],[15.4245,-4.2862],[15.4236,-4.2875]],[[15.4594,-4.3217],[15.4582,-4.322],[15.4598,-4.3218],[15.4594,-4.3217]],[[15.4589,-4.3223],[15.4583,-4.3231],[15.4595,-4.3223],[15.4589,-4.3223]],[[15.4568,-4.303],[15.4571,-4.3041],[15.458,-4.303],[15.4568,-4.303]],[[15.447,-4.2688],[15.4536,-4.2617],[15.45,-4.2633],[15.4411,-4.2708],[15.447,-4.2688]],[[15.4507,-4.262],[15.4525,-4.2607],[15.4507,-4.2623],[15.4531,-4.2614],[15.4528,-4.2555],[15.451,-4.2571],[15.4507,-4.262]],[[15.4526,-4.298],[15.4489,-4.2995],[15.4453,-4.3038],[15.451,-4.3009],[15.4526,-4.298]],[[15.4492,-4.3204],[15.4515,-4.3224],[15.4522,-4.3209],[15.4492,-4.3204]],[[15.4477,-4.325],[15.4495,-4.3242],[15.4506,-4.3226],[15.4492,-4.323],[15.4477,-4.325]],[[15.4505,-4.3237],[15.45,-4.3244],[15.4501,-4.3245],[15.4505,-4.3237]],[[15.4496,-4.3224],[15.4493,-4.3227],[15.4499,-4.3226],[15.4496,-4.3224]],[[15.4492,-4.2619],[15.4494,-4.2629],[15.4495,-4.2605],[15.4492,-4.2619]],[[15.4489,-4.2629],[15.4493,-4.2629],[15.4489,-4.2624],[15.4489,-4.2629]],[[15.4488,-4.2754],[15.4481,-4.2755],[15.449,-4.2756],[15.4488,-4.2754]],[[15.4485,-4.2628],[15.4487,-4.2628],[15.4486,-4.2627],[15.4485,-4.2628]],[[15.4474,-4.2901],[15.4485,-4.2894],[15.4462,-4.29],[15.4474,-4.2901]],[[15.4482,-4.3233],[15.4479,-4.3237],[15.4483,-4.3235],[15.4482,-4.3233]],[[15.447,-4.2753],[15.4477,-4.276],[15.4479,-4.2758],[15.447,-4.2753]],[[15.4459,-4.3243],[15.4465,-4.3251],[15.4478,-4.324],[15.4471,-4.3235],[15.4459,-4.3243]],[[15.4477,-4.3218],[15.4472,-4.3213],[15.447,-4.3216],[15.4477,-4.3218]],[[15.4395,-4.2788],[15.4422,-4.2789],[15.4473,-4.2743],[15.4465,-4.274],[15.4395,-4.2788]],[[15.4453,-4.2654],[15.4431,-4.2682],[15.4469,-4.2653],[15.4453,-4.2654]],[[15.4463,-4.3252],[15.4458,-4.3248],[15.4454,-4.3249],[15.4463,-4.3252]],[[15.4362,-4.1127],[15.4298,-4.1093],[15.4178,-4.1101],[15.4062,-4.109],[15.403,-4.1145],[15.4032,-4.1178],[15.4006,-4.1228],[15.4031,-4.1208],[15.4041,-4.118],[15.4052,-4.1173],[15.4033,-4.1202],[15.4042,-4.1206],[15.4002,-4.1239],[15.4032,-4.1239],[15.4045,-4.1226],[15.4085,-4.1207],[15.4074,-4.1217],[15.4106,-4.1211],[15.415,-4.1183],[15.4157,-4.1162],[15.4173,-4.1152],[15.4159,-4.1184],[15.4333,-4.1211],[15.4452,-4.1244],[15.4438,-4.1208],[15.4362,-4.1127]],[[15.4342,-4.2707],[15.4397,-4.2704],[15.4437,-4.2657],[15.4417,-4.2646],[15.4356,-4.2673],[15.4338,-4.2694],[15.4347,-4.27],[15.4326,-4.2703],[15.4342,-4.2707]],[[15.438,-4.2981],[15.4379,-4.2992],[15.4402,-4.2999],[15.4433,-4.2973],[15.44,-4.2959],[15.4379,-4.2973],[15.4393,-4.2982],[15.438,-4.2981]],[[15.4419,-4.2897],[15.4424,-4.2896],[15.4418,-4.2896],[15.4419,-4.2897]],[[15.4422,-4.303],[15.4414,-4.3028],[15.4417,-4.3035],[15.4422,-4.303]],[[15.44,-4.2651],[15.4386,-4.2656],[15.4385,-4.2656],[15.44,-4.2651]],[[15.4391,-4.3028],[15.4385,-4.3027],[15.4389,-4.3031],[15.4391,-4.3028]],[[15.4377,-4.266],[15.4379,-4.2654],[15.4375,-4.266],[15.4377,-4.266]],[[15.4283,-4.2795],[15.437,-4.2783],[15.4381,-4.2778],[15.4359,-4.2759],[15.4367,-4.2744],[15.4343,-4.2741],[15.4317,-4.2751],[15.4283,-4.2795]],[[15.436,-4.2959],[15.4364,-4.297],[15.4373,-4.2973],[15.4373,-4.2959],[15.436,-4.2959]],[[15.4343,-4.2711],[15.4335,-4.2706],[15.4327,-4.2708],[15.4343,-4.2711]],[[15.4262,-4.2951],[15.4307,-4.2937],[15.4342,-4.2911],[15.4272,-4.289],[15.4281,-4.2896],[15.4256,-4.2943],[15.4262,-4.2951]],[[15.428,-4.121],[15.4316,-4.1224],[15.4334,-4.1221],[15.428,-4.121]],[[15.4323,-4.289],[15.4333,-4.2897],[15.4331,-4.2892],[15.4323,-4.289]],[[15.4331,-4.2721],[15.4312,-4.2733],[15.4312,-4.2745],[15.4331,-4.2721]],[[15.427,-4.1462],[15.4286,-4.1426],[15.4259,-4.1396],[15.427,-4.1462]],[[15.4143,-4.1329],[15.4141,-4.136],[15.4143,-4.134],[15.4156,-4.1346],[15.4171,-4.1325],[15.4176,-4.1333],[15.4149,-4.136],[15.4142,-4.1391],[15.4234,-4.1319],[15.4278,-4.126],[15.4212,-4.1243],[15.4197,-4.1251],[15.4206,-4.1252],[15.4172,-4.1258],[15.4163,-4.1268],[15.4169,-4.1293],[15.417,-4.1281],[15.4172,-4.1297],[15.4187,-4.1285],[15.4143,-4.1329]],[[15.4255,-4.1204],[15.4264,-4.1212],[15.4277,-4.1218],[15.4272,-4.1207],[15.4255,-4.1204]],[[15.4265,-4.1483],[15.4271,-4.1472],[15.4266,-4.1467],[15.4265,-4.1483]],[[15.4198,-4.1448],[15.4153,-4.1563],[15.4192,-4.1535],[15.4209,-4.1505],[15.4236,-4.1521],[15.4243,-4.1477],[15.4249,-4.148],[15.4247,-4.149],[15.4248,-4.1494],[15.4252,-4.1496],[15.4256,-4.1474],[15.4236,-4.1404],[15.4187,-4.1448],[15.4189,-4.1461],[15.4198,-4.1448]],[[15.4244,-4.2947],[15.4252,-4.2944],[15.4238,-4.2942],[15.4244,-4.2947]],[[15.4221,-4.2904],[15.4235,-4.2922],[15.4245,-4.2898],[15.4221,-4.2904]],[[15.4229,-4.2882],[15.4223,-4.2881],[15.4223,-4.2884],[15.4229,-4.2882]],[[15.4205,-4.2939],[15.4212,-4.2948],[15.4218,-4.2948],[15.4217,-4.2942],[15.4205,-4.2939]],[[15.4127,-4.1236],[15.4115,-4.13],[15.4125,-4.1313],[15.4124,-4.1322],[15.4135,-4.1306],[15.4139,-4.1309],[15.4128,-4.1323],[15.4168,-4.1303],[15.4161,-4.1286],[15.4154,-4.1299],[15.4142,-4.1298],[15.4155,-4.1295],[15.4165,-4.1258],[15.4206,-4.1238],[15.4149,-4.121],[15.4127,-4.1236]],[[15.4118,-4.2827],[15.415,-4.2843],[15.4171,-4.2828],[15.4145,-4.2816],[15.4118,-4.2827]],[[15.4162,-4.1521],[15.4171,-4.151],[15.4169,-4.1509],[15.4162,-4.1521]],[[15.4164,-4.2803],[15.4152,-4.2799],[15.4146,-4.2804],[15.4164,-4.2803]],[[15.4087,-4.2881],[15.4147,-4.2858],[15.4155,-4.2847],[15.4111,-4.2836],[15.4062,-4.2859],[15.4054,-4.287],[15.4072,-4.2881],[15.405,-4.2887],[15.4087,-4.2881]],[[15.4051,-4.1383],[15.4084,-4.1401],[15.4135,-4.1395],[15.4142,-4.1376],[15.4133,-4.1358],[15.4125,-4.138],[15.4112,-4.1371],[15.4051,-4.1383]],[[15.413,-4.1353],[15.4131,-4.1325],[15.4125,-4.1324],[15.4103,-4.1349],[15.413,-4.1353]],[[15.4136,-4.3052],[15.4116,-4.3058],[15.4126,-4.3057],[15.4136,-4.3052]],[[15.4122,-4.1313],[15.4115,-4.1308],[15.4092,-4.1336],[15.4104,-4.1338],[15.4122,-4.1313]],[[15.409,-4.1289],[15.4092,-4.1321],[15.4103,-4.1279],[15.409,-4.1289]],[[15.3887,-4.1329],[15.3905,-4.1391],[15.3914,-4.1363],[15.392,-4.138],[15.3937,-4.1368],[15.3905,-4.1397],[15.3908,-4.1424],[15.3955,-4.1393],[15.3977,-4.1396],[15.4058,-4.1364],[15.4055,-4.1333],[15.4062,-4.1362],[15.4093,-4.1361],[15.4078,-4.1307],[15.4101,-4.1247],[15.4066,-4.127],[15.4024,-4.1283],[15.3985,-4.1289],[15.3952,-4.1276],[15.3907,-4.1291],[15.3887,-4.1329]],[[15.3903,-4.1521],[15.3907,-4.1548],[15.3926,-4.1544],[15.3934,-4.156],[15.395,-4.1558],[15.3943,-4.1574],[15.4022,-4.1566],[15.4007,-4.1574],[15.4049,-4.1582],[15.4094,-4.1448],[15.4018,-4.1425],[15.3985,-4.1427],[15.3964,-4.1461],[15.403,-4.1457],[15.3994,-4.1473],[15.3956,-4.1466],[15.393,-4.1485],[15.3933,-4.1476],[15.3928,-4.1486],[15.3932,-4.149],[15.3917,-4.1508],[15.3938,-4.1493],[15.3951,-4.1502],[15.3927,-4.1529],[15.3934,-4.1506],[15.3903,-4.1521]],[[15.408,-4.1568],[15.4082,-4.1557],[15.4079,-4.1557],[15.408,-4.1568]],[[15.408,-4.1542],[15.4077,-4.1549],[15.4078,-4.1556],[15.408,-4.1542]],[[15.4079,-4.289],[15.4045,-4.2895],[15.4019,-4.2904],[15.4079,-4.289]],[[15.4076,-4.1222],[15.4043,-4.1237],[15.4071,-4.1234],[15.4076,-4.1222]],[[15.406,-4.1566],[15.4062,-4.1581],[15.4074,-4.1588],[15.4071,-4.1562],[15.406,-4.1566]],[[15.4071,-4.1219],[15.4067,-4.1217],[15.4066,-4.1219],[15.4071,-4.1219]],[[15.4069,-4.3407],[15.4067,-4.3405],[15.4069,-4.3408],[15.4069,-4.3407]],[[15.4052,-4.1225],[15.404,-4.1238],[15.4058,-4.1224],[15.4052,-4.1225]],[[15.4051,-4.1271],[15.4053,-4.1273],[15.4055,-4.127],[15.4051,-4.1271]],[[15.405,-4.2861],[15.399,-4.2859],[15.3962,-4.2861],[15.3998,-4.2885],[15.4035,-4.2864],[15.4002,-4.2887],[15.4051,-4.2878],[15.405,-4.2861]],[[15.4044,-4.1384],[15.4047,-4.1386],[15.4041,-4.1382],[15.4044,-4.1384]],[[15.4038,-4.1383],[15.4036,-4.1386],[15.4039,-4.1385],[15.4038,-4.1383]],[[15.4036,-4.1601],[15.3943,-4.1586],[15.3978,-4.1613],[15.3904,-4.1646],[15.3934,-4.165],[15.3957,-4.1639],[15.3957,-4.1652],[15.3969,-4.165],[15.4036,-4.1601]],[[15.4007,-4.1247],[15.3974,-4.1265],[15.4031,-4.1255],[15.4007,-4.1247]],[[15.3854,-4.3016],[15.3896,-4.3043],[15.3871,-4.3034],[15.3871,-4.3044],[15.3846,-4.3027],[15.3838,-4.3035],[15.3875,-4.3055],[15.3915,-4.3054],[15.3973,-4.3035],[15.3979,-4.3005],[15.3908,-4.3004],[15.3944,-4.3011],[15.3926,-4.3016],[15.3904,-4.3006],[15.3872,-4.3003],[15.3863,-4.3008],[15.3897,-4.3011],[15.3854,-4.3016]],[[15.3957,-4.2884],[15.397,-4.2898],[15.3964,-4.2878],[15.3957,-4.2884]],[[15.3967,-4.1447],[15.3963,-4.1454],[15.3963,-4.1458],[15.3967,-4.1447]],[[15.3959,-4.1461],[15.3948,-4.1457],[15.3944,-4.1466],[15.3959,-4.1461]],[[15.3945,-4.2988],[15.3956,-4.2988],[15.3955,-4.298],[15.3945,-4.2988]],[[15.3925,-4.2886],[15.3946,-4.2897],[15.3944,-4.2878],[15.3935,-4.2865],[15.3925,-4.2886]],[[15.3943,-4.1457],[15.3918,-4.1468],[15.3909,-4.1469],[15.3902,-4.1484],[15.3907,-4.1482],[15.3913,-4.1491],[15.3903,-4.1487],[15.389,-4.1502],[15.3917,-4.1496],[15.3911,-4.1478],[15.3943,-4.1457]],[[15.3869,-4.2981],[15.3927,-4.2988],[15.3932,-4.2982],[15.3869,-4.2981]],[[15.3929,-4.1492],[15.3921,-4.1494],[15.3921,-4.1497],[15.3929,-4.1492]],[[15.3924,-4.1492],[15.3918,-4.1479],[15.392,-4.1493],[15.3924,-4.1492]],[[15.3923,-4.1462],[15.3924,-4.1457],[15.3917,-4.1463],[15.3923,-4.1462]],[[15.3915,-4.1467],[15.3918,-4.1465],[15.391,-4.1468],[15.3915,-4.1467]],[[15.3909,-4.29],[15.3908,-4.2863],[15.3902,-4.286],[15.39,-4.2887],[15.3903,-4.2895],[15.3909,-4.29]],[[15.3864,-4.29],[15.3898,-4.2902],[15.3893,-4.286],[15.3868,-4.2876],[15.3864,-4.29]],[[15.3896,-4.1512],[15.3883,-4.1512],[15.3884,-4.1517],[15.3896,-4.1512]],[[15.3889,-4.3316],[15.3887,-4.3316],[15.3889,-4.3316],[15.3889,-4.3316]],[[15.3886,-4.1496],[15.3889,-4.1493],[15.3884,-4.1494],[15.3886,-4.1496]],[[15.3802,-4.1485],[15.3832,-4.1489],[15.3829,-4.1499],[15.3814,-4.1495],[15.3826,-4.151],[15.3842,-4.1502],[15.3876,-4.1456],[15.3882,-4.1427],[15.3802,-4.1485]],[[15.3766,-4.2845],[15.3643,-4.2794],[15.3692,-4.282],[15.3614,-4.2801],[15.3596,-4.2817],[15.3612,-4.2836],[15.3657,-4.2844],[15.3647,-4.2846],[15.3699,-4.2874],[15.3655,-4.2853],[15.3634,-4.2854],[15.3648,-4.2866],[15.3623,-4.2855],[15.3675,-4.2893],[15.3781,-4.2893],[15.3864,-4.2845],[15.3766,-4.2845]],[[15.3806,-4.2998],[15.3834,-4.3003],[15.3854,-4.2995],[15.3806,-4.2998]],[[15.3809,-4.2936],[15.3854,-4.294],[15.3803,-4.2928],[15.3809,-4.2936]],[[15.3851,-4.3015],[15.3853,-4.3012],[15.385,-4.3013],[15.3851,-4.3015]],[[15.3852,-4.302],[15.3846,-4.3019],[15.3845,-4.302],[15.3852,-4.302]],[[15.3851,-4.2828],[15.3846,-4.2821],[15.3829,-4.2827],[15.384,-4.2828],[15.3851,-4.2828]],[[15.3845,-4.3011],[15.3836,-4.3016],[15.3839,-4.3021],[15.3845,-4.3011]],[[15.3811,-4.302],[15.382,-4.3029],[15.3839,-4.3028],[15.3828,-4.3017],[15.3811,-4.302]],[[15.3752,-4.2816],[15.3783,-4.2832],[15.3833,-4.282],[15.3783,-4.2802],[15.3752,-4.2816]],[[15.3767,-4.3035],[15.3764,-4.3036],[15.3769,-4.3039],[15.3782,-4.304],[15.3774,-4.3042],[15.3772,-4.3045],[15.3794,-4.3043],[15.3767,-4.3035]],[[15.3772,-4.3034],[15.3769,-4.3026],[15.3767,-4.3033],[15.3772,-4.3034]],[[15.3765,-4.1684],[15.3763,-4.1677],[15.3756,-4.1686],[15.3765,-4.1684]],[[15.3768,-4.3023],[15.3751,-4.3023],[15.3767,-4.3024],[15.3768,-4.3023]],[[15.3761,-4.3031],[15.3764,-4.303],[15.3759,-4.3029],[15.3761,-4.3031]],[[15.3749,-4.3028],[15.3733,-4.3026],[15.373,-4.3028],[15.3749,-4.3028]],[[15.3738,-4.3245],[15.3737,-4.3244],[15.3737,-4.3245],[15.3738,-4.3245]],[[15.3722,-4.1599],[15.3706,-4.163],[15.3711,-4.1641],[15.3718,-4.1646],[15.3728,-4.1629],[15.3722,-4.1599]],[[15.3709,-4.1621],[15.3707,-4.162],[15.3707,-4.1623],[15.3709,-4.1621]],[[15.3707,-4.1655],[15.3703,-4.1653],[15.3699,-4.1656],[15.3707,-4.1655]],[[15.3703,-4.1618],[15.3704,-4.1624],[15.3704,-4.1618],[15.3703,-4.1618]],[[15.37,-4.1647],[15.3701,-4.1644],[15.37,-4.1643],[15.37,-4.1647]],[[15.358,-4.2749],[15.37,-4.2789],[15.3668,-4.276],[15.358,-4.2749]],[[15.3678,-4.1633],[15.3699,-4.1642],[15.3693,-4.1623],[15.3678,-4.1633]],[[15.3692,-4.1707],[15.3642,-4.1739],[15.3675,-4.1732],[15.3692,-4.1707]],[[15.3689,-4.1608],[15.3671,-4.1621],[15.3691,-4.1608],[15.3689,-4.1608]],[[15.3655,-4.3239],[15.3637,-4.3242],[15.3632,-4.3242],[15.3626,-4.3237],[15.3619,-4.3238],[15.3635,-4.3244],[15.3666,-4.3236],[15.3678,-4.3227],[15.3655,-4.3239]],[[15.3655,-4.1766],[15.3664,-4.1752],[15.3671,-4.1746],[15.3645,-4.1748],[15.3639,-4.176],[15.3651,-4.1755],[15.3655,-4.1766]],[[15.3671,-4.3223],[15.3667,-4.3224],[15.3669,-4.3224],[15.3671,-4.3223]],[[15.3669,-4.326],[15.3667,-4.3263],[15.367,-4.3263],[15.3669,-4.326]],[[15.3662,-4.322],[15.3661,-4.3226],[15.3669,-4.3223],[15.3662,-4.322]],[[15.3659,-4.3226],[15.3656,-4.3222],[15.3655,-4.3223],[15.3659,-4.3226]],[[15.366,-4.322],[15.3657,-4.3219],[15.3656,-4.3222],[15.366,-4.322]],[[15.3653,-4.3227],[15.3654,-4.3236],[15.366,-4.3228],[15.3653,-4.3227]],[[15.3655,-4.3235],[15.3656,-4.3236],[15.3656,-4.3235],[15.3655,-4.3235]],[[15.3654,-4.3219],[15.3656,-4.3218],[15.3654,-4.3217],[15.3654,-4.3219]],[[15.3655,-4.3225],[15.365,-4.3226],[15.3651,-4.3228],[15.3655,-4.3225]],[[15.3653,-4.3216],[15.3649,-4.3217],[15.3652,-4.3218],[15.3653,-4.3216]],[[15.3651,-4.3219],[15.3652,-4.322],[15.3652,-4.3219],[15.3651,-4.3219]],[[15.3603,-4.1712],[15.3604,-4.1698],[15.3588,-4.171],[15.3599,-4.1709],[15.3573,-4.1766],[15.3575,-4.1775],[15.3577,-4.1779],[15.3582,-4.1781],[15.3608,-4.1769],[15.3612,-4.1802],[15.3624,-4.1743],[15.3652,-4.1722],[15.362,-4.1694],[15.3603,-4.1712]],[[15.3652,-4.3232],[15.365,-4.3231],[15.3649,-4.3233],[15.3652,-4.3232]],[[15.3651,-4.3235],[15.3651,-4.3234],[15.3651,-4.3234],[15.3651,-4.3235]],[[15.3648,-4.3221],[15.365,-4.322],[15.3648,-4.322],[15.3648,-4.3221]],[[15.3391,-4.2421],[15.3367,-4.2437],[15.3386,-4.2429],[15.3368,-4.2478],[15.3383,-4.2489],[15.3375,-4.2497],[15.3402,-4.2496],[15.3406,-4.2507],[15.3497,-4.2465],[15.3515,-4.2459],[15.3525,-4.246],[15.3537,-4.244],[15.3538,-4.2388],[15.3504,-4.2321],[15.3507,-4.2286],[15.3523,-4.2254],[15.3588,-4.2203],[15.3594,-4.2174],[15.3583,-4.2126],[15.3649,-4.2051],[15.3643,-4.2031],[15.3584,-4.1994],[15.3568,-4.1973],[15.3567,-4.1943],[15.3584,-4.1918],[15.3581,-4.1907],[15.3515,-4.1904],[15.3459,-4.1997],[15.3454,-4.2032],[15.3466,-4.2056],[15.3468,-4.2077],[15.3454,-4.2045],[15.3448,-4.2136],[15.3454,-4.2129],[15.3453,-4.2136],[15.3479,-4.2136],[15.349,-4.2139],[15.3496,-4.2147],[15.3449,-4.2144],[15.3433,-4.2218],[15.3392,-4.2271],[15.3405,-4.2306],[15.339,-4.2341],[15.3404,-4.238],[15.3403,-4.2394],[15.3391,-4.2421]],[[15.3649,-4.3228],[15.3636,-4.3234],[15.3642,-4.3235],[15.3649,-4.3228]],[[15.3646,-4.322],[15.3647,-4.3221],[15.3647,-4.322],[15.3646,-4.322]],[[15.3646,-4.3219],[15.3646,-4.3218],[15.3645,-4.3219],[15.3646,-4.3219]],[[15.3643,-4.1847],[15.3639,-4.1861],[15.3641,-4.1863],[15.3645,-4.1858],[15.3643,-4.1847]],[[15.3644,-4.3219],[15.3644,-4.322],[15.3645,-4.3219],[15.3644,-4.3219]],[[15.3642,-4.3214],[15.3643,-4.3212],[15.3641,-4.3212],[15.3642,-4.3214]],[[15.3642,-4.3216],[15.3643,-4.3215],[15.3642,-4.3214],[15.3642,-4.3216]],[[15.364,-4.3213],[15.3637,-4.321],[15.3637,-4.3213],[15.364,-4.3213]],[[15.3638,-4.3218],[15.3639,-4.3218],[15.3639,-4.3218],[15.3638,-4.3218]],[[15.3634,-4.3234],[15.3636,-4.3234],[15.3634,-4.3233],[15.3634,-4.3234]],[[15.3633,-4.3213],[15.3633,-4.3209],[15.3632,-4.321],[15.3633,-4.3213]],[[15.3631,-4.3239],[15.3632,-4.3238],[15.363,-4.3237],[15.3631,-4.3239]],[[15.3631,-4.3229],[15.3633,-4.3229],[15.3632,-4.3228],[15.3631,-4.3229]],[[15.3632,-4.2783],[15.3604,-4.2772],[15.3608,-4.278],[15.3632,-4.2783]],[[15.3632,-4.3218],[15.3628,-4.3218],[15.3627,-4.3219],[15.3632,-4.3218]],[[15.363,-4.3209],[15.3631,-4.321],[15.3631,-4.3209],[15.363,-4.3209]],[[15.3631,-4.3228],[15.3629,-4.3226],[15.363,-4.3229],[15.3631,-4.3228]],[[15.3629,-4.3232],[15.363,-4.323],[15.3628,-4.323],[15.3629,-4.3232]],[[15.3621,-4.1852],[15.363,-4.187],[15.3626,-4.1848],[15.3621,-4.1852]],[[15.3629,-4.3209],[15.3626,-4.3213],[15.363,-4.3212],[15.3629,-4.3209]],[[15.3628,-4.1583],[15.3629,-4.1583],[15.3628,-4.1581],[15.3628,-4.1583]],[[15.3628,-4.3245],[15.3628,-4.3246],[15.3629,-4.3246],[15.3628,-4.3245]],[[15.3628,-4.3229],[15.3628,-4.3226],[15.3626,-4.3226],[15.3628,-4.3229]],[[15.3625,-4.3227],[15.3625,-4.3226],[15.3625,-4.3227],[15.3625,-4.3227]],[[15.3624,-4.3243],[15.3619,-4.3248],[15.3626,-4.3246],[15.3624,-4.3243]],[[15.3617,-4.1847],[15.3625,-4.1833],[15.3609,-4.1853],[15.3617,-4.1847]],[[15.3624,-4.2861],[15.3625,-4.2859],[15.3622,-4.286],[15.3624,-4.2861]],[[15.3625,-4.3209],[15.3624,-4.3211],[15.3625,-4.3211],[15.3625,-4.3209]],[[15.3625,-4.2791],[15.3608,-4.2784],[15.3602,-4.2787],[15.3625,-4.2791]],[[15.3624,-4.3211],[15.3622,-4.3212],[15.3622,-4.3212],[15.3624,-4.3211]],[[15.3623,-4.3243],[15.362,-4.3243],[15.362,-4.3243],[15.3623,-4.3243]],[[15.3538,-4.2245],[15.3597,-4.2237],[15.3622,-4.2206],[15.36,-4.2175],[15.359,-4.2205],[15.3538,-4.2245]],[[15.3621,-4.3228],[15.3622,-4.3228],[15.3622,-4.3227],[15.3621,-4.3228]],[[15.3617,-4.2857],[15.362,-4.2852],[15.3617,-4.2851],[15.3617,-4.2857]],[[15.3621,-4.3231],[15.3621,-4.323],[15.362,-4.323],[15.3621,-4.3231]],[[15.36,-4.3229],[15.3612,-4.3236],[15.3617,-4.3232],[15.3622,-4.3235],[15.3608,-4.3226],[15.36,-4.3229]],[[15.3621,-4.321],[15.3619,-4.3209],[15.362,-4.321],[15.3621,-4.321]],[[15.362,-4.3237],[15.3619,-4.3236],[15.3618,-4.3235],[15.362,-4.3237]],[[15.3619,-4.3242],[15.3619,-4.3241],[15.3618,-4.3242],[15.3619,-4.3242]],[[15.362,-4.1597],[15.3611,-4.1598],[15.361,-4.1598],[15.3616,-4.1602],[15.362,-4.1597]],[[15.3619,-4.3207],[15.3617,-4.3204],[15.3616,-4.3204],[15.3619,-4.3207]],[[15.3617,-4.1807],[15.3619,-4.18],[15.3612,-4.1804],[15.3617,-4.1807]],[[15.3618,-4.3211],[15.3618,-4.3209],[15.3617,-4.3211],[15.3618,-4.3211]],[[15.3618,-4.3215],[15.3618,-4.3214],[15.3616,-4.3214],[15.3615,-4.3215],[15.3618,-4.3215]],[[15.3618,-4.3236],[15.361,-4.3239],[15.3617,-4.324],[15.3618,-4.3236]],[[15.3616,-4.3212],[15.3617,-4.3211],[15.3616,-4.3212],[15.3616,-4.3212]],[[15.3617,-4.3248],[15.3615,-4.3247],[15.3615,-4.3248],[15.3617,-4.3248]],[[15.3616,-4.3244],[15.3617,-4.3245],[15.3617,-4.3244],[15.3616,-4.3244]],[[15.3615,-4.321],[15.3617,-4.3209],[15.3616,-4.3208],[15.3615,-4.321]],[[15.3611,-4.1855],[15.3611,-4.1858],[15.3616,-4.1851],[15.3611,-4.1855]],[[15.361,-4.3203],[15.3609,-4.321],[15.3615,-4.3205],[15.361,-4.3203]],[[15.3615,-4.1857],[15.361,-4.1871],[15.361,-4.1874],[15.3615,-4.1857]],[[15.3614,-4.1838],[15.3588,-4.1856],[15.3578,-4.187],[15.3606,-4.1862],[15.3614,-4.1838]],[[15.3614,-4.324],[15.3613,-4.324],[15.3612,-4.324],[15.3614,-4.3241],[15.3614,-4.324]],[[15.3608,-4.3247],[15.361,-4.3246],[15.3607,-4.3243],[15.3608,-4.3247]],[[15.3608,-4.1599],[15.3601,-4.1617],[15.3614,-4.1605],[15.3608,-4.1599]],[[15.3587,-4.2801],[15.36,-4.2808],[15.3609,-4.28],[15.3598,-4.2797],[15.3587,-4.2801]],[[15.3606,-4.3246],[15.3602,-4.3243],[15.36,-4.3244],[15.3606,-4.3246]],[[15.3606,-4.1873],[15.3605,-4.1865],[15.3594,-4.1868],[15.3606,-4.1873]],[[15.3551,-4.2745],[15.3487,-4.2742],[15.3546,-4.277],[15.3566,-4.2793],[15.3604,-4.2778],[15.3551,-4.2745]],[[15.3603,-4.3207],[15.3603,-4.321],[15.3604,-4.3208],[15.3603,-4.3207]],[[15.3533,-4.1825],[15.3587,-4.1806],[15.3603,-4.1791],[15.3592,-4.1788],[15.3577,-4.1796],[15.3549,-4.1797],[15.3533,-4.1825]],[[15.3595,-4.3207],[15.3603,-4.3207],[15.3601,-4.3203],[15.3595,-4.3207]],[[15.3601,-4.3214],[15.3601,-4.3213],[15.3601,-4.3214],[15.3601,-4.3214]],[[15.3599,-4.3243],[15.36,-4.3242],[15.3598,-4.3242],[15.3599,-4.3243]],[[15.3599,-4.3214],[15.3597,-4.3212],[15.3598,-4.3214],[15.3599,-4.3214]],[[15.3598,-4.2786],[15.3598,-4.2789],[15.3599,-4.2786],[15.3598,-4.2786]],[[15.3597,-4.3236],[15.359,-4.3236],[15.3596,-4.3241],[15.3597,-4.3236]],[[15.3595,-4.3213],[15.3593,-4.3213],[15.3595,-4.3214],[15.3595,-4.3213]],[[15.3564,-4.1906],[15.3592,-4.188],[15.3555,-4.188],[15.3524,-4.1898],[15.3542,-4.1893],[15.3531,-4.19],[15.3564,-4.1906]],[[15.3593,-4.3214],[15.3592,-4.3215],[15.3593,-4.3215],[15.3593,-4.3214]],[[15.3592,-4.321],[15.3591,-4.321],[15.3591,-4.321],[15.3592,-4.321]],[[15.359,-4.3233],[15.3592,-4.3232],[15.3591,-4.3232],[15.359,-4.3233]],[[15.359,-4.1567],[15.3564,-4.1565],[15.3581,-4.1575],[15.359,-4.1567]],[[15.3584,-4.179],[15.3581,-4.1785],[15.3583,-4.1791],[15.3584,-4.179]],[[15.3587,-4.3193],[15.3586,-4.3194],[15.3587,-4.3194],[15.3587,-4.3193]],[[15.3586,-4.321],[15.3585,-4.3209],[15.3586,-4.321],[15.3586,-4.321]],[[15.3571,-4.1592],[15.3567,-4.1619],[15.3583,-4.161],[15.3582,-4.1593],[15.3571,-4.1592]],[[15.3569,-4.1562],[15.3583,-4.1554],[15.3571,-4.1549],[15.3569,-4.1562]],[[15.3585,-4.3191],[15.3583,-4.3191],[15.3584,-4.3191],[15.3585,-4.3191]],[[15.3584,-4.3205],[15.3583,-4.3204],[15.3584,-4.3205],[15.3584,-4.3205]],[[15.3554,-4.1726],[15.3582,-4.171],[15.3523,-4.1716],[15.3554,-4.1726]],[[15.3582,-4.319],[15.3579,-4.3191],[15.3582,-4.3191],[15.3582,-4.319]],[[15.3581,-4.3215],[15.3578,-4.3214],[15.3581,-4.3217],[15.3581,-4.3215]],[[15.3581,-4.3204],[15.358,-4.3203],[15.358,-4.3205],[15.3581,-4.3204]],[[15.3579,-4.1729],[15.3571,-4.1726],[15.357,-4.1727],[15.3579,-4.1729]],[[15.358,-4.3218],[15.3579,-4.3218],[15.358,-4.3219],[15.358,-4.3218]],[[15.3579,-4.1943],[15.3574,-4.1966],[15.3579,-4.1978],[15.3579,-4.1943]],[[15.3576,-4.1749],[15.3578,-4.1739],[15.3567,-4.1743],[15.3576,-4.1749]],[[15.3577,-4.1791],[15.3576,-4.1783],[15.3573,-4.1779],[15.3577,-4.1791]],[[15.3577,-4.3212],[15.3577,-4.3211],[15.3576,-4.3211],[15.3577,-4.3212]],[[15.3568,-4.3226],[15.3568,-4.3216],[15.3576,-4.3223],[15.3578,-4.3222],[15.3567,-4.3211],[15.3554,-4.3208],[15.3568,-4.3226]],[[15.3574,-4.3209],[15.3573,-4.3207],[15.3573,-4.3208],[15.3574,-4.3209]],[[15.3573,-4.3189],[15.3572,-4.3191],[15.3574,-4.3189],[15.3573,-4.3189]],[[15.3571,-4.178],[15.3562,-4.1793],[15.3559,-4.1796],[15.3573,-4.179],[15.3571,-4.178]],[[15.3571,-4.3206],[15.3569,-4.3206],[15.3571,-4.3207],[15.3571,-4.3206]],[[15.3518,-4.1581],[15.3499,-4.1578],[15.3468,-4.1599],[15.3451,-4.1656],[15.3412,-4.17],[15.3485,-4.1647],[15.3561,-4.162],[15.357,-4.1585],[15.3541,-4.1568],[15.3518,-4.1581]],[[15.3552,-4.1558],[15.3563,-4.1564],[15.3569,-4.155],[15.356,-4.1551],[15.3552,-4.1558]],[[15.3569,-4.3204],[15.3568,-4.3204],[15.3569,-4.3205],[15.3569,-4.3204]],[[15.3568,-4.319],[15.3566,-4.3188],[15.3566,-4.3189],[15.3568,-4.319]],[[15.3568,-4.3206],[15.3566,-4.3206],[15.3568,-4.3206],[15.3568,-4.3206]],[[15.3567,-4.3185],[15.3566,-4.3186],[15.3567,-4.3186],[15.3567,-4.3185]],[[15.3561,-4.3201],[15.3564,-4.3208],[15.3566,-4.3207],[15.3561,-4.3201]],[[15.3533,-4.1736],[15.3547,-4.1743],[15.3565,-4.1728],[15.3546,-4.1726],[15.3533,-4.1736]],[[15.3565,-4.3187],[15.3563,-4.3186],[15.3564,-4.3187],[15.3565,-4.3187]],[[15.356,-4.3182],[15.3563,-4.3185],[15.3564,-4.3183],[15.356,-4.3182]],[[15.3564,-4.1778],[15.3561,-4.1758],[15.3548,-4.1789],[15.3564,-4.1778]],[[15.3563,-4.3187],[15.3561,-4.3187],[15.3559,-4.3187],[15.3563,-4.3187]],[[15.3561,-4.3191],[15.3551,-4.319],[15.3555,-4.3193],[15.3561,-4.3191]],[[15.3557,-4.3208],[15.356,-4.3208],[15.3559,-4.3206],[15.3557,-4.3208]],[[15.3541,-4.3182],[15.3551,-4.3189],[15.356,-4.3181],[15.3541,-4.3182]],[[15.3555,-4.1541],[15.3558,-4.1539],[15.3554,-4.1538],[15.3555,-4.1541]],[[15.3557,-4.3186],[15.3556,-4.3186],[15.3556,-4.3187],[15.3557,-4.3186]],[[15.3556,-4.3178],[15.3556,-4.318],[15.3557,-4.3179],[15.3556,-4.3178]],[[15.3544,-4.225],[15.3552,-4.225],[15.3555,-4.2248],[15.3544,-4.225]],[[15.355,-4.3197],[15.3544,-4.3194],[15.3553,-4.32],[15.355,-4.3197]],[[15.3543,-4.245],[15.3552,-4.2438],[15.3553,-4.2435],[15.3543,-4.245]],[[15.3552,-4.3179],[15.3552,-4.3179],[15.3551,-4.3179],[15.3552,-4.3179]],[[15.3551,-4.3178],[15.3551,-4.3176],[15.3549,-4.3177],[15.3551,-4.3178]],[[15.3548,-4.3212],[15.3548,-4.3214],[15.3549,-4.3213],[15.3548,-4.3212]],[[15.3542,-4.3175],[15.3544,-4.3177],[15.3549,-4.3178],[15.3542,-4.3175]],[[15.3546,-4.1553],[15.3544,-4.1548],[15.3543,-4.1549],[15.3546,-4.1553]],[[15.3547,-4.3215],[15.3545,-4.3214],[15.3547,-4.3216],[15.3547,-4.3215]],[[15.3544,-4.1833],[15.3529,-4.1843],[15.3531,-4.1859],[15.3544,-4.1833]],[[15.354,-4.2457],[15.3533,-4.2467],[15.3542,-4.2455],[15.354,-4.2457]],[[15.3538,-4.2402],[15.354,-4.2404],[15.354,-4.24],[15.3538,-4.2402]],[[15.3539,-4.3236],[15.3539,-4.3234],[15.3538,-4.3236],[15.3539,-4.3236]],[[15.3538,-4.3176],[15.3539,-4.3175],[15.3538,-4.3175],[15.3538,-4.3176]],[[15.3535,-4.3232],[15.3537,-4.323],[15.3535,-4.3229],[15.3535,-4.3232]],[[15.3535,-4.3236],[15.3535,-4.3237],[15.3536,-4.3236],[15.3535,-4.3236]],[[15.3535,-4.3225],[15.3535,-4.3226],[15.3535,-4.3222],[15.3535,-4.3225]],[[15.3534,-4.3236],[15.3534,-4.3236],[15.3534,-4.3236],[15.3534,-4.3236]],[[15.3522,-4.1576],[15.3534,-4.1566],[15.3505,-4.1574],[15.3522,-4.1576]],[[15.3534,-4.3223],[15.3533,-4.3224],[15.3534,-4.3223],[15.3534,-4.3223]],[[15.3531,-4.3227],[15.353,-4.3231],[15.3533,-4.3228],[15.3531,-4.3227]],[[15.3531,-4.3195],[15.3528,-4.3196],[15.3532,-4.3197],[15.3531,-4.3195]],[[15.353,-4.3236],[15.3528,-4.3237],[15.353,-4.3237],[15.353,-4.3236]],[[15.353,-4.3217],[15.3529,-4.3218],[15.353,-4.3219],[15.353,-4.3217]],[[15.3493,-4.3217],[15.3507,-4.3239],[15.3529,-4.3227],[15.3511,-4.3208],[15.3505,-4.3215],[15.3493,-4.3217]],[[15.3523,-4.3216],[15.3526,-4.3221],[15.3528,-4.3219],[15.3523,-4.3216]],[[15.3512,-4.2325],[15.3519,-4.2339],[15.3527,-4.2354],[15.3512,-4.2325]],[[15.3522,-4.3211],[15.3523,-4.3214],[15.3524,-4.3213],[15.3522,-4.3211]],[[15.3522,-4.3213],[15.352,-4.3214],[15.3523,-4.3214],[15.3522,-4.3213]],[[15.352,-4.3209],[15.352,-4.3211],[15.352,-4.3209],[15.352,-4.3209]],[[15.3519,-4.2464],[15.3514,-4.246],[15.351,-4.2464],[15.3519,-4.2464]],[[15.3518,-4.2469],[15.3456,-4.249],[15.3465,-4.2491],[15.3456,-4.2493],[15.345,-4.2497],[15.3491,-4.2494],[15.3518,-4.2469]],[[15.3504,-4.3182],[15.3506,-4.3185],[15.351,-4.3181],[15.3504,-4.3182]],[[15.3509,-4.3209],[15.3507,-4.321],[15.3509,-4.3211],[15.3509,-4.3209]],[[15.3491,-4.3184],[15.3495,-4.3183],[15.349,-4.3181],[15.3491,-4.3184]],[[15.3485,-4.32],[15.3484,-4.3201],[15.3487,-4.3201],[15.3485,-4.32]],[[15.3486,-4.3194],[15.3481,-4.3192],[15.3486,-4.3195],[15.3486,-4.3194]],[[15.3485,-4.3204],[15.3483,-4.3204],[15.3484,-4.3204],[15.3485,-4.3204]],[[15.3482,-4.3248],[15.3479,-4.3247],[15.3479,-4.3249],[15.3482,-4.3248]],[[15.348,-4.3211],[15.3482,-4.3214],[15.3482,-4.321],[15.348,-4.3211]],[[15.3479,-4.3208],[15.348,-4.3208],[15.3481,-4.3205],[15.3479,-4.3208]],[[15.3481,-4.3184],[15.3479,-4.3185],[15.3481,-4.3185],[15.3481,-4.3184]],[[15.3466,-4.323],[15.3476,-4.3227],[15.3465,-4.3222],[15.3466,-4.323]],[[15.3477,-4.3187],[15.3477,-4.3185],[15.3476,-4.3186],[15.3477,-4.3187]],[[15.3477,-4.3213],[15.3475,-4.3213],[15.3476,-4.3214],[15.3477,-4.3213]],[[15.3477,-4.3242],[15.3475,-4.3237],[15.3473,-4.324],[15.3477,-4.3242]],[[15.3475,-4.3189],[15.3472,-4.3189],[15.3473,-4.319],[15.3475,-4.3189]],[[15.3472,-4.3193],[15.3471,-4.3195],[15.3472,-4.3194],[15.3472,-4.3193]],[[15.3469,-4.3197],[15.3466,-4.3206],[15.3471,-4.3206],[15.3469,-4.3197]],[[15.3469,-4.3218],[15.3465,-4.3219],[15.3469,-4.3221],[15.3469,-4.3218]],[[15.3432,-4.3184],[15.3465,-4.3198],[15.3468,-4.3189],[15.3446,-4.3172],[15.3432,-4.3184]],[[15.3408,-4.1742],[15.3415,-4.1776],[15.3396,-4.1782],[15.3401,-4.1791],[15.338,-4.1812],[15.3412,-4.1799],[15.3466,-4.1709],[15.3447,-4.1709],[15.3455,-4.1718],[15.3417,-4.1721],[15.3404,-4.1727],[15.3389,-4.1739],[15.3423,-4.1728],[15.3408,-4.1742]],[[15.3464,-4.3209],[15.3458,-4.321],[15.3462,-4.3213],[15.3464,-4.3209]],[[15.3462,-4.3222],[15.3457,-4.3222],[15.3456,-4.3224],[15.3462,-4.3222]],[[15.3423,-4.1883],[15.3455,-4.1907],[15.3437,-4.1854],[15.3434,-4.1853],[15.3423,-4.1883]],[[15.3455,-4.32],[15.3451,-4.3199],[15.3455,-4.3202],[15.3455,-4.32]],[[15.343,-4.2512],[15.3443,-4.251],[15.3455,-4.2507],[15.343,-4.2512]],[[15.3454,-4.2509],[15.3444,-4.2512],[15.3443,-4.2513],[15.3454,-4.2509]],[[15.3453,-4.3225],[15.345,-4.3228],[15.3451,-4.3228],[15.3453,-4.3225]],[[15.3453,-4.3206],[15.3451,-4.3201],[15.3449,-4.3201],[15.3453,-4.3206]],[[15.3446,-4.1572],[15.3432,-4.1565],[15.3402,-4.1589],[15.3424,-4.1586],[15.3446,-4.1572]],[[15.3362,-4.1715],[15.3419,-4.1679],[15.3442,-4.1619],[15.3405,-4.1643],[15.3362,-4.1715]],[[15.343,-4.3109],[15.3434,-4.311],[15.3434,-4.3109],[15.343,-4.3109]],[[15.343,-4.3194],[15.343,-4.3198],[15.3433,-4.3196],[15.343,-4.3194]],[[15.3427,-4.3177],[15.3428,-4.3175],[15.3426,-4.3176],[15.3427,-4.3177]],[[15.3428,-4.3194],[15.3429,-4.3195],[15.343,-4.3193],[15.3428,-4.3194]],[[15.3412,-4.2516],[15.3426,-4.2514],[15.3428,-4.251],[15.342,-4.2511],[15.3412,-4.2516]],[[15.3424,-4.3177],[15.3426,-4.3178],[15.3426,-4.3177],[15.3424,-4.3177]],[[15.3418,-4.3188],[15.3423,-4.3187],[15.3423,-4.3186],[15.3418,-4.3188]],[[15.3415,-4.1978],[15.342,-4.197],[15.342,-4.196],[15.3403,-4.195],[15.3366,-4.199],[15.3414,-4.1968],[15.3415,-4.1978]],[[15.3418,-4.3175],[15.3417,-4.3171],[15.3414,-4.3174],[15.3418,-4.3175]],[[15.3412,-4.3194],[15.3416,-4.3189],[15.3413,-4.3192],[15.3412,-4.3194]],[[15.3414,-4.3199],[15.3413,-4.3197],[15.3413,-4.3199],[15.3414,-4.3199]],[[15.3388,-4.1721],[15.3399,-4.172],[15.3414,-4.1706],[15.3404,-4.1706],[15.3388,-4.1721]],[[15.3414,-4.3185],[15.3412,-4.3185],[15.3414,-4.3186],[15.3414,-4.3185]],[[15.3409,-4.2133],[15.341,-4.2128],[15.3407,-4.2135],[15.3409,-4.2133]],[[15.341,-4.1601],[15.3402,-4.1602],[15.3398,-4.1607],[15.3403,-4.1607],[15.341,-4.1601]],[[15.3328,-4.1816],[15.3378,-4.181],[15.3409,-4.1753],[15.3347,-4.1772],[15.3328,-4.1816]],[[15.3398,-4.2506],[15.3367,-4.2504],[15.3299,-4.2536],[15.3281,-4.2556],[15.3305,-4.2554],[15.3266,-4.2573],[15.3297,-4.257],[15.3289,-4.258],[15.3311,-4.2588],[15.3333,-4.2581],[15.34,-4.2518],[15.3398,-4.2506]],[[15.3389,-4.2142],[15.3369,-4.2158],[15.3378,-4.2218],[15.3393,-4.2185],[15.338,-4.2233],[15.3403,-4.2168],[15.3389,-4.2142]],[[15.3401,-4.2373],[15.339,-4.2388],[15.3399,-4.2399],[15.3397,-4.2389],[15.3401,-4.2373]],[[15.3391,-4.2276],[15.3346,-4.2326],[15.3368,-4.2351],[15.3373,-4.2427],[15.3398,-4.2404],[15.3386,-4.2385],[15.3385,-4.234],[15.34,-4.2309],[15.3391,-4.2276]],[[15.3399,-4.309],[15.3398,-4.3087],[15.3397,-4.3088],[15.3399,-4.309]],[[15.3289,-4.1875],[15.3309,-4.1842],[15.3281,-4.1903],[15.3292,-4.1908],[15.3289,-4.1925],[15.3279,-4.191],[15.3246,-4.1993],[15.3266,-4.2],[15.3263,-4.2015],[15.3305,-4.1982],[15.3331,-4.1923],[15.3322,-4.1898],[15.3337,-4.192],[15.3355,-4.1895],[15.3383,-4.1862],[15.3389,-4.1858],[15.3399,-4.1825],[15.3312,-4.1827],[15.3289,-4.1875]],[[15.339,-4.1596],[15.3371,-4.1604],[15.3352,-4.1622],[15.3389,-4.1607],[15.339,-4.1596]],[[15.3381,-4.1725],[15.3381,-4.1736],[15.3391,-4.1726],[15.3381,-4.1725]],[[15.3383,-4.1872],[15.3382,-4.1865],[15.3374,-4.1876],[15.3383,-4.1872]],[[15.3316,-4.1715],[15.3358,-4.1686],[15.3385,-4.1639],[15.3359,-4.164],[15.3322,-4.1677],[15.3324,-4.1689],[15.3318,-4.1681],[15.3316,-4.1715]],[[15.3347,-4.1965],[15.3362,-4.1971],[15.3381,-4.1938],[15.3349,-4.194],[15.3347,-4.1965]],[[15.3368,-4.1885],[15.3375,-4.1885],[15.3379,-4.1881],[15.3368,-4.1885]],[[15.3378,-4.1889],[15.3359,-4.1899],[15.3353,-4.1909],[15.3378,-4.1889]],[[15.3369,-4.2277],[15.3369,-4.2264],[15.3362,-4.2277],[15.3369,-4.2277]],[[15.337,-4.2073],[15.3362,-4.2087],[15.3368,-4.2086],[15.337,-4.2073]],[[15.3366,-4.1758],[15.3351,-4.1757],[15.3347,-4.1761],[15.3355,-4.1762],[15.3366,-4.1758]],[[15.3357,-4.2252],[15.3361,-4.2261],[15.3366,-4.2244],[15.3357,-4.2252]],[[15.3364,-4.2238],[15.3358,-4.2229],[15.3359,-4.2239],[15.3364,-4.2238]],[[15.3361,-4.3153],[15.3348,-4.3126],[15.3343,-4.3125],[15.3361,-4.3153]],[[15.3351,-4.2235],[15.3325,-4.2232],[15.3313,-4.2244],[15.3348,-4.2291],[15.3351,-4.2235]],[[15.3352,-4.314],[15.3352,-4.3145],[15.3354,-4.3147],[15.3354,-4.3142],[15.3352,-4.314]],[[15.3341,-4.309],[15.3343,-4.309],[15.3341,-4.309],[15.3341,-4.309]],[[15.3313,-4.1785],[15.3287,-4.1828],[15.3322,-4.1776],[15.3341,-4.1761],[15.3302,-4.1775],[15.3295,-4.1792],[15.3313,-4.1785]],[[15.3336,-4.1772],[15.3337,-4.1768],[15.3335,-4.1771],[15.3336,-4.1772]],[[15.3334,-4.1822],[15.3332,-4.1819],[15.3328,-4.1821],[15.3334,-4.1822]],[[15.3324,-4.179],[15.3334,-4.1779],[15.3335,-4.1777],[15.3324,-4.179]],[[15.3322,-4.1991],[15.3325,-4.2],[15.333,-4.2002],[15.3322,-4.197],[15.3313,-4.1985],[15.3322,-4.1991]],[[15.3326,-4.1815],[15.3329,-4.1798],[15.3326,-4.179],[15.3306,-4.1821],[15.3326,-4.1815]],[[15.3324,-4.2401],[15.3324,-4.2404],[15.3325,-4.2403],[15.3324,-4.2401]],[[15.3321,-4.2381],[15.3324,-4.2382],[15.3321,-4.2378],[15.3321,-4.2381]],[[15.3305,-4.2277],[15.3306,-4.2278],[15.3323,-4.2278],[15.3309,-4.227],[15.3305,-4.2277]],[[15.3321,-4.2131],[15.3313,-4.2139],[15.3314,-4.2142],[15.3321,-4.2131]],[[15.3317,-4.1989],[15.3313,-4.1997],[15.332,-4.1991],[15.3317,-4.1989]],[[15.3314,-4.2394],[15.332,-4.2378],[15.3317,-4.2376],[15.3305,-4.238],[15.331,-4.2379],[15.3309,-4.239],[15.3314,-4.2394]],[[15.3315,-4.2445],[15.3316,-4.2454],[15.3319,-4.2453],[15.3315,-4.2445]],[[15.3315,-4.2004],[15.3309,-4.2006],[15.3308,-4.2008],[15.3313,-4.2009],[15.3314,-4.2008],[15.3315,-4.2004]],[[15.3313,-4.2396],[15.3306,-4.2397],[15.3313,-4.2404],[15.3313,-4.2396]],[[15.3275,-4.2403],[15.3251,-4.2434],[15.3261,-4.2459],[15.329,-4.2459],[15.3307,-4.2474],[15.3313,-4.246],[15.3278,-4.2405],[15.3287,-4.2408],[15.3275,-4.2403]],[[15.33,-4.2897],[15.3304,-4.289],[15.3294,-4.2892],[15.33,-4.2897]],[[15.3292,-4.2151],[15.3284,-4.2177],[15.3302,-4.2157],[15.3292,-4.2151]],[[15.3259,-4.1718],[15.325,-4.1802],[15.3286,-4.172],[15.3289,-4.17],[15.3274,-4.1706],[15.328,-4.1693],[15.3268,-4.1714],[15.3265,-4.1732],[15.3267,-4.1712],[15.3259,-4.1718]],[[15.3247,-4.2052],[15.3229,-4.2104],[15.3267,-4.2096],[15.3287,-4.2058],[15.3267,-4.206],[15.3286,-4.2031],[15.3274,-4.2049],[15.3273,-4.2036],[15.3254,-4.2047],[15.326,-4.2068],[15.3258,-4.2076],[15.3247,-4.2052]],[[15.3281,-4.2174],[15.3245,-4.2206],[15.3242,-4.2221],[15.3277,-4.2191],[15.3281,-4.2174]],[[15.3244,-4.2172],[15.3207,-4.2208],[15.3211,-4.225],[15.3233,-4.2222],[15.324,-4.2222],[15.3246,-4.2188],[15.3275,-4.217],[15.3247,-4.2175],[15.3224,-4.2218],[15.3218,-4.2207],[15.3244,-4.2172]],[[15.3271,-4.169],[15.3265,-4.1703],[15.3274,-4.1689],[15.3271,-4.169]],[[15.3267,-4.171],[15.3266,-4.171],[15.3265,-4.171],[15.3267,-4.171]],[[15.3255,-4.2483],[15.3243,-4.2458],[15.3246,-4.2498],[15.3255,-4.2483]],[[15.3246,-4.2028],[15.3256,-4.201],[15.3247,-4.2001],[15.3246,-4.2028]],[[15.3251,-4.2445],[15.325,-4.2439],[15.3252,-4.2455],[15.3251,-4.2445]],[[15.3252,-4.1771],[15.325,-4.1767],[15.3248,-4.1778],[15.3252,-4.1771]],[[15.3247,-4.2223],[15.3247,-4.2221],[15.3246,-4.2221],[15.3247,-4.2223]],[[15.3248,-4.3012],[15.3246,-4.3014],[15.3247,-4.3015],[15.3248,-4.3012]],[[15.3236,-4.2228],[15.3235,-4.2226],[15.3234,-4.2227],[15.3236,-4.2228]],[[15.3236,-4.2028],[15.322,-4.204],[15.3234,-4.2035],[15.3236,-4.2028]],[[15.3229,-4.2372],[15.3232,-4.2365],[15.3231,-4.2366],[15.3229,-4.2372]],[[15.3232,-4.1814],[15.3232,-4.1811],[15.323,-4.1817],[15.3232,-4.1814]],[[15.3226,-4.2067],[15.322,-4.2085],[15.3231,-4.2062],[15.3226,-4.2067]],[[15.3225,-4.1947],[15.3222,-4.1933],[15.3217,-4.1937],[15.3225,-4.1947]],[[15.322,-4.2378],[15.3227,-4.2375],[15.3227,-4.2366],[15.3221,-4.237],[15.322,-4.2378]],[[15.3225,-4.2009],[15.3188,-4.204],[15.3192,-4.2057],[15.3214,-4.2043],[15.3225,-4.2009]],[[15.3226,-4.2025],[15.3225,-4.2025],[15.3224,-4.2027],[15.3226,-4.2025]],[[15.3217,-4.2182],[15.3209,-4.2196],[15.3223,-4.2178],[15.3217,-4.2182]],[[15.322,-4.2968],[15.3217,-4.2968],[15.3216,-4.2969],[15.3219,-4.2969],[15.322,-4.2968]],[[15.3217,-4.2962],[15.3219,-4.2966],[15.322,-4.2964],[15.3217,-4.2962]],[[15.3216,-4.2163],[15.3201,-4.2176],[15.32,-4.2189],[15.3216,-4.2163]],[[15.319,-4.2095],[15.3212,-4.2059],[15.3205,-4.2055],[15.3189,-4.2075],[15.319,-4.2095]],[[15.3211,-4.2267],[15.3205,-4.2265],[15.3206,-4.2271],[15.3211,-4.2267]],[[15.3203,-4.2499],[15.3184,-4.2527],[15.3187,-4.2532],[15.3203,-4.2499]],[[15.319,-4.2936],[15.3194,-4.2943],[15.3196,-4.2935],[15.319,-4.2936]],[[15.3193,-4.2212],[15.3192,-4.2222],[15.3193,-4.2223],[15.3193,-4.2212]],[[15.3193,-4.2194],[15.3186,-4.2192],[15.3184,-4.2203],[15.3193,-4.2194]],[[15.3191,-4.2224],[15.3189,-4.2227],[15.3189,-4.223],[15.319,-4.2231],[15.3191,-4.2224]],[[15.3187,-4.1881],[15.3188,-4.188],[15.3188,-4.188],[15.3187,-4.1881]],[[15.3177,-4.2055],[15.3181,-4.2075],[15.3184,-4.2046],[15.3177,-4.2055]],[[15.3168,-4.1888],[15.3174,-4.1894],[15.3187,-4.1882],[15.318,-4.1878],[15.3168,-4.1888]],[[15.3176,-4.2067],[15.3176,-4.2062],[15.3176,-4.206],[15.3176,-4.2067]],[[15.3174,-4.1902],[15.3165,-4.1892],[15.3157,-4.1904],[15.3164,-4.1905],[15.3174,-4.1902]],[[15.3157,-4.1921],[15.3165,-4.1916],[15.3172,-4.1907],[15.3162,-4.1916],[15.3155,-4.1909],[15.3157,-4.1921]],[[15.3149,-4.2104],[15.3162,-4.2131],[15.3167,-4.2065],[15.3149,-4.2104]],[[15.3165,-4.1927],[15.3165,-4.1933],[15.3166,-4.1927],[15.3165,-4.1927]],[[15.3079,-4.2393],[15.3087,-4.2403],[15.3102,-4.2383],[15.3103,-4.2342],[15.3112,-4.2369],[15.3083,-4.2416],[15.309,-4.2426],[15.3157,-4.2356],[15.3152,-4.2323],[15.3142,-4.2332],[15.3141,-4.2308],[15.3121,-4.2308],[15.3126,-4.2256],[15.3117,-4.2266],[15.3095,-4.2252],[15.3066,-4.2257],[15.3048,-4.2292],[15.3064,-4.2287],[15.3047,-4.2297],[15.3046,-4.2288],[15.304,-4.2298],[15.3052,-4.232],[15.3096,-4.2318],[15.306,-4.2338],[15.3057,-4.236],[15.3068,-4.2355],[15.3069,-4.2356],[15.3054,-4.2429],[15.3067,-4.2442],[15.3079,-4.2393]],[[15.3154,-4.1924],[15.3156,-4.1927],[15.3157,-4.1922],[15.3154,-4.1924]],[[15.3153,-4.212],[15.3147,-4.2134],[15.3153,-4.2141],[15.3153,-4.212]],[[15.3093,-4.2249],[15.3117,-4.2254],[15.3123,-4.2245],[15.3111,-4.2229],[15.3093,-4.2249]],[[15.3116,-4.2613],[15.3107,-4.2624],[15.3107,-4.2639],[15.3116,-4.2613]],[[15.3042,-4.2722],[15.3077,-4.2697],[15.3102,-4.2639],[15.3108,-4.2612],[15.3109,-4.2604],[15.3108,-4.2603],[15.3057,-4.2657],[15.3061,-4.2666],[15.3059,-4.268],[15.3042,-4.2722]],[[15.3108,-4.2226],[15.3088,-4.2241],[15.3102,-4.2233],[15.3108,-4.2226]],[[15.3108,-4.2224],[15.3101,-4.2226],[15.3106,-4.2226],[15.3108,-4.2224]],[[15.3103,-4.2563],[15.3083,-4.2585],[15.3105,-4.2581],[15.3103,-4.2563]],[[15.3099,-4.222],[15.3098,-4.2219],[15.3094,-4.2223],[15.3099,-4.222]],[[15.3091,-4.2244],[15.3087,-4.2242],[15.3085,-4.2245],[15.3091,-4.2244]],[[15.3086,-4.2247],[15.3077,-4.2251],[15.309,-4.2248],[15.3086,-4.2247]],[[15.307,-4.2251],[15.3075,-4.2247],[15.3069,-4.2251],[15.307,-4.2251]],[[15.3067,-4.2252],[15.3056,-4.2258],[15.307,-4.2252],[15.3067,-4.2252]],[[15.3067,-4.225],[15.3065,-4.2249],[15.3064,-4.225],[15.3067,-4.225]],[[15.3058,-4.2323],[15.3064,-4.2324],[15.3066,-4.232],[15.3058,-4.2323]],[[15.3035,-4.2346],[15.3041,-4.2378],[15.3056,-4.237],[15.3056,-4.2337],[15.3065,-4.2325],[15.3035,-4.2346]],[[15.3061,-4.226],[15.3059,-4.2258],[15.3057,-4.226],[15.3061,-4.226]],[[15.3062,-4.2253],[15.306,-4.2251],[15.3059,-4.2253],[15.3062,-4.2253]],[[15.3058,-4.2681],[15.3057,-4.2674],[15.3057,-4.2681],[15.3058,-4.2681]],[[15.3054,-4.2264],[15.3056,-4.2263],[15.3054,-4.2263],[15.3054,-4.2264]],[[15.3055,-4.293],[15.3054,-4.2931],[15.3055,-4.2932],[15.3055,-4.293]],[[15.305,-4.2276],[15.3053,-4.227],[15.305,-4.2269],[15.3049,-4.2272],[15.305,-4.2276]],[[15.3051,-4.2268],[15.3053,-4.2267],[15.3053,-4.2267],[15.3051,-4.2268]],[[15.3046,-4.2936],[15.305,-4.2946],[15.3052,-4.2943],[15.3048,-4.2936],[15.3046,-4.2936]],[[15.3051,-4.228],[15.3052,-4.2278],[15.3051,-4.2277],[15.3051,-4.228]],[[15.3052,-4.2665],[15.3047,-4.2671],[15.305,-4.2672],[15.3052,-4.2665]],[[15.3027,-4.2703],[15.304,-4.2696],[15.302,-4.2728],[15.3048,-4.2703],[15.3045,-4.2674],[15.3027,-4.2703]],[[15.302,-4.2958],[15.3047,-4.2946],[15.3046,-4.2941],[15.2998,-4.2952],[15.302,-4.2958]],[[15.3045,-4.2322],[15.3044,-4.2319],[15.3041,-4.2324],[15.3045,-4.2322]],[[15.3045,-4.228],[15.3045,-4.2283],[15.3047,-4.2283],[15.3045,-4.228]],[[15.3034,-4.241],[15.3045,-4.2411],[15.3038,-4.2403],[15.3034,-4.241]],[[15.3044,-4.226],[15.3045,-4.2261],[15.3044,-4.226],[15.3044,-4.226]],[[15.3042,-4.2285],[15.3043,-4.2285],[15.3042,-4.2284],[15.3042,-4.2285]],[[15.3039,-4.2292],[15.3041,-4.2282],[15.3038,-4.2284],[15.3039,-4.2292]],[[15.3041,-4.2318],[15.3041,-4.2314],[15.3039,-4.2313],[15.3041,-4.2318]],[[15.304,-4.2325],[15.3037,-4.2312],[15.3031,-4.2333],[15.304,-4.2325]],[[15.3037,-4.2293],[15.3033,-4.2287],[15.3031,-4.2297],[15.3037,-4.2293]],[[15.3029,-4.2305],[15.3035,-4.2299],[15.3031,-4.2299],[15.3029,-4.2305]],[[15.3032,-4.2311],[15.303,-4.2306],[15.303,-4.2314],[15.3032,-4.2311]],[[15.3026,-4.2348],[15.3017,-4.2338],[15.3017,-4.2342],[15.3026,-4.2348]],[[15.302,-4.238],[15.3016,-4.238],[15.3019,-4.2381],[15.302,-4.238]],[[15.3018,-4.2382],[15.3017,-4.2382],[15.3017,-4.2382],[15.3018,-4.2382]],[[15.3016,-4.2385],[15.3015,-4.2384],[15.3014,-4.2385],[15.3016,-4.2385]],[[15.2998,-4.2954],[15.2997,-4.296],[15.3004,-4.2959],[15.2998,-4.2954]],[[15.2999,-4.2948],[15.3,-4.2946],[15.2999,-4.2947],[15.2999,-4.2948]],[[15.2998,-4.2947],[15.2996,-4.295],[15.2999,-4.2948],[15.2998,-4.2947]],[[15.2993,-4.2954],[15.2992,-4.2954],[15.2992,-4.2954],[15.2993,-4.2954]],[[15.2965,-4.2999],[15.2961,-4.3002],[15.2964,-4.3001],[15.2965,-4.2999]],[[15.2888,-4.2764],[15.2907,-4.2751],[15.2885,-4.2765],[15.2888,-4.2764]],[[15.2826,-4.2814],[15.2823,-4.2818],[15.2826,-4.2817],[15.2826,-4.2814]],[[15.282,-4.2821],[15.2804,-4.2826],[15.2804,-4.2828],[15.282,-4.2821]],[[15.2621,-4.3221],[15.2625,-4.3224],[15.2627,-4.3223],[15.2621,-4.3221]],[[15.2616,-4.3228],[15.2613,-4.3227],[15.2613,-4.3228],[15.2616,-4.3228]],[[16.2167,-3.2773],[16.2186,-3.287],[16.2193,-3.2884],[16.2208,-3.2837],[16.2198,-3.2806],[16.2167,-3.2773]],[[16.2009,-3.3159],[16.1986,-3.3187],[16.2,-3.3277],[16.2018,-3.3239],[16.2009,-3.3159]],[[16.1656,-3.4325],[16.1667,-3.4311],[16.1667,-3.4308],[16.1656,-3.4308],[16.1656,-3.4325]],[[16.0325,-3.6641],[16.0323,-3.6635],[16.0319,-3.6646],[16.0325,-3.6641]],[[16.004,-3.7213],[16.0073,-3.7199],[16.0106,-3.7134],[16.0118,-3.7096],[16.0112,-3.704],[16.0098,-3.7042],[16.0073,-3.7075],[16.004,-3.7213]],[[16.0035,-3.7231],[16.0037,-3.7226],[16.0035,-3.7225],[16.0035,-3.7231]],[[15.9812,-3.7628],[15.9829,-3.7605],[15.9823,-3.7595],[15.9812,-3.7628]],[[15.8989,-3.9542],[15.9004,-3.9528],[15.9004,-3.9521],[15.8989,-3.9542]],[[15.6158,-4.0109],[15.6168,-4.0104],[15.6157,-4.0107],[15.6158,-4.0109]]],[[[15.1289,-4.2343],[15.1262,-4.2288],[15.1239,-4.2276],[15.1213,-4.2244],[15.1184,-4.2236],[15.1138,-4.2275],[15.107,-4.2221],[15.1001,-4.2237],[15.0954,-4.2233],[15.0921,-4.2256],[15.0911,-4.2254],[15.0895,-4.2242],[15.0843,-4.2155],[15.0828,-4.2168],[15.0824,-4.2201],[15.0802,-4.2224],[15.0772,-4.2228],[15.0746,-4.2186],[15.0724,-4.2175],[15.0646,-4.2246],[15.0632,-4.2252],[15.0595,-4.2228],[15.0587,-4.2204],[15.0658,-4.2182],[15.064,-4.2169],[15.0612,-4.2169],[15.0555,-4.2201],[15.054,-4.2256],[15.0513,-4.2264],[15.0464,-4.2213],[15.0375,-4.2226],[15.0293,-4.2159],[15.0266,-4.2195],[15.0256,-4.2195],[15.0247,-4.2151],[15.0201,-4.2141],[15.0118,-4.2067],[15.006,-4.2062],[15.0036,-4.2037],[15.0065,-4.206],[15.0115,-4.206],[15.0197,-4.2134],[15.0244,-4.2142],[15.0262,-4.2192],[15.0291,-4.2155],[15.0378,-4.2221],[15.0461,-4.2206],[15.0517,-4.226],[15.0538,-4.2253],[15.0551,-4.2199],[15.0603,-4.2166],[15.0639,-4.2163],[15.0661,-4.2177],[15.0657,-4.219],[15.0644,-4.2198],[15.059,-4.2207],[15.0603,-4.2231],[15.0636,-4.2248],[15.0723,-4.2169],[15.0747,-4.2179],[15.0772,-4.2222],[15.08,-4.222],[15.082,-4.2196],[15.0825,-4.2162],[15.0842,-4.215],[15.0913,-4.225],[15.0945,-4.2229],[15.1002,-4.2232],[15.1075,-4.2215],[15.1142,-4.227],[15.1172,-4.2234],[15.1195,-4.2233],[15.1214,-4.224],[15.1262,-4.2282],[15.1289,-4.2343]]]]}}]}