{"type":"FeatureCollection","features":[{"type":"Feature","properties":{"kind":"ocean","name":"Atlantic Ocean"},"geometry":{"type":"Polygon","coordinates":[[[10.549,-3.239],[10.553,-3.259],[10.57,-3.267],[10.621,-3.302],[10.635,-3.314],[10.645,-3.332],[10.649,-3.352],[10.638,-3.407],[10.646,-3.452],[10.808,-3.563],[10.93,-3.667],[10.964,-3.691],[10.985,-3.715],[10.99,-3.757],[11.006,-3.793],[11.021,-3.858],[11.07,-3.909],[11.27,-4.042],[11.358,-4.112],[11.362,-4.12],[11.362,-4.153],[11.365,-4.163],[11.401,-4.221],[11.451,-4.265],[11.498,-4.294],[11.693,-4.463],[11.806,-4.577],[11.825,-4.615],[11.82,-4.637],[11.801,-4.658],[11.778,-4.658],[11.777,-4.668],[11.782,-4.68],[11.824,-4.719],[11.85,-4.753],[11.853,-4.774],[11.848,-4.786],[11.843,-4.789],[11.83,-4.774],[11.824,-4.772],[11.819,-4.779],[11.82,-4.785],[11.886,-4.855],[11.896,-4.883],[11.92,-4.906],[11.958,-4.952],[11.98,-4.989],[11.994,-5.006],[12.01,-5.02],[12.031,-5.023],[12.045,-5.021],[12.057,-5.027],[12.067,-5.027],[12.072,-5.018],[12.08,-5.02],[12.086,-5.031],[12.091,-5.051],[12.098,-5.054],[12.104,-5.049],[12.105,-5.013],[12.113,-5.002],[12.132,-5.006],[12.137,-5.015],[12.138,-5.034],[12.129,-5.04],[12.127,-5.053],[12.117,-5.07],[12.101,-5.08],[12.081,-5.076],[12.074,-5.052],[12.068,-5.046],[12.023,-5.035],[12.023,-5.046],[12.07,-5.12],[12.125,-5.185],[12.132,-5.233],[12.172,-5.302],[12.171,-5.329],[12.196,-5.396],[12.229,-5.467],[12.232,-5.48],[12.232,-5.511],[12.228,-5.524],[12.219,-5.534],[12.205,-5.54],[12.182,-5.543],[12.17,-5.555],[12.147,-5.618],[12.162,-5.681],[12.249,-5.829],[12.267,-5.851],[12.334,-5.918],[12.355,-5.945],[12.376,-5.959],[12.385,-5.984],[12.397,-6.006],[12.414,-5.979],[12.431,-5.975],[12.447,-5.976],[12.457,-5.982],[12.457,-6.014],[12.436,-6.027],[12.432,-6.034],[12.435,-6.051],[12.449,-6.052],[12.556,-6.025],[12.607,-5.998],[12.672,-6.0],[12.723,-5.979],[12.718,-5.931],[12.743,-5.9],[12.766,-5.865],[12.822,-5.83],[12.859,-5.82],[12.896,-5.815],[12.924,-5.815],[12.989,-5.836],[13.036,-5.857],[13.067,-5.863],[13.123,-5.862],[13.171,-5.85],[13.184,-5.856],[13.112,-5.89],[13.046,-5.886],[13.03,-5.893],[12.986,-5.901],[12.973,-5.913],[12.966,-5.932],[12.928,-5.981],[12.882,-6.001],[12.861,-6.016],[12.817,-6.032],[12.743,-6.049],[12.716,-6.045],[12.67,-6.03],[12.646,-6.029],[12.581,-6.063],[12.55,-6.067],[12.528,-6.075],[12.497,-6.095],[12.433,-6.109],[12.382,-6.11],[12.347,-6.12],[12.325,-6.122],[12.327,-6.094],[12.334,-6.078],[12.313,-6.091],[12.29,-6.097],[12.275,-6.115],[12.279,-6.148],[12.319,-6.22],[12.396,-6.324],[12.458,-6.466],[12.551,-6.633],[12.62,-6.735],[12.707,-6.814],[12.78,-6.915],[12.8,-6.923],[12.829,-6.905],[12.834,-6.912],[12.827,-6.929],[12.815,-6.947],[12.821,-6.959],[12.833,-7.006],[12.85,-7.205],[12.855,-7.231],[12.85,-7.266],[12.911,-7.335],[12.939,-7.436],[12.986,-7.551],[13.123,-7.857],[13.189,-7.976],[13.194,-8.0],[9.5,-8.0],[9.5,-3.2],[10.514,-3.2],[10.549,-3.239]],[[12.828,-5.872],[12.765,-5.92],[12.745,-5.94],[12.761,-5.958],[12.783,-5.961],[12.807,-5.954],[12.839,-5.928],[12.87,-5.918],[12.884,-5.908],[12.941,-5.897],[12.969,-5.888],[12.995,-5.868],[12.934,-5.874],[12.905,-5.869],[12.855,-5.868],[12.828,-5.872]]]}},{"type":"Feature","properties":{"kind":"river","name":"Congo River"},"geometry":{"type":"Polygon","coordinates":[[[12.317,-6.159],[12.316,-6.163],[12.32,-6.165],[12.32,-6.17],[12.323,-6.17],[12.323,-6.17],[12.319,-6.17],[12.319,-6.165],[12.315,-6.164],[12.314,-6.156],[12.309,-6.155],[12.305,-6.163],[12.3,-6.163],[12.301,-6.161],[12.292,-6.17],[12.299,-6.162],[12.296,-6.165],[12.29,-6.161],[12.287,-6.163],[12.282,-6.158],[12.286,-6.159],[12.289,-6.155],[12.296,-6.152],[12.301,-6.153],[12.302,-6.156],[12.3,-6.149],[12.292,-6.146],[12.28,-6.155],[12.28,-6.152],[12.289,-6.146],[12.287,-6.142],[12.287,-6.139],[12.29,-6.144],[12.293,-6.143],[12.29,-6.139],[12.292,-6.139],[12.295,-6.145],[12.306,-6.149],[12.314,-6.142],[12.314,-6.123],[12.31,-6.124],[12.309,-6.121],[12.305,-6.124],[12.3,-6.124],[12.3,-6.131],[12.303,-6.13],[12.3,-6.132],[12.304,-6.136],[12.302,-6.139],[12.299,-6.132],[12.293,-6.136],[12.296,-6.132],[12.291,-6.134],[12.296,-6.132],[12.294,-6.13],[12.298,-6.131],[12.299,-6.124],[12.307,-6.12],[12.302,-6.122],[12.3,-6.12],[12.297,-6.123],[12.294,-6.124],[12.292,-6.124],[12.289,-6.127],[12.286,-6.129],[12.285,-6.127],[12.282,-6.129],[12.283,-6.134],[12.281,-6.133],[12.28,-6.136],[12.276,-6.137],[12.28,-6.135],[12.281,-6.131],[12.276,-6.128],[12.281,-6.129],[12.285,-6.126],[12.286,-6.129],[12.291,-6.123],[12.299,-6.119],[12.308,-6.119],[12.309,-6.114],[12.298,-6.109],[12.278,-6.118],[12.277,-6.111],[12.288,-6.111],[12.299,-6.106],[12.3,-6.103],[12.301,-6.101],[12.3,-6.107],[12.306,-6.11],[12.321,-6.106],[12.326,-6.091],[12.322,-6.092],[12.32,-6.091],[12.316,-6.093],[12.32,-6.09],[12.323,-6.092],[12.326,-6.087],[12.332,-6.089],[12.333,-6.076],[12.38,-6.05],[12.406,-6.026],[12.402,-6.002],[12.396,-5.999],[12.401,-5.998],[12.395,-5.99],[12.4,-5.986],[12.39,-5.978],[12.393,-5.971],[12.388,-5.97],[12.387,-5.968],[12.386,-5.969],[12.385,-5.969],[12.385,-5.965],[12.384,-5.968],[12.377,-5.972],[12.385,-5.965],[12.388,-5.966],[12.386,-5.966],[12.385,-5.969],[12.386,-5.967],[12.39,-5.968],[12.39,-5.967],[12.39,-5.966],[12.39,-5.966],[12.391,-5.969],[12.389,-5.969],[12.394,-5.972],[12.392,-5.977],[12.403,-5.987],[12.417,-5.98],[12.442,-5.981],[12.471,-5.974],[12.478,-5.97],[12.486,-5.973],[12.497,-5.965],[12.494,-5.957],[12.504,-5.945],[12.517,-5.946],[12.531,-5.932],[12.537,-5.931],[12.543,-5.932],[12.553,-5.929],[12.556,-5.928],[12.562,-5.929],[12.563,-5.928],[12.562,-5.924],[12.563,-5.923],[12.568,-5.919],[12.569,-5.919],[12.572,-5.922],[12.573,-5.92],[12.578,-5.919],[12.574,-5.92],[12.578,-5.921],[12.575,-5.922],[12.573,-5.92],[12.573,-5.922],[12.572,-5.923],[12.571,-5.922],[12.572,-5.923],[12.571,-5.925],[12.57,-5.925],[12.569,-5.925],[12.57,-5.929],[12.567,-5.934],[12.563,-5.936],[12.56,-5.935],[12.558,-5.939],[12.559,-5.938],[12.561,-5.938],[12.564,-5.942],[12.565,-5.937],[12.57,-5.932],[12.572,-5.932],[12.577,-5.935],[12.578,-5.93],[12.589,-5.927],[12.599,-5.913],[12.603,-5.912],[12.599,-5.914],[12.6,-5.915],[12.603,-5.914],[12.604,-5.915],[12.597,-5.92],[12.6,-5.922],[12.596,-5.92],[12.591,-5.926],[12.595,-5.925],[12.598,-5.927],[12.594,-5.926],[12.596,-5.93],[12.595,-5.933],[12.598,-5.935],[12.601,-5.94],[12.602,-5.938],[12.604,-5.939],[12.604,-5.938],[12.607,-5.938],[12.607,-5.936],[12.61,-5.934],[12.609,-5.933],[12.609,-5.933],[12.61,-5.933],[12.61,-5.935],[12.613,-5.936],[12.614,-5.937],[12.614,-5.938],[12.612,-5.939],[12.609,-5.94],[12.607,-5.947],[12.611,-5.949],[12.614,-5.947],[12.611,-5.949],[12.607,-5.948],[12.607,-5.949],[12.606,-5.951],[12.607,-5.952],[12.608,-5.959],[12.612,-5.958],[12.607,-5.961],[12.607,-5.966],[12.603,-5.97],[12.605,-5.973],[12.606,-5.975],[12.613,-5.977],[12.619,-5.974],[12.618,-5.972],[12.62,-5.965],[12.623,-5.964],[12.625,-5.965],[12.62,-5.966],[12.62,-5.975],[12.605,-5.985],[12.604,-5.996],[12.626,-5.996],[12.641,-5.999],[12.658,-5.989],[12.64,-6.001],[12.673,-6.0],[12.675,-6.002],[12.68,-5.996],[12.684,-5.994],[12.683,-5.988],[12.686,-5.986],[12.683,-5.984],[12.684,-5.982],[12.69,-5.981],[12.69,-5.979],[12.697,-5.979],[12.703,-5.962],[12.706,-5.958],[12.704,-5.957],[12.703,-5.956],[12.706,-5.955],[12.72,-5.957],[12.721,-5.959],[12.726,-5.958],[12.729,-5.96],[12.727,-5.964],[12.731,-5.966],[12.731,-5.947],[12.745,-5.933],[12.754,-5.914],[12.765,-5.907],[12.764,-5.899],[12.767,-5.894],[12.786,-5.884],[12.809,-5.879],[12.832,-5.86],[12.835,-5.86],[12.839,-5.861],[12.845,-5.857],[12.851,-5.854],[12.851,-5.853],[12.853,-5.85],[12.859,-5.849],[12.864,-5.851],[12.854,-5.85],[12.851,-5.854],[12.854,-5.853],[12.858,-5.853],[12.883,-5.853],[12.896,-5.84],[12.904,-5.838],[12.908,-5.836],[12.912,-5.835],[12.914,-5.835],[12.915,-5.835],[12.946,-5.847],[12.97,-5.849],[12.988,-5.858],[13.006,-5.855],[13.028,-5.859],[13.04,-5.857],[13.072,-5.864],[13.083,-5.862],[13.093,-5.866],[13.101,-5.878],[13.106,-5.876],[13.128,-5.881],[13.136,-5.885],[13.156,-5.876],[13.185,-5.871],[13.189,-5.866],[13.192,-5.868],[13.197,-5.863],[13.213,-5.857],[13.234,-5.861],[13.243,-5.859],[13.275,-5.87],[13.289,-5.871],[13.31,-5.887],[13.321,-5.889],[13.323,-5.893],[13.333,-5.887],[13.35,-5.902],[13.358,-5.904],[13.365,-5.879],[13.372,-5.867],[13.383,-5.864],[13.393,-5.867],[13.397,-5.865],[13.399,-5.869],[13.424,-5.863],[13.425,-5.845],[13.415,-5.833],[13.417,-5.826],[13.427,-5.818],[13.431,-5.824],[13.44,-5.818],[13.448,-5.817],[13.458,-5.801],[13.462,-5.802],[13.465,-5.8],[13.474,-5.797],[13.482,-5.801],[13.496,-5.789],[13.502,-5.791],[13.511,-5.788],[13.515,-5.782],[13.513,-5.774],[13.517,-5.767],[13.516,-5.758],[13.527,-5.749],[13.53,-5.75],[13.529,-5.742],[13.536,-5.737],[13.536,-5.73],[13.539,-5.732],[13.543,-5.718],[13.556,-5.711],[13.564,-5.71],[13.569,-5.717],[13.578,-5.704],[13.582,-5.706],[13.585,-5.702],[13.587,-5.69],[13.583,-5.673],[13.589,-5.651],[13.588,-5.645],[13.592,-5.637],[13.586,-5.618],[13.587,-5.613],[13.585,-5.6],[13.587,-5.589],[13.574,-5.581],[13.562,-5.565],[13.557,-5.563],[13.55,-5.547],[13.556,-5.543],[13.559,-5.537],[13.579,-5.547],[13.585,-5.546],[13.585,-5.538],[13.597,-5.529],[13.604,-5.527],[13.627,-5.529],[13.628,-5.524],[13.622,-5.516],[13.628,-5.524],[13.629,-5.526],[13.629,-5.524],[13.621,-5.506],[13.599,-5.485],[13.594,-5.472],[13.59,-5.471],[13.589,-5.467],[13.592,-5.465],[13.588,-5.451],[13.583,-5.458],[13.585,-5.469],[13.595,-5.477],[13.597,-5.484],[13.593,-5.483],[13.599,-5.494],[13.607,-5.5],[13.608,-5.498],[13.612,-5.504],[13.622,-5.511],[13.621,-5.526],[13.618,-5.513],[13.598,-5.496],[13.591,-5.479],[13.578,-5.461],[13.584,-5.465],[13.582,-5.457],[13.585,-5.448],[13.575,-5.435],[13.56,-5.426],[13.547,-5.407],[13.542,-5.399],[13.544,-5.392],[13.54,-5.382],[13.548,-5.356],[13.561,-5.349],[13.578,-5.327],[13.593,-5.318],[13.604,-5.315],[13.61,-5.303],[13.624,-5.298],[13.632,-5.277],[13.638,-5.275],[13.65,-5.278],[13.71,-5.322],[13.723,-5.327],[13.723,-5.318],[13.719,-5.311],[13.718,-5.306],[13.717,-5.302],[13.723,-5.298],[13.724,-5.292],[13.729,-5.291],[13.729,-5.288],[13.768,-5.26],[13.775,-5.263],[13.795,-5.279],[13.812,-5.305],[13.823,-5.314],[13.847,-5.322],[13.855,-5.32],[13.852,-5.301],[13.86,-5.292],[13.865,-5.291],[13.863,-5.282],[13.869,-5.275],[13.868,-5.271],[13.868,-5.269],[13.871,-5.264],[13.867,-5.253],[13.871,-5.24],[13.884,-5.226],[13.901,-5.226],[13.917,-5.236],[13.925,-5.227],[13.93,-5.228],[13.935,-5.219],[13.941,-5.221],[13.944,-5.218],[13.95,-5.221],[13.96,-5.213],[13.955,-5.197],[13.965,-5.184],[13.974,-5.164],[13.986,-5.151],[13.983,-5.14],[13.991,-5.136],[13.986,-5.124],[13.988,-5.121],[13.989,-5.101],[13.983,-5.093],[13.985,-5.072],[13.977,-5.056],[13.977,-5.049],[13.987,-5.042],[13.993,-5.048],[14.0,-5.047],[13.998,-5.038],[14.007,-5.022],[14.018,-5.022],[14.037,-5.037],[14.053,-5.029],[14.061,-5.028],[14.065,-5.021],[14.084,-5.015],[14.109,-4.993],[14.144,-4.944],[14.175,-4.922],[14.203,-4.917],[14.208,-4.92],[14.221,-4.917],[14.226,-4.921],[14.241,-4.918],[14.259,-4.922],[14.264,-4.931],[14.275,-4.933],[14.3,-4.921],[14.306,-4.924],[14.317,-4.921],[14.323,-4.925],[14.348,-4.91],[14.369,-4.907],[14.375,-4.909],[14.387,-4.905],[14.401,-4.894],[14.415,-4.89],[14.423,-4.88],[14.436,-4.875],[14.442,-4.866],[14.45,-4.869],[14.455,-4.859],[14.459,-4.863],[14.464,-4.858],[14.463,-4.847],[14.467,-4.843],[14.471,-4.844],[14.48,-4.84],[14.492,-4.842],[14.495,-4.838],[14.506,-4.855],[14.518,-4.852],[14.521,-4.856],[14.53,-4.858],[14.542,-4.855],[14.557,-4.857],[14.566,-4.864],[14.574,-4.876],[14.587,-4.884],[14.588,-4.897],[14.613,-4.897],[14.62,-4.908],[14.651,-4.92],[14.67,-4.914],[14.677,-4.904],[14.689,-4.91],[14.698,-4.898],[14.708,-4.896],[14.719,-4.885],[14.722,-4.876],[14.729,-4.875],[14.733,-4.868],[14.74,-4.865],[14.743,-4.867],[14.757,-4.857],[14.758,-4.85],[14.767,-4.842],[14.77,-4.841],[14.775,-4.847],[14.79,-4.839],[14.799,-4.829],[14.809,-4.835],[14.823,-4.83],[14.843,-4.811],[14.848,-4.801],[14.849,-4.79],[14.862,-4.775],[14.867,-4.743],[14.88,-4.73],[14.886,-4.708],[14.898,-4.684],[14.911,-4.667],[14.932,-4.654],[14.944,-4.642],[14.948,-4.633],[14.961,-4.626],[14.981,-4.607],[14.985,-4.6],[14.987,-4.584],[14.994,-4.581],[15.002,-4.571],[15.012,-4.554],[15.016,-4.555],[15.023,-4.548],[15.032,-4.532],[15.04,-4.536],[15.043,-4.535],[15.052,-4.522],[15.065,-4.514],[15.106,-4.479],[15.121,-4.455],[15.124,-4.439],[15.132,-4.427],[15.145,-4.411],[15.147,-4.411],[15.148,-4.413],[15.155,-4.408],[15.162,-4.396],[15.173,-4.389],[15.171,-4.383],[15.158,-4.377],[15.158,-4.375],[15.171,-4.367],[15.173,-4.355],[15.174,-4.357],[15.179,-4.349],[15.176,-4.342],[15.18,-4.342],[15.183,-4.337],[15.181,-4.331],[15.188,-4.331],[15.197,-4.321],[15.194,-4.317],[15.196,-4.318],[15.207,-4.31],[15.208,-4.313],[15.205,-4.313],[15.201,-4.316],[15.202,-4.318],[15.209,-4.316],[15.209,-4.314],[15.219,-4.31],[15.222,-4.312],[15.225,-4.309],[15.228,-4.309],[15.228,-4.307],[15.229,-4.305],[15.221,-4.3],[15.219,-4.297],[15.219,-4.295],[15.223,-4.293],[15.217,-4.289],[15.215,-4.29],[15.216,-4.295],[15.214,-4.3],[15.211,-4.302],[15.207,-4.302],[15.207,-4.3],[15.214,-4.3],[15.215,-4.29],[15.217,-4.289],[15.223,-4.292],[15.222,-4.294],[15.22,-4.297],[15.23,-4.305],[15.23,-4.307],[15.229,-4.311],[15.254,-4.306],[15.273,-4.283],[15.297,-4.27],[15.3,-4.253],[15.306,-4.247],[15.301,-4.239],[15.302,-4.226],[15.303,-4.228],[15.306,-4.222],[15.305,-4.226],[15.31,-4.22],[15.309,-4.208],[15.315,-4.194],[15.315,-4.191],[15.316,-4.188],[15.316,-4.182],[15.318,-4.184],[15.316,-4.189],[15.323,-4.183],[15.324,-4.174],[15.32,-4.173],[15.318,-4.172],[15.318,-4.169],[15.318,-4.172],[15.324,-4.173],[15.326,-4.168],[15.34,-4.156],[15.361,-4.15],[15.375,-4.15],[15.386,-4.143],[15.388,-4.138],[15.386,-4.133],[15.391,-4.122],[15.391,-4.124],[15.399,-4.12],[15.391,-4.126],[15.399,-4.123],[15.404,-4.109],[15.406,-4.108],[15.429,-4.108],[15.434,-4.11],[15.457,-4.131],[15.48,-4.123],[15.489,-4.112],[15.522,-4.118],[15.534,-4.133],[15.541,-4.15],[15.535,-4.182],[15.547,-4.201],[15.552,-4.223],[15.549,-4.244],[15.56,-4.247],[15.558,-4.252],[15.56,-4.254],[15.568,-4.25],[15.578,-4.248],[15.58,-4.26],[15.582,-4.258],[15.587,-4.258],[15.587,-4.251],[15.59,-4.249],[15.592,-4.249],[15.595,-4.253],[15.588,-4.25],[15.59,-4.255],[15.588,-4.259],[15.579,-4.261],[15.579,-4.261],[15.576,-4.257],[15.576,-4.253],[15.577,-4.249],[15.558,-4.256],[15.557,-4.253],[15.557,-4.247],[15.549,-4.247],[15.546,-4.247],[15.546,-4.246],[15.543,-4.256],[15.546,-4.257],[15.546,-4.25],[15.547,-4.257],[15.549,-4.255],[15.542,-4.278],[15.529,-4.288],[15.531,-4.29],[15.524,-4.301],[15.513,-4.314],[15.513,-4.316],[15.513,-4.318],[15.511,-4.316],[15.512,-4.315],[15.511,-4.316],[15.512,-4.317],[15.512,-4.319],[15.51,-4.317],[15.499,-4.323],[15.483,-4.338],[15.443,-4.339],[15.414,-4.343],[15.42,-4.346],[15.421,-4.346],[15.423,-4.344],[15.424,-4.344],[15.421,-4.347],[15.418,-4.346],[15.419,-4.347],[15.419,-4.347],[15.411,-4.343],[15.406,-4.345],[15.391,-4.342],[15.381,-4.337],[15.378,-4.335],[15.378,-4.333],[15.378,-4.335],[15.375,-4.336],[15.377,-4.336],[15.377,-4.336],[15.377,-4.337],[15.377,-4.337],[15.377,-4.338],[15.376,-4.337],[15.376,-4.34],[15.374,-4.338],[15.373,-4.341],[15.368,-4.344],[15.365,-4.342],[15.366,-4.347],[15.362,-4.351],[15.363,-4.351],[15.365,-4.351],[15.366,-4.351],[15.369,-4.354],[15.37,-4.357],[15.369,-4.359],[15.362,-4.361],[15.361,-4.365],[15.362,-4.367],[15.364,-4.365],[15.365,-4.365],[15.368,-4.366],[15.37,-4.369],[15.368,-4.371],[15.366,-4.37],[15.367,-4.377],[15.366,-4.378],[15.364,-4.379],[15.363,-4.38],[15.368,-4.385],[15.366,-4.388],[15.364,-4.388],[15.364,-4.391],[15.365,-4.393],[15.367,-4.394],[15.368,-4.394],[15.366,-4.396],[15.362,-4.399],[15.364,-4.401],[15.364,-4.402],[15.362,-4.404],[15.364,-4.407],[15.364,-4.409],[15.364,-4.41],[15.361,-4.412],[15.36,-4.414],[15.362,-4.418],[15.361,-4.423],[15.357,-4.426],[15.358,-4.427],[15.36,-4.426],[15.362,-4.428],[15.362,-4.429],[15.36,-4.429],[15.358,-4.432],[15.36,-4.432],[15.361,-4.433],[15.361,-4.441],[15.359,-4.442],[15.358,-4.446],[15.356,-4.447],[15.358,-4.446],[15.36,-4.446],[15.36,-4.447],[15.359,-4.449],[15.358,-4.45],[15.353,-4.451],[15.355,-4.454],[15.354,-4.456],[15.352,-4.458],[15.353,-4.459],[15.354,-4.461],[15.356,-4.461],[15.356,-4.463],[15.352,-4.469],[15.351,-4.471],[15.351,-4.473],[15.35,-4.475],[15.351,-4.477],[15.351,-4.478],[15.349,-4.475],[15.35,-4.471],[15.356,-4.462],[15.353,-4.461],[15.352,-4.458],[15.354,-4.454],[15.347,-4.457],[15.346,-4.457],[15.345,-4.455],[15.344,-4.455],[15.344,-4.457],[15.343,-4.457],[15.344,-4.455],[15.345,-4.455],[15.346,-4.456],[15.347,-4.456],[15.353,-4.451],[15.36,-4.448],[15.356,-4.447],[15.359,-4.442],[15.361,-4.441],[15.36,-4.433],[15.358,-4.432],[15.359,-4.429],[15.362,-4.428],[15.358,-4.427],[15.357,-4.426],[15.36,-4.424],[15.36,-4.413],[15.364,-4.409],[15.361,-4.404],[15.364,-4.401],[15.362,-4.4],[15.362,-4.399],[15.367,-4.394],[15.365,-4.393],[15.364,-4.391],[15.364,-4.387],[15.367,-4.386],[15.363,-4.38],[15.364,-4.379],[15.366,-4.378],[15.367,-4.377],[15.366,-4.37],[15.37,-4.369],[15.366,-4.365],[15.364,-4.365],[15.362,-4.367],[15.361,-4.367],[15.361,-4.364],[15.362,-4.361],[15.369,-4.357],[15.365,-4.351],[15.363,-4.352],[15.362,-4.351],[15.362,-4.351],[15.366,-4.347],[15.364,-4.342],[15.365,-4.341],[15.368,-4.344],[15.37,-4.34],[15.368,-4.338],[15.369,-4.337],[15.37,-4.337],[15.369,-4.336],[15.362,-4.337],[15.363,-4.341],[15.361,-4.341],[15.36,-4.338],[15.361,-4.332],[15.365,-4.329],[15.367,-4.33],[15.364,-4.332],[15.365,-4.335],[15.367,-4.332],[15.368,-4.332],[15.367,-4.333],[15.368,-4.333],[15.367,-4.33],[15.368,-4.331],[15.369,-4.331],[15.369,-4.33],[15.367,-4.329],[15.366,-4.326],[15.362,-4.327],[15.363,-4.328],[15.364,-4.329],[15.361,-4.326],[15.362,-4.331],[15.359,-4.325],[15.352,-4.325],[15.35,-4.328],[15.344,-4.324],[15.345,-4.321],[15.342,-4.321],[15.339,-4.318],[15.339,-4.32],[15.334,-4.315],[15.331,-4.306],[15.325,-4.303],[15.321,-4.298],[15.309,-4.297],[15.289,-4.304],[15.281,-4.3],[15.278,-4.301],[15.264,-4.318],[15.263,-4.325],[15.267,-4.327],[15.263,-4.325],[15.262,-4.323],[15.257,-4.33],[15.247,-4.324],[15.237,-4.326],[15.23,-4.333],[15.217,-4.331],[15.214,-4.332],[15.213,-4.339],[15.206,-4.346],[15.189,-4.34],[15.185,-4.367],[15.178,-4.368],[15.177,-4.371],[15.178,-4.384],[15.184,-4.389],[15.165,-4.402],[15.161,-4.406],[15.163,-4.411],[15.16,-4.408],[15.147,-4.417],[15.14,-4.427],[15.139,-4.435],[15.131,-4.44],[15.125,-4.456],[15.127,-4.458],[15.117,-4.469],[15.115,-4.477],[15.098,-4.495],[15.06,-4.523],[15.049,-4.537],[15.031,-4.544],[15.027,-4.555],[15.017,-4.559],[14.994,-4.587],[14.989,-4.596],[14.99,-4.604],[14.957,-4.633],[14.953,-4.641],[14.944,-4.645],[14.906,-4.683],[14.893,-4.706],[14.895,-4.713],[14.888,-4.731],[14.88,-4.739],[14.877,-4.75],[14.869,-4.762],[14.87,-4.765],[14.873,-4.765],[14.875,-4.767],[14.879,-4.768],[14.884,-4.766],[14.888,-4.766],[14.894,-4.771],[14.888,-4.767],[14.878,-4.768],[14.868,-4.764],[14.868,-4.781],[14.853,-4.791],[14.85,-4.808],[14.838,-4.823],[14.812,-4.841],[14.802,-4.839],[14.798,-4.843],[14.792,-4.842],[14.775,-4.85],[14.773,-4.855],[14.743,-4.872],[14.739,-4.88],[14.733,-4.881],[14.729,-4.888],[14.711,-4.897],[14.703,-4.909],[14.692,-4.911],[14.682,-4.92],[14.668,-4.917],[14.66,-4.922],[14.657,-4.92],[14.644,-4.925],[14.637,-4.918],[14.622,-4.914],[14.614,-4.915],[14.612,-4.909],[14.605,-4.91],[14.599,-4.907],[14.593,-4.909],[14.583,-4.903],[14.577,-4.886],[14.572,-4.881],[14.566,-4.88],[14.563,-4.872],[14.558,-4.872],[14.556,-4.867],[14.528,-4.87],[14.517,-4.863],[14.498,-4.859],[14.49,-4.847],[14.486,-4.85],[14.479,-4.848],[14.459,-4.872],[14.447,-4.88],[14.439,-4.879],[14.432,-4.886],[14.425,-4.9],[14.388,-4.917],[14.375,-4.917],[14.321,-4.935],[14.301,-4.93],[14.276,-4.945],[14.267,-4.944],[14.254,-4.931],[14.24,-4.927],[14.231,-4.932],[14.201,-4.932],[14.181,-4.942],[14.169,-4.953],[14.118,-5.009],[14.099,-5.018],[14.093,-5.024],[14.057,-5.044],[14.041,-5.046],[14.025,-5.033],[14.019,-5.034],[14.017,-5.03],[14.01,-5.03],[14.007,-5.041],[14.009,-5.048],[14.002,-5.05],[13.986,-5.065],[13.992,-5.083],[13.989,-5.091],[13.994,-5.098],[13.992,-5.107],[13.997,-5.12],[13.995,-5.13],[13.997,-5.135],[13.992,-5.147],[13.995,-5.154],[13.976,-5.192],[13.966,-5.222],[13.961,-5.228],[13.952,-5.228],[13.948,-5.239],[13.939,-5.238],[13.918,-5.245],[13.896,-5.232],[13.89,-5.242],[13.88,-5.246],[13.879,-5.264],[13.884,-5.275],[13.881,-5.292],[13.876,-5.297],[13.871,-5.296],[13.873,-5.306],[13.87,-5.305],[13.867,-5.309],[13.864,-5.305],[13.865,-5.315],[13.855,-5.336],[13.831,-5.333],[13.814,-5.325],[13.806,-5.317],[13.783,-5.283],[13.766,-5.272],[13.757,-5.275],[13.745,-5.291],[13.734,-5.299],[13.732,-5.312],[13.734,-5.332],[13.72,-5.338],[13.707,-5.337],[13.693,-5.329],[13.645,-5.284],[13.639,-5.283],[13.633,-5.292],[13.637,-5.301],[13.631,-5.301],[13.628,-5.305],[13.631,-5.313],[13.625,-5.331],[13.621,-5.334],[13.606,-5.325],[13.597,-5.324],[13.589,-5.328],[13.584,-5.342],[13.579,-5.344],[13.578,-5.355],[13.554,-5.358],[13.545,-5.377],[13.55,-5.402],[13.562,-5.414],[13.567,-5.425],[13.576,-5.43],[13.613,-5.466],[13.616,-5.476],[13.62,-5.48],[13.627,-5.491],[13.63,-5.49],[13.637,-5.498],[13.645,-5.514],[13.664,-5.532],[13.663,-5.539],[13.653,-5.539],[13.65,-5.544],[13.638,-5.533],[13.631,-5.536],[13.615,-5.532],[13.608,-5.535],[13.596,-5.534],[13.591,-5.539],[13.59,-5.554],[13.565,-5.548],[13.563,-5.555],[13.572,-5.571],[13.592,-5.58],[13.596,-5.587],[13.593,-5.604],[13.598,-5.618],[13.592,-5.621],[13.591,-5.625],[13.598,-5.645],[13.594,-5.652],[13.594,-5.668],[13.589,-5.677],[13.594,-5.695],[13.591,-5.703],[13.585,-5.716],[13.572,-5.723],[13.563,-5.723],[13.557,-5.716],[13.554,-5.724],[13.55,-5.723],[13.542,-5.742],[13.535,-5.745],[13.536,-5.75],[13.532,-5.751],[13.518,-5.777],[13.517,-5.799],[13.497,-5.795],[13.495,-5.807],[13.483,-5.809],[13.49,-5.818],[13.481,-5.809],[13.47,-5.805],[13.465,-5.811],[13.462,-5.81],[13.454,-5.823],[13.445,-5.827],[13.449,-5.825],[13.45,-5.825],[13.451,-5.826],[13.444,-5.827],[13.439,-5.826],[13.433,-5.828],[13.433,-5.855],[13.429,-5.87],[13.399,-5.879],[13.385,-5.876],[13.376,-5.895],[13.359,-5.916],[13.354,-5.918],[13.346,-5.909],[13.337,-5.914],[13.332,-5.901],[13.325,-5.905],[13.33,-5.91],[13.33,-5.912],[13.33,-5.914],[13.326,-5.915],[13.321,-5.914],[13.326,-5.917],[13.325,-5.921],[13.323,-5.923],[13.326,-5.917],[13.321,-5.917],[13.321,-5.914],[13.33,-5.913],[13.325,-5.905],[13.327,-5.899],[13.321,-5.902],[13.307,-5.901],[13.297,-5.895],[13.294,-5.887],[13.28,-5.883],[13.278,-5.879],[13.264,-5.878],[13.259,-5.872],[13.231,-5.87],[13.224,-5.866],[13.22,-5.869],[13.202,-5.869],[13.176,-5.88],[13.174,-5.893],[13.177,-5.899],[13.17,-5.909],[13.171,-5.913],[13.169,-5.91],[13.177,-5.899],[13.175,-5.898],[13.173,-5.893],[13.175,-5.881],[13.176,-5.88],[13.172,-5.878],[13.15,-5.888],[13.136,-5.907],[13.13,-5.909],[13.125,-5.905],[13.116,-5.911],[13.112,-5.91],[13.101,-5.896],[13.079,-5.899],[13.067,-5.895],[13.034,-5.909],[13.026,-5.906],[13.022,-5.898],[13.005,-5.898],[12.987,-5.904],[12.969,-5.916],[12.963,-5.917],[12.96,-5.929],[12.964,-5.956],[12.962,-5.962],[12.958,-5.966],[12.948,-5.972],[12.938,-5.97],[12.922,-5.99],[12.912,-5.998],[12.88,-6.001],[12.863,-6.02],[12.845,-6.033],[12.833,-6.034],[12.825,-6.04],[12.808,-6.044],[12.802,-6.044],[12.798,-6.048],[12.792,-6.049],[12.779,-6.045],[12.774,-6.039],[12.745,-6.05],[12.721,-6.044],[12.725,-6.048],[12.711,-6.043],[12.696,-6.044],[12.692,-6.054],[12.694,-6.044],[12.687,-6.041],[12.678,-6.032],[12.668,-6.029],[12.664,-6.031],[12.662,-6.035],[12.663,-6.041],[12.664,-6.04],[12.665,-6.039],[12.668,-6.039],[12.664,-6.04],[12.661,-6.047],[12.65,-6.052],[12.642,-6.066],[12.636,-6.068],[12.645,-6.071],[12.659,-6.071],[12.642,-6.072],[12.633,-6.068],[12.631,-6.07],[12.625,-6.07],[12.624,-6.068],[12.623,-6.067],[12.622,-6.069],[12.622,-6.07],[12.62,-6.068],[12.621,-6.066],[12.619,-6.067],[12.616,-6.066],[12.613,-6.067],[12.609,-6.068],[12.613,-6.068],[12.617,-6.074],[12.615,-6.078],[12.617,-6.079],[12.621,-6.083],[12.627,-6.083],[12.628,-6.081],[12.629,-6.081],[12.629,-6.08],[12.63,-6.079],[12.627,-6.084],[12.624,-6.084],[12.622,-6.083],[12.619,-6.081],[12.617,-6.079],[12.614,-6.078],[12.617,-6.075],[12.612,-6.069],[12.603,-6.07],[12.589,-6.066],[12.582,-6.073],[12.586,-6.073],[12.591,-6.078],[12.595,-6.077],[12.59,-6.078],[12.581,-6.072],[12.572,-6.079],[12.573,-6.084],[12.588,-6.085],[12.599,-6.093],[12.611,-6.092],[12.618,-6.102],[12.624,-6.096],[12.622,-6.101],[12.625,-6.102],[12.63,-6.1],[12.637,-6.101],[12.639,-6.104],[12.646,-6.1],[12.653,-6.105],[12.661,-6.102],[12.662,-6.102],[12.653,-6.106],[12.657,-6.108],[12.661,-6.108],[12.668,-6.108],[12.669,-6.109],[12.65,-6.109],[12.65,-6.11],[12.652,-6.11],[12.653,-6.111],[12.652,-6.112],[12.651,-6.113],[12.648,-6.113],[12.651,-6.115],[12.652,-6.12],[12.648,-6.113],[12.652,-6.113],[12.652,-6.111],[12.65,-6.111],[12.65,-6.109],[12.654,-6.107],[12.648,-6.103],[12.648,-6.103],[12.647,-6.104],[12.645,-6.106],[12.636,-6.107],[12.633,-6.106],[12.631,-6.104],[12.629,-6.106],[12.624,-6.105],[12.612,-6.099],[12.607,-6.103],[12.605,-6.103],[12.604,-6.1],[12.603,-6.101],[12.604,-6.106],[12.616,-6.106],[12.623,-6.109],[12.622,-6.112],[12.623,-6.109],[12.615,-6.106],[12.603,-6.106],[12.602,-6.102],[12.603,-6.096],[12.589,-6.089],[12.571,-6.086],[12.568,-6.076],[12.575,-6.071],[12.568,-6.063],[12.553,-6.067],[12.555,-6.07],[12.552,-6.067],[12.523,-6.078],[12.53,-6.085],[12.542,-6.087],[12.545,-6.089],[12.553,-6.087],[12.554,-6.088],[12.556,-6.09],[12.556,-6.092],[12.555,-6.093],[12.552,-6.094],[12.553,-6.096],[12.559,-6.094],[12.564,-6.096],[12.567,-6.092],[12.574,-6.095],[12.584,-6.103],[12.585,-6.107],[12.586,-6.107],[12.587,-6.107],[12.583,-6.111],[12.585,-6.114],[12.586,-6.114],[12.586,-6.113],[12.586,-6.112],[12.587,-6.112],[12.587,-6.112],[12.588,-6.113],[12.588,-6.114],[12.585,-6.12],[12.59,-6.125],[12.593,-6.125],[12.597,-6.127],[12.598,-6.126],[12.599,-6.126],[12.6,-6.128],[12.6,-6.13],[12.611,-6.14],[12.611,-6.137],[12.612,-6.137],[12.612,-6.14],[12.622,-6.141],[12.621,-6.135],[12.626,-6.128],[12.621,-6.136],[12.623,-6.141],[12.626,-6.138],[12.635,-6.145],[12.648,-6.138],[12.65,-6.14],[12.652,-6.14],[12.653,-6.141],[12.651,-6.15],[12.642,-6.146],[12.637,-6.147],[12.628,-6.143],[12.611,-6.142],[12.606,-6.137],[12.605,-6.14],[12.604,-6.141],[12.603,-6.141],[12.605,-6.136],[12.599,-6.132],[12.587,-6.132],[12.569,-6.141],[12.553,-6.134],[12.543,-6.124],[12.537,-6.122],[12.53,-6.128],[12.534,-6.13],[12.511,-6.129],[12.506,-6.127],[12.489,-6.128],[12.487,-6.132],[12.472,-6.13],[12.463,-6.126],[12.463,-6.125],[12.466,-6.119],[12.458,-6.114],[12.454,-6.119],[12.456,-6.12],[12.457,-6.121],[12.453,-6.124],[12.456,-6.126],[12.458,-6.129],[12.461,-6.129],[12.465,-6.132],[12.467,-6.134],[12.467,-6.134],[12.464,-6.131],[12.458,-6.129],[12.452,-6.125],[12.452,-6.123],[12.457,-6.12],[12.456,-6.12],[12.451,-6.123],[12.444,-6.119],[12.443,-6.125],[12.451,-6.128],[12.451,-6.13],[12.446,-6.134],[12.451,-6.137],[12.45,-6.139],[12.444,-6.14],[12.447,-6.142],[12.447,-6.143],[12.443,-6.15],[12.447,-6.143],[12.443,-6.14],[12.45,-6.137],[12.446,-6.134],[12.45,-6.128],[12.44,-6.127],[12.443,-6.131],[12.443,-6.132],[12.44,-6.131],[12.437,-6.136],[12.436,-6.137],[12.434,-6.136],[12.432,-6.135],[12.431,-6.138],[12.429,-6.139],[12.427,-6.138],[12.427,-6.138],[12.432,-6.135],[12.437,-6.136],[12.44,-6.131],[12.442,-6.132],[12.44,-6.127],[12.443,-6.119],[12.446,-6.118],[12.452,-6.121],[12.453,-6.111],[12.444,-6.104],[12.434,-6.104],[12.4,-6.109],[12.4,-6.113],[12.403,-6.114],[12.403,-6.113],[12.403,-6.112],[12.405,-6.113],[12.405,-6.111],[12.406,-6.113],[12.404,-6.113],[12.403,-6.113],[12.403,-6.113],[12.406,-6.116],[12.413,-6.109],[12.43,-6.114],[12.42,-6.114],[12.429,-6.119],[12.428,-6.122],[12.434,-6.12],[12.43,-6.126],[12.428,-6.127],[12.429,-6.127],[12.43,-6.129],[12.428,-6.127],[12.426,-6.129],[12.423,-6.128],[12.423,-6.129],[12.422,-6.13],[12.42,-6.13],[12.42,-6.133],[12.418,-6.134],[12.42,-6.13],[12.423,-6.128],[12.426,-6.128],[12.43,-6.123],[12.427,-6.122],[12.428,-6.119],[12.413,-6.111],[12.409,-6.117],[12.404,-6.117],[12.399,-6.115],[12.395,-6.106],[12.396,-6.112],[12.393,-6.113],[12.375,-6.111],[12.364,-6.116],[12.369,-6.117],[12.371,-6.125],[12.382,-6.123],[12.387,-6.125],[12.39,-6.132],[12.392,-6.132],[12.392,-6.131],[12.393,-6.131],[12.393,-6.132],[12.392,-6.133],[12.39,-6.132],[12.391,-6.137],[12.392,-6.136],[12.397,-6.137],[12.398,-6.135],[12.4,-6.135],[12.401,-6.137],[12.403,-6.134],[12.403,-6.133],[12.4,-6.147],[12.395,-6.147],[12.392,-6.173],[12.389,-6.175],[12.395,-6.187],[12.399,-6.188],[12.402,-6.189],[12.403,-6.191],[12.402,-6.195],[12.404,-6.198],[12.403,-6.2],[12.399,-6.199],[12.402,-6.19],[12.394,-6.187],[12.387,-6.176],[12.382,-6.178],[12.384,-6.174],[12.389,-6.171],[12.388,-6.161],[12.385,-6.16],[12.385,-6.163],[12.384,-6.165],[12.381,-6.165],[12.377,-6.167],[12.373,-6.168],[12.372,-6.167],[12.371,-6.168],[12.371,-6.168],[12.372,-6.167],[12.374,-6.168],[12.375,-6.167],[12.377,-6.167],[12.38,-6.165],[12.384,-6.165],[12.383,-6.159],[12.391,-6.15],[12.386,-6.138],[12.385,-6.138],[12.382,-6.138],[12.386,-6.137],[12.385,-6.133],[12.382,-6.135],[12.385,-6.133],[12.383,-6.127],[12.37,-6.131],[12.361,-6.118],[12.347,-6.121],[12.329,-6.115],[12.321,-6.122],[12.322,-6.129],[12.329,-6.134],[12.342,-6.139],[12.348,-6.133],[12.351,-6.134],[12.352,-6.136],[12.354,-6.133],[12.358,-6.134],[12.359,-6.129],[12.363,-6.127],[12.366,-6.128],[12.367,-6.129],[12.367,-6.131],[12.369,-6.131],[12.366,-6.131],[12.364,-6.129],[12.359,-6.129],[12.358,-6.134],[12.352,-6.136],[12.349,-6.134],[12.342,-6.14],[12.344,-6.139],[12.347,-6.141],[12.344,-6.14],[12.343,-6.143],[12.35,-6.144],[12.35,-6.142],[12.352,-6.141],[12.356,-6.142],[12.356,-6.145],[12.352,-6.141],[12.351,-6.145],[12.339,-6.143],[12.344,-6.147],[12.35,-6.161],[12.354,-6.159],[12.36,-6.162],[12.36,-6.158],[12.361,-6.157],[12.362,-6.158],[12.362,-6.159],[12.364,-6.16],[12.365,-6.161],[12.366,-6.162],[12.365,-6.161],[12.365,-6.161],[12.367,-6.16],[12.367,-6.159],[12.367,-6.156],[12.369,-6.156],[12.369,-6.157],[12.371,-6.156],[12.371,-6.157],[12.372,-6.156],[12.372,-6.157],[12.37,-6.158],[12.368,-6.157],[12.368,-6.161],[12.365,-6.161],[12.366,-6.162],[12.362,-6.16],[12.361,-6.158],[12.361,-6.161],[12.357,-6.162],[12.354,-6.16],[12.351,-6.162],[12.343,-6.151],[12.343,-6.148],[12.338,-6.145],[12.34,-6.14],[12.336,-6.145],[12.337,-6.145],[12.339,-6.147],[12.337,-6.151],[12.339,-6.153],[12.339,-6.155],[12.34,-6.156],[12.339,-6.155],[12.337,-6.15],[12.337,-6.146],[12.328,-6.147],[12.337,-6.139],[12.32,-6.135],[12.31,-6.152],[12.317,-6.159]],[[15.174,-4.358],[15.174,-4.358],[15.174,-4.358],[15.174,-4.358]],[[12.524,-5.941],[12.525,-5.944],[12.523,-5.947],[12.524,-5.949],[12.521,-5.953],[12.509,-5.96],[12.514,-5.961],[12.532,-5.951],[12.532,-5.943],[12.536,-5.938],[12.538,-5.938],[12.537,-5.938],[12.536,-5.936],[12.536,-5.932],[12.531,-5.933],[12.524,-5.941]],[[12.541,-5.949],[12.54,-5.944],[12.54,-5.942],[12.537,-5.942],[12.536,-5.942],[12.533,-5.95],[12.537,-5.947],[12.541,-5.949]],[[12.541,-5.94],[12.541,-5.948],[12.543,-5.944],[12.547,-5.946],[12.547,-5.943],[12.549,-5.946],[12.551,-5.943],[12.557,-5.939],[12.56,-5.935],[12.567,-5.934],[12.568,-5.925],[12.571,-5.921],[12.568,-5.919],[12.563,-5.923],[12.563,-5.928],[12.561,-5.93],[12.553,-5.929],[12.543,-5.933],[12.536,-5.932],[12.539,-5.938],[12.532,-5.944],[12.534,-5.947],[12.536,-5.942],[12.541,-5.942],[12.541,-5.94]],[[12.316,-6.113],[12.311,-6.114],[12.312,-6.122],[12.317,-6.117],[12.318,-6.114],[12.316,-6.111],[12.316,-6.113]],[[12.333,-6.146],[12.336,-6.142],[12.331,-6.146],[12.333,-6.146]],[[12.302,-6.161],[12.302,-6.16],[12.301,-6.16],[12.302,-6.161]],[[12.301,-6.158],[12.296,-6.152],[12.293,-6.155],[12.295,-6.158],[12.296,-6.159],[12.291,-6.155],[12.286,-6.159],[12.299,-6.162],[12.301,-6.158]],[[12.337,-6.139],[12.338,-6.14],[12.338,-6.139],[12.337,-6.139]],[[12.331,-6.138],[12.334,-6.138],[12.335,-6.138],[12.331,-6.138]],[[12.367,-6.129],[12.366,-6.129],[12.366,-6.129],[12.367,-6.129]],[[12.4,-6.141],[12.397,-6.137],[12.391,-6.138],[12.39,-6.137],[12.39,-6.136],[12.389,-6.135],[12.389,-6.139],[12.395,-6.146],[12.4,-6.141]],[[12.385,-6.175],[12.386,-6.174],[12.385,-6.175],[12.385,-6.175]],[[12.398,-6.135],[12.398,-6.137],[12.4,-6.139],[12.401,-6.136],[12.398,-6.135]],[[12.564,-6.124],[12.571,-6.126],[12.573,-6.128],[12.575,-6.126],[12.575,-6.123],[12.575,-6.123],[12.576,-6.123],[12.582,-6.126],[12.581,-6.128],[12.584,-6.131],[12.6,-6.128],[12.599,-6.126],[12.597,-6.128],[12.589,-6.124],[12.584,-6.121],[12.584,-6.118],[12.587,-6.115],[12.585,-6.114],[12.582,-6.111],[12.584,-6.104],[12.569,-6.093],[12.565,-6.098],[12.561,-6.097],[12.562,-6.101],[12.56,-6.096],[12.555,-6.097],[12.549,-6.093],[12.53,-6.091],[12.544,-6.099],[12.544,-6.101],[12.522,-6.089],[12.516,-6.082],[12.503,-6.089],[12.508,-6.106],[12.511,-6.103],[12.515,-6.103],[12.518,-6.106],[12.525,-6.104],[12.519,-6.108],[12.527,-6.108],[12.534,-6.112],[12.545,-6.111],[12.546,-6.114],[12.544,-6.112],[12.544,-6.116],[12.541,-6.119],[12.546,-6.122],[12.55,-6.12],[12.553,-6.123],[12.555,-6.12],[12.557,-6.12],[12.553,-6.123],[12.555,-6.127],[12.562,-6.124],[12.561,-6.128],[12.564,-6.124]],[[12.464,-6.124],[12.472,-6.129],[12.487,-6.132],[12.487,-6.128],[12.492,-6.127],[12.507,-6.127],[12.519,-6.128],[12.509,-6.119],[12.509,-6.123],[12.508,-6.123],[12.503,-6.123],[12.497,-6.122],[12.494,-6.121],[12.495,-6.12],[12.497,-6.118],[12.498,-6.115],[12.493,-6.113],[12.492,-6.112],[12.494,-6.109],[12.496,-6.107],[12.495,-6.105],[12.49,-6.106],[12.491,-6.108],[12.488,-6.109],[12.489,-6.111],[12.488,-6.109],[12.49,-6.107],[12.487,-6.105],[12.487,-6.096],[12.482,-6.097],[12.477,-6.094],[12.462,-6.098],[12.458,-6.103],[12.459,-6.113],[12.467,-6.118],[12.464,-6.124]],[[12.488,-6.095],[12.488,-6.106],[12.493,-6.104],[12.495,-6.105],[12.496,-6.106],[12.493,-6.112],[12.497,-6.113],[12.498,-6.115],[12.499,-6.116],[12.498,-6.119],[12.495,-6.121],[12.509,-6.123],[12.498,-6.097],[12.49,-6.092],[12.483,-6.093],[12.483,-6.096],[12.488,-6.095]],[[12.583,-6.131],[12.577,-6.13],[12.575,-6.13],[12.574,-6.127],[12.573,-6.128],[12.57,-6.126],[12.568,-6.128],[12.564,-6.124],[12.561,-6.129],[12.554,-6.128],[12.551,-6.122],[12.548,-6.123],[12.557,-6.132],[12.568,-6.138],[12.583,-6.131]],[[12.576,-6.13],[12.582,-6.126],[12.576,-6.123],[12.575,-6.126],[12.574,-6.127],[12.576,-6.13]],[[12.652,-6.141],[12.65,-6.142],[12.653,-6.143],[12.652,-6.141]],[[12.65,-6.142],[12.648,-6.139],[12.643,-6.144],[12.65,-6.142]],[[12.53,-6.125],[12.543,-6.114],[12.534,-6.113],[12.525,-6.109],[12.519,-6.11],[12.515,-6.104],[12.508,-6.108],[12.522,-6.125],[12.53,-6.125]],[[12.585,-6.118],[12.584,-6.119],[12.585,-6.119],[12.585,-6.118]],[[12.587,-6.112],[12.586,-6.114],[12.588,-6.114],[12.587,-6.112]],[[12.525,-6.088],[12.535,-6.091],[12.539,-6.091],[12.525,-6.088]],[[12.522,-6.087],[12.552,-6.093],[12.555,-6.092],[12.553,-6.087],[12.545,-6.089],[12.529,-6.085],[12.523,-6.081],[12.521,-6.082],[12.522,-6.087]],[[12.599,-6.128],[12.6,-6.129],[12.6,-6.128],[12.599,-6.128]],[[12.577,-6.062],[12.582,-6.068],[12.59,-6.061],[12.587,-6.054],[12.579,-6.056],[12.577,-6.062]],[[12.611,-6.052],[12.617,-6.053],[12.638,-6.066],[12.65,-6.05],[12.661,-6.044],[12.662,-6.029],[12.628,-6.031],[12.598,-6.051],[12.599,-6.053],[12.611,-6.052]],[[12.621,-6.103],[12.632,-6.104],[12.636,-6.107],[12.648,-6.102],[12.646,-6.1],[12.638,-6.104],[12.631,-6.101],[12.621,-6.103]],[[12.617,-6.065],[12.621,-6.066],[12.622,-6.069],[12.623,-6.067],[12.623,-6.066],[12.625,-6.07],[12.633,-6.067],[12.621,-6.062],[12.617,-6.056],[12.606,-6.053],[12.59,-6.064],[12.603,-6.069],[12.617,-6.065]],[[12.62,-6.06],[12.624,-6.061],[12.618,-6.057],[12.62,-6.06]],[[12.603,-6.095],[12.606,-6.103],[12.612,-6.098],[12.61,-6.093],[12.603,-6.095]],[[12.581,-6.07],[12.584,-6.07],[12.584,-6.069],[12.581,-6.07]],[[12.587,-6.067],[12.585,-6.067],[12.585,-6.069],[12.587,-6.067]],[[12.579,-6.068],[12.576,-6.061],[12.573,-6.06],[12.579,-6.068]],[[12.595,-6.059],[12.59,-6.056],[12.591,-6.062],[12.595,-6.059]],[[12.327,-6.089],[12.326,-6.09],[12.326,-6.091],[12.327,-6.089]],[[12.421,-6.019],[12.427,-6.02],[12.426,-6.015],[12.431,-6.011],[12.428,-6.006],[12.429,-6.008],[12.427,-6.009],[12.426,-6.009],[12.423,-6.007],[12.424,-6.008],[12.423,-6.01],[12.42,-6.009],[12.419,-6.008],[12.418,-6.01],[12.419,-6.011],[12.418,-6.013],[12.421,-6.013],[12.421,-6.014],[12.421,-6.016],[12.418,-6.013],[12.417,-6.01],[12.418,-6.008],[12.423,-6.009],[12.423,-6.007],[12.424,-6.006],[12.427,-6.009],[12.428,-6.006],[12.431,-6.004],[12.432,-6.005],[12.434,-6.008],[12.43,-6.005],[12.431,-6.012],[12.427,-6.015],[12.433,-6.021],[12.436,-6.016],[12.438,-6.015],[12.439,-6.015],[12.433,-6.02],[12.439,-6.023],[12.453,-6.014],[12.449,-6.008],[12.449,-6.005],[12.452,-6.01],[12.456,-6.005],[12.458,-6.005],[12.456,-6.003],[12.455,-6.002],[12.455,-6.001],[12.456,-6.001],[12.458,-6.005],[12.453,-6.012],[12.46,-6.013],[12.463,-6.007],[12.468,-6.008],[12.464,-6.003],[12.464,-5.999],[12.461,-6.001],[12.459,-6.001],[12.459,-6.0],[12.459,-5.999],[12.461,-5.998],[12.458,-5.997],[12.457,-5.996],[12.456,-5.994],[12.457,-5.994],[12.461,-5.998],[12.46,-6.001],[12.463,-5.999],[12.47,-6.001],[12.469,-5.997],[12.47,-5.996],[12.471,-5.995],[12.472,-5.996],[12.472,-5.997],[12.471,-5.997],[12.475,-6.0],[12.476,-5.999],[12.474,-5.998],[12.474,-5.998],[12.477,-5.996],[12.477,-5.997],[12.478,-5.998],[12.479,-5.997],[12.48,-5.997],[12.477,-5.999],[12.477,-5.996],[12.474,-5.998],[12.476,-5.999],[12.475,-6.002],[12.477,-6.001],[12.479,-6.0],[12.481,-6.003],[12.481,-6.004],[12.482,-6.005],[12.49,-6.003],[12.493,-5.994],[12.487,-5.982],[12.478,-5.985],[12.469,-5.982],[12.448,-5.985],[12.438,-5.989],[12.441,-5.989],[12.441,-5.99],[12.437,-5.995],[12.441,-5.989],[12.433,-5.989],[12.424,-5.993],[12.41,-6.007],[12.415,-6.025],[12.421,-6.019]],[[12.492,-6.006],[12.472,-6.02],[12.474,-6.022],[12.475,-6.018],[12.476,-6.018],[12.479,-6.021],[12.476,-6.018],[12.475,-6.025],[12.471,-6.022],[12.468,-6.028],[12.47,-6.032],[12.47,-6.034],[12.474,-6.035],[12.47,-6.034],[12.467,-6.03],[12.46,-6.033],[12.459,-6.028],[12.455,-6.032],[12.454,-6.032],[12.452,-6.028],[12.444,-6.032],[12.443,-6.038],[12.447,-6.039],[12.448,-6.043],[12.449,-6.041],[12.451,-6.04],[12.452,-6.04],[12.454,-6.044],[12.455,-6.042],[12.457,-6.041],[12.461,-6.042],[12.455,-6.042],[12.456,-6.045],[12.453,-6.044],[12.451,-6.04],[12.448,-6.044],[12.443,-6.04],[12.439,-6.043],[12.443,-6.044],[12.443,-6.047],[12.445,-6.046],[12.445,-6.046],[12.442,-6.047],[12.443,-6.044],[12.439,-6.043],[12.443,-6.04],[12.443,-6.033],[12.437,-6.035],[12.438,-6.056],[12.443,-6.058],[12.46,-6.056],[12.495,-6.046],[12.501,-6.04],[12.496,-6.034],[12.502,-6.029],[12.498,-6.026],[12.498,-6.024],[12.513,-6.011],[12.499,-6.025],[12.503,-6.029],[12.497,-6.035],[12.504,-6.041],[12.513,-6.04],[12.509,-6.029],[12.513,-6.037],[12.525,-6.032],[12.529,-6.027],[12.528,-6.022],[12.529,-6.027],[12.524,-6.036],[12.545,-6.026],[12.554,-6.024],[12.554,-6.023],[12.552,-6.022],[12.551,-6.018],[12.553,-6.016],[12.551,-6.015],[12.559,-6.012],[12.559,-6.01],[12.562,-6.008],[12.558,-6.005],[12.559,-6.004],[12.562,-6.003],[12.561,-6.001],[12.562,-5.999],[12.564,-5.997],[12.568,-5.998],[12.568,-5.994],[12.57,-5.993],[12.578,-5.989],[12.583,-5.989],[12.582,-5.981],[12.576,-5.981],[12.574,-5.98],[12.573,-5.978],[12.573,-5.977],[12.576,-5.975],[12.58,-5.973],[12.576,-5.969],[12.568,-5.978],[12.564,-5.98],[12.544,-5.984],[12.536,-5.99],[12.526,-5.989],[12.519,-5.995],[12.51,-5.992],[12.497,-5.996],[12.492,-6.006]],[[12.538,-6.033],[12.562,-6.026],[12.563,-6.022],[12.569,-6.016],[12.574,-6.006],[12.573,-6.001],[12.564,-5.997],[12.562,-6.004],[12.559,-6.005],[12.562,-6.008],[12.56,-6.012],[12.552,-6.015],[12.553,-6.016],[12.552,-6.021],[12.554,-6.022],[12.555,-6.023],[12.554,-6.024],[12.553,-6.025],[12.546,-6.027],[12.538,-6.033]],[[12.575,-6.005],[12.582,-5.995],[12.587,-5.99],[12.586,-5.986],[12.583,-5.99],[12.568,-5.994],[12.569,-5.998],[12.574,-6.001],[12.575,-6.005]],[[12.582,-6.001],[12.581,-5.998],[12.58,-6.001],[12.582,-6.001]],[[12.603,-5.985],[12.597,-5.978],[12.591,-5.978],[12.587,-5.985],[12.587,-5.991],[12.582,-5.997],[12.586,-5.999],[12.599,-5.996],[12.603,-5.985]],[[12.674,-6.002],[12.703,-5.997],[12.725,-5.984],[12.732,-5.97],[12.726,-5.963],[12.728,-5.959],[12.726,-5.958],[12.721,-5.959],[12.704,-5.956],[12.707,-5.958],[12.697,-5.979],[12.69,-5.979],[12.69,-5.982],[12.684,-5.982],[12.687,-5.986],[12.684,-5.988],[12.684,-5.995],[12.676,-6.002],[12.671,-6.001],[12.674,-6.002]],[[12.526,-6.037],[12.519,-6.041],[12.527,-6.038],[12.526,-6.037]],[[12.528,-6.036],[12.528,-6.038],[12.529,-6.037],[12.528,-6.036]],[[12.567,-6.025],[12.567,-6.024],[12.566,-6.025],[12.567,-6.025]],[[12.565,-6.022],[12.563,-6.024],[12.563,-6.026],[12.565,-6.022]],[[12.602,-6.002],[12.603,-6.004],[12.604,-6.001],[12.602,-6.002]],[[12.624,-5.997],[12.622,-6.0],[12.627,-5.999],[12.624,-5.997]],[[12.675,-6.015],[12.673,-6.016],[12.672,-6.019],[12.675,-6.015]],[[12.676,-6.018],[12.677,-6.014],[12.674,-6.018],[12.676,-6.018]],[[12.681,-6.018],[12.683,-6.016],[12.686,-6.012],[12.681,-6.013],[12.681,-6.018]],[[12.679,-6.016],[12.678,-6.013],[12.678,-6.016],[12.679,-6.016]],[[12.629,-5.999],[12.626,-6.001],[12.632,-6.0],[12.629,-5.999]],[[12.572,-6.023],[12.584,-6.018],[12.588,-6.008],[12.586,-6.006],[12.586,-6.001],[12.574,-6.011],[12.572,-6.023]],[[12.591,-6.01],[12.588,-6.017],[12.597,-6.011],[12.598,-6.006],[12.591,-6.01]],[[12.611,-6.006],[12.604,-6.006],[12.599,-6.015],[12.609,-6.01],[12.611,-6.006]],[[12.588,-6.009],[12.597,-6.001],[12.587,-6.0],[12.586,-6.006],[12.588,-6.008],[12.588,-6.009]],[[12.58,-6.005],[12.578,-6.003],[12.576,-6.006],[12.58,-6.005]],[[12.621,-6.003],[12.608,-6.003],[12.612,-6.007],[12.621,-6.003]],[[12.593,-5.998],[12.596,-5.999],[12.597,-5.998],[12.596,-5.997],[12.593,-5.998]],[[12.454,-6.031],[12.459,-6.027],[12.461,-6.032],[12.462,-6.028],[12.468,-6.026],[12.456,-6.022],[12.454,-6.031]],[[12.479,-6.0],[12.475,-6.003],[12.471,-5.997],[12.472,-5.996],[12.47,-5.996],[12.471,-6.001],[12.465,-6.002],[12.469,-6.008],[12.467,-6.009],[12.463,-6.009],[12.463,-6.014],[12.469,-6.015],[12.481,-6.006],[12.479,-6.0]],[[12.558,-5.94],[12.554,-5.942],[12.554,-5.943],[12.557,-5.943],[12.558,-5.94]],[[12.542,-5.946],[12.543,-5.949],[12.547,-5.95],[12.549,-5.952],[12.556,-5.947],[12.562,-5.946],[12.563,-5.943],[12.56,-5.938],[12.557,-5.943],[12.552,-5.943],[12.549,-5.948],[12.542,-5.946]],[[12.536,-5.949],[12.511,-5.964],[12.51,-5.966],[12.518,-5.961],[12.518,-5.961],[12.518,-5.963],[12.521,-5.962],[12.518,-5.963],[12.518,-5.963],[12.518,-5.961],[12.518,-5.961],[12.51,-5.967],[12.507,-5.973],[12.516,-5.971],[12.517,-5.966],[12.518,-5.965],[12.523,-5.968],[12.525,-5.963],[12.531,-5.963],[12.532,-5.96],[12.536,-5.96],[12.539,-5.956],[12.546,-5.951],[12.536,-5.949]],[[12.504,-5.984],[12.507,-5.98],[12.505,-5.974],[12.498,-5.98],[12.502,-5.981],[12.504,-5.984]],[[12.493,-5.988],[12.502,-5.986],[12.511,-5.987],[12.519,-5.966],[12.517,-5.966],[12.518,-5.97],[12.514,-5.973],[12.506,-5.974],[12.507,-5.98],[12.505,-5.985],[12.503,-5.984],[12.501,-5.981],[12.49,-5.982],[12.493,-5.988]],[[12.532,-5.964],[12.526,-5.964],[12.519,-5.973],[12.525,-5.973],[12.531,-5.966],[12.547,-5.964],[12.551,-5.959],[12.557,-5.957],[12.558,-5.954],[12.561,-5.954],[12.562,-5.949],[12.57,-5.95],[12.573,-5.952],[12.572,-5.946],[12.575,-5.944],[12.574,-5.943],[12.575,-5.942],[12.578,-5.942],[12.578,-5.94],[12.582,-5.933],[12.578,-5.931],[12.578,-5.935],[12.576,-5.936],[12.571,-5.933],[12.565,-5.938],[12.563,-5.946],[12.552,-5.952],[12.546,-5.953],[12.532,-5.964]],[[12.526,-5.975],[12.548,-5.977],[12.551,-5.972],[12.556,-5.97],[12.565,-5.969],[12.568,-5.97],[12.567,-5.968],[12.569,-5.965],[12.565,-5.962],[12.554,-5.968],[12.551,-5.968],[12.548,-5.966],[12.543,-5.971],[12.537,-5.971],[12.536,-5.97],[12.535,-5.969],[12.537,-5.967],[12.534,-5.967],[12.526,-5.975]],[[12.518,-5.994],[12.527,-5.988],[12.536,-5.989],[12.544,-5.983],[12.562,-5.98],[12.571,-5.972],[12.565,-5.969],[12.555,-5.97],[12.551,-5.973],[12.554,-5.976],[12.545,-5.979],[12.521,-5.976],[12.51,-5.99],[12.518,-5.994]],[[12.505,-5.99],[12.497,-5.994],[12.509,-5.991],[12.505,-5.99]],[[12.487,-5.981],[12.477,-5.974],[12.47,-5.98],[12.477,-5.984],[12.487,-5.981]],[[12.508,-5.965],[12.508,-5.963],[12.503,-5.964],[12.503,-5.971],[12.501,-5.974],[12.508,-5.965]],[[12.501,-5.973],[12.502,-5.964],[12.51,-5.963],[12.508,-5.96],[12.509,-5.959],[12.521,-5.952],[12.524,-5.949],[12.522,-5.947],[12.524,-5.943],[12.516,-5.947],[12.503,-5.947],[12.502,-5.952],[12.495,-5.958],[12.499,-5.965],[12.489,-5.975],[12.494,-5.977],[12.501,-5.973]],[[12.587,-5.984],[12.591,-5.976],[12.588,-5.974],[12.588,-5.972],[12.588,-5.971],[12.587,-5.972],[12.585,-5.971],[12.579,-5.969],[12.582,-5.972],[12.582,-5.973],[12.575,-5.975],[12.574,-5.979],[12.582,-5.981],[12.587,-5.984]],[[12.58,-5.972],[12.581,-5.972],[12.58,-5.971],[12.58,-5.972]],[[12.578,-5.968],[12.586,-5.97],[12.582,-5.965],[12.581,-5.96],[12.579,-5.957],[12.573,-5.955],[12.572,-5.959],[12.567,-5.958],[12.57,-5.965],[12.568,-5.968],[12.57,-5.971],[12.576,-5.968],[12.578,-5.968]],[[12.582,-5.959],[12.586,-5.969],[12.586,-5.966],[12.588,-5.962],[12.586,-5.96],[12.587,-5.956],[12.588,-5.953],[12.593,-5.951],[12.591,-5.941],[12.59,-5.942],[12.586,-5.942],[12.586,-5.945],[12.584,-5.948],[12.577,-5.955],[12.578,-5.957],[12.58,-5.957],[12.582,-5.959]],[[12.58,-5.947],[12.584,-5.936],[12.58,-5.937],[12.578,-5.942],[12.574,-5.943],[12.576,-5.944],[12.573,-5.952],[12.562,-5.95],[12.562,-5.954],[12.558,-5.955],[12.558,-5.959],[12.557,-5.96],[12.559,-5.96],[12.56,-5.96],[12.557,-5.961],[12.558,-5.958],[12.552,-5.96],[12.547,-5.965],[12.536,-5.968],[12.536,-5.971],[12.548,-5.966],[12.554,-5.967],[12.557,-5.964],[12.566,-5.962],[12.567,-5.958],[12.568,-5.957],[12.572,-5.959],[12.572,-5.955],[12.579,-5.952],[12.581,-5.949],[12.58,-5.947]],[[12.58,-5.946],[12.583,-5.948],[12.586,-5.942],[12.591,-5.941],[12.593,-5.943],[12.596,-5.941],[12.599,-5.94],[12.594,-5.933],[12.593,-5.926],[12.581,-5.932],[12.584,-5.935],[12.585,-5.938],[12.58,-5.946]],[[12.605,-5.983],[12.611,-5.977],[12.606,-5.976],[12.604,-5.972],[12.599,-5.972],[12.599,-5.978],[12.605,-5.983]],[[12.594,-5.977],[12.594,-5.973],[12.588,-5.968],[12.586,-5.971],[12.587,-5.971],[12.588,-5.971],[12.589,-5.974],[12.594,-5.977]],[[12.594,-5.976],[12.598,-5.973],[12.596,-5.971],[12.594,-5.967],[12.589,-5.966],[12.588,-5.968],[12.59,-5.969],[12.594,-5.973],[12.594,-5.976]],[[12.597,-5.972],[12.6,-5.968],[12.601,-5.967],[12.599,-5.964],[12.598,-5.963],[12.597,-5.961],[12.596,-5.959],[12.592,-5.966],[12.594,-5.967],[12.597,-5.972]],[[12.596,-5.959],[12.596,-5.959],[12.599,-5.963],[12.601,-5.967],[12.6,-5.97],[12.602,-5.97],[12.607,-5.965],[12.605,-5.951],[12.607,-5.949],[12.606,-5.944],[12.6,-5.951],[12.596,-5.952],[12.593,-5.959],[12.587,-5.968],[12.596,-5.959]],[[12.594,-5.951],[12.587,-5.958],[12.589,-5.962],[12.596,-5.951],[12.6,-5.951],[12.6,-5.947],[12.613,-5.936],[12.607,-5.936],[12.607,-5.938],[12.604,-5.94],[12.595,-5.942],[12.593,-5.944],[12.594,-5.951]],[[12.747,-6.045],[12.743,-6.044],[12.74,-6.045],[12.747,-6.045]],[[12.755,-6.041],[12.749,-6.044],[12.747,-6.044],[12.749,-6.045],[12.753,-6.043],[12.755,-6.041]],[[12.745,-6.038],[12.752,-6.032],[12.742,-6.036],[12.745,-6.038]],[[12.749,-6.033],[12.745,-6.032],[12.742,-6.036],[12.749,-6.033]],[[12.796,-6.021],[12.796,-6.022],[12.799,-6.02],[12.797,-6.02],[12.796,-6.021]],[[12.744,-5.999],[12.747,-5.999],[12.747,-5.999],[12.744,-5.999]],[[12.816,-5.967],[12.819,-5.967],[12.819,-5.966],[12.819,-5.966],[12.816,-5.967]],[[12.814,-5.966],[12.816,-5.964],[12.812,-5.965],[12.814,-5.966]],[[12.844,-5.926],[12.843,-5.926],[12.843,-5.926],[12.844,-5.926]],[[12.857,-5.919],[12.855,-5.919],[12.857,-5.922],[12.857,-5.919]],[[12.855,-5.914],[12.857,-5.913],[12.859,-5.912],[12.855,-5.912],[12.855,-5.914]],[[12.779,-5.909],[12.78,-5.909],[12.779,-5.908],[12.779,-5.909]],[[12.882,-5.987],[12.879,-5.988],[12.877,-5.994],[12.879,-5.992],[12.882,-5.987]],[[12.924,-5.973],[12.924,-5.972],[12.924,-5.974],[12.924,-5.973]],[[12.87,-5.959],[12.869,-5.958],[12.869,-5.959],[12.87,-5.959]],[[12.873,-5.961],[12.883,-5.956],[12.885,-5.953],[12.873,-5.961]],[[12.903,-5.951],[12.901,-5.951],[12.898,-5.954],[12.903,-5.951]],[[12.901,-5.949],[12.902,-5.949],[12.902,-5.949],[12.901,-5.949]],[[12.91,-5.942],[12.913,-5.941],[12.913,-5.94],[12.91,-5.942]],[[12.872,-5.937],[12.873,-5.934],[12.87,-5.933],[12.872,-5.937]],[[12.862,-5.92],[12.86,-5.92],[12.861,-5.921],[12.862,-5.92]],[[12.86,-5.918],[12.86,-5.918],[12.86,-5.918],[12.86,-5.918]],[[12.862,-5.919],[12.863,-5.917],[12.861,-5.916],[12.862,-5.919]],[[12.746,-6.042],[12.744,-6.043],[12.747,-6.043],[12.746,-6.042]],[[12.743,-6.043],[12.742,-6.041],[12.742,-6.043],[12.736,-6.04],[12.741,-6.044],[12.743,-6.043]],[[12.745,-6.04],[12.748,-6.042],[12.751,-6.04],[12.748,-6.039],[12.745,-6.04]],[[12.742,-6.04],[12.744,-6.042],[12.741,-6.038],[12.735,-6.039],[12.742,-6.04]],[[12.748,-6.038],[12.746,-6.038],[12.746,-6.038],[12.748,-6.038]],[[12.735,-6.035],[12.738,-6.035],[12.739,-6.032],[12.735,-6.035]],[[12.733,-6.035],[12.737,-6.032],[12.731,-6.034],[12.733,-6.035]],[[12.719,-6.025],[12.722,-6.024],[12.715,-6.02],[12.719,-6.025]],[[12.718,-6.015],[12.722,-6.019],[12.719,-6.022],[12.723,-6.025],[12.739,-6.018],[12.724,-6.018],[12.718,-6.015]],[[12.715,-6.017],[12.712,-6.017],[12.71,-6.019],[12.713,-6.02],[12.715,-6.017]],[[12.754,-6.014],[12.755,-6.015],[12.756,-6.014],[12.754,-6.014]],[[12.721,-6.015],[12.735,-6.016],[12.724,-6.014],[12.72,-6.011],[12.721,-6.015]],[[12.755,-6.012],[12.754,-6.013],[12.755,-6.012],[12.755,-6.012]],[[12.718,-6.011],[12.715,-6.013],[12.715,-6.014],[12.718,-6.011]],[[12.724,-6.013],[12.749,-6.016],[12.726,-6.007],[12.721,-6.009],[12.724,-6.013]],[[12.733,-6.008],[12.73,-6.008],[12.733,-6.009],[12.733,-6.008]],[[12.732,-6.007],[12.734,-6.005],[12.728,-6.006],[12.732,-6.007]],[[12.734,-6.002],[12.732,-6.002],[12.732,-6.003],[12.734,-6.002]],[[12.73,-6.0],[12.725,-6.001],[12.723,-6.004],[12.73,-6.002],[12.73,-6.0]],[[12.742,-6.0],[12.739,-6.001],[12.738,-6.002],[12.742,-6.0]],[[12.733,-6.001],[12.733,-6.001],[12.731,-6.002],[12.733,-6.001]],[[12.737,-6.0],[12.738,-6.001],[12.738,-6.0],[12.737,-6.0]],[[12.733,-5.998],[12.737,-5.999],[12.734,-6.001],[12.738,-5.999],[12.735,-5.998],[12.733,-5.998]],[[12.744,-5.998],[12.74,-5.999],[12.739,-6.0],[12.743,-6.0],[12.744,-5.998]],[[12.743,-5.998],[12.741,-5.998],[12.74,-5.999],[12.743,-5.998]],[[12.74,-5.996],[12.737,-5.996],[12.736,-5.997],[12.738,-5.998],[12.74,-5.996]],[[12.75,-5.994],[12.748,-5.995],[12.753,-5.993],[12.751,-5.993],[12.747,-5.995],[12.75,-5.994]],[[12.754,-5.991],[12.753,-5.991],[12.753,-5.992],[12.754,-5.991]],[[12.748,-5.992],[12.757,-5.988],[12.751,-5.988],[12.748,-5.992]],[[12.744,-5.96],[12.742,-5.961],[12.745,-5.959],[12.744,-5.96]],[[12.749,-5.957],[12.745,-5.958],[12.747,-5.958],[12.749,-5.957]],[[12.746,-5.956],[12.746,-5.955],[12.746,-5.957],[12.746,-5.956]],[[12.748,-5.954],[12.75,-5.957],[12.751,-5.951],[12.747,-5.954],[12.746,-5.956],[12.748,-5.954]],[[12.787,-6.045],[12.796,-6.038],[12.778,-6.039],[12.787,-6.045]],[[12.749,-6.038],[12.761,-6.038],[12.754,-6.032],[12.749,-6.038]],[[12.774,-6.029],[12.768,-6.029],[12.767,-6.03],[12.769,-6.03],[12.774,-6.029]],[[12.788,-6.023],[12.785,-6.026],[12.793,-6.027],[12.805,-6.021],[12.788,-6.023]],[[12.812,-6.023],[12.81,-6.023],[12.811,-6.024],[12.812,-6.023]],[[12.789,-6.023],[12.796,-6.021],[12.781,-6.025],[12.782,-6.026],[12.789,-6.023]],[[12.787,-6.021],[12.786,-6.02],[12.785,-6.021],[12.787,-6.021]],[[12.799,-6.009],[12.795,-6.012],[12.799,-6.009],[12.799,-6.009]],[[12.804,-6.005],[12.811,-6.006],[12.813,-6.003],[12.804,-6.005]],[[12.812,-6.002],[12.803,-6.0],[12.802,-6.006],[12.812,-6.002]],[[12.776,-6.008],[12.79,-6.001],[12.793,-5.996],[12.79,-5.994],[12.782,-5.997],[12.776,-6.008]],[[12.784,-5.989],[12.749,-6.003],[12.733,-6.007],[12.75,-6.013],[12.755,-6.012],[12.759,-6.013],[12.763,-6.009],[12.775,-6.006],[12.783,-5.995],[12.79,-5.992],[12.784,-5.989]],[[12.805,-5.999],[12.812,-6.001],[12.816,-5.999],[12.813,-5.995],[12.805,-5.999]],[[12.792,-5.995],[12.792,-5.993],[12.791,-5.993],[12.792,-5.995]],[[12.792,-5.992],[12.79,-5.993],[12.792,-5.993],[12.792,-5.992]],[[12.758,-5.992],[12.755,-5.992],[12.753,-5.995],[12.763,-5.991],[12.757,-5.989],[12.755,-5.99],[12.758,-5.992]],[[12.763,-5.988],[12.76,-5.987],[12.758,-5.988],[12.762,-5.99],[12.763,-5.988]],[[12.79,-5.977],[12.792,-5.979],[12.797,-5.974],[12.796,-5.974],[12.79,-5.977]],[[12.776,-5.966],[12.77,-5.964],[12.769,-5.965],[12.776,-5.966]],[[12.753,-5.955],[12.757,-5.952],[12.756,-5.955],[12.754,-5.956],[12.76,-5.953],[12.759,-5.946],[12.753,-5.955]],[[12.751,-5.956],[12.758,-5.944],[12.757,-5.938],[12.757,-5.942],[12.752,-5.947],[12.751,-5.956]],[[12.755,-5.941],[12.754,-5.944],[12.757,-5.942],[12.756,-5.936],[12.752,-5.938],[12.755,-5.941]],[[12.759,-5.94],[12.758,-5.937],[12.757,-5.935],[12.759,-5.94]],[[12.757,-5.933],[12.757,-5.934],[12.758,-5.933],[12.757,-5.933]],[[12.757,-5.933],[12.758,-5.931],[12.756,-5.932],[12.755,-5.932],[12.757,-5.933]],[[12.755,-5.931],[12.755,-5.932],[12.756,-5.931],[12.755,-5.931]],[[12.758,-5.931],[12.757,-5.93],[12.756,-5.932],[12.758,-5.931]],[[12.756,-5.93],[12.756,-5.931],[12.757,-5.93],[12.756,-5.93]],[[12.758,-5.926],[12.755,-5.927],[12.759,-5.927],[12.758,-5.926]],[[12.77,-5.909],[12.77,-5.907],[12.768,-5.908],[12.77,-5.909]],[[12.781,-5.908],[12.783,-5.906],[12.779,-5.908],[12.781,-5.908]],[[12.8,-5.905],[12.799,-5.9],[12.798,-5.905],[12.8,-5.905]],[[12.778,-5.905],[12.795,-5.893],[12.799,-5.885],[12.786,-5.886],[12.776,-5.893],[12.77,-5.894],[12.766,-5.901],[12.769,-5.907],[12.778,-5.905]],[[12.815,-6.04],[12.813,-6.042],[12.816,-6.041],[12.815,-6.04]],[[12.832,-6.032],[12.828,-6.03],[12.813,-6.034],[12.809,-6.032],[12.791,-6.046],[12.796,-6.048],[12.802,-6.043],[12.815,-6.04],[12.824,-6.04],[12.832,-6.032]],[[12.844,-6.033],[12.845,-6.032],[12.842,-6.033],[12.844,-6.033]],[[12.813,-6.033],[12.819,-6.031],[12.81,-6.031],[12.813,-6.033]],[[12.838,-6.031],[12.856,-6.021],[12.852,-6.019],[12.838,-6.023],[12.831,-6.029],[12.838,-6.031]],[[12.821,-6.019],[12.818,-6.02],[12.817,-6.022],[12.819,-6.021],[12.821,-6.019]],[[12.857,-6.016],[12.866,-6.011],[12.867,-6.009],[12.857,-6.016]],[[12.82,-6.011],[12.805,-6.019],[12.809,-6.02],[12.839,-6.014],[12.85,-6.003],[12.835,-6.001],[12.829,-6.007],[12.82,-6.011]],[[12.808,-6.01],[12.809,-6.016],[12.821,-6.011],[12.831,-6.003],[12.816,-6.004],[12.808,-6.01]],[[12.831,-5.998],[12.827,-5.996],[12.824,-5.996],[12.822,-5.995],[12.816,-5.996],[12.824,-5.999],[12.831,-5.998]],[[12.827,-5.994],[12.812,-5.99],[12.807,-5.994],[12.822,-5.994],[12.825,-5.996],[12.827,-5.994]],[[12.851,-5.979],[12.85,-5.981],[12.852,-5.981],[12.851,-5.979]],[[12.83,-5.977],[12.826,-5.974],[12.821,-5.976],[12.823,-5.978],[12.83,-5.977]],[[12.863,-5.969],[12.854,-5.972],[12.854,-5.972],[12.854,-5.974],[12.853,-5.975],[12.858,-5.978],[12.863,-5.969]],[[12.853,-5.97],[12.851,-5.972],[12.851,-5.975],[12.854,-5.973],[12.853,-5.97]],[[12.836,-5.975],[12.842,-5.968],[12.829,-5.973],[12.836,-5.975]],[[12.827,-5.972],[12.827,-5.97],[12.827,-5.97],[12.827,-5.972]],[[12.828,-5.972],[12.853,-5.962],[12.858,-5.953],[12.851,-5.952],[12.822,-5.962],[12.829,-5.963],[12.828,-5.972]],[[12.863,-5.962],[12.866,-5.958],[12.856,-5.961],[12.857,-5.962],[12.863,-5.962]],[[12.863,-5.958],[12.868,-5.955],[12.862,-5.958],[12.863,-5.958]],[[12.858,-5.959],[12.864,-5.955],[12.864,-5.954],[12.859,-5.953],[12.858,-5.959]],[[12.854,-5.934],[12.856,-5.93],[12.846,-5.928],[12.844,-5.931],[12.854,-5.934]],[[12.843,-5.931],[12.842,-5.93],[12.842,-5.931],[12.843,-5.931]],[[12.86,-5.932],[12.857,-5.936],[12.868,-5.932],[12.862,-5.924],[12.859,-5.928],[12.86,-5.932]],[[12.85,-5.926],[12.853,-5.928],[12.859,-5.926],[12.859,-5.925],[12.85,-5.926]],[[12.845,-5.926],[12.845,-5.925],[12.844,-5.926],[12.845,-5.926]],[[12.847,-5.925],[12.849,-5.925],[12.847,-5.925],[12.847,-5.925]],[[12.857,-5.918],[12.858,-5.915],[12.854,-5.916],[12.854,-5.917],[12.857,-5.918]],[[12.811,-5.883],[12.799,-5.898],[12.811,-5.893],[12.814,-5.887],[12.816,-5.885],[12.826,-5.884],[12.833,-5.881],[12.811,-5.883]],[[12.85,-5.879],[12.857,-5.865],[12.847,-5.869],[12.842,-5.876],[12.848,-5.876],[12.847,-5.879],[12.85,-5.879]],[[12.821,-5.872],[12.832,-5.871],[12.835,-5.87],[12.821,-5.872]],[[12.863,-5.87],[12.872,-5.863],[12.861,-5.87],[12.863,-5.87]],[[12.841,-5.868],[12.861,-5.854],[12.851,-5.854],[12.84,-5.862],[12.833,-5.86],[12.825,-5.869],[12.841,-5.868]],[[12.875,-5.991],[12.871,-5.992],[12.876,-5.992],[12.875,-5.991]],[[12.91,-5.987],[12.914,-5.982],[12.909,-5.987],[12.91,-5.987]],[[12.922,-5.977],[12.92,-5.979],[12.919,-5.982],[12.921,-5.979],[12.922,-5.977]],[[12.958,-5.965],[12.961,-5.953],[12.945,-5.97],[12.958,-5.965]],[[12.893,-5.981],[12.914,-5.95],[12.928,-5.934],[12.918,-5.938],[12.903,-5.951],[12.898,-5.954],[12.889,-5.964],[12.867,-5.967],[12.855,-5.984],[12.874,-5.99],[12.893,-5.981]],[[12.89,-5.956],[12.881,-5.963],[12.884,-5.963],[12.89,-5.956]],[[12.943,-5.962],[12.943,-5.952],[12.941,-5.948],[12.937,-5.959],[12.94,-5.956],[12.943,-5.962]],[[12.945,-5.959],[12.943,-5.962],[12.948,-5.956],[12.948,-5.94],[12.942,-5.949],[12.945,-5.959]],[[12.901,-5.948],[12.91,-5.942],[12.912,-5.939],[12.905,-5.94],[12.901,-5.948]],[[12.901,-5.937],[12.918,-5.929],[12.892,-5.938],[12.887,-5.954],[12.901,-5.937]],[[12.892,-5.935],[12.895,-5.934],[12.898,-5.932],[12.894,-5.931],[12.892,-5.935]],[[12.875,-5.932],[12.881,-5.93],[12.874,-5.93],[12.875,-5.932]],[[12.884,-5.918],[12.875,-5.925],[12.874,-5.929],[12.882,-5.928],[12.884,-5.918]],[[12.998,-5.873],[13.004,-5.865],[12.987,-5.863],[12.958,-5.879],[12.947,-5.882],[12.942,-5.881],[12.937,-5.875],[12.907,-5.865],[12.874,-5.862],[12.862,-5.871],[12.858,-5.879],[12.85,-5.882],[12.838,-5.879],[12.827,-5.885],[12.816,-5.886],[12.813,-5.892],[12.805,-5.896],[12.797,-5.911],[12.777,-5.915],[12.767,-5.92],[12.759,-5.931],[12.761,-5.95],[12.759,-5.954],[12.745,-5.962],[12.766,-5.962],[12.793,-5.968],[12.827,-5.949],[12.839,-5.928],[12.841,-5.918],[12.857,-5.908],[12.883,-5.899],[12.899,-5.897],[12.946,-5.901],[12.96,-5.899],[12.987,-5.884],[12.988,-5.884],[12.987,-5.88],[12.987,-5.879],[12.988,-5.878],[12.992,-5.874],[12.998,-5.873]],[[12.868,-5.908],[12.862,-5.914],[12.874,-5.925],[12.877,-5.917],[12.886,-5.915],[12.894,-5.903],[12.888,-5.901],[12.868,-5.908]],[[12.895,-5.903],[12.895,-5.899],[12.89,-5.901],[12.895,-5.903]],[[12.899,-5.9],[12.898,-5.901],[12.899,-5.9],[12.899,-5.9]],[[13.014,-5.886],[13.014,-5.886],[13.014,-5.885],[13.014,-5.886]],[[13.094,-5.886],[13.093,-5.88],[13.075,-5.879],[13.082,-5.888],[13.094,-5.886]],[[13.019,-5.885],[13.039,-5.884],[13.039,-5.884],[13.032,-5.878],[13.019,-5.885]],[[13.039,-5.88],[13.034,-5.878],[13.039,-5.882],[13.039,-5.88]],[[12.992,-5.874],[12.987,-5.879],[12.988,-5.884],[12.997,-5.875],[12.992,-5.874]],[[13.033,-5.876],[13.057,-5.89],[13.072,-5.885],[13.07,-5.875],[13.052,-5.868],[13.033,-5.876]],[[12.945,-5.881],[12.956,-5.878],[12.938,-5.875],[12.945,-5.881]],[[12.936,-5.857],[12.929,-5.862],[12.924,-5.864],[12.956,-5.87],[12.968,-5.863],[12.959,-5.861],[12.95,-5.864],[12.939,-5.861],[12.936,-5.857]],[[12.927,-5.862],[12.93,-5.858],[12.928,-5.858],[12.926,-5.858],[12.923,-5.857],[12.92,-5.857],[12.917,-5.855],[12.91,-5.859],[12.927,-5.862]],[[12.885,-5.858],[12.883,-5.858],[12.882,-5.859],[12.885,-5.858]],[[12.96,-5.859],[12.971,-5.861],[12.979,-5.859],[12.968,-5.852],[12.941,-5.851],[12.934,-5.848],[12.932,-5.845],[12.923,-5.845],[12.907,-5.841],[12.896,-5.843],[12.891,-5.849],[12.91,-5.859],[12.917,-5.855],[12.919,-5.856],[12.923,-5.856],[12.928,-5.858],[12.936,-5.856],[12.949,-5.862],[12.96,-5.859]],[[12.939,-5.848],[12.933,-5.846],[12.942,-5.85],[12.939,-5.848]],[[12.921,-5.843],[12.925,-5.844],[12.926,-5.843],[12.921,-5.843]],[[12.736,-6.041],[12.733,-6.043],[12.737,-6.045],[12.736,-6.041]],[[12.741,-6.033],[12.739,-6.034],[12.737,-6.036],[12.74,-6.035],[12.741,-6.033]],[[12.702,-6.028],[12.717,-6.026],[12.712,-6.021],[12.702,-6.028]],[[12.743,-6.002],[12.745,-6.001],[12.743,-6.002],[12.743,-6.002]],[[12.743,-5.994],[12.742,-5.993],[12.741,-5.994],[12.743,-5.994]],[[12.744,-5.992],[12.751,-5.988],[12.739,-5.988],[12.73,-5.994],[12.744,-5.992]],[[12.755,-5.942],[12.752,-5.938],[12.747,-5.941],[12.737,-5.965],[12.75,-5.951],[12.755,-5.942]],[[12.766,-6.028],[12.771,-6.028],[12.774,-6.027],[12.769,-6.026],[12.766,-6.028]],[[12.756,-6.016],[12.764,-6.015],[12.766,-6.014],[12.763,-6.013],[12.756,-6.016]],[[12.775,-6.009],[12.772,-6.012],[12.777,-6.009],[12.775,-6.009]],[[12.776,-6.006],[12.762,-6.011],[12.77,-6.012],[12.776,-6.006]],[[12.745,-6.001],[12.75,-5.999],[12.748,-5.999],[12.745,-6.001]],[[12.917,-5.841],[12.925,-5.84],[12.913,-5.84],[12.917,-5.841]],[[12.904,-5.839],[12.92,-5.838],[12.914,-5.835],[12.904,-5.839]],[[13.336,-5.895],[13.335,-5.893],[13.335,-5.895],[13.336,-5.895]],[[13.334,-5.892],[13.334,-5.888],[13.328,-5.891],[13.329,-5.893],[13.334,-5.892]],[[13.138,-5.886],[13.138,-5.888],[13.14,-5.887],[13.138,-5.886]],[[13.135,-5.902],[13.129,-5.904],[13.134,-5.906],[13.135,-5.902]],[[13.123,-5.898],[13.137,-5.89],[13.136,-5.886],[13.108,-5.877],[13.101,-5.878],[13.104,-5.887],[13.113,-5.897],[13.123,-5.898]],[[13.482,-5.808],[13.482,-5.809],[13.483,-5.809],[13.482,-5.808]],[[13.459,-5.804],[13.46,-5.804],[13.46,-5.804],[13.459,-5.804]],[[13.465,-5.801],[13.465,-5.801],[13.465,-5.801],[13.465,-5.801]],[[13.466,-5.801],[13.465,-5.8],[13.465,-5.8],[13.466,-5.801]],[[13.467,-5.799],[13.468,-5.8],[13.467,-5.799],[13.467,-5.799]],[[13.509,-5.793],[13.51,-5.792],[13.509,-5.791],[13.509,-5.793]],[[15.173,-4.36],[15.173,-4.36],[15.173,-4.36],[15.173,-4.36]],[[13.586,-5.452],[13.586,-5.449],[13.583,-5.457],[13.586,-5.452]],[[13.594,-5.479],[13.595,-5.48],[13.595,-5.478],[13.594,-5.479]],[[15.164,-4.373],[15.164,-4.373],[15.164,-4.373],[15.164,-4.373]],[[13.519,-5.773],[13.516,-5.776],[13.518,-5.776],[13.519,-5.773]],[[13.546,-5.724],[13.547,-5.725],[13.547,-5.723],[13.546,-5.724]],[[13.555,-5.713],[13.553,-5.715],[13.553,-5.716],[13.555,-5.713]],[[13.589,-5.703],[13.59,-5.702],[13.589,-5.702],[13.589,-5.703]],[[13.597,-5.645],[13.596,-5.645],[13.596,-5.645],[13.597,-5.645]],[[13.595,-5.617],[13.596,-5.617],[13.595,-5.617],[13.595,-5.617]],[[13.588,-5.61],[13.587,-5.61],[13.588,-5.611],[13.588,-5.61]],[[13.611,-5.495],[13.604,-5.486],[13.603,-5.486],[13.611,-5.495]],[[13.605,-5.484],[13.599,-5.476],[13.598,-5.476],[13.6,-5.482],[13.605,-5.484]],[[13.601,-5.477],[13.605,-5.48],[13.601,-5.475],[13.601,-5.477]],[[13.607,-5.477],[13.602,-5.473],[13.609,-5.482],[13.607,-5.477]],[[13.599,-5.474],[13.601,-5.476],[13.599,-5.474],[13.599,-5.474]],[[13.597,-5.471],[13.598,-5.47],[13.597,-5.47],[13.597,-5.471]],[[13.605,-5.468],[13.602,-5.468],[13.607,-5.472],[13.605,-5.468]],[[13.593,-5.464],[13.595,-5.464],[13.593,-5.464],[13.593,-5.464]],[[13.6,-5.463],[13.601,-5.465],[13.602,-5.466],[13.602,-5.464],[13.6,-5.463]],[[13.597,-5.463],[13.598,-5.464],[13.597,-5.463],[13.597,-5.463]],[[13.596,-5.459],[13.595,-5.461],[13.598,-5.463],[13.596,-5.459]],[[13.603,-5.461],[13.6,-5.459],[13.603,-5.462],[13.603,-5.461]],[[13.558,-5.418],[13.559,-5.42],[13.559,-5.419],[13.558,-5.418]],[[13.613,-5.325],[13.614,-5.326],[13.615,-5.326],[13.613,-5.325]],[[13.615,-5.313],[13.613,-5.317],[13.616,-5.316],[13.615,-5.313]],[[13.647,-5.538],[13.646,-5.539],[13.648,-5.54],[13.647,-5.538]],[[13.655,-5.536],[13.655,-5.535],[13.655,-5.535],[13.655,-5.536]],[[13.653,-5.531],[13.648,-5.527],[13.647,-5.529],[13.652,-5.535],[13.653,-5.531]],[[13.642,-5.528],[13.644,-5.53],[13.643,-5.528],[13.642,-5.528]],[[13.64,-5.528],[13.64,-5.525],[13.639,-5.526],[13.64,-5.528]],[[13.629,-5.52],[13.63,-5.52],[13.629,-5.519],[13.629,-5.52]],[[13.64,-5.516],[13.641,-5.516],[13.64,-5.515],[13.64,-5.516]],[[13.637,-5.5],[13.633,-5.498],[13.638,-5.502],[13.637,-5.5]],[[13.612,-5.497],[13.619,-5.501],[13.613,-5.495],[13.612,-5.497]],[[13.625,-5.489],[13.619,-5.479],[13.615,-5.477],[13.621,-5.488],[13.625,-5.489]],[[13.857,-5.315],[13.855,-5.31],[13.856,-5.315],[13.857,-5.315]],[[13.622,-5.309],[13.626,-5.313],[13.628,-5.309],[13.625,-5.307],[13.622,-5.309]],[[13.718,-5.306],[13.718,-5.305],[13.718,-5.305],[13.718,-5.306]],[[13.624,-5.302],[13.625,-5.302],[13.625,-5.301],[13.624,-5.302]],[[13.854,-5.301],[13.854,-5.302],[13.854,-5.302],[13.854,-5.301]],[[13.624,-5.3],[13.625,-5.301],[13.625,-5.301],[13.624,-5.3]],[[13.862,-5.3],[13.859,-5.298],[13.861,-5.301],[13.862,-5.3]],[[13.727,-5.293],[13.726,-5.293],[13.726,-5.294],[13.727,-5.293]],[[13.784,-5.281],[13.784,-5.28],[13.783,-5.28],[13.784,-5.281]],[[13.777,-5.275],[13.781,-5.281],[13.781,-5.281],[13.777,-5.275]],[[13.772,-5.272],[13.77,-5.272],[13.773,-5.274],[13.772,-5.272]],[[13.775,-5.265],[13.776,-5.266],[13.775,-5.264],[13.775,-5.265]],[[13.866,-5.295],[13.865,-5.295],[13.863,-5.295],[13.865,-5.297],[13.866,-5.295]],[[13.869,-5.283],[13.871,-5.295],[13.877,-5.296],[13.874,-5.288],[13.869,-5.283]],[[13.869,-5.271],[13.87,-5.273],[13.869,-5.271],[13.869,-5.271]],[[13.946,-5.224],[13.945,-5.226],[13.947,-5.227],[13.946,-5.224]],[[13.991,-5.118],[13.991,-5.116],[13.99,-5.117],[13.991,-5.118]],[[13.983,-5.06],[13.994,-5.051],[13.991,-5.053],[13.99,-5.05],[13.985,-5.051],[13.983,-5.06]],[[14.048,-5.038],[14.054,-5.04],[14.059,-5.037],[14.048,-5.038]],[[14.059,-5.039],[14.06,-5.037],[14.062,-5.036],[14.059,-5.037],[14.059,-5.039]],[[14.08,-5.029],[14.081,-5.029],[14.081,-5.029],[14.08,-5.029]],[[14.072,-5.029],[14.07,-5.028],[14.071,-5.029],[14.072,-5.029]],[[14.074,-5.027],[14.072,-5.027],[14.073,-5.028],[14.074,-5.027]],[[14.716,-4.891],[14.72,-4.89],[14.72,-4.888],[14.716,-4.891]],[[14.861,-4.777],[14.86,-4.781],[14.862,-4.776],[14.861,-4.777]],[[14.871,-4.743],[14.871,-4.747],[14.874,-4.747],[14.874,-4.742],[14.871,-4.743]],[[15.052,-4.528],[15.055,-4.527],[15.056,-4.525],[15.054,-4.525],[15.052,-4.528]],[[15.067,-4.514],[15.071,-4.511],[15.074,-4.507],[15.069,-4.511],[15.067,-4.514]],[[15.144,-4.413],[15.146,-4.412],[15.147,-4.412],[15.144,-4.413]],[[15.168,-4.374],[15.173,-4.378],[15.173,-4.371],[15.168,-4.374]],[[15.164,-4.373],[15.164,-4.372],[15.164,-4.373],[15.164,-4.373]],[[15.176,-4.361],[15.182,-4.357],[15.182,-4.354],[15.177,-4.356],[15.176,-4.361]],[[15.228,-4.311],[15.225,-4.31],[15.225,-4.311],[15.228,-4.311]],[[15.211,-4.338],[15.21,-4.337],[15.21,-4.339],[15.211,-4.338]],[[15.233,-4.327],[15.227,-4.327],[15.225,-4.33],[15.229,-4.331],[15.233,-4.327]],[[15.214,-4.325],[15.219,-4.322],[15.216,-4.32],[15.209,-4.322],[15.214,-4.325]],[[15.223,-4.321],[15.224,-4.321],[15.224,-4.32],[15.223,-4.321]],[[15.223,-4.316],[15.224,-4.316],[15.223,-4.315],[15.223,-4.316]],[[15.225,-4.314],[15.224,-4.313],[15.224,-4.314],[15.225,-4.314]],[[15.212,-4.34],[15.212,-4.339],[15.212,-4.339],[15.212,-4.34]],[[15.21,-4.335],[15.21,-4.335],[15.21,-4.335],[15.21,-4.335]],[[15.212,-4.334],[15.212,-4.334],[15.212,-4.333],[15.212,-4.334]],[[15.191,-4.335],[15.205,-4.342],[15.21,-4.329],[15.199,-4.325],[15.191,-4.335]],[[15.213,-4.333],[15.213,-4.333],[15.213,-4.333],[15.213,-4.333]],[[15.209,-4.333],[15.209,-4.333],[15.209,-4.332],[15.209,-4.333]],[[15.203,-4.326],[15.203,-4.326],[15.202,-4.326],[15.203,-4.326]],[[15.214,-4.325],[15.215,-4.325],[15.215,-4.325],[15.214,-4.325]],[[15.204,-4.318],[15.202,-4.319],[15.202,-4.32],[15.204,-4.318]],[[15.207,-4.319],[15.205,-4.319],[15.206,-4.32],[15.207,-4.319]],[[15.198,-4.318],[15.199,-4.319],[15.201,-4.316],[15.198,-4.318]],[[15.228,-4.332],[15.228,-4.332],[15.228,-4.332],[15.228,-4.332]],[[15.229,-4.326],[15.23,-4.327],[15.23,-4.326],[15.229,-4.326]],[[15.215,-4.325],[15.215,-4.326],[15.215,-4.326],[15.215,-4.325]],[[15.215,-4.325],[15.215,-4.325],[15.215,-4.325],[15.215,-4.325]],[[15.217,-4.325],[15.217,-4.325],[15.217,-4.325],[15.217,-4.325]],[[15.227,-4.314],[15.227,-4.314],[15.227,-4.314],[15.227,-4.314]],[[15.219,-4.314],[15.219,-4.314],[15.219,-4.314],[15.219,-4.314]],[[15.22,-4.313],[15.22,-4.314],[15.22,-4.314],[15.22,-4.313]],[[15.225,-4.313],[15.225,-4.312],[15.225,-4.313],[15.225,-4.313]],[[15.226,-4.312],[15.225,-4.312],[15.225,-4.312],[15.226,-4.312]],[[15.225,-4.31],[15.225,-4.31],[15.225,-4.31],[15.225,-4.31]],[[15.226,-4.31],[15.226,-4.31],[15.226,-4.31],[15.226,-4.31]],[[15.225,-4.31],[15.225,-4.31],[15.225,-4.31],[15.225,-4.31]],[[15.227,-4.31],[15.227,-4.31],[15.227,-4.31],[15.227,-4.31]],[[15.226,-4.31],[15.226,-4.31],[15.227,-4.31],[15.227,-4.31],[15.226,-4.31]],[[15.225,-4.309],[15.225,-4.31],[15.226,-4.31],[15.226,-4.31],[15.225,-4.309]],[[15.226,-4.31],[15.226,-4.31],[15.226,-4.31],[15.226,-4.31]],[[15.226,-4.309],[15.226,-4.309],[15.226,-4.309],[15.226,-4.309]],[[15.228,-4.31],[15.228,-4.31],[15.228,-4.311],[15.228,-4.31]],[[15.229,-4.31],[15.229,-4.31],[15.229,-4.31],[15.229,-4.31]],[[15.228,-4.31],[15.228,-4.31],[15.229,-4.31],[15.228,-4.31]],[[15.228,-4.309],[15.228,-4.309],[15.228,-4.31],[15.228,-4.309]],[[15.229,-4.309],[15.229,-4.309],[15.229,-4.309],[15.229,-4.309]],[[15.229,-4.309],[15.229,-4.308],[15.229,-4.309],[15.229,-4.309]],[[15.229,-4.308],[15.228,-4.309],[15.228,-4.309],[15.229,-4.308]],[[15.23,-4.307],[15.229,-4.307],[15.229,-4.308],[15.23,-4.307]],[[15.208,-4.301],[15.207,-4.302],[15.208,-4.302],[15.208,-4.301]],[[15.368,-4.325],[15.371,-4.331],[15.374,-4.328],[15.369,-4.325],[15.368,-4.325],[15.366,-4.326],[15.368,-4.325]],[[15.376,-4.329],[15.379,-4.332],[15.378,-4.332],[15.377,-4.333],[15.377,-4.333],[15.377,-4.333],[15.379,-4.332],[15.379,-4.331],[15.376,-4.329]],[[15.374,-4.339],[15.373,-4.335],[15.37,-4.334],[15.373,-4.338],[15.37,-4.341],[15.374,-4.339]],[[15.375,-4.336],[15.374,-4.334],[15.375,-4.336],[15.375,-4.336]],[[15.377,-4.333],[15.375,-4.333],[15.377,-4.334],[15.375,-4.336],[15.376,-4.335],[15.377,-4.333]],[[15.375,-4.338],[15.375,-4.337],[15.375,-4.337],[15.375,-4.338]],[[15.378,-4.333],[15.379,-4.333],[15.379,-4.333],[15.378,-4.333]],[[15.378,-4.333],[15.378,-4.333],[15.378,-4.333],[15.378,-4.333]],[[15.376,-4.337],[15.377,-4.338],[15.377,-4.337],[15.376,-4.337]],[[15.375,-4.337],[15.375,-4.337],[15.375,-4.337],[15.375,-4.337]],[[15.376,-4.337],[15.376,-4.337],[15.376,-4.337],[15.376,-4.337]],[[15.377,-4.337],[15.377,-4.337],[15.377,-4.337],[15.377,-4.337]],[[15.377,-4.337],[15.377,-4.337],[15.377,-4.337],[15.377,-4.337]],[[15.377,-4.336],[15.377,-4.336],[15.377,-4.336],[15.377,-4.336]],[[15.374,-4.336],[15.374,-4.336],[15.375,-4.336],[15.374,-4.336]],[[15.367,-4.328],[15.367,-4.328],[15.367,-4.328],[15.367,-4.328]],[[15.367,-4.328],[15.367,-4.328],[15.367,-4.328],[15.367,-4.328]],[[15.361,-4.34],[15.361,-4.34],[15.361,-4.34],[15.361,-4.34]],[[15.361,-4.339],[15.361,-4.339],[15.361,-4.339],[15.361,-4.339]],[[15.36,-4.337],[15.361,-4.338],[15.361,-4.337],[15.36,-4.337]],[[15.361,-4.337],[15.362,-4.337],[15.362,-4.337],[15.361,-4.337]],[[15.367,-4.336],[15.368,-4.336],[15.368,-4.336],[15.367,-4.336]],[[15.367,-4.336],[15.367,-4.336],[15.367,-4.336],[15.367,-4.336]],[[15.365,-4.336],[15.366,-4.336],[15.365,-4.335],[15.365,-4.336]],[[15.368,-4.336],[15.368,-4.336],[15.368,-4.336],[15.368,-4.336]],[[15.365,-4.336],[15.366,-4.336],[15.366,-4.336],[15.365,-4.336]],[[15.364,-4.336],[15.364,-4.335],[15.364,-4.335],[15.364,-4.336]],[[15.368,-4.335],[15.367,-4.335],[15.368,-4.335],[15.368,-4.335]],[[15.363,-4.335],[15.363,-4.335],[15.363,-4.335],[15.363,-4.335]],[[15.363,-4.335],[15.363,-4.334],[15.363,-4.334],[15.363,-4.335]],[[15.364,-4.334],[15.364,-4.335],[15.364,-4.334],[15.364,-4.334]],[[15.364,-4.334],[15.364,-4.334],[15.364,-4.334],[15.364,-4.334]],[[15.368,-4.334],[15.369,-4.334],[15.369,-4.334],[15.368,-4.334]],[[15.369,-4.334],[15.369,-4.333],[15.369,-4.334],[15.369,-4.334]],[[15.363,-4.333],[15.363,-4.333],[15.364,-4.333],[15.363,-4.333]],[[15.362,-4.333],[15.362,-4.333],[15.362,-4.333],[15.362,-4.333]],[[15.363,-4.333],[15.363,-4.332],[15.363,-4.332],[15.363,-4.333]],[[15.367,-4.332],[15.367,-4.332],[15.367,-4.332],[15.367,-4.332]],[[15.368,-4.331],[15.369,-4.332],[15.368,-4.331],[15.368,-4.331]],[[15.366,-4.331],[15.366,-4.33],[15.365,-4.33],[15.366,-4.331]],[[15.371,-4.335],[15.369,-4.335],[15.369,-4.335],[15.368,-4.335],[15.369,-4.336],[15.371,-4.335]],[[15.369,-4.334],[15.369,-4.335],[15.369,-4.335],[15.369,-4.334]],[[15.373,-4.335],[15.373,-4.334],[15.373,-4.335],[15.373,-4.335]],[[15.373,-4.334],[15.373,-4.334],[15.373,-4.334],[15.373,-4.334]],[[15.373,-4.333],[15.373,-4.334],[15.373,-4.333],[15.373,-4.333]],[[15.374,-4.332],[15.373,-4.332],[15.373,-4.332],[15.374,-4.333],[15.374,-4.332]],[[15.372,-4.331],[15.372,-4.332],[15.372,-4.332],[15.37,-4.333],[15.371,-4.332],[15.369,-4.331],[15.369,-4.331],[15.37,-4.334],[15.372,-4.333],[15.372,-4.331]],[[15.373,-4.333],[15.373,-4.332],[15.373,-4.333],[15.373,-4.333]],[[15.372,-4.332],[15.372,-4.332],[15.372,-4.332],[15.372,-4.332]],[[15.372,-4.332],[15.372,-4.332],[15.372,-4.332],[15.372,-4.332]],[[15.369,-4.332],[15.369,-4.332],[15.369,-4.331],[15.369,-4.332]],[[15.374,-4.332],[15.374,-4.332],[15.374,-4.331],[15.374,-4.332]],[[15.374,-4.331],[15.374,-4.332],[15.374,-4.331],[15.374,-4.331]],[[15.371,-4.331],[15.37,-4.331],[15.37,-4.331],[15.371,-4.331]],[[15.369,-4.331],[15.369,-4.331],[15.369,-4.331],[15.369,-4.331]],[[15.371,-4.331],[15.371,-4.331],[15.371,-4.331],[15.371,-4.331]],[[15.371,-4.331],[15.371,-4.331],[15.371,-4.331],[15.371,-4.331]],[[15.369,-4.331],[15.369,-4.331],[15.369,-4.331],[15.369,-4.331]],[[15.373,-4.331],[15.373,-4.33],[15.373,-4.331],[15.373,-4.331]],[[15.374,-4.33],[15.374,-4.33],[15.374,-4.33],[15.374,-4.33]],[[15.374,-4.33],[15.374,-4.33],[15.374,-4.33],[15.374,-4.33]],[[15.373,-4.326],[15.374,-4.326],[15.373,-4.326],[15.373,-4.326]],[[15.373,-4.326],[15.373,-4.326],[15.373,-4.326],[15.373,-4.326]],[[15.374,-4.334],[15.374,-4.334],[15.374,-4.334],[15.374,-4.334]],[[15.375,-4.334],[15.375,-4.334],[15.375,-4.334],[15.375,-4.334]],[[15.375,-4.333],[15.375,-4.333],[15.375,-4.333],[15.375,-4.333]],[[15.376,-4.333],[15.375,-4.333],[15.376,-4.333],[15.376,-4.333]],[[15.374,-4.333],[15.374,-4.332],[15.374,-4.332],[15.374,-4.333]],[[15.377,-4.332],[15.376,-4.332],[15.377,-4.332],[15.377,-4.332]],[[15.376,-4.332],[15.376,-4.332],[15.376,-4.332],[15.376,-4.332]],[[15.375,-4.332],[15.375,-4.332],[15.375,-4.332],[15.375,-4.332]],[[15.377,-4.332],[15.377,-4.332],[15.377,-4.332],[15.377,-4.332]],[[15.376,-4.332],[15.376,-4.332],[15.377,-4.332],[15.376,-4.332]],[[15.375,-4.332],[15.375,-4.332],[15.375,-4.332],[15.375,-4.332]],[[15.374,-4.331],[15.375,-4.332],[15.374,-4.331],[15.374,-4.331]],[[15.378,-4.332],[15.378,-4.332],[15.378,-4.332],[15.378,-4.332]],[[15.375,-4.331],[15.376,-4.332],[15.376,-4.332],[15.375,-4.331]],[[15.375,-4.331],[15.375,-4.331],[15.374,-4.331],[15.375,-4.331]],[[15.375,-4.33],[15.375,-4.331],[15.375,-4.33],[15.375,-4.33]],[[15.375,-4.33],[15.375,-4.33],[15.375,-4.33],[15.375,-4.33]],[[15.374,-4.33],[15.374,-4.33],[15.374,-4.33],[15.374,-4.33]],[[15.375,-4.33],[15.376,-4.329],[15.375,-4.329],[15.375,-4.329],[15.375,-4.33]],[[15.374,-4.33],[15.374,-4.33],[15.374,-4.33],[15.374,-4.33]],[[15.375,-4.329],[15.376,-4.329],[15.375,-4.329],[15.375,-4.329]],[[15.374,-4.328],[15.374,-4.327],[15.374,-4.328],[15.374,-4.328]],[[15.356,-4.242],[15.357,-4.235],[15.358,-4.238],[15.355,-4.246],[15.35,-4.25],[15.344,-4.252],[15.349,-4.252],[15.354,-4.249],[15.36,-4.249],[15.362,-4.247],[15.37,-4.242],[15.368,-4.235],[15.369,-4.231],[15.373,-4.227],[15.376,-4.226],[15.378,-4.218],[15.381,-4.215],[15.379,-4.215],[15.377,-4.214],[15.375,-4.215],[15.37,-4.225],[15.367,-4.228],[15.362,-4.23],[15.357,-4.228],[15.354,-4.23],[15.356,-4.242]],[[15.368,-4.244],[15.375,-4.241],[15.377,-4.24],[15.381,-4.243],[15.375,-4.241],[15.373,-4.243],[15.367,-4.245],[15.36,-4.25],[15.347,-4.253],[15.342,-4.252],[15.333,-4.26],[15.325,-4.26],[15.313,-4.272],[15.328,-4.268],[15.34,-4.273],[15.355,-4.273],[15.367,-4.276],[15.372,-4.279],[15.377,-4.28],[15.372,-4.28],[15.374,-4.281],[15.377,-4.28],[15.381,-4.28],[15.403,-4.285],[15.419,-4.278],[15.417,-4.28],[15.421,-4.28],[15.418,-4.281],[15.424,-4.28],[15.43,-4.275],[15.431,-4.272],[15.435,-4.267],[15.438,-4.265],[15.439,-4.265],[15.442,-4.264],[15.444,-4.265],[15.448,-4.26],[15.448,-4.263],[15.451,-4.256],[15.455,-4.249],[15.46,-4.245],[15.461,-4.245],[15.46,-4.246],[15.457,-4.247],[15.464,-4.245],[15.466,-4.234],[15.474,-4.225],[15.475,-4.206],[15.483,-4.181],[15.479,-4.165],[15.48,-4.163],[15.474,-4.156],[15.47,-4.141],[15.457,-4.141],[15.436,-4.134],[15.434,-4.138],[15.44,-4.146],[15.433,-4.151],[15.427,-4.15],[15.422,-4.157],[15.396,-4.171],[15.397,-4.176],[15.394,-4.176],[15.393,-4.175],[15.391,-4.178],[15.389,-4.179],[15.388,-4.185],[15.384,-4.19],[15.38,-4.192],[15.383,-4.194],[15.385,-4.2],[15.386,-4.211],[15.387,-4.208],[15.387,-4.208],[15.387,-4.212],[15.39,-4.209],[15.391,-4.209],[15.388,-4.212],[15.379,-4.217],[15.377,-4.226],[15.369,-4.232],[15.371,-4.241],[15.37,-4.242],[15.368,-4.244]],[[15.352,-4.23],[15.352,-4.231],[15.352,-4.232],[15.352,-4.23]],[[15.352,-4.229],[15.352,-4.23],[15.352,-4.229],[15.352,-4.229]],[[15.354,-4.229],[15.358,-4.227],[15.362,-4.229],[15.367,-4.227],[15.369,-4.223],[15.37,-4.219],[15.371,-4.217],[15.378,-4.207],[15.375,-4.2],[15.372,-4.202],[15.366,-4.203],[15.365,-4.206],[15.359,-4.213],[15.363,-4.219],[15.362,-4.222],[15.36,-4.225],[15.353,-4.226],[15.352,-4.232],[15.354,-4.229]],[[15.369,-4.198],[15.367,-4.201],[15.371,-4.202],[15.377,-4.197],[15.376,-4.19],[15.378,-4.187],[15.385,-4.185],[15.385,-4.185],[15.385,-4.182],[15.385,-4.181],[15.386,-4.18],[15.386,-4.177],[15.386,-4.18],[15.39,-4.169],[15.374,-4.17],[15.367,-4.179],[15.365,-4.181],[15.365,-4.182],[15.365,-4.185],[15.366,-4.183],[15.369,-4.185],[15.359,-4.192],[15.358,-4.198],[15.365,-4.203],[15.369,-4.198]],[[15.388,-4.179],[15.392,-4.175],[15.396,-4.176],[15.396,-4.171],[15.399,-4.169],[15.39,-4.169],[15.388,-4.179]],[[15.381,-4.215],[15.381,-4.215],[15.381,-4.215],[15.381,-4.215]],[[15.366,-4.244],[15.366,-4.245],[15.368,-4.244],[15.366,-4.244]],[[15.369,-4.237],[15.37,-4.238],[15.369,-4.237],[15.369,-4.237]],[[15.385,-4.213],[15.385,-4.202],[15.38,-4.193],[15.38,-4.195],[15.378,-4.198],[15.376,-4.199],[15.378,-4.207],[15.372,-4.217],[15.377,-4.214],[15.385,-4.213]],[[15.369,-4.224],[15.367,-4.228],[15.372,-4.221],[15.372,-4.216],[15.369,-4.224]],[[15.377,-4.189],[15.379,-4.196],[15.38,-4.191],[15.388,-4.185],[15.387,-4.18],[15.386,-4.181],[15.386,-4.184],[15.384,-4.186],[15.377,-4.189]],[[15.385,-4.184],[15.385,-4.184],[15.385,-4.185],[15.385,-4.184]],[[15.388,-4.18],[15.388,-4.18],[15.388,-4.181],[15.388,-4.18]],[[15.384,-4.337],[15.396,-4.343],[15.41,-4.342],[15.408,-4.342],[15.402,-4.339],[15.394,-4.334],[15.392,-4.335],[15.382,-4.327],[15.374,-4.325],[15.384,-4.337]],[[15.379,-4.335],[15.379,-4.335],[15.379,-4.335],[15.379,-4.335]],[[15.374,-4.326],[15.374,-4.326],[15.374,-4.326],[15.374,-4.326]],[[15.304,-4.234],[15.306,-4.237],[15.306,-4.234],[15.306,-4.232],[15.304,-4.234]],[[15.322,-4.218],[15.321,-4.225],[15.325,-4.219],[15.327,-4.217],[15.325,-4.218],[15.322,-4.222],[15.324,-4.217],[15.322,-4.218]],[[15.316,-4.213],[15.317,-4.21],[15.317,-4.207],[15.315,-4.211],[15.316,-4.213]],[[15.319,-4.209],[15.32,-4.206],[15.319,-4.208],[15.319,-4.209]],[[15.341,-4.195],[15.337,-4.199],[15.342,-4.196],[15.341,-4.195]],[[15.357,-4.188],[15.352,-4.19],[15.359,-4.188],[15.357,-4.188]],[[15.344,-4.185],[15.342,-4.188],[15.346,-4.191],[15.344,-4.188],[15.344,-4.185]],[[15.363,-4.187],[15.362,-4.185],[15.362,-4.187],[15.363,-4.187]],[[15.353,-4.183],[15.358,-4.18],[15.355,-4.18],[15.353,-4.183]],[[15.333,-4.182],[15.332,-4.179],[15.331,-4.182],[15.333,-4.182]],[[15.329,-4.182],[15.332,-4.178],[15.334,-4.176],[15.332,-4.177],[15.33,-4.178],[15.329,-4.182]],[[15.338,-4.18],[15.34,-4.176],[15.34,-4.178],[15.34,-4.177],[15.341,-4.175],[15.335,-4.177],[15.333,-4.181],[15.338,-4.18]],[[15.355,-4.179],[15.356,-4.177],[15.356,-4.176],[15.355,-4.179]],[[15.341,-4.178],[15.338,-4.181],[15.341,-4.18],[15.347,-4.171],[15.345,-4.171],[15.346,-4.172],[15.342,-4.172],[15.34,-4.173],[15.339,-4.174],[15.342,-4.173],[15.341,-4.178]],[[15.364,-4.176],[15.365,-4.177],[15.367,-4.175],[15.364,-4.175],[15.364,-4.176]],[[15.362,-4.169],[15.357,-4.178],[15.361,-4.177],[15.361,-4.18],[15.362,-4.174],[15.365,-4.172],[15.362,-4.169]],[[15.325,-4.18],[15.329,-4.172],[15.328,-4.169],[15.327,-4.173],[15.327,-4.171],[15.326,-4.172],[15.325,-4.18]],[[15.341,-4.171],[15.34,-4.171],[15.339,-4.172],[15.341,-4.171]],[[15.333,-4.171],[15.338,-4.164],[15.332,-4.171],[15.333,-4.171]],[[15.353,-4.156],[15.351,-4.157],[15.353,-4.157],[15.353,-4.156]],[[15.451,-4.323],[15.454,-4.324],[15.458,-4.319],[15.458,-4.322],[15.464,-4.319],[15.457,-4.318],[15.451,-4.323]],[[15.395,-4.298],[15.396,-4.299],[15.396,-4.298],[15.395,-4.298]],[[15.387,-4.298],[15.393,-4.299],[15.393,-4.298],[15.39,-4.298],[15.387,-4.298]],[[15.381,-4.294],[15.385,-4.294],[15.38,-4.293],[15.381,-4.294]],[[15.428,-4.289],[15.426,-4.295],[15.434,-4.291],[15.431,-4.289],[15.428,-4.289]],[[15.474,-4.288],[15.471,-4.289],[15.47,-4.29],[15.474,-4.288]],[[15.397,-4.288],[15.396,-4.289],[15.397,-4.29],[15.397,-4.288]],[[15.389,-4.286],[15.386,-4.29],[15.39,-4.29],[15.389,-4.286]],[[15.393,-4.286],[15.395,-4.29],[15.394,-4.288],[15.393,-4.286]],[[15.402,-4.287],[15.4,-4.289],[15.405,-4.288],[15.405,-4.286],[15.396,-4.286],[15.402,-4.287]],[[15.411,-4.284],[15.405,-4.289],[15.415,-4.285],[15.411,-4.284]],[[15.461,-4.286],[15.465,-4.279],[15.463,-4.277],[15.459,-4.282],[15.461,-4.28],[15.463,-4.28],[15.465,-4.281],[15.451,-4.29],[15.461,-4.286]],[[15.383,-4.282],[15.377,-4.28],[15.375,-4.282],[15.383,-4.282]],[[15.437,-4.278],[15.433,-4.274],[15.428,-4.279],[15.437,-4.278]],[[15.444,-4.277],[15.446,-4.274],[15.439,-4.279],[15.442,-4.279],[15.444,-4.277]],[[15.432,-4.273],[15.431,-4.274],[15.433,-4.272],[15.432,-4.273]],[[15.467,-4.277],[15.467,-4.282],[15.474,-4.267],[15.472,-4.264],[15.471,-4.269],[15.46,-4.277],[15.46,-4.279],[15.463,-4.277],[15.467,-4.277]],[[15.444,-4.268],[15.445,-4.265],[15.443,-4.268],[15.444,-4.268]],[[15.45,-4.26],[15.453,-4.261],[15.453,-4.256],[15.45,-4.26]],[[15.369,-4.171],[15.366,-4.171],[15.364,-4.174],[15.367,-4.173],[15.369,-4.171]],[[15.498,-4.305],[15.499,-4.304],[15.5,-4.303],[15.498,-4.305]],[[15.477,-4.285],[15.474,-4.285],[15.473,-4.286],[15.477,-4.285]],[[15.472,-4.277],[15.473,-4.276],[15.473,-4.276],[15.472,-4.277]],[[15.508,-4.279],[15.511,-4.275],[15.51,-4.274],[15.508,-4.279]],[[15.542,-4.263],[15.54,-4.261],[15.54,-4.264],[15.542,-4.263]],[[15.501,-4.255],[15.501,-4.251],[15.497,-4.253],[15.501,-4.255]],[[15.496,-4.251],[15.497,-4.252],[15.498,-4.251],[15.496,-4.251]],[[15.485,-4.255],[15.486,-4.245],[15.484,-4.245],[15.485,-4.255]],[[15.509,-4.248],[15.505,-4.246],[15.506,-4.249],[15.509,-4.248]],[[15.5,-4.247],[15.497,-4.245],[15.497,-4.247],[15.5,-4.247]],[[15.493,-4.227],[15.488,-4.232],[15.49,-4.23],[15.487,-4.23],[15.487,-4.238],[15.492,-4.233],[15.493,-4.227]],[[15.517,-4.23],[15.518,-4.226],[15.518,-4.236],[15.52,-4.22],[15.517,-4.223],[15.516,-4.228],[15.516,-4.229],[15.517,-4.23]],[[15.491,-4.227],[15.489,-4.222],[15.485,-4.225],[15.486,-4.228],[15.491,-4.227]],[[15.479,-4.225],[15.482,-4.221],[15.477,-4.218],[15.476,-4.228],[15.478,-4.231],[15.477,-4.229],[15.479,-4.229],[15.479,-4.227],[15.48,-4.226],[15.478,-4.225],[15.479,-4.229],[15.477,-4.225],[15.479,-4.22],[15.479,-4.225]],[[15.483,-4.209],[15.482,-4.213],[15.483,-4.217],[15.486,-4.21],[15.482,-4.204],[15.477,-4.213],[15.479,-4.215],[15.483,-4.209]],[[15.489,-4.176],[15.484,-4.179],[15.485,-4.187],[15.486,-4.184],[15.489,-4.182],[15.489,-4.176]],[[15.506,-4.151],[15.507,-4.149],[15.506,-4.152],[15.506,-4.151]],[[15.516,-4.142],[15.515,-4.142],[15.517,-4.142],[15.516,-4.142]],[[15.518,-4.142],[15.519,-4.139],[15.517,-4.142],[15.518,-4.142]],[[15.516,-4.14],[15.518,-4.14],[15.519,-4.137],[15.517,-4.139],[15.516,-4.14]],[[15.261,-4.323],[15.261,-4.323],[15.262,-4.323],[15.261,-4.323],[15.261,-4.323]],[[15.262,-4.322],[15.263,-4.322],[15.263,-4.322],[15.262,-4.322]],[[15.325,-4.301],[15.325,-4.302],[15.325,-4.301],[15.325,-4.301]],[[15.296,-4.3],[15.296,-4.3],[15.296,-4.3],[15.296,-4.3]],[[15.322,-4.297],[15.322,-4.297],[15.322,-4.297],[15.322,-4.297]],[[15.322,-4.297],[15.322,-4.296],[15.321,-4.296],[15.322,-4.297]],[[15.3,-4.295],[15.3,-4.296],[15.3,-4.296],[15.3,-4.295]],[[15.299,-4.295],[15.299,-4.295],[15.299,-4.295],[15.299,-4.295]],[[15.3,-4.295],[15.299,-4.295],[15.3,-4.295],[15.3,-4.295]],[[15.305,-4.295],[15.303,-4.294],[15.3,-4.295],[15.305,-4.295]],[[15.3,-4.295],[15.3,-4.295],[15.3,-4.295],[15.3,-4.295]],[[15.305,-4.294],[15.305,-4.294],[15.305,-4.295],[15.305,-4.294]],[[15.319,-4.294],[15.32,-4.294],[15.32,-4.293],[15.319,-4.294]],[[15.306,-4.293],[15.306,-4.293],[15.306,-4.293],[15.306,-4.293]],[[15.329,-4.289],[15.331,-4.29],[15.331,-4.289],[15.329,-4.289]],[[15.282,-4.282],[15.282,-4.282],[15.282,-4.281],[15.282,-4.282]],[[15.282,-4.282],[15.283,-4.281],[15.282,-4.281],[15.282,-4.282]],[[15.29,-4.276],[15.29,-4.276],[15.288,-4.277],[15.29,-4.276]],[[15.304,-4.272],[15.31,-4.264],[15.311,-4.261],[15.311,-4.26],[15.311,-4.26],[15.304,-4.272]],[[15.341,-4.251],[15.33,-4.254],[15.327,-4.257],[15.333,-4.258],[15.341,-4.251]],[[15.302,-4.238],[15.301,-4.239],[15.302,-4.239],[15.302,-4.238]],[[15.302,-4.238],[15.302,-4.238],[15.302,-4.238],[15.302,-4.238]],[[15.302,-4.238],[15.302,-4.238],[15.302,-4.238],[15.302,-4.238]],[[15.307,-4.244],[15.31,-4.234],[15.311,-4.237],[15.309,-4.243],[15.316,-4.235],[15.312,-4.231],[15.313,-4.226],[15.308,-4.225],[15.304,-4.23],[15.31,-4.232],[15.306,-4.234],[15.307,-4.244]],[[15.302,-4.234],[15.303,-4.235],[15.303,-4.234],[15.302,-4.234]],[[15.325,-4.2],[15.326,-4.201],[15.325,-4.2],[15.325,-4.2]],[[15.317,-4.193],[15.316,-4.193],[15.316,-4.193],[15.317,-4.193]],[[15.315,-4.192],[15.316,-4.193],[15.316,-4.192],[15.315,-4.192]],[[15.33,-4.183],[15.325,-4.199],[15.326,-4.201],[15.33,-4.198],[15.332,-4.19],[15.334,-4.192],[15.34,-4.183],[15.33,-4.183]],[[15.316,-4.192],[15.316,-4.191],[15.317,-4.191],[15.316,-4.192]],[[15.316,-4.189],[15.316,-4.19],[15.317,-4.19],[15.316,-4.189]],[[15.317,-4.189],[15.319,-4.188],[15.318,-4.188],[15.316,-4.189],[15.317,-4.189]],[[15.319,-4.188],[15.319,-4.188],[15.319,-4.188],[15.319,-4.188]],[[15.323,-4.181],[15.323,-4.181],[15.323,-4.182],[15.323,-4.181]],[[15.325,-4.178],[15.325,-4.177],[15.325,-4.177],[15.325,-4.178]],[[15.327,-4.171],[15.327,-4.171],[15.327,-4.171],[15.327,-4.171]],[[15.327,-4.169],[15.327,-4.17],[15.326,-4.17],[15.327,-4.17],[15.327,-4.169]],[[15.348,-4.325],[15.348,-4.324],[15.348,-4.325],[15.348,-4.325]],[[15.347,-4.324],[15.348,-4.324],[15.348,-4.324],[15.347,-4.324]],[[15.348,-4.323],[15.347,-4.322],[15.346,-4.323],[15.348,-4.323]],[[15.345,-4.323],[15.345,-4.323],[15.345,-4.323],[15.345,-4.323]],[[15.346,-4.322],[15.346,-4.322],[15.346,-4.322],[15.346,-4.322]],[[15.347,-4.322],[15.346,-4.322],[15.347,-4.322],[15.347,-4.322]],[[15.348,-4.321],[15.348,-4.321],[15.348,-4.321],[15.348,-4.321]],[[15.348,-4.321],[15.348,-4.321],[15.348,-4.321],[15.348,-4.321]],[[15.346,-4.321],[15.346,-4.321],[15.346,-4.32],[15.346,-4.321]],[[15.348,-4.321],[15.348,-4.321],[15.348,-4.321],[15.348,-4.321]],[[15.348,-4.32],[15.348,-4.32],[15.348,-4.32],[15.348,-4.32]],[[15.345,-4.32],[15.345,-4.321],[15.345,-4.321],[15.345,-4.32]],[[15.347,-4.32],[15.346,-4.32],[15.347,-4.321],[15.347,-4.32]],[[15.349,-4.32],[15.348,-4.32],[15.349,-4.32],[15.349,-4.32]],[[15.345,-4.32],[15.345,-4.32],[15.345,-4.32],[15.345,-4.32]],[[15.341,-4.32],[15.341,-4.32],[15.341,-4.32],[15.341,-4.32]],[[15.343,-4.319],[15.343,-4.32],[15.343,-4.32],[15.343,-4.319]],[[15.347,-4.32],[15.347,-4.319],[15.347,-4.319],[15.347,-4.32]],[[15.343,-4.319],[15.343,-4.32],[15.343,-4.319],[15.343,-4.319]],[[15.348,-4.319],[15.349,-4.319],[15.348,-4.319],[15.348,-4.319]],[[15.341,-4.319],[15.342,-4.319],[15.342,-4.319],[15.341,-4.319]],[[15.347,-4.319],[15.348,-4.319],[15.347,-4.319],[15.347,-4.319]],[[15.342,-4.319],[15.342,-4.319],[15.342,-4.319],[15.342,-4.319]],[[15.348,-4.319],[15.348,-4.319],[15.348,-4.319],[15.348,-4.319]],[[15.346,-4.32],[15.345,-4.317],[15.343,-4.318],[15.346,-4.32]],[[15.341,-4.318],[15.341,-4.319],[15.341,-4.318],[15.341,-4.318]],[[15.348,-4.319],[15.348,-4.318],[15.348,-4.318],[15.348,-4.319]],[[15.341,-4.317],[15.342,-4.317],[15.341,-4.317],[15.341,-4.317]],[[15.335,-4.314],[15.335,-4.314],[15.335,-4.314],[15.335,-4.314]],[[15.334,-4.313],[15.336,-4.315],[15.335,-4.314],[15.335,-4.313],[15.334,-4.313]],[[15.334,-4.309],[15.334,-4.309],[15.334,-4.309],[15.334,-4.309]],[[15.344,-4.251],[15.343,-4.251],[15.346,-4.251],[15.344,-4.251]],[[15.335,-4.232],[15.337,-4.243],[15.34,-4.24],[15.339,-4.238],[15.339,-4.227],[15.335,-4.232]],[[15.341,-4.169],[15.344,-4.162],[15.336,-4.172],[15.341,-4.169]],[[15.355,-4.157],[15.347,-4.16],[15.345,-4.166],[15.341,-4.17],[15.342,-4.17],[15.357,-4.161],[15.355,-4.157]],[[15.339,-4.16],[15.336,-4.161],[15.335,-4.162],[15.339,-4.16]],[[15.345,-4.157],[15.342,-4.158],[15.34,-4.159],[15.345,-4.157]],[[15.353,-4.324],[15.353,-4.324],[15.353,-4.324],[15.353,-4.324]],[[15.354,-4.324],[15.353,-4.324],[15.354,-4.324],[15.354,-4.324]],[[15.353,-4.324],[15.353,-4.324],[15.353,-4.324],[15.353,-4.324]],[[15.354,-4.324],[15.354,-4.324],[15.354,-4.323],[15.354,-4.324]],[[15.354,-4.323],[15.353,-4.323],[15.354,-4.323],[15.354,-4.323]],[[15.353,-4.323],[15.353,-4.323],[15.353,-4.323],[15.353,-4.323]],[[15.353,-4.322],[15.354,-4.322],[15.354,-4.322],[15.353,-4.322]],[[15.349,-4.322],[15.353,-4.323],[15.351,-4.321],[15.351,-4.321],[15.349,-4.322]],[[15.353,-4.322],[15.353,-4.322],[15.353,-4.322],[15.353,-4.322]],[[15.353,-4.322],[15.353,-4.322],[15.352,-4.322],[15.353,-4.322]],[[15.355,-4.321],[15.358,-4.322],[15.357,-4.321],[15.355,-4.321]],[[15.353,-4.322],[15.353,-4.322],[15.353,-4.322],[15.353,-4.322]],[[15.355,-4.321],[15.355,-4.321],[15.355,-4.322],[15.355,-4.321]],[[15.352,-4.321],[15.352,-4.321],[15.352,-4.321],[15.352,-4.321]],[[15.355,-4.321],[15.355,-4.321],[15.355,-4.321],[15.355,-4.321]],[[15.352,-4.321],[15.352,-4.321],[15.352,-4.321],[15.352,-4.321]],[[15.352,-4.321],[15.352,-4.321],[15.352,-4.321],[15.352,-4.321]],[[15.351,-4.321],[15.351,-4.321],[15.351,-4.321],[15.351,-4.321]],[[15.356,-4.321],[15.356,-4.321],[15.356,-4.321],[15.356,-4.321]],[[15.356,-4.321],[15.356,-4.32],[15.356,-4.32],[15.356,-4.321]],[[15.354,-4.319],[15.355,-4.32],[15.355,-4.32],[15.354,-4.319]],[[15.353,-4.319],[15.353,-4.32],[15.353,-4.32],[15.353,-4.319]],[[15.356,-4.319],[15.355,-4.319],[15.355,-4.319],[15.356,-4.319],[15.356,-4.319]],[[15.356,-4.319],[15.356,-4.319],[15.356,-4.319],[15.356,-4.319]],[[15.356,-4.319],[15.356,-4.319],[15.356,-4.319],[15.356,-4.319]],[[15.356,-4.319],[15.356,-4.319],[15.356,-4.319],[15.356,-4.319]],[[15.355,-4.319],[15.355,-4.318],[15.354,-4.318],[15.355,-4.319]],[[15.356,-4.319],[15.356,-4.318],[15.356,-4.318],[15.356,-4.319]],[[15.349,-4.318],[15.349,-4.318],[15.35,-4.319],[15.349,-4.318]],[[15.351,-4.318],[15.351,-4.318],[15.351,-4.318],[15.351,-4.318]],[[15.355,-4.318],[15.355,-4.318],[15.355,-4.318],[15.355,-4.318]],[[15.356,-4.318],[15.355,-4.318],[15.356,-4.318],[15.356,-4.318]],[[15.354,-4.318],[15.354,-4.318],[15.355,-4.318],[15.354,-4.318]],[[15.355,-4.318],[15.355,-4.318],[15.355,-4.318],[15.355,-4.318]],[[15.354,-4.318],[15.354,-4.318],[15.354,-4.318],[15.354,-4.318]],[[15.349,-4.274],[15.357,-4.279],[15.36,-4.278],[15.349,-4.274]],[[15.337,-4.244],[15.339,-4.243],[15.337,-4.249],[15.341,-4.251],[15.354,-4.244],[15.354,-4.239],[15.35,-4.232],[15.351,-4.229],[15.352,-4.225],[15.359,-4.22],[15.358,-4.213],[15.365,-4.205],[15.357,-4.197],[15.357,-4.194],[15.358,-4.192],[15.358,-4.191],[15.352,-4.19],[15.347,-4.196],[15.345,-4.214],[15.345,-4.213],[15.345,-4.214],[15.348,-4.214],[15.349,-4.214],[15.35,-4.215],[15.345,-4.214],[15.339,-4.227],[15.34,-4.239],[15.339,-4.242],[15.337,-4.244]],[[15.364,-4.324],[15.362,-4.324],[15.364,-4.324],[15.367,-4.324],[15.368,-4.323],[15.365,-4.324],[15.365,-4.323],[15.364,-4.324]],[[15.358,-4.322],[15.358,-4.322],[15.358,-4.322],[15.358,-4.322]],[[15.358,-4.321],[15.358,-4.322],[15.358,-4.322],[15.358,-4.321]],[[15.359,-4.321],[15.359,-4.321],[15.359,-4.321],[15.359,-4.321]],[[15.36,-4.321],[15.36,-4.321],[15.36,-4.321],[15.36,-4.321]],[[15.36,-4.321],[15.359,-4.321],[15.359,-4.321],[15.36,-4.321]],[[15.36,-4.321],[15.36,-4.321],[15.36,-4.321],[15.36,-4.321]],[[15.358,-4.321],[15.358,-4.321],[15.358,-4.321],[15.358,-4.321]],[[15.359,-4.321],[15.359,-4.321],[15.358,-4.321],[15.359,-4.321]],[[15.359,-4.321],[15.359,-4.321],[15.359,-4.321],[15.359,-4.321]],[[15.36,-4.321],[15.36,-4.321],[15.36,-4.321],[15.36,-4.321]],[[15.357,-4.321],[15.357,-4.321],[15.357,-4.321],[15.357,-4.321]],[[15.361,-4.32],[15.36,-4.321],[15.362,-4.321],[15.361,-4.32]],[[15.36,-4.321],[15.359,-4.321],[15.36,-4.321],[15.36,-4.321]],[[15.357,-4.321],[15.357,-4.321],[15.357,-4.321],[15.357,-4.321]],[[15.357,-4.321],[15.357,-4.32],[15.357,-4.32],[15.357,-4.321]],[[15.358,-4.32],[15.358,-4.321],[15.358,-4.32],[15.358,-4.32]],[[15.357,-4.32],[15.357,-4.32],[15.357,-4.32],[15.357,-4.32]],[[15.358,-4.321],[15.358,-4.32],[15.358,-4.32],[15.358,-4.321]],[[15.359,-4.319],[15.359,-4.319],[15.359,-4.319],[15.359,-4.319]],[[15.358,-4.319],[15.358,-4.319],[15.358,-4.319],[15.358,-4.319]],[[15.358,-4.319],[15.358,-4.319],[15.358,-4.319],[15.358,-4.319]],[[15.357,-4.319],[15.357,-4.319],[15.357,-4.319],[15.357,-4.319],[15.357,-4.319]],[[15.357,-4.319],[15.357,-4.319],[15.357,-4.319],[15.357,-4.319]],[[15.357,-4.318],[15.357,-4.319],[15.357,-4.318],[15.357,-4.318]],[[15.384,-4.304],[15.387,-4.305],[15.391,-4.305],[15.398,-4.301],[15.387,-4.3],[15.39,-4.301],[15.385,-4.302],[15.39,-4.304],[15.384,-4.304]],[[15.448,-4.29],[15.447,-4.289],[15.446,-4.29],[15.448,-4.29]],[[15.366,-4.28],[15.369,-4.282],[15.361,-4.28],[15.36,-4.282],[15.37,-4.287],[15.362,-4.285],[15.367,-4.289],[15.378,-4.289],[15.386,-4.285],[15.377,-4.285],[15.366,-4.28]],[[15.431,-4.288],[15.432,-4.285],[15.432,-4.286],[15.431,-4.288],[15.449,-4.289],[15.46,-4.281],[15.46,-4.276],[15.457,-4.275],[15.442,-4.279],[15.43,-4.28],[15.409,-4.288],[15.424,-4.286],[15.431,-4.288]],[[15.443,-4.265],[15.437,-4.266],[15.433,-4.27],[15.44,-4.27],[15.443,-4.265]],[[15.449,-4.264],[15.441,-4.271],[15.454,-4.262],[15.449,-4.264]],[[15.454,-4.259],[15.461,-4.258],[15.447,-4.269],[15.438,-4.272],[15.434,-4.272],[15.432,-4.275],[15.434,-4.273],[15.44,-4.274],[15.437,-4.275],[15.439,-4.279],[15.44,-4.278],[15.449,-4.272],[15.447,-4.275],[15.465,-4.273],[15.468,-4.267],[15.469,-4.267],[15.467,-4.264],[15.47,-4.26],[15.471,-4.26],[15.471,-4.244],[15.475,-4.237],[15.474,-4.236],[15.473,-4.229],[15.467,-4.235],[15.466,-4.244],[15.455,-4.25],[15.454,-4.259]],[[15.427,-4.139],[15.43,-4.141],[15.427,-4.15],[15.433,-4.15],[15.438,-4.146],[15.434,-4.138],[15.434,-4.135],[15.427,-4.139]],[[15.358,-4.187],[15.361,-4.186],[15.361,-4.185],[15.361,-4.184],[15.358,-4.187]],[[15.404,-4.16],[15.394,-4.159],[15.397,-4.162],[15.39,-4.165],[15.397,-4.165],[15.404,-4.16]],[[15.39,-4.138],[15.394,-4.137],[15.391,-4.142],[15.406,-4.136],[15.405,-4.133],[15.409,-4.136],[15.408,-4.131],[15.41,-4.124],[15.407,-4.127],[15.402,-4.128],[15.391,-4.129],[15.39,-4.138]],[[15.433,-4.11],[15.406,-4.109],[15.401,-4.123],[15.403,-4.121],[15.404,-4.118],[15.405,-4.117],[15.404,-4.121],[15.4,-4.124],[15.408,-4.121],[15.411,-4.121],[15.417,-4.115],[15.416,-4.118],[15.433,-4.121],[15.445,-4.124],[15.433,-4.11]],[[15.502,-4.316],[15.5,-4.318],[15.5,-4.319],[15.502,-4.316]],[[15.508,-4.317],[15.507,-4.317],[15.507,-4.317],[15.507,-4.317],[15.506,-4.318],[15.508,-4.317]],[[15.508,-4.315],[15.509,-4.316],[15.509,-4.316],[15.508,-4.315]],[[15.507,-4.316],[15.508,-4.316],[15.508,-4.316],[15.507,-4.316]],[[15.51,-4.315],[15.51,-4.316],[15.511,-4.315],[15.51,-4.315]],[[15.506,-4.314],[15.507,-4.315],[15.507,-4.314],[15.506,-4.314]],[[15.507,-4.314],[15.506,-4.312],[15.506,-4.314],[15.507,-4.314]],[[15.513,-4.306],[15.511,-4.307],[15.508,-4.315],[15.514,-4.311],[15.512,-4.31],[15.513,-4.306]],[[15.508,-4.309],[15.51,-4.31],[15.511,-4.306],[15.513,-4.305],[15.513,-4.303],[15.508,-4.309]],[[15.518,-4.307],[15.519,-4.306],[15.519,-4.306],[15.519,-4.306],[15.518,-4.307]],[[15.519,-4.305],[15.52,-4.303],[15.519,-4.305],[15.519,-4.305]],[[15.509,-4.303],[15.509,-4.304],[15.509,-4.303],[15.509,-4.303]],[[15.508,-4.303],[15.509,-4.303],[15.509,-4.302],[15.508,-4.303]],[[15.509,-4.301],[15.509,-4.302],[15.509,-4.301],[15.509,-4.301]],[[15.508,-4.301],[15.508,-4.301],[15.508,-4.301],[15.508,-4.301]],[[15.518,-4.302],[15.521,-4.298],[15.52,-4.303],[15.523,-4.301],[15.523,-4.298],[15.527,-4.29],[15.517,-4.298],[15.517,-4.298],[15.517,-4.297],[15.52,-4.294],[15.52,-4.293],[15.517,-4.294],[15.516,-4.302],[15.513,-4.31],[15.516,-4.309],[15.518,-4.302]],[[15.511,-4.3],[15.513,-4.298],[15.514,-4.297],[15.515,-4.297],[15.515,-4.295],[15.51,-4.299],[15.511,-4.3],[15.509,-4.303],[15.51,-4.304],[15.51,-4.302],[15.514,-4.302],[15.511,-4.3]],[[15.509,-4.299],[15.509,-4.297],[15.509,-4.298],[15.509,-4.299]],[[15.523,-4.301],[15.528,-4.292],[15.527,-4.291],[15.523,-4.301]],[[15.529,-4.289],[15.528,-4.29],[15.529,-4.29],[15.529,-4.289]],[[15.48,-4.283],[15.479,-4.282],[15.479,-4.283],[15.477,-4.283],[15.48,-4.283]],[[15.486,-4.277],[15.488,-4.273],[15.486,-4.274],[15.486,-4.277]],[[15.514,-4.269],[15.511,-4.273],[15.512,-4.274],[15.514,-4.269]],[[15.482,-4.282],[15.49,-4.263],[15.491,-4.266],[15.493,-4.264],[15.489,-4.256],[15.482,-4.282]],[[15.514,-4.257],[15.507,-4.262],[15.504,-4.269],[15.509,-4.266],[15.508,-4.265],[15.508,-4.263],[15.51,-4.265],[15.51,-4.265],[15.51,-4.266],[15.51,-4.266],[15.509,-4.267],[15.509,-4.267],[15.511,-4.264],[15.514,-4.257]],[[15.541,-4.257],[15.541,-4.26],[15.542,-4.259],[15.541,-4.257]],[[15.491,-4.245],[15.49,-4.251],[15.495,-4.262],[15.495,-4.249],[15.491,-4.242],[15.489,-4.245],[15.491,-4.245]],[[15.505,-4.243],[15.509,-4.247],[15.509,-4.237],[15.505,-4.243]],[[15.514,-4.228],[15.517,-4.232],[15.516,-4.226],[15.516,-4.222],[15.519,-4.217],[15.518,-4.214],[15.514,-4.228]],[[15.495,-4.244],[15.501,-4.237],[15.499,-4.235],[15.499,-4.234],[15.501,-4.237],[15.503,-4.228],[15.505,-4.229],[15.502,-4.222],[15.504,-4.221],[15.505,-4.228],[15.506,-4.222],[15.503,-4.199],[15.5,-4.217],[15.501,-4.217],[15.501,-4.219],[15.503,-4.219],[15.502,-4.219],[15.5,-4.217],[15.499,-4.222],[15.498,-4.231],[15.493,-4.24],[15.494,-4.245],[15.494,-4.241],[15.495,-4.244]],[[15.506,-4.152],[15.514,-4.164],[15.526,-4.173],[15.532,-4.144],[15.522,-4.13],[15.52,-4.14],[15.506,-4.152]],[[15.495,-4.138],[15.494,-4.144],[15.495,-4.146],[15.495,-4.138]],[[15.505,-4.141],[15.505,-4.149],[15.518,-4.135],[15.514,-4.121],[15.505,-4.141]],[[15.302,-4.273],[15.305,-4.27],[15.305,-4.267],[15.302,-4.273]],[[15.306,-4.268],[15.306,-4.268],[15.306,-4.267],[15.306,-4.268]],[[15.305,-4.267],[15.305,-4.267],[15.305,-4.267],[15.305,-4.267]],[[15.312,-4.262],[15.311,-4.262],[15.311,-4.264],[15.312,-4.262]],[[15.309,-4.257],[15.311,-4.258],[15.31,-4.256],[15.309,-4.257]],[[15.318,-4.253],[15.321,-4.251],[15.32,-4.25],[15.32,-4.251],[15.318,-4.253]],[[15.326,-4.247],[15.324,-4.246],[15.325,-4.25],[15.326,-4.247]],[[15.325,-4.245],[15.325,-4.244],[15.325,-4.246],[15.325,-4.245]],[[15.304,-4.241],[15.304,-4.24],[15.304,-4.242],[15.304,-4.241]],[[15.322,-4.237],[15.322,-4.237],[15.323,-4.237],[15.322,-4.237]],[[15.323,-4.237],[15.323,-4.237],[15.323,-4.237],[15.323,-4.237]],[[15.303,-4.233],[15.304,-4.232],[15.304,-4.231],[15.303,-4.233]],[[15.307,-4.232],[15.306,-4.232],[15.306,-4.232],[15.307,-4.232]],[[15.305,-4.232],[15.304,-4.232],[15.304,-4.232],[15.305,-4.232]],[[15.304,-4.232],[15.304,-4.231],[15.304,-4.231],[15.304,-4.232]],[[15.303,-4.231],[15.303,-4.231],[15.303,-4.231],[15.303,-4.231]],[[15.303,-4.231],[15.303,-4.23],[15.303,-4.23],[15.303,-4.231]],[[15.303,-4.23],[15.304,-4.229],[15.304,-4.229],[15.303,-4.23]],[[15.304,-4.228],[15.304,-4.229],[15.304,-4.228],[15.304,-4.228]],[[15.304,-4.229],[15.304,-4.228],[15.304,-4.229],[15.304,-4.229]],[[15.304,-4.228],[15.305,-4.228],[15.304,-4.228],[15.304,-4.228]],[[15.305,-4.228],[15.305,-4.228],[15.305,-4.228],[15.305,-4.228]],[[15.305,-4.227],[15.305,-4.228],[15.305,-4.227],[15.305,-4.227]],[[15.321,-4.227],[15.321,-4.226],[15.321,-4.227],[15.321,-4.227]],[[15.305,-4.227],[15.305,-4.227],[15.305,-4.227],[15.305,-4.227]],[[15.305,-4.226],[15.306,-4.226],[15.306,-4.226],[15.305,-4.226]],[[15.304,-4.226],[15.304,-4.226],[15.304,-4.226],[15.304,-4.226]],[[15.306,-4.226],[15.306,-4.226],[15.306,-4.226],[15.306,-4.226]],[[15.306,-4.226],[15.307,-4.225],[15.306,-4.226],[15.306,-4.226]],[[15.306,-4.225],[15.306,-4.225],[15.306,-4.225],[15.306,-4.225]],[[15.307,-4.225],[15.306,-4.225],[15.306,-4.225],[15.307,-4.225]],[[15.307,-4.225],[15.308,-4.225],[15.307,-4.225],[15.307,-4.225]],[[15.309,-4.225],[15.308,-4.225],[15.308,-4.225],[15.309,-4.225]],[[15.309,-4.224],[15.309,-4.224],[15.309,-4.224],[15.309,-4.224]],[[15.312,-4.225],[15.311,-4.223],[15.309,-4.224],[15.31,-4.225],[15.312,-4.225]],[[15.309,-4.224],[15.31,-4.223],[15.311,-4.223],[15.309,-4.223],[15.309,-4.224]],[[15.323,-4.223],[15.324,-4.223],[15.323,-4.223],[15.323,-4.223]],[[15.319,-4.222],[15.319,-4.223],[15.319,-4.223],[15.319,-4.223],[15.319,-4.222]],[[15.311,-4.223],[15.311,-4.222],[15.31,-4.223],[15.311,-4.223]],[[15.325,-4.222],[15.325,-4.222],[15.325,-4.222],[15.325,-4.222]],[[15.309,-4.222],[15.31,-4.222],[15.31,-4.221],[15.309,-4.222]],[[15.319,-4.221],[15.319,-4.222],[15.319,-4.222],[15.319,-4.221]],[[15.328,-4.217],[15.325,-4.222],[15.328,-4.219],[15.328,-4.217]],[[15.319,-4.22],[15.319,-4.219],[15.318,-4.22],[15.319,-4.22]],[[15.322,-4.218],[15.321,-4.22],[15.322,-4.218],[15.322,-4.218]],[[15.322,-4.217],[15.32,-4.217],[15.32,-4.219],[15.322,-4.217]],[[15.315,-4.213],[15.315,-4.213],[15.315,-4.212],[15.315,-4.213]],[[15.322,-4.208],[15.323,-4.207],[15.323,-4.206],[15.322,-4.208]],[[15.324,-4.21],[15.328,-4.208],[15.329,-4.203],[15.326,-4.208],[15.325,-4.205],[15.323,-4.206],[15.324,-4.21]],[[15.318,-4.206],[15.317,-4.206],[15.318,-4.207],[15.318,-4.206]],[[15.318,-4.207],[15.318,-4.205],[15.318,-4.206],[15.318,-4.207]],[[15.323,-4.204],[15.323,-4.202],[15.322,-4.204],[15.323,-4.204]],[[15.319,-4.204],[15.321,-4.204],[15.323,-4.201],[15.319,-4.204]],[[15.323,-4.202],[15.322,-4.203],[15.322,-4.203],[15.323,-4.202]],[[15.322,-4.194],[15.323,-4.193],[15.322,-4.193],[15.322,-4.194]],[[15.342,-4.318],[15.342,-4.318],[15.342,-4.318],[15.342,-4.318]],[[15.343,-4.317],[15.343,-4.318],[15.343,-4.317],[15.343,-4.317]],[[15.343,-4.311],[15.343,-4.311],[15.343,-4.311],[15.343,-4.311]],[[15.34,-4.309],[15.34,-4.309],[15.34,-4.309],[15.34,-4.309]],[[15.343,-4.251],[15.341,-4.251],[15.341,-4.252],[15.343,-4.251]],[[15.345,-4.251],[15.345,-4.251],[15.344,-4.251],[15.345,-4.251]],[[15.345,-4.25],[15.349,-4.249],[15.352,-4.247],[15.35,-4.247],[15.345,-4.25]],[[15.351,-4.246],[15.352,-4.246],[15.352,-4.246],[15.351,-4.246]],[[15.354,-4.246],[15.353,-4.247],[15.354,-4.245],[15.354,-4.246]],[[15.332,-4.245],[15.331,-4.245],[15.332,-4.245],[15.332,-4.245],[15.332,-4.245]],[[15.354,-4.245],[15.355,-4.245],[15.355,-4.243],[15.354,-4.245]],[[15.329,-4.241],[15.326,-4.246],[15.331,-4.247],[15.329,-4.241]],[[15.354,-4.24],[15.354,-4.241],[15.354,-4.24],[15.354,-4.24]],[[15.332,-4.24],[15.332,-4.24],[15.332,-4.24],[15.332,-4.24]],[[15.331,-4.24],[15.33,-4.239],[15.331,-4.24],[15.331,-4.24],[15.331,-4.24],[15.331,-4.24]],[[15.332,-4.238],[15.331,-4.239],[15.332,-4.239],[15.332,-4.238]],[[15.339,-4.239],[15.34,-4.237],[15.339,-4.237],[15.339,-4.239]],[[15.332,-4.238],[15.332,-4.238],[15.332,-4.238],[15.332,-4.238]],[[15.352,-4.234],[15.353,-4.235],[15.351,-4.233],[15.352,-4.234]],[[15.332,-4.228],[15.331,-4.228],[15.331,-4.228],[15.332,-4.228]],[[15.337,-4.226],[15.337,-4.228],[15.337,-4.226],[15.337,-4.226]],[[15.335,-4.223],[15.332,-4.226],[15.335,-4.229],[15.335,-4.223]],[[15.336,-4.225],[15.336,-4.225],[15.336,-4.226],[15.336,-4.225]],[[15.355,-4.225],[15.355,-4.225],[15.354,-4.225],[15.355,-4.225]],[[15.336,-4.223],[15.336,-4.224],[15.336,-4.223],[15.336,-4.223]],[[15.338,-4.221],[15.339,-4.218],[15.338,-4.223],[15.34,-4.217],[15.339,-4.214],[15.338,-4.221]],[[15.328,-4.218],[15.33,-4.216],[15.33,-4.215],[15.329,-4.216],[15.328,-4.218]],[[15.332,-4.213],[15.331,-4.214],[15.332,-4.213],[15.332,-4.213]],[[15.341,-4.214],[15.341,-4.213],[15.341,-4.213],[15.341,-4.214]],[[15.337,-4.207],[15.336,-4.209],[15.337,-4.209],[15.337,-4.207]],[[15.332,-4.2],[15.331,-4.201],[15.331,-4.201],[15.331,-4.201],[15.331,-4.201],[15.332,-4.2]],[[15.331,-4.2],[15.332,-4.199],[15.331,-4.199],[15.331,-4.2]],[[15.331,-4.198],[15.333,-4.197],[15.332,-4.197],[15.331,-4.198]],[[15.357,-4.195],[15.358,-4.198],[15.358,-4.194],[15.357,-4.195]],[[15.335,-4.194],[15.335,-4.197],[15.338,-4.194],[15.335,-4.194]],[[15.335,-4.191],[15.337,-4.19],[15.338,-4.189],[15.335,-4.191]],[[15.337,-4.189],[15.338,-4.188],[15.337,-4.189],[15.337,-4.189]],[[15.338,-4.187],[15.338,-4.187],[15.339,-4.187],[15.338,-4.187]],[[15.353,-4.186],[15.354,-4.184],[15.354,-4.183],[15.353,-4.183],[15.353,-4.186]],[[15.334,-4.182],[15.333,-4.182],[15.333,-4.182],[15.334,-4.182]],[[15.356,-4.179],[15.357,-4.179],[15.357,-4.178],[15.356,-4.179]],[[15.357,-4.178],[15.358,-4.179],[15.357,-4.178],[15.357,-4.178]],[[15.333,-4.178],[15.332,-4.179],[15.333,-4.179],[15.333,-4.178]],[[15.334,-4.177],[15.334,-4.177],[15.334,-4.177],[15.334,-4.177]],[[15.335,-4.176],[15.335,-4.176],[15.337,-4.176],[15.335,-4.176]],[[15.358,-4.175],[15.357,-4.174],[15.357,-4.174],[15.358,-4.175]],[[15.356,-4.173],[15.354,-4.174],[15.357,-4.173],[15.356,-4.173]],[[15.339,-4.173],[15.338,-4.173],[15.337,-4.174],[15.339,-4.173]],[[15.358,-4.172],[15.357,-4.173],[15.358,-4.173],[15.358,-4.172]],[[15.358,-4.171],[15.354,-4.171],[15.352,-4.172],[15.357,-4.173],[15.358,-4.171]],[[15.341,-4.16],[15.34,-4.16],[15.34,-4.161],[15.341,-4.16]],[[15.358,-4.161],[15.357,-4.159],[15.357,-4.162],[15.358,-4.161]],[[15.356,-4.156],[15.357,-4.155],[15.355,-4.156],[15.356,-4.156]],[[15.354,-4.155],[15.355,-4.155],[15.354,-4.155],[15.354,-4.155]],[[15.355,-4.154],[15.356,-4.154],[15.355,-4.154],[15.355,-4.154]],[[15.362,-4.325],[15.362,-4.325],[15.362,-4.325],[15.362,-4.325]],[[15.363,-4.325],[15.363,-4.325],[15.363,-4.325],[15.363,-4.325]],[[15.361,-4.325],[15.361,-4.325],[15.361,-4.324],[15.361,-4.325]],[[15.363,-4.325],[15.362,-4.325],[15.362,-4.325],[15.363,-4.325]],[[15.361,-4.324],[15.36,-4.325],[15.361,-4.325],[15.361,-4.324]],[[15.362,-4.324],[15.362,-4.324],[15.362,-4.324],[15.362,-4.324]],[[15.36,-4.324],[15.36,-4.324],[15.36,-4.324],[15.36,-4.324]],[[15.362,-4.324],[15.362,-4.324],[15.362,-4.324],[15.362,-4.324]],[[15.362,-4.324],[15.362,-4.324],[15.362,-4.324],[15.362,-4.324]],[[15.361,-4.324],[15.361,-4.324],[15.361,-4.324],[15.361,-4.324]],[[15.363,-4.324],[15.363,-4.324],[15.363,-4.324],[15.363,-4.324]],[[15.362,-4.324],[15.362,-4.324],[15.361,-4.324],[15.361,-4.324],[15.362,-4.324]],[[15.36,-4.324],[15.359,-4.323],[15.359,-4.324],[15.36,-4.324]],[[15.362,-4.324],[15.362,-4.324],[15.362,-4.324],[15.362,-4.324]],[[15.364,-4.323],[15.363,-4.323],[15.363,-4.323],[15.364,-4.323]],[[15.359,-4.323],[15.359,-4.323],[15.359,-4.323],[15.359,-4.323]],[[15.36,-4.323],[15.361,-4.324],[15.362,-4.323],[15.362,-4.324],[15.361,-4.323],[15.36,-4.323]],[[15.363,-4.323],[15.363,-4.323],[15.363,-4.323],[15.363,-4.323]],[[15.362,-4.323],[15.362,-4.323],[15.362,-4.323],[15.362,-4.323]],[[15.363,-4.323],[15.363,-4.323],[15.363,-4.323],[15.363,-4.323]],[[15.362,-4.323],[15.362,-4.323],[15.362,-4.323],[15.362,-4.323]],[[15.363,-4.323],[15.363,-4.323],[15.363,-4.323],[15.363,-4.323]],[[15.363,-4.323],[15.363,-4.323],[15.363,-4.323],[15.363,-4.323]],[[15.362,-4.323],[15.363,-4.323],[15.363,-4.323],[15.363,-4.323],[15.362,-4.323]],[[15.363,-4.322],[15.363,-4.322],[15.363,-4.322],[15.363,-4.322]],[[15.361,-4.321],[15.362,-4.322],[15.362,-4.321],[15.361,-4.321]],[[15.362,-4.321],[15.362,-4.321],[15.362,-4.321],[15.362,-4.321]],[[15.364,-4.321],[15.364,-4.321],[15.364,-4.321],[15.364,-4.321]],[[15.362,-4.321],[15.362,-4.321],[15.362,-4.321],[15.362,-4.321]],[[15.363,-4.321],[15.363,-4.321],[15.363,-4.321],[15.363,-4.321]],[[15.363,-4.321],[15.363,-4.321],[15.363,-4.321],[15.363,-4.321]],[[15.363,-4.321],[15.363,-4.321],[15.363,-4.321],[15.363,-4.321]],[[15.362,-4.321],[15.362,-4.321],[15.362,-4.321],[15.362,-4.321]],[[15.363,-4.321],[15.362,-4.321],[15.363,-4.321],[15.363,-4.321]],[[15.361,-4.321],[15.362,-4.321],[15.362,-4.321],[15.361,-4.321]],[[15.362,-4.321],[15.362,-4.321],[15.362,-4.321],[15.362,-4.321]],[[15.362,-4.32],[15.362,-4.321],[15.362,-4.321],[15.362,-4.321],[15.362,-4.32]],[[15.362,-4.286],[15.362,-4.286],[15.363,-4.286],[15.362,-4.286]],[[15.362,-4.285],[15.362,-4.286],[15.362,-4.286],[15.362,-4.285]],[[15.36,-4.28],[15.36,-4.281],[15.361,-4.28],[15.36,-4.28]],[[15.36,-4.279],[15.362,-4.279],[15.362,-4.279],[15.361,-4.278],[15.361,-4.278],[15.36,-4.279]],[[15.36,-4.279],[15.36,-4.279],[15.36,-4.279],[15.36,-4.279]],[[15.36,-4.277],[15.363,-4.279],[15.363,-4.278],[15.36,-4.277]],[[15.361,-4.223],[15.36,-4.218],[15.359,-4.221],[15.354,-4.225],[15.361,-4.223]],[[15.361,-4.187],[15.359,-4.187],[15.361,-4.187],[15.361,-4.187]],[[15.361,-4.186],[15.361,-4.187],[15.362,-4.186],[15.361,-4.186]],[[15.361,-4.185],[15.361,-4.185],[15.362,-4.185],[15.361,-4.185]],[[15.361,-4.185],[15.362,-4.185],[15.362,-4.183],[15.361,-4.185]],[[15.361,-4.18],[15.362,-4.181],[15.362,-4.18],[15.361,-4.18]],[[15.359,-4.178],[15.358,-4.178],[15.358,-4.179],[15.359,-4.178]],[[15.36,-4.162],[15.361,-4.16],[15.361,-4.16],[15.361,-4.16],[15.36,-4.162]],[[15.362,-4.16],[15.362,-4.16],[15.361,-4.16],[15.362,-4.16]],[[15.363,-4.158],[15.363,-4.158],[15.363,-4.159],[15.363,-4.158],[15.363,-4.158]],[[15.358,-4.157],[15.359,-4.156],[15.356,-4.157],[15.358,-4.157]],[[15.358,-4.155],[15.357,-4.156],[15.358,-4.156],[15.358,-4.155]],[[15.389,-4.332],[15.389,-4.332],[15.389,-4.331],[15.389,-4.332]],[[15.367,-4.326],[15.367,-4.326],[15.367,-4.326],[15.367,-4.326]],[[15.374,-4.324],[15.374,-4.324],[15.374,-4.324],[15.374,-4.324]],[[15.366,-4.324],[15.366,-4.324],[15.366,-4.324],[15.366,-4.324]],[[15.365,-4.323],[15.365,-4.323],[15.365,-4.324],[15.365,-4.323]],[[15.366,-4.323],[15.365,-4.323],[15.365,-4.324],[15.366,-4.323]],[[15.365,-4.323],[15.365,-4.323],[15.365,-4.323],[15.365,-4.323]],[[15.363,-4.323],[15.365,-4.323],[15.364,-4.322],[15.363,-4.323]],[[15.365,-4.323],[15.366,-4.323],[15.365,-4.322],[15.365,-4.323]],[[15.366,-4.322],[15.366,-4.323],[15.366,-4.323],[15.366,-4.322]],[[15.367,-4.322],[15.366,-4.322],[15.366,-4.323],[15.367,-4.322],[15.367,-4.322]],[[15.367,-4.322],[15.367,-4.322],[15.367,-4.322],[15.367,-4.322]],[[15.365,-4.322],[15.365,-4.322],[15.365,-4.322],[15.365,-4.322]],[[15.365,-4.322],[15.365,-4.322],[15.365,-4.322],[15.365,-4.322]],[[15.366,-4.322],[15.366,-4.322],[15.366,-4.322],[15.366,-4.322]],[[15.364,-4.322],[15.364,-4.322],[15.364,-4.322],[15.364,-4.322]],[[15.365,-4.322],[15.365,-4.322],[15.365,-4.322],[15.365,-4.322]],[[15.365,-4.322],[15.365,-4.322],[15.365,-4.322],[15.365,-4.322]],[[15.365,-4.322],[15.366,-4.322],[15.365,-4.322],[15.365,-4.322]],[[15.364,-4.322],[15.364,-4.322],[15.364,-4.322],[15.364,-4.322]],[[15.365,-4.322],[15.365,-4.321],[15.365,-4.322],[15.365,-4.322]],[[15.364,-4.322],[15.364,-4.321],[15.364,-4.321],[15.364,-4.322]],[[15.364,-4.321],[15.364,-4.321],[15.364,-4.321],[15.364,-4.321]],[[15.377,-4.304],[15.379,-4.304],[15.376,-4.304],[15.377,-4.304]],[[15.378,-4.303],[15.377,-4.303],[15.377,-4.303],[15.378,-4.303]],[[15.376,-4.303],[15.376,-4.303],[15.376,-4.303],[15.376,-4.303]],[[15.375,-4.303],[15.373,-4.303],[15.373,-4.303],[15.375,-4.303]],[[15.377,-4.302],[15.375,-4.302],[15.376,-4.303],[15.377,-4.302]],[[15.383,-4.302],[15.381,-4.302],[15.384,-4.303],[15.383,-4.302]],[[15.385,-4.302],[15.385,-4.302],[15.385,-4.302],[15.385,-4.302]],[[15.384,-4.302],[15.384,-4.302],[15.384,-4.302],[15.384,-4.302]],[[15.385,-4.301],[15.385,-4.301],[15.385,-4.301],[15.385,-4.301]],[[15.381,-4.3],[15.383,-4.3],[15.385,-4.3],[15.381,-4.3]],[[15.39,-4.286],[15.39,-4.289],[15.39,-4.29],[15.391,-4.29],[15.39,-4.286]],[[15.385,-4.283],[15.383,-4.282],[15.383,-4.283],[15.385,-4.283]],[[15.367,-4.276],[15.358,-4.275],[15.37,-4.279],[15.367,-4.276]],[[15.364,-4.185],[15.364,-4.186],[15.365,-4.186],[15.364,-4.185]],[[15.377,-4.168],[15.376,-4.168],[15.376,-4.169],[15.377,-4.168]],[[15.371,-4.166],[15.37,-4.165],[15.37,-4.166],[15.371,-4.166]],[[15.37,-4.164],[15.37,-4.165],[15.37,-4.165],[15.37,-4.164]],[[15.369,-4.162],[15.369,-4.165],[15.37,-4.164],[15.369,-4.162]],[[15.371,-4.161],[15.373,-4.163],[15.372,-4.16],[15.371,-4.161]],[[15.37,-4.162],[15.37,-4.162],[15.37,-4.162],[15.37,-4.162]],[[15.371,-4.162],[15.371,-4.162],[15.371,-4.162],[15.371,-4.162]],[[15.368,-4.162],[15.369,-4.161],[15.367,-4.162],[15.368,-4.162]],[[15.389,-4.151],[15.389,-4.151],[15.39,-4.151],[15.389,-4.151]],[[15.388,-4.149],[15.389,-4.15],[15.389,-4.149],[15.388,-4.149]],[[15.392,-4.149],[15.392,-4.149],[15.393,-4.149],[15.392,-4.149]],[[15.392,-4.149],[15.392,-4.148],[15.392,-4.149],[15.392,-4.149]],[[15.391,-4.147],[15.39,-4.149],[15.389,-4.15],[15.391,-4.15],[15.392,-4.15],[15.391,-4.148],[15.394,-4.146],[15.391,-4.147]],[[15.38,-4.148],[15.384,-4.15],[15.388,-4.143],[15.38,-4.148]],[[15.392,-4.147],[15.391,-4.147],[15.391,-4.147],[15.392,-4.147]],[[15.392,-4.146],[15.392,-4.146],[15.393,-4.146],[15.392,-4.146]],[[15.396,-4.145],[15.394,-4.147],[15.396,-4.145],[15.396,-4.145]],[[15.397,-4.145],[15.396,-4.145],[15.396,-4.146],[15.397,-4.145]],[[15.407,-4.341],[15.407,-4.341],[15.407,-4.341],[15.407,-4.341]],[[15.445,-4.325],[15.446,-4.325],[15.446,-4.325],[15.445,-4.325]],[[15.445,-4.325],[15.448,-4.324],[15.447,-4.324],[15.445,-4.325]],[[15.45,-4.324],[15.45,-4.324],[15.45,-4.325],[15.45,-4.324]],[[15.449,-4.325],[15.451,-4.323],[15.447,-4.325],[15.449,-4.325]],[[15.448,-4.324],[15.447,-4.323],[15.448,-4.324],[15.448,-4.324]],[[15.45,-4.323],[15.449,-4.322],[15.449,-4.323],[15.45,-4.323]],[[15.448,-4.321],[15.447,-4.322],[15.448,-4.322],[15.448,-4.321]],[[15.45,-4.322],[15.451,-4.32],[15.449,-4.32],[15.45,-4.322]],[[15.412,-4.306],[15.413,-4.306],[15.414,-4.305],[15.412,-4.306]],[[15.441,-4.303],[15.442,-4.304],[15.442,-4.303],[15.441,-4.303]],[[15.439,-4.303],[15.439,-4.303],[15.439,-4.303],[15.439,-4.303]],[[15.447,-4.303],[15.452,-4.298],[15.445,-4.304],[15.447,-4.303]],[[15.443,-4.297],[15.439,-4.296],[15.438,-4.299],[15.442,-4.3],[15.443,-4.297]],[[15.437,-4.296],[15.436,-4.297],[15.437,-4.297],[15.437,-4.296]],[[15.424,-4.294],[15.425,-4.295],[15.426,-4.295],[15.424,-4.294]],[[15.422,-4.294],[15.421,-4.295],[15.422,-4.295],[15.422,-4.294]],[[15.422,-4.29],[15.424,-4.292],[15.425,-4.29],[15.422,-4.29]],[[15.408,-4.289],[15.406,-4.289],[15.402,-4.29],[15.408,-4.289]],[[15.442,-4.29],[15.442,-4.29],[15.442,-4.29],[15.442,-4.29]],[[15.432,-4.289],[15.433,-4.289],[15.433,-4.29],[15.433,-4.289],[15.432,-4.289]],[[15.423,-4.288],[15.422,-4.288],[15.423,-4.288],[15.423,-4.288]],[[15.412,-4.283],[15.415,-4.284],[15.417,-4.283],[15.414,-4.282],[15.412,-4.283]],[[15.415,-4.28],[15.416,-4.28],[15.416,-4.28],[15.415,-4.28]],[[15.448,-4.276],[15.447,-4.275],[15.446,-4.276],[15.448,-4.276]],[[15.449,-4.276],[15.449,-4.276],[15.448,-4.275],[15.449,-4.276]],[[15.434,-4.271],[15.433,-4.271],[15.433,-4.271],[15.434,-4.271]],[[15.438,-4.265],[15.438,-4.266],[15.438,-4.265],[15.438,-4.265]],[[15.44,-4.265],[15.44,-4.265],[15.44,-4.265],[15.44,-4.265]],[[15.449,-4.263],[15.449,-4.263],[15.448,-4.263],[15.449,-4.263]],[[15.449,-4.263],[15.449,-4.263],[15.449,-4.262],[15.449,-4.263]],[[15.449,-4.262],[15.45,-4.261],[15.45,-4.261],[15.449,-4.262]],[[15.407,-4.156],[15.406,-4.158],[15.407,-4.159],[15.407,-4.156]],[[15.408,-4.156],[15.408,-4.156],[15.408,-4.157],[15.408,-4.156]],[[15.408,-4.154],[15.408,-4.155],[15.408,-4.154],[15.408,-4.154]],[[15.417,-4.152],[15.417,-4.151],[15.416,-4.152],[15.417,-4.152]],[[15.39,-4.152],[15.405,-4.158],[15.409,-4.145],[15.398,-4.143],[15.396,-4.146],[15.403,-4.146],[15.393,-4.148],[15.393,-4.149],[15.392,-4.151],[15.395,-4.15],[15.39,-4.152]],[[15.42,-4.145],[15.415,-4.156],[15.421,-4.151],[15.424,-4.152],[15.424,-4.148],[15.425,-4.148],[15.425,-4.149],[15.425,-4.149],[15.425,-4.15],[15.426,-4.147],[15.424,-4.14],[15.419,-4.145],[15.42,-4.145]],[[15.427,-4.149],[15.427,-4.147],[15.426,-4.148],[15.426,-4.148],[15.427,-4.149]],[[15.429,-4.144],[15.425,-4.14],[15.427,-4.146],[15.429,-4.144]],[[15.404,-4.139],[15.404,-4.138],[15.403,-4.139],[15.404,-4.139]],[[15.405,-4.139],[15.405,-4.138],[15.404,-4.138],[15.405,-4.139]],[[15.414,-4.139],[15.413,-4.136],[15.405,-4.138],[15.408,-4.14],[15.414,-4.139]],[[15.41,-4.134],[15.414,-4.135],[15.414,-4.132],[15.41,-4.134]],[[15.409,-4.134],[15.412,-4.132],[15.412,-4.131],[15.409,-4.134]],[[15.415,-4.135],[15.417,-4.133],[15.414,-4.139],[15.428,-4.126],[15.417,-4.126],[15.417,-4.13],[15.419,-4.128],[15.417,-4.13],[15.414,-4.132],[15.415,-4.135]],[[15.41,-4.128],[15.409,-4.129],[15.409,-4.132],[15.41,-4.128]],[[15.405,-4.127],[15.405,-4.127],[15.405,-4.127],[15.405,-4.127]],[[15.415,-4.121],[15.413,-4.132],[15.417,-4.13],[15.414,-4.13],[15.417,-4.126],[15.421,-4.124],[15.415,-4.121]],[[15.397,-4.126],[15.401,-4.126],[15.403,-4.125],[15.401,-4.125],[15.397,-4.126]],[[15.405,-4.122],[15.405,-4.123],[15.406,-4.122],[15.405,-4.122]],[[15.406,-4.122],[15.404,-4.124],[15.408,-4.122],[15.406,-4.122]],[[15.407,-4.122],[15.407,-4.122],[15.407,-4.122],[15.407,-4.122]],[[15.433,-4.122],[15.429,-4.122],[15.433,-4.122],[15.433,-4.122]],[[15.427,-4.122],[15.427,-4.121],[15.426,-4.12],[15.427,-4.122]],[[15.46,-4.324],[15.461,-4.323],[15.46,-4.323],[15.46,-4.324]],[[15.458,-4.322],[15.459,-4.323],[15.459,-4.322],[15.458,-4.322]],[[15.458,-4.322],[15.46,-4.322],[15.459,-4.322],[15.458,-4.322]],[[15.463,-4.321],[15.464,-4.321],[15.463,-4.321],[15.463,-4.321]],[[15.465,-4.321],[15.464,-4.32],[15.464,-4.321],[15.465,-4.321]],[[15.464,-4.32],[15.464,-4.32],[15.464,-4.32],[15.464,-4.32]],[[15.466,-4.307],[15.466,-4.308],[15.467,-4.306],[15.466,-4.307]],[[15.463,-4.305],[15.464,-4.304],[15.462,-4.305],[15.463,-4.305]],[[15.504,-4.304],[15.505,-4.305],[15.505,-4.304],[15.504,-4.304]],[[15.504,-4.304],[15.504,-4.304],[15.504,-4.304],[15.504,-4.304]],[[15.457,-4.303],[15.458,-4.303],[15.458,-4.303],[15.457,-4.303]],[[15.503,-4.302],[15.504,-4.3],[15.501,-4.305],[15.503,-4.302]],[[15.505,-4.302],[15.505,-4.303],[15.505,-4.304],[15.505,-4.302]],[[15.464,-4.292],[15.461,-4.295],[15.463,-4.295],[15.464,-4.292]],[[15.468,-4.293],[15.469,-4.294],[15.47,-4.292],[15.468,-4.293]],[[15.467,-4.292],[15.467,-4.292],[15.467,-4.292],[15.467,-4.292]],[[15.465,-4.283],[15.465,-4.283],[15.464,-4.284],[15.465,-4.283]],[[15.504,-4.279],[15.507,-4.277],[15.507,-4.277],[15.504,-4.279]],[[15.506,-4.276],[15.505,-4.277],[15.505,-4.277],[15.506,-4.277],[15.506,-4.276]],[[15.46,-4.276],[15.46,-4.275],[15.46,-4.276],[15.46,-4.276]],[[15.463,-4.274],[15.463,-4.274],[15.462,-4.274],[15.463,-4.274]],[[15.468,-4.269],[15.466,-4.271],[15.467,-4.272],[15.468,-4.269]],[[15.471,-4.268],[15.47,-4.268],[15.47,-4.269],[15.471,-4.268]],[[15.469,-4.265],[15.47,-4.264],[15.47,-4.264],[15.469,-4.265]],[[15.469,-4.264],[15.468,-4.264],[15.469,-4.265],[15.469,-4.264]],[[15.47,-4.262],[15.469,-4.262],[15.469,-4.262],[15.47,-4.262]],[[15.487,-4.259],[15.487,-4.258],[15.486,-4.26],[15.487,-4.259]],[[15.481,-4.259],[15.482,-4.26],[15.482,-4.258],[15.481,-4.259]],[[15.481,-4.255],[15.483,-4.253],[15.481,-4.246],[15.476,-4.255],[15.48,-4.251],[15.481,-4.255]],[[15.499,-4.249],[15.5,-4.249],[15.498,-4.249],[15.499,-4.249]],[[15.499,-4.247],[15.499,-4.247],[15.498,-4.248],[15.499,-4.247]],[[15.475,-4.246],[15.475,-4.247],[15.477,-4.245],[15.475,-4.246]],[[15.46,-4.245],[15.46,-4.245],[15.46,-4.245],[15.46,-4.245]],[[15.475,-4.245],[15.475,-4.244],[15.474,-4.245],[15.475,-4.245]],[[15.485,-4.244],[15.485,-4.244],[15.486,-4.244],[15.485,-4.244]],[[15.504,-4.24],[15.504,-4.241],[15.504,-4.241],[15.504,-4.24]],[[15.488,-4.237],[15.489,-4.237],[15.489,-4.237],[15.488,-4.237]],[[15.474,-4.234],[15.476,-4.237],[15.474,-4.233],[15.474,-4.234]],[[15.487,-4.232],[15.485,-4.233],[15.486,-4.234],[15.487,-4.232]],[[15.505,-4.232],[15.505,-4.231],[15.504,-4.232],[15.505,-4.232]],[[15.479,-4.227],[15.479,-4.228],[15.479,-4.227],[15.479,-4.227]],[[15.499,-4.222],[15.499,-4.222],[15.499,-4.223],[15.499,-4.222]],[[15.492,-4.21],[15.492,-4.21],[15.492,-4.211],[15.492,-4.21]],[[15.485,-4.206],[15.491,-4.212],[15.49,-4.197],[15.485,-4.206]],[[15.485,-4.204],[15.485,-4.204],[15.485,-4.205],[15.485,-4.204]],[[15.481,-4.192],[15.478,-4.196],[15.478,-4.199],[15.482,-4.195],[15.481,-4.192]],[[15.485,-4.203],[15.49,-4.195],[15.492,-4.187],[15.486,-4.191],[15.485,-4.194],[15.488,-4.192],[15.489,-4.192],[15.484,-4.196],[15.485,-4.203]],[[15.487,-4.184],[15.487,-4.184],[15.486,-4.184],[15.487,-4.184]],[[15.489,-4.184],[15.488,-4.184],[15.487,-4.184],[15.489,-4.184]],[[15.489,-4.184],[15.492,-4.182],[15.491,-4.18],[15.489,-4.184]],[[15.487,-4.176],[15.486,-4.174],[15.485,-4.178],[15.487,-4.176]],[[15.483,-4.17],[15.482,-4.171],[15.483,-4.171],[15.483,-4.17]],[[15.483,-4.169],[15.481,-4.169],[15.482,-4.17],[15.483,-4.169]],[[15.481,-4.167],[15.481,-4.168],[15.481,-4.167],[15.481,-4.167]],[[15.48,-4.166],[15.481,-4.165],[15.48,-4.165],[15.48,-4.166]],[[15.511,-4.317],[15.511,-4.318],[15.511,-4.318],[15.511,-4.317]],[[15.506,-4.317],[15.506,-4.316],[15.506,-4.317],[15.506,-4.317]],[[15.51,-4.316],[15.51,-4.316],[15.51,-4.316],[15.51,-4.316]],[[15.51,-4.316],[15.509,-4.316],[15.509,-4.316],[15.51,-4.316]],[[15.508,-4.314],[15.507,-4.315],[15.508,-4.315],[15.508,-4.314]],[[15.514,-4.306],[15.514,-4.306],[15.514,-4.306],[15.514,-4.306]],[[15.519,-4.306],[15.519,-4.306],[15.519,-4.306],[15.519,-4.306]],[[15.513,-4.306],[15.513,-4.306],[15.513,-4.306],[15.513,-4.306]],[[15.513,-4.306],[15.513,-4.305],[15.513,-4.305],[15.513,-4.306]],[[15.514,-4.305],[15.514,-4.305],[15.514,-4.306],[15.514,-4.305]],[[15.508,-4.305],[15.509,-4.305],[15.509,-4.305],[15.508,-4.305]],[[15.51,-4.305],[15.509,-4.305],[15.509,-4.305],[15.51,-4.305]],[[15.509,-4.304],[15.508,-4.304],[15.508,-4.305],[15.509,-4.304]],[[15.508,-4.304],[15.509,-4.304],[15.509,-4.304],[15.508,-4.304]],[[15.52,-4.303],[15.52,-4.303],[15.52,-4.303],[15.52,-4.303]],[[15.519,-4.303],[15.519,-4.302],[15.519,-4.302],[15.519,-4.303]],[[15.515,-4.301],[15.514,-4.301],[15.515,-4.302],[15.515,-4.301]],[[15.514,-4.302],[15.513,-4.3],[15.514,-4.302],[15.514,-4.302]],[[15.513,-4.301],[15.513,-4.301],[15.513,-4.301],[15.513,-4.301]],[[15.513,-4.3],[15.513,-4.3],[15.513,-4.3],[15.513,-4.3]],[[15.509,-4.3],[15.508,-4.3],[15.508,-4.3],[15.509,-4.3]],[[15.515,-4.301],[15.514,-4.3],[15.514,-4.301],[15.515,-4.301]],[[15.513,-4.3],[15.512,-4.3],[15.512,-4.301],[15.513,-4.3]],[[15.51,-4.3],[15.51,-4.3],[15.51,-4.3],[15.51,-4.3]],[[15.508,-4.299],[15.508,-4.299],[15.508,-4.299],[15.508,-4.299],[15.508,-4.299]],[[15.513,-4.299],[15.513,-4.299],[15.513,-4.299],[15.513,-4.299]],[[15.514,-4.299],[15.514,-4.299],[15.514,-4.298],[15.514,-4.297],[15.513,-4.298],[15.513,-4.298],[15.514,-4.299],[15.513,-4.299],[15.513,-4.3],[15.514,-4.3],[15.514,-4.299]],[[15.514,-4.298],[15.514,-4.299],[15.515,-4.298],[15.514,-4.298]],[[15.514,-4.298],[15.514,-4.298],[15.515,-4.298],[15.514,-4.298]],[[15.517,-4.297],[15.517,-4.297],[15.517,-4.298],[15.517,-4.297]],[[15.516,-4.295],[15.516,-4.295],[15.516,-4.296],[15.516,-4.295]],[[15.514,-4.295],[15.514,-4.295],[15.514,-4.295],[15.514,-4.295]],[[15.52,-4.294],[15.521,-4.293],[15.52,-4.294],[15.52,-4.294]],[[15.52,-4.293],[15.519,-4.293],[15.52,-4.293],[15.52,-4.293]],[[15.508,-4.279],[15.508,-4.279],[15.508,-4.279],[15.508,-4.279]],[[15.505,-4.276],[15.505,-4.276],[15.506,-4.275],[15.505,-4.276]],[[15.541,-4.267],[15.541,-4.267],[15.541,-4.267],[15.541,-4.267]],[[15.544,-4.263],[15.545,-4.263],[15.545,-4.263],[15.544,-4.263]],[[15.545,-4.263],[15.545,-4.263],[15.545,-4.263],[15.545,-4.263]],[[15.545,-4.261],[15.545,-4.261],[15.545,-4.261],[15.545,-4.261]],[[15.544,-4.26],[15.544,-4.26],[15.544,-4.261],[15.544,-4.26]],[[15.543,-4.26],[15.542,-4.26],[15.543,-4.26],[15.543,-4.26]],[[15.506,-4.25],[15.506,-4.251],[15.506,-4.25],[15.506,-4.25]],[[15.546,-4.246],[15.547,-4.246],[15.546,-4.245],[15.546,-4.246]],[[15.548,-4.246],[15.549,-4.245],[15.547,-4.245],[15.548,-4.246]],[[15.506,-4.244],[15.506,-4.245],[15.507,-4.246],[15.506,-4.244]],[[15.51,-4.245],[15.514,-4.243],[15.513,-4.24],[15.51,-4.245]],[[15.507,-4.236],[15.508,-4.234],[15.506,-4.238],[15.507,-4.236]],[[15.519,-4.238],[15.525,-4.237],[15.521,-4.234],[15.52,-4.235],[15.519,-4.238]],[[15.524,-4.231],[15.524,-4.232],[15.524,-4.232],[15.524,-4.231]],[[15.528,-4.23],[15.527,-4.232],[15.527,-4.231],[15.528,-4.23]],[[15.525,-4.23],[15.524,-4.231],[15.526,-4.231],[15.525,-4.23]],[[15.513,-4.12],[15.513,-4.12],[15.513,-4.12],[15.513,-4.12]],[[15.513,-4.316],[15.513,-4.317],[15.513,-4.316],[15.513,-4.316]],[[15.513,-4.316],[15.512,-4.315],[15.512,-4.316],[15.513,-4.316]],[[15.577,-4.257],[15.577,-4.258],[15.578,-4.258],[15.577,-4.257]],[[15.577,-4.256],[15.577,-4.257],[15.577,-4.256],[15.577,-4.256]],[[15.589,-4.255],[15.588,-4.254],[15.589,-4.256],[15.589,-4.255]],[[15.577,-4.251],[15.576,-4.252],[15.576,-4.253],[15.577,-4.251]]]}},{"type":"Feature","properties":{"kind":"road","name":"Route Nationale 1","km":669},"geometry":{"type":"MultiLineString","coordinates":[[[12.251,-5.684],[12.294,-5.737],[12.307,-5.786],[12.328,-5.803],[12.336,-5.818],[12.372,-5.819],[12.416,-5.866]],[[12.416,-5.866],[12.428,-5.859],[12.447,-5.871],[12.453,-5.845],[12.46,-5.855],[12.455,-5.861],[12.466,-5.865],[12.522,-5.852],[12.539,-5.813],[12.559,-5.826],[12.582,-5.827],[12.585,-5.838],[12.625,-5.859],[12.645,-5.88],[12.7,-5.856],[12.76,-5.808],[12.777,-5.813],[12.794,-5.808],[12.82,-5.811],[12.831,-5.803],[12.857,-5.803],[12.883,-5.822],[12.954,-5.839],[12.988,-5.84],[13.024,-5.858],[13.053,-5.851]],[[13.065,-5.693],[13.087,-5.716],[13.118,-5.688],[13.134,-5.689],[13.168,-5.663],[13.197,-5.652],[13.217,-5.631],[13.22,-5.616],[13.252,-5.591],[13.266,-5.567],[13.27,-5.542],[13.289,-5.497]],[[13.361,-5.503],[13.39,-5.538],[13.435,-5.563],[13.447,-5.585],[13.45,-5.602],[13.435,-5.643],[13.444,-5.676],[13.435,-5.697],[13.444,-5.773],[13.451,-5.782]],[[13.45,-5.837],[13.442,-5.842],[13.431,-5.868],[13.434,-5.883],[13.459,-5.889],[13.476,-5.914],[13.491,-5.917],[13.502,-5.948],[13.54,-5.973],[13.546,-5.995],[13.568,-6.0],[13.576,-6.009],[13.593,-6.047],[13.616,-6.054],[13.634,-6.047],[13.637,-6.066]],[[13.496,-5.837],[13.541,-5.842],[13.559,-5.856],[13.578,-5.844],[13.594,-5.843],[13.635,-5.808],[13.65,-5.771],[13.668,-5.761],[13.67,-5.754],[13.682,-5.754],[13.711,-5.734],[13.778,-5.749],[13.805,-5.742],[13.816,-5.758],[13.826,-5.749],[13.838,-5.761],[13.885,-5.769],[13.94,-5.767]],[[14.147,-4.874],[14.141,-4.882],[14.143,-4.891],[14.133,-4.898],[14.133,-4.912],[14.142,-4.933],[14.13,-4.95],[14.105,-4.938],[14.082,-4.911],[14.074,-4.912],[14.062,-4.904],[14.024,-4.918],[14.018,-4.906],[13.979,-4.917],[13.959,-4.899],[13.913,-4.884],[13.885,-4.863]],[[14.401,-4.896],[14.38,-4.888],[14.376,-4.88],[14.352,-4.874],[14.347,-4.863],[14.336,-4.862],[14.335,-4.848],[14.328,-4.842],[14.3,-4.85],[14.309,-4.871],[14.298,-4.882],[14.294,-4.875],[14.27,-4.876],[14.263,-4.869],[14.251,-4.875],[14.23,-4.862],[14.211,-4.885],[14.194,-4.871],[14.186,-4.889],[14.167,-4.893],[14.148,-4.874]],[[14.875,-5.243],[14.863,-5.204],[14.868,-5.174],[14.858,-5.165],[14.823,-5.156],[14.816,-5.146],[14.818,-5.125],[14.845,-5.09],[14.839,-5.071],[14.803,-5.071],[14.786,-5.046],[14.77,-5.037],[14.756,-5.038],[14.742,-5.025],[14.735,-5.007],[14.719,-5.0],[14.708,-4.986],[14.71,-4.978],[14.679,-4.972],[14.668,-4.96],[14.639,-4.98],[14.584,-4.964],[14.57,-4.952],[14.559,-4.958],[14.55,-4.973],[14.522,-4.974],[14.499,-4.961],[14.456,-4.963],[14.423,-4.911],[14.409,-4.906]],[[15.226,-4.308],[15.188,-4.311],[15.135,-4.335],[15.108,-4.329],[15.096,-4.336],[15.075,-4.322],[15.035,-4.346],[15.015,-4.376],[15.002,-4.363],[14.953,-4.368],[14.908,-4.345],[14.881,-4.347],[14.845,-4.363],[14.833,-4.361],[14.814,-4.374],[14.792,-4.368],[14.78,-4.376]],[[15.255,-4.443],[15.245,-4.462],[15.225,-4.468],[15.218,-4.503],[15.202,-4.501],[15.188,-4.508],[15.188,-4.52],[15.174,-4.546],[15.174,-4.568],[15.163,-4.574],[15.168,-4.598],[15.193,-4.618],[15.215,-4.689],[15.196,-4.726],[15.198,-4.765],[15.184,-4.78],[15.185,-4.802]],[[15.574,-4.251],[15.554,-4.301],[15.515,-4.333],[15.514,-4.334],[15.514,-4.335],[15.506,-4.355],[15.505,-4.357],[15.47,-4.385],[15.468,-4.386],[15.456,-4.386],[15.454,-4.387],[15.418,-4.406],[15.356,-4.383]],[[15.359,-4.385],[15.413,-4.405],[15.417,-4.406],[15.42,-4.406],[15.454,-4.387],[15.468,-4.386],[15.47,-4.385],[15.505,-4.357],[15.506,-4.355],[15.515,-4.333],[15.555,-4.301],[15.574,-4.252]]]}},{"type":"Feature","properties":{"kind":"rail","name":"Matadi-Kinshasa railway","km":151},"geometry":{"type":"MultiLineString","coordinates":[[[13.464,-5.813],[13.471,-5.805],[13.491,-5.82],[13.499,-5.817],[13.496,-5.835],[13.507,-5.845],[13.515,-5.865],[13.552,-5.874],[13.561,-5.885],[13.584,-5.875],[13.588,-5.865],[13.609,-5.851],[13.611,-5.841],[13.628,-5.827],[13.652,-5.771],[13.684,-5.763],[13.711,-5.734],[13.735,-5.74],[13.746,-5.733],[13.758,-5.735],[13.774,-5.707],[13.788,-5.708],[13.795,-5.701],[13.833,-5.709],[13.849,-5.707],[13.874,-5.695],[13.881,-5.7],[13.896,-5.678],[13.906,-5.685],[13.92,-5.673],[13.942,-5.671],[13.953,-5.676],[13.961,-5.672],[13.973,-5.683],[13.985,-5.676],[14.021,-5.679],[14.058,-5.695]],[[15.287,-4.27],[15.267,-4.261],[15.246,-4.268],[15.225,-4.265],[15.213,-4.272],[15.194,-4.248],[15.183,-4.248],[15.165,-4.234],[15.142,-4.235],[15.132,-4.227],[15.114,-4.232],[15.085,-4.222],[15.052,-4.227],[15.025,-4.22],[15.007,-4.207]],[[15.14,-4.747],[15.127,-4.722],[15.128,-4.712],[15.138,-4.695],[15.137,-4.669],[15.165,-4.666],[15.174,-4.646],[15.166,-4.598],[15.17,-4.592]]]}},{"type":"Feature","properties":{"kind":"place","name":"Kinshasa","note":"capital, 17 million people"},"geometry":{"type":"Point","coordinates":[15.31,-4.32]}},{"type":"Feature","properties":{"kind":"place","name":"Matadi","note":"the port, 350 km inland from the city"},"geometry":{"type":"Point","coordinates":[13.45,-5.82]}},{"type":"Feature","properties":{"kind":"place","name":"Muanda","note":"the Atlantic"},"geometry":{"type":"Point","coordinates":[12.35,-5.95]}}]}