{"type":"FeatureCollection","features":[{"type":"Feature","geometry":{"type":"Polygon","coordinates":[[[-109.045,36.999],[-109.045,36.53],[-109.046,36.117],[-109.046,35.695],[-109.047,35.364],[-109.046,34.96],[-109.046,34.579],[-109.047,34.167],[-109.047,33.625],[-109.047,33.25],[-109.047,32.778],[-109.048,32.426],[-109.048,32.089],[-109.049,31.637],[-109.05,31.333],[-108.708,31.333],[-108.209,31.333],[-108.208,31.784],[-107.64,31.784],[-107.001,31.784],[-106.528,31.783],[-106.577,31.81],[-106.636,31.866],[-106.645,31.895],[-106.624,31.925],[-106.618,32],[-106.126,32.003],[-105.473,32.001],[-104.833,32],[-104.33,32],[-103.723,32],[-103.064,32.001],[-103.065,32.335],[-103.065,32.683],[-103.065,33],[-103.057,33.388],[-103.051,33.672],[-103.044,34.004],[-103.044,34.38],[-103.043,34.671],[-103.042,35.183],[-103.042,35.622],[-103.041,36.055],[-103.042,36.5],[-103.002,36.5],[-103.002,37],[-103.472,36.999],[-104.008,36.996],[-104.339,36.994],[-105.001,36.993],[-105.121,36.995],[-105.627,36.996],[-106.201,36.994],[-106.87,36.992],[-106.877,37],[-107.197,37],[-107.712,37],[-108.251,37],[-108.75,36.999],[-109.045,36.999]]]},"properties":{"abbr":"NM","name":"New Mexico"}},{"type":"Feature","geometry":{"type":"Polygon","coordinates":[[[-104.058,44.998],[-104.056,44.633],[-104.055,44.127],[-104.055,43.846],[-104.055,43.397],[-104.053,43.001],[-103.618,43.001],[-103.133,43.001],[-102.487,43],[-101.85,42.999],[-101.625,42.996],[-101,42.998],[-100.632,42.998],[-99.918,42.998],[-99.471,42.998],[-98.9,42.998],[-98.499,42.999],[-98.467,42.948],[-98.342,42.901],[-98.326,42.887],[-98.258,42.874],[-98.22,42.853],[-98.129,42.821],[-98.035,42.764],[-97.95,42.77],[-97.889,42.817],[-97.875,42.859],[-97.845,42.868],[-97.774,42.85],[-97.687,42.842],[-97.604,42.858],[-97.562,42.848],[-97.505,42.858],[-97.442,42.846],[-97.417,42.866],[-97.36,42.855],[-97.307,42.868],[-97.219,42.846],[-97.21,42.809],[-97.151,42.796],[-97.131,42.772],[-97.072,42.772],[-96.982,42.761],[-96.938,42.72],[-96.907,42.734],[-96.806,42.704],[-96.802,42.672],[-96.728,42.667],[-96.688,42.653],[-96.711,42.608],[-96.686,42.578],[-96.638,42.552],[-96.626,42.514],[-96.558,42.52],[-96.501,42.483],[-96.446,42.491],[-96.475,42.49],[-96.477,42.556],[-96.538,42.655],[-96.627,42.71],[-96.635,42.763],[-96.592,42.801],[-96.582,42.834],[-96.55,42.841],[-96.528,42.891],[-96.541,42.924],[-96.5,42.959],[-96.52,42.978],[-96.492,43.01],[-96.511,43.025],[-96.455,43.075],[-96.439,43.114],[-96.467,43.15],[-96.465,43.182],[-96.485,43.224],[-96.519,43.218],[-96.571,43.239],[-96.581,43.289],[-96.526,43.312],[-96.524,43.395],[-96.594,43.434],[-96.582,43.467],[-96.599,43.5],[-96.453,43.5],[-96.453,43.978],[-96.452,44.46],[-96.452,44.963],[-96.453,45.298],[-96.489,45.357],[-96.618,45.408],[-96.68,45.41],[-96.731,45.457],[-96.765,45.521],[-96.858,45.606],[-96.841,45.645],[-96.75,45.699],[-96.652,45.747],[-96.625,45.788],[-96.58,45.826],[-96.564,45.935],[-97.145,45.935],[-97.777,45.935],[-98.415,45.937],[-99.093,45.94],[-99.75,45.941],[-100.171,45.943],[-100.936,45.944],[-101.42,45.944],[-102.177,45.945],[-102.92,45.945],[-103.559,45.945],[-104.045,45.945],[-104.043,45.75],[-104.04,45.374],[-104.04,44.998],[-104.058,44.998]]]},"properties":{"abbr":"SD","name":"South Dakota"}},{"type":"Feature","geometry":{"type":"MultiPolygon","coordinates":[[[[-118.604,33.479],[-118.563,33.434],[-118.489,33.42],[-118.487,33.351],[-118.441,33.319],[-118.375,33.32],[-118.325,33.299],[-118.31,33.335],[-118.382,33.41],[-118.446,33.429],[-118.545,33.474],[-118.604,33.479]]],[[[-118.61,33.033],[-118.547,32.912],[-118.512,32.879],[-118.506,32.853],[-118.432,32.801],[-118.374,32.839],[-118.488,32.924],[-118.55,32.989],[-118.58,33.034],[-118.61,33.033]]],[[[-119.577,33.279],[-119.546,33.233],[-119.47,33.215],[-119.435,33.231],[-119.461,33.257],[-119.529,33.285],[-119.577,33.279]]],[[[-119.93,34.06],[-119.876,34.032],[-119.873,33.98],[-119.818,33.96],[-119.715,33.961],[-119.663,33.986],[-119.59,33.99],[-119.547,34.005],[-119.53,34.041],[-119.595,34.05],[-119.619,34.016],[-119.687,34.02],[-119.713,34.043],[-119.759,34.059],[-119.819,34.053],[-119.857,34.071],[-119.919,34.077],[-119.93,34.06]]],[[[-120.25,34.002],[-120.222,33.988],[-120.179,33.928],[-120.122,33.896],[-120.05,33.915],[-120.001,33.942],[-120.004,33.98],[-120.074,34.024],[-120.136,34.026],[-120.167,34.008],[-120.25,34.002]]],[[[-120.45,34.034],[-120.358,34.015],[-120.317,34.019],[-120.362,34.073],[-120.45,34.034]]],[[[-124.212,41.998],[-124.203,41.941],[-124.22,41.846],[-124.255,41.778],[-124.201,41.745],[-124.165,41.74],[-124.143,41.709],[-124.136,41.657],[-124.101,41.602],[-124.082,41.548],[-124.063,41.44],[-124.072,41.375],[-124.107,41.23],[-124.144,41.145],[-124.159,41.074],[-124.112,41.027],[-124.137,40.926],[-124.158,40.876],[-124.248,40.735],[-124.329,40.616],[-124.387,40.505],[-124.409,40.443],[-124.374,40.393],[-124.348,40.315],[-124.363,40.261],[-124.289,40.203],[-124.215,40.161],[-124.188,40.131],[-124.111,40.104],[-124.081,40.066],[-124.08,40.032],[-124.036,40.013],[-123.93,39.91],[-123.908,39.863],[-123.854,39.834],[-123.825,39.718],[-123.794,39.69],[-123.782,39.621],[-123.789,39.6],[-123.766,39.553],[-123.816,39.445],[-123.828,39.348],[-123.808,39.329],[-123.777,39.237],[-123.771,39.194],[-123.738,39.163],[-123.693,39.058],[-123.691,39.021],[-123.729,38.957],[-123.71,38.915],[-123.66,38.873],[-123.647,38.845],[-123.542,38.777],[-123.515,38.742],[-123.442,38.7],[-123.34,38.572],[-123.129,38.45],[-123.068,38.36],[-123.075,38.323],[-123.004,38.297],[-122.967,38.25],[-122.965,38.187],[-122.95,38.164],[-122.961,38.113],[-123.012,38.003],[-122.94,38.032],[-122.882,38.025],[-122.821,37.997],[-122.783,37.949],[-122.737,37.926],[-122.703,37.894],[-122.642,37.898],[-122.549,37.836],[-122.478,37.826],[-122.459,37.894],[-122.486,37.922],[-122.49,37.965],[-122.463,38.003],[-122.498,38.019],[-122.484,38.072],[-122.498,38.115],[-122.445,38.138],[-122.394,38.143],[-122.303,38.103],[-122.263,38.051],[-122.283,38.023],[-122.368,37.978],[-122.413,37.963],[-122.41,37.932],[-122.368,37.905],[-122.336,37.91],[-122.301,37.855],[-122.331,37.795],[-122.318,37.78],[-122.244,37.752],[-122.252,37.725],[-122.168,37.677],[-122.147,37.588],[-122.112,37.529],[-122.109,37.5],[-122.056,37.495],[-122.058,37.447],[-122.118,37.468],[-122.128,37.5],[-122.162,37.5],[-122.204,37.54],[-122.263,37.574],[-122.315,37.591],[-122.36,37.593],[-122.374,37.662],[-122.394,37.708],[-122.359,37.729],[-122.41,37.809],[-122.464,37.805],[-122.514,37.781],[-122.497,37.686],[-122.501,37.6],[-122.517,37.591],[-122.517,37.521],[-122.494,37.492],[-122.46,37.493],[-122.444,37.436],[-122.401,37.359],[-122.418,37.249],[-122.405,37.196],[-122.367,37.173],[-122.329,37.113],[-122.285,37.102],[-122.224,37.026],[-122.109,36.958],[-122.066,36.948],[-122.023,36.962],[-121.973,36.954],[-121.93,36.978],[-121.862,36.932],[-121.788,36.804],[-121.806,36.75],[-121.809,36.699],[-121.837,36.635],[-121.883,36.601],[-121.925,36.635],[-121.958,36.609],[-121.97,36.572],[-121.933,36.56],[-121.925,36.526],[-121.946,36.491],[-121.914,36.426],[-121.893,36.342],[-121.899,36.308],[-121.852,36.278],[-121.836,36.251],[-121.717,36.195],[-121.633,36.12],[-121.575,36.025],[-121.511,36.007],[-121.486,35.971],[-121.463,35.889],[-121.415,35.858],[-121.388,35.823],[-121.332,35.783],[-121.315,35.713],[-121.261,35.664],[-121.166,35.635],[-121.128,35.597],[-121.101,35.549],[-121.003,35.461],[-120.908,35.449],[-120.869,35.403],[-120.862,35.347],[-120.897,35.248],[-120.856,35.206],[-120.786,35.178],[-120.699,35.171],[-120.646,35.144],[-120.631,35.104],[-120.64,35.003],[-120.669,34.902],[-120.616,34.867],[-120.61,34.843],[-120.635,34.767],[-120.6,34.705],[-120.645,34.577],[-120.623,34.554],[-120.581,34.557],[-120.511,34.523],[-120.48,34.481],[-120.471,34.448],[-120.283,34.468],[-120.118,34.47],[-120.089,34.46],[-120.008,34.46],[-119.955,34.435],[-119.929,34.435],[-119.878,34.407],[-119.794,34.418],[-119.729,34.396],[-119.672,34.416],[-119.564,34.415],[-119.537,34.396],[-119.461,34.374],[-119.39,34.318],[-119.279,34.267],[-119.264,34.227],[-119.216,34.146],[-119.189,34.139],[-119.129,34.101],[-119.086,34.099],[-118.936,34.044],[-118.855,34.035],[-118.807,34],[-118.785,34.021],[-118.663,34.039],[-118.544,34.039],[-118.503,34.017],[-118.451,33.959],[-118.39,33.836],[-118.394,33.804],[-118.423,33.782],[-118.41,33.741],[-118.364,33.738],[-118.288,33.706],[-118.231,33.741],[-118.196,33.733],[-118.181,33.765],[-118.089,33.731],[-118.001,33.654],[-117.928,33.607],[-117.873,33.593],[-117.814,33.551],[-117.784,33.542],[-117.726,33.483],[-117.622,33.422],[-117.596,33.388],[-117.506,33.333],[-117.446,33.269],[-117.342,33.143],[-117.282,33.017],[-117.252,32.874],[-117.281,32.822],[-117.26,32.803],[-117.257,32.725],[-117.243,32.665],[-117.193,32.687],[-117.161,32.666],[-117.138,32.625],[-117.124,32.534],[-116.627,32.576],[-116.211,32.61],[-115.692,32.65],[-115.332,32.676],[-114.72,32.719],[-114.689,32.738],[-114.618,32.728],[-114.527,32.757],[-114.532,32.791],[-114.469,32.845],[-114.464,32.913],[-114.481,32.935],[-114.506,33.017],[-114.572,33.037],[-114.601,33.025],[-114.64,33.045],[-114.671,33.038],[-114.708,33.097],[-114.679,33.163],[-114.677,33.27],[-114.731,33.302],[-114.701,33.337],[-114.699,33.361],[-114.723,33.399],[-114.688,33.418],[-114.63,33.428],[-114.623,33.457],[-114.559,33.532],[-114.525,33.552],[-114.541,33.591],[-114.522,33.611],[-114.533,33.648],[-114.524,33.686],[-114.496,33.697],[-114.512,33.734],[-114.507,33.768],[-114.528,33.815],[-114.531,33.855],[-114.504,33.877],[-114.535,33.925],[-114.438,34.023],[-114.434,34.087],[-114.416,34.108],[-114.325,34.137],[-114.287,34.171],[-114.254,34.174],[-114.167,34.25],[-114.131,34.263],[-114.138,34.303],[-114.177,34.349],[-114.226,34.366],[-114.264,34.401],[-114.343,34.451],[-114.387,34.458],[-114.381,34.53],[-114.436,34.597],[-114.451,34.665],[-114.474,34.714],[-114.553,34.767],[-114.587,34.836],[-114.631,34.866],[-114.633,35.002],[-115.084,35.363],[-115.501,35.693],[-115.751,35.889],[-116.097,36.158],[-116.376,36.373],[-116.71,36.627],[-117.001,36.848],[-117.376,37.127],[-117.712,37.375],[-117.876,37.497],[-118.251,37.769],[-118.772,38.142],[-119.097,38.373],[-119.376,38.567],[-119.779,38.847],[-120.001,39],[-120.006,39.341],[-120.002,39.539],[-119.998,39.957],[-119.996,40.5],[-119.999,40.873],[-120,41.184],[-119.998,41.619],[-119.999,41.995],[-120.326,41.993],[-121.022,41.993],[-121.174,41.997],[-121.345,41.996],[-121.94,42.004],[-122.379,42.009],[-122.713,42.004],[-123.044,42.003],[-123.146,42.009],[-123.347,41.999],[-123.624,42],[-123.728,41.997],[-123.999,41.996],[-124.212,41.998]]]]},"properties":{"abbr":"CA","name":"California"}},{"type":"Feature","geometry":{"type":"MultiPolygon","coordinates":[[[[-89.133,36.982],[-89.1,36.965],[-89.118,36.887],[-89.138,36.847],[-89.173,36.84],[-89.177,36.807],[-89.117,36.776],[-89.126,36.752],[-89.167,36.76],[-89.199,36.716],[-89.159,36.666],[-89.198,36.629],[-89.227,36.569],[-89.258,36.565],[-89.327,36.632],[-89.375,36.616],[-89.417,36.499],[-89.3,36.507],[-89.118,36.504],[-88.835,36.503],[-88.331,36.501],[-88.053,36.497],[-88.032,36.541],[-88.071,36.678],[-87.85,36.664],[-87.853,36.633],[-87.414,36.641],[-87.115,36.642],[-86.59,36.652],[-86.564,36.633],[-86.508,36.652],[-86.333,36.649],[-86.033,36.63],[-85.832,36.622],[-85.488,36.615],[-85.3,36.624],[-85.195,36.625],[-85.025,36.619],[-84.843,36.605],[-84.543,36.596],[-84.271,36.592],[-83.988,36.59],[-83.691,36.583],[-83.675,36.601],[-83.615,36.634],[-83.532,36.665],[-83.424,36.667],[-83.386,36.687],[-83.195,36.739],[-83.136,36.743],[-83.133,36.783],[-83.073,36.855],[-82.97,36.858],[-82.879,36.889],[-82.856,36.952],[-82.869,36.974],[-82.823,37.004],[-82.782,37.008],[-82.722,37.058],[-82.722,37.12],[-82.499,37.227],[-82.351,37.267],[-82.316,37.295],[-81.968,37.538],[-82.064,37.537],[-82.105,37.56],[-82.132,37.593],[-82.157,37.593],[-82.182,37.627],[-82.226,37.653],[-82.272,37.664],[-82.334,37.743],[-82.34,37.786],[-82.398,37.822],[-82.423,37.887],[-82.502,37.933],[-82.466,37.985],[-82.514,37.999],[-82.551,38.071],[-82.586,38.107],[-82.637,38.139],[-82.611,38.172],[-82.598,38.217],[-82.613,38.235],[-82.575,38.264],[-82.576,38.328],[-82.598,38.345],[-82.593,38.422],[-82.614,38.475],[-82.657,38.497],[-82.725,38.558],[-82.8,38.563],[-82.847,38.595],[-82.87,38.728],[-82.894,38.757],[-82.979,38.726],[-83.033,38.724],[-83.053,38.696],[-83.103,38.677],[-83.154,38.619],[-83.204,38.617],[-83.246,38.629],[-83.294,38.597],[-83.322,38.631],[-83.367,38.659],[-83.468,38.675],[-83.521,38.703],[-83.627,38.679],[-83.648,38.632],[-83.671,38.627],[-83.772,38.658],[-83.784,38.696],[-83.841,38.722],[-83.859,38.757],[-83.979,38.787],[-84.071,38.77],[-84.213,38.806],[-84.23,38.827],[-84.234,38.893],[-84.288,38.956],[-84.305,39.006],[-84.36,39.041],[-84.43,39.058],[-84.433,39.094],[-84.471,39.121],[-84.51,39.094],[-84.551,39.099],[-84.572,39.082],[-84.632,39.077],[-84.69,39.104],[-84.719,39.137],[-84.754,39.147],[-84.82,39.105],[-84.897,39.053],[-84.837,38.988],[-84.835,38.958],[-84.871,38.929],[-84.87,38.9],[-84.8,38.891],[-84.788,38.864],[-84.823,38.839],[-84.812,38.793],[-84.887,38.795],[-84.933,38.778],[-84.992,38.779],[-85.072,38.742],[-85.137,38.7],[-85.173,38.688],[-85.213,38.695],[-85.247,38.732],[-85.305,38.742],[-85.436,38.728],[-85.455,38.682],[-85.439,38.659],[-85.44,38.611],[-85.416,38.564],[-85.422,38.533],[-85.467,38.511],[-85.499,38.468],[-85.586,38.45],[-85.618,38.426],[-85.655,38.324],[-85.684,38.295],[-85.741,38.268],[-85.787,38.289],[-85.836,38.265],[-85.839,38.24],[-85.904,38.174],[-85.905,38.089],[-85.926,38.022],[-85.947,38.005],[-86.026,37.995],[-86.05,37.961],[-86.079,38.001],[-86.128,38.016],[-86.177,38.01],[-86.267,38.057],[-86.279,38.101],[-86.27,38.13],[-86.287,38.158],[-86.348,38.195],[-86.375,38.131],[-86.434,38.087],[-86.452,38.05],[-86.517,38.043],[-86.525,37.968],[-86.507,37.936],[-86.534,37.917],[-86.589,37.921],[-86.598,37.867],[-86.638,37.843],[-86.662,37.857],[-86.645,37.895],[-86.686,37.913],[-86.718,37.893],[-86.751,37.913],[-86.796,37.989],[-86.856,37.987],[-86.926,37.935],[-86.979,37.93],[-87.045,37.894],[-87.043,37.869],[-87.07,37.802],[-87.13,37.787],[-87.165,37.841],[-87.22,37.849],[-87.385,37.938],[-87.438,37.944],[-87.511,37.906],[-87.572,37.947],[-87.606,37.95],[-87.628,37.922],[-87.587,37.885],[-87.615,37.832],[-87.672,37.829],[-87.682,37.856],[-87.667,37.896],[-87.763,37.891],[-87.83,37.876],[-87.873,37.921],[-87.905,37.925],[-87.938,37.891],[-87.915,37.85],[-87.907,37.808],[-87.945,37.775],[-88.028,37.799],[-88.064,37.739],[-88.125,37.707],[-88.158,37.665],[-88.134,37.575],[-88.069,37.525],[-88.082,37.473],[-88.282,37.453],[-88.362,37.403],[-88.409,37.425],[-88.456,37.408],[-88.477,37.387],[-88.487,37.34],[-88.516,37.284],[-88.509,37.262],[-88.448,37.204],[-88.424,37.152],[-88.461,37.074],[-88.521,37.066],[-88.573,37.08],[-88.611,37.113],[-88.688,37.139],[-88.732,37.144],[-88.806,37.189],[-88.916,37.224],[-88.975,37.23],[-89.03,37.211],[-89.076,37.175],[-89.104,37.132],[-89.168,37.074],[-89.183,37.037],[-89.166,37.003],[-89.133,36.982]]],[[[-89.485,36.497],[-89.466,36.53],[-89.485,36.572],[-89.553,36.577],[-89.571,36.547],[-89.539,36.498],[-89.485,36.497]]]]},"properties":{"abbr":"KY","name":"Kentucky"}},{"type":"Feature","geometry":{"type":"MultiPolygon","coordinates":[[[[-88.327,30.23],[-88.305,30.228],[-88.2,30.248],[-88.138,30.25],[-88.109,30.243],[-88.075,30.249],[-88.118,30.279],[-88.141,30.255],[-88.225,30.246],[-88.327,30.23]]],[[[-88.2,34.996],[-88.155,34.922],[-88.098,34.892],[-88.134,34.623],[-88.211,34.029],[-88.252,33.72],[-88.277,33.512],[-88.331,33.073],[-88.373,32.712],[-88.404,32.449],[-88.473,31.894],[-88.464,31.698],[-88.439,31.247],[-88.419,30.867],[-88.395,30.369],[-88.338,30.405],[-88.3,30.386],[-88.187,30.363],[-88.192,30.319],[-88.131,30.334],[-88.107,30.377],[-88.101,30.51],[-88.083,30.529],[-88.083,30.573],[-88.038,30.648],[-88.007,30.682],[-87.925,30.649],[-87.913,30.616],[-87.905,30.538],[-87.937,30.483],[-87.92,30.471],[-87.906,30.409],[-87.837,30.376],[-87.809,30.333],[-87.747,30.288],[-87.801,30.229],[-87.66,30.251],[-87.518,30.28],[-87.505,30.324],[-87.465,30.333],[-87.43,30.406],[-87.371,30.43],[-87.436,30.48],[-87.447,30.527],[-87.419,30.562],[-87.394,30.631],[-87.407,30.675],[-87.502,30.722],[-87.533,30.743],[-87.552,30.786],[-87.6,30.821],[-87.635,30.866],[-87.589,30.964],[-87.599,30.997],[-87.141,31],[-86.725,30.997],[-86.52,30.993],[-85.894,30.993],[-85.498,30.997],[-85.244,31.001],[-85.002,31.001],[-85.011,31.054],[-85.036,31.108],[-85.077,31.157],[-85.1,31.165],[-85.097,31.226],[-85.113,31.264],[-85.09,31.295],[-85.092,31.365],[-85.072,31.468],[-85.041,31.541],[-85.058,31.571],[-85.057,31.619],[-85.126,31.695],[-85.119,31.733],[-85.14,31.859],[-85.098,31.926],[-85.055,32.011],[-85.059,32.047],[-85.046,32.087],[-85.062,32.132],[-85.009,32.182],[-84.93,32.219],[-84.901,32.257],[-84.934,32.298],[-85.002,32.322],[-84.987,32.359],[-84.972,32.443],[-84.994,32.451],[-85.002,32.515],[-85.068,32.58],[-85.105,32.645],[-85.088,32.658],[-85.117,32.692],[-85.143,32.761],[-85.122,32.773],[-85.168,32.812],[-85.154,32.847],[-85.185,32.871],[-85.232,33.108],[-85.304,33.483],[-85.357,33.75],[-85.47,34.328],[-85.561,34.75],[-85.605,34.985],[-85.824,34.988],[-86.397,34.992],[-86.862,34.992],[-87.429,35.003],[-87.664,35.004],[-88.203,35.008],[-88.2,34.996]]]]},"properties":{"abbr":"AL","name":"Alabama"}},{"type":"Feature","geometry":{"type":"Polygon","coordinates":[[[-85.605,34.985],[-85.561,34.75],[-85.47,34.328],[-85.357,33.75],[-85.304,33.483],[-85.232,33.108],[-85.185,32.871],[-85.154,32.847],[-85.168,32.812],[-85.122,32.773],[-85.143,32.761],[-85.117,32.692],[-85.088,32.658],[-85.105,32.645],[-85.068,32.58],[-85.002,32.515],[-84.994,32.451],[-84.972,32.443],[-84.987,32.359],[-85.002,32.322],[-84.934,32.298],[-84.901,32.257],[-84.93,32.219],[-85.009,32.182],[-85.062,32.132],[-85.046,32.087],[-85.059,32.047],[-85.055,32.011],[-85.098,31.926],[-85.14,31.859],[-85.119,31.733],[-85.126,31.695],[-85.057,31.619],[-85.058,31.571],[-85.041,31.541],[-85.072,31.468],[-85.092,31.365],[-85.09,31.295],[-85.113,31.264],[-85.097,31.226],[-85.1,31.165],[-85.077,31.157],[-85.036,31.108],[-85.011,31.054],[-85.002,31.001],[-84.984,30.937],[-84.934,30.882],[-84.937,30.821],[-84.918,30.778],[-84.865,30.712],[-84.539,30.697],[-84.057,30.675],[-83.5,30.646],[-83.131,30.624],[-82.569,30.591],[-82.215,30.569],[-82.24,30.538],[-82.201,30.485],[-82.21,30.425],[-82.17,30.359],[-82.105,30.368],[-82.048,30.363],[-82.037,30.435],[-82.018,30.475],[-82.019,30.524],[-82.005,30.563],[-82.012,30.594],[-82.05,30.656],[-82.036,30.707],[-82.037,30.754],[-81.973,30.779],[-81.964,30.818],[-81.891,30.822],[-81.881,30.8],[-81.807,30.79],[-81.74,30.764],[-81.72,30.745],[-81.652,30.741],[-81.561,30.712],[-81.49,30.726],[-81.444,30.71],[-81.459,30.742],[-81.447,30.81],[-81.429,30.836],[-81.404,30.904],[-81.403,30.958],[-81.427,30.957],[-81.491,30.985],[-81.451,31.016],[-81.42,31.017],[-81.401,31.073],[-81.41,31.121],[-81.366,31.148],[-81.331,31.197],[-81.29,31.218],[-81.271,31.266],[-81.288,31.311],[-81.294,31.369],[-81.269,31.383],[-81.247,31.423],[-81.179,31.516],[-81.198,31.537],[-81.237,31.529],[-81.263,31.496],[-81.295,31.522],[-81.277,31.548],[-81.216,31.558],[-81.196,31.58],[-81.16,31.57],[-81.129,31.631],[-81.136,31.683],[-81.186,31.702],[-81.193,31.733],[-81.131,31.723],[-81.07,31.771],[-81.036,31.81],[-81.076,31.829],[-81.042,31.876],[-80.993,31.858],[-80.93,31.908],[-80.984,31.932],[-80.933,31.962],[-80.921,31.939],[-80.847,31.988],[-80.908,32.038],[-81.004,32.102],[-81.038,32.084],[-81.115,32.115],[-81.123,32.201],[-81.157,32.244],[-81.122,32.305],[-81.142,32.35],[-81.162,32.35],[-81.179,32.394],[-81.206,32.424],[-81.2,32.468],[-81.281,32.556],[-81.322,32.56],[-81.389,32.595],[-81.418,32.628],[-81.395,32.65],[-81.421,32.7],[-81.412,32.763],[-81.43,32.782],[-81.422,32.835],[-81.476,32.878],[-81.483,32.922],[-81.503,32.939],[-81.492,33.007],[-81.562,33.046],[-81.615,33.096],[-81.642,33.093],[-81.705,33.116],[-81.763,33.159],[-81.768,33.216],[-81.808,33.214],[-81.853,33.249],[-81.846,33.284],[-81.869,33.314],[-81.919,33.333],[-81.945,33.364],[-81.913,33.438],[-81.926,33.463],[-81.986,33.487],[-82.01,33.53],[-82.046,33.564],[-82.134,33.591],[-82.197,33.631],[-82.2,33.662],[-82.235,33.7],[-82.247,33.753],[-82.299,33.784],[-82.346,33.834],[-82.408,33.866],[-82.429,33.866],[-82.493,33.91],[-82.513,33.937],[-82.557,33.945],[-82.596,34.031],[-82.675,34.13],[-82.717,34.151],[-82.742,34.21],[-82.743,34.251],[-82.782,34.298],[-82.795,34.341],[-82.835,34.366],[-82.865,34.46],[-82.902,34.487],[-82.993,34.479],[-83.069,34.502],[-83.085,34.531],[-83.141,34.562],[-83.168,34.591],[-83.231,34.611],[-83.254,34.637],[-83.338,34.687],[-83.349,34.737],[-83.319,34.765],[-83.324,34.787],[-83.256,34.844],[-83.243,34.877],[-83.206,34.88],[-83.169,34.919],[-83.112,34.936],[-83.11,35.001],[-83.323,34.996],[-83.62,34.992],[-83.62,34.987],[-84.13,34.988],[-84.322,34.988],[-84.939,34.988],[-85.385,34.983],[-85.605,34.985]]]},"properties":{"abbr":"GA","name":"Georgia"}},{"type":"Feature","geometry":{"type":"Polygon","coordinates":[[[-94.618,36.499],[-94.586,36.3],[-94.523,35.934],[-94.431,35.392],[-94.449,34.896],[-94.457,34.635],[-94.473,34.103],[-94.486,33.638],[-94.448,33.634],[-94.43,33.591],[-94.39,33.547],[-94.353,33.561],[-94.31,33.552],[-94.298,33.576],[-94.162,33.589],[-94.149,33.566],[-94.083,33.575],[-94.043,33.552],[-94.043,33.019],[-93.491,33.018],[-93.071,33.018],[-92.797,33.015],[-92.223,33.009],[-91.952,33.007],[-91.627,33.007],[-91.166,33.004],[-91.125,33.039],[-91.125,33.064],[-91.201,33.11],[-91.184,33.142],[-91.15,33.131],[-91.086,33.137],[-91.08,33.17],[-91.1,33.219],[-91.05,33.251],[-91.086,33.274],[-91.128,33.269],[-91.142,33.3],[-91.142,33.349],[-91.058,33.429],[-91.094,33.443],[-91.1,33.407],[-91.142,33.38],[-91.209,33.404],[-91.139,33.427],[-91.119,33.446],[-91.132,33.482],[-91.177,33.487],[-91.17,33.452],[-91.207,33.434],[-91.235,33.439],[-91.185,33.508],[-91.219,33.53],[-91.225,33.568],[-91.171,33.568],[-91.137,33.59],[-91.137,33.627],[-91.212,33.657],[-91.211,33.7],[-91.16,33.707],[-91.133,33.677],[-91.091,33.658],[-91.031,33.679],[-91.061,33.715],[-91.117,33.705],[-91.149,33.731],[-91.134,33.783],[-91.108,33.772],[-91.053,33.778],[-91.001,33.769],[-90.992,33.793],[-91.049,33.816],[-91.07,33.873],[-91.01,33.932],[-91.09,33.964],[-91.083,34.009],[-91.049,33.993],[-91.019,34.003],[-91,33.966],[-90.962,33.98],[-90.988,34.019],[-90.896,34.025],[-90.871,34.081],[-90.948,34.11],[-90.959,34.135],[-90.91,34.166],[-90.86,34.139],[-90.808,34.162],[-90.817,34.183],[-90.888,34.182],[-90.935,34.218],[-90.906,34.244],[-90.881,34.216],[-90.839,34.216],[-90.834,34.274],[-90.766,34.27],[-90.736,34.312],[-90.769,34.348],[-90.614,34.39],[-90.578,34.431],[-90.593,34.477],[-90.581,34.516],[-90.54,34.558],[-90.591,34.619],[-90.517,34.631],[-90.469,34.67],[-90.474,34.705],[-90.532,34.696],[-90.572,34.713],[-90.539,34.755],[-90.548,34.783],[-90.521,34.802],[-90.493,34.772],[-90.524,34.731],[-90.475,34.724],[-90.448,34.739],[-90.476,34.794],[-90.455,34.821],[-90.484,34.864],[-90.462,34.892],[-90.429,34.867],[-90.439,34.825],[-90.4,34.828],[-90.318,34.871],[-90.258,34.893],[-90.246,34.949],[-90.308,34.996],[-90.297,35.038],[-90.207,35.026],[-90.181,35.054],[-90.177,35.112],[-90.142,35.133],[-90.083,35.121],[-90.069,35.156],[-90.101,35.171],[-90.076,35.221],[-90.094,35.249],[-90.152,35.256],[-90.157,35.301],[-90.11,35.305],[-90.081,35.386],[-90.112,35.41],[-90.143,35.388],[-90.169,35.422],[-90.129,35.442],[-90.108,35.477],[-90.068,35.466],[-90.074,35.434],[-90.048,35.412],[-90.003,35.431],[-90.05,35.516],[-90.04,35.547],[-89.989,35.56],[-89.929,35.512],[-89.913,35.549],[-89.942,35.557],[-89.951,35.597],[-89.857,35.634],[-89.876,35.667],[-89.906,35.651],[-89.957,35.694],[-89.958,35.727],[-89.906,35.759],[-89.839,35.742],[-89.801,35.757],[-89.8,35.788],[-89.758,35.81],[-89.728,35.803],[-89.697,35.837],[-89.769,35.861],[-89.767,35.891],[-89.715,35.906],[-89.676,35.877],[-89.646,35.886],[-89.65,35.928],[-89.714,35.96],[-89.733,36.001],[-90.378,35.996],[-90.293,36.114],[-90.249,36.13],[-90.22,36.185],[-90.142,36.228],[-90.115,36.266],[-90.084,36.272],[-90.064,36.303],[-90.082,36.322],[-90.065,36.382],[-90.08,36.401],[-90.135,36.414],[-90.154,36.497],[-90.711,36.498],[-91.405,36.497],[-91.537,36.499],[-91.986,36.498],[-92.35,36.498],[-92.772,36.498],[-93.126,36.498],[-93.728,36.499],[-94.111,36.499],[-94.618,36.499]]]},"properties":{"abbr":"AR","name":"Arkansas"}},{"type":"Feature","geometry":{"type":"Polygon","coordinates":[[[-80.519,41.977],[-80.519,41.67],[-80.519,41.249],[-80.519,40.639],[-80.519,40.342],[-80.519,39.721],[-79.853,39.721],[-79.477,39.721],[-78.931,39.723],[-78.538,39.722],[-78.099,39.722],[-77.469,39.72],[-76.991,39.72],[-76.419,39.721],[-75.789,39.722],[-75.701,39.803],[-75.617,39.834],[-75.499,39.833],[-75.423,39.807],[-75.415,39.802],[-75.33,39.849],[-75.272,39.849],[-75.183,39.882],[-75.149,39.884],[-75.128,39.912],[-75.13,39.959],[-75.076,39.978],[-75.053,40.005],[-75.012,40.021],[-74.933,40.069],[-74.86,40.085],[-74.816,40.128],[-74.782,40.121],[-74.724,40.146],[-74.772,40.215],[-74.842,40.251],[-74.868,40.295],[-74.944,40.343],[-74.964,40.395],[-75.059,40.418],[-75.069,40.542],[-75.1,40.568],[-75.194,40.576],[-75.2,40.647],[-75.178,40.678],[-75.204,40.691],[-75.182,40.73],[-75.197,40.752],[-75.172,40.778],[-75.109,40.791],[-75.054,40.874],[-75.118,40.953],[-75.131,40.991],[-75.027,41.04],[-75.013,41.066],[-74.971,41.085],[-74.982,41.108],[-74.923,41.138],[-74.882,41.181],[-74.838,41.277],[-74.753,41.346],[-74.695,41.357],[-74.713,41.39],[-74.759,41.423],[-74.889,41.438],[-74.909,41.472],[-74.982,41.48],[-74.984,41.507],[-75.019,41.552],[-75.075,41.606],[-75.044,41.618],[-75.053,41.753],[-75.105,41.774],[-75.086,41.812],[-75.114,41.844],[-75.198,41.869],[-75.264,41.871],[-75.279,41.939],[-75.31,41.949],[-75.36,41.999],[-75.742,41.998],[-76.344,41.998],[-76.75,42.002],[-77.125,41.999],[-77.832,41.999],[-78.271,41.999],[-78.597,42],[-78.875,41.998],[-79.179,41.999],[-79.472,41.998],[-79.761,41.999],[-79.762,42.27],[-79.873,42.232],[-80.061,42.145],[-80.087,42.172],[-80.136,42.149],[-80.154,42.115],[-80.215,42.083],[-80.331,42.036],[-80.519,41.977]]]},"properties":{"abbr":"PA","name":"Pennsylvania"}},{"type":"Feature","geometry":{"type":"Polygon","coordinates":[[[-95.766,40.585],[-95.757,40.526],[-95.697,40.528],[-95.693,40.469],[-95.658,40.442],[-95.661,40.416],[-95.61,40.314],[-95.553,40.291],[-95.556,40.271],[-95.478,40.243],[-95.476,40.182],[-95.399,40.126],[-95.422,40.059],[-95.414,40.038],[-95.364,40.031],[-95.308,40],[-95.303,39.984],[-95.241,39.945],[-95.201,39.934],[-95.206,39.908],[-95.144,39.902],[-95.141,39.882],[-95.082,39.862],[-95.038,39.866],[-95.019,39.897],[-94.959,39.902],[-94.928,39.886],[-94.943,39.857],[-94.887,39.833],[-94.876,39.807],[-94.926,39.79],[-94.903,39.724],[-94.955,39.746],[-94.969,39.693],[-95.028,39.665],[-95.055,39.622],[-95.057,39.581],[-95.107,39.574],[-95.103,39.533],[-95.05,39.494],[-95.033,39.461],[-94.99,39.446],[-94.923,39.384],[-94.9,39.3],[-94.846,39.268],[-94.824,39.21],[-94.787,39.208],[-94.737,39.169],[-94.687,39.184],[-94.64,39.154],[-94.588,39.15],[-94.608,39.118],[-94.608,38.828],[-94.612,38.62],[-94.613,38.218],[-94.618,37.773],[-94.617,37.522],[-94.618,36.999],[-94.618,36.499],[-94.111,36.499],[-93.728,36.499],[-93.126,36.498],[-92.772,36.498],[-92.35,36.498],[-91.986,36.498],[-91.537,36.499],[-91.405,36.497],[-90.711,36.498],[-90.154,36.497],[-90.135,36.414],[-90.08,36.401],[-90.065,36.382],[-90.082,36.322],[-90.064,36.303],[-90.084,36.272],[-90.115,36.266],[-90.142,36.228],[-90.22,36.185],[-90.249,36.13],[-90.293,36.114],[-90.378,35.996],[-89.733,36.001],[-89.707,36.001],[-89.687,36.034],[-89.68,36.082],[-89.594,36.127],[-89.607,36.171],[-89.693,36.225],[-89.695,36.253],[-89.587,36.239],[-89.535,36.253],[-89.536,36.271],[-89.612,36.309],[-89.611,36.34],[-89.532,36.339],[-89.51,36.374],[-89.542,36.42],[-89.523,36.481],[-89.539,36.498],[-89.571,36.547],[-89.553,36.577],[-89.485,36.572],[-89.466,36.53],[-89.485,36.497],[-89.464,36.457],[-89.417,36.499],[-89.375,36.616],[-89.327,36.632],[-89.258,36.565],[-89.227,36.569],[-89.198,36.629],[-89.159,36.666],[-89.199,36.716],[-89.167,36.76],[-89.126,36.752],[-89.117,36.776],[-89.177,36.807],[-89.173,36.84],[-89.138,36.847],[-89.118,36.887],[-89.1,36.965],[-89.133,36.982],[-89.192,36.98],[-89.198,37.012],[-89.26,37.064],[-89.301,37.045],[-89.258,37.015],[-89.292,36.992],[-89.378,37.04],[-89.376,37.086],[-89.414,37.125],[-89.462,37.2],[-89.461,37.251],[-89.49,37.251],[-89.518,37.285],[-89.491,37.331],[-89.436,37.344],[-89.422,37.397],[-89.516,37.536],[-89.517,37.585],[-89.478,37.599],[-89.518,37.641],[-89.512,37.686],[-89.583,37.713],[-89.617,37.75],[-89.668,37.759],[-89.66,37.786],[-89.74,37.847],[-89.796,37.86],[-89.798,37.88],[-89.845,37.906],[-89.902,37.87],[-89.952,37.883],[-89.974,37.919],[-89.941,37.971],[-90.005,37.968],[-90.059,38.016],[-90.094,38.018],[-90.131,38.062],[-90.177,38.071],[-90.243,38.113],[-90.275,38.158],[-90.322,38.182],[-90.354,38.214],[-90.373,38.286],[-90.368,38.34],[-90.341,38.389],[-90.293,38.429],[-90.26,38.528],[-90.192,38.599],[-90.183,38.665],[-90.212,38.712],[-90.166,38.773],[-90.123,38.798],[-90.113,38.849],[-90.198,38.888],[-90.25,38.919],[-90.309,38.924],[-90.383,38.955],[-90.451,38.968],[-90.544,38.875],[-90.583,38.869],[-90.625,38.889],[-90.663,38.927],[-90.678,38.992],[-90.713,39.057],[-90.683,39.088],[-90.709,39.155],[-90.727,39.251],[-90.793,39.309],[-90.84,39.34],[-90.994,39.423],[-91.059,39.469],[-91.064,39.495],[-91.1,39.539],[-91.148,39.546],[-91.186,39.605],[-91.241,39.63],[-91.276,39.666],[-91.37,39.733],[-91.362,39.785],[-91.378,39.811],[-91.43,39.838],[-91.448,39.878],[-91.421,39.915],[-91.495,40.036],[-91.49,40.057],[-91.51,40.128],[-91.507,40.236],[-91.462,40.342],[-91.419,40.378],[-91.48,40.382],[-91.525,40.411],[-91.529,40.459],[-91.564,40.461],[-91.617,40.505],[-91.625,40.544],[-91.682,40.553],[-91.689,40.583],[-91.729,40.614],[-92.096,40.602],[-92.757,40.589],[-92.942,40.588],[-93.261,40.581],[-93.548,40.58],[-94.08,40.573],[-94.489,40.571],[-94.992,40.576],[-95.525,40.582],[-95.766,40.585]]]},"properties":{"abbr":"MO","name":"Missouri"}},{"type":"Feature","geometry":{"type":"Polygon","coordinates":[[[-109.05,41.001],[-109.048,40.619],[-109.051,40.444],[-109.051,39.875],[-109.051,39.498],[-109.052,39.126],[-109.054,38.875],[-109.06,38.72],[-109.06,38.275],[-109.042,38.165],[-109.041,37.907],[-109.042,37.531],[-109.046,37.375],[-109.045,36.999],[-108.75,36.999],[-108.251,37],[-107.712,37],[-107.197,37],[-106.877,37],[-106.87,36.992],[-106.201,36.994],[-105.627,36.996],[-105.121,36.995],[-105.001,36.993],[-104.339,36.994],[-104.008,36.996],[-103.472,36.999],[-103.002,37],[-102.812,37],[-102.698,36.995],[-102.042,36.993],[-102.042,37.353],[-102.042,37.68],[-102.045,38.046],[-102.045,38.454],[-102.045,38.813],[-102.048,39.303],[-102.05,39.646],[-102.052,40.003],[-102.051,40.338],[-102.051,40.75],[-102.052,41.002],[-102.557,41.002],[-102.866,41.002],[-103.497,41.002],[-104.053,41.001],[-104.676,41.001],[-104.855,40.998],[-105.255,40.998],[-105.725,40.997],[-106.218,40.998],[-106.454,41.002],[-106.858,41.003],[-107.626,41.002],[-108.251,41],[-108.884,41],[-109.05,41.001]]]},"properties":{"abbr":"CO","name":"Colorado"}},{"type":"Feature","geometry":{"type":"Polygon","coordinates":[[[-114.041,41.994],[-114.04,41.885],[-114.04,41.492],[-114.041,41.22],[-114.043,40.772],[-114.046,40.398],[-114.047,39.997],[-114.048,39.456],[-114.049,39.006],[-114.05,38.5],[-114.049,38.265],[-114.05,37.824],[-114.053,37.593],[-114.051,37],[-113.624,37],[-113.275,37],[-112.83,37],[-112.358,37.001],[-111.865,37.001],[-111.134,37.001],[-111.066,37.002],[-110.501,37.004],[-110.47,36.998],[-109.876,36.999],[-109.495,36.999],[-109.045,36.999],[-109.046,37.375],[-109.042,37.531],[-109.041,37.907],[-109.042,38.165],[-109.06,38.275],[-109.06,38.72],[-109.054,38.875],[-109.052,39.126],[-109.051,39.498],[-109.051,39.875],[-109.051,40.444],[-109.048,40.619],[-109.05,41.001],[-109.535,40.998],[-110.122,40.997],[-110.501,40.995],[-110.54,40.996],[-111.047,40.998],[-111.046,41.58],[-111.047,42.002],[-111.478,42],[-112.154,41.997],[-112.173,42.002],[-112.775,42],[-113.526,41.993],[-113.902,41.989],[-114.041,41.994]]]},"properties":{"abbr":"UT","name":"Utah"}},{"type":"Feature","geometry":{"type":"Polygon","coordinates":[[[-103.002,37],[-103.002,36.5],[-102.571,36.5],[-101.827,36.5],[-101.367,36.499],[-101.085,36.499],[-100.522,36.499],[-100,36.5],[-100,36.043],[-100,35.746],[-100,35.3],[-100,35.03],[-100,34.561],[-99.946,34.579],[-99.887,34.549],[-99.853,34.512],[-99.754,34.421],[-99.695,34.378],[-99.6,34.375],[-99.58,34.417],[-99.5,34.41],[-99.43,34.381],[-99.397,34.379],[-99.381,34.457],[-99.329,34.422],[-99.295,34.415],[-99.21,34.338],[-99.19,34.214],[-99.119,34.202],[-99.08,34.212],[-99.043,34.198],[-99.001,34.218],[-98.95,34.212],[-98.921,34.183],[-98.872,34.165],[-98.804,34.154],[-98.766,34.136],[-98.691,34.133],[-98.648,34.164],[-98.6,34.161],[-98.486,34.063],[-98.412,34.088],[-98.395,34.131],[-98.364,34.157],[-98.3,34.135],[-98.231,34.134],[-98.169,34.114],[-98.109,34.154],[-98.091,34.122],[-98.119,34.084],[-98.084,34.042],[-98.083,34.002],[-98.019,33.994],[-97.972,34.005],[-97.946,33.988],[-97.96,33.952],[-97.968,33.882],[-97.937,33.879],[-97.866,33.849],[-97.834,33.858],[-97.802,33.894],[-97.732,33.937],[-97.672,33.991],[-97.634,33.981],[-97.589,33.952],[-97.597,33.92],[-97.552,33.898],[-97.501,33.92],[-97.46,33.904],[-97.463,33.842],[-97.426,33.819],[-97.373,33.819],[-97.306,33.886],[-97.27,33.858],[-97.246,33.9],[-97.211,33.916],[-97.18,33.892],[-97.167,33.847],[-97.206,33.803],[-97.172,33.738],[-97.126,33.717],[-97.097,33.728],[-97.085,33.766],[-97.095,33.799],[-97.048,33.817],[-96.984,33.891],[-96.995,33.932],[-96.922,33.96],[-96.899,33.934],[-96.896,33.896],[-96.866,33.853],[-96.832,33.875],[-96.794,33.869],[-96.762,33.824],[-96.712,33.832],[-96.691,33.85],[-96.673,33.912],[-96.597,33.875],[-96.623,33.841],[-96.573,33.819],[-96.527,33.821],[-96.5,33.773],[-96.423,33.776],[-96.404,33.746],[-96.338,33.689],[-96.31,33.71],[-96.297,33.766],[-96.264,33.767],[-96.229,33.748],[-96.178,33.761],[-96.165,33.818],[-96.148,33.838],[-96.1,33.848],[-96.049,33.836],[-95.941,33.862],[-95.926,33.885],[-95.845,33.839],[-95.801,33.861],[-95.752,33.861],[-95.756,33.893],[-95.711,33.885],[-95.66,33.91],[-95.627,33.908],[-95.597,33.942],[-95.554,33.928],[-95.533,33.881],[-95.473,33.88],[-95.441,33.866],[-95.363,33.867],[-95.279,33.878],[-95.253,33.894],[-95.25,33.938],[-95.214,33.962],[-95.121,33.931],[-95.06,33.902],[-95.047,33.863],[-94.993,33.852],[-94.969,33.861],[-94.954,33.816],[-94.875,33.749],[-94.748,33.725],[-94.736,33.692],[-94.58,33.679],[-94.551,33.628],[-94.505,33.621],[-94.486,33.638],[-94.473,34.103],[-94.457,34.635],[-94.449,34.896],[-94.431,35.392],[-94.523,35.934],[-94.586,36.3],[-94.618,36.499],[-94.618,36.999],[-94.995,37],[-95.408,36.999],[-96.001,36.999],[-96.5,36.999],[-97.03,36.999],[-97.607,36.999],[-98.112,36.998],[-98.354,36.998],[-99.029,37],[-99.649,37],[-100.116,37.002],[-100.735,36.999],[-101.283,36.997],[-101.633,36.995],[-102.042,36.993],[-102.698,36.995],[-102.812,37],[-103.002,37]]]},"properties":{"abbr":"OK","name":"Oklahoma"}},{"type":"Feature","geometry":{"type":"Polygon","coordinates":[[[-89.733,36.001],[-89.714,35.96],[-89.65,35.928],[-89.646,35.886],[-89.676,35.877],[-89.715,35.906],[-89.767,35.891],[-89.769,35.861],[-89.697,35.837],[-89.728,35.803],[-89.758,35.81],[-89.8,35.788],[-89.801,35.757],[-89.839,35.742],[-89.906,35.759],[-89.958,35.727],[-89.957,35.694],[-89.906,35.651],[-89.876,35.667],[-89.857,35.634],[-89.951,35.597],[-89.942,35.557],[-89.913,35.549],[-89.929,35.512],[-89.989,35.56],[-90.04,35.547],[-90.05,35.516],[-90.003,35.431],[-90.048,35.412],[-90.074,35.434],[-90.068,35.466],[-90.108,35.477],[-90.129,35.442],[-90.169,35.422],[-90.143,35.388],[-90.112,35.41],[-90.081,35.386],[-90.11,35.305],[-90.157,35.301],[-90.152,35.256],[-90.094,35.249],[-90.076,35.221],[-90.101,35.171],[-90.069,35.156],[-90.083,35.121],[-90.142,35.133],[-90.177,35.112],[-90.181,35.054],[-90.207,35.026],[-90.297,35.038],[-90.308,34.996],[-89.956,34.995],[-89.435,34.994],[-89.157,34.994],[-88.684,34.996],[-88.2,34.996],[-88.203,35.008],[-87.664,35.004],[-87.429,35.003],[-86.862,34.992],[-86.397,34.992],[-85.824,34.988],[-85.605,34.985],[-85.385,34.983],[-84.939,34.988],[-84.322,34.988],[-84.29,35.226],[-84.224,35.269],[-84.199,35.244],[-84.107,35.252],[-84.056,35.268],[-84.021,35.301],[-84.038,35.348],[-84.008,35.372],[-84.015,35.412],[-83.961,35.464],[-83.912,35.476],[-83.883,35.517],[-83.826,35.524],[-83.772,35.562],[-83.63,35.568],[-83.498,35.563],[-83.446,35.612],[-83.367,35.639],[-83.335,35.665],[-83.313,35.655],[-83.256,35.696],[-83.241,35.727],[-83.186,35.73],[-83.159,35.765],[-83.12,35.766],[-83.079,35.789],[-82.992,35.774],[-82.964,35.79],[-82.946,35.825],[-82.917,35.841],[-82.896,35.88],[-82.913,35.924],[-82.893,35.945],[-82.853,35.949],[-82.826,35.93],[-82.787,35.952],[-82.785,35.988],[-82.684,36.046],[-82.632,36.066],[-82.602,36.036],[-82.611,35.967],[-82.55,35.964],[-82.505,35.978],[-82.461,36.008],[-82.409,36.083],[-82.355,36.116],[-82.289,36.136],[-82.248,36.131],[-82.205,36.157],[-82.148,36.15],[-82.131,36.106],[-82.08,36.107],[-82.033,36.12],[-81.908,36.302],[-81.833,36.347],[-81.791,36.356],[-81.765,36.339],[-81.717,36.348],[-81.741,36.413],[-81.695,36.468],[-81.708,36.536],[-81.678,36.588],[-81.647,36.612],[-81.923,36.616],[-81.934,36.594],[-82.21,36.596],[-82.467,36.594],[-82.888,36.593],[-83.261,36.594],[-83.276,36.598],[-83.623,36.598],[-83.675,36.601],[-83.691,36.583],[-83.988,36.59],[-84.271,36.592],[-84.543,36.596],[-84.843,36.605],[-85.025,36.619],[-85.195,36.625],[-85.3,36.624],[-85.488,36.615],[-85.832,36.622],[-86.033,36.63],[-86.333,36.649],[-86.508,36.652],[-86.564,36.633],[-86.59,36.652],[-87.115,36.642],[-87.414,36.641],[-87.853,36.633],[-87.85,36.664],[-88.071,36.678],[-88.032,36.541],[-88.053,36.497],[-88.331,36.501],[-88.835,36.503],[-89.118,36.504],[-89.3,36.507],[-89.417,36.499],[-89.464,36.457],[-89.485,36.497],[-89.539,36.498],[-89.523,36.481],[-89.542,36.42],[-89.51,36.374],[-89.532,36.339],[-89.611,36.34],[-89.612,36.309],[-89.536,36.271],[-89.535,36.253],[-89.587,36.239],[-89.695,36.253],[-89.693,36.225],[-89.607,36.171],[-89.594,36.127],[-89.68,36.082],[-89.687,36.034],[-89.707,36.001],[-89.733,36.001]]]},"properties":{"abbr":"TN","name":"Tennessee"}},{"type":"Feature","geometry":{"type":"Polygon","coordinates":[[[-104.058,44.998],[-104.631,44.999],[-105.169,45],[-105.913,45],[-105.928,44.993],[-106.571,44.995],[-107.085,44.997],[-107.127,45],[-107.626,45.001],[-108.005,45.001],[-108.515,45],[-109.083,45],[-109.103,45.006],[-109.761,45.002],[-110.106,45.004],[-110.183,44.997],[-110.407,44.999],[-110.446,44.994],[-110.704,44.992],[-110.79,45.001],[-111.055,45.001],[-111.052,44.478],[-111.049,44.474],[-111.049,44.02],[-111.045,43.501],[-111.044,43.2],[-111.044,42.723],[-111.047,42.505],[-111.047,42.002],[-111.046,41.58],[-111.047,40.998],[-110.54,40.996],[-110.501,40.995],[-110.122,40.997],[-109.535,40.998],[-109.05,41.001],[-108.884,41],[-108.251,41],[-107.626,41.002],[-106.858,41.003],[-106.454,41.002],[-106.218,40.998],[-105.725,40.997],[-105.255,40.998],[-104.855,40.998],[-104.676,41.001],[-104.053,41.001],[-104.052,41.418],[-104.053,41.885],[-104.053,42.125],[-104.053,42.5],[-104.053,43.001],[-104.055,43.397],[-104.055,43.846],[-104.055,44.127],[-104.056,44.633],[-104.058,44.998]]]},"properties":{"abbr":"WY","name":"Wyoming"}},{"type":"Feature","geometry":{"type":"MultiPolygon","coordinates":[[[[-74.256,40.508],[-74.247,40.496],[-74.113,40.548],[-74.053,40.604],[-74.079,40.648],[-74.201,40.631],[-74.195,40.602],[-74.212,40.557],[-74.248,40.543],[-74.244,40.518],[-74.256,40.508]]],[[[-79.762,42.27],[-79.761,41.999],[-79.472,41.998],[-79.179,41.999],[-78.875,41.998],[-78.597,42],[-78.271,41.999],[-77.832,41.999],[-77.125,41.999],[-76.75,42.002],[-76.344,41.998],[-75.742,41.998],[-75.36,41.999],[-75.31,41.949],[-75.279,41.939],[-75.264,41.871],[-75.198,41.869],[-75.114,41.844],[-75.086,41.812],[-75.105,41.774],[-75.053,41.753],[-75.044,41.618],[-75.075,41.606],[-75.019,41.552],[-74.984,41.507],[-74.982,41.48],[-74.909,41.472],[-74.889,41.438],[-74.759,41.423],[-74.713,41.39],[-74.695,41.357],[-74.458,41.248],[-74.345,41.192],[-73.903,40.997],[-73.896,40.982],[-73.93,40.889],[-73.963,40.827],[-74.014,40.758],[-74.023,40.72],[-74.008,40.662],[-74.042,40.626],[-73.997,40.591],[-73.991,40.571],[-73.899,40.587],[-73.882,40.568],[-73.775,40.591],[-73.705,40.584],[-73.611,40.588],[-73.572,40.578],[-73.326,40.633],[-73.306,40.621],[-73.208,40.631],[-73.013,40.68],[-72.923,40.713],[-72.768,40.762],[-72.47,40.843],[-72.396,40.867],[-72.114,40.972],[-71.875,41.052],[-71.904,41.086],[-71.96,41.071],[-72.017,41.024],[-72.049,41.023],[-72.095,40.991],[-72.163,41.053],[-72.191,41.033],[-72.241,41.045],[-72.276,41.037],[-72.28,41.08],[-72.317,41.089],[-72.354,41.14],[-72.397,41.096],[-72.445,41.086],[-72.477,41.052],[-72.518,41.04],[-72.585,40.998],[-72.636,40.982],[-72.774,40.965],[-72.833,40.97],[-72.914,40.962],[-73.055,40.965],[-73.118,40.977],[-73.148,40.966],[-73.147,40.929],[-73.228,40.906],[-73.295,40.924],[-73.353,40.924],[-73.362,40.904],[-73.413,40.904],[-73.438,40.935],[-73.485,40.946],[-73.506,40.876],[-73.542,40.877],[-73.566,40.916],[-73.64,40.897],[-73.648,40.854],[-73.714,40.87],[-73.728,40.839],[-73.757,40.834],[-73.774,40.786],[-73.815,40.831],[-73.757,40.913],[-73.683,40.95],[-73.659,40.989],[-73.655,41.012],[-73.728,41.101],[-73.483,41.213],[-73.551,41.295],[-73.521,41.62],[-73.487,42.05],[-73.508,42.086],[-73.382,42.429],[-73.265,42.746],[-73.291,42.802],[-73.279,42.833],[-73.27,43.036],[-73.256,43.259],[-73.247,43.526],[-73.259,43.565],[-73.285,43.579],[-73.302,43.624],[-73.359,43.625],[-73.398,43.568],[-73.429,43.584],[-73.428,43.634],[-73.402,43.693],[-73.371,43.725],[-73.351,43.772],[-73.393,43.822],[-73.374,43.874],[-73.409,43.933],[-73.411,44.027],[-73.438,44.045],[-73.391,44.189],[-73.324,44.244],[-73.311,44.274],[-73.334,44.372],[-73.296,44.428],[-73.3,44.477],[-73.343,44.552],[-73.382,44.589],[-73.39,44.617],[-73.366,44.698],[-73.366,44.742],[-73.335,44.805],[-73.381,44.845],[-73.338,44.924],[-73.343,45.011],[-73.64,45.003],[-73.875,45.001],[-74.147,44.992],[-74.335,44.992],[-74.458,44.997],[-74.684,45],[-74.731,44.99],[-74.827,45.016],[-74.908,44.983],[-74.972,44.983],[-75.065,44.929],[-75.134,44.915],[-75.14,44.897],[-75.219,44.878],[-75.308,44.837],[-75.478,44.72],[-75.766,44.516],[-75.808,44.472],[-75.821,44.432],[-75.913,44.368],[-75.97,44.343],[-76.001,44.348],[-76.097,44.3],[-76.162,44.281],[-76.164,44.24],[-76.245,44.204],[-76.313,44.199],[-76.37,44.105],[-76.359,44.076],[-76.296,44.06],[-76.301,44.021],[-76.237,43.978],[-76.204,44.019],[-76.263,44.053],[-76.171,44.066],[-76.149,44.008],[-76.188,44],[-76.2,43.968],[-76.159,43.959],[-76.061,43.997],[-76.13,43.933],[-76.127,43.898],[-76.202,43.865],[-76.26,43.882],[-76.297,43.856],[-76.237,43.816],[-76.213,43.754],[-76.197,43.663],[-76.203,43.575],[-76.236,43.529],[-76.291,43.514],[-76.411,43.523],[-76.487,43.475],[-76.562,43.448],[-76.631,43.413],[-76.694,43.346],[-76.728,43.344],[-76.794,43.309],[-76.896,43.296],[-76.951,43.271],[-77.043,43.271],[-77.107,43.289],[-77.264,43.277],[-77.341,43.281],[-77.501,43.25],[-77.53,43.236],[-77.577,43.243],[-77.654,43.279],[-77.76,43.341],[-77.797,43.34],[-77.923,43.357],[-78.105,43.376],[-78.179,43.371],[-78.489,43.375],[-78.634,43.358],[-78.851,43.312],[-78.988,43.278],[-79.056,43.254],[-79.042,43.144],[-79.074,43.078],[-79.007,43.066],[-79.023,43.016],[-79.012,42.985],[-78.932,42.956],[-78.906,42.899],[-78.858,42.839],[-78.866,42.772],[-78.918,42.737],[-78.991,42.705],[-79.047,42.691],[-79.064,42.645],[-79.111,42.613],[-79.149,42.554],[-79.18,42.552],[-79.318,42.502],[-79.405,42.453],[-79.454,42.411],[-79.57,42.351],[-79.683,42.298],[-79.762,42.27]]]]},"properties":{"abbr":"NY","name":"New York"}},{"type":"Feature","geometry":{"type":"Polygon","coordinates":[[[-87.524,41.708],[-87.527,41.298],[-87.526,40.807],[-87.526,40.494],[-87.531,40.148],[-87.533,39.872],[-87.532,39.348],[-87.589,39.334],[-87.606,39.311],[-87.606,39.262],[-87.581,39.255],[-87.575,39.218],[-87.659,39.136],[-87.653,39.107],[-87.618,39.104],[-87.573,39.057],[-87.577,38.987],[-87.529,38.972],[-87.517,38.933],[-87.544,38.889],[-87.527,38.818],[-87.496,38.785],[-87.505,38.735],[-87.531,38.684],[-87.597,38.665],[-87.627,38.605],[-87.623,38.586],[-87.669,38.542],[-87.672,38.507],[-87.714,38.48],[-87.745,38.409],[-87.832,38.327],[-87.843,38.278],[-87.888,38.285],[-87.907,38.27],[-87.95,38.277],[-87.97,38.192],[-87.911,38.167],[-87.945,38.127],[-88.017,38.097],[-87.967,38.067],[-88.034,38.032],[-88.013,37.977],[-88.037,37.957],[-88.013,37.895],[-88.095,37.894],[-88.059,37.849],[-88.033,37.842],[-88.028,37.799],[-87.945,37.775],[-87.907,37.808],[-87.915,37.85],[-87.938,37.891],[-87.905,37.925],[-87.873,37.921],[-87.83,37.876],[-87.763,37.891],[-87.667,37.896],[-87.682,37.856],[-87.672,37.829],[-87.615,37.832],[-87.587,37.885],[-87.628,37.922],[-87.606,37.95],[-87.572,37.947],[-87.511,37.906],[-87.438,37.944],[-87.385,37.938],[-87.22,37.849],[-87.165,37.841],[-87.13,37.787],[-87.07,37.802],[-87.043,37.869],[-87.045,37.894],[-86.979,37.93],[-86.926,37.935],[-86.856,37.987],[-86.796,37.989],[-86.751,37.913],[-86.718,37.893],[-86.686,37.913],[-86.645,37.895],[-86.662,37.857],[-86.638,37.843],[-86.598,37.867],[-86.589,37.921],[-86.534,37.917],[-86.507,37.936],[-86.525,37.968],[-86.517,38.043],[-86.452,38.05],[-86.434,38.087],[-86.375,38.131],[-86.348,38.195],[-86.287,38.158],[-86.27,38.13],[-86.279,38.101],[-86.267,38.057],[-86.177,38.01],[-86.128,38.016],[-86.079,38.001],[-86.05,37.961],[-86.026,37.995],[-85.947,38.005],[-85.926,38.022],[-85.905,38.089],[-85.904,38.174],[-85.839,38.24],[-85.836,38.265],[-85.787,38.289],[-85.741,38.268],[-85.684,38.295],[-85.655,38.324],[-85.618,38.426],[-85.586,38.45],[-85.499,38.468],[-85.467,38.511],[-85.422,38.533],[-85.416,38.564],[-85.44,38.611],[-85.439,38.659],[-85.455,38.682],[-85.436,38.728],[-85.305,38.742],[-85.247,38.732],[-85.213,38.695],[-85.173,38.688],[-85.137,38.7],[-85.072,38.742],[-84.992,38.779],[-84.933,38.778],[-84.887,38.795],[-84.812,38.793],[-84.823,38.839],[-84.788,38.864],[-84.8,38.891],[-84.87,38.9],[-84.871,38.929],[-84.835,38.958],[-84.837,38.988],[-84.897,39.053],[-84.82,39.105],[-84.816,39.478],[-84.814,39.814],[-84.804,40.312],[-84.802,40.801],[-84.803,40.988],[-84.804,41.437],[-84.806,41.696],[-84.806,41.76],[-85.308,41.76],[-85.791,41.759],[-86.128,41.761],[-86.519,41.759],[-86.825,41.76],[-86.909,41.727],[-86.923,41.713],[-87.099,41.652],[-87.221,41.624],[-87.289,41.621],[-87.369,41.63],[-87.412,41.644],[-87.425,41.69],[-87.476,41.675],[-87.524,41.708]]]},"properties":{"abbr":"IN","name":"Indiana"}},{"type":"Feature","geometry":{"type":"Polygon","coordinates":[[[-102.052,40.003],[-102.05,39.646],[-102.048,39.303],[-102.045,38.813],[-102.045,38.454],[-102.045,38.046],[-102.042,37.68],[-102.042,37.353],[-102.042,36.993],[-101.633,36.995],[-101.283,36.997],[-100.735,36.999],[-100.116,37.002],[-99.649,37],[-99.029,37],[-98.354,36.998],[-98.112,36.998],[-97.607,36.999],[-97.03,36.999],[-96.5,36.999],[-96.001,36.999],[-95.408,36.999],[-94.995,37],[-94.618,36.999],[-94.617,37.522],[-94.618,37.773],[-94.613,38.218],[-94.612,38.62],[-94.608,38.828],[-94.608,39.118],[-94.588,39.15],[-94.64,39.154],[-94.687,39.184],[-94.737,39.169],[-94.787,39.208],[-94.824,39.21],[-94.846,39.268],[-94.9,39.3],[-94.923,39.384],[-94.99,39.446],[-95.033,39.461],[-95.05,39.494],[-95.103,39.533],[-95.107,39.574],[-95.057,39.581],[-95.055,39.622],[-95.028,39.665],[-94.969,39.693],[-94.955,39.746],[-94.903,39.724],[-94.926,39.79],[-94.876,39.807],[-94.887,39.833],[-94.943,39.857],[-94.928,39.886],[-94.959,39.902],[-95.019,39.897],[-95.038,39.866],[-95.082,39.862],[-95.141,39.882],[-95.144,39.902],[-95.206,39.908],[-95.201,39.934],[-95.241,39.945],[-95.303,39.984],[-95.308,40],[-95.883,40],[-96.305,40.001],[-97.05,40.001],[-97.511,40.002],[-97.838,40.002],[-98.392,40.002],[-98.71,40.002],[-99.17,40.002],[-99.813,40.001],[-100.469,40.002],[-100.937,40.002],[-101.41,40.002],[-102.052,40.003]]]},"properties":{"abbr":"KS","name":"Kansas"}},{"type":"Feature","geometry":{"type":"Polygon","coordinates":[[[-116.916,45.995],[-116.876,45.954],[-116.867,45.917],[-116.796,45.858],[-116.783,45.825],[-116.698,45.821],[-116.665,45.782],[-116.593,45.779],[-116.536,45.734],[-116.535,45.692],[-116.464,45.616],[-116.483,45.577],[-116.557,45.506],[-116.555,45.463],[-116.588,45.443],[-116.674,45.322],[-116.674,45.276],[-116.703,45.241],[-116.731,45.14],[-116.782,45.096],[-116.797,45.06],[-116.848,45.023],[-116.857,44.984],[-116.836,44.941],[-116.852,44.888],[-116.896,44.856],[-116.935,44.784],[-117.044,44.745],[-117.096,44.665],[-117.144,44.546],[-117.226,44.479],[-117.215,44.427],[-117.243,44.397],[-117.235,44.374],[-117.19,44.337],[-117.217,44.288],[-117.17,44.259],[-117.104,44.28],[-117.057,44.231],[-117.032,44.249],[-116.976,44.243],[-116.972,44.197],[-116.925,44.192],[-116.894,44.16],[-116.928,44.107],[-116.977,44.085],[-116.973,44.049],[-116.934,44.021],[-116.938,43.985],[-116.98,43.915],[-116.982,43.871],[-117.033,43.83],[-117.027,43.808],[-117.027,43.315],[-117.027,43.025],[-117.027,42.625],[-117.027,42.379],[-117.026,42],[-116.368,41.996],[-115.942,41.997],[-115.314,41.996],[-115.032,41.996],[-114.806,42.002],[-114.598,41.995],[-114.041,41.994],[-113.902,41.989],[-113.526,41.993],[-112.775,42],[-112.173,42.002],[-112.154,41.997],[-111.478,42],[-111.047,42.002],[-111.047,42.505],[-111.044,42.723],[-111.044,43.2],[-111.045,43.501],[-111.049,44.02],[-111.049,44.474],[-111.052,44.478],[-111.131,44.5],[-111.181,44.569],[-111.228,44.577],[-111.22,44.622],[-111.296,44.702],[-111.337,44.733],[-111.392,44.752],[-111.398,44.724],[-111.49,44.701],[-111.472,44.667],[-111.525,44.605],[-111.507,44.562],[-111.524,44.548],[-111.587,44.563],[-111.613,44.549],[-111.704,44.56],[-111.822,44.509],[-111.87,44.564],[-111.949,44.556],[-111.977,44.536],[-112.033,44.547],[-112.102,44.521],[-112.137,44.54],[-112.184,44.533],[-112.229,44.564],[-112.286,44.569],[-112.319,44.539],[-112.354,44.536],[-112.357,44.493],[-112.386,44.448],[-112.474,44.479],[-112.485,44.471],[-112.602,44.491],[-112.664,44.486],[-112.719,44.504],[-112.78,44.485],[-112.839,44.424],[-112.813,44.377],[-112.845,44.358],[-112.903,44.399],[-112.951,44.417],[-113.005,44.454],[-113.026,44.496],[-113.016,44.516],[-113.038,44.565],[-113.088,44.6],[-113.057,44.619],[-113.068,44.679],[-113.102,44.729],[-113.18,44.787],[-113.246,44.823],[-113.34,44.785],[-113.356,44.82],[-113.422,44.838],[-113.455,44.865],[-113.498,44.942],[-113.444,44.96],[-113.452,45.059],[-113.523,45.093],[-113.577,45.132],[-113.592,45.184],[-113.692,45.263],[-113.681,45.279],[-113.738,45.328],[-113.734,45.392],[-113.774,45.407],[-113.784,45.456],[-113.76,45.481],[-113.773,45.514],[-113.834,45.521],[-113.797,45.582],[-113.807,45.603],[-113.919,45.658],[-113.939,45.696],[-113.994,45.703],[-114.015,45.663],[-114.067,45.628],[-114.082,45.597],[-114.122,45.584],[-114.136,45.557],[-114.247,45.525],[-114.279,45.48],[-114.344,45.46],[-114.366,45.491],[-114.418,45.51],[-114.431,45.53],[-114.558,45.584],[-114.539,45.608],[-114.563,45.632],[-114.5,45.67],[-114.504,45.722],[-114.547,45.743],[-114.566,45.773],[-114.509,45.846],[-114.389,45.882],[-114.431,45.936],[-114.412,45.978],[-114.474,45.992],[-114.493,46.052],[-114.46,46.098],[-114.521,46.125],[-114.516,46.166],[-114.446,46.174],[-114.452,46.241],[-114.471,46.266],[-114.427,46.284],[-114.414,46.335],[-114.422,46.387],[-114.385,46.411],[-114.372,46.443],[-114.4,46.502],[-114.352,46.508],[-114.344,46.59],[-114.321,46.648],[-114.358,46.669],[-114.424,46.661],[-114.467,46.632],[-114.547,46.645],[-114.614,46.639],[-114.642,46.679],[-114.625,46.712],[-114.665,46.739],[-114.753,46.697],[-114.788,46.712],[-114.765,46.758],[-114.83,46.783],[-114.866,46.815],[-114.921,46.827],[-114.937,46.897],[-115.001,46.972],[-115.05,46.981],[-115.072,47.026],[-115.131,47.069],[-115.144,47.102],[-115.243,47.151],[-115.324,47.256],[-115.529,47.299],[-115.549,47.347],[-115.748,47.442],[-115.692,47.457],[-115.686,47.485],[-115.711,47.523],[-115.754,47.553],[-115.688,47.596],[-115.694,47.624],[-115.736,47.655],[-115.723,47.695],[-115.825,47.752],[-115.845,47.815],[-115.882,47.849],[-115.919,47.857],[-115.983,47.916],[-116.03,47.973],[-116.049,47.977],[-116.049,48.481],[-116.049,49.001],[-116.54,49],[-117.032,48.999],[-117.035,48.371],[-117.041,48.125],[-117.042,47.839],[-117.04,47.478],[-117.04,47.049],[-117.039,46.7],[-117.04,46.425],[-117.056,46.346],[-116.985,46.293],[-116.956,46.226],[-116.963,46.2],[-116.923,46.161],[-116.96,46.099],[-116.916,45.995]]]},"properties":{"abbr":"ID","name":"Idaho"}},{"type":"Feature","geometry":{"type":"MultiPolygon","coordinates":[[[[-131.648,55.046],[-131.645,55.011],[-131.608,54.994],[-131.506,55.044],[-131.493,55.012],[-131.39,55.011],[-131.356,55.041],[-131.372,55.088],[-131.352,55.119],[-131.396,55.21],[-131.445,55.218],[-131.531,55.27],[-131.569,55.268],[-131.61,55.239],[-131.572,55.167],[-131.535,55.148],[-131.543,55.12],[-131.599,55.126],[-131.592,55.088],[-131.648,55.046]]],[[[-131.713,55.861],[-131.601,55.854],[-131.587,55.867],[-131.639,55.913],[-131.713,55.861]]],[[[-131.851,55.525],[-131.837,55.492],[-131.758,55.515],[-131.754,55.543],[-131.851,55.525]]],[[[-132.061,56.058],[-132.025,55.997],[-131.984,56.025],[-132.011,56.076],[-132.061,56.058]]],[[[-132.562,56.394],[-132.522,56.354],[-132.449,56.374],[-132.404,56.405],[-132.493,56.44],[-132.562,56.394]]],[[[-132.83,54.921],[-132.788,54.857],[-132.706,54.815],[-132.678,54.766],[-132.61,54.776],[-132.639,54.817],[-132.623,54.879],[-132.723,54.939],[-132.83,54.921]]],[[[-133.07,56.355],[-133.066,56.331],[-132.952,56.289],[-132.873,56.232],[-132.727,56.256],[-132.657,56.278],[-132.678,56.35],[-132.623,56.389],[-132.629,56.418],[-132.671,56.442],[-132.75,56.458],[-132.827,56.442],[-132.872,56.457],[-132.954,56.453],[-133.005,56.429],[-133.07,56.355]]],[[[-133.081,56.089],[-133.077,56.072],[-132.987,56.059],[-133.007,56.118],[-133.081,56.089]]],[[[-133.324,55.418],[-133.254,55.406],[-133.233,55.43],[-133.297,55.445],[-133.324,55.418]]],[[[-133.456,55.532],[-133.406,55.48],[-133.347,55.469],[-133.307,55.481],[-133.28,55.525],[-133.289,55.549],[-133.37,55.575],[-133.456,55.532]]],[[[-133.621,55.451],[-133.556,55.428],[-133.455,55.436],[-133.434,55.487],[-133.527,55.529],[-133.54,55.489],[-133.621,55.451]]],[[[-133.69,55.307],[-133.668,55.276],[-133.611,55.252],[-133.574,55.315],[-133.493,55.366],[-133.418,55.386],[-133.42,55.425],[-133.565,55.414],[-133.652,55.393],[-133.624,55.364],[-133.69,55.307]]],[[[-133.817,55.954],[-133.766,55.927],[-133.698,55.911],[-133.62,55.932],[-133.594,55.967],[-133.539,55.981],[-133.498,56.014],[-133.465,55.993],[-133.506,55.952],[-133.462,55.908],[-133.353,55.884],[-133.332,55.857],[-133.331,55.806],[-133.378,55.795],[-133.487,55.79],[-133.489,55.813],[-133.582,55.837],[-133.656,55.823],[-133.702,55.784],[-133.644,55.729],[-133.53,55.693],[-133.495,55.705],[-133.493,55.76],[-133.423,55.74],[-133.367,55.758],[-133.327,55.734],[-133.366,55.682],[-133.403,55.657],[-133.36,55.608],[-133.272,55.577],[-133.13,55.597],[-133.105,55.538],[-133.154,55.477],[-133.073,55.449],[-133.053,55.407],[-133.147,55.387],[-133.226,55.383],[-133.267,55.357],[-133.293,55.293],[-133.329,55.344],[-133.464,55.319],[-133.46,55.225],[-133.416,55.208],[-133.384,55.228],[-133.341,55.205],[-133.256,55.22],[-133.201,55.136],[-133.239,55.087],[-133.167,55.025],[-133.147,54.938],[-133.076,54.918],[-133.002,54.823],[-132.942,54.783],[-132.904,54.776],[-132.85,54.693],[-132.789,54.685],[-132.72,54.693],[-132.717,54.769],[-132.75,54.82],[-132.915,54.921],[-132.909,54.945],[-132.955,54.974],[-132.954,55.016],[-133.016,55.045],[-133.011,55.123],[-133.095,55.207],[-133.101,55.261],[-133.037,55.237],[-133.015,55.203],[-132.939,55.21],[-132.948,55.175],[-132.897,55.158],[-132.915,55.125],[-132.86,55.095],[-132.894,55.037],[-132.764,54.997],[-132.695,55.02],[-132.693,55.079],[-132.724,55.1],[-132.656,55.141],[-132.597,55.155],[-132.547,55.097],[-132.588,55.04],[-132.616,54.971],[-132.523,54.896],[-132.422,54.897],[-132.406,54.874],[-132.353,54.863],[-132.362,54.818],[-132.442,54.829],[-132.463,54.794],[-132.366,54.77],[-132.323,54.744],[-132.167,54.692],[-132.119,54.69],[-132.018,54.71],[-132.011,54.758],[-131.956,54.79],[-131.974,54.85],[-131.979,54.92],[-131.967,54.96],[-131.989,55.012],[-132.016,55.032],[-132.144,54.988],[-132.139,55.021],[-132.086,55.042],[-132.087,55.079],[-131.993,55.11],[-132.032,55.14],[-131.975,55.177],[-131.992,55.26],[-132.047,55.274],[-132.102,55.199],[-132.188,55.224],[-132.094,55.267],[-132.145,55.32],[-132.152,55.347],[-132.23,55.382],[-132.281,55.444],[-132.315,55.468],[-132.374,55.481],[-132.415,55.516],[-132.484,55.504],[-132.56,55.506],[-132.566,55.476],[-132.617,55.48],[-132.535,55.561],[-132.558,55.596],[-132.515,55.603],[-132.463,55.556],[-132.233,55.486],[-132.178,55.451],[-132.147,55.456],[-132.198,55.514],[-132.276,55.541],[-132.328,55.575],[-132.355,55.643],[-132.39,55.67],[-132.441,55.671],[-132.444,55.719],[-132.493,55.759],[-132.47,55.784],[-132.617,55.909],[-132.716,55.959],[-132.841,56.034],[-132.927,56.024],[-133.013,56.056],[-133.066,56.043],[-133.116,56.078],[-133.039,56.176],[-133.074,56.246],[-133.175,56.329],[-133.254,56.335],[-133.309,56.323],[-133.344,56.337],[-133.422,56.328],[-133.625,56.359],[-133.665,56.311],[-133.628,56.247],[-133.632,56.219],[-133.542,56.143],[-133.642,56.116],[-133.66,56.084],[-133.742,56.024],[-133.817,55.954]]],[[[-133.823,55.444],[-133.73,55.47],[-133.667,55.438],[-133.632,55.49],[-133.597,55.498],[-133.584,55.537],[-133.666,55.558],[-133.738,55.554],[-133.76,55.534],[-133.78,55.469],[-133.823,55.444]]],[[[-133.944,55.901],[-133.931,55.868],[-133.872,55.844],[-133.841,55.892],[-133.88,55.939],[-133.944,55.901]]],[[[-134.219,57.893],[-134.173,57.846],[-134.189,57.834],[-134.132,57.789],[-134.107,57.799],[-134.193,57.892],[-134.219,57.893]]],[[[-134.284,57.956],[-134.237,57.905],[-134.201,57.939],[-134.284,57.956]]],[[[-134.367,55.911],[-134.317,55.869],[-134.314,55.827],[-134.13,55.899],[-134.15,55.923],[-134.229,55.905],[-134.264,55.926],[-134.337,55.928],[-134.367,55.911]]],[[[-134.421,56.837],[-134.39,56.76],[-134.4,56.727],[-134.332,56.648],[-134.28,56.621],[-134.308,56.596],[-134.289,56.559],[-134.202,56.541],[-134.124,56.458],[-134.157,56.437],[-134.214,56.476],[-134.246,56.456],[-134.235,56.409],[-134.293,56.354],[-134.273,56.316],[-134.275,56.265],[-134.256,56.175],[-134.22,56.163],[-134.259,56.119],[-134.211,56.104],[-134.236,56.069],[-134.184,56.056],[-134.178,56.023],[-134.137,56.009],[-134.111,56.05],[-134.136,56.066],[-134.102,56.136],[-134.097,56.231],[-134.059,56.217],[-134.024,56.165],[-134.045,56.117],[-134.016,56.086],[-133.961,56.091],[-133.959,56.132],[-133.934,56.165],[-133.956,56.205],[-133.881,56.223],[-133.938,56.303],[-133.976,56.316],[-133.953,56.346],[-133.877,56.276],[-133.831,56.323],[-133.85,56.35],[-133.907,56.367],[-133.876,56.392],[-133.907,56.439],[-133.852,56.448],[-133.861,56.477],[-133.922,56.496],[-133.874,56.521],[-133.851,56.584],[-133.739,56.559],[-133.691,56.579],[-133.655,56.438],[-133.525,56.436],[-133.417,56.474],[-133.398,56.502],[-133.328,56.467],[-133.254,56.477],[-133.204,56.448],[-133.126,56.477],[-133.144,56.53],[-132.901,56.501],[-132.817,56.495],[-132.735,56.508],[-132.65,56.553],[-132.622,56.551],[-132.542,56.584],[-132.6,56.617],[-132.621,56.669],[-132.738,56.713],[-132.765,56.756],[-132.823,56.794],[-132.914,56.804],[-132.944,56.827],[-132.952,56.876],[-132.996,56.94],[-133.077,56.991],[-133.193,57.011],[-133.309,57.015],[-133.393,57.006],[-133.597,57.057],[-133.7,57.065],[-133.73,57.079],[-133.881,57.1],[-134.012,57.072],[-134.039,57.022],[-133.902,56.954],[-133.876,56.918],[-133.897,56.885],[-133.873,56.859],[-133.786,56.82],[-133.921,56.749],[-133.937,56.792],[-134,56.825],[-134.044,56.92],[-134.135,56.952],[-134.217,56.901],[-134.147,56.876],[-134.16,56.847],[-134.292,56.907],[-134.356,56.892],[-134.421,56.837]]],[[[-134.969,58.371],[-134.957,58.311],[-134.898,58.194],[-134.856,58.176],[-134.801,58.105],[-134.764,58.097],[-134.81,58.045],[-134.759,57.981],[-134.744,57.9],[-134.706,57.831],[-134.709,57.785],[-134.734,57.742],[-134.674,57.618],[-134.612,57.564],[-134.582,57.472],[-134.467,57.393],[-134.487,57.373],[-134.568,57.378],[-134.536,57.338],[-134.652,57.231],[-134.644,57.187],[-134.604,57.157],[-134.638,57.136],[-134.608,57.044],[-134.546,57.022],[-134.374,57.092],[-134.393,57.128],[-134.329,57.124],[-134.259,57.182],[-134.214,57.174],[-134.158,57.206],[-134.151,57.245],[-134.097,57.262],[-134.157,57.343],[-134.012,57.324],[-133.962,57.306],[-133.934,57.335],[-133.862,57.367],[-133.878,57.423],[-133.93,57.466],[-133.887,57.507],[-133.946,57.569],[-133.935,57.609],[-134.047,57.675],[-134.104,57.72],[-134.251,57.874],[-134.309,57.952],[-134.225,58.014],[-134.16,57.958],[-134.169,57.93],[-134.146,57.883],[-134.041,57.819],[-134.022,57.767],[-133.97,57.696],[-133.801,57.585],[-133.81,57.629],[-133.893,57.684],[-133.9,57.807],[-134.006,57.894],[-133.991,57.912],[-134.101,57.988],[-134.101,58.021],[-134.19,58.084],[-134.167,58.127],[-134.176,58.16],[-134.32,58.144],[-134.42,58.17],[-134.536,58.183],[-134.696,58.161],[-134.709,58.228],[-134.751,58.27],[-134.803,58.298],[-134.836,58.341],[-134.886,58.321],[-134.917,58.378],[-134.969,58.371]]],[[[-135.513,57.23],[-135.453,57.185],[-135.423,57.195],[-135.392,57.245],[-135.472,57.25],[-135.513,57.23]]],[[[-135.693,57.362],[-135.636,57.314],[-135.57,57.288],[-135.555,57.236],[-135.502,57.254],[-135.344,57.247],[-135.377,57.199],[-135.424,57.169],[-135.376,57.146],[-135.402,57.106],[-135.366,57.066],[-135.289,57.047],[-135.289,57.014],[-135.378,56.989],[-135.383,56.953],[-135.351,56.934],[-135.415,56.811],[-135.39,56.804],[-135.352,56.75],[-135.319,56.747],[-135.293,56.696],[-135.245,56.704],[-135.212,56.662],[-135.153,56.647],[-135.094,56.596],[-134.986,56.632],[-134.952,56.613],[-135.033,56.592],[-135.059,56.568],[-135.023,56.485],[-134.975,56.426],[-134.938,56.406],[-134.944,56.375],[-134.901,56.346],[-134.895,56.314],[-134.84,56.296],[-134.809,56.24],[-134.773,56.217],[-134.706,56.22],[-134.705,56.188],[-134.666,56.167],[-134.653,56.232],[-134.671,56.262],[-134.636,56.304],[-134.648,56.344],[-134.631,56.376],[-134.645,56.427],[-134.639,56.477],[-134.67,56.54],[-134.63,56.547],[-134.616,56.635],[-134.63,56.725],[-134.653,56.752],[-134.672,56.82],[-134.702,56.837],[-134.696,56.899],[-134.741,56.953],[-134.739,57.005],[-134.813,57.184],[-134.859,57.214],[-134.841,57.248],[-134.945,57.271],[-134.951,57.327],[-134.902,57.342],[-134.862,57.318],[-134.804,57.341],[-134.841,57.391],[-134.914,57.427],[-135.002,57.413],[-135.063,57.422],[-135.165,57.454],[-135.223,57.489],[-135.294,57.484],[-135.323,57.538],[-135.38,57.558],[-135.447,57.557],[-135.502,57.519],[-135.549,57.504],[-135.535,57.449],[-135.632,57.398],[-135.628,57.373],[-135.693,57.362]]],[[[-135.733,58.369],[-135.688,58.334],[-135.552,58.329],[-135.538,58.343],[-135.619,58.379],[-135.733,58.369]]],[[[-135.876,57.226],[-135.819,57.205],[-135.836,57.175],[-135.748,57.165],[-135.762,57.114],[-135.843,57.086],[-135.852,56.993],[-135.717,57.003],[-135.636,57.022],[-135.571,57.09],[-135.562,57.135],[-135.513,57.14],[-135.456,57.18],[-135.533,57.228],[-135.549,57.188],[-135.623,57.216],[-135.57,57.248],[-135.672,57.317],[-135.768,57.349],[-135.848,57.339],[-135.829,57.308],[-135.832,57.253],[-135.876,57.226]]],[[[-136.158,58.281],[-136.132,58.263],[-136.037,58.273],[-136.039,58.319],[-136.118,58.304],[-136.158,58.281]]],[[[-136.405,58.271],[-136.355,58.238],[-136.317,58.272],[-136.405,58.271]]],[[[-136.576,58.032],[-136.561,57.988],[-136.574,57.933],[-136.554,57.911],[-136.486,57.897],[-136.496,57.871],[-136.437,57.843],[-136.367,57.829],[-136.335,57.799],[-136.32,57.753],[-136.255,57.767],[-136.185,57.734],[-136.26,57.68],[-136.23,57.595],[-136.093,57.561],[-136.051,57.515],[-135.98,57.487],[-135.872,57.42],[-135.849,57.395],[-135.705,57.369],[-135.593,57.427],[-135.548,57.479],[-135.58,57.521],[-135.568,57.582],[-135.578,57.618],[-135.649,57.624],[-135.566,57.67],[-135.478,57.631],[-135.349,57.589],[-135.215,57.528],[-135.127,57.497],[-135.088,57.465],[-135.026,57.455],[-134.894,57.46],[-134.9,57.491],[-134.838,57.503],[-134.858,57.531],[-134.85,57.58],[-134.899,57.654],[-134.93,57.757],[-135.023,57.744],[-135.108,57.76],[-135.01,57.787],[-134.955,57.815],[-135.027,57.84],[-135.04,57.865],[-135.132,57.887],[-135.193,57.944],[-135.041,57.896],[-134.999,57.89],[-134.922,57.924],[-134.938,57.955],[-134.913,57.977],[-134.952,58.04],[-135.093,58.064],[-135.116,58.091],[-135.177,58.086],[-135.276,58.097],[-135.392,58.141],[-135.459,58.134],[-135.45,58.102],[-135.497,58.088],[-135.594,57.99],[-135.633,57.987],[-135.625,58.049],[-135.521,58.12],[-135.528,58.188],[-135.734,58.24],[-135.779,58.284],[-135.825,58.282],[-136.02,58.192],[-136.04,58.219],[-136.137,58.224],[-136.236,58.157],[-136.275,58.201],[-136.355,58.223],[-136.324,58.169],[-136.449,58.121],[-136.468,58.099],[-136.537,58.097],[-136.576,58.032]]],[[[-144.434,60.156],[-144.349,60.091],[-144.337,60.143],[-144.434,60.156]]],[[[-144.606,59.792],[-144.453,59.871],[-144.413,59.904],[-144.226,59.986],[-144.345,59.97],[-144.565,59.852],[-144.606,59.792]]],[[[-146.012,60.396],[-145.891,60.373],[-145.831,60.35],[-145.754,60.359],[-145.749,60.389],[-145.819,60.387],[-145.953,60.408],[-146.012,60.396]]],[[[-146.337,60.464],[-146.233,60.45],[-146.092,60.477],[-146.029,60.5],[-145.806,60.56],[-145.796,60.597],[-145.955,60.582],[-145.974,60.561],[-146.073,60.546],[-146.145,60.522],[-146.29,60.517],[-146.337,60.464]]],[[[-146.732,60.382],[-146.722,60.342],[-146.654,60.328],[-146.613,60.353],[-146.531,60.334],[-146.656,60.3],[-146.701,60.278],[-146.653,60.237],[-146.61,60.236],[-146.486,60.294],[-146.34,60.337],[-146.251,60.334],[-146.192,60.36],[-146.081,60.364],[-146.092,60.412],[-146.133,60.432],[-146.305,60.415],[-146.365,60.427],[-146.35,60.468],[-146.392,60.483],[-146.444,60.467],[-146.539,60.486],[-146.614,60.483],[-146.732,60.382]]],[[[-146.817,60.818],[-146.727,60.811],[-146.701,60.848],[-146.748,60.879],[-146.817,60.841],[-146.817,60.818]]],[[[-147.325,60.878],[-147.153,60.852],[-147.14,60.885],[-147.209,60.907],[-147.325,60.878]]],[[[-147.503,60.655],[-147.41,60.645],[-147.367,60.626],[-147.322,60.654],[-147.409,60.688],[-147.503,60.655]]],[[[-147.503,60.258],[-147.476,60.227],[-147.34,60.277],[-147.343,60.305],[-147.432,60.288],[-147.503,60.258]]],[[[-147.929,59.786],[-147.876,59.764],[-147.742,59.802],[-147.66,59.815],[-147.616,59.851],[-147.528,59.839],[-147.442,59.871],[-147.444,59.903],[-147.496,59.939],[-147.38,59.974],[-147.358,60.045],[-147.199,60.151],[-146.966,60.249],[-146.916,60.291],[-146.952,60.31],[-147.072,60.339],[-147.098,60.379],[-147.211,60.347],[-147.229,60.286],[-147.212,60.239],[-147.312,60.224],[-147.302,60.208],[-147.435,60.095],[-147.555,60.052],[-147.615,60.014],[-147.686,59.997],[-147.667,59.968],[-147.74,59.955],[-147.815,59.909],[-147.782,59.874],[-147.862,59.872],[-147.913,59.837],[-147.929,59.786]]],[[[-147.969,60.25],[-147.954,60.228],[-147.813,60.221],[-147.843,60.191],[-147.76,60.155],[-147.698,60.243],[-147.746,60.256],[-147.664,60.315],[-147.618,60.366],[-147.688,60.406],[-147.613,60.423],[-147.653,60.452],[-147.603,60.5],[-147.721,60.508],[-147.732,60.444],[-147.821,60.444],[-147.858,60.376],[-147.905,60.337],[-147.845,60.314],[-147.916,60.297],[-147.969,60.25]]],[[[-148.021,60.724],[-148.001,60.686],[-147.866,60.671],[-147.846,60.692],[-147.903,60.735],[-147.951,60.746],[-148.021,60.724]]],[[[-148.058,59.95],[-148.032,59.938],[-147.918,59.969],[-147.867,59.995],[-147.816,60.06],[-147.851,60.079],[-147.933,60.041],[-148.058,59.95]]],[[[-148.155,60.313],[-148.128,60.28],[-148.023,60.28],[-147.988,60.371],[-148.055,60.377],[-148.148,60.329],[-148.155,60.313]]],[[[-148.153,59.998],[-148.121,59.986],[-148.066,60.03],[-147.89,60.103],[-147.91,60.131],[-148.041,60.111],[-148.116,60.051],[-148.153,59.998]]],[[[-148.25,59.939],[-148.162,59.936],[-148.093,59.955],[-147.994,60.028],[-148.012,60.039],[-148.104,59.973],[-148.177,59.977],[-148.215,59.939],[-148.25,59.939]]],[[[-150.286,61.127],[-150.239,61.123],[-150.169,61.154],[-150.226,61.168],[-150.286,61.127]]],[[[-150.775,59.319],[-150.721,59.289],[-150.619,59.351],[-150.612,59.394],[-150.697,59.418],[-150.711,59.369],[-150.775,59.319]]],[[[-151.896,58.198],[-151.863,58.165],[-151.808,58.187],[-151.796,58.257],[-151.839,58.267],[-151.896,58.198]]],[[[-152.086,60.345],[-151.957,60.371],[-151.982,60.394],[-151.896,60.464],[-151.837,60.486],[-151.926,60.515],[-151.97,60.476],[-151.966,60.433],[-152.012,60.371],[-152.086,60.345]]],[[[-152.359,58.916],[-152.296,58.905],[-152.233,58.937],[-152.295,58.955],[-152.359,58.916]]],[[[-152.517,57.921],[-152.404,57.886],[-152.362,57.884],[-152.326,57.913],[-152.404,57.927],[-152.442,57.96],[-152.517,57.921]]],[[[-152.862,57.957],[-152.781,57.921],[-152.739,57.946],[-152.751,57.977],[-152.849,57.971],[-152.862,57.957]]],[[[-153.42,58.061],[-153.365,58.038],[-153.298,58.05],[-153.131,58.018],[-153.048,57.987],[-152.891,57.969],[-152.854,57.993],[-152.78,57.993],[-152.733,58.05],[-152.657,58.061],[-152.57,58.117],[-152.46,58.125],[-152.344,58.111],[-152.264,58.134],[-152.326,58.162],[-152.289,58.177],[-152.311,58.241],[-152.222,58.23],[-152.202,58.176],[-152.142,58.176],[-152.084,58.153],[-152.032,58.208],[-152,58.206],[-151.965,58.259],[-151.965,58.332],[-151.999,58.343],[-152.034,58.288],[-152.083,58.308],[-152.139,58.293],[-152.09,58.374],[-152.129,58.393],[-152.217,58.381],[-152.285,58.424],[-152.344,58.393],[-152.37,58.359],[-152.487,58.353],[-152.468,58.4],[-152.512,58.427],[-152.479,58.47],[-152.409,58.494],[-152.381,58.545],[-152.337,58.588],[-152.341,58.639],[-152.453,58.633],[-152.505,58.597],[-152.574,58.62],[-152.641,58.588],[-152.666,58.539],[-152.651,58.483],[-152.811,58.404],[-152.785,58.351],[-152.82,58.316],[-152.89,58.343],[-152.919,58.284],[-153.047,58.306],[-153.103,58.261],[-153.008,58.221],[-153.059,58.194],[-153.176,58.217],[-153.211,58.202],[-153.22,58.159],[-153.296,58.146],[-153.338,58.1],[-153.42,58.061]]],[[[-153.576,59.376],[-153.552,59.335],[-153.513,59.32],[-153.363,59.338],[-153.348,59.374],[-153.419,59.414],[-153.576,59.376]]],[[[-154.157,56.683],[-154.124,56.695],[-154.026,56.685],[-154.021,56.718],[-154.138,56.705],[-154.157,56.683]]],[[[-154.364,56.543],[-154.339,56.508],[-154.23,56.494],[-154.161,56.51],[-154.107,56.501],[-153.952,56.505],[-153.885,56.532],[-153.871,56.563],[-154.023,56.553],[-154.097,56.62],[-154.194,56.607],[-154.222,56.617],[-154.313,56.586],[-154.364,56.543]]],[[[-154.795,56.432],[-154.728,56.406],[-154.637,56.469],[-154.554,56.497],[-154.467,56.514],[-154.393,56.554],[-154.401,56.587],[-154.474,56.602],[-154.558,56.587],[-154.689,56.527],[-154.795,56.432]]],[[[-154.797,57.348],[-154.742,57.316],[-154.727,57.278],[-154.621,57.271],[-154.591,57.257],[-154.53,57.183],[-154.514,57.077],[-154.525,56.995],[-154.402,56.966],[-154.307,56.91],[-154.301,56.851],[-154.227,56.875],[-154.21,56.91],[-154.163,56.92],[-154.117,56.969],[-154.076,56.97],[-153.973,57.065],[-153.904,57.097],[-153.871,57.089],[-153.967,56.997],[-153.973,56.959],[-153.915,56.958],[-153.861,56.977],[-153.845,56.945],[-153.873,56.928],[-153.98,56.897],[-154.007,56.861],[-154.064,56.85],[-154.127,56.785],[-154.129,56.743],[-154.035,56.764],[-153.974,56.744],[-153.902,56.769],[-153.84,56.82],[-153.703,56.853],[-153.731,56.889],[-153.665,56.931],[-153.606,56.934],[-153.554,56.97],[-153.54,57.001],[-153.608,57.021],[-153.592,57.056],[-153.66,57.053],[-153.668,57.086],[-153.576,57.093],[-153.497,57.065],[-153.466,57.116],[-153.287,57.213],[-153.287,57.18],[-153.375,57.123],[-153.355,57.1],[-153.397,57.064],[-153.321,57.043],[-153.344,57.012],[-153.306,56.992],[-153.235,57.004],[-153.196,57.04],[-153.205,57.08],[-153.121,57.091],[-153.021,57.124],[-152.912,57.126],[-152.868,57.151],[-152.947,57.189],[-153.019,57.169],[-153.115,57.179],[-153.157,57.214],[-153.071,57.213],[-152.979,57.238],[-152.944,57.261],[-153.012,57.298],[-153.097,57.285],[-153.1,57.318],[-152.985,57.342],[-152.899,57.322],[-152.885,57.291],[-152.811,57.267],[-152.745,57.313],[-152.697,57.28],[-152.633,57.32],[-152.601,57.384],[-152.627,57.406],[-152.724,57.422],[-152.761,57.458],[-152.913,57.479],[-152.883,57.511],[-152.801,57.494],[-152.738,57.505],[-152.686,57.467],[-152.624,57.477],[-152.541,57.449],[-152.487,57.468],[-152.457,57.444],[-152.339,57.423],[-152.294,57.517],[-152.259,57.528],[-152.156,57.592],[-152.174,57.624],[-152.247,57.616],[-152.314,57.636],[-152.363,57.629],[-152.427,57.595],[-152.459,57.595],[-152.395,57.689],[-152.467,57.659],[-152.484,57.754],[-152.447,57.78],[-152.364,57.799],[-152.443,57.832],[-152.467,57.893],[-152.516,57.909],[-152.636,57.893],[-152.701,57.87],[-152.728,57.82],[-152.786,57.857],[-152.847,57.825],[-152.85,57.741],[-152.904,57.751],[-152.894,57.797],[-152.914,57.819],[-152.862,57.879],[-152.799,57.899],[-152.851,57.93],[-152.933,57.949],[-153.003,57.947],[-153.058,57.961],[-153.119,57.949],[-153.201,57.969],[-153.25,57.997],[-153.304,57.991],[-153.268,57.956],[-153.193,57.925],[-153.092,57.867],[-153.312,57.908],[-153.343,57.93],[-153.46,57.968],[-153.515,57.96],[-153.534,57.927],[-153.452,57.878],[-153.33,57.85],[-153.298,57.802],[-153.471,57.842],[-153.489,57.776],[-153.522,57.711],[-153.551,57.722],[-153.53,57.774],[-153.57,57.832],[-153.622,57.843],[-153.661,57.879],[-153.733,57.892],[-153.789,57.868],[-153.856,57.863],[-153.867,57.837],[-153.932,57.808],[-153.921,57.701],[-153.864,57.706],[-153.675,57.669],[-153.742,57.651],[-153.865,57.65],[-153.879,57.632],[-153.806,57.586],[-153.877,57.545],[-153.925,57.533],[-153.985,57.544],[-153.981,57.649],[-154.031,57.661],[-154.098,57.651],[-154.226,57.662],[-154.262,57.642],[-154.339,57.638],[-154.424,57.581],[-154.499,57.578],[-154.531,57.542],[-154.631,57.509],[-154.666,57.456],[-154.716,57.43],[-154.7,57.392],[-154.738,57.358],[-154.797,57.348]]],[[[-155.752,55.823],[-155.726,55.775],[-155.586,55.763],[-155.562,55.791],[-155.585,55.853],[-155.559,55.895],[-155.634,55.901],[-155.679,55.847],[-155.752,55.823]]],[[[-156.751,56.037],[-156.682,56.021],[-156.634,56.048],[-156.676,56.087],[-156.751,56.037]]],[[[-157.329,56.538],[-157.15,56.528],[-157.077,56.581],[-157.27,56.58],[-157.329,56.538]]],[[[-157.904,56.346],[-157.828,56.31],[-157.8,56.322],[-157.83,56.367],[-157.904,56.346]]],[[[-158.899,55.826],[-158.846,55.857],[-158.746,55.851],[-158.748,55.876],[-158.8,55.893],[-158.87,55.879],[-158.899,55.826]]],[[[-159.185,55.843],[-159.141,55.827],[-159.097,55.855],[-159.148,55.877],[-159.185,55.843]]],[[[-159.343,54.901],[-159.31,54.869],[-159.234,54.878],[-159.207,54.928],[-159.314,54.932],[-159.343,54.901]]],[[[-159.399,55.719],[-159.334,55.759],[-159.371,55.772],[-159.399,55.719]]],[[[-159.481,55.02],[-159.4,54.995],[-159.453,54.972],[-159.427,54.942],[-159.329,54.977],[-159.377,55.024],[-159.348,55.058],[-159.44,55.06],[-159.481,55.02]]],[[[-159.605,54.815],[-159.572,54.755],[-159.521,54.758],[-159.512,54.787],[-159.567,54.823],[-159.605,54.815]]],[[[-159.657,55.124],[-159.629,55.104],[-159.653,55.066],[-159.57,55.046],[-159.494,55.137],[-159.503,55.177],[-159.566,55.176],[-159.615,55.127],[-159.657,55.124]]],[[[-160.257,54.904],[-160.232,54.875],[-160.18,54.903],[-160.185,54.932],[-160.121,54.949],[-160.107,54.987],[-160.051,55.005],[-159.936,55.073],[-159.935,55.129],[-159.867,55.095],[-159.813,55.16],[-159.905,55.144],[-159.9,55.229],[-159.853,55.23],[-159.85,55.268],[-159.876,55.289],[-159.965,55.213],[-160.028,55.204],[-160.076,55.147],[-160.127,55.147],[-160.187,55.103],[-160.126,55.088],[-160.171,55.052],[-160.081,55.041],[-160.135,55.012],[-160.174,54.948],[-160.228,54.939],[-160.257,54.904]]],[[[-160.346,55.426],[-160.321,55.394],[-160.232,55.412],[-160.154,55.378],[-160.155,55.448],[-160.202,55.439],[-160.261,55.464],[-160.346,55.426]]],[[[-160.528,55.32],[-160.472,55.289],[-160.389,55.287],[-160.331,55.26],[-160.308,55.303],[-160.333,55.359],[-160.421,55.338],[-160.503,55.349],[-160.528,55.32]]],[[[-160.866,55.321],[-160.836,55.299],[-160.85,55.217],[-160.785,55.16],[-160.757,55.195],[-160.684,55.194],[-160.675,55.171],[-160.588,55.146],[-160.495,55.166],[-160.489,55.194],[-160.529,55.258],[-160.569,55.275],[-160.567,55.331],[-160.518,55.357],[-160.566,55.391],[-160.617,55.349],[-160.596,55.333],[-160.666,55.302],[-160.696,55.323],[-160.651,55.345],[-160.649,55.387],[-160.73,55.407],[-160.801,55.381],[-160.866,55.321]]],[[[-161.084,58.591],[-161.041,58.558],[-160.964,58.551],[-160.884,58.58],[-160.768,58.726],[-160.704,58.791],[-160.742,58.798],[-160.87,58.745],[-160.918,58.746],[-161.055,58.699],[-161.084,58.591]]],[[[-161.444,55.201],[-161.344,55.159],[-161.346,55.204],[-161.399,55.224],[-161.444,55.201]]],[[[-161.695,55.209],[-161.629,55.194],[-161.563,55.205],[-161.535,55.259],[-161.608,55.24],[-161.656,55.244],[-161.695,55.209]]],[[[-161.902,55.143],[-161.791,55.101],[-161.757,55.056],[-161.634,55.105],[-161.638,55.125],[-161.718,55.141],[-161.763,55.169],[-161.826,55.182],[-161.902,55.143]]],[[[-162.435,54.929],[-162.414,54.878],[-162.316,54.828],[-162.233,54.889],[-162.236,54.956],[-162.262,54.977],[-162.324,54.984],[-162.382,54.943],[-162.435,54.929]]],[[[-162.719,63.581],[-162.622,63.54],[-162.429,63.543],[-162.344,63.591],[-162.381,63.625],[-162.48,63.62],[-162.56,63.633],[-162.624,63.622],[-162.719,63.581]]],[[[-162.86,54.424],[-162.785,54.383],[-162.732,54.401],[-162.571,54.389],[-162.562,54.428],[-162.8,54.492],[-162.834,54.478],[-162.86,54.424]]],[[[-164.943,62.657],[-164.939,62.622],[-164.879,62.596],[-164.816,62.604],[-164.843,62.656],[-164.943,62.657]]],[[[-164.944,54.577],[-164.931,54.523],[-164.898,54.496],[-164.843,54.42],[-164.738,54.395],[-164.647,54.39],[-164.599,54.403],[-164.45,54.421],[-164.375,54.452],[-164.333,54.484],[-164.343,54.522],[-164.322,54.544],[-164.207,54.596],[-164.091,54.621],[-163.956,54.632],[-163.812,54.637],[-163.688,54.629],[-163.587,54.613],[-163.521,54.633],[-163.503,54.653],[-163.419,54.658],[-163.425,54.72],[-163.395,54.743],[-163.333,54.748],[-163.29,54.701],[-163.196,54.699],[-163.085,54.662],[-163.102,54.73],[-163.183,54.774],[-163.23,54.755],[-163.326,54.751],[-163.371,54.786],[-163.403,54.843],[-163.395,54.895],[-163.427,54.951],[-163.532,55.016],[-163.54,55.05],[-163.663,55.04],[-163.778,55.052],[-163.896,55.036],[-163.957,54.998],[-164.08,54.959],[-164.131,54.967],[-164.269,54.907],[-164.338,54.896],[-164.431,54.931],[-164.552,54.888],[-164.557,54.85],[-164.642,54.735],[-164.713,54.657],[-164.805,54.637],[-164.944,54.577]]],[[[-165.028,60.835],[-164.999,60.817],[-164.891,60.837],[-165.005,60.876],[-165.028,60.835]]],[[[-165.219,54.101],[-165.039,54.066],[-164.956,54.073],[-164.918,54.112],[-165.141,54.131],[-165.219,54.101]]],[[[-165.481,54.074],[-165.279,54.063],[-165.261,54.091],[-165.364,54.09],[-165.481,54.074]]],[[[-165.575,54.042],[-165.556,54.024],[-165.489,54.037],[-165.526,54.064],[-165.575,54.042]]],[[[-165.686,54.245],[-165.642,54.229],[-165.636,54.198],[-165.556,54.144],[-165.49,54.16],[-165.498,54.21],[-165.555,54.238],[-165.518,54.266],[-165.575,54.28],[-165.675,54.267],[-165.686,54.245]]],[[[-166.111,54.123],[-166.05,54.074],[-166.048,54.044],[-165.93,54.066],[-165.851,54.055],[-165.848,54.078],[-165.771,54.066],[-165.678,54.091],[-165.662,54.129],[-165.736,54.113],[-165.747,54.161],[-165.812,54.178],[-165.878,54.179],[-165.871,54.213],[-165.98,54.221],[-166.024,54.191],[-166.082,54.177],[-166.111,54.123]]],[[[-166.198,53.987],[-166.193,53.96],[-166.088,53.961],[-166.105,53.989],[-166.163,53.999],[-166.198,53.987]]],[[[-166.31,53.788],[-166.291,53.738],[-166.185,53.73],[-166.132,53.769],[-166.136,53.82],[-166.158,53.845],[-166.207,53.811],[-166.31,53.788]]],[[[-167.459,60.212],[-167.412,60.188],[-167.344,60.126],[-167.307,60.06],[-167.242,60.056],[-167.167,60.011],[-167.106,59.988],[-167.047,59.992],[-166.904,59.959],[-166.758,59.891],[-166.676,59.88],[-166.614,59.848],[-166.505,59.844],[-166.433,59.855],[-166.294,59.819],[-166.218,59.782],[-166.19,59.75],[-166.083,59.774],[-166.145,59.822],[-166.041,59.857],[-165.948,59.877],[-165.875,59.873],[-165.763,59.903],[-165.72,59.89],[-165.582,59.908],[-165.582,59.959],[-165.653,59.987],[-165.633,60.018],[-165.684,60.034],[-165.709,60.068],[-165.663,60.116],[-165.726,60.162],[-165.684,60.198],[-165.728,60.247],[-165.675,60.268],[-165.684,60.292],[-165.883,60.343],[-165.926,60.32],[-166.002,60.314],[-166.197,60.392],[-166.301,60.379],[-166.38,60.353],[-166.497,60.385],[-166.581,60.352],[-166.591,60.308],[-166.661,60.318],[-166.738,60.312],[-166.812,60.282],[-166.803,60.245],[-166.851,60.203],[-166.942,60.222],[-167.041,60.214],[-167.092,60.225],[-167.297,60.233],[-167.411,60.199],[-167.459,60.212]]],[[[-167.852,53.311],[-167.792,53.277],[-167.625,53.252],[-167.602,53.287],[-167.495,53.278],[-167.453,53.321],[-167.372,53.336],[-167.307,53.334],[-167.296,53.37],[-167.221,53.382],[-167.14,53.426],[-167.085,53.422],[-167.051,53.449],[-166.982,53.449],[-166.874,53.43],[-166.766,53.443],[-166.739,53.508],[-166.658,53.486],[-166.624,53.556],[-166.575,53.557],[-166.553,53.624],[-166.45,53.635],[-166.428,53.658],[-166.287,53.684],[-166.263,53.704],[-166.308,53.735],[-166.337,53.786],[-166.457,53.75],[-166.477,53.722],[-166.55,53.728],[-166.474,53.788],[-166.415,53.807],[-166.388,53.842],[-166.332,53.872],[-166.238,53.882],[-166.263,53.972],[-166.337,53.946],[-166.416,53.945],[-166.448,53.902],[-166.617,53.868],[-166.647,53.923],[-166.603,53.955],[-166.603,53.985],[-166.668,54.017],[-166.702,53.999],[-166.746,54.014],[-166.835,53.98],[-166.885,53.989],[-167.075,53.925],[-167.104,53.879],[-167.156,53.859],[-167.152,53.829],[-167.094,53.82],[-167.074,53.787],[-167.008,53.756],[-166.963,53.778],[-166.925,53.76],[-166.769,53.722],[-166.789,53.696],[-166.859,53.673],[-166.896,53.717],[-167.002,53.715],[-167.07,53.684],[-167.066,53.664],[-167.007,53.642],[-167.067,53.617],[-167.106,53.634],[-167.163,53.601],[-167.137,53.551],[-167.091,53.526],[-167.159,53.509],[-167.156,53.468],[-167.201,53.462],[-167.287,53.479],[-167.335,53.459],[-167.352,53.422],[-167.462,53.446],[-167.498,53.394],[-167.594,53.386],[-167.695,53.387],[-167.754,53.348],[-167.852,53.311]]],[[[-168.12,65.648],[-168.07,65.577],[-167.847,65.54],[-167.829,65.525],[-167.706,65.5],[-167.605,65.454],[-167.403,65.403],[-167.046,65.386],[-166.826,65.344],[-166.689,65.329],[-166.519,65.336],[-166.416,65.314],[-166.347,65.276],[-166.476,65.223],[-166.464,65.176],[-166.57,65.124],[-166.709,65.108],[-166.831,65.121],[-166.859,65.092],[-166.74,65.057],[-166.684,65.02],[-166.689,64.985],[-166.541,64.942],[-166.453,64.903],[-166.405,64.859],[-166.427,64.807],[-166.475,64.796],[-166.478,64.735],[-166.389,64.639],[-166.216,64.581],[-165.848,64.54],[-165.668,64.528],[-165.181,64.465],[-165.008,64.435],[-164.836,64.446],[-164.54,64.52],[-164.395,64.551],[-164.172,64.565],[-163.976,64.552],[-163.875,64.574],[-163.598,64.564],[-163.384,64.517],[-163.253,64.47],[-163.176,64.4],[-163.109,64.409],[-163.09,64.464],[-163.027,64.478],[-163.029,64.508],[-163.13,64.505],[-163.178,64.537],[-163.258,64.542],[-163.357,64.584],[-163.25,64.624],[-163.242,64.65],[-163.134,64.648],[-163.148,64.62],[-163.038,64.586],[-163.016,64.552],[-162.938,64.543],[-162.854,64.499],[-162.864,64.47],[-162.802,64.402],[-162.81,64.356],[-162.739,64.357],[-162.631,64.385],[-162.602,64.45],[-162.614,64.472],[-162.543,64.531],[-162.234,64.62],[-162.217,64.656],[-162.166,64.682],[-161.945,64.7],[-161.866,64.751],[-161.724,64.772],[-161.642,64.774],[-161.517,64.754],[-161.367,64.779],[-161.356,64.811],[-161.299,64.849],[-161.199,64.893],[-161.186,64.925],[-161.078,64.868],[-160.986,64.833],[-160.884,64.812],[-160.867,64.783],[-160.783,64.718],[-160.793,64.618],[-160.895,64.582],[-160.961,64.543],[-161.011,64.539],[-161.01,64.503],[-161.072,64.494],[-161.219,64.497],[-161.394,64.531],[-161.47,64.505],[-161.455,64.42],[-161.387,64.416],[-161.23,64.371],[-161.002,64.25],[-160.951,64.207],[-160.952,64.089],[-160.896,63.99],[-160.846,63.949],[-160.768,63.835],[-160.763,63.788],[-160.801,63.736],[-160.963,63.621],[-161.01,63.623],[-161.038,63.58],[-161.108,63.553],[-161.14,63.502],[-161.31,63.47],[-161.447,63.456],[-161.585,63.449],[-161.696,63.464],[-161.813,63.439],[-161.879,63.451],[-162.003,63.448],[-162.018,63.48],[-162.078,63.512],[-162.207,63.521],[-162.312,63.539],[-162.273,63.485],[-162.376,63.44],[-162.42,63.396],[-162.585,63.273],[-162.668,63.225],[-162.821,63.206],[-162.849,63.153],[-162.972,63.109],[-163.042,63.062],[-163.108,63.05],[-163.293,63.04],[-163.347,63.028],[-163.421,63.083],[-163.486,63.099],[-163.53,63.134],[-163.598,63.132],[-163.733,63.197],[-163.869,63.219],[-164.051,63.262],[-164.18,63.258],[-164.322,63.242],[-164.411,63.215],[-164.585,63.125],[-164.533,63.05],[-164.561,63.026],[-164.655,63.029],[-164.708,63.009],[-164.788,62.944],[-164.87,62.788],[-164.826,62.649],[-164.77,62.592],[-164.852,62.57],[-164.854,62.549],[-164.946,62.528],[-165.059,62.535],[-165.201,62.472],[-165.428,62.303],[-165.631,62.167],[-165.659,62.161],[-165.76,62.039],[-165.755,61.985],[-165.683,61.894],[-165.615,61.853],[-165.871,61.822],[-165.922,61.829],[-166.096,61.815],[-166.099,61.796],[-166.003,61.719],[-165.915,61.698],[-165.863,61.699],[-165.775,61.677],[-166.054,61.638],[-166.172,61.636],[-166.188,61.592],[-166.148,61.518],[-165.944,61.555],[-165.817,61.531],[-165.762,61.499],[-165.771,61.457],[-165.92,61.42],[-165.923,61.39],[-165.879,61.328],[-165.694,61.293],[-165.61,61.293],[-165.593,61.273],[-165.642,61.228],[-165.598,61.109],[-165.54,61.09],[-165.395,61.079],[-165.3,61.181],[-165.121,61.079],[-165.013,61.053],[-164.952,61.069],[-164.949,61.026],[-165.021,61.011],[-165.117,61.015],[-165.191,60.983],[-165.156,60.929],[-165.026,60.911],[-164.956,60.948],[-164.92,60.93],[-164.958,60.902],[-164.932,60.873],[-164.864,60.844],[-164.887,60.819],[-164.997,60.787],[-165.01,60.745],[-164.969,60.726],[-165.1,60.654],[-165.151,60.649],[-165.192,60.616],[-165.294,60.574],[-165.382,60.577],[-165.418,60.555],[-165.378,60.511],[-165.271,60.493],[-165.196,60.497],[-165.061,60.544],[-164.971,60.54],[-164.966,60.509],[-165.001,60.481],[-165.097,60.455],[-165.129,60.434],[-165.017,60.364],[-164.939,60.33],[-164.835,60.301],[-164.667,60.286],[-164.642,60.247],[-164.487,60.181],[-164.493,60.165],[-164.386,60.076],[-164.205,60.029],[-164.121,59.988],[-164.221,59.944],[-164.165,59.862],[-164.137,59.843],[-163.963,59.807],[-163.822,59.795],[-163.705,59.795],[-163.444,59.808],[-163.194,59.839],[-163.086,59.861],[-162.882,59.923],[-162.764,59.95],[-162.72,59.992],[-162.63,59.974],[-162.543,59.982],[-162.478,60.03],[-162.5,60.129],[-162.451,60.174],[-162.373,60.169],[-162.322,60.113],[-162.226,60.061],[-162.174,59.989],[-162.105,59.951],[-162.111,59.924],[-162.061,59.859],[-161.968,59.799],[-161.929,59.738],[-161.882,59.702],[-161.869,59.639],[-161.701,59.498],[-161.712,59.479],[-161.804,59.459],[-161.819,59.431],[-161.881,59.396],[-161.955,59.379],[-162.056,59.265],[-161.981,59.148],[-161.879,59.068],[-161.822,59.051],[-161.841,59.029],[-161.789,58.972],[-161.783,58.883],[-161.753,58.806],[-161.839,58.693],[-161.889,58.654],[-161.997,58.681],[-162.117,58.669],[-162.152,58.639],[-162.075,58.621],[-161.982,58.632],[-161.821,58.629],[-161.774,58.602],[-161.759,58.55],[-161.687,58.56],[-161.63,58.599],[-161.56,58.602],[-161.529,58.629],[-161.362,58.662],[-161.359,58.723],[-161.289,58.771],[-161.132,58.8],[-160.991,58.854],[-160.961,58.875],[-160.879,58.882],[-160.829,58.852],[-160.752,58.906],[-160.515,59.012],[-160.39,59.053],[-160.361,59.072],[-160.282,59.027],[-160.253,58.985],[-160.313,58.962],[-160.246,58.922],[-160.151,58.887],[-160.007,58.879],[-159.992,58.834],[-159.901,58.773],[-159.794,58.805],[-159.812,58.842],[-159.727,58.913],[-159.649,58.937],[-159.585,58.895],[-159.635,58.847],[-159.501,58.822],[-159.409,58.772],[-159.342,58.718],[-159.062,58.426],[-158.904,58.394],[-158.79,58.417],[-158.702,58.495],[-158.755,58.509],[-158.833,58.624],[-158.866,58.696],[-158.898,58.716],[-158.803,58.736],[-158.775,58.773],[-158.796,58.81],[-158.736,58.873],[-158.616,58.913],[-158.609,58.94],[-158.534,58.996],[-158.534,59.024],[-158.455,59.038],[-158.425,59.067],[-158.356,59.058],[-158.354,59.037],[-158.482,58.999],[-158.509,58.863],[-158.557,58.832],[-158.563,58.805],[-158.441,58.776],[-158.379,58.753],[-158.345,58.722],[-158.331,58.663],[-158.214,58.616],[-158.078,58.626],[-157.864,58.677],[-157.706,58.73],[-157.555,58.757],[-157.533,58.773],[-157.43,58.793],[-157.329,58.833],[-157.264,58.838],[-157.083,58.875],[-157.042,58.915],[-157.015,58.968],[-156.973,58.948],[-156.98,58.901],[-157.016,58.869],[-156.993,58.821],[-157.063,58.77],[-157.081,58.708],[-157.171,58.668],[-157.26,58.617],[-157.336,58.547],[-157.378,58.523],[-157.452,58.506],[-157.482,58.476],[-157.535,58.389],[-157.547,58.334],[-157.536,58.272],[-157.442,58.207],[-157.433,58.166],[-157.551,58.16],[-157.588,58.109],[-157.613,58.021],[-157.658,57.799],[-157.705,57.71],[-157.711,57.638],[-157.698,57.614],[-157.602,57.612],[-157.57,57.521],[-157.599,57.489],[-157.643,57.489],[-157.7,57.565],[-157.788,57.542],[-157.87,57.494],[-157.93,57.474],[-157.99,57.413],[-158.081,57.371],[-158.084,57.357],[-158.184,57.336],[-158.307,57.29],[-158.38,57.247],[-158.54,57.125],[-158.662,57.014],[-158.697,56.938],[-158.694,56.888],[-158.651,56.844],[-158.649,56.803],[-158.775,56.786],[-158.912,56.814],[-158.95,56.842],[-159.28,56.716],[-159.389,56.69],[-159.548,56.621],[-159.815,56.548],[-159.943,56.473],[-160.06,56.417],[-160.15,56.396],[-160.228,56.342],[-160.35,56.284],[-160.383,56.248],[-160.5,56.064],[-160.583,55.986],[-160.525,55.977],[-160.476,55.919],[-160.418,55.91],[-160.292,55.853],[-160.323,55.781],[-160.382,55.783],[-160.399,55.808],[-160.472,55.795],[-160.462,55.832],[-160.495,55.864],[-160.651,55.858],[-160.757,55.881],[-160.752,55.805],[-160.652,55.739],[-160.707,55.736],[-160.778,55.751],[-160.8,55.729],[-160.903,55.804],[-160.954,55.825],[-160.958,55.866],[-161.006,55.875],[-161.014,55.915],[-160.947,55.947],[-160.892,55.953],[-160.877,56],[-161.047,55.944],[-161.189,55.961],[-161.28,55.959],[-161.275,55.985],[-161.577,55.938],[-161.692,55.91],[-161.81,55.892],[-161.934,55.819],[-162.051,55.791],[-162.147,55.733],[-162.269,55.686],[-162.384,55.59],[-162.515,55.496],[-162.519,55.43],[-162.495,55.389],[-162.575,55.348],[-162.64,55.368],[-162.735,55.308],[-162.798,55.311],[-162.911,55.249],[-162.85,55.242],[-162.872,55.18],[-163.082,55.182],[-163.201,55.161],[-163.323,55.102],[-163.284,55.052],[-163.292,54.966],[-163.336,54.955],[-163.316,54.908],[-163.324,54.875],[-163.387,54.857],[-163.357,54.811],[-163.219,54.841],[-163.198,54.869],[-163.031,54.944],[-163.05,54.971],[-163.149,55.014],[-163.216,55.028],[-163.185,55.098],[-163.068,55.107],[-163.007,55.081],[-162.946,55.025],[-162.966,55.001],[-162.881,54.934],[-162.779,54.935],[-162.72,54.952],[-162.718,54.983],[-162.681,54.998],[-162.57,54.975],[-162.569,55.019],[-162.627,55.115],[-162.588,55.141],[-162.648,55.197],[-162.692,55.195],[-162.724,55.227],[-162.663,55.298],[-162.569,55.301],[-162.589,55.272],[-162.514,55.251],[-162.5,55.186],[-162.401,55.116],[-162.468,55.125],[-162.521,55.115],[-162.495,55.067],[-162.415,55.035],[-162.302,55.039],[-162.252,55.018],[-162.192,55.057],[-162.221,55.117],[-162.147,55.156],[-162.138,55.113],[-162.051,55.072],[-161.96,55.106],[-161.962,55.158],[-162,55.18],[-162.028,55.237],[-161.978,55.236],[-161.932,55.213],[-161.878,55.224],[-161.861,55.271],[-161.824,55.293],[-161.688,55.404],[-161.7,55.427],[-161.687,55.506],[-161.699,55.521],[-161.651,55.559],[-161.614,55.607],[-161.542,55.629],[-161.455,55.634],[-161.388,55.627],[-161.362,55.591],[-161.424,55.527],[-161.479,55.491],[-161.473,55.46],[-161.504,55.361],[-161.454,55.358],[-161.359,55.384],[-161.315,55.36],[-161.242,55.356],[-161.184,55.383],[-161.121,55.395],[-160.997,55.44],[-160.947,55.508],[-160.899,55.526],[-160.826,55.505],[-160.838,55.472],[-160.798,55.456],[-160.663,55.465],[-160.662,55.519],[-160.769,55.529],[-160.717,55.558],[-160.669,55.545],[-160.611,55.579],[-160.556,55.524],[-160.536,55.48],[-160.471,55.494],[-160.465,55.527],[-160.387,55.606],[-160.433,55.64],[-160.414,55.665],[-160.279,55.639],[-160.127,55.665],[-160.141,55.704],[-160.03,55.718],[-160.05,55.76],[-160.026,55.791],[-159.962,55.796],[-159.861,55.788],[-159.821,55.856],[-159.726,55.851],[-159.642,55.828],[-159.627,55.803],[-159.679,55.74],[-159.653,55.714],[-159.676,55.658],[-159.614,55.635],[-159.705,55.609],[-159.731,55.571],[-159.622,55.59],[-159.599,55.628],[-159.539,55.652],[-159.534,55.698],[-159.555,55.711],[-159.496,55.762],[-159.512,55.842],[-159.547,55.866],[-159.493,55.9],[-159.463,55.819],[-159.402,55.799],[-159.401,55.857],[-159.347,55.879],[-159.206,55.9],[-159.169,55.89],[-159.071,55.924],[-158.915,55.928],[-158.847,56.014],[-158.813,55.99],[-158.72,56.005],[-158.693,55.982],[-158.644,55.991],[-158.64,56.02],[-158.682,56.107],[-158.584,56.142],[-158.595,56.043],[-158.494,56.007],[-158.415,56.004],[-158.41,56.044],[-158.454,56.056],[-158.394,56.089],[-158.437,56.141],[-158.376,56.174],[-158.35,56.15],[-158.16,56.217],[-158.175,56.236],[-158.262,56.193],[-158.311,56.236],[-158.217,56.269],[-158.199,56.29],[-158.282,56.303],[-158.331,56.325],[-158.473,56.341],[-158.507,56.374],[-158.465,56.398],[-158.408,56.452],[-158.326,56.483],[-158.18,56.456],[-158.127,56.462],[-158.1,56.513],[-158.026,56.511],[-157.885,56.474],[-157.83,56.499],[-157.84,56.567],[-157.962,56.566],[-158.124,56.529],[-158.121,56.554],[-158.025,56.603],[-157.958,56.61],[-157.929,56.639],[-157.787,56.676],[-157.737,56.676],[-157.703,56.625],[-157.673,56.611],[-157.605,56.621],[-157.49,56.618],[-157.45,56.641],[-157.48,56.672],[-157.551,56.681],[-157.562,56.706],[-157.51,56.765],[-157.402,56.773],[-157.471,56.834],[-157.437,56.859],[-157.383,56.862],[-157.225,56.774],[-157.141,56.79],[-157.137,56.834],[-157.077,56.835],[-157.027,56.891],[-156.955,56.913],[-156.934,56.955],[-156.889,56.965],[-156.806,56.905],[-156.785,56.97],[-156.747,56.998],[-156.782,57.026],[-156.72,57.039],[-156.676,57.006],[-156.562,56.981],[-156.551,57],[-156.581,57.044],[-156.515,57.048],[-156.448,57.11],[-156.368,57.143],[-156.327,57.187],[-156.403,57.221],[-156.338,57.25],[-156.315,57.294],[-156.353,57.324],[-156.516,57.29],[-156.539,57.326],[-156.458,57.345],[-156.324,57.424],[-156.22,57.445],[-156.181,57.482],[-156.13,57.468],[-156.094,57.438],[-156.023,57.434],[-156.044,57.564],[-156.006,57.567],[-155.934,57.534],[-155.862,57.553],[-155.735,57.543],[-155.738,57.632],[-155.596,57.66],[-155.632,57.699],[-155.618,57.772],[-155.561,57.79],[-155.493,57.755],[-155.414,57.743],[-155.377,57.712],[-155.301,57.725],[-155.296,57.75],[-155.337,57.785],[-155.332,57.83],[-155.278,57.822],[-155.084,57.874],[-155.063,57.897],[-155.117,57.946],[-155.051,57.951],[-155.027,57.991],[-154.915,58.021],[-154.829,58.017],[-154.808,58],[-154.737,58.013],[-154.722,58.051],[-154.651,58.062],[-154.641,58.032],[-154.568,58.024],[-154.538,58.068],[-154.603,58.124],[-154.479,58.094],[-154.468,58.143],[-154.436,58.147],[-154.341,58.084],[-154.331,58.16],[-154.272,58.129],[-154.274,58.2],[-154.223,58.184],[-154.164,58.198],[-154.151,58.231],[-154.206,58.253],[-154.106,58.277],[-154.181,58.32],[-154.2,58.293],[-154.305,58.264],[-154.328,58.292],[-154.179,58.359],[-154.104,58.351],[-154.001,58.376],[-154.058,58.408],[-154.078,58.476],[-154.064,58.487],[-153.933,58.495],[-153.898,58.569],[-153.893,58.608],[-153.769,58.604],[-153.662,58.615],[-153.593,58.634],[-153.556,58.686],[-153.446,58.71],[-153.396,58.75],[-153.37,58.817],[-153.322,58.884],[-153.363,58.926],[-153.486,58.999],[-153.522,58.983],[-153.609,59.006],[-153.704,59.076],[-153.788,59.079],[-153.854,59.054],[-154.019,59.074],[-154.064,59.073],[-154.12,59.032],[-154.165,59.028],[-154.201,59.062],[-154.174,59.121],[-154.261,59.128],[-154.227,59.169],[-154.15,59.2],[-154.135,59.269],[-154.111,59.303],[-154.019,59.331],[-154.103,59.367],[-153.951,59.384],[-153.903,59.418],[-153.823,59.418],[-153.728,59.435],[-153.703,59.464],[-153.734,59.506],[-153.775,59.525],[-153.72,59.551],[-153.584,59.554],[-153.558,59.589],[-153.627,59.645],[-153.493,59.637],[-153.467,59.652],[-153.444,59.717],[-153.382,59.732],[-153.389,59.664],[-153.342,59.622],[-153.156,59.656],[-153.047,59.706],[-152.991,59.811],[-153.021,59.834],[-153.09,59.834],[-153.147,59.809],[-153.195,59.825],[-153.196,59.853],[-153.036,59.883],[-152.808,59.878],[-152.792,59.895],[-152.709,59.913],[-152.683,59.964],[-152.6,60.017],[-152.573,60.078],[-152.658,60.122],[-152.678,60.156],[-152.765,60.195],[-152.721,60.242],[-152.66,60.242],[-152.61,60.222],[-152.468,60.28],[-152.394,60.303],[-152.372,60.351],[-152.241,60.393],[-152.308,60.417],[-152.331,60.474],[-152.266,60.537],[-152.1,60.601],[-152.081,60.644],[-151.975,60.714],[-151.893,60.729],[-151.809,60.73],[-151.716,60.71],[-151.706,60.732],[-151.799,60.837],[-151.77,60.877],[-151.622,60.958],[-151.488,61.012],[-151.341,61.012],[-151.309,61.032],[-151.165,61.047],[-151.071,61.145],[-151.035,61.171],[-150.933,61.207],[-150.883,61.21],[-150.552,61.295],[-150.469,61.245],[-150.205,61.26],[-150.075,61.254],[-149.986,61.238],[-149.917,61.267],[-149.911,61.34],[-149.882,61.383],[-149.818,61.396],[-149.757,61.447],[-149.643,61.488],[-149.478,61.502],[-149.401,61.517],[-149.283,61.475],[-149.382,61.467],[-149.437,61.441],[-149.624,61.391],[-149.702,61.382],[-149.717,61.337],[-149.812,61.315],[-149.928,61.207],[-150.026,61.199],[-150.066,61.151],[-149.969,61.133],[-149.852,61.087],[-149.742,61.019],[-149.611,60.985],[-149.495,60.983],[-149.363,60.926],[-149.197,60.944],[-149.095,60.913],[-149.008,60.855],[-149.17,60.887],[-149.431,60.902],[-149.566,60.935],[-149.646,60.924],[-149.669,60.945],[-149.767,60.968],[-149.854,60.967],[-149.949,60.899],[-150.023,60.884],[-150.194,60.901],[-150.29,60.966],[-150.342,61.024],[-150.397,61.038],[-150.63,60.967],[-151.012,60.809],[-151.11,60.783],[-151.219,60.78],[-151.271,60.751],[-151.409,60.721],[-151.362,60.654],[-151.337,60.588],[-151.268,60.549],[-151.296,60.392],[-151.379,60.362],[-151.395,60.249],[-151.422,60.213],[-151.518,60.145],[-151.617,60.095],[-151.718,60.009],[-151.761,59.911],[-151.8,59.882],[-151.833,59.814],[-151.872,59.772],[-151.804,59.708],[-151.642,59.649],[-151.491,59.633],[-151.425,59.671],[-151.34,59.684],[-151.201,59.735],[-151.09,59.786],[-150.99,59.797],[-151.017,59.761],[-151.114,59.698],[-151.109,59.675],[-151.205,59.641],[-151.188,59.609],[-151.349,59.567],[-151.386,59.543],[-151.44,59.542],[-151.504,59.483],[-151.57,59.469],[-151.652,59.485],[-151.703,59.471],[-151.722,59.441],[-151.773,59.448],[-151.88,59.423],[-151.898,59.402],[-151.876,59.361],[-151.963,59.345],[-151.991,59.313],[-151.977,59.256],[-151.863,59.21],[-151.757,59.2],[-151.75,59.161],[-151.614,59.165],[-151.574,59.205],[-151.505,59.196],[-151.501,59.229],[-151.433,59.253],[-151.378,59.245],[-151.303,59.21],[-151.264,59.227],[-151.165,59.203],[-151.1,59.23],[-151.102,59.255],[-151.044,59.294],[-150.938,59.234],[-150.889,59.267],[-150.919,59.303],[-150.845,59.349],[-150.771,59.375],[-150.738,59.424],[-150.66,59.416],[-150.581,59.445],[-150.58,59.492],[-150.664,59.54],[-150.594,59.548],[-150.574,59.578],[-150.508,59.576],[-150.571,59.53],[-150.485,59.46],[-150.432,59.514],[-150.41,59.559],[-150.318,59.592],[-150.29,59.581],[-150.368,59.516],[-150.39,59.476],[-150.351,59.462],[-150.414,59.424],[-150.405,59.388],[-150.306,59.432],[-150.315,59.482],[-150.257,59.485],[-150.197,59.552],[-150.116,59.568],[-150.083,59.664],[-150.046,59.649],[-149.934,59.669],[-149.922,59.717],[-149.975,59.752],[-150.066,59.776],[-150.01,59.793],[-149.917,59.771],[-149.887,59.74],[-149.765,59.704],[-149.757,59.755],[-149.785,59.764],[-149.806,59.852],[-149.753,59.864],[-149.722,59.898],[-149.743,59.944],[-149.665,59.928],[-149.662,59.855],[-149.592,59.845],[-149.568,59.901],[-149.484,59.931],[-149.39,59.996],[-149.445,60.034],[-149.43,60.116],[-149.37,60.122],[-149.344,60.078],[-149.324,59.973],[-149.303,59.919],[-149.24,59.929],[-149.225,59.967],[-149.166,60.029],[-149.064,60.056],[-149.039,60.045],[-149.122,59.982],[-149.125,59.965],[-148.992,59.954],[-148.918,59.971],[-148.86,59.924],[-148.801,59.953],[-148.746,59.957],[-148.676,59.923],[-148.617,59.921],[-148.546,59.969],[-148.541,60.031],[-148.472,59.953],[-148.429,59.948],[-148.401,59.984],[-148.41,60.028],[-148.366,60.089],[-148.388,60.102],[-148.348,60.165],[-148.292,60.157],[-148.295,60.094],[-148.226,60.078],[-148.253,60.044],[-148.226,60.013],[-148.171,60.027],[-148.085,60.11],[-148.039,60.188],[-148.149,60.236],[-148.187,60.202],[-148.276,60.249],[-148.319,60.218],[-148.378,60.261],[-148.302,60.26],[-148.207,60.304],[-148.168,60.338],[-147.936,60.437],[-148.01,60.462],[-147.963,60.5],[-148.061,60.569],[-148.082,60.596],[-148.147,60.582],[-148.169,60.542],[-148.247,60.519],[-148.247,60.49],[-148.305,60.484],[-148.448,60.545],[-148.562,60.508],[-148.637,60.46],[-148.716,60.46],[-148.65,60.503],[-148.526,60.564],[-148.449,60.569],[-148.408,60.546],[-148.336,60.532],[-148.245,60.588],[-148.09,60.661],[-148.103,60.737],[-148.146,60.757],[-148.27,60.757],[-148.35,60.691],[-148.396,60.779],[-148.506,60.769],[-148.571,60.739],[-148.603,60.698],[-148.685,60.668],[-148.674,60.716],[-148.62,60.751],[-148.532,60.783],[-148.605,60.825],[-148.427,60.829],[-148.31,60.867],[-148.265,60.914],[-148.301,60.956],[-148.241,60.955],[-148.182,60.989],[-148.171,61.071],[-148.361,61.041],[-148.291,61.082],[-148.191,61.086],[-148.153,61.1],[-148.117,61.038],[-148.069,61.011],[-148.001,61.054],[-148.002,61.087],[-147.795,61.234],[-147.719,61.242],[-147.637,61.218],[-147.77,61.176],[-147.893,61.1],[-147.947,61.016],[-148.013,60.963],[-148.104,60.912],[-148.144,60.797],[-148.034,60.782],[-147.878,60.828],[-147.772,60.812],[-147.743,60.843],[-147.787,60.873],[-147.738,60.894],[-147.677,60.876],[-147.665,60.838],[-147.6,60.85],[-147.591,60.883],[-147.625,60.964],[-147.585,61.017],[-147.501,60.951],[-147.446,60.942],[-147.453,60.895],[-147.365,60.884],[-147.317,60.917],[-147.252,60.928],[-147.221,60.952],[-147.141,60.939],[-147.149,60.976],[-147.086,61.018],[-147.124,61.141],[-147.062,61.119],[-147.013,61.072],[-146.975,60.986],[-147.045,60.942],[-146.972,60.93],[-146.883,60.961],[-146.792,61.039],[-146.696,61.056],[-146.647,61.108],[-146.611,61.121],[-146.29,61.128],[-146.234,61.087],[-146.436,61.081],[-146.622,61.083],[-146.72,60.967],[-146.66,60.939],[-146.738,60.928],[-146.737,60.909],[-146.677,60.86],[-146.641,60.878],[-146.554,60.839],[-146.525,60.812],[-146.405,60.812],[-146.334,60.822],[-146.241,60.881],[-146.14,60.849],[-146.238,60.842],[-146.251,60.818],[-146.334,60.788],[-146.516,60.756],[-146.606,60.761],[-146.662,60.712],[-146.623,60.681],[-146.528,60.69],[-146.497,60.681],[-146.401,60.693],[-146.33,60.745],[-146.298,60.714],[-146.233,60.72],[-146.226,60.745],[-146.127,60.733],[-146.239,60.657],[-146.258,60.626],[-146.149,60.632],[-145.965,60.693],[-146.004,60.642],[-145.845,60.646],[-145.851,60.612],[-145.767,60.629],[-145.671,60.633],[-145.713,60.581],[-145.796,60.523],[-145.914,60.495],[-145.963,60.467],[-145.878,60.445],[-145.694,60.459],[-145.595,60.447],[-145.509,60.398],[-145.365,60.346],[-145.219,60.301],[-145.112,60.304],[-145.082,60.378],[-145.016,60.413],[-144.921,60.426],[-144.887,60.456],[-144.807,60.462],[-144.966,60.309],[-144.958,60.288],[-144.782,60.28],[-144.746,60.26],[-144.866,60.247],[-144.909,60.221],[-144.743,60.213],[-144.563,60.173],[-144.477,60.165],[-144.312,60.164],[-144.296,60.142],[-144.213,60.127],[-144.066,60.072],[-144.042,60.044],[-144.217,60.04],[-144.184,60.022],[-143.987,60.013],[-143.897,59.986],[-143.623,60.039],[-143.129,60.066],[-142.909,60.09],[-142.698,60.093],[-142.538,60.084],[-142.433,60.063],[-142.297,60.056],[-142.1,60.027],[-141.992,60.019],[-141.881,59.999],[-141.736,59.962],[-141.595,59.962],[-141.504,59.991],[-141.401,60.007],[-141.37,60.033],[-141.454,60.07],[-141.489,60.148],[-141.431,60.133],[-141.367,60.147],[-141.358,60.096],[-141.275,60.079],[-141.289,60.034],[-141.259,59.998],[-141.286,59.94],[-141.362,59.933],[-141.447,59.885],[-140.982,59.77],[-140.891,59.742],[-140.679,59.714],[-140.315,59.693],[-140.224,59.709],[-140.18,59.736],[-139.78,59.826],[-139.776,59.87],[-139.719,59.919],[-139.618,59.946],[-139.611,59.992],[-139.555,60.033],[-139.489,59.995],[-139.549,59.928],[-139.627,59.902],[-139.626,59.846],[-139.547,59.741],[-139.484,59.709],[-139.581,59.645],[-139.631,59.585],[-139.674,59.612],[-139.78,59.543],[-139.84,59.528],[-139.67,59.471],[-139.599,59.44],[-139.321,59.347],[-139.045,59.28],[-138.887,59.237],[-138.61,59.123],[-138.338,59.067],[-138.239,59.038],[-138.073,58.959],[-137.943,58.881],[-137.924,58.841],[-137.93,58.784],[-137.795,58.724],[-137.684,58.662],[-137.677,58.621],[-137.46,58.543],[-137.404,58.51],[-137.161,58.424],[-137.093,58.381],[-137.015,58.41],[-136.892,58.382],[-136.913,58.348],[-136.791,58.292],[-136.731,58.288],[-136.723,58.245],[-136.685,58.211],[-136.592,58.218],[-136.565,58.262],[-136.632,58.341],[-136.578,58.345],[-136.562,58.318],[-136.482,58.303],[-136.439,58.316],[-136.39,58.297],[-136.358,58.33],[-136.38,58.357],[-136.276,58.367],[-136.282,58.315],[-136.159,58.346],[-136.1,58.347],[-136.058,58.393],[-136.072,58.467],[-136.099,58.512],[-136.219,58.594],[-136.208,58.615],[-136.281,58.656],[-136.33,58.666],[-136.392,58.717],[-136.45,58.737],[-136.534,58.742],[-136.585,58.763],[-136.507,58.799],[-136.569,58.834],[-136.663,58.842],[-136.746,58.877],[-136.8,58.877],[-137.018,58.902],[-137.021,58.924],[-136.933,58.918],[-136.916,58.941],[-136.948,58.972],[-137.048,59.022],[-137.033,59.065],[-136.948,59.002],[-136.876,58.963],[-136.756,58.932],[-136.629,58.889],[-136.63,58.92],[-136.532,58.923],[-136.51,58.863],[-136.467,58.828],[-136.398,58.819],[-136.25,58.753],[-136.154,58.75],[-136.158,58.777],[-136.105,58.864],[-136.119,58.921],[-136.06,58.928],[-136.068,58.887],[-136.016,58.844],[-136.079,58.829],[-136.015,58.715],[-135.966,58.698],[-135.924,58.63],[-135.938,58.595],[-135.976,58.571],[-135.971,58.54],[-135.931,58.517],[-136,58.482],[-135.9,58.418],[-135.922,58.382],[-135.682,58.402],[-135.619,58.426],[-135.497,58.376],[-135.458,58.408],[-135.397,58.325],[-135.314,58.246],[-135.226,58.236],[-135.164,58.209],[-135.063,58.199],[-135.108,58.265],[-135.101,58.294],[-135.048,58.303],[-135.12,58.491],[-135.193,58.595],[-135.142,58.621],[-135.194,58.693],[-135.239,58.727],[-135.241,58.782],[-135.284,58.819],[-135.372,58.923],[-135.401,58.973],[-135.399,59.038],[-135.377,59.092],[-135.441,59.114],[-135.47,59.174],[-135.546,59.222],[-135.543,59.249],[-135.45,59.219],[-135.371,59.137],[-135.33,59.154],[-135.371,59.21],[-135.441,59.229],[-135.445,59.278],[-135.393,59.297],[-135.398,59.336],[-135.361,59.447],[-135.33,59.441],[-135.373,59.268],[-135.292,59.202],[-135.206,59.077],[-135.204,59.03],[-135.177,58.999],[-135.171,58.928],[-135.141,58.874],[-135.137,58.83],[-135.066,58.763],[-135.017,58.761],[-134.988,58.813],[-134.936,58.781],[-134.945,58.702],[-134.991,58.676],[-134.945,58.617],[-134.797,58.501],[-134.763,58.419],[-134.73,58.374],[-134.643,58.377],[-134.651,58.319],[-134.69,58.301],[-134.59,58.23],[-134.507,58.217],[-134.482,58.23],[-134.279,58.191],[-134.185,58.208],[-134.147,58.201],[-134.101,58.245],[-134.15,58.282],[-134.129,58.306],[-134.058,58.333],[-134.041,58.402],[-133.995,58.363],[-133.967,58.318],[-134.003,58.295],[-134.081,58.28],[-134.056,58.226],[-134.089,58.187],[-134.052,58.073],[-133.927,57.985],[-133.888,57.974],[-133.797,58.004],[-133.805,58.039],[-133.762,58.051],[-133.691,57.958],[-133.726,57.949],[-133.761,57.996],[-133.833,57.968],[-133.849,57.934],[-133.782,57.879],[-133.711,57.795],[-133.631,57.791],[-133.625,57.838],[-133.58,57.833],[-133.557,57.781],[-133.5,57.744],[-133.424,57.722],[-133.328,57.663],[-133.281,57.661],[-133.189,57.614],[-133.223,57.602],[-133.385,57.657],[-133.512,57.681],[-133.565,57.715],[-133.655,57.708],[-133.673,57.658],[-133.664,57.615],[-133.619,57.578],[-133.517,57.544],[-133.524,57.476],[-133.468,57.422],[-133.476,57.38],[-133.452,57.355],[-133.357,57.333],[-133.285,57.334],[-133.19,57.311],[-133.249,57.294],[-133.364,57.284],[-133.486,57.283],[-133.534,57.261],[-133.498,57.226],[-133.504,57.173],[-133.464,57.15],[-133.366,57.128],[-133.315,57.106],[-133.209,57.117],[-133.187,57.09],[-133.079,57.083],[-133.02,57.057],[-132.935,57.046],[-132.893,57.025],[-132.836,57.061],[-132.788,56.976],[-132.852,57.005],[-132.953,56.994],[-132.885,56.921],[-132.816,56.891],[-132.789,56.843],[-132.644,56.781],[-132.528,56.749],[-132.558,56.715],[-132.534,56.697],[-132.566,56.629],[-132.48,56.603],[-132.423,56.609],[-132.367,56.595],[-132.359,56.527],[-132.211,56.457],[-132.179,56.399],[-132.238,56.398],[-132.253,56.45],[-132.394,56.484],[-132.381,56.445],[-132.336,56.397],[-132.364,56.374],[-132.341,56.342],[-132.365,56.283],[-132.329,56.236],[-132.275,56.207],[-132.319,56.192],[-132.398,56.238],[-132.378,56.309],[-132.435,56.353],[-132.529,56.339],[-132.573,56.297],[-132.601,56.239],[-132.673,56.241],[-132.716,56.215],[-132.696,56.167],[-132.723,56.144],[-132.705,56.108],[-132.642,56.032],[-132.586,56.078],[-132.553,56.057],[-132.495,56.064],[-132.473,56.016],[-132.44,56.019],[-132.445,55.953],[-132.364,55.928],[-132.401,55.884],[-132.372,55.85],[-132.309,55.862],[-132.32,55.889],[-132.279,55.925],[-132.137,55.94],[-132.169,55.991],[-132.156,56.008],[-132.227,56.08],[-132.155,56.083],[-132.099,56.103],[-132.182,56.158],[-132.124,56.166],[-132.074,56.116],[-132.027,56.133],[-132.016,56.183],[-131.94,56.193],[-131.873,56.23],[-131.806,56.217],[-131.695,56.215],[-131.71,56.187],[-131.771,56.205],[-131.824,56.191],[-131.973,56.173],[-131.982,56.062],[-131.955,55.999],[-131.968,55.969],[-132.042,55.96],[-132.071,55.924],[-132.049,55.883],[-132.097,55.851],[-132.075,55.81],[-132.186,55.803],[-132.193,55.74],[-132.228,55.7],[-132.186,55.588],[-132.12,55.55],[-132.045,55.534],[-131.98,55.499],[-131.94,55.549],[-131.936,55.591],[-131.82,55.669],[-131.825,55.718],[-131.8,55.768],[-131.768,55.794],[-131.769,55.824],[-131.917,55.864],[-131.797,55.883],[-131.758,55.878],[-131.617,55.94],[-131.599,55.9],[-131.537,55.835],[-131.711,55.836],[-131.671,55.771],[-131.733,55.728],[-131.703,55.687],[-131.723,55.635],[-131.674,55.586],[-131.717,55.516],[-131.83,55.449],[-131.735,55.401],[-131.732,55.364],[-131.836,55.423],[-131.87,55.318],[-131.841,55.232],[-131.792,55.153],[-131.765,55.129],[-131.647,55.285],[-131.595,55.315],[-131.532,55.295],[-131.504,55.334],[-131.461,55.277],[-131.355,55.259],[-131.299,55.277],[-131.253,55.332],[-131.293,55.381],[-131.223,55.396],[-131.196,55.359],[-131.24,55.287],[-131.31,55.24],[-131.267,55.208],[-131.204,55.19],[-131.159,55.197],[-131.134,55.223],[-131.064,55.26],[-131.052,55.326],[-131.027,55.371],[-130.97,55.394],[-130.989,55.462],[-130.983,55.566],[-130.94,55.619],[-130.973,55.706],[-131.053,55.773],[-131.074,55.831],[-131.167,55.909],[-131.254,55.971],[-131.229,56.005],[-131.129,56.054],[-131.1,56.036],[-131.213,55.989],[-131.18,55.947],[-131.092,55.895],[-131.004,55.806],[-130.968,55.784],[-130.895,55.704],[-130.904,55.686],[-130.865,55.543],[-130.872,55.503],[-130.92,55.446],[-130.904,55.401],[-130.876,55.384],[-130.872,55.314],[-130.925,55.301],[-130.988,55.249],[-131.093,55.193],[-131.073,55.124],[-130.994,55.085],[-131.015,55],[-130.946,54.948],[-130.957,54.902],[-130.935,54.801],[-130.857,54.764],[-130.814,54.774],[-130.766,54.81],[-130.718,54.737],[-130.653,54.724],[-130.659,54.763],[-130.568,54.792],[-130.459,54.848],[-130.345,54.919],[-130.273,54.974],[-130.188,55.063],[-130.181,55.091],[-130.103,55.193],[-129.974,55.282],[-130.021,55.338],[-130.041,55.452],[-130.09,55.498],[-130.128,55.581],[-130.112,55.683],[-130.148,55.715],[-130.152,55.766],[-130.125,55.806],[-130.083,55.822],[-130.004,55.907],[-130.018,55.912],[-130.003,56.008],[-130.104,56.123],[-130.246,56.096],[-130.35,56.129],[-130.426,56.142],[-130.468,56.243],[-130.541,56.247],[-130.623,56.267],[-130.782,56.367],[-131.087,56.406],[-131.173,56.45],[-131.472,56.553],[-131.581,56.612],[-131.835,56.599],[-131.861,56.703],[-131.901,56.754],[-131.873,56.806],[-132.124,56.874],[-132.045,57.045],[-132.369,57.092],[-132.248,57.211],[-132.363,57.342],[-132.554,57.497],[-132.658,57.619],[-132.757,57.705],[-132.869,57.843],[-133.076,58],[-133.176,58.15],[-133.27,58.227],[-133.345,58.276],[-133.462,58.388],[-133.377,58.431],[-133.558,58.523],[-133.707,58.612],[-133.841,58.729],[-133.972,58.767],[-134.258,58.861],[-134.336,58.923],[-134.314,58.962],[-134.407,58.979],[-134.382,59.039],[-134.483,59.132],[-134.566,59.131],[-134.679,59.192],[-134.701,59.249],[-134.96,59.281],[-135.031,59.346],[-134.99,59.387],[-135.101,59.428],[-135.028,59.475],[-135.029,59.564],[-135.118,59.623],[-135.158,59.626],[-135.253,59.698],[-135.36,59.738],[-135.479,59.798],[-135.953,59.662],[-136.193,59.64],[-136.354,59.6],[-136.24,59.559],[-136.239,59.524],[-136.305,59.465],[-136.372,59.45],[-136.477,59.466],[-136.469,59.284],[-136.582,59.165],[-136.827,59.158],[-136.864,59.138],[-137.265,59.002],[-137.447,58.91],[-137.526,58.907],[-137.5,58.985],[-137.542,59.105],[-137.607,59.244],[-138.232,59.567],[-138.626,59.769],[-138.669,59.81],[-138.707,59.906],[-138.799,59.925],[-139.054,59.995],[-139.199,60.088],[-139.072,60.319],[-139.075,60.353],[-139.693,60.335],[-139.981,60.182],[-140.458,60.308],[-140.52,60.22],[-140.769,60.26],[-141.002,60.306],[-141.002,60.813],[-141.002,61.235],[-141.002,61.61],[-141.002,61.901],[-141.002,62.241],[-141.001,62.811],[-141.001,63.092],[-141.001,64.006],[-141.001,64.985],[-141.002,65.332],[-141.002,65.967],[-141.003,66.514],[-141.003,67.543],[-141.003,67.929],[-141.003,68.192],[-141.001,68.538],[-141.001,68.882],[-141.001,69.286],[-141.001,69.646],[-141.2,69.683],[-141.25,69.63],[-141.366,69.632],[-141.429,69.659],[-141.453,69.702],[-141.58,69.751],[-141.747,69.794],[-141.959,69.823],[-142.142,69.865],[-142.302,69.912],[-142.51,69.955],[-142.499,69.971],[-142.771,70.047],[-142.998,70.085],[-143.275,70.154],[-143.447,70.125],[-143.55,70.144],[-143.774,70.125],[-143.826,70.108],[-143.951,70.1],[-144.252,70.058],[-144.293,70.04],[-144.455,70.035],[-144.577,69.979],[-144.638,69.966],[-144.833,69.982],[-144.903,69.963],[-145.183,69.991],[-145.268,70.013],[-145.439,70.035],[-145.477,70.06],[-145.623,70.084],[-145.854,70.162],[-145.931,70.132],[-146.293,70.178],[-146.524,70.186],[-146.662,70.174],[-146.849,70.181],[-146.989,70.153],[-147.173,70.153],[-147.285,70.194],[-147.385,70.185],[-147.535,70.204],[-147.672,70.203],[-147.78,70.216],[-147.94,70.304],[-148.016,70.308],[-148.108,70.341],[-148.184,70.293],[-148.256,70.332],[-148.354,70.303],[-148.482,70.325],[-148.474,70.359],[-148.586,70.397],[-148.718,70.412],[-148.787,70.402],[-148.944,70.42],[-149.06,70.464],[-149.157,70.483],[-149.334,70.501],[-149.421,70.491],[-149.467,70.516],[-149.581,70.496],[-149.716,70.505],[-149.779,70.487],[-149.864,70.511],[-150.109,70.429],[-150.194,70.435],[-150.361,70.409],[-150.414,70.46],[-150.519,70.483],[-150.662,70.478],[-150.698,70.448],[-150.786,70.463],[-150.951,70.46],[-151.047,70.428],[-151.146,70.378],[-151.246,70.372],[-151.298,70.401],[-151.572,70.439],[-151.876,70.431],[-151.941,70.447],[-151.916,70.475],[-151.831,70.486],[-151.732,70.542],[-151.983,70.565],[-152.053,70.545],[-152.224,70.54],[-152.435,70.552],[-152.412,70.573],[-152.183,70.585],[-152.425,70.61],[-152.464,70.636],[-152.479,70.69],[-152.382,70.715],[-152.305,70.779],[-152.195,70.8],[-152.228,70.826],[-152.582,70.881],[-152.781,70.881],[-152.868,70.851],[-152.925,70.89],[-153.042,70.911],[-153.253,70.919],[-153.406,70.891],[-153.549,70.884],[-153.755,70.889],[-153.944,70.876],[-154,70.818],[-154.182,70.768],[-154.255,70.816],[-154.346,70.83],[-154.487,70.824],[-154.584,70.832],[-154.617,70.944],[-154.566,70.99],[-154.758,71.07],[-155.072,71.153],[-155.075,71.07],[-155.151,71.106],[-155.257,71.076],[-155.156,71.004],[-155.256,71.016],[-155.367,70.995],[-155.468,70.945],[-155.512,70.943],[-155.489,70.856],[-155.608,70.824],[-155.705,70.835],[-155.877,70.829],[-155.924,70.857],[-156,70.949],[-155.731,70.983],[-155.713,71.009],[-155.544,71.061],[-155.515,71.096],[-155.567,71.162],[-155.744,71.193],[-155.955,71.186],[-156.09,71.222],[-156.079,71.239],[-156.293,71.265],[-156.369,71.262],[-156.441,71.291],[-156.533,71.296],[-156.569,71.353],[-156.81,71.287],[-156.963,71.212],[-157.286,71.032],[-157.502,70.949],[-157.768,70.876],[-158.03,70.831],[-158.214,70.818],[-158.332,70.819],[-158.668,70.786],[-158.95,70.797],[-158.992,70.765],[-159.198,70.76],[-159.346,70.781],[-159.345,70.805],[-159.189,70.817],[-159.199,70.848],[-159.316,70.85],[-159.546,70.817],[-159.649,70.795],[-159.799,70.731],[-160.098,70.62],[-160.208,70.564],[-160.54,70.447],[-160.773,70.385],[-161.055,70.328],[-161.288,70.297],[-161.445,70.295],[-161.879,70.329],[-161.937,70.309],[-162.333,70.194],[-162.475,70.124],[-162.696,69.977],[-162.976,69.833],[-163.025,69.8],[-163.143,69.638],[-163.148,69.419],[-163.226,69.32],[-163.355,69.242],[-163.469,69.19],[-163.558,69.129],[-163.683,69.076],[-163.827,69.037],[-163.916,68.999],[-164.213,68.935],[-164.485,68.916],[-164.611,68.916],[-164.711,68.903],[-165.287,68.861],[-165.567,68.851],[-166.052,68.872],[-166.227,68.876],[-166.192,68.791],[-166.237,68.56],[-166.303,68.515],[-166.306,68.464],[-166.372,68.426],[-166.82,68.348],[-166.587,68.334],[-166.409,68.309],[-166.237,68.273],[-166.044,68.201],[-165.982,68.143],[-165.872,68.11],[-165.661,68.087],[-165.475,68.056],[-165.336,68.024],[-164.872,67.857],[-164.535,67.724],[-164.185,67.632],[-164.096,67.596],[-164.013,67.542],[-163.864,67.406],[-163.759,67.248],[-163.74,67.183],[-163.748,67.129],[-163.666,67.1],[-163.467,67.083],[-163.311,67.062],[-162.976,67.026],[-162.902,67.043],[-162.724,67.054],[-162.621,67.007],[-162.48,67.013],[-162.434,66.986],[-162.252,66.995],[-162.128,67.022],[-161.971,67.041],[-161.825,67.05],[-161.734,67.015],[-161.692,67.025],[-161.538,66.991],[-161.478,66.964],[-161.485,66.94],[-161.611,66.95],[-161.705,66.94],[-161.71,66.915],[-161.793,66.882],[-161.792,66.833],[-161.851,66.811],[-161.842,66.762],[-161.882,66.718],[-161.78,66.716],[-161.816,66.685],[-161.686,66.619],[-161.58,66.586],[-161.543,66.552],[-161.392,66.524],[-161.293,66.524],[-161.224,66.542],[-161.235,66.575],[-161.142,66.636],[-160.983,66.641],[-160.837,66.659],[-160.746,66.638],[-160.682,66.596],[-160.543,66.58],[-160.483,66.618],[-160.348,66.608],[-160.238,66.545],[-160.202,66.502],[-160.227,66.387],[-160.267,66.379],[-160.483,66.375],[-160.535,66.359],[-160.677,66.367],[-160.779,66.363],[-160.859,66.399],[-160.978,66.429],[-161.084,66.49],[-161.147,66.489],[-161.173,66.531],[-161.246,66.519],[-161.326,66.478],[-161.517,66.443],[-161.582,66.44],[-161.682,66.476],[-161.795,66.503],[-161.93,66.555],[-161.96,66.589],[-162.07,66.648],[-162.075,66.705],[-162.029,66.734],[-162.02,66.781],[-162.091,66.787],[-162.23,66.866],[-162.308,66.939],[-162.404,66.919],[-162.499,66.935],[-162.51,66.907],[-162.601,66.898],[-162.613,66.847],[-162.515,66.779],[-162.498,66.733],[-162.253,66.713],[-162.167,66.682],[-162.097,66.609],[-161.979,66.571],[-161.886,66.518],[-161.869,66.447],[-161.913,66.352],[-161.692,66.398],[-161.543,66.398],[-161.363,66.376],[-161.133,66.337],[-161.001,66.24],[-160.954,66.224],[-161.017,66.187],[-161.091,66.182],[-161.095,66.231],[-161.191,66.21],[-161.318,66.22],[-161.351,66.259],[-161.491,66.261],[-161.552,66.242],[-161.737,66.053],[-161.828,66],[-161.798,65.966],[-161.895,65.964],[-161.885,66.018],[-162.026,66.062],[-162.144,66.075],[-162.229,66.048],[-162.376,66.027],[-162.453,66.057],[-162.633,66.038],[-162.753,66.093],[-162.996,66.075],[-163.16,66.058],[-163.371,66.081],[-163.496,66.083],[-163.634,66.056],[-163.772,66.08],[-163.846,66.123],[-163.896,66.188],[-163.976,66.172],[-164.072,66.206],[-163.929,66.218],[-163.828,66.278],[-163.881,66.323],[-163.851,66.416],[-163.766,66.453],[-163.726,66.513],[-163.779,66.573],[-163.886,66.593],[-164.156,66.59],[-164.401,66.581],[-164.764,66.533],[-165.152,66.469],[-165.617,66.373],[-165.925,66.297],[-166.241,66.21],[-166.598,66.117],[-167.108,65.957],[-167.374,65.866],[-167.549,65.817],[-167.984,65.724],[-168.088,65.689],[-168.12,65.648]]],[[[-169.116,52.822],[-169.052,52.831],[-169.027,52.862],[-168.984,52.86],[-168.782,52.93],[-168.768,52.957],[-168.636,52.987],[-168.588,53.028],[-168.459,53.054],[-168.45,53.076],[-168.371,53.144],[-168.332,53.204],[-168.27,53.242],[-168.119,53.276],[-168.112,53.289],[-168.002,53.32],[-167.841,53.386],[-167.854,53.448],[-167.804,53.476],[-167.791,53.521],[-167.906,53.522],[-167.956,53.533],[-168.007,53.567],[-168.087,53.559],[-168.235,53.528],[-168.287,53.491],[-168.344,53.472],[-168.407,53.422],[-168.386,53.382],[-168.431,53.325],[-168.371,53.317],[-168.342,53.295],[-168.345,53.263],[-168.438,53.254],[-168.452,53.274],[-168.536,53.25],[-168.614,53.273],[-168.662,53.229],[-168.689,53.229],[-168.793,53.153],[-168.803,53.105],[-168.767,53.09],[-168.8,53.029],[-168.872,53.005],[-168.855,52.954],[-168.916,52.929],[-168.99,52.872],[-169.051,52.855],[-169.116,52.822]]],[[[-169.763,52.982],[-169.745,52.952],[-169.698,52.957],[-169.668,53.006],[-169.682,53.036],[-169.749,53.021],[-169.763,52.982]]],[[[-169.787,56.614],[-169.747,56.587],[-169.675,56.576],[-169.636,56.538],[-169.576,56.532],[-169.498,56.606],[-169.586,56.601],[-169.787,56.614]]],[[[-170.011,52.832],[-169.999,52.81],[-169.923,52.789],[-169.858,52.827],[-169.749,52.796],[-169.674,52.821],[-169.674,52.87],[-169.746,52.891],[-169.87,52.875],[-169.889,52.85],[-169.988,52.857],[-170.011,52.832]]],[[[-170.121,52.9],[-170.09,52.87],[-170.048,52.86],[-170.005,52.875],[-170.015,52.915],[-170.088,52.923],[-170.121,52.9]]],[[[-170.184,52.724],[-170.078,52.721],[-170.052,52.769],[-170.113,52.788],[-170.171,52.783],[-170.184,52.724]]],[[[-170.421,57.162],[-170.255,57.141],[-170.174,57.162],[-170.132,57.226],[-170.232,57.211],[-170.303,57.219],[-170.417,57.192],[-170.421,57.162]]],[[[-170.842,52.562],[-170.795,52.543],[-170.736,52.584],[-170.684,52.602],[-170.608,52.602],[-170.564,52.641],[-170.563,52.675],[-170.664,52.701],[-170.726,52.682],[-170.753,52.649],[-170.82,52.635],[-170.842,52.562]]],[[[-171.315,52.483],[-171.306,52.458],[-171.242,52.452],[-171.196,52.494],[-171.251,52.53],[-171.294,52.515],[-171.315,52.483]]],[[[-171.847,63.487],[-171.823,63.437],[-171.701,63.365],[-171.44,63.308],[-171.281,63.359],[-171.286,63.38],[-171.16,63.401],[-171.104,63.422],[-170.934,63.422],[-170.868,63.415],[-170.571,63.361],[-170.433,63.318],[-170.355,63.28],[-170.293,63.228],[-170.28,63.198],[-170.212,63.182],[-170.13,63.184],[-170.037,63.168],[-169.869,63.103],[-169.828,63.077],[-169.745,62.985],[-169.765,62.964],[-169.643,62.938],[-169.6,62.973],[-169.531,62.979],[-169.58,63.032],[-169.538,63.074],[-169.394,63.128],[-169.379,63.149],[-169.219,63.174],[-169.109,63.179],[-168.964,63.166],[-168.878,63.145],[-168.783,63.184],[-168.724,63.23],[-168.697,63.301],[-168.812,63.31],[-168.882,63.331],[-169.052,63.343],[-169.262,63.345],[-169.487,63.361],[-169.547,63.373],[-169.569,63.401],[-169.649,63.429],[-169.862,63.443],[-170.058,63.497],[-170.077,63.587],[-170.156,63.619],[-170.289,63.688],[-170.419,63.687],[-170.476,63.697],[-170.545,63.666],[-170.649,63.667],[-170.745,63.627],[-170.904,63.573],[-171.042,63.581],[-171.368,63.63],[-171.547,63.665],[-171.649,63.709],[-171.64,63.769],[-171.74,63.783],[-171.723,63.728],[-171.755,63.687],[-171.738,63.663],[-171.829,63.58],[-171.829,63.515],[-171.847,63.487]]],[[[-172.632,52.271],[-172.619,52.256],[-172.475,52.266],[-172.444,52.283],[-172.316,52.317],[-172.306,52.354],[-172.378,52.367],[-172.407,52.391],[-172.476,52.384],[-172.572,52.349],[-172.632,52.271]]],[[[-173.064,60.503],[-172.932,60.476],[-172.896,60.451],[-172.769,60.391],[-172.729,60.361],[-172.598,60.317],[-172.502,60.335],[-172.41,60.336],[-172.257,60.323],[-172.383,60.379],[-172.532,60.383],[-172.611,60.397],[-172.776,60.452],[-172.881,60.502],[-172.931,60.562],[-172.973,60.585],[-173.04,60.548],[-173.064,60.503]]],[[[-174.054,52.131],[-174.016,52.101],[-173.984,52.107],[-173.936,52.056],[-173.836,52.041],[-173.657,52.059],[-173.572,52.045],[-173.548,52.025],[-173.478,52.045],[-173.374,52.039],[-173.345,52.052],[-173.151,52.06],[-173.099,52.078],[-173.023,52.076],[-173.028,52.099],[-173.11,52.102],[-173.139,52.088],[-173.187,52.11],[-173.233,52.095],[-173.273,52.109],[-173.355,52.098],[-173.495,52.104],[-173.595,52.153],[-173.709,52.134],[-173.772,52.132],[-173.79,52.112],[-173.899,52.112],[-173.945,52.127],[-174.054,52.131]]],[[[-175.342,52.024],[-175.212,52.006],[-175.025,52.006],[-174.968,52.038],[-174.894,52.047],[-174.791,52.032],[-174.736,52.008],[-174.689,52.039],[-174.625,52.03],[-174.598,52.048],[-174.489,52.074],[-174.435,52.038],[-174.397,52.062],[-174.396,52.09],[-174.33,52.122],[-174.272,52.096],[-174.22,52.101],[-174.089,52.139],[-174.152,52.17],[-174.189,52.231],[-174.063,52.224],[-174.04,52.264],[-173.989,52.311],[-174.01,52.361],[-174.154,52.42],[-174.274,52.395],[-174.332,52.374],[-174.321,52.34],[-174.345,52.318],[-174.44,52.327],[-174.448,52.303],[-174.354,52.279],[-174.242,52.276],[-174.228,52.253],[-174.341,52.197],[-174.395,52.219],[-174.456,52.201],[-174.599,52.123],[-174.675,52.107],[-174.72,52.121],[-174.748,52.096],[-174.926,52.095],[-174.99,52.061],[-175.032,52.079],[-175.094,52.036],[-175.129,52.059],[-175.257,52.042],[-175.3,52.02],[-175.342,52.024]]],[[[-175.877,51.944],[-175.82,51.921],[-175.798,51.959],[-175.877,51.944]]],[[[-176.116,51.888],[-175.964,51.846],[-175.99,51.912],[-176.116,51.888]]],[[[-176.212,52.062],[-176.181,52.001],[-176.023,51.982],[-176.05,52.018],[-176.012,52.051],[-176.053,52.105],[-176.144,52.114],[-176.212,52.062]]],[[[-176.235,51.829],[-176.168,51.8],[-176.109,51.799],[-176.029,51.844],[-176.134,51.856],[-176.171,51.88],[-176.235,51.829]]],[[[-176.992,51.629],[-176.984,51.604],[-176.941,51.591],[-176.905,51.639],[-176.837,51.681],[-176.813,51.647],[-176.759,51.638],[-176.726,51.68],[-176.571,51.694],[-176.475,51.746],[-176.319,51.735],[-176.266,51.783],[-176.29,51.837],[-176.281,51.861],[-176.4,51.868],[-176.454,51.839],[-176.496,51.851],[-176.543,51.836],[-176.625,51.869],[-176.619,51.901],[-176.549,51.917],[-176.565,51.949],[-176.557,51.993],[-176.59,52.001],[-176.667,51.953],[-176.721,51.969],[-176.771,51.965],[-176.809,51.93],[-176.763,51.882],[-176.797,51.829],[-176.848,51.806],[-176.914,51.805],[-176.904,51.771],[-176.867,51.756],[-176.864,51.721],[-176.901,51.697],[-176.969,51.677],[-176.992,51.629]]],[[[-177.705,51.707],[-177.675,51.687],[-177.608,51.705],[-177.506,51.698],[-177.445,51.725],[-177.365,51.733],[-177.278,51.679],[-177.205,51.703],[-177.146,51.706],[-177.123,51.729],[-177.115,51.785],[-177.133,51.831],[-177.068,51.859],[-177.055,51.909],[-177.089,51.93],[-177.181,51.943],[-177.198,51.931],[-177.208,51.817],[-177.288,51.782],[-177.446,51.759],[-177.516,51.725],[-177.555,51.721],[-177.64,51.736],[-177.705,51.707]]],[[[-178.227,51.878],[-178.21,51.854],[-178.099,51.818],[-178.058,51.78],[-178.015,51.79],[-177.959,51.772],[-177.96,51.721],[-178.08,51.703],[-178.12,51.677],[-178.085,51.66],[-177.965,51.647],[-177.935,51.597],[-177.9,51.602],[-177.928,51.647],[-177.919,51.672],[-177.829,51.694],[-177.84,51.732],[-177.786,51.794],[-177.713,51.816],[-177.786,51.844],[-177.825,51.83],[-177.924,51.858],[-177.904,51.877],[-177.977,51.917],[-178.052,51.912],[-178.127,51.919],[-178.195,51.908],[-178.227,51.878]]],[[[-178.862,51.576],[-178.82,51.541],[-178.741,51.556],[-178.862,51.576]]],[[[-178.871,51.785],[-178.813,51.746],[-178.77,51.748],[-178.734,51.782],[-178.747,51.81],[-178.795,51.835],[-178.86,51.819],[-178.871,51.785]]],[[[-178.99,51.383],[-178.955,51.333],[-178.909,51.342],[-178.922,51.378],[-178.99,51.383]]],[[[-179.147,51.277],[-179.14,51.231],[-179.098,51.226],[-179.074,51.282],[-179.113,51.301],[-179.147,51.277]]],[[[-180.518,51.983],[-180.524,51.937],[-180.478,51.897],[-180.386,51.872],[-180.351,51.874],[-180.265,51.908],[-180.226,51.971],[-180.337,52.023],[-180.417,52.017],[-180.461,51.985],[-180.518,51.983]]],[[[-181.374,51.637],[-181.294,51.593],[-181.215,51.572],[-181.156,51.579],[-181.048,51.542],[-180.94,51.455],[-180.782,51.387],[-180.738,51.358],[-180.633,51.372],[-180.601,51.359],[-180.537,51.376],[-180.614,51.404],[-180.736,51.406],[-180.77,51.413],[-180.809,51.463],[-180.856,51.469],[-180.923,51.499],[-180.997,51.552],[-181.079,51.586],[-181.096,51.615],[-181.196,51.635],[-181.262,51.633],[-181.354,51.658],[-181.374,51.637]]],[[[-181.553,51.978],[-181.532,51.932],[-181.498,51.9],[-181.461,51.903],[-181.41,51.945],[-181.447,51.974],[-181.521,51.988],[-181.553,51.978]]],[[[-181.763,51.828],[-181.681,51.772],[-181.628,51.774],[-181.694,51.822],[-181.763,51.828]]],[[[-181.905,52.033],[-181.867,51.987],[-181.809,52.004],[-181.82,52.033],[-181.881,52.052],[-181.905,52.033]]],[[[-182.797,51.897],[-182.707,51.846],[-182.651,51.904],[-182.59,51.931],[-182.439,51.916],[-182.393,51.925],[-182.388,51.951],[-182.456,51.956],[-182.462,51.979],[-182.398,52.016],[-182.367,52.065],[-182.324,52.092],[-182.397,52.137],[-182.437,52.122],[-182.495,52.039],[-182.503,51.993],[-182.654,51.963],[-182.709,51.919],[-182.797,51.897]]],[[[-184.126,52.371],[-184.089,52.335],[-184.033,52.36],[-184.126,52.371]]],[[[-186.644,52.406],[-186.535,52.385],[-186.411,52.401],[-186.349,52.356],[-186.274,52.357],[-186.288,52.421],[-186.308,52.446],[-186.292,52.477],[-186.23,52.512],[-186.376,52.507],[-186.47,52.45],[-186.554,52.455],[-186.62,52.432],[-186.644,52.406]]],[[[-187.538,52.927],[-187.487,52.905],[-187.36,52.925],[-187.246,52.877],[-187.237,52.824],[-187.191,52.789],[-187.096,52.762],[-187.002,52.797],[-186.881,52.784],[-186.833,52.795],[-186.795,52.849],[-186.771,52.856],[-186.698,52.823],[-186.587,52.828],[-186.578,52.845],[-186.705,52.927],[-186.788,52.939],[-186.893,52.993],[-187.253,53.011],[-187.371,53.001],[-187.538,52.927]]],[[[-131.245,55.075],[-131.175,55.087],[-131.211,55.113],[-131.245,55.075]]],[[[-131.498,54.935],[-131.344,54.856],[-131.256,54.877],[-131.191,54.915],[-131.245,54.934],[-131.254,54.976],[-131.335,54.995],[-131.417,54.963],[-131.467,54.968],[-131.498,54.935]]]]},"properties":{"abbr":"AK","name":"Alaska"}},{"type":"Feature","geometry":{"type":"Polygon","coordinates":[[[-119.999,41.995],[-119.998,41.619],[-120,41.184],[-119.999,40.873],[-119.996,40.5],[-119.998,39.957],[-120.002,39.539],[-120.006,39.341],[-120.001,39],[-119.779,38.847],[-119.376,38.567],[-119.097,38.373],[-118.772,38.142],[-118.251,37.769],[-117.876,37.497],[-117.712,37.375],[-117.376,37.127],[-117.001,36.848],[-116.71,36.627],[-116.376,36.373],[-116.097,36.158],[-115.751,35.889],[-115.501,35.693],[-115.084,35.363],[-114.633,35.002],[-114.637,35.028],[-114.605,35.075],[-114.647,35.102],[-114.578,35.129],[-114.57,35.162],[-114.595,35.324],[-114.627,35.41],[-114.653,35.431],[-114.679,35.499],[-114.657,35.532],[-114.653,35.611],[-114.689,35.65],[-114.683,35.689],[-114.705,35.712],[-114.699,35.79],[-114.707,35.849],[-114.663,35.874],[-114.7,35.902],[-114.741,35.976],[-114.723,36.027],[-114.755,36.085],[-114.736,36.104],[-114.683,36.109],[-114.63,36.142],[-114.571,36.151],[-114.508,36.15],[-114.444,36.126],[-114.415,36.145],[-114.37,36.143],[-114.233,36.013],[-114.151,36.023],[-114.068,36.178],[-114.044,36.193],[-114.043,36.379],[-114.049,36.689],[-114.051,37],[-114.053,37.593],[-114.05,37.824],[-114.049,38.265],[-114.05,38.5],[-114.049,39.006],[-114.048,39.456],[-114.047,39.997],[-114.046,40.398],[-114.043,40.772],[-114.041,41.22],[-114.04,41.492],[-114.04,41.885],[-114.041,41.994],[-114.598,41.995],[-114.806,42.002],[-115.032,41.996],[-115.314,41.996],[-115.942,41.997],[-116.368,41.996],[-117.026,42],[-117.626,41.998],[-118.197,41.997],[-118.501,41.995],[-118.696,41.992],[-119.208,41.993],[-119.876,41.997],[-119.999,41.995]]]},"properties":{"abbr":"NV","name":"Nevada"}},{"type":"Feature","geometry":{"type":"Polygon","coordinates":[[[-91.419,40.378],[-91.462,40.342],[-91.507,40.236],[-91.51,40.128],[-91.49,40.057],[-91.495,40.036],[-91.421,39.915],[-91.448,39.878],[-91.43,39.838],[-91.378,39.811],[-91.362,39.785],[-91.37,39.733],[-91.276,39.666],[-91.241,39.63],[-91.186,39.605],[-91.148,39.546],[-91.1,39.539],[-91.064,39.495],[-91.059,39.469],[-90.994,39.423],[-90.84,39.34],[-90.793,39.309],[-90.727,39.251],[-90.709,39.155],[-90.683,39.088],[-90.713,39.057],[-90.678,38.992],[-90.663,38.927],[-90.625,38.889],[-90.583,38.869],[-90.544,38.875],[-90.451,38.968],[-90.383,38.955],[-90.309,38.924],[-90.25,38.919],[-90.198,38.888],[-90.113,38.849],[-90.123,38.798],[-90.166,38.773],[-90.212,38.712],[-90.183,38.665],[-90.192,38.599],[-90.26,38.528],[-90.293,38.429],[-90.341,38.389],[-90.368,38.34],[-90.373,38.286],[-90.354,38.214],[-90.322,38.182],[-90.275,38.158],[-90.243,38.113],[-90.177,38.071],[-90.131,38.062],[-90.094,38.018],[-90.059,38.016],[-90.005,37.968],[-89.941,37.971],[-89.974,37.919],[-89.952,37.883],[-89.902,37.87],[-89.845,37.906],[-89.798,37.88],[-89.796,37.86],[-89.74,37.847],[-89.66,37.786],[-89.668,37.759],[-89.617,37.75],[-89.583,37.713],[-89.512,37.686],[-89.518,37.641],[-89.478,37.599],[-89.517,37.585],[-89.516,37.536],[-89.422,37.397],[-89.436,37.344],[-89.491,37.331],[-89.518,37.285],[-89.49,37.251],[-89.461,37.251],[-89.462,37.2],[-89.414,37.125],[-89.376,37.086],[-89.378,37.04],[-89.292,36.992],[-89.258,37.015],[-89.301,37.045],[-89.26,37.064],[-89.198,37.012],[-89.192,36.98],[-89.133,36.982],[-89.166,37.003],[-89.183,37.037],[-89.168,37.074],[-89.104,37.132],[-89.076,37.175],[-89.03,37.211],[-88.975,37.23],[-88.916,37.224],[-88.806,37.189],[-88.732,37.144],[-88.688,37.139],[-88.611,37.113],[-88.573,37.08],[-88.521,37.066],[-88.461,37.074],[-88.424,37.152],[-88.448,37.204],[-88.509,37.262],[-88.516,37.284],[-88.487,37.34],[-88.477,37.387],[-88.456,37.408],[-88.409,37.425],[-88.362,37.403],[-88.282,37.453],[-88.082,37.473],[-88.069,37.525],[-88.134,37.575],[-88.158,37.665],[-88.125,37.707],[-88.064,37.739],[-88.028,37.799],[-88.033,37.842],[-88.059,37.849],[-88.095,37.894],[-88.013,37.895],[-88.037,37.957],[-88.013,37.977],[-88.034,38.032],[-87.967,38.067],[-88.017,38.097],[-87.945,38.127],[-87.911,38.167],[-87.97,38.192],[-87.95,38.277],[-87.907,38.27],[-87.888,38.285],[-87.843,38.278],[-87.832,38.327],[-87.745,38.409],[-87.714,38.48],[-87.672,38.507],[-87.669,38.542],[-87.623,38.586],[-87.627,38.605],[-87.597,38.665],[-87.531,38.684],[-87.505,38.735],[-87.496,38.785],[-87.527,38.818],[-87.544,38.889],[-87.517,38.933],[-87.529,38.972],[-87.577,38.987],[-87.573,39.057],[-87.618,39.104],[-87.653,39.107],[-87.659,39.136],[-87.575,39.218],[-87.581,39.255],[-87.606,39.262],[-87.606,39.311],[-87.589,39.334],[-87.532,39.348],[-87.533,39.872],[-87.531,40.148],[-87.526,40.494],[-87.526,40.807],[-87.527,41.298],[-87.524,41.708],[-87.531,41.748],[-87.573,41.779],[-87.609,41.845],[-87.639,41.966],[-87.682,42.076],[-87.736,42.121],[-87.802,42.211],[-87.835,42.302],[-87.826,42.355],[-87.803,42.39],[-87.802,42.493],[-88.115,42.496],[-88.272,42.495],[-88.639,42.495],[-88.787,42.492],[-89.251,42.498],[-89.668,42.505],[-89.955,42.506],[-90.074,42.508],[-90.406,42.507],[-90.643,42.508],[-90.654,42.479],[-90.571,42.442],[-90.555,42.416],[-90.477,42.384],[-90.416,42.323],[-90.431,42.278],[-90.391,42.225],[-90.209,42.153],[-90.163,42.117],[-90.164,42.042],[-90.14,42.003],[-90.162,41.961],[-90.154,41.907],[-90.188,41.803],[-90.279,41.767],[-90.315,41.734],[-90.315,41.695],[-90.343,41.647],[-90.343,41.588],[-90.413,41.565],[-90.461,41.524],[-90.541,41.526],[-90.595,41.511],[-90.656,41.462],[-90.738,41.45],[-90.858,41.453],[-90.93,41.421],[-90.975,41.434],[-91.048,41.411],[-91.078,41.302],[-91.114,41.241],[-91.042,41.166],[-90.99,41.156],[-90.947,41.097],[-90.942,41.035],[-90.963,40.925],[-90.998,40.908],[-91.097,40.812],[-91.092,40.78],[-91.116,40.725],[-91.124,40.669],[-91.187,40.637],[-91.248,40.638],[-91.349,40.61],[-91.406,40.543],[-91.369,40.513],[-91.378,40.456],[-91.376,40.392],[-91.419,40.378]]]},"properties":{"abbr":"IL","name":"Illinois"}},{"type":"Feature","geometry":{"type":"Polygon","coordinates":[[[-73.343,45.011],[-73.338,44.924],[-73.381,44.845],[-73.335,44.805],[-73.366,44.742],[-73.366,44.698],[-73.39,44.617],[-73.382,44.589],[-73.343,44.552],[-73.3,44.477],[-73.296,44.428],[-73.334,44.372],[-73.311,44.274],[-73.324,44.244],[-73.391,44.189],[-73.438,44.045],[-73.411,44.027],[-73.409,43.933],[-73.374,43.874],[-73.393,43.822],[-73.351,43.772],[-73.371,43.725],[-73.402,43.693],[-73.428,43.634],[-73.429,43.584],[-73.398,43.568],[-73.359,43.625],[-73.302,43.624],[-73.285,43.579],[-73.259,43.565],[-73.247,43.526],[-73.256,43.259],[-73.27,43.036],[-73.279,42.833],[-73.291,42.802],[-73.265,42.746],[-72.809,42.737],[-72.459,42.727],[-72.476,42.758],[-72.54,42.805],[-72.557,42.853],[-72.553,42.885],[-72.524,42.919],[-72.535,42.95],[-72.474,42.972],[-72.445,43.011],[-72.467,43.053],[-72.435,43.087],[-72.433,43.12],[-72.457,43.147],[-72.438,43.203],[-72.435,43.258],[-72.395,43.313],[-72.413,43.363],[-72.381,43.493],[-72.399,43.513],[-72.373,43.58],[-72.332,43.599],[-72.3,43.706],[-72.234,43.746],[-72.185,43.805],[-72.188,43.856],[-72.099,43.957],[-72.117,43.994],[-72.085,44.021],[-72.032,44.092],[-72.041,44.154],[-72.066,44.19],[-72.048,44.238],[-72.068,44.271],[-72.019,44.32],[-71.981,44.338],[-71.872,44.337],[-71.812,44.357],[-71.791,44.4],[-71.715,44.41],[-71.66,44.441],[-71.577,44.504],[-71.574,44.541],[-71.549,44.57],[-71.552,44.63],[-71.586,44.658],[-71.599,44.703],[-71.632,44.752],[-71.58,44.785],[-71.546,44.866],[-71.496,44.909],[-71.516,44.964],[-71.539,44.987],[-71.501,45.013],[-71.915,45.008],[-72.31,45.004],[-72.59,45.013],[-72.846,45.017],[-73.343,45.011]]]},"properties":{"abbr":"VT","name":"Vermont"}},{"type":"Feature","geometry":{"type":"Polygon","coordinates":[[[-97.229,49.001],[-97.234,48.948],[-97.19,48.894],[-97.159,48.811],[-97.142,48.737],[-97.102,48.681],[-97.114,48.63],[-97.144,48.598],[-97.157,48.482],[-97.129,48.46],[-97.157,48.386],[-97.126,48.338],[-97.138,48.312],[-97.125,48.253],[-97.144,48.246],[-97.146,48.145],[-97.076,48.053],[-97.055,47.946],[-97.018,47.92],[-97.021,47.873],[-96.982,47.83],[-96.979,47.804],[-96.935,47.766],[-96.933,47.737],[-96.857,47.611],[-96.85,47.553],[-96.869,47.529],[-96.849,47.498],[-96.862,47.414],[-96.84,47.398],[-96.852,47.36],[-96.832,47.307],[-96.846,47.273],[-96.823,47.174],[-96.818,47.046],[-96.834,47.01],[-96.792,46.928],[-96.759,46.928],[-96.782,46.871],[-96.797,46.777],[-96.776,46.768],[-96.799,46.654],[-96.747,46.576],[-96.749,46.55],[-96.719,46.44],[-96.666,46.375],[-96.6,46.329],[-96.592,46.185],[-96.58,46.176],[-96.555,46.084],[-96.578,46.027],[-96.564,45.935],[-96.58,45.826],[-96.625,45.788],[-96.652,45.747],[-96.75,45.699],[-96.841,45.645],[-96.858,45.606],[-96.765,45.521],[-96.731,45.457],[-96.68,45.41],[-96.618,45.408],[-96.489,45.357],[-96.453,45.298],[-96.452,44.963],[-96.452,44.46],[-96.453,43.978],[-96.453,43.5],[-95.978,43.5],[-95.434,43.5],[-94.915,43.501],[-94.567,43.5],[-93.971,43.5],[-93.261,43.499],[-92.552,43.5],[-91.954,43.501],[-91.218,43.501],[-91.244,43.549],[-91.232,43.582],[-91.269,43.615],[-91.268,43.71],[-91.244,43.775],[-91.284,43.847],[-91.365,43.935],[-91.441,44.002],[-91.507,44.019],[-91.583,44.027],[-91.645,44.063],[-91.711,44.12],[-91.817,44.164],[-91.875,44.201],[-91.896,44.273],[-91.92,44.286],[-91.926,44.334],[-91.96,44.359],[-92.054,44.401],[-92.125,44.422],[-92.215,44.439],[-92.277,44.474],[-92.314,44.538],[-92.348,44.557],[-92.437,44.553],[-92.518,44.575],[-92.569,44.604],[-92.621,44.615],[-92.622,44.639],[-92.737,44.717],[-92.808,44.751],[-92.765,44.841],[-92.775,44.893],[-92.751,44.937],[-92.769,44.972],[-92.765,45.029],[-92.797,45.051],[-92.792,45.08],[-92.745,45.108],[-92.759,45.291],[-92.699,45.336],[-92.704,45.354],[-92.65,45.399],[-92.647,45.442],[-92.727,45.514],[-92.726,45.541],[-92.77,45.567],[-92.823,45.561],[-92.884,45.575],[-92.888,45.639],[-92.869,45.718],[-92.785,45.764],[-92.708,45.895],[-92.64,45.932],[-92.552,45.952],[-92.522,45.984],[-92.464,45.976],[-92.421,46.027],[-92.362,46.013],[-92.328,46.066],[-92.294,46.074],[-92.292,46.666],[-92.212,46.65],[-92.146,46.716],[-92.138,46.74],[-92.089,46.749],[-92.015,46.706],[-92.077,46.759],[-92.094,46.788],[-92.046,46.819],[-91.915,46.883],[-91.841,46.925],[-91.781,46.943],[-91.705,47.005],[-91.643,47.035],[-91.574,47.09],[-91.481,47.125],[-91.367,47.2],[-91.326,47.239],[-91.249,47.284],[-91.162,47.374],[-91.033,47.458],[-90.863,47.56],[-90.729,47.628],[-90.671,47.646],[-90.537,47.703],[-90.345,47.745],[-90.257,47.771],[-90.188,47.777],[-90.072,47.811],[-89.974,47.831],[-89.919,47.864],[-89.794,47.892],[-89.738,47.917],[-89.625,47.995],[-89.734,48.022],[-89.805,48.014],[-89.871,47.986],[-89.897,47.988],[-89.993,48.028],[-90.024,48.085],[-90.133,48.112],[-90.306,48.105],[-90.382,48.093],[-90.438,48.099],[-90.557,48.096],[-90.576,48.121],[-90.642,48.104],[-90.762,48.098],[-90.833,48.174],[-90.839,48.24],[-90.885,48.246],[-90.977,48.219],[-91.032,48.188],[-91.083,48.181],[-91.25,48.084],[-91.371,48.069],[-91.43,48.049],[-91.489,48.068],[-91.567,48.044],[-91.57,48.093],[-91.64,48.097],[-91.712,48.115],[-91.698,48.142],[-91.715,48.199],[-91.864,48.207],[-91.893,48.238],[-92.007,48.265],[-92,48.321],[-92.084,48.354],[-92.162,48.363],[-92.207,48.346],[-92.262,48.355],[-92.289,48.343],[-92.301,48.289],[-92.281,48.244],[-92.369,48.22],[-92.416,48.295],[-92.47,48.352],[-92.456,48.401],[-92.507,48.448],[-92.656,48.437],[-92.713,48.463],[-92.699,48.495],[-92.637,48.499],[-92.635,48.543],[-92.728,48.539],[-92.985,48.624],[-93.088,48.628],[-93.178,48.623],[-93.207,48.642],[-93.255,48.643],[-93.348,48.627],[-93.355,48.612],[-93.464,48.592],[-93.468,48.546],[-93.547,48.529],[-93.626,48.531],[-93.645,48.517],[-93.794,48.516],[-93.818,48.53],[-93.805,48.57],[-93.844,48.63],[-93.953,48.634],[-94.007,48.643],[-94.157,48.646],[-94.244,48.653],[-94.264,48.699],[-94.416,48.711],[-94.439,48.695],[-94.539,48.703],[-94.59,48.718],[-94.694,48.782],[-94.704,48.824],[-94.684,48.884],[-94.75,49.099],[-94.773,49.121],[-94.826,49.294],[-94.854,49.324],[-94.957,49.37],[-95.058,49.353],[-95.153,49.384],[-95.154,48.999],[-95.766,49],[-96.209,49],[-96.669,49],[-97.229,49.001]]]},"properties":{"abbr":"MN","name":"Minnesota"}},{"type":"Feature","geometry":{"type":"Polygon","coordinates":[[[-96.453,43.5],[-96.599,43.5],[-96.582,43.467],[-96.594,43.434],[-96.524,43.395],[-96.526,43.312],[-96.581,43.289],[-96.571,43.239],[-96.519,43.218],[-96.485,43.224],[-96.465,43.182],[-96.467,43.15],[-96.439,43.114],[-96.455,43.075],[-96.511,43.025],[-96.492,43.01],[-96.52,42.978],[-96.5,42.959],[-96.541,42.924],[-96.528,42.891],[-96.55,42.841],[-96.582,42.834],[-96.592,42.801],[-96.635,42.763],[-96.627,42.71],[-96.538,42.655],[-96.477,42.556],[-96.475,42.49],[-96.446,42.491],[-96.396,42.484],[-96.381,42.446],[-96.412,42.411],[-96.408,42.337],[-96.37,42.311],[-96.331,42.259],[-96.324,42.23],[-96.357,42.215],[-96.348,42.167],[-96.267,42.11],[-96.271,42.045],[-96.238,42.041],[-96.184,41.977],[-96.13,41.972],[-96.142,41.915],[-96.162,41.902],[-96.116,41.855],[-96.108,41.821],[-96.07,41.804],[-96.118,41.694],[-96.095,41.647],[-96.114,41.624],[-96.083,41.583],[-96.092,41.534],[-96.054,41.509],[-96.027,41.54],[-95.993,41.512],[-96.005,41.472],[-95.933,41.464],[-95.931,41.365],[-95.957,41.349],[-95.926,41.322],[-95.889,41.319],[-95.882,41.281],[-95.929,41.281],[-95.911,41.238],[-95.926,41.196],[-95.865,41.188],[-95.882,41.144],[-95.863,41.088],[-95.863,40.997],[-95.828,40.972],[-95.84,40.94],[-95.812,40.884],[-95.848,40.864],[-95.837,40.776],[-95.889,40.732],[-95.843,40.677],[-95.789,40.659],[-95.751,40.609],[-95.766,40.585],[-95.525,40.582],[-94.992,40.576],[-94.489,40.571],[-94.08,40.573],[-93.548,40.58],[-93.261,40.581],[-92.942,40.588],[-92.757,40.589],[-92.096,40.602],[-91.729,40.614],[-91.689,40.583],[-91.682,40.553],[-91.625,40.544],[-91.617,40.505],[-91.564,40.461],[-91.529,40.459],[-91.525,40.411],[-91.48,40.382],[-91.419,40.378],[-91.376,40.392],[-91.378,40.456],[-91.369,40.513],[-91.406,40.543],[-91.349,40.61],[-91.248,40.638],[-91.187,40.637],[-91.124,40.669],[-91.116,40.725],[-91.092,40.78],[-91.097,40.812],[-90.998,40.908],[-90.963,40.925],[-90.942,41.035],[-90.947,41.097],[-90.99,41.156],[-91.042,41.166],[-91.114,41.241],[-91.078,41.302],[-91.048,41.411],[-90.975,41.434],[-90.93,41.421],[-90.858,41.453],[-90.738,41.45],[-90.656,41.462],[-90.595,41.511],[-90.541,41.526],[-90.461,41.524],[-90.413,41.565],[-90.343,41.588],[-90.343,41.647],[-90.315,41.695],[-90.315,41.734],[-90.279,41.767],[-90.188,41.803],[-90.154,41.907],[-90.162,41.961],[-90.14,42.003],[-90.164,42.042],[-90.163,42.117],[-90.209,42.153],[-90.391,42.225],[-90.431,42.278],[-90.416,42.323],[-90.477,42.384],[-90.555,42.416],[-90.571,42.442],[-90.654,42.479],[-90.643,42.508],[-90.644,42.54],[-90.72,42.641],[-90.952,42.687],[-91.051,42.737],[-91.065,42.757],[-91.079,42.828],[-91.101,42.883],[-91.146,42.91],[-91.147,42.963],[-91.175,43.039],[-91.178,43.129],[-91.143,43.156],[-91.119,43.2],[-91.058,43.254],[-91.129,43.326],[-91.202,43.349],[-91.198,43.395],[-91.232,43.46],[-91.218,43.501],[-91.954,43.501],[-92.552,43.5],[-93.261,43.499],[-93.971,43.5],[-94.567,43.5],[-94.915,43.501],[-95.434,43.5],[-95.978,43.5],[-96.453,43.5]]]},"properties":{"abbr":"IA","name":"Iowa"}},{"type":"Feature","geometry":{"type":"Polygon","coordinates":[[[-83.11,35.001],[-83.112,34.936],[-83.169,34.919],[-83.206,34.88],[-83.243,34.877],[-83.256,34.844],[-83.324,34.787],[-83.319,34.765],[-83.349,34.737],[-83.338,34.687],[-83.254,34.637],[-83.231,34.611],[-83.168,34.591],[-83.141,34.562],[-83.085,34.531],[-83.069,34.502],[-82.993,34.479],[-82.902,34.487],[-82.865,34.46],[-82.835,34.366],[-82.795,34.341],[-82.782,34.298],[-82.743,34.251],[-82.742,34.21],[-82.717,34.151],[-82.675,34.13],[-82.596,34.031],[-82.557,33.945],[-82.513,33.937],[-82.493,33.91],[-82.429,33.866],[-82.408,33.866],[-82.346,33.834],[-82.299,33.784],[-82.247,33.753],[-82.235,33.7],[-82.2,33.662],[-82.197,33.631],[-82.134,33.591],[-82.046,33.564],[-82.01,33.53],[-81.986,33.487],[-81.926,33.463],[-81.913,33.438],[-81.945,33.364],[-81.919,33.333],[-81.869,33.314],[-81.846,33.284],[-81.853,33.249],[-81.808,33.214],[-81.768,33.216],[-81.763,33.159],[-81.705,33.116],[-81.642,33.093],[-81.615,33.096],[-81.562,33.046],[-81.492,33.007],[-81.503,32.939],[-81.483,32.922],[-81.476,32.878],[-81.422,32.835],[-81.43,32.782],[-81.412,32.763],[-81.421,32.7],[-81.395,32.65],[-81.418,32.628],[-81.389,32.595],[-81.322,32.56],[-81.281,32.556],[-81.2,32.468],[-81.206,32.424],[-81.179,32.394],[-81.162,32.35],[-81.142,32.35],[-81.122,32.305],[-81.157,32.244],[-81.123,32.201],[-81.115,32.115],[-81.038,32.084],[-81.004,32.102],[-80.908,32.038],[-80.908,32.048],[-80.842,32.118],[-80.822,32.109],[-80.74,32.146],[-80.672,32.213],[-80.687,32.244],[-80.765,32.286],[-80.753,32.307],[-80.708,32.324],[-80.689,32.303],[-80.645,32.291],[-80.624,32.258],[-80.504,32.307],[-80.453,32.322],[-80.429,32.39],[-80.458,32.41],[-80.485,32.461],[-80.472,32.497],[-80.444,32.505],[-80.413,32.471],[-80.363,32.496],[-80.332,32.478],[-80.237,32.542],[-80.164,32.562],[-80.121,32.591],[-80.037,32.61],[-80.001,32.606],[-79.97,32.641],[-79.887,32.683],[-79.87,32.73],[-79.879,32.751],[-79.929,32.754],[-79.923,32.782],[-79.886,32.788],[-79.849,32.754],[-79.726,32.806],[-79.698,32.851],[-79.631,32.889],[-79.581,32.906],[-79.618,32.953],[-79.571,33.014],[-79.532,33.035],[-79.483,33.01],[-79.416,33.016],[-79.362,33.009],[-79.33,33.087],[-79.246,33.126],[-79.194,33.17],[-79.176,33.211],[-79.18,33.254],[-79.147,33.378],[-79.085,33.484],[-79.031,33.532],[-79.007,33.567],[-78.938,33.64],[-78.867,33.703],[-78.796,33.755],[-78.668,33.819],[-78.547,33.856],[-78.875,34.134],[-79.25,34.45],[-79.358,34.545],[-79.675,34.805],[-79.871,34.805],[-80.5,34.817],[-80.798,34.82],[-80.782,34.936],[-80.935,35.107],[-81.041,35.045],[-81.057,35.086],[-81.033,35.114],[-81.044,35.15],[-81.242,35.16],[-81.716,35.179],[-82.177,35.194],[-82.275,35.2],[-82.371,35.181],[-82.39,35.215],[-82.495,35.165],[-82.542,35.162],[-82.686,35.108],[-82.758,35.068],[-82.783,35.086],[-83.11,35.001]]]},"properties":{"abbr":"SC","name":"South Carolina"}},{"type":"Feature","geometry":{"type":"Polygon","coordinates":[[[-71.501,45.013],[-71.539,44.987],[-71.516,44.964],[-71.496,44.909],[-71.546,44.866],[-71.58,44.785],[-71.632,44.752],[-71.599,44.703],[-71.586,44.658],[-71.552,44.63],[-71.549,44.57],[-71.574,44.541],[-71.577,44.504],[-71.66,44.441],[-71.715,44.41],[-71.791,44.4],[-71.812,44.357],[-71.872,44.337],[-71.981,44.338],[-72.019,44.32],[-72.068,44.271],[-72.048,44.238],[-72.066,44.19],[-72.041,44.154],[-72.032,44.092],[-72.085,44.021],[-72.117,43.994],[-72.099,43.957],[-72.188,43.856],[-72.185,43.805],[-72.234,43.746],[-72.3,43.706],[-72.332,43.599],[-72.373,43.58],[-72.399,43.513],[-72.381,43.493],[-72.413,43.363],[-72.395,43.313],[-72.435,43.258],[-72.438,43.203],[-72.457,43.147],[-72.433,43.12],[-72.435,43.087],[-72.467,43.053],[-72.445,43.011],[-72.474,42.972],[-72.535,42.95],[-72.524,42.919],[-72.553,42.885],[-72.557,42.853],[-72.54,42.805],[-72.476,42.758],[-72.459,42.727],[-71.981,42.713],[-71.746,42.707],[-71.294,42.697],[-71.246,42.743],[-71.182,42.738],[-71.186,42.791],[-71.133,42.821],[-71.064,42.806],[-71.031,42.859],[-70.931,42.885],[-70.886,42.883],[-70.849,42.861],[-70.817,42.872],[-70.811,42.907],[-70.704,43.06],[-70.827,43.127],[-70.818,43.238],[-70.882,43.272],[-70.916,43.32],[-70.967,43.344],[-70.987,43.414],[-70.961,43.438],[-70.97,43.486],[-70.951,43.551],[-70.973,43.57],[-70.989,43.792],[-70.993,43.916],[-71.013,44.341],[-71.031,44.655],[-71.059,45.005],[-71.084,45.305],[-71.134,45.244],[-71.228,45.25],[-71.284,45.302],[-71.383,45.235],[-71.468,45.084],[-71.498,45.07],[-71.501,45.013]]]},"properties":{"abbr":"NH","name":"New Hampshire"}},{"type":"Feature","geometry":{"type":"Polygon","coordinates":[[[-75.789,39.722],[-75.789,39.658],[-75.749,39.165],[-75.718,38.766],[-75.694,38.46],[-75.384,38.452],[-75.049,38.451],[-75.066,38.661],[-75.082,38.772],[-75.134,38.782],[-75.191,38.807],[-75.304,38.913],[-75.312,38.968],[-75.341,39.02],[-75.396,39.058],[-75.413,39.153],[-75.397,39.205],[-75.409,39.264],[-75.439,39.313],[-75.494,39.347],[-75.539,39.417],[-75.572,39.439],[-75.593,39.479],[-75.563,39.562],[-75.612,39.597],[-75.587,39.651],[-75.562,39.657],[-75.509,39.72],[-75.469,39.786],[-75.423,39.807],[-75.499,39.833],[-75.617,39.834],[-75.701,39.803],[-75.789,39.722]]]},"properties":{"abbr":"DE","name":"Delaware"}},{"type":"Feature","geometry":{"type":"Polygon","coordinates":[[[-77.12,38.934],[-77.067,38.899],[-77.032,38.851],[-77.039,38.792],[-76.909,38.893],[-77.041,38.995],[-77.12,38.934]]]},"properties":{"abbr":"DC","name":"District of Columbia"}},{"type":"Feature","geometry":{"type":"MultiPolygon","coordinates":[[[[-169.519,-14.221],[-169.493,-14.27],[-169.462,-14.249],[-169.423,-14.255],[-169.428,-14.211],[-169.519,-14.221]]],[[[-170.847,-14.321],[-170.79,-14.335],[-170.785,-14.357],[-170.742,-14.366],[-170.711,-14.326],[-170.628,-14.259],[-170.702,-14.256],[-170.741,-14.292],[-170.798,-14.289],[-170.847,-14.321]]]]},"properties":{"abbr":"AS","name":"American Samoa"}},{"type":"Feature","geometry":{"type":"Polygon","coordinates":[[[-73.487,42.05],[-73.521,41.62],[-73.551,41.295],[-73.483,41.213],[-73.728,41.101],[-73.655,41.012],[-73.659,40.989],[-73.551,41.024],[-73.469,41.06],[-73.433,41.056],[-73.402,41.086],[-73.287,41.128],[-73.262,41.118],[-73.203,41.158],[-73.13,41.147],[-73.05,41.211],[-73.015,41.205],[-72.962,41.252],[-72.931,41.263],[-72.882,41.243],[-72.762,41.268],[-72.685,41.258],[-72.617,41.272],[-72.571,41.268],[-72.544,41.249],[-72.452,41.279],[-72.399,41.278],[-72.387,41.262],[-72.261,41.283],[-72.178,41.322],[-72.134,41.299],[-72.049,41.319],[-72.011,41.307],[-71.979,41.33],[-71.878,41.336],[-71.861,41.32],[-71.829,41.342],[-71.843,41.406],[-71.798,41.417],[-71.787,41.656],[-71.799,42.008],[-71.801,42.024],[-72.136,42.03],[-72.528,42.034],[-72.573,42.03],[-72.696,42.037],[-72.752,42.03],[-72.767,42.003],[-72.817,41.998],[-72.814,42.036],[-73,42.039],[-73.433,42.051],[-73.487,42.05]]]},"properties":{"abbr":"CT","name":"Connecticut"}},{"type":"Feature","geometry":{"type":"MultiPolygon","coordinates":[[[[-83.883,45.975],[-83.786,45.933],[-83.688,45.935],[-83.621,45.945],[-83.603,45.925],[-83.528,45.918],[-83.473,45.984],[-83.541,46.021],[-83.547,46.048],[-83.626,46.102],[-83.72,46.101],[-83.672,46.055],[-83.766,46.025],[-83.806,45.984],[-83.845,46.027],[-83.883,45.975]]],[[[-84.59,45.813],[-84.55,45.79],[-84.501,45.737],[-84.42,45.72],[-84.394,45.728],[-84.356,45.771],[-84.509,45.811],[-84.59,45.813]]],[[[-85.626,45.602],[-85.62,45.583],[-85.562,45.572],[-85.492,45.608],[-85.494,45.698],[-85.507,45.755],[-85.544,45.751],[-85.603,45.682],[-85.604,45.64],[-85.626,45.602]]],[[[-86.064,45.14],[-86.059,45.101],[-86,45.054],[-85.977,45.138],[-86.044,45.16],[-86.064,45.14]]],[[[-86.156,45.014],[-86.096,45.006],[-86.085,45.04],[-86.138,45.043],[-86.156,45.014]]],[[[-86.709,46.545],[-86.702,46.511],[-86.66,46.47],[-86.626,46.535],[-86.653,46.561],[-86.709,46.545]]],[[[-86.825,41.76],[-86.519,41.759],[-86.128,41.761],[-85.791,41.759],[-85.308,41.76],[-84.806,41.76],[-84.806,41.696],[-84.361,41.707],[-83.86,41.721],[-83.455,41.733],[-83.44,41.759],[-83.44,41.813],[-83.41,41.83],[-83.384,41.87],[-83.343,41.879],[-83.32,41.933],[-83.263,41.94],[-83.25,41.974],[-83.21,41.996],[-83.188,42.044],[-83.191,42.077],[-83.132,42.09],[-83.119,42.125],[-83.134,42.175],[-83.126,42.238],[-83.1,42.287],[-83.064,42.317],[-82.96,42.34],[-82.889,42.398],[-82.868,42.455],[-82.884,42.477],[-82.874,42.524],[-82.845,42.561],[-82.782,42.571],[-82.814,42.641],[-82.701,42.69],[-82.635,42.676],[-82.684,42.623],[-82.661,42.569],[-82.606,42.548],[-82.525,42.606],[-82.511,42.665],[-82.468,42.761],[-82.483,42.809],[-82.456,42.927],[-82.413,42.977],[-82.427,43.017],[-82.486,43.102],[-82.523,43.225],[-82.539,43.432],[-82.586,43.543],[-82.601,43.605],[-82.615,43.779],[-82.655,43.868],[-82.737,43.986],[-82.814,44.032],[-82.876,44.045],[-82.93,44.068],[-83.028,44.046],[-83.079,44.001],[-83.262,43.975],[-83.279,43.941],[-83.329,43.903],[-83.325,43.884],[-83.385,43.853],[-83.396,43.819],[-83.497,43.697],[-83.524,43.717],[-83.625,43.624],[-83.685,43.584],[-83.735,43.617],[-83.856,43.647],[-83.913,43.678],[-83.956,43.761],[-83.929,43.777],[-83.924,43.859],[-83.909,43.916],[-83.848,43.99],[-83.763,43.986],[-83.647,44.053],[-83.59,44.07],[-83.569,44.105],[-83.568,44.156],[-83.549,44.227],[-83.509,44.274],[-83.433,44.264],[-83.414,44.295],[-83.364,44.333],[-83.333,44.34],[-83.321,44.407],[-83.327,44.444],[-83.307,44.542],[-83.316,44.595],[-83.287,44.657],[-83.273,44.714],[-83.294,44.737],[-83.294,44.808],[-83.321,44.853],[-83.316,44.878],[-83.366,44.89],[-83.425,44.927],[-83.464,44.996],[-83.438,45.055],[-83.389,45.077],[-83.341,45.042],[-83.315,45.053],[-83.316,45.126],[-83.368,45.172],[-83.405,45.226],[-83.382,45.27],[-83.452,45.319],[-83.538,45.358],[-83.572,45.347],[-83.7,45.398],[-83.811,45.421],[-83.909,45.486],[-83.972,45.495],[-84.061,45.489],[-84.123,45.525],[-84.129,45.562],[-84.216,45.635],[-84.33,45.664],[-84.416,45.653],[-84.479,45.657],[-84.576,45.711],[-84.773,45.789],[-84.808,45.745],[-84.925,45.757],[-84.961,45.745],[-84.945,45.709],[-85.015,45.652],[-85.075,45.629],[-85.12,45.569],[-85.094,45.482],[-85.037,45.435],[-84.922,45.422],[-84.916,45.393],[-84.987,45.369],[-85.043,45.362],[-85.138,45.373],[-85.204,45.362],[-85.274,45.315],[-85.304,45.319],[-85.372,45.271],[-85.388,45.192],[-85.363,45.112],[-85.38,45.046],[-85.376,45.003],[-85.396,44.931],[-85.471,44.817],[-85.499,44.804],[-85.527,44.748],[-85.577,44.76],[-85.556,44.818],[-85.5,44.856],[-85.475,44.992],[-85.52,44.974],[-85.54,44.917],[-85.533,44.873],[-85.579,44.818],[-85.599,44.766],[-85.641,44.776],[-85.651,44.832],[-85.645,44.884],[-85.605,44.938],[-85.649,44.975],[-85.6,45.022],[-85.58,45.066],[-85.614,45.128],[-85.6,45.149],[-85.531,45.177],[-85.617,45.187],[-85.656,45.146],[-85.681,45.093],[-85.741,45.056],[-85.78,45.01],[-85.778,44.983],[-85.807,44.95],[-85.87,44.939],[-85.932,44.969],[-85.98,44.906],[-86.067,44.906],[-86.067,44.82],[-86.09,44.742],[-86.155,44.732],[-86.232,44.706],[-86.259,44.664],[-86.22,44.568],[-86.249,44.483],[-86.248,44.421],[-86.269,44.345],[-86.3,44.308],[-86.414,44.138],[-86.515,44.058],[-86.502,44.022],[-86.463,43.971],[-86.434,43.856],[-86.434,43.802],[-86.462,43.747],[-86.529,43.678],[-86.538,43.618],[-86.465,43.485],[-86.427,43.375],[-86.396,43.316],[-86.326,43.21],[-86.255,43.083],[-86.226,42.988],[-86.21,42.856],[-86.206,42.71],[-86.229,42.638],[-86.226,42.595],[-86.257,42.454],[-86.297,42.358],[-86.356,42.254],[-86.404,42.196],[-86.485,42.118],[-86.553,42.006],[-86.582,41.942],[-86.622,41.892],[-86.684,41.84],[-86.825,41.76]]],[[[-89.263,47.87],[-89.198,47.848],[-89.162,47.824],[-89.124,47.829],[-88.977,47.874],[-89.003,47.909],[-88.853,47.965],[-88.67,48.011],[-88.575,48.063],[-88.567,48.094],[-88.42,48.171],[-88.423,48.191],[-88.525,48.165],[-88.547,48.175],[-88.667,48.136],[-88.676,48.12],[-88.895,48.029],[-88.994,48.002],[-89.179,47.935],[-89.221,47.911],[-89.224,47.88],[-89.263,47.87]]],[[[-90.418,46.566],[-90.393,46.533],[-90.311,46.539],[-90.265,46.504],[-90.217,46.502],[-90.119,46.359],[-90.12,46.337],[-89.496,46.216],[-89.092,46.139],[-88.85,46.04],[-88.782,46.017],[-88.74,46.027],[-88.679,46.014],[-88.663,45.988],[-88.616,45.988],[-88.565,46.016],[-88.51,46.019],[-88.417,45.975],[-88.38,45.992],[-88.292,45.951],[-88.148,45.938],[-88.095,45.916],[-88.102,45.884],[-88.078,45.864],[-88.134,45.823],[-88.094,45.786],[-88.051,45.781],[-87.993,45.796],[-87.986,45.77],[-87.946,45.757],[-87.88,45.755],[-87.855,45.727],[-87.812,45.711],[-87.782,45.673],[-87.823,45.663],[-87.775,45.602],[-87.803,45.538],[-87.793,45.5],[-87.813,45.464],[-87.862,45.434],[-87.85,45.41],[-87.885,45.363],[-87.754,45.349],[-87.694,45.39],[-87.659,45.37],[-87.648,45.339],[-87.706,45.266],[-87.735,45.178],[-87.684,45.144],[-87.661,45.108],[-87.592,45.095],[-87.61,45.114],[-87.6,45.15],[-87.54,45.194],[-87.443,45.291],[-87.392,45.369],[-87.326,45.43],[-87.333,45.447],[-87.288,45.501],[-87.252,45.568],[-87.166,45.665],[-87.1,45.687],[-87.057,45.737],[-87.057,45.812],[-86.999,45.848],[-87.007,45.869],[-86.978,45.906],[-86.948,45.877],[-87.006,45.829],[-86.976,45.756],[-86.985,45.706],[-86.952,45.685],[-86.903,45.709],[-86.843,45.72],[-86.803,45.794],[-86.773,45.811],[-86.782,45.86],[-86.662,45.834],[-86.582,45.896],[-86.535,45.886],[-86.528,45.853],[-86.555,45.832],[-86.586,45.779],[-86.672,45.721],[-86.676,45.692],[-86.713,45.657],[-86.65,45.616],[-86.617,45.617],[-86.627,45.66],[-86.592,45.665],[-86.574,45.716],[-86.537,45.708],[-86.532,45.747],[-86.478,45.764],[-86.437,45.762],[-86.425,45.79],[-86.371,45.788],[-86.327,45.855],[-86.324,45.906],[-86.276,45.944],[-86.197,45.963],[-86.062,45.964],[-85.926,45.932],[-85.894,45.967],[-85.817,45.98],[-85.696,45.959],[-85.659,45.966],[-85.598,46.033],[-85.522,46.091],[-85.427,46.102],[-85.326,46.09],[-85.259,46.063],[-85.13,46.046],[-85.094,46.028],[-85.004,46.006],[-84.888,45.924],[-84.821,45.868],[-84.758,45.843],[-84.706,45.849],[-84.737,45.913],[-84.73,45.961],[-84.694,45.986],[-84.687,46.035],[-84.657,46.053],[-84.606,46.029],[-84.544,46.023],[-84.53,45.991],[-84.438,46.007],[-84.356,45.957],[-84.294,45.954],[-84.233,45.977],[-84.161,45.974],[-84.117,45.983],[-84.018,45.959],[-83.922,45.967],[-83.895,45.986],[-83.937,46.03],[-83.981,46.027],[-84.071,46.093],[-84.03,46.135],[-84.089,46.146],[-84.146,46.179],[-84.221,46.163],[-84.273,46.201],[-84.258,46.218],[-84.176,46.246],[-84.156,46.23],[-84.108,46.241],[-84.12,46.315],[-84.146,46.419],[-84.111,46.504],[-84.129,46.53],[-84.226,46.534],[-84.254,46.501],[-84.293,46.493],[-84.341,46.508],[-84.42,46.501],[-84.543,46.422],[-84.596,46.415],[-84.599,46.452],[-84.631,46.485],[-84.678,46.488],[-84.769,46.454],[-84.839,46.446],[-84.861,46.47],[-85.015,46.48],[-85.055,46.515],[-85.027,46.543],[-85.035,46.582],[-85.028,46.697],[-84.997,46.771],[-85.082,46.758],[-85.158,46.765],[-85.257,46.753],[-85.363,46.717],[-85.501,46.676],[-85.795,46.681],[-85.878,46.691],[-86.088,46.655],[-86.138,46.673],[-86.35,46.578],[-86.444,46.547],[-86.551,46.496],[-86.638,46.412],[-86.669,46.446],[-86.703,46.439],[-86.755,46.48],[-86.788,46.478],[-86.816,46.438],[-86.875,46.437],[-86.889,46.459],[-86.943,46.469],[-86.977,46.527],[-87.077,46.515],[-87.117,46.495],[-87.171,46.504],[-87.202,46.491],[-87.311,46.492],[-87.359,46.503],[-87.394,46.533],[-87.393,46.571],[-87.503,46.647],[-87.525,46.691],[-87.583,46.731],[-87.595,46.774],[-87.633,46.812],[-87.727,46.826],[-87.741,46.865],[-87.817,46.891],[-87.846,46.884],[-87.898,46.909],[-87.999,46.905],[-88.07,46.92],[-88.185,46.905],[-88.145,46.967],[-88.244,46.93],[-88.31,46.89],[-88.434,46.794],[-88.483,46.826],[-88.476,46.886],[-88.446,46.97],[-88.404,46.985],[-88.368,47.019],[-88.35,47.076],[-88.298,47.099],[-88.282,47.138],[-88.232,47.146],[-88.239,47.186],[-88.212,47.209],[-88.166,47.216],[-88.055,47.298],[-87.938,47.342],[-87.957,47.387],[-87.857,47.395],[-87.815,47.385],[-87.742,47.406],[-87.716,47.44],[-87.801,47.473],[-87.879,47.468],[-87.938,47.48],[-88.04,47.476],[-88.182,47.458],[-88.246,47.428],[-88.285,47.422],[-88.424,47.369],[-88.501,47.294],[-88.577,47.244],[-88.654,47.226],[-88.73,47.186],[-88.761,47.157],[-88.822,47.137],[-88.889,47.101],[-88.951,47.014],[-88.987,46.997],[-89.143,46.985],[-89.228,46.913],[-89.352,46.863],[-89.415,46.844],[-89.514,46.842],[-89.613,46.819],[-89.673,46.833],[-89.789,46.818],[-89.849,46.795],[-89.92,46.737],[-90.028,46.674],[-90.164,46.646],[-90.307,46.603],[-90.331,46.609],[-90.418,46.566]]]]},"properties":{"abbr":"MI","name":"Michigan"}},{"type":"Feature","geometry":{"type":"MultiPolygon","coordinates":[[[[-70.234,41.286],[-70.119,41.242],[-70.015,41.238],[-69.975,41.247],[-69.96,41.279],[-70.02,41.369],[-70.046,41.322],[-70.082,41.299],[-70.187,41.295],[-70.234,41.286]]],[[[-70.839,41.347],[-70.802,41.314],[-70.691,41.344],[-70.579,41.35],[-70.463,41.347],[-70.448,41.354],[-70.45,41.421],[-70.507,41.4],[-70.548,41.416],[-70.563,41.469],[-70.604,41.482],[-70.701,41.434],[-70.769,41.353],[-70.839,41.347]]],[[[-73.265,42.746],[-73.382,42.429],[-73.508,42.086],[-73.487,42.05],[-73.433,42.051],[-73,42.039],[-72.814,42.036],[-72.817,41.998],[-72.767,42.003],[-72.752,42.03],[-72.696,42.037],[-72.573,42.03],[-72.528,42.034],[-72.136,42.03],[-71.801,42.024],[-71.799,42.008],[-71.381,42.019],[-71.382,41.893],[-71.339,41.898],[-71.347,41.823],[-71.328,41.781],[-71.261,41.752],[-71.225,41.71],[-71.196,41.675],[-71.133,41.66],[-71.121,41.497],[-71.071,41.509],[-71.041,41.498],[-70.935,41.549],[-70.93,41.613],[-70.873,41.628],[-70.81,41.625],[-70.714,41.702],[-70.664,41.716],[-70.634,41.649],[-70.652,41.605],[-70.642,41.583],[-70.668,41.533],[-70.547,41.551],[-70.493,41.552],[-70.437,41.605],[-70.317,41.625],[-70.246,41.628],[-70.195,41.648],[-70.089,41.663],[-69.996,41.667],[-69.97,41.645],[-69.934,41.679],[-69.929,41.741],[-69.945,41.845],[-69.986,41.95],[-70.034,42.018],[-70.116,42.068],[-70.189,42.082],[-70.245,42.064],[-70.209,42.031],[-70.155,42.062],[-70.096,42.033],[-70.077,41.985],[-70.077,41.943],[-70.013,41.906],[-70.004,41.809],[-70.025,41.787],[-70.122,41.759],[-70.216,41.743],[-70.25,41.708],[-70.342,41.701],[-70.4,41.742],[-70.472,41.762],[-70.541,41.816],[-70.526,41.859],[-70.544,41.926],[-70.584,41.95],[-70.647,41.949],[-70.699,41.987],[-70.696,42.013],[-70.644,42.046],[-70.64,42.089],[-70.685,42.133],[-70.719,42.185],[-70.713,42.204],[-70.763,42.25],[-70.851,42.268],[-70.884,42.246],[-70.918,42.272],[-70.959,42.245],[-71.039,42.3],[-71.047,42.323],[-71.008,42.347],[-70.991,42.407],[-70.967,42.442],[-70.922,42.467],[-70.894,42.461],[-70.847,42.494],[-70.861,42.545],[-70.71,42.573],[-70.681,42.593],[-70.636,42.6],[-70.606,42.635],[-70.636,42.69],[-70.691,42.656],[-70.776,42.691],[-70.772,42.711],[-70.805,42.782],[-70.817,42.872],[-70.849,42.861],[-70.886,42.883],[-70.931,42.885],[-71.031,42.859],[-71.064,42.806],[-71.133,42.821],[-71.186,42.791],[-71.182,42.738],[-71.246,42.743],[-71.294,42.697],[-71.746,42.707],[-71.981,42.713],[-72.459,42.727],[-72.809,42.737],[-73.265,42.746]]]]},"properties":{"abbr":"MA","name":"Massachusetts"}},{"type":"Feature","geometry":{"type":"MultiPolygon","coordinates":[[[[-81.812,24.549],[-81.685,24.559],[-81.665,24.573],[-81.604,24.586],[-81.511,24.626],[-81.506,24.655],[-81.447,24.653],[-81.406,24.642],[-81.395,24.621],[-81.297,24.655],[-81.32,24.703],[-81.342,24.707],[-81.366,24.742],[-81.372,24.779],[-81.405,24.793],[-81.452,24.767],[-81.444,24.813],[-81.498,24.793],[-81.516,24.756],[-81.561,24.76],[-81.585,24.737],[-81.672,24.7],[-81.754,24.654],[-81.765,24.633],[-81.722,24.607],[-81.753,24.58],[-81.794,24.576],[-81.812,24.549]]],[[[-82.224,26.603],[-82.205,26.568],[-82.186,26.489],[-82.173,26.468],[-82.098,26.425],[-82.063,26.425],[-82.032,26.453],[-82.063,26.47],[-82.088,26.455],[-82.168,26.488],[-82.188,26.524],[-82.214,26.603],[-82.224,26.603]]],[[[-85.222,29.679],[-85.141,29.634],[-85.097,29.633],[-85.08,29.675],[-85.114,29.689],[-85.222,29.679]]],[[[-85.002,31.001],[-85.244,31.001],[-85.498,30.997],[-85.894,30.993],[-86.52,30.993],[-86.725,30.997],[-87.141,31],[-87.599,30.997],[-87.589,30.964],[-87.635,30.866],[-87.6,30.821],[-87.552,30.786],[-87.533,30.743],[-87.502,30.722],[-87.407,30.675],[-87.394,30.631],[-87.419,30.562],[-87.447,30.527],[-87.436,30.48],[-87.371,30.43],[-87.43,30.406],[-87.465,30.333],[-87.505,30.324],[-87.518,30.28],[-87.314,30.321],[-87.271,30.317],[-87.155,30.328],[-86.953,30.365],[-86.739,30.393],[-86.625,30.397],[-86.364,30.375],[-86.264,30.355],[-86.09,30.304],[-85.948,30.249],[-85.878,30.216],[-85.775,30.156],[-85.7,30.099],[-85.596,30.051],[-85.509,29.972],[-85.405,29.938],[-85.364,29.899],[-85.343,29.858],[-85.315,29.833],[-85.301,29.799],[-85.304,29.721],[-85.314,29.686],[-85.251,29.687],[-85.121,29.716],[-85.072,29.719],[-85.014,29.71],[-84.977,29.721],[-84.915,29.783],[-84.871,29.781],[-84.882,29.734],[-84.762,29.789],[-84.702,29.824],[-84.653,29.844],[-84.536,29.91],[-84.492,29.91],[-84.452,29.929],[-84.423,29.903],[-84.344,29.899],[-84.337,29.943],[-84.419,29.983],[-84.362,29.988],[-84.334,30.037],[-84.237,30.086],[-84.174,30.091],[-84.157,30.073],[-84.063,30.101],[-84.024,30.103],[-83.96,30.065],[-83.925,30.035],[-83.789,29.977],[-83.681,29.922],[-83.638,29.886],[-83.619,29.842],[-83.587,29.819],[-83.589,29.783],[-83.542,29.728],[-83.493,29.713],[-83.484,29.688],[-83.436,29.677],[-83.406,29.65],[-83.407,29.571],[-83.396,29.526],[-83.308,29.469],[-83.28,29.433],[-83.218,29.42],[-83.18,29.349],[-83.165,29.297],[-83.097,29.272],[-83.077,29.255],[-83.086,29.21],[-83.057,29.13],[-83.021,29.139],[-82.999,29.174],[-82.923,29.17],[-82.834,29.155],[-82.802,29.117],[-82.816,29.073],[-82.764,29.055],[-82.764,29],[-82.726,28.962],[-82.689,28.906],[-82.728,28.871],[-82.739,28.825],[-82.692,28.789],[-82.715,28.727],[-82.655,28.675],[-82.678,28.655],[-82.654,28.613],[-82.653,28.538],[-82.668,28.528],[-82.67,28.433],[-82.694,28.415],[-82.701,28.375],[-82.731,28.325],[-82.756,28.228],[-82.798,28.188],[-82.778,28.122],[-82.793,28.006],[-82.805,27.966],[-82.832,27.964],[-82.852,27.886],[-82.829,27.822],[-82.791,27.791],[-82.738,27.707],[-82.745,27.654],[-82.737,27.613],[-82.705,27.625],[-82.724,27.662],[-82.711,27.705],[-82.64,27.704],[-82.626,27.727],[-82.622,27.789],[-82.588,27.819],[-82.598,27.858],[-82.638,27.905],[-82.721,27.936],[-82.676,28.005],[-82.677,28.033],[-82.602,27.982],[-82.554,27.967],[-82.533,27.939],[-82.537,27.841],[-82.472,27.823],[-82.488,27.863],[-82.49,27.92],[-82.415,27.9],[-82.392,27.824],[-82.443,27.758],[-82.478,27.746],[-82.477,27.724],[-82.514,27.706],[-82.577,27.6],[-82.612,27.585],[-82.641,27.526],[-82.675,27.52],[-82.708,27.488],[-82.69,27.434],[-82.661,27.413],[-82.569,27.299],[-82.564,27.27],[-82.522,27.228],[-82.477,27.141],[-82.446,27.061],[-82.342,26.895],[-82.283,26.816],[-82.25,26.763],[-82.172,26.77],[-82.145,26.789],[-82.153,26.854],[-82.181,26.921],[-82.141,26.924],[-82.115,26.951],[-82.066,26.954],[-82.097,26.915],[-82.087,26.889],[-82.051,26.865],[-82.049,26.814],[-82.091,26.667],[-82.126,26.7],[-82.174,26.706],[-82.182,26.682],[-82.143,26.644],[-82.122,26.555],[-82.101,26.511],[-82.006,26.534],[-82.013,26.487],[-81.97,26.477],[-81.956,26.453],[-81.913,26.429],[-81.869,26.379],[-81.833,26.295],[-81.821,26.237],[-81.802,26.091],[-81.745,25.97],[-81.732,25.932],[-81.69,25.853],[-81.642,25.905],[-81.573,25.866],[-81.534,25.857],[-81.415,25.784],[-81.381,25.776],[-81.382,25.749],[-81.29,25.688],[-81.29,25.654],[-81.271,25.614],[-81.242,25.607],[-81.234,25.569],[-81.203,25.534],[-81.21,25.506],[-81.168,25.469],[-81.147,25.404],[-81.123,25.379],[-81.121,25.339],[-81.152,25.325],[-81.172,25.222],[-81.142,25.183],[-81.141,25.157],[-81.084,25.116],[-81.051,25.128],[-80.999,25.124],[-80.901,25.14],[-80.868,25.176],[-80.8,25.163],[-80.722,25.16],[-80.582,25.211],[-80.466,25.212],[-80.443,25.185],[-80.461,25.132],[-80.433,25.108],[-80.4,25.108],[-80.358,25.153],[-80.344,25.195],[-80.253,25.34],[-80.267,25.352],[-80.307,25.301],[-80.344,25.277],[-80.334,25.24],[-80.353,25.208],[-80.402,25.192],[-80.42,25.212],[-80.4,25.238],[-80.398,25.277],[-80.371,25.323],[-80.343,25.332],[-80.31,25.373],[-80.328,25.397],[-80.326,25.438],[-80.34,25.468],[-80.331,25.528],[-80.303,25.572],[-80.309,25.604],[-80.286,25.62],[-80.245,25.698],[-80.238,25.727],[-80.179,25.746],[-80.154,25.723],[-80.121,25.813],[-80.122,25.898],[-80.109,26.09],[-80.087,26.241],[-80.08,26.259],[-80.062,26.433],[-80.036,26.603],[-80.031,26.796],[-80.046,26.859],[-80.094,27.019],[-80.158,27.163],[-80.161,27.193],[-80.193,27.25],[-80.261,27.394],[-80.312,27.525],[-80.384,27.741],[-80.447,27.862],[-80.531,28.014],[-80.563,28.086],[-80.594,28.196],[-80.607,28.296],[-80.602,28.368],[-80.589,28.408],[-80.525,28.459],[-80.561,28.531],[-80.574,28.585],[-80.617,28.635],[-80.71,28.757],[-80.878,29.012],[-80.91,29.071],[-80.966,29.148],[-81.047,29.308],[-81.164,29.555],[-81.254,29.777],[-81.277,29.904],[-81.309,29.969],[-81.396,30.331],[-81.393,30.396],[-81.412,30.423],[-81.413,30.483],[-81.436,30.526],[-81.442,30.601],[-81.426,30.7],[-81.444,30.71],[-81.49,30.726],[-81.561,30.712],[-81.652,30.741],[-81.72,30.745],[-81.74,30.764],[-81.807,30.79],[-81.881,30.8],[-81.891,30.822],[-81.964,30.818],[-81.973,30.779],[-82.037,30.754],[-82.036,30.707],[-82.05,30.656],[-82.012,30.594],[-82.005,30.563],[-82.019,30.524],[-82.018,30.475],[-82.037,30.435],[-82.048,30.363],[-82.105,30.368],[-82.17,30.359],[-82.21,30.425],[-82.201,30.485],[-82.24,30.538],[-82.215,30.569],[-82.569,30.591],[-83.131,30.624],[-83.5,30.646],[-84.057,30.675],[-84.539,30.697],[-84.865,30.712],[-84.918,30.778],[-84.937,30.821],[-84.934,30.882],[-84.984,30.937],[-85.002,31.001]]]]},"properties":{"abbr":"FL","name":"Florida"}},{"type":"Feature","geometry":{"type":"MultiPolygon","coordinates":[[[[-64.799,18.328],[-64.703,18.311],[-64.702,18.355],[-64.743,18.365],[-64.799,18.328]]],[[[-64.904,17.68],[-64.692,17.706],[-64.577,17.746],[-64.574,17.76],[-64.679,17.761],[-64.698,17.746],[-64.749,17.783],[-64.805,17.779],[-64.84,17.762],[-64.878,17.77],[-64.894,17.747],[-64.886,17.702],[-64.904,17.68]]],[[[-65.042,18.353],[-65.029,18.342],[-64.926,18.34],[-64.899,18.31],[-64.853,18.319],[-64.869,18.351],[-64.956,18.369],[-65.042,18.353]]]]},"properties":{"abbr":"VI","name":"United States Virgin Islands"}},{"type":"Feature","geometry":{"type":"Polygon","coordinates":[[[-75.559,39.63],[-75.556,39.606],[-75.512,39.577],[-75.534,39.541],[-75.536,39.461],[-75.465,39.439],[-75.442,39.402],[-75.39,39.359],[-75.334,39.345],[-75.315,39.311],[-75.252,39.3],[-75.242,39.274],[-75.172,39.238],[-75.167,39.203],[-75.119,39.212],[-75.026,39.213],[-75.026,39.194],[-74.963,39.192],[-74.887,39.159],[-74.904,39.087],[-74.955,39.001],[-74.972,38.94],[-74.934,38.929],[-74.851,38.955],[-74.787,39.001],[-74.771,39.033],[-74.706,39.103],[-74.714,39.115],[-74.671,39.18],[-74.619,39.24],[-74.554,39.286],[-74.553,39.3],[-74.46,39.345],[-74.424,39.355],[-74.334,39.435],[-74.289,39.509],[-74.241,39.556],[-74.142,39.69],[-74.099,39.757],[-74.064,39.979],[-74.031,40.123],[-73.977,40.299],[-73.976,40.406],[-74.048,40.419],[-74.135,40.455],[-74.194,40.441],[-74.262,40.465],[-74.273,40.488],[-74.249,40.523],[-74.255,40.549],[-74.214,40.565],[-74.206,40.626],[-74.185,40.647],[-74.139,40.674],[-74.144,40.644],[-74.087,40.654],[-74.087,40.667],[-74.023,40.72],[-74.014,40.758],[-73.963,40.827],[-73.93,40.889],[-73.896,40.982],[-73.903,40.997],[-74.345,41.192],[-74.458,41.248],[-74.695,41.357],[-74.753,41.346],[-74.838,41.277],[-74.882,41.181],[-74.923,41.138],[-74.982,41.108],[-74.971,41.085],[-75.013,41.066],[-75.027,41.04],[-75.131,40.991],[-75.118,40.953],[-75.054,40.874],[-75.109,40.791],[-75.172,40.778],[-75.197,40.752],[-75.182,40.73],[-75.204,40.691],[-75.178,40.678],[-75.2,40.647],[-75.194,40.576],[-75.1,40.568],[-75.069,40.542],[-75.059,40.418],[-74.964,40.395],[-74.944,40.343],[-74.868,40.295],[-74.842,40.251],[-74.772,40.215],[-74.724,40.146],[-74.782,40.121],[-74.816,40.128],[-74.86,40.085],[-74.933,40.069],[-75.012,40.021],[-75.053,40.005],[-75.076,39.978],[-75.13,39.959],[-75.128,39.912],[-75.149,39.884],[-75.183,39.882],[-75.272,39.849],[-75.33,39.849],[-75.415,39.802],[-75.459,39.766],[-75.479,39.714],[-75.559,39.63]]]},"properties":{"abbr":"NJ","name":"New Jersey"}},{"type":"Feature","geometry":{"type":"Polygon","coordinates":[[[-104.049,49],[-104.048,48.599],[-104.046,48.257],[-104.043,47.747],[-104.045,47.343],[-104.046,46.831],[-104.045,46.51],[-104.045,45.945],[-103.559,45.945],[-102.92,45.945],[-102.177,45.945],[-101.42,45.944],[-100.936,45.944],[-100.171,45.943],[-99.75,45.941],[-99.093,45.94],[-98.415,45.937],[-97.777,45.935],[-97.145,45.935],[-96.564,45.935],[-96.578,46.027],[-96.555,46.084],[-96.58,46.176],[-96.592,46.185],[-96.6,46.329],[-96.666,46.375],[-96.719,46.44],[-96.749,46.55],[-96.747,46.576],[-96.799,46.654],[-96.776,46.768],[-96.797,46.777],[-96.782,46.871],[-96.759,46.928],[-96.792,46.928],[-96.834,47.01],[-96.818,47.046],[-96.823,47.174],[-96.846,47.273],[-96.832,47.307],[-96.852,47.36],[-96.84,47.398],[-96.862,47.414],[-96.849,47.498],[-96.869,47.529],[-96.85,47.553],[-96.857,47.611],[-96.933,47.737],[-96.935,47.766],[-96.979,47.804],[-96.982,47.83],[-97.021,47.873],[-97.018,47.92],[-97.055,47.946],[-97.076,48.053],[-97.146,48.145],[-97.144,48.246],[-97.125,48.253],[-97.138,48.312],[-97.126,48.338],[-97.157,48.386],[-97.129,48.46],[-97.157,48.482],[-97.144,48.598],[-97.114,48.63],[-97.102,48.681],[-97.142,48.737],[-97.159,48.811],[-97.19,48.894],[-97.234,48.948],[-97.229,49.001],[-97.688,49.001],[-98.206,49],[-98.737,49],[-99.376,48.999],[-99.914,48.999],[-100.709,49],[-101.125,48.999],[-101.759,48.999],[-102.211,48.999],[-102.677,48.999],[-103.375,48.999],[-104.049,49]]]},"properties":{"abbr":"ND","name":"North Dakota"}},{"type":"Feature","geometry":{"type":"MultiPolygon","coordinates":[[[[-75.994,37.953],[-75.98,38.005],[-76.007,38.037],[-76.041,38.032],[-76.047,37.954],[-75.994,37.953]]],[[[-76.089,38.163],[-76.026,38.182],[-76.049,38.204],[-76.089,38.163]]],[[[-79.477,39.721],[-79.482,39.532],[-79.487,39.206],[-79.424,39.228],[-79.379,39.272],[-79.282,39.323],[-79.249,39.356],[-79.214,39.363],[-79.083,39.471],[-79.034,39.468],[-78.957,39.44],[-78.934,39.486],[-78.875,39.523],[-78.826,39.589],[-78.778,39.622],[-78.767,39.587],[-78.689,39.546],[-78.623,39.54],[-78.566,39.519],[-78.469,39.517],[-78.417,39.55],[-78.454,39.574],[-78.421,39.624],[-78.362,39.626],[-78.352,39.64],[-78.267,39.619],[-78.254,39.64],[-78.171,39.696],[-78.078,39.669],[-78.011,39.604],[-77.939,39.587],[-77.885,39.616],[-77.838,39.606],[-77.842,39.564],[-77.878,39.563],[-77.866,39.518],[-77.846,39.499],[-77.796,39.49],[-77.786,39.447],[-77.753,39.423],[-77.756,39.334],[-77.72,39.321],[-77.676,39.324],[-77.616,39.303],[-77.567,39.306],[-77.543,39.267],[-77.487,39.248],[-77.458,39.225],[-77.527,39.146],[-77.463,39.076],[-77.375,39.061],[-77.34,39.063],[-77.245,39.02],[-77.245,38.983],[-77.198,38.967],[-77.147,38.964],[-77.12,38.934],[-77.041,38.995],[-76.909,38.893],[-77.039,38.792],[-77.041,38.726],[-77.133,38.674],[-77.13,38.635],[-77.221,38.555],[-77.238,38.552],[-77.274,38.482],[-77.25,38.383],[-77.207,38.36],[-77.091,38.408],[-77.041,38.445],[-77.016,38.446],[-76.967,38.342],[-76.93,38.323],[-76.907,38.288],[-76.847,38.256],[-76.805,38.254],[-76.752,38.222],[-76.732,38.246],[-76.591,38.214],[-76.553,38.187],[-76.54,38.153],[-76.481,38.116],[-76.438,38.136],[-76.421,38.106],[-76.392,38.103],[-76.353,38.053],[-76.322,38.05],[-76.341,38.116],[-76.32,38.138],[-76.385,38.218],[-76.399,38.259],[-76.375,38.299],[-76.396,38.309],[-76.459,38.294],[-76.468,38.329],[-76.419,38.323],[-76.382,38.386],[-76.493,38.483],[-76.516,38.529],[-76.511,38.616],[-76.532,38.678],[-76.526,38.724],[-76.558,38.745],[-76.498,38.815],[-76.515,38.852],[-76.45,38.941],[-76.476,38.982],[-76.394,39.013],[-76.439,39.053],[-76.422,39.077],[-76.431,39.132],[-76.526,39.178],[-76.533,39.239],[-76.497,39.227],[-76.496,39.202],[-76.437,39.202],[-76.393,39.286],[-76.333,39.324],[-76.357,39.394],[-76.311,39.388],[-76.29,39.317],[-76.197,39.368],[-76.089,39.445],[-76.072,39.475],[-76.123,39.489],[-76.096,39.537],[-76,39.56],[-75.97,39.557],[-75.999,39.466],[-75.983,39.435],[-76.033,39.403],[-76.023,39.362],[-76.111,39.372],[-76.186,39.319],[-76.179,39.3],[-76.222,39.258],[-76.276,39.146],[-76.245,39.131],[-76.231,39.061],[-76.169,39.112],[-76.134,39.104],[-76.178,39.032],[-76.164,39],[-76.202,38.973],[-76.325,38.996],[-76.362,38.939],[-76.363,38.85],[-76.331,38.864],[-76.34,38.912],[-76.273,38.942],[-76.209,38.944],[-76.2,38.803],[-76.242,38.817],[-76.266,38.848],[-76.298,38.828],[-76.343,38.749],[-76.296,38.724],[-76.239,38.713],[-76.213,38.682],[-76.177,38.676],[-76.113,38.621],[-76.089,38.626],[-76.032,38.581],[-76.114,38.583],[-76.177,38.628],[-76.203,38.611],[-76.279,38.612],[-76.29,38.569],[-76.247,38.524],[-76.265,38.497],[-76.3,38.501],[-76.334,38.482],[-76.283,38.416],[-76.278,38.382],[-76.25,38.364],[-76.214,38.378],[-76.182,38.36],[-76.164,38.316],[-76.115,38.301],[-76.044,38.242],[-76.027,38.281],[-76.05,38.304],[-76.017,38.333],[-76.01,38.364],[-75.974,38.366],[-75.965,38.322],[-76.009,38.312],[-75.981,38.269],[-75.941,38.294],[-75.912,38.343],[-75.882,38.329],[-75.917,38.263],[-75.819,38.226],[-75.864,38.201],[-75.942,38.187],[-75.96,38.137],[-75.937,38.124],[-75.881,38.148],[-75.838,38.126],[-75.876,38.08],[-75.801,38.062],[-75.885,37.996],[-75.893,37.917],[-75.833,37.931],[-75.784,37.973],[-75.715,37.978],[-75.648,37.967],[-75.624,37.994],[-75.242,38.027],[-75.194,38.096],[-75.103,38.312],[-75.086,38.324],[-75.049,38.451],[-75.384,38.452],[-75.694,38.46],[-75.718,38.766],[-75.749,39.165],[-75.789,39.658],[-75.789,39.722],[-76.419,39.721],[-76.991,39.72],[-77.469,39.72],[-78.099,39.722],[-78.538,39.722],[-78.931,39.723],[-79.477,39.721]]]]},"properties":{"abbr":"MD","name":"Maryland"}},{"type":"Feature","geometry":{"type":"MultiPolygon","coordinates":[[[[-68.501,44.154],[-68.439,44.116],[-68.383,44.156],[-68.451,44.192],[-68.501,44.154]]],[[[-68.53,44.334],[-68.479,44.32],[-68.501,44.382],[-68.53,44.334]]],[[[-68.671,44.076],[-68.651,44.065],[-68.661,44.017],[-68.601,44.045],[-68.601,44.086],[-68.671,44.076]]],[[[-68.732,44.223],[-68.709,44.157],[-68.641,44.158],[-68.565,44.206],[-68.609,44.244],[-68.663,44.27],[-68.732,44.223]]],[[[-68.912,44.096],[-68.88,44.075],[-68.87,44.032],[-68.815,44.032],[-68.772,44.079],[-68.806,44.117],[-68.912,44.096]]],[[[-68.944,44.113],[-68.83,44.151],[-68.846,44.184],[-68.916,44.149],[-68.944,44.113]]],[[[-70.704,43.06],[-70.673,43.07],[-70.634,43.12],[-70.619,43.164],[-70.576,43.222],[-70.594,43.249],[-70.563,43.311],[-70.518,43.344],[-70.472,43.343],[-70.416,43.361],[-70.428,43.389],[-70.381,43.411],[-70.362,43.439],[-70.385,43.496],[-70.361,43.529],[-70.314,43.535],[-70.272,43.563],[-70.244,43.552],[-70.197,43.565],[-70.217,43.597],[-70.207,43.623],[-70.251,43.685],[-70.194,43.742],[-70.187,43.773],[-70.044,43.835],[-70.019,43.859],[-69.954,43.848],[-70.019,43.767],[-69.995,43.744],[-69.932,43.784],[-69.873,43.778],[-69.833,43.718],[-69.754,43.744],[-69.741,43.769],[-69.65,43.836],[-69.605,43.858],[-69.552,43.835],[-69.503,43.838],[-69.462,43.898],[-69.438,43.976],[-69.362,43.994],[-69.268,43.944],[-69.204,43.942],[-69.177,43.986],[-69.053,44.077],[-69.098,44.083],[-69.081,44.157],[-69.059,44.208],[-68.954,44.324],[-68.948,44.356],[-68.994,44.422],[-68.897,44.451],[-68.884,44.428],[-68.831,44.458],[-68.835,44.481],[-68.778,44.485],[-68.817,44.425],[-68.81,44.374],[-68.827,44.312],[-68.795,44.308],[-68.739,44.333],[-68.689,44.297],[-68.632,44.286],[-68.549,44.244],[-68.519,44.259],[-68.564,44.308],[-68.545,44.355],[-68.566,44.394],[-68.458,44.42],[-68.467,44.49],[-68.426,44.479],[-68.434,44.414],[-68.383,44.433],[-68.356,44.392],[-68.398,44.376],[-68.431,44.299],[-68.405,44.254],[-68.311,44.228],[-68.291,44.246],[-68.32,44.288],[-68.224,44.29],[-68.189,44.307],[-68.174,44.345],[-68.197,44.386],[-68.239,44.409],[-68.247,44.433],[-68.294,44.433],[-68.294,44.472],[-68.243,44.473],[-68.219,44.493],[-68.171,44.47],[-68.115,44.468],[-68.112,44.402],[-68.078,44.388],[-68.076,44.348],[-68.014,44.386],[-67.984,44.384],[-67.955,44.429],[-67.882,44.452],[-67.85,44.496],[-67.858,44.519],[-67.829,44.559],[-67.803,44.524],[-67.696,44.534],[-67.653,44.526],[-67.565,44.532],[-67.575,44.561],[-67.543,44.627],[-67.506,44.637],[-67.481,44.611],[-67.405,44.594],[-67.362,44.64],[-67.383,44.689],[-67.309,44.707],[-67.308,44.661],[-67.241,44.666],[-67.234,44.637],[-67.189,44.646],[-67.139,44.694],[-67.026,44.768],[-66.976,44.808],[-66.997,44.845],[-66.984,44.913],[-67.033,44.94],[-67.082,45.03],[-67.112,45.112],[-67.158,45.161],[-67.227,45.164],[-67.29,45.189],[-67.322,45.131],[-67.354,45.13],[-67.405,45.16],[-67.4,45.177],[-67.464,45.244],[-67.477,45.275],[-67.429,45.344],[-67.427,45.39],[-67.473,45.423],[-67.5,45.478],[-67.463,45.509],[-67.424,45.506],[-67.43,45.584],[-67.455,45.605],[-67.499,45.587],[-67.609,45.606],[-67.675,45.631],[-67.713,45.681],[-67.734,45.664],[-67.803,45.678],[-67.81,45.729],[-67.802,45.804],[-67.755,45.824],[-67.804,45.883],[-67.75,45.918],[-67.781,45.943],[-67.782,46.279],[-67.788,46.602],[-67.791,47.068],[-67.889,47.11],[-67.952,47.196],[-68.137,47.296],[-68.152,47.322],[-68.223,47.345],[-68.33,47.36],[-68.379,47.343],[-68.384,47.286],[-68.458,47.285],[-68.475,47.298],[-68.579,47.288],[-68.612,47.245],[-68.718,47.241],[-68.812,47.215],[-68.863,47.189],[-68.907,47.185],[-69.042,47.246],[-69.055,47.315],[-69.055,47.378],[-69.036,47.414],[-69.178,47.457],[-69.224,47.46],[-69.566,47.125],[-69.997,46.695],[-70.057,46.415],[-70.089,46.411],[-70.149,46.359],[-70.207,46.331],[-70.271,46.212],[-70.293,46.192],[-70.24,46.143],[-70.255,46.11],[-70.29,46.094],[-70.318,46.019],[-70.305,45.965],[-70.24,45.944],[-70.254,45.903],[-70.284,45.872],[-70.342,45.852],[-70.417,45.795],[-70.389,45.75],[-70.4,45.72],[-70.466,45.706],[-70.527,45.666],[-70.558,45.667],[-70.592,45.63],[-70.645,45.607],[-70.689,45.562],[-70.718,45.49],[-70.651,45.445],[-70.624,45.406],[-70.651,45.377],[-70.712,45.391],[-70.756,45.428],[-70.781,45.431],[-70.826,45.4],[-70.806,45.377],[-70.806,45.321],[-70.849,45.263],[-70.885,45.235],[-70.922,45.279],[-70.918,45.312],[-70.952,45.339],[-71.032,45.31],[-71.084,45.305],[-71.059,45.005],[-71.031,44.655],[-71.013,44.341],[-70.993,43.916],[-70.989,43.792],[-70.973,43.57],[-70.951,43.551],[-70.97,43.486],[-70.961,43.438],[-70.987,43.414],[-70.967,43.344],[-70.916,43.32],[-70.882,43.272],[-70.818,43.238],[-70.827,43.127],[-70.704,43.06]]]]},"properties":{"abbr":"ME","name":"Maine"}},{"type":"Feature","geometry":{"type":"MultiPolygon","coordinates":[[[[-156.061,19.731],[-155.974,19.604],[-155.948,19.495],[-155.905,19.41],[-155.911,19.397],[-155.887,19.346],[-155.889,19.289],[-155.901,19.247],[-155.918,19.115],[-155.88,19.034],[-155.801,19.01],[-155.759,18.977],[-155.724,18.966],[-155.655,18.922],[-155.599,18.968],[-155.594,18.995],[-155.552,19.052],[-155.555,19.078],[-155.501,19.135],[-155.45,19.149],[-155.415,19.185],[-155.347,19.215],[-155.293,19.264],[-155.263,19.271],[-155.192,19.256],[-155.13,19.274],[-155.071,19.312],[-155.049,19.314],[-154.972,19.35],[-154.909,19.407],[-154.889,19.416],[-154.82,19.479],[-154.811,19.527],[-154.903,19.568],[-154.982,19.644],[-154.978,19.689],[-155.004,19.736],[-155.09,19.735],[-155.082,19.836],[-155.093,19.865],[-155.177,19.948],[-155.28,20.019],[-155.33,20.039],[-155.438,20.093],[-155.556,20.129],[-155.589,20.119],[-155.652,20.165],[-155.725,20.202],[-155.731,20.22],[-155.837,20.267],[-155.883,20.257],[-155.904,20.196],[-155.891,20.126],[-155.865,20.076],[-155.823,20.028],[-155.832,19.974],[-155.859,19.963],[-155.922,19.857],[-155.973,19.848],[-156.049,19.772],[-156.061,19.731]]],[[[-156.697,20.916],[-156.674,20.861],[-156.618,20.808],[-156.538,20.775],[-156.506,20.795],[-156.461,20.778],[-156.448,20.722],[-156.441,20.604],[-156.412,20.583],[-156.374,20.575],[-156.3,20.583],[-156.191,20.629],[-156.139,20.618],[-156.111,20.64],[-156.047,20.653],[-155.983,20.722],[-155.985,20.774],[-156,20.791],[-156.107,20.823],[-156.13,20.859],[-156.167,20.866],[-156.228,20.916],[-156.24,20.936],[-156.322,20.947],[-156.384,20.916],[-156.45,20.897],[-156.48,20.898],[-156.496,20.931],[-156.56,21.014],[-156.589,21.031],[-156.625,21.022],[-156.666,20.996],[-156.697,20.916]]],[[[-156.7,20.528],[-156.68,20.503],[-156.611,20.516],[-156.567,20.516],[-156.539,20.576],[-156.568,20.603],[-156.677,20.555],[-156.7,20.528]]],[[[-157.06,20.902],[-157.05,20.87],[-157.006,20.85],[-156.988,20.817],[-156.992,20.787],[-156.963,20.732],[-156.89,20.735],[-156.83,20.767],[-156.806,20.822],[-156.829,20.856],[-156.883,20.904],[-156.915,20.92],[-156.987,20.929],[-157.035,20.922],[-157.06,20.902]]],[[[-157.306,21.108],[-157.253,21.088],[-157.149,21.092],[-157.096,21.104],[-156.874,21.045],[-156.802,21.067],[-156.736,21.114],[-156.712,21.144],[-156.739,21.174],[-156.804,21.175],[-156.866,21.161],[-156.944,21.173],[-156.963,21.212],[-156.998,21.179],[-157.093,21.195],[-157.187,21.203],[-157.239,21.218],[-157.251,21.178],[-157.291,21.143],[-157.306,21.108]]],[[[-158.278,21.577],[-158.232,21.537],[-158.231,21.483],[-158.18,21.429],[-158.173,21.399],[-158.141,21.376],[-158.113,21.302],[-158.05,21.301],[-157.978,21.316],[-157.947,21.304],[-157.887,21.307],[-157.796,21.257],[-157.719,21.284],[-157.709,21.26],[-157.651,21.299],[-157.694,21.333],[-157.706,21.38],[-157.838,21.457],[-157.851,21.506],[-157.847,21.55],[-157.887,21.581],[-157.919,21.626],[-157.917,21.647],[-157.967,21.71],[-158.009,21.7],[-158.062,21.655],[-158.065,21.639],[-158.123,21.584],[-158.278,21.577]]],[[[-159.788,22.03],[-159.759,21.98],[-159.669,21.954],[-159.634,21.913],[-159.608,21.9],[-159.527,21.884],[-159.475,21.882],[-159.445,21.869],[-159.355,21.932],[-159.33,21.96],[-159.339,22.023],[-159.333,22.051],[-159.297,22.105],[-159.293,22.144],[-159.34,22.209],[-159.407,22.226],[-159.429,22.218],[-159.488,22.23],[-159.518,22.211],[-159.581,22.223],[-159.658,22.173],[-159.699,22.163],[-159.731,22.14],[-159.745,22.098],[-159.784,22.065],[-159.788,22.03]]],[[[-160.245,21.847],[-160.231,21.79],[-160.204,21.779],[-160.192,21.814],[-160.159,21.865],[-160.075,21.895],[-160.083,21.928],[-160.053,21.992],[-160.112,21.994],[-160.126,21.954],[-160.187,21.925],[-160.225,21.89],[-160.245,21.847]]]]},"properties":{"abbr":"HI","name":"Hawaii"}},{"type":"Feature","geometry":{"type":"Polygon","coordinates":[[[144.618,13.448],[144.663,13.399],[144.639,13.339],[144.665,13.268],[144.706,13.246],[144.733,13.253],[144.772,13.303],[144.77,13.366],[144.784,13.422],[144.805,13.426],[144.892,13.506],[144.927,13.522],[144.956,13.599],[144.906,13.607],[144.868,13.653],[144.837,13.624],[144.836,13.591],[144.769,13.481],[144.725,13.478],[144.691,13.464],[144.638,13.465],[144.618,13.448]]]},"properties":{"abbr":"GU","name":"Guam"}},{"type":"Feature","geometry":{"type":"MultiPolygon","coordinates":[[[[145.633,16.366],[145.639,16.34],[145.702,16.333],[145.706,16.369],[145.633,16.366]]],[[[145.582,15.018],[145.626,14.965],[145.659,14.948],[145.674,15.007],[145.648,15.047],[145.645,15.101],[145.604,15.059],[145.582,15.018]]],[[[145.121,14.121],[145.144,14.14],[145.17,14.111],[145.212,14.115],[145.242,14.152],[145.283,14.161],[145.288,14.192],[145.241,14.2],[145.203,14.177],[145.16,14.168],[145.121,14.121]]],[[[145.708,18.048],[145.739,18.058],[145.761,18.096],[145.799,18.111],[145.806,18.157],[145.771,18.168],[145.757,18.1],[145.717,18.076],[145.708,18.048]]],[[[145.69,15.12],[145.739,15.106],[145.752,15.161],[145.778,15.189],[145.778,15.253],[145.727,15.218],[145.69,15.12]]],[[[145.636,18.777],[145.652,18.737],[145.691,18.741],[145.696,18.792],[145.654,18.811],[145.636,18.777]]]]},"properties":{"abbr":"MP","name":"Commonwealth of the Northern Mariana Islands"}},{"type":"Feature","geometry":{"type":"MultiPolygon","coordinates":[[[[-71.196,41.675],[-71.208,41.653],[-71.272,41.624],[-71.273,41.607],[-71.328,41.519],[-71.317,41.478],[-71.252,41.486],[-71.237,41.536],[-71.241,41.619],[-71.205,41.594],[-71.216,41.547],[-71.19,41.484],[-71.121,41.497],[-71.133,41.66],[-71.196,41.675]]],[[[-71.401,41.461],[-71.367,41.495],[-71.36,41.556],[-71.384,41.557],[-71.401,41.461]]],[[[-71.613,41.16],[-71.547,41.154],[-71.566,41.188],[-71.613,41.16]]],[[[-71.861,41.32],[-71.716,41.331],[-71.617,41.363],[-71.532,41.376],[-71.484,41.372],[-71.453,41.41],[-71.456,41.433],[-71.418,41.473],[-71.418,41.536],[-71.442,41.564],[-71.404,41.589],[-71.409,41.663],[-71.364,41.705],[-71.307,41.722],[-71.291,41.703],[-71.305,41.659],[-71.253,41.661],[-71.225,41.71],[-71.261,41.752],[-71.328,41.781],[-71.347,41.823],[-71.339,41.898],[-71.382,41.893],[-71.381,42.019],[-71.799,42.008],[-71.787,41.656],[-71.798,41.417],[-71.843,41.406],[-71.829,41.342],[-71.861,41.32]]]]},"properties":{"abbr":"RI","name":"Rhode Island"}},{"type":"Feature","geometry":{"type":"Polygon","coordinates":[[[-116.049,49.001],[-116.049,48.481],[-116.049,47.977],[-116.03,47.973],[-115.983,47.916],[-115.919,47.857],[-115.882,47.849],[-115.845,47.815],[-115.825,47.752],[-115.723,47.695],[-115.736,47.655],[-115.694,47.624],[-115.688,47.596],[-115.754,47.553],[-115.711,47.523],[-115.686,47.485],[-115.692,47.457],[-115.748,47.442],[-115.549,47.347],[-115.529,47.299],[-115.324,47.256],[-115.243,47.151],[-115.144,47.102],[-115.131,47.069],[-115.072,47.026],[-115.05,46.981],[-115.001,46.972],[-114.937,46.897],[-114.921,46.827],[-114.866,46.815],[-114.83,46.783],[-114.765,46.758],[-114.788,46.712],[-114.753,46.697],[-114.665,46.739],[-114.625,46.712],[-114.642,46.679],[-114.614,46.639],[-114.547,46.645],[-114.467,46.632],[-114.424,46.661],[-114.358,46.669],[-114.321,46.648],[-114.344,46.59],[-114.352,46.508],[-114.4,46.502],[-114.372,46.443],[-114.385,46.411],[-114.422,46.387],[-114.414,46.335],[-114.427,46.284],[-114.471,46.266],[-114.452,46.241],[-114.446,46.174],[-114.516,46.166],[-114.521,46.125],[-114.46,46.098],[-114.493,46.052],[-114.474,45.992],[-114.412,45.978],[-114.431,45.936],[-114.389,45.882],[-114.509,45.846],[-114.566,45.773],[-114.547,45.743],[-114.504,45.722],[-114.5,45.67],[-114.563,45.632],[-114.539,45.608],[-114.558,45.584],[-114.431,45.53],[-114.418,45.51],[-114.366,45.491],[-114.344,45.46],[-114.279,45.48],[-114.247,45.525],[-114.136,45.557],[-114.122,45.584],[-114.082,45.597],[-114.067,45.628],[-114.015,45.663],[-113.994,45.703],[-113.939,45.696],[-113.919,45.658],[-113.807,45.603],[-113.797,45.582],[-113.834,45.521],[-113.773,45.514],[-113.76,45.481],[-113.784,45.456],[-113.774,45.407],[-113.734,45.392],[-113.738,45.328],[-113.681,45.279],[-113.692,45.263],[-113.592,45.184],[-113.577,45.132],[-113.523,45.093],[-113.452,45.059],[-113.444,44.96],[-113.498,44.942],[-113.455,44.865],[-113.422,44.838],[-113.356,44.82],[-113.34,44.785],[-113.246,44.823],[-113.18,44.787],[-113.102,44.729],[-113.068,44.679],[-113.057,44.619],[-113.088,44.6],[-113.038,44.565],[-113.016,44.516],[-113.026,44.496],[-113.005,44.454],[-112.951,44.417],[-112.903,44.399],[-112.845,44.358],[-112.813,44.377],[-112.839,44.424],[-112.78,44.485],[-112.719,44.504],[-112.664,44.486],[-112.602,44.491],[-112.485,44.471],[-112.474,44.479],[-112.386,44.448],[-112.357,44.493],[-112.354,44.536],[-112.319,44.539],[-112.286,44.569],[-112.229,44.564],[-112.184,44.533],[-112.137,44.54],[-112.102,44.521],[-112.033,44.547],[-111.977,44.536],[-111.949,44.556],[-111.87,44.564],[-111.822,44.509],[-111.704,44.56],[-111.613,44.549],[-111.587,44.563],[-111.524,44.548],[-111.507,44.562],[-111.525,44.605],[-111.472,44.667],[-111.49,44.701],[-111.398,44.724],[-111.392,44.752],[-111.337,44.733],[-111.296,44.702],[-111.22,44.622],[-111.228,44.577],[-111.181,44.569],[-111.131,44.5],[-111.052,44.478],[-111.055,45.001],[-110.79,45.001],[-110.704,44.992],[-110.446,44.994],[-110.407,44.999],[-110.183,44.997],[-110.106,45.004],[-109.761,45.002],[-109.103,45.006],[-109.083,45],[-108.515,45],[-108.005,45.001],[-107.626,45.001],[-107.127,45],[-107.085,44.997],[-106.571,44.995],[-105.928,44.993],[-105.913,45],[-105.169,45],[-104.631,44.999],[-104.058,44.998],[-104.04,44.998],[-104.04,45.374],[-104.043,45.75],[-104.045,45.945],[-104.045,46.51],[-104.046,46.831],[-104.045,47.343],[-104.043,47.747],[-104.046,48.257],[-104.048,48.599],[-104.049,49],[-104.876,48.999],[-105.356,48.999],[-106.051,48.999],[-106.832,49],[-107.441,48.999],[-107.972,49],[-108.488,48.999],[-109.001,48.999],[-109.819,49],[-110.172,48.999],[-111.004,48.998],[-111.501,48.997],[-112.365,48.999],[-113.01,48.999],[-113.693,48.998],[-114.059,48.999],[-114.376,49.001],[-115.208,48.999],[-116.049,49.001]]]},"properties":{"abbr":"MT","name":"Montana"}},{"type":"Feature","geometry":{"type":"Polygon","coordinates":[[[-114.72,32.719],[-114.764,32.643],[-114.809,32.617],[-114.793,32.562],[-114.814,32.494],[-114.251,32.324],[-113.751,32.169],[-113.126,31.973],[-112.867,31.895],[-112.246,31.704],[-111.77,31.555],[-111.366,31.426],[-111.075,31.332],[-110.795,31.334],[-110.46,31.333],[-110.001,31.333],[-109.487,31.334],[-109.05,31.333],[-109.049,31.637],[-109.048,32.089],[-109.048,32.426],[-109.047,32.778],[-109.047,33.25],[-109.047,33.625],[-109.047,34.167],[-109.046,34.579],[-109.046,34.96],[-109.047,35.364],[-109.046,35.695],[-109.046,36.117],[-109.045,36.53],[-109.045,36.999],[-109.495,36.999],[-109.876,36.999],[-110.47,36.998],[-110.501,37.004],[-111.066,37.002],[-111.134,37.001],[-111.865,37.001],[-112.358,37.001],[-112.83,37],[-113.275,37],[-113.624,37],[-114.051,37],[-114.049,36.689],[-114.043,36.379],[-114.044,36.193],[-114.068,36.178],[-114.151,36.023],[-114.233,36.013],[-114.37,36.143],[-114.415,36.145],[-114.444,36.126],[-114.508,36.15],[-114.571,36.151],[-114.63,36.142],[-114.683,36.109],[-114.736,36.104],[-114.755,36.085],[-114.723,36.027],[-114.741,35.976],[-114.7,35.902],[-114.663,35.874],[-114.707,35.849],[-114.699,35.79],[-114.705,35.712],[-114.683,35.689],[-114.689,35.65],[-114.653,35.611],[-114.657,35.532],[-114.679,35.499],[-114.653,35.431],[-114.627,35.41],[-114.595,35.324],[-114.57,35.162],[-114.578,35.129],[-114.647,35.102],[-114.605,35.075],[-114.637,35.028],[-114.633,35.002],[-114.631,34.866],[-114.587,34.836],[-114.553,34.767],[-114.474,34.714],[-114.451,34.665],[-114.436,34.597],[-114.381,34.53],[-114.387,34.458],[-114.343,34.451],[-114.264,34.401],[-114.226,34.366],[-114.177,34.349],[-114.138,34.303],[-114.131,34.263],[-114.167,34.25],[-114.254,34.174],[-114.287,34.171],[-114.325,34.137],[-114.416,34.108],[-114.434,34.087],[-114.438,34.023],[-114.535,33.925],[-114.504,33.877],[-114.531,33.855],[-114.528,33.815],[-114.507,33.768],[-114.512,33.734],[-114.496,33.697],[-114.524,33.686],[-114.533,33.648],[-114.522,33.611],[-114.541,33.591],[-114.525,33.552],[-114.559,33.532],[-114.623,33.457],[-114.63,33.428],[-114.688,33.418],[-114.723,33.399],[-114.699,33.361],[-114.701,33.337],[-114.731,33.302],[-114.677,33.27],[-114.679,33.163],[-114.708,33.097],[-114.671,33.038],[-114.64,33.045],[-114.601,33.025],[-114.572,33.037],[-114.506,33.017],[-114.481,32.935],[-114.464,32.913],[-114.469,32.845],[-114.532,32.791],[-114.527,32.757],[-114.618,32.728],[-114.689,32.738],[-114.72,32.719]]]},"properties":{"abbr":"AZ","name":"Arizona"}},{"type":"Feature","geometry":{"type":"Polygon","coordinates":[[[-104.053,43.001],[-104.053,42.5],[-104.053,42.125],[-104.053,41.885],[-104.052,41.418],[-104.053,41.001],[-103.497,41.002],[-102.866,41.002],[-102.557,41.002],[-102.052,41.002],[-102.051,40.75],[-102.051,40.338],[-102.052,40.003],[-101.41,40.002],[-100.937,40.002],[-100.469,40.002],[-99.813,40.001],[-99.17,40.002],[-98.71,40.002],[-98.392,40.002],[-97.838,40.002],[-97.511,40.002],[-97.05,40.001],[-96.305,40.001],[-95.883,40],[-95.308,40],[-95.364,40.031],[-95.414,40.038],[-95.422,40.059],[-95.399,40.126],[-95.476,40.182],[-95.478,40.243],[-95.556,40.271],[-95.553,40.291],[-95.61,40.314],[-95.661,40.416],[-95.658,40.442],[-95.693,40.469],[-95.697,40.528],[-95.757,40.526],[-95.766,40.585],[-95.751,40.609],[-95.789,40.659],[-95.843,40.677],[-95.889,40.732],[-95.837,40.776],[-95.848,40.864],[-95.812,40.884],[-95.84,40.94],[-95.828,40.972],[-95.863,40.997],[-95.863,41.088],[-95.882,41.144],[-95.865,41.188],[-95.926,41.196],[-95.911,41.238],[-95.929,41.281],[-95.882,41.281],[-95.889,41.319],[-95.926,41.322],[-95.957,41.349],[-95.931,41.365],[-95.933,41.464],[-96.005,41.472],[-95.993,41.512],[-96.027,41.54],[-96.054,41.509],[-96.092,41.534],[-96.083,41.583],[-96.114,41.624],[-96.095,41.647],[-96.118,41.694],[-96.07,41.804],[-96.108,41.821],[-96.116,41.855],[-96.162,41.902],[-96.142,41.915],[-96.13,41.972],[-96.184,41.977],[-96.238,42.041],[-96.271,42.045],[-96.267,42.11],[-96.348,42.167],[-96.357,42.215],[-96.324,42.23],[-96.331,42.259],[-96.37,42.311],[-96.408,42.337],[-96.412,42.411],[-96.381,42.446],[-96.396,42.484],[-96.446,42.491],[-96.501,42.483],[-96.558,42.52],[-96.626,42.514],[-96.638,42.552],[-96.686,42.578],[-96.711,42.608],[-96.688,42.653],[-96.728,42.667],[-96.802,42.672],[-96.806,42.704],[-96.907,42.734],[-96.938,42.72],[-96.982,42.761],[-97.072,42.772],[-97.131,42.772],[-97.151,42.796],[-97.21,42.809],[-97.219,42.846],[-97.307,42.868],[-97.36,42.855],[-97.417,42.866],[-97.442,42.846],[-97.505,42.858],[-97.562,42.848],[-97.604,42.858],[-97.687,42.842],[-97.774,42.85],[-97.845,42.868],[-97.875,42.859],[-97.889,42.817],[-97.95,42.77],[-98.035,42.764],[-98.129,42.821],[-98.22,42.853],[-98.258,42.874],[-98.326,42.887],[-98.342,42.901],[-98.467,42.948],[-98.499,42.999],[-98.9,42.998],[-99.471,42.998],[-99.918,42.998],[-100.632,42.998],[-101,42.998],[-101.625,42.996],[-101.85,42.999],[-102.487,43],[-103.133,43.001],[-103.618,43.001],[-104.053,43.001]]]},"properties":{"abbr":"NE","name":"Nebraska"}},{"type":"Feature","geometry":{"type":"MultiPolygon","coordinates":[[[[-122.526,47.359],[-122.519,47.333],[-122.454,47.343],[-122.427,47.402],[-122.46,47.487],[-122.514,47.449],[-122.526,47.359]]],[[[-122.591,47.663],[-122.577,47.6],[-122.498,47.598],[-122.504,47.694],[-122.553,47.721],[-122.591,47.663]]],[[[-122.654,48.549],[-122.64,48.526],[-122.579,48.548],[-122.652,48.583],[-122.654,48.549]]],[[[-122.67,47.276],[-122.603,47.218],[-122.589,47.237],[-122.67,47.276]]],[[[-122.722,48.732],[-122.635,48.652],[-122.618,48.671],[-122.703,48.744],[-122.722,48.732]]],[[[-122.74,48.585],[-122.722,48.541],[-122.668,48.566],[-122.711,48.609],[-122.74,48.585]]],[[[-122.742,47.155],[-122.712,47.128],[-122.675,47.142],[-122.696,47.189],[-122.742,47.155]]],[[[-122.77,48.228],[-122.712,48.194],[-122.677,48.154],[-122.613,48.156],[-122.598,48.111],[-122.614,48.073],[-122.597,48.026],[-122.542,47.993],[-122.479,47.99],[-122.447,47.963],[-122.446,47.93],[-122.39,47.906],[-122.351,47.953],[-122.376,48.034],[-122.448,48.054],[-122.491,48.094],[-122.539,48.05],[-122.572,48.102],[-122.558,48.118],[-122.586,48.182],[-122.628,48.222],[-122.693,48.222],[-122.626,48.271],[-122.618,48.294],[-122.531,48.282],[-122.507,48.31],[-122.551,48.342],[-122.598,48.358],[-122.585,48.395],[-122.665,48.402],[-122.674,48.355],[-122.723,48.304],[-122.77,48.228]]],[[[-122.831,48.573],[-122.808,48.531],[-122.771,48.563],[-122.831,48.573]]],[[[-122.946,48.478],[-122.854,48.42],[-122.803,48.43],[-122.829,48.523],[-122.891,48.558],[-122.92,48.551],[-122.946,48.478]]],[[[-123.017,48.59],[-122.966,48.549],[-122.921,48.562],[-122.919,48.587],[-123.017,48.59]]],[[[-123.03,48.63],[-122.984,48.642],[-122.948,48.597],[-122.884,48.589],[-122.848,48.622],[-122.809,48.62],[-122.742,48.662],[-122.878,48.713],[-122.917,48.714],[-123.01,48.655],[-123.03,48.63]]],[[[-123.203,48.596],[-123.171,48.576],[-123.163,48.53],[-123.133,48.498],[-123.041,48.462],[-123.006,48.471],[-123.016,48.519],[-122.995,48.535],[-123.105,48.623],[-123.18,48.622],[-123.203,48.596]]],[[[-117.032,48.999],[-117.607,49.001],[-118.197,49],[-118.837,49],[-119.429,49],[-120.001,48.999],[-120.717,49],[-121.126,49.001],[-121.751,48.997],[-122.098,49.002],[-122.758,49.002],[-122.817,48.956],[-122.818,48.939],[-122.747,48.931],[-122.786,48.885],[-122.723,48.853],[-122.707,48.802],[-122.647,48.785],[-122.675,48.737],[-122.647,48.718],[-122.608,48.763],[-122.536,48.776],[-122.491,48.742],[-122.519,48.717],[-122.51,48.664],[-122.425,48.6],[-122.454,48.566],[-122.504,48.565],[-122.47,48.469],[-122.537,48.466],[-122.559,48.5],[-122.601,48.493],[-122.615,48.521],[-122.668,48.486],[-122.656,48.408],[-122.558,48.426],[-122.533,48.375],[-122.489,48.367],[-122.409,48.326],[-122.375,48.292],[-122.397,48.253],[-122.467,48.27],[-122.531,48.25],[-122.537,48.184],[-122.512,48.134],[-122.442,48.131],[-122.479,48.188],[-122.431,48.236],[-122.368,48.215],[-122.368,48.135],[-122.343,48.098],[-122.219,48.02],[-122.23,47.971],[-122.307,47.949],[-122.34,47.847],[-122.396,47.807],[-122.373,47.729],[-122.43,47.659],[-122.415,47.64],[-122.345,47.609],[-122.421,47.576],[-122.399,47.517],[-122.361,47.481],[-122.368,47.459],[-122.327,47.388],[-122.325,47.349],[-122.43,47.32],[-122.409,47.289],[-122.44,47.262],[-122.533,47.317],[-122.533,47.276],[-122.564,47.243],[-122.593,47.176],[-122.685,47.097],[-122.727,47.101],[-122.786,47.127],[-122.793,47.153],[-122.863,47.17],[-122.839,47.21],[-122.868,47.251],[-122.868,47.28],[-122.789,47.338],[-122.787,47.3],[-122.833,47.243],[-122.772,47.167],[-122.72,47.221],[-122.757,47.277],[-122.73,47.333],[-122.671,47.341],[-122.697,47.284],[-122.631,47.277],[-122.586,47.254],[-122.548,47.285],[-122.574,47.318],[-122.538,47.376],[-122.552,47.395],[-122.532,47.43],[-122.532,47.469],[-122.495,47.511],[-122.545,47.523],[-122.538,47.563],[-122.569,47.583],[-122.606,47.547],[-122.591,47.636],[-122.618,47.65],[-122.593,47.694],[-122.537,47.747],[-122.488,47.744],[-122.471,47.766],[-122.502,47.791],[-122.525,47.912],[-122.596,47.92],[-122.573,47.874],[-122.684,47.799],[-122.748,47.718],[-122.752,47.668],[-122.917,47.621],[-122.923,47.598],[-122.971,47.571],[-123.032,47.511],[-123.034,47.494],[-123.12,47.391],[-123.03,47.351],[-123.14,47.342],[-123.16,47.354],[-123.141,47.404],[-123.101,47.463],[-123.057,47.501],[-123.001,47.585],[-122.878,47.69],[-122.883,47.731],[-122.853,47.746],[-122.853,47.78],[-122.788,47.804],[-122.814,47.716],[-122.756,47.751],[-122.743,47.81],[-122.713,47.814],[-122.634,47.868],[-122.673,47.919],[-122.676,47.959],[-122.718,47.988],[-122.671,48.018],[-122.697,48.103],[-122.733,48.091],[-122.749,48.03],[-122.801,48.088],[-122.749,48.117],[-122.763,48.143],[-122.833,48.134],[-122.882,48.108],[-122.875,48.046],[-122.929,48.068],[-122.916,48.095],[-123.041,48.084],[-123.066,48.12],[-123.164,48.166],[-123.239,48.118],[-123.315,48.114],[-123.425,48.118],[-123.462,48.135],[-123.507,48.132],[-123.551,48.151],[-123.591,48.135],[-123.709,48.168],[-123.778,48.155],[-123.867,48.155],[-124.051,48.178],[-124.131,48.221],[-124.251,48.265],[-124.381,48.285],[-124.565,48.368],[-124.61,48.367],[-124.659,48.391],[-124.732,48.381],[-124.688,48.339],[-124.659,48.331],[-124.706,48.24],[-124.691,48.213],[-124.732,48.17],[-124.692,48.108],[-124.697,48.069],[-124.678,47.992],[-124.641,47.908],[-124.61,47.88],[-124.498,47.823],[-124.469,47.768],[-124.431,47.746],[-124.366,47.582],[-124.345,47.489],[-124.336,47.405],[-124.319,47.356],[-124.278,47.306],[-124.236,47.287],[-124.209,47.218],[-124.177,47.093],[-124.169,46.995],[-124.174,46.927],[-124.127,46.946],[-124.151,47.021],[-124.122,47.042],[-124.026,47.03],[-123.992,46.98],[-123.859,46.968],[-123.87,46.943],[-123.985,46.922],[-124.089,46.868],[-124.093,46.902],[-124.133,46.896],[-124.108,46.836],[-124.097,46.746],[-123.999,46.706],[-123.98,46.725],[-123.877,46.731],[-123.833,46.718],[-123.916,46.679],[-123.922,46.65],[-123.959,46.614],[-123.896,46.55],[-123.896,46.514],[-123.994,46.469],[-123.97,46.439],[-123.954,46.379],[-124.015,46.379],[-124.032,46.496],[-124.024,46.583],[-124.07,46.631],[-124.057,46.493],[-124.058,46.387],[-124.078,46.276],[-124.021,46.316],[-123.985,46.309],[-123.909,46.245],[-123.876,46.24],[-123.796,46.285],[-123.701,46.305],[-123.67,46.267],[-123.548,46.259],[-123.48,46.269],[-123.428,46.229],[-123.431,46.182],[-123.371,46.146],[-123.28,46.145],[-123.166,46.189],[-123.116,46.185],[-123.004,46.134],[-122.963,46.105],[-122.904,46.084],[-122.878,46.031],[-122.814,45.961],[-122.812,45.913],[-122.785,45.868],[-122.796,45.81],[-122.77,45.781],[-122.76,45.734],[-122.775,45.68],[-122.764,45.657],[-122.675,45.618],[-122.603,45.608],[-122.475,45.578],[-122.439,45.564],[-122.38,45.576],[-122.332,45.548],[-122.249,45.548],[-122.184,45.578],[-122.102,45.584],[-121.908,45.654],[-121.867,45.693],[-121.811,45.707],[-121.735,45.694],[-121.631,45.705],[-121.533,45.727],[-121.463,45.701],[-121.402,45.693],[-121.338,45.705],[-121.216,45.671],[-121.184,45.606],[-121.132,45.61],[-121.085,45.648],[-120.944,45.656],[-120.896,45.643],[-120.856,45.672],[-120.689,45.716],[-120.635,45.746],[-120.559,45.738],[-120.506,45.7],[-120.404,45.699],[-120.282,45.721],[-120.211,45.726],[-120.17,45.762],[-120.07,45.785],[-119.966,45.824],[-119.907,45.828],[-119.803,45.848],[-119.67,45.857],[-119.623,45.906],[-119.572,45.925],[-119.525,45.909],[-119.364,45.922],[-119.257,45.94],[-119.196,45.928],[-119.126,45.933],[-119.009,45.979],[-118.987,46],[-118.126,46],[-117.475,45.998],[-116.916,45.995],[-116.96,46.099],[-116.923,46.161],[-116.963,46.2],[-116.956,46.226],[-116.985,46.293],[-117.056,46.346],[-117.04,46.425],[-117.039,46.7],[-117.04,47.049],[-117.04,47.478],[-117.042,47.839],[-117.041,48.125],[-117.035,48.371],[-117.032,48.999]]]]},"properties":{"abbr":"WA","name":"Washington"}},{"type":"Feature","geometry":{"type":"MultiPolygon","coordinates":[[[[-65.577,18.12],[-65.559,18.086],[-65.423,18.096],[-65.365,18.129],[-65.34,18.119],[-65.308,18.135],[-65.366,18.158],[-65.436,18.158],[-65.447,18.147],[-65.577,18.12]]],[[[-67.271,18.363],[-67.236,18.301],[-67.201,18.293],[-67.158,18.217],[-67.18,18.168],[-67.184,18.104],[-67.199,18.091],[-67.199,18.047],[-67.174,18.011],[-67.213,17.992],[-67.213,17.953],[-67.174,17.966],[-67.103,17.946],[-67.065,17.976],[-66.987,17.971],[-66.955,17.937],[-66.893,17.951],[-66.841,17.95],[-66.806,17.985],[-66.764,18.006],[-66.674,17.967],[-66.628,17.983],[-66.613,17.963],[-66.579,17.962],[-66.493,17.99],[-66.465,17.991],[-66.431,17.962],[-66.378,17.945],[-66.338,17.977],[-66.317,17.977],[-66.258,17.937],[-66.207,17.963],[-66.156,17.929],[-66.081,17.967],[-66.047,17.953],[-66.016,17.98],[-65.938,17.972],[-65.885,17.989],[-65.802,18.059],[-65.767,18.149],[-65.725,18.188],[-65.602,18.23],[-65.636,18.288],[-65.627,18.332],[-65.638,18.369],[-65.667,18.361],[-65.743,18.38],[-65.773,18.401],[-65.815,18.409],[-65.834,18.43],[-65.905,18.453],[-65.926,18.445],[-65.992,18.46],[-66.011,18.444],[-66.073,18.458],[-66.108,18.428],[-66.186,18.467],[-66.242,18.469],[-66.274,18.479],[-66.412,18.49],[-66.454,18.469],[-66.621,18.493],[-66.75,18.477],[-66.781,18.491],[-66.866,18.491],[-66.902,18.483],[-66.976,18.491],[-67.019,18.511],[-67.09,18.516],[-67.138,18.508],[-67.17,18.475],[-67.157,18.418],[-67.194,18.393],[-67.271,18.363]]],[[[-67.945,18.085],[-67.897,18.054],[-67.844,18.085],[-67.862,18.122],[-67.933,18.113],[-67.945,18.085]]]]},"properties":{"abbr":"PR","name":"Puerto Rico"}},{"type":"Feature","geometry":{"type":"MultiPolygon","coordinates":[[[[-95.122,29.09],[-94.892,29.229],[-94.795,29.284],[-94.727,29.331],[-94.767,29.337],[-94.798,29.308],[-94.874,29.29],[-94.921,29.253],[-94.945,29.221],[-95.097,29.119],[-95.122,29.09]]],[[[-97.127,27.841],[-97.065,27.845],[-97.05,27.879],[-97.066,27.906],[-97.101,27.883],[-97.127,27.841]]],[[[-97.326,26.561],[-97.286,26.547],[-97.256,26.497],[-97.242,26.408],[-97.218,26.387],[-97.272,26.56],[-97.326,26.561]]],[[[-97.398,26.868],[-97.391,26.816],[-97.329,26.647],[-97.287,26.583],[-97.338,26.753],[-97.364,26.866],[-97.376,26.96],[-97.377,27.103],[-97.357,27.241],[-97.319,27.37],[-97.275,27.475],[-97.199,27.622],[-97.108,27.763],[-97.056,27.825],[-97.057,27.842],[-97.128,27.828],[-97.125,27.779],[-97.146,27.772],[-97.197,27.656],[-97.24,27.633],[-97.304,27.507],[-97.336,27.403],[-97.362,27.359],[-97.371,27.299],[-97.361,27.273],[-97.382,27.246],[-97.379,27.21],[-97.395,27.124],[-97.386,27.085],[-97.394,26.971],[-97.387,26.957],[-97.398,26.868]]],[[[-103.002,36.5],[-103.042,36.5],[-103.041,36.055],[-103.042,35.622],[-103.042,35.183],[-103.043,34.671],[-103.044,34.38],[-103.044,34.004],[-103.051,33.672],[-103.057,33.388],[-103.065,33],[-103.065,32.683],[-103.065,32.335],[-103.064,32.001],[-103.723,32],[-104.33,32],[-104.833,32],[-105.473,32.001],[-106.126,32.003],[-106.618,32],[-106.624,31.925],[-106.645,31.895],[-106.636,31.866],[-106.577,31.81],[-106.528,31.783],[-106.49,31.748],[-106.451,31.764],[-106.381,31.732],[-106.35,31.697],[-106.308,31.63],[-106.281,31.563],[-106.245,31.539],[-106.22,31.482],[-106.133,31.425],[-106.074,31.398],[-106.005,31.392],[-105.954,31.365],[-105.933,31.313],[-105.869,31.289],[-105.794,31.202],[-105.773,31.167],[-105.742,31.164],[-105.709,31.136],[-105.649,31.116],[-105.606,31.085],[-105.556,30.989],[-105.5,30.966],[-105.488,30.943],[-105.414,30.9],[-105.395,30.849],[-105.292,30.826],[-105.258,30.795],[-105.218,30.806],[-105.162,30.754],[-105.12,30.75],[-105.098,30.716],[-105.048,30.681],[-105.007,30.686],[-104.986,30.663],[-104.972,30.61],[-104.93,30.599],[-104.899,30.57],[-104.872,30.511],[-104.86,30.39],[-104.811,30.363],[-104.797,30.33],[-104.761,30.301],[-104.687,30.179],[-104.696,30.134],[-104.686,30.082],[-104.707,30.051],[-104.683,29.977],[-104.674,29.911],[-104.614,29.846],[-104.591,29.798],[-104.55,29.741],[-104.539,29.679],[-104.516,29.641],[-104.4,29.572],[-104.395,29.556],[-104.338,29.52],[-104.262,29.513],[-104.209,29.481],[-104.168,29.396],[-104.11,29.374],[-104.082,29.346],[-104.019,29.312],[-103.919,29.285],[-103.838,29.278],[-103.784,29.265],[-103.719,29.181],[-103.704,29.185],[-103.592,29.15],[-103.55,29.156],[-103.415,29.038],[-103.266,28.996],[-103.155,28.972],[-103.098,29.027],[-103.1,29.061],[-103.08,29.087],[-103.036,29.099],[-102.998,29.176],[-102.878,29.215],[-102.871,29.242],[-102.906,29.262],[-102.888,29.292],[-102.878,29.355],[-102.839,29.359],[-102.826,29.397],[-102.831,29.444],[-102.807,29.494],[-102.809,29.522],[-102.776,29.547],[-102.74,29.599],[-102.742,29.633],[-102.704,29.671],[-102.691,29.721],[-102.623,29.737],[-102.572,29.757],[-102.548,29.745],[-102.487,29.787],[-102.41,29.765],[-102.39,29.783],[-102.341,29.869],[-102.301,29.878],[-102.224,29.841],[-102.192,29.847],[-102.16,29.814],[-102.074,29.787],[-102.015,29.798],[-101.981,29.815],[-101.947,29.801],[-101.883,29.793],[-101.851,29.808],[-101.804,29.803],[-101.712,29.763],[-101.662,29.771],[-101.646,29.754],[-101.608,29.774],[-101.577,29.769],[-101.568,29.799],[-101.535,29.798],[-101.539,29.762],[-101.503,29.765],[-101.462,29.79],[-101.45,29.753],[-101.41,29.771],[-101.398,29.717],[-101.373,29.68],[-101.315,29.659],[-101.3,29.64],[-101.312,29.585],[-101.291,29.572],[-101.252,29.604],[-101.241,29.565],[-101.261,29.537],[-101.174,29.515],[-101.152,29.477],[-101.06,29.459],[-101.037,29.406],[-101.004,29.365],[-100.949,29.347],[-100.887,29.308],[-100.878,29.281],[-100.798,29.247],[-100.738,29.139],[-100.675,29.1],[-100.646,28.986],[-100.651,28.942],[-100.547,28.826],[-100.536,28.778],[-100.508,28.741],[-100.51,28.691],[-100.498,28.66],[-100.446,28.641],[-100.447,28.609],[-100.4,28.587],[-100.411,28.552],[-100.387,28.514],[-100.335,28.5],[-100.368,28.475],[-100.336,28.43],[-100.35,28.403],[-100.289,28.317],[-100.294,28.284],[-100.258,28.24],[-100.224,28.235],[-100.212,28.197],[-100.158,28.167],[-100.083,28.144],[-100.053,28.085],[-100.018,28.065],[-99.99,27.993],[-99.932,27.981],[-99.939,27.954],[-99.894,27.893],[-99.878,27.801],[-99.851,27.794],[-99.835,27.763],[-99.771,27.732],[-99.722,27.666],[-99.669,27.66],[-99.639,27.627],[-99.604,27.642],[-99.542,27.606],[-99.511,27.564],[-99.528,27.499],[-99.479,27.479],[-99.495,27.452],[-99.488,27.412],[-99.504,27.34],[-99.497,27.272],[-99.442,27.25],[-99.426,27.176],[-99.434,27.079],[-99.452,27.063],[-99.446,27.023],[-99.415,27.017],[-99.377,26.974],[-99.388,26.944],[-99.337,26.923],[-99.329,26.88],[-99.269,26.843],[-99.242,26.788],[-99.24,26.746],[-99.209,26.725],[-99.201,26.656],[-99.178,26.621],[-99.167,26.536],[-99.128,26.525],[-99.092,26.477],[-99.111,26.426],[-99.082,26.397],[-99.037,26.414],[-99.012,26.392],[-98.975,26.401],[-98.956,26.378],[-98.903,26.372],[-98.897,26.353],[-98.827,26.369],[-98.798,26.36],[-98.79,26.332],[-98.757,26.331],[-98.718,26.287],[-98.654,26.236],[-98.588,26.258],[-98.5,26.21],[-98.463,26.226],[-98.443,26.199],[-98.384,26.157],[-98.338,26.151],[-98.32,26.118],[-98.271,26.114],[-98.249,26.072],[-98.176,26.075],[-98.145,26.05],[-98.106,26.068],[-98.039,26.041],[-98.001,26.065],[-97.967,26.052],[-97.887,26.067],[-97.85,26.052],[-97.8,26.059],[-97.778,26.029],[-97.703,26.031],[-97.646,26.007],[-97.608,25.977],[-97.581,25.939],[-97.546,25.933],[-97.52,25.886],[-97.458,25.884],[-97.443,25.848],[-97.373,25.84],[-97.359,25.872],[-97.366,25.902],[-97.325,25.924],[-97.225,25.959],[-97.147,25.953],[-97.153,26.039],[-97.196,26.047],[-97.208,26.08],[-97.28,26.092],[-97.303,26.171],[-97.295,26.192],[-97.317,26.224],[-97.281,26.281],[-97.297,26.296],[-97.381,26.481],[-97.407,26.499],[-97.421,26.536],[-97.465,26.694],[-97.479,26.807],[-97.46,26.847],[-97.444,26.987],[-97.434,27.145],[-97.442,27.164],[-97.422,27.258],[-97.438,27.264],[-97.53,27.229],[-97.631,27.242],[-97.647,27.276],[-97.692,27.334],[-97.68,27.376],[-97.635,27.299],[-97.607,27.287],[-97.498,27.372],[-97.481,27.34],[-97.517,27.305],[-97.483,27.298],[-97.414,27.322],[-97.369,27.41],[-97.368,27.443],[-97.322,27.569],[-97.256,27.692],[-97.344,27.724],[-97.375,27.749],[-97.393,27.783],[-97.386,27.84],[-97.463,27.823],[-97.515,27.851],[-97.497,27.882],[-97.452,27.871],[-97.338,27.884],[-97.249,27.876],[-97.222,27.824],[-97.191,27.823],[-97.044,28.028],[-97.037,28.076],[-97.054,28.093],[-97.1,28.078],[-97.139,28.027],[-97.162,28.048],[-97.223,28.077],[-97.146,28.141],[-97.032,28.189],[-97.017,28.151],[-96.983,28.125],[-96.946,28.197],[-96.924,28.199],[-96.961,28.123],[-96.932,28.124],[-96.846,28.18],[-96.784,28.244],[-96.81,28.29],[-96.79,28.323],[-96.799,28.365],[-96.858,28.409],[-96.838,28.433],[-96.787,28.402],[-96.765,28.413],[-96.706,28.405],[-96.705,28.349],[-96.684,28.314],[-96.625,28.316],[-96.585,28.351],[-96.512,28.383],[-96.453,28.419],[-96.441,28.343],[-96.525,28.323],[-96.547,28.305],[-96.604,28.293],[-96.648,28.252],[-96.663,28.226],[-96.703,28.216],[-96.716,28.193],[-96.798,28.186],[-96.821,28.166],[-96.811,28.123],[-96.844,28.108],[-96.874,28.133],[-96.925,28.088],[-96.934,28.056],[-96.968,28.018],[-96.984,27.963],[-97.009,27.924],[-97.033,27.913],[-97.055,27.847],[-96.962,27.956],[-96.851,28.062],[-96.752,28.141],[-96.632,28.223],[-96.561,28.264],[-96.443,28.318],[-96.413,28.343],[-96.39,28.382],[-96.32,28.424],[-96.27,28.462],[-96.205,28.498],[-96.083,28.555],[-95.89,28.631],[-95.772,28.687],[-95.463,28.849],[-95.384,28.87],[-95.295,28.937],[-95.252,28.979],[-95.124,29.071],[-95.167,29.121],[-95.15,29.179],[-95.116,29.2],[-95.097,29.177],[-95.035,29.211],[-94.971,29.283],[-94.908,29.34],[-94.866,29.367],[-94.887,29.387],[-94.892,29.434],[-94.952,29.468],[-94.912,29.496],[-94.977,29.511],[-95.018,29.555],[-94.983,29.601],[-95.015,29.632],[-94.982,29.677],[-94.943,29.698],[-94.92,29.657],[-94.873,29.671],[-94.851,29.721],[-94.815,29.758],[-94.731,29.79],[-94.696,29.759],[-94.689,29.693],[-94.701,29.639],[-94.763,29.524],[-94.545,29.572],[-94.502,29.51],[-94.562,29.531],[-94.607,29.483],[-94.677,29.473],[-94.704,29.436],[-94.767,29.39],[-94.733,29.368],[-94.708,29.403],[-94.632,29.452],[-94.49,29.511],[-94.096,29.661],[-94.001,29.681],[-93.838,29.679],[-93.838,29.691],[-93.898,29.772],[-93.929,29.797],[-93.923,29.819],[-93.855,29.864],[-93.817,29.921],[-93.787,29.991],[-93.74,30.024],[-93.716,30.069],[-93.696,30.152],[-93.719,30.209],[-93.705,30.29],[-93.744,30.304],[-93.763,30.344],[-93.746,30.396],[-93.699,30.437],[-93.717,30.482],[-93.707,30.511],[-93.734,30.531],[-93.714,30.587],[-93.679,30.594],[-93.683,30.641],[-93.62,30.694],[-93.608,30.748],[-93.553,30.833],[-93.574,30.885],[-93.531,30.925],[-93.532,30.958],[-93.569,30.976],[-93.539,31.008],[-93.519,31.062],[-93.552,31.079],[-93.54,31.114],[-93.549,31.187],[-93.589,31.166],[-93.618,31.233],[-93.615,31.261],[-93.644,31.272],[-93.688,31.31],[-93.669,31.34],[-93.671,31.389],[-93.705,31.419],[-93.693,31.441],[-93.749,31.469],[-93.728,31.489],[-93.743,31.527],[-93.781,31.525],[-93.821,31.558],[-93.839,31.599],[-93.816,31.632],[-93.826,31.667],[-93.795,31.702],[-93.836,31.749],[-93.823,31.775],[-93.875,31.822],[-93.897,31.894],[-93.974,31.922],[-94.017,31.989],[-94.043,31.999],[-94.043,32.27],[-94.043,32.693],[-94.043,33.019],[-94.043,33.552],[-94.083,33.575],[-94.149,33.566],[-94.162,33.589],[-94.298,33.576],[-94.31,33.552],[-94.353,33.561],[-94.39,33.547],[-94.43,33.591],[-94.448,33.634],[-94.486,33.638],[-94.505,33.621],[-94.551,33.628],[-94.58,33.679],[-94.736,33.692],[-94.748,33.725],[-94.875,33.749],[-94.954,33.816],[-94.969,33.861],[-94.993,33.852],[-95.047,33.863],[-95.06,33.902],[-95.121,33.931],[-95.214,33.962],[-95.25,33.938],[-95.253,33.894],[-95.279,33.878],[-95.363,33.867],[-95.441,33.866],[-95.473,33.88],[-95.533,33.881],[-95.554,33.928],[-95.597,33.942],[-95.627,33.908],[-95.66,33.91],[-95.711,33.885],[-95.756,33.893],[-95.752,33.861],[-95.801,33.861],[-95.845,33.839],[-95.926,33.885],[-95.941,33.862],[-96.049,33.836],[-96.1,33.848],[-96.148,33.838],[-96.165,33.818],[-96.178,33.761],[-96.229,33.748],[-96.264,33.767],[-96.297,33.766],[-96.31,33.71],[-96.338,33.689],[-96.404,33.746],[-96.423,33.776],[-96.5,33.773],[-96.527,33.821],[-96.573,33.819],[-96.623,33.841],[-96.597,33.875],[-96.673,33.912],[-96.691,33.85],[-96.712,33.832],[-96.762,33.824],[-96.794,33.869],[-96.832,33.875],[-96.866,33.853],[-96.896,33.896],[-96.899,33.934],[-96.922,33.96],[-96.995,33.932],[-96.984,33.891],[-97.048,33.817],[-97.095,33.799],[-97.085,33.766],[-97.097,33.728],[-97.126,33.717],[-97.172,33.738],[-97.206,33.803],[-97.167,33.847],[-97.18,33.892],[-97.211,33.916],[-97.246,33.9],[-97.27,33.858],[-97.306,33.886],[-97.373,33.819],[-97.426,33.819],[-97.463,33.842],[-97.46,33.904],[-97.501,33.92],[-97.552,33.898],[-97.597,33.92],[-97.589,33.952],[-97.634,33.981],[-97.672,33.991],[-97.732,33.937],[-97.802,33.894],[-97.834,33.858],[-97.866,33.849],[-97.937,33.879],[-97.968,33.882],[-97.96,33.952],[-97.946,33.988],[-97.972,34.005],[-98.019,33.994],[-98.083,34.002],[-98.084,34.042],[-98.119,34.084],[-98.091,34.122],[-98.109,34.154],[-98.169,34.114],[-98.231,34.134],[-98.3,34.135],[-98.364,34.157],[-98.395,34.131],[-98.412,34.088],[-98.486,34.063],[-98.6,34.161],[-98.648,34.164],[-98.691,34.133],[-98.766,34.136],[-98.804,34.154],[-98.872,34.165],[-98.921,34.183],[-98.95,34.212],[-99.001,34.218],[-99.043,34.198],[-99.08,34.212],[-99.119,34.202],[-99.19,34.214],[-99.21,34.338],[-99.295,34.415],[-99.329,34.422],[-99.381,34.457],[-99.397,34.379],[-99.43,34.381],[-99.5,34.41],[-99.58,34.417],[-99.6,34.375],[-99.695,34.378],[-99.754,34.421],[-99.853,34.512],[-99.887,34.549],[-99.946,34.579],[-100,34.561],[-100,35.03],[-100,35.3],[-100,35.746],[-100,36.043],[-100,36.5],[-100.522,36.499],[-101.085,36.499],[-101.367,36.499],[-101.827,36.5],[-102.571,36.5],[-103.002,36.5]]]]},"properties":{"abbr":"TX","name":"Texas"}},{"type":"Feature","geometry":{"type":"Polygon","coordinates":[[[-84.806,41.696],[-84.804,41.437],[-84.803,40.988],[-84.802,40.801],[-84.804,40.312],[-84.814,39.814],[-84.816,39.478],[-84.82,39.105],[-84.754,39.147],[-84.719,39.137],[-84.69,39.104],[-84.632,39.077],[-84.572,39.082],[-84.551,39.099],[-84.51,39.094],[-84.471,39.121],[-84.433,39.094],[-84.43,39.058],[-84.36,39.041],[-84.305,39.006],[-84.288,38.956],[-84.234,38.893],[-84.23,38.827],[-84.213,38.806],[-84.071,38.77],[-83.979,38.787],[-83.859,38.757],[-83.841,38.722],[-83.784,38.696],[-83.772,38.658],[-83.671,38.627],[-83.648,38.632],[-83.627,38.679],[-83.521,38.703],[-83.468,38.675],[-83.367,38.659],[-83.322,38.631],[-83.294,38.597],[-83.246,38.629],[-83.204,38.617],[-83.154,38.619],[-83.103,38.677],[-83.053,38.696],[-83.033,38.724],[-82.979,38.726],[-82.894,38.757],[-82.87,38.728],[-82.847,38.595],[-82.8,38.563],[-82.725,38.558],[-82.657,38.497],[-82.614,38.475],[-82.593,38.422],[-82.53,38.405],[-82.405,38.439],[-82.324,38.449],[-82.304,38.496],[-82.291,38.579],[-82.274,38.594],[-82.189,38.595],[-82.172,38.626],[-82.191,38.68],[-82.182,38.709],[-82.217,38.796],[-82.145,38.84],[-82.143,38.898],[-82.089,38.976],[-82.052,38.994],[-82.038,39.024],[-81.995,39.022],[-81.977,38.993],[-81.933,38.988],[-81.901,38.938],[-81.927,38.901],[-81.889,38.874],[-81.849,38.901],[-81.844,38.929],[-81.782,38.965],[-81.764,39.015],[-81.812,39.06],[-81.808,39.084],[-81.752,39.09],[-81.742,39.117],[-81.756,39.177],[-81.724,39.217],[-81.691,39.228],[-81.678,39.274],[-81.608,39.276],[-81.57,39.268],[-81.558,39.339],[-81.456,39.409],[-81.407,39.388],[-81.396,39.356],[-81.348,39.346],[-81.271,39.386],[-81.224,39.386],[-81.186,39.431],[-81.134,39.445],[-81.101,39.487],[-81.024,39.552],[-80.933,39.615],[-80.88,39.621],[-80.862,39.694],[-80.832,39.719],[-80.865,39.753],[-80.863,39.775],[-80.826,39.799],[-80.827,39.842],[-80.793,39.864],[-80.803,39.919],[-80.756,39.917],[-80.765,39.947],[-80.74,39.971],[-80.731,40.049],[-80.739,40.076],[-80.71,40.1],[-80.705,40.155],[-80.668,40.2],[-80.662,40.23],[-80.622,40.262],[-80.6,40.318],[-80.611,40.438],[-80.599,40.483],[-80.628,40.536],[-80.667,40.574],[-80.627,40.62],[-80.577,40.614],[-80.519,40.639],[-80.519,41.249],[-80.519,41.67],[-80.519,41.977],[-80.631,41.944],[-80.773,41.908],[-80.901,41.869],[-81.003,41.853],[-81.128,41.811],[-81.223,41.768],[-81.286,41.76],[-81.388,41.707],[-81.486,41.633],[-81.53,41.614],[-81.6,41.561],[-81.745,41.487],[-81.812,41.495],[-81.864,41.483],[-81.944,41.492],[-82.012,41.516],[-82.178,41.472],[-82.255,41.434],[-82.363,41.427],[-82.481,41.381],[-82.512,41.383],[-82.601,41.42],[-82.681,41.477],[-82.731,41.45],[-82.766,41.446],[-82.813,41.47],[-82.838,41.45],[-82.925,41.418],[-83.003,41.437],[-82.959,41.489],[-82.883,41.489],[-82.844,41.502],[-82.765,41.503],[-82.726,41.512],[-82.72,41.542],[-82.785,41.541],[-82.834,41.587],[-82.888,41.522],[-82.97,41.524],[-83.039,41.562],[-83.075,41.601],[-83.208,41.635],[-83.336,41.705],[-83.352,41.687],[-83.478,41.698],[-83.455,41.733],[-83.86,41.721],[-84.361,41.707],[-84.806,41.696]]]},"properties":{"abbr":"OH","name":"Ohio"}},{"type":"Feature","geometry":{"type":"MultiPolygon","coordinates":[[[[-86.956,45.352],[-86.927,45.33],[-86.866,45.336],[-86.843,45.398],[-86.861,45.412],[-86.943,45.415],[-86.956,45.352]]],[[[-90.465,47.003],[-90.404,47.025],[-90.395,47.077],[-90.436,47.074],[-90.465,47.003]]],[[[-90.654,46.922],[-90.639,46.906],[-90.548,46.924],[-90.529,46.968],[-90.637,46.942],[-90.654,46.922]]],[[[-90.765,46.947],[-90.737,46.913],[-90.689,46.917],[-90.716,46.958],[-90.765,46.947]]],[[[-90.792,46.785],[-90.771,46.753],[-90.716,46.785],[-90.657,46.789],[-90.674,46.82],[-90.57,46.85],[-90.616,46.874],[-90.733,46.8],[-90.792,46.785]]],[[[-92.015,46.706],[-92.089,46.749],[-92.138,46.74],[-92.146,46.716],[-92.212,46.65],[-92.292,46.666],[-92.294,46.074],[-92.328,46.066],[-92.362,46.013],[-92.421,46.027],[-92.464,45.976],[-92.522,45.984],[-92.552,45.952],[-92.64,45.932],[-92.708,45.895],[-92.785,45.764],[-92.869,45.718],[-92.888,45.639],[-92.884,45.575],[-92.823,45.561],[-92.77,45.567],[-92.726,45.541],[-92.727,45.514],[-92.647,45.442],[-92.65,45.399],[-92.704,45.354],[-92.699,45.336],[-92.759,45.291],[-92.745,45.108],[-92.792,45.08],[-92.797,45.051],[-92.765,45.029],[-92.769,44.972],[-92.751,44.937],[-92.775,44.893],[-92.765,44.841],[-92.808,44.751],[-92.737,44.717],[-92.622,44.639],[-92.621,44.615],[-92.569,44.604],[-92.518,44.575],[-92.437,44.553],[-92.348,44.557],[-92.314,44.538],[-92.277,44.474],[-92.215,44.439],[-92.125,44.422],[-92.054,44.401],[-91.96,44.359],[-91.926,44.334],[-91.92,44.286],[-91.896,44.273],[-91.875,44.201],[-91.817,44.164],[-91.711,44.12],[-91.645,44.063],[-91.583,44.027],[-91.507,44.019],[-91.441,44.002],[-91.365,43.935],[-91.284,43.847],[-91.244,43.775],[-91.268,43.71],[-91.269,43.615],[-91.232,43.582],[-91.244,43.549],[-91.218,43.501],[-91.232,43.46],[-91.198,43.395],[-91.202,43.349],[-91.129,43.326],[-91.058,43.254],[-91.119,43.2],[-91.143,43.156],[-91.178,43.129],[-91.175,43.039],[-91.147,42.963],[-91.146,42.91],[-91.101,42.883],[-91.079,42.828],[-91.065,42.757],[-91.051,42.737],[-90.952,42.687],[-90.72,42.641],[-90.644,42.54],[-90.643,42.508],[-90.406,42.507],[-90.074,42.508],[-89.955,42.506],[-89.668,42.505],[-89.251,42.498],[-88.787,42.492],[-88.639,42.495],[-88.272,42.495],[-88.115,42.496],[-87.802,42.493],[-87.812,42.521],[-87.817,42.635],[-87.785,42.701],[-87.774,42.77],[-87.758,42.782],[-87.824,42.835],[-87.843,42.873],[-87.85,42.971],[-87.899,43.026],[-87.864,43.071],[-87.901,43.133],[-87.881,43.171],[-87.912,43.25],[-87.87,43.387],[-87.804,43.463],[-87.792,43.492],[-87.79,43.563],[-87.703,43.688],[-87.71,43.737],[-87.696,43.763],[-87.726,43.81],[-87.736,43.881],[-87.684,44.02],[-87.656,44.052],[-87.648,44.104],[-87.563,44.144],[-87.52,44.18],[-87.508,44.23],[-87.545,44.321],[-87.518,44.376],[-87.484,44.511],[-87.437,44.605],[-87.394,44.641],[-87.344,44.719],[-87.319,44.789],[-87.283,44.815],[-87.261,44.851],[-87.205,44.876],[-87.217,44.898],[-87.175,44.928],[-87.189,44.969],[-87.139,45.013],[-87.124,45.067],[-87.057,45.125],[-87.037,45.232],[-86.985,45.216],[-86.998,45.298],[-87.052,45.286],[-87.078,45.253],[-87.109,45.257],[-87.146,45.192],[-87.175,45.173],[-87.238,45.168],[-87.262,45.086],[-87.321,45.038],[-87.36,44.988],[-87.406,44.904],[-87.428,44.882],[-87.501,44.858],[-87.61,44.838],[-87.721,44.725],[-87.718,44.698],[-87.766,44.642],[-87.857,44.62],[-87.929,44.536],[-87.971,44.53],[-88.033,44.559],[-88.015,44.586],[-88.008,44.646],[-87.983,44.722],[-87.934,44.766],[-87.896,44.829],[-87.867,44.843],[-87.831,44.895],[-87.844,44.919],[-87.813,44.954],[-87.775,44.965],[-87.673,44.975],[-87.629,44.987],[-87.626,45.045],[-87.592,45.095],[-87.661,45.108],[-87.684,45.144],[-87.735,45.178],[-87.706,45.266],[-87.648,45.339],[-87.659,45.37],[-87.694,45.39],[-87.754,45.349],[-87.885,45.363],[-87.85,45.41],[-87.862,45.434],[-87.813,45.464],[-87.793,45.5],[-87.803,45.538],[-87.775,45.602],[-87.823,45.663],[-87.782,45.673],[-87.812,45.711],[-87.855,45.727],[-87.88,45.755],[-87.946,45.757],[-87.986,45.77],[-87.993,45.796],[-88.051,45.781],[-88.094,45.786],[-88.134,45.823],[-88.078,45.864],[-88.102,45.884],[-88.095,45.916],[-88.148,45.938],[-88.292,45.951],[-88.38,45.992],[-88.417,45.975],[-88.51,46.019],[-88.565,46.016],[-88.616,45.988],[-88.663,45.988],[-88.679,46.014],[-88.74,46.027],[-88.782,46.017],[-88.85,46.04],[-89.092,46.139],[-89.496,46.216],[-90.12,46.337],[-90.119,46.359],[-90.217,46.502],[-90.265,46.504],[-90.311,46.539],[-90.393,46.533],[-90.418,46.566],[-90.438,46.561],[-90.506,46.59],[-90.538,46.581],[-90.586,46.6],[-90.68,46.656],[-90.712,46.666],[-90.795,46.625],[-90.91,46.582],[-90.952,46.601],[-90.915,46.659],[-90.853,46.7],[-90.885,46.756],[-90.836,46.79],[-90.786,46.842],[-90.771,46.88],[-90.792,46.934],[-90.83,46.936],[-90.864,46.963],[-90.931,46.932],[-90.965,46.944],[-91.04,46.889],[-91.097,46.862],[-91.19,46.848],[-91.233,46.86],[-91.257,46.837],[-91.338,46.818],[-91.373,46.793],[-91.511,46.757],[-91.574,46.757],[-91.79,46.695],[-91.943,46.68],[-92.015,46.706]]]]},"properties":{"abbr":"WI","name":"Wisconsin"}},{"type":"Feature","geometry":{"type":"Polygon","coordinates":[[[-123.548,46.259],[-123.62,46.215],[-123.718,46.189],[-123.758,46.213],[-123.822,46.19],[-123.855,46.157],[-123.973,46.213],[-123.974,46.169],[-123.933,46.072],[-123.928,46.01],[-123.937,45.977],[-123.994,45.946],[-123.968,45.908],[-123.962,45.837],[-123.969,45.78],[-123.943,45.727],[-123.94,45.653],[-123.957,45.571],[-123.949,45.545],[-123.975,45.467],[-123.961,45.431],[-123.98,45.348],[-123.964,45.317],[-123.975,45.145],[-123.99,45.094],[-124.012,45.077],[-124.009,45.017],[-124.032,44.901],[-124.074,44.798],[-124.058,44.735],[-124.068,44.683],[-124.058,44.659],[-124.084,44.501],[-124.084,44.43],[-124.109,44.265],[-124.124,44.106],[-124.15,43.911],[-124.169,43.809],[-124.206,43.674],[-124.232,43.562],[-124.287,43.436],[-124.353,43.343],[-124.403,43.306],[-124.382,43.27],[-124.402,43.185],[-124.424,43.127],[-124.447,43.032],[-124.481,42.951],[-124.559,42.834],[-124.536,42.814],[-124.514,42.746],[-124.474,42.733],[-124.447,42.685],[-124.413,42.658],[-124.39,42.575],[-124.422,42.496],[-124.436,42.437],[-124.425,42.409],[-124.427,42.335],[-124.412,42.307],[-124.411,42.251],[-124.378,42.219],[-124.361,42.181],[-124.357,42.118],[-124.3,42.052],[-124.27,42.046],[-124.212,41.998],[-123.999,41.996],[-123.728,41.997],[-123.624,42],[-123.347,41.999],[-123.146,42.009],[-123.044,42.003],[-122.713,42.004],[-122.379,42.009],[-121.94,42.004],[-121.345,41.996],[-121.174,41.997],[-121.022,41.993],[-120.326,41.993],[-119.999,41.995],[-119.876,41.997],[-119.208,41.993],[-118.696,41.992],[-118.501,41.995],[-118.197,41.997],[-117.626,41.998],[-117.026,42],[-117.027,42.379],[-117.027,42.625],[-117.027,43.025],[-117.027,43.315],[-117.027,43.808],[-117.033,43.83],[-116.982,43.871],[-116.98,43.915],[-116.938,43.985],[-116.934,44.021],[-116.973,44.049],[-116.977,44.085],[-116.928,44.107],[-116.894,44.16],[-116.925,44.192],[-116.972,44.197],[-116.976,44.243],[-117.032,44.249],[-117.057,44.231],[-117.104,44.28],[-117.17,44.259],[-117.217,44.288],[-117.19,44.337],[-117.235,44.374],[-117.243,44.397],[-117.215,44.427],[-117.226,44.479],[-117.144,44.546],[-117.096,44.665],[-117.044,44.745],[-116.935,44.784],[-116.896,44.856],[-116.852,44.888],[-116.836,44.941],[-116.857,44.984],[-116.848,45.023],[-116.797,45.06],[-116.782,45.096],[-116.731,45.14],[-116.703,45.241],[-116.674,45.276],[-116.674,45.322],[-116.588,45.443],[-116.555,45.463],[-116.557,45.506],[-116.483,45.577],[-116.464,45.616],[-116.535,45.692],[-116.536,45.734],[-116.593,45.779],[-116.665,45.782],[-116.698,45.821],[-116.783,45.825],[-116.796,45.858],[-116.867,45.917],[-116.876,45.954],[-116.916,45.995],[-117.475,45.998],[-118.126,46],[-118.987,46],[-119.009,45.979],[-119.126,45.933],[-119.196,45.928],[-119.257,45.94],[-119.364,45.922],[-119.525,45.909],[-119.572,45.925],[-119.623,45.906],[-119.67,45.857],[-119.803,45.848],[-119.907,45.828],[-119.966,45.824],[-120.07,45.785],[-120.17,45.762],[-120.211,45.726],[-120.282,45.721],[-120.404,45.699],[-120.506,45.7],[-120.559,45.738],[-120.635,45.746],[-120.689,45.716],[-120.856,45.672],[-120.896,45.643],[-120.944,45.656],[-121.085,45.648],[-121.132,45.61],[-121.184,45.606],[-121.216,45.671],[-121.338,45.705],[-121.402,45.693],[-121.463,45.701],[-121.533,45.727],[-121.631,45.705],[-121.735,45.694],[-121.811,45.707],[-121.867,45.693],[-121.908,45.654],[-122.102,45.584],[-122.184,45.578],[-122.249,45.548],[-122.332,45.548],[-122.38,45.576],[-122.439,45.564],[-122.475,45.578],[-122.603,45.608],[-122.675,45.618],[-122.764,45.657],[-122.775,45.68],[-122.76,45.734],[-122.77,45.781],[-122.796,45.81],[-122.785,45.868],[-122.812,45.913],[-122.814,45.961],[-122.878,46.031],[-122.904,46.084],[-122.963,46.105],[-123.004,46.134],[-123.116,46.185],[-123.166,46.189],[-123.28,46.145],[-123.371,46.146],[-123.431,46.182],[-123.428,46.229],[-123.48,46.269],[-123.548,46.259]]]},"properties":{"abbr":"OR","name":"Oregon"}},{"type":"Feature","geometry":{"type":"Polygon","coordinates":[[[-91.166,33.004],[-91.202,32.961],[-91.213,32.922],[-91.16,32.9],[-91.131,32.93],[-91.136,32.98],[-91.087,32.976],[-91.065,32.926],[-91.071,32.889],[-91.106,32.858],[-91.145,32.843],[-91.162,32.812],[-91.165,32.751],[-91.061,32.727],[-91.064,32.703],[-91.118,32.674],[-91.153,32.641],[-91.146,32.604],[-91.119,32.585],[-91.05,32.607],[-91.036,32.58],[-91.08,32.556],[-91.051,32.531],[-90.995,32.509],[-91.038,32.49],[-91.094,32.549],[-91.117,32.5],[-91.095,32.459],[-91.03,32.434],[-90.994,32.451],[-90.966,32.434],[-90.994,32.404],[-91.005,32.368],[-90.987,32.352],[-90.912,32.339],[-90.916,32.304],[-90.948,32.283],[-90.976,32.296],[-90.984,32.211],[-91.034,32.242],[-91.117,32.207],[-91.164,32.197],[-91.175,32.155],[-91.163,32.133],[-91.111,32.125],[-91.05,32.157],[-91.003,32.162],[-91.039,32.098],[-91.08,32.079],[-91.099,32.048],[-91.076,32.017],[-91.117,31.987],[-91.164,31.983],[-91.188,31.961],[-91.201,31.909],[-91.268,31.863],[-91.346,31.843],[-91.366,31.762],[-91.286,31.772],[-91.276,31.746],[-91.365,31.748],[-91.397,31.711],[-91.396,31.644],[-91.421,31.612],[-91.464,31.62],[-91.498,31.645],[-91.517,31.612],[-91.485,31.586],[-91.423,31.597],[-91.408,31.569],[-91.45,31.54],[-91.516,31.531],[-91.513,31.444],[-91.472,31.396],[-91.479,31.365],[-91.516,31.37],[-91.548,31.433],[-91.578,31.399],[-91.55,31.376],[-91.549,31.347],[-91.51,31.317],[-91.519,31.275],[-91.574,31.261],[-91.638,31.268],[-91.644,31.234],[-91.59,31.194],[-91.626,31.117],[-91.568,31.07],[-91.564,31.039],[-91.625,30.999],[-91.068,30.999],[-90.734,30.999],[-90.381,31],[-89.753,31.002],[-89.728,30.993],[-89.756,30.943],[-89.745,30.919],[-89.774,30.897],[-89.768,30.866],[-89.784,30.827],[-89.832,30.765],[-89.828,30.725],[-89.847,30.67],[-89.825,30.649],[-89.822,30.605],[-89.768,30.515],[-89.725,30.492],[-89.683,30.452],[-89.684,30.406],[-89.657,30.357],[-89.63,30.339],[-89.647,30.291],[-89.617,30.227],[-89.57,30.18],[-89.528,30.189],[-89.498,30.182],[-89.449,30.204],[-89.421,30.229],[-89.414,30.258],[-89.33,30.303],[-89.349,30.371],[-89.315,30.376],[-89.269,30.341],[-89.272,30.305],[-89.078,30.37],[-89.016,30.385],[-88.922,30.394],[-88.81,30.395],[-88.747,30.348],[-88.701,30.344],[-88.664,30.362],[-88.527,30.342],[-88.504,30.32],[-88.454,30.33],[-88.45,30.355],[-88.395,30.369],[-88.419,30.867],[-88.439,31.247],[-88.464,31.698],[-88.473,31.894],[-88.404,32.449],[-88.373,32.712],[-88.331,33.073],[-88.277,33.512],[-88.252,33.72],[-88.211,34.029],[-88.134,34.623],[-88.098,34.892],[-88.155,34.922],[-88.2,34.996],[-88.684,34.996],[-89.157,34.994],[-89.435,34.994],[-89.956,34.995],[-90.308,34.996],[-90.246,34.949],[-90.258,34.893],[-90.318,34.871],[-90.4,34.828],[-90.439,34.825],[-90.429,34.867],[-90.462,34.892],[-90.484,34.864],[-90.455,34.821],[-90.476,34.794],[-90.448,34.739],[-90.475,34.724],[-90.524,34.731],[-90.493,34.772],[-90.521,34.802],[-90.548,34.783],[-90.539,34.755],[-90.572,34.713],[-90.532,34.696],[-90.474,34.705],[-90.469,34.67],[-90.517,34.631],[-90.591,34.619],[-90.54,34.558],[-90.581,34.516],[-90.593,34.477],[-90.578,34.431],[-90.614,34.39],[-90.769,34.348],[-90.736,34.312],[-90.766,34.27],[-90.834,34.274],[-90.839,34.216],[-90.881,34.216],[-90.906,34.244],[-90.935,34.218],[-90.888,34.182],[-90.817,34.183],[-90.808,34.162],[-90.86,34.139],[-90.91,34.166],[-90.959,34.135],[-90.948,34.11],[-90.871,34.081],[-90.896,34.025],[-90.988,34.019],[-90.962,33.98],[-91,33.966],[-91.019,34.003],[-91.049,33.993],[-91.083,34.009],[-91.09,33.964],[-91.01,33.932],[-91.07,33.873],[-91.049,33.816],[-90.992,33.793],[-91.001,33.769],[-91.053,33.778],[-91.108,33.772],[-91.134,33.783],[-91.149,33.731],[-91.117,33.705],[-91.061,33.715],[-91.031,33.679],[-91.091,33.658],[-91.133,33.677],[-91.16,33.707],[-91.211,33.7],[-91.212,33.657],[-91.137,33.627],[-91.137,33.59],[-91.171,33.568],[-91.225,33.568],[-91.219,33.53],[-91.185,33.508],[-91.235,33.439],[-91.207,33.434],[-91.17,33.452],[-91.177,33.487],[-91.132,33.482],[-91.119,33.446],[-91.139,33.427],[-91.209,33.404],[-91.142,33.38],[-91.1,33.407],[-91.094,33.443],[-91.058,33.429],[-91.142,33.349],[-91.142,33.3],[-91.128,33.269],[-91.086,33.274],[-91.05,33.251],[-91.1,33.219],[-91.08,33.17],[-91.086,33.137],[-91.15,33.131],[-91.184,33.142],[-91.201,33.11],[-91.125,33.064],[-91.125,33.039],[-91.166,33.004]]]},"properties":{"abbr":"MS","name":"Mississippi"}},{"type":"Feature","geometry":{"type":"MultiPolygon","coordinates":[[[[-75.727,35.936],[-75.661,35.863],[-75.668,35.824],[-75.614,35.816],[-75.628,35.883],[-75.691,35.937],[-75.727,35.936]]],[[[-75.732,35.2],[-75.649,35.222],[-75.558,35.234],[-75.58,35.263],[-75.668,35.219],[-75.732,35.2]]],[[[-76.33,34.848],[-76.243,34.908],[-76.186,34.956],[-76.074,35.039],[-76.089,35.045],[-76.196,34.959],[-76.227,34.926],[-76.33,34.848]]],[[[-81.678,36.588],[-81.708,36.536],[-81.695,36.468],[-81.741,36.413],[-81.717,36.348],[-81.765,36.339],[-81.791,36.356],[-81.833,36.347],[-81.908,36.302],[-82.033,36.12],[-82.08,36.107],[-82.131,36.106],[-82.148,36.15],[-82.205,36.157],[-82.248,36.131],[-82.289,36.136],[-82.355,36.116],[-82.409,36.083],[-82.461,36.008],[-82.505,35.978],[-82.55,35.964],[-82.611,35.967],[-82.602,36.036],[-82.632,36.066],[-82.684,36.046],[-82.785,35.988],[-82.787,35.952],[-82.826,35.93],[-82.853,35.949],[-82.893,35.945],[-82.913,35.924],[-82.896,35.88],[-82.917,35.841],[-82.946,35.825],[-82.964,35.79],[-82.992,35.774],[-83.079,35.789],[-83.12,35.766],[-83.159,35.765],[-83.186,35.73],[-83.241,35.727],[-83.256,35.696],[-83.313,35.655],[-83.335,35.665],[-83.367,35.639],[-83.446,35.612],[-83.498,35.563],[-83.63,35.568],[-83.772,35.562],[-83.826,35.524],[-83.883,35.517],[-83.912,35.476],[-83.961,35.464],[-84.015,35.412],[-84.008,35.372],[-84.038,35.348],[-84.021,35.301],[-84.056,35.268],[-84.107,35.252],[-84.199,35.244],[-84.224,35.269],[-84.29,35.226],[-84.322,34.988],[-84.13,34.988],[-83.62,34.987],[-83.62,34.992],[-83.323,34.996],[-83.11,35.001],[-82.783,35.086],[-82.758,35.068],[-82.686,35.108],[-82.542,35.162],[-82.495,35.165],[-82.39,35.215],[-82.371,35.181],[-82.275,35.2],[-82.177,35.194],[-81.716,35.179],[-81.242,35.16],[-81.044,35.15],[-81.033,35.114],[-81.057,35.086],[-81.041,35.045],[-80.935,35.107],[-80.782,34.936],[-80.798,34.82],[-80.5,34.817],[-79.871,34.805],[-79.675,34.805],[-79.358,34.545],[-79.25,34.45],[-78.875,34.134],[-78.547,33.856],[-78.38,33.903],[-78.248,33.915],[-78.12,33.91],[-78.016,33.889],[-77.996,33.855],[-77.96,33.843],[-77.953,33.896],[-77.916,33.972],[-77.875,34.075],[-77.829,34.163],[-77.775,34.233],[-77.689,34.32],[-77.583,34.401],[-77.492,34.456],[-77.307,34.545],[-77.234,34.593],[-77.24,34.603],[-77.117,34.687],[-77.093,34.673],[-77.005,34.692],[-76.892,34.725],[-76.842,34.729],[-76.734,34.721],[-76.627,34.719],[-76.604,34.79],[-76.575,34.74],[-76.513,34.72],[-76.514,34.754],[-76.473,34.769],[-76.451,34.808],[-76.347,34.873],[-76.28,34.941],[-76.249,35.001],[-76.364,35.037],[-76.321,34.975],[-76.38,34.97],[-76.423,34.951],[-76.436,35.058],[-76.463,35.076],[-76.497,35.008],[-76.565,34.998],[-76.579,34.976],[-76.631,34.989],[-76.676,34.959],[-76.708,34.954],[-76.727,34.928],[-76.761,34.916],[-76.811,34.939],[-76.848,34.936],[-76.936,34.973],[-76.98,35.009],[-76.998,35.077],[-76.953,35.057],[-76.82,34.971],[-76.771,34.977],[-76.712,35.004],[-76.569,35.098],[-76.542,35.145],[-76.601,35.197],[-76.527,35.185],[-76.483,35.25],[-76.499,35.306],[-76.616,35.343],[-76.651,35.34],[-76.719,35.375],[-76.8,35.391],[-76.844,35.424],[-76.877,35.425],[-76.925,35.449],[-76.966,35.434],[-76.979,35.483],[-76.906,35.459],[-76.88,35.46],[-76.769,35.427],[-76.711,35.429],[-76.648,35.403],[-76.578,35.388],[-76.607,35.455],[-76.597,35.482],[-76.638,35.513],[-76.599,35.54],[-76.537,35.529],[-76.467,35.539],[-76.491,35.504],[-76.536,35.509],[-76.562,35.491],[-76.565,35.449],[-76.533,35.432],[-76.51,35.397],[-76.438,35.399],[-76.418,35.425],[-76.362,35.374],[-76.413,35.376],[-76.412,35.346],[-76.342,35.342],[-76.357,35.384],[-76.326,35.386],[-76.306,35.355],[-76.268,35.34],[-76.174,35.347],[-76.156,35.338],[-76.091,35.369],[-76.071,35.41],[-76.016,35.442],[-75.989,35.485],[-75.963,35.494],[-75.957,35.526],[-75.92,35.562],[-75.853,35.585],[-75.812,35.583],[-75.752,35.608],[-75.735,35.63],[-75.78,35.684],[-75.767,35.706],[-75.726,35.714],[-75.739,35.749],[-75.735,35.837],[-75.749,35.884],[-75.809,35.959],[-75.871,35.979],[-75.947,35.96],[-75.922,35.936],[-75.986,35.889],[-75.976,35.838],[-75.994,35.813],[-75.983,35.773],[-76.001,35.725],[-76,35.694],[-76.019,35.654],[-76.061,35.717],[-76.05,35.807],[-76.063,35.853],[-76.013,35.922],[-76.025,35.97],[-76.063,35.991],[-76.171,35.995],[-76.283,35.968],[-76.325,35.939],[-76.371,35.934],[-76.4,35.982],[-76.554,35.94],[-76.662,35.932],[-76.707,35.945],[-76.719,35.965],[-76.682,35.99],[-76.731,36.075],[-76.754,36.148],[-76.75,36.211],[-76.711,36.223],[-76.721,36.148],[-76.676,36.044],[-76.636,36.037],[-76.616,36.055],[-76.58,36.011],[-76.514,36.007],[-76.46,36.024],[-76.404,36.079],[-76.316,36.101],[-76.372,36.118],[-76.458,36.185],[-76.438,36.192],[-76.39,36.162],[-76.374,36.138],[-76.323,36.135],[-76.214,36.096],[-76.207,36.138],[-76.167,36.124],[-76.072,36.14],[-76.08,36.199],[-76.117,36.214],[-76.144,36.259],[-76.174,36.264],[-76.173,36.302],[-76.106,36.272],[-76.08,36.238],[-76.054,36.235],[-76.017,36.186],[-75.96,36.199],[-75.961,36.251],[-75.917,36.238],[-75.907,36.209],[-75.863,36.16],[-75.867,36.127],[-75.798,36.072],[-75.799,36.118],[-75.84,36.177],[-75.837,36.204],[-75.864,36.229],[-75.924,36.368],[-75.956,36.401],[-75.972,36.437],[-76.012,36.447],[-76.043,36.511],[-76.003,36.537],[-75.989,36.495],[-75.9,36.482],[-75.888,36.442],[-75.843,36.42],[-75.848,36.378],[-75.829,36.366],[-75.811,36.249],[-75.772,36.218],[-75.746,36.144],[-75.752,36.122],[-75.737,36.041],[-75.645,35.964],[-75.615,35.926],[-75.623,35.892],[-75.57,35.863],[-75.659,36.02],[-75.718,36.114],[-75.773,36.229],[-75.819,36.358],[-75.868,36.55],[-76.193,36.55],[-76.807,36.551],[-76.916,36.544],[-77.153,36.544],[-77.75,36.546],[-78.51,36.541],[-78.972,36.542],[-79.511,36.541],[-79.887,36.543],[-80.295,36.544],[-80.705,36.562],[-80.838,36.559],[-81.308,36.575],[-81.375,36.575],[-81.678,36.588]]]]},"properties":{"abbr":"NC","name":"North Carolina"}},{"type":"Feature","geometry":{"type":"MultiPolygon","coordinates":[[[[-75.648,37.967],[-75.679,37.943],[-75.719,37.934],[-75.743,37.912],[-75.679,37.888],[-75.744,37.786],[-75.771,37.805],[-75.816,37.789],[-75.787,37.757],[-75.83,37.735],[-75.852,37.685],[-75.91,37.623],[-75.941,37.564],[-75.983,37.416],[-75.967,37.4],[-76.012,37.334],[-76.026,37.257],[-76.013,37.206],[-75.977,37.154],[-75.97,37.117],[-75.928,37.13],[-75.898,37.119],[-75.821,37.193],[-75.792,37.282],[-75.757,37.314],[-75.675,37.432],[-75.691,37.474],[-75.662,37.491],[-75.6,37.571],[-75.615,37.609],[-75.589,37.691],[-75.527,37.789],[-75.489,37.832],[-75.406,37.899],[-75.346,37.891],[-75.242,38.027],[-75.624,37.994],[-75.648,37.967]]],[[[-81.968,37.538],[-82.316,37.295],[-82.351,37.267],[-82.499,37.227],[-82.722,37.12],[-82.722,37.058],[-82.782,37.008],[-82.823,37.004],[-82.869,36.974],[-82.856,36.952],[-82.879,36.889],[-82.97,36.858],[-83.073,36.855],[-83.133,36.783],[-83.136,36.743],[-83.195,36.739],[-83.386,36.687],[-83.424,36.667],[-83.532,36.665],[-83.615,36.634],[-83.675,36.601],[-83.623,36.598],[-83.276,36.598],[-83.261,36.594],[-82.888,36.593],[-82.467,36.594],[-82.21,36.596],[-81.934,36.594],[-81.923,36.616],[-81.647,36.612],[-81.678,36.588],[-81.375,36.575],[-81.308,36.575],[-80.838,36.559],[-80.705,36.562],[-80.295,36.544],[-79.887,36.543],[-79.511,36.541],[-78.972,36.542],[-78.51,36.541],[-77.75,36.546],[-77.153,36.544],[-76.916,36.544],[-76.807,36.551],[-76.193,36.55],[-75.868,36.55],[-75.891,36.631],[-75.95,36.761],[-75.996,36.922],[-76.042,36.93],[-76.09,36.908],[-76.222,36.94],[-76.296,36.969],[-76.33,36.942],[-76.316,36.888],[-76.351,36.88],[-76.388,36.9],[-76.48,36.914],[-76.486,36.957],[-76.563,37.004],[-76.586,37.029],[-76.646,37.036],[-76.67,37.06],[-76.657,37.11],[-76.672,37.142],[-76.664,37.174],[-76.687,37.197],[-76.715,37.148],[-76.818,37.205],[-76.903,37.2],[-76.947,37.228],[-76.822,37.244],[-76.794,37.231],[-76.758,37.192],[-76.693,37.224],[-76.63,37.207],[-76.604,37.16],[-76.625,37.127],[-76.567,37.084],[-76.464,37.028],[-76.452,36.998],[-76.411,36.963],[-76.341,37.015],[-76.3,37.009],[-76.271,37.088],[-76.311,37.137],[-76.381,37.156],[-76.402,37.207],[-76.472,37.216],[-76.509,37.239],[-76.417,37.265],[-76.362,37.269],[-76.444,37.367],[-76.416,37.409],[-76.349,37.372],[-76.309,37.329],[-76.248,37.379],[-76.256,37.453],[-76.272,37.486],[-76.317,37.485],[-76.359,37.513],[-76.362,37.535],[-76.312,37.546],[-76.333,37.57],[-76.429,37.587],[-76.433,37.613],[-76.527,37.611],[-76.59,37.666],[-76.597,37.717],[-76.62,37.745],[-76.677,37.756],[-76.681,37.78],[-76.734,37.799],[-76.783,37.863],[-76.741,37.855],[-76.702,37.823],[-76.627,37.8],[-76.586,37.772],[-76.542,37.708],[-76.534,37.661],[-76.502,37.644],[-76.452,37.649],[-76.402,37.627],[-76.355,37.62],[-76.34,37.656],[-76.302,37.691],[-76.307,37.822],[-76.266,37.817],[-76.237,37.891],[-76.344,37.947],[-76.408,37.963],[-76.475,37.992],[-76.477,38.014],[-76.516,38.026],[-76.535,38.074],[-76.601,38.11],[-76.612,38.149],[-76.69,38.16],[-76.729,38.132],[-76.76,38.167],[-76.839,38.163],[-76.962,38.214],[-76.962,38.256],[-77.031,38.312],[-77.015,38.333],[-77.018,38.382],[-77.053,38.399],[-77.085,38.368],[-77.138,38.368],[-77.163,38.346],[-77.24,38.331],[-77.28,38.339],[-77.326,38.444],[-77.308,38.497],[-77.257,38.561],[-77.265,38.58],[-77.224,38.646],[-77.202,38.618],[-77.13,38.635],[-77.133,38.674],[-77.041,38.726],[-77.039,38.792],[-77.032,38.851],[-77.067,38.899],[-77.12,38.934],[-77.147,38.964],[-77.198,38.967],[-77.245,38.983],[-77.245,39.02],[-77.34,39.063],[-77.375,39.061],[-77.463,39.076],[-77.527,39.146],[-77.458,39.225],[-77.487,39.248],[-77.543,39.267],[-77.567,39.306],[-77.616,39.303],[-77.676,39.324],[-77.72,39.321],[-77.747,39.295],[-77.794,39.21],[-77.828,39.132],[-78.158,39.343],[-78.347,39.466],[-78.34,39.353],[-78.36,39.318],[-78.419,39.257],[-78.4,39.244],[-78.439,39.198],[-78.404,39.167],[-78.46,39.113],[-78.478,39.11],[-78.572,39.032],[-78.55,39.018],[-78.602,38.965],[-78.647,38.968],[-78.68,38.925],[-78.716,38.905],[-78.739,38.927],[-78.788,38.885],[-78.869,38.763],[-78.994,38.85],[-79.027,38.792],[-79.073,38.748],[-79.093,38.702],[-79.093,38.66],[-79.131,38.653],[-79.163,38.583],[-79.206,38.525],[-79.211,38.493],[-79.28,38.424],[-79.312,38.412],[-79.477,38.457],[-79.537,38.551],[-79.649,38.592],[-79.699,38.475],[-79.69,38.431],[-79.744,38.354],[-79.81,38.305],[-79.788,38.273],[-79.846,38.24],[-79.898,38.193],[-79.945,38.132],[-79.926,38.107],[-80.003,37.993],[-80.075,37.942],[-80.142,37.883],[-80.162,37.875],[-80.219,37.81],[-80.23,37.778],[-80.296,37.692],[-80.267,37.646],[-80.221,37.628],[-80.259,37.595],[-80.329,37.564],[-80.3,37.508],[-80.476,37.423],[-80.511,37.482],[-80.552,37.474],[-80.705,37.395],[-80.77,37.372],[-80.784,37.395],[-80.857,37.427],[-80.883,37.384],[-80.849,37.347],[-80.948,37.296],[-80.98,37.302],[-81.113,37.278],[-81.225,37.235],[-81.32,37.299],[-81.362,37.338],[-81.437,37.274],[-81.561,37.207],[-81.678,37.201],[-81.739,37.238],[-81.762,37.276],[-81.854,37.288],[-81.854,37.307],[-81.917,37.349],[-81.936,37.379],[-81.932,37.415],[-81.949,37.446],[-81.997,37.477],[-81.943,37.509],[-81.968,37.538]]]]},"properties":{"abbr":"VA","name":"Virginia"}},{"type":"Feature","geometry":{"type":"Polygon","coordinates":[[[-82.593,38.422],[-82.598,38.345],[-82.576,38.328],[-82.575,38.264],[-82.613,38.235],[-82.598,38.217],[-82.611,38.172],[-82.637,38.139],[-82.586,38.107],[-82.551,38.071],[-82.514,37.999],[-82.466,37.985],[-82.502,37.933],[-82.423,37.887],[-82.398,37.822],[-82.34,37.786],[-82.334,37.743],[-82.272,37.664],[-82.226,37.653],[-82.182,37.627],[-82.157,37.593],[-82.132,37.593],[-82.105,37.56],[-82.064,37.537],[-81.968,37.538],[-81.943,37.509],[-81.997,37.477],[-81.949,37.446],[-81.932,37.415],[-81.936,37.379],[-81.917,37.349],[-81.854,37.307],[-81.854,37.288],[-81.762,37.276],[-81.739,37.238],[-81.678,37.201],[-81.561,37.207],[-81.437,37.274],[-81.362,37.338],[-81.32,37.299],[-81.225,37.235],[-81.113,37.278],[-80.98,37.302],[-80.948,37.296],[-80.849,37.347],[-80.883,37.384],[-80.857,37.427],[-80.784,37.395],[-80.77,37.372],[-80.705,37.395],[-80.552,37.474],[-80.511,37.482],[-80.476,37.423],[-80.3,37.508],[-80.329,37.564],[-80.259,37.595],[-80.221,37.628],[-80.267,37.646],[-80.296,37.692],[-80.23,37.778],[-80.219,37.81],[-80.162,37.875],[-80.142,37.883],[-80.075,37.942],[-80.003,37.993],[-79.926,38.107],[-79.945,38.132],[-79.898,38.193],[-79.846,38.24],[-79.788,38.273],[-79.81,38.305],[-79.744,38.354],[-79.69,38.431],[-79.699,38.475],[-79.649,38.592],[-79.537,38.551],[-79.477,38.457],[-79.312,38.412],[-79.28,38.424],[-79.211,38.493],[-79.206,38.525],[-79.163,38.583],[-79.131,38.653],[-79.093,38.66],[-79.093,38.702],[-79.073,38.748],[-79.027,38.792],[-78.994,38.85],[-78.869,38.763],[-78.788,38.885],[-78.739,38.927],[-78.716,38.905],[-78.68,38.925],[-78.647,38.968],[-78.602,38.965],[-78.55,39.018],[-78.572,39.032],[-78.478,39.11],[-78.46,39.113],[-78.404,39.167],[-78.439,39.198],[-78.4,39.244],[-78.419,39.257],[-78.36,39.318],[-78.34,39.353],[-78.347,39.466],[-78.158,39.343],[-77.828,39.132],[-77.794,39.21],[-77.747,39.295],[-77.72,39.321],[-77.756,39.334],[-77.753,39.423],[-77.786,39.447],[-77.796,39.49],[-77.846,39.499],[-77.866,39.518],[-77.878,39.563],[-77.842,39.564],[-77.838,39.606],[-77.885,39.616],[-77.939,39.587],[-78.011,39.604],[-78.078,39.669],[-78.171,39.696],[-78.254,39.64],[-78.267,39.619],[-78.352,39.64],[-78.362,39.626],[-78.421,39.624],[-78.454,39.574],[-78.417,39.55],[-78.469,39.517],[-78.566,39.519],[-78.623,39.54],[-78.689,39.546],[-78.767,39.587],[-78.778,39.622],[-78.826,39.589],[-78.875,39.523],[-78.934,39.486],[-78.957,39.44],[-79.034,39.468],[-79.083,39.471],[-79.214,39.363],[-79.249,39.356],[-79.282,39.323],[-79.379,39.272],[-79.424,39.228],[-79.487,39.206],[-79.482,39.532],[-79.477,39.721],[-79.853,39.721],[-80.519,39.721],[-80.519,40.342],[-80.519,40.639],[-80.577,40.614],[-80.627,40.62],[-80.667,40.574],[-80.628,40.536],[-80.599,40.483],[-80.611,40.438],[-80.6,40.318],[-80.622,40.262],[-80.662,40.23],[-80.668,40.2],[-80.705,40.155],[-80.71,40.1],[-80.739,40.076],[-80.731,40.049],[-80.74,39.971],[-80.765,39.947],[-80.756,39.917],[-80.803,39.919],[-80.793,39.864],[-80.827,39.842],[-80.826,39.799],[-80.863,39.775],[-80.865,39.753],[-80.832,39.719],[-80.862,39.694],[-80.88,39.621],[-80.933,39.615],[-81.024,39.552],[-81.101,39.487],[-81.134,39.445],[-81.186,39.431],[-81.224,39.386],[-81.271,39.386],[-81.348,39.346],[-81.396,39.356],[-81.407,39.388],[-81.456,39.409],[-81.558,39.339],[-81.57,39.268],[-81.608,39.276],[-81.678,39.274],[-81.691,39.228],[-81.724,39.217],[-81.756,39.177],[-81.742,39.117],[-81.752,39.09],[-81.808,39.084],[-81.812,39.06],[-81.764,39.015],[-81.782,38.965],[-81.844,38.929],[-81.849,38.901],[-81.889,38.874],[-81.927,38.901],[-81.901,38.938],[-81.933,38.988],[-81.977,38.993],[-81.995,39.022],[-82.038,39.024],[-82.052,38.994],[-82.089,38.976],[-82.143,38.898],[-82.145,38.84],[-82.217,38.796],[-82.182,38.709],[-82.191,38.68],[-82.172,38.626],[-82.189,38.595],[-82.274,38.594],[-82.291,38.579],[-82.304,38.496],[-82.324,38.449],[-82.405,38.439],[-82.53,38.405],[-82.593,38.422]]]},"properties":{"abbr":"WV","name":"West Virginia"}},{"type":"Feature","geometry":{"type":"MultiPolygon","coordinates":[[[[-89.342,30.059],[-89.309,30.04],[-89.184,30.033],[-89.177,30.061],[-89.221,30.071],[-89.228,30.12],[-89.303,30.092],[-89.342,30.059]]],[[[-90.043,29.203],[-89.956,29.253],[-89.985,29.262],[-90.043,29.203]]],[[[-92.032,29.578],[-91.993,29.551],[-91.878,29.504],[-91.846,29.479],[-91.768,29.49],[-91.765,29.525],[-91.713,29.556],[-91.785,29.594],[-91.824,29.603],[-91.866,29.63],[-91.903,29.637],[-91.94,29.61],[-91.983,29.614],[-92.032,29.578]]],[[[-94.043,33.019],[-94.043,32.693],[-94.043,32.27],[-94.043,31.999],[-94.017,31.989],[-93.974,31.922],[-93.897,31.894],[-93.875,31.822],[-93.823,31.775],[-93.836,31.749],[-93.795,31.702],[-93.826,31.667],[-93.816,31.632],[-93.839,31.599],[-93.821,31.558],[-93.781,31.525],[-93.743,31.527],[-93.728,31.489],[-93.749,31.469],[-93.693,31.441],[-93.705,31.419],[-93.671,31.389],[-93.669,31.34],[-93.688,31.31],[-93.644,31.272],[-93.615,31.261],[-93.618,31.233],[-93.589,31.166],[-93.549,31.187],[-93.54,31.114],[-93.552,31.079],[-93.519,31.062],[-93.539,31.008],[-93.569,30.976],[-93.532,30.958],[-93.531,30.925],[-93.574,30.885],[-93.553,30.833],[-93.608,30.748],[-93.62,30.694],[-93.683,30.641],[-93.679,30.594],[-93.714,30.587],[-93.734,30.531],[-93.707,30.511],[-93.717,30.482],[-93.699,30.437],[-93.746,30.396],[-93.763,30.344],[-93.744,30.304],[-93.705,30.29],[-93.719,30.209],[-93.696,30.152],[-93.716,30.069],[-93.74,30.024],[-93.787,29.991],[-93.817,29.921],[-93.855,29.864],[-93.923,29.819],[-93.929,29.797],[-93.898,29.772],[-93.838,29.691],[-93.814,29.708],[-93.74,29.736],[-93.682,29.746],[-93.472,29.769],[-93.346,29.763],[-93.251,29.778],[-93.177,29.77],[-93.065,29.746],[-92.966,29.716],[-92.741,29.622],[-92.652,29.594],[-92.468,29.563],[-92.323,29.531],[-92.255,29.54],[-92.145,29.586],[-92.106,29.612],[-92.136,29.663],[-92.104,29.699],[-92.169,29.7],[-92.2,29.726],[-92.132,29.766],[-92.116,29.74],[-92.036,29.782],[-91.882,29.835],[-91.831,29.829],[-91.826,29.782],[-91.855,29.779],[-91.852,29.708],[-91.773,29.746],[-91.714,29.737],[-91.673,29.746],[-91.628,29.741],[-91.617,29.72],[-91.626,29.629],[-91.555,29.636],[-91.517,29.53],[-91.449,29.546],[-91.424,29.519],[-91.352,29.514],[-91.34,29.49],[-91.266,29.476],[-91.257,29.445],[-91.221,29.436],[-91.22,29.397],[-91.198,29.376],[-91.133,29.341],[-91.119,29.306],[-91.129,29.248],[-91.166,29.254],[-91.169,29.309],[-91.199,29.305],[-91.24,29.356],[-91.265,29.361],[-91.296,29.31],[-91.336,29.303],[-91.288,29.256],[-91.215,29.227],[-91.13,29.221],[-91.065,29.184],[-91.038,29.21],[-91.011,29.176],[-90.96,29.186],[-90.899,29.143],[-90.852,29.074],[-90.804,29.068],[-90.802,29.094],[-90.723,29.136],[-90.694,29.125],[-90.676,29.174],[-90.65,29.172],[-90.636,29.214],[-90.612,29.215],[-90.588,29.271],[-90.532,29.303],[-90.479,29.292],[-90.44,29.349],[-90.398,29.31],[-90.395,29.257],[-90.344,29.289],[-90.308,29.271],[-90.277,29.211],[-90.254,29.144],[-90.234,29.129],[-90.223,29.087],[-90.187,29.103],[-90.048,29.19],[-90.1,29.239],[-90.108,29.265],[-90.075,29.296],[-90.032,29.282],[-90.038,29.333],[-89.998,29.371],[-90.002,29.403],[-89.97,29.432],[-89.969,29.463],[-89.891,29.445],[-89.836,29.475],[-89.844,29.422],[-89.815,29.4],[-89.768,29.389],[-89.609,29.387],[-89.595,29.356],[-89.623,29.346],[-89.647,29.376],[-89.689,29.359],[-89.76,29.35],[-89.791,29.328],[-89.825,29.355],[-89.843,29.319],[-89.64,29.291],[-89.606,29.254],[-89.483,29.215],[-89.447,29.182],[-89.427,29.144],[-89.4,29.124],[-89.351,29.13],[-89.332,29.149],[-89.319,29.202],[-89.276,29.174],[-89.32,29.057],[-89.343,29.058],[-89.37,29.001],[-89.4,28.972],[-89.405,28.932],[-89.283,29.053],[-89.221,29.065],[-89.219,29.023],[-89.159,29.022],[-89.147,29.071],[-89.117,29.074],[-89.104,29.117],[-89.067,29.091],[-89.04,29.135],[-89.097,29.139],[-89.08,29.171],[-89.018,29.176],[-89.026,29.215],[-89.071,29.194],[-89.122,29.202],[-89.115,29.253],[-89.14,29.291],[-89.2,29.344],[-89.235,29.304],[-89.267,29.35],[-89.308,29.372],[-89.339,29.355],[-89.384,29.388],[-89.438,29.388],[-89.47,29.401],[-89.512,29.382],[-89.539,29.387],[-89.539,29.442],[-89.572,29.475],[-89.64,29.504],[-89.677,29.538],[-89.675,29.627],[-89.621,29.636],[-89.565,29.659],[-89.529,29.652],[-89.519,29.702],[-89.485,29.72],[-89.468,29.699],[-89.424,29.698],[-89.431,29.741],[-89.395,29.79],[-89.291,29.767],[-89.293,29.799],[-89.336,29.785],[-89.384,29.84],[-89.315,29.853],[-89.316,29.902],[-89.28,29.927],[-89.243,29.931],[-89.226,29.967],[-89.247,29.993],[-89.275,29.99],[-89.318,29.921],[-89.37,29.892],[-89.381,29.942],[-89.424,29.963],[-89.433,29.991],[-89.382,30.035],[-89.43,30.034],[-89.48,30.075],[-89.492,30.038],[-89.58,29.99],[-89.57,29.961],[-89.592,29.917],[-89.596,29.88],[-89.635,29.863],[-89.705,29.874],[-89.745,29.908],[-89.747,29.945],[-89.819,29.933],[-89.846,29.956],[-89.86,30.003],[-89.818,30.046],[-89.768,30.046],[-89.733,30.022],[-89.721,30.068],[-89.685,30.075],[-89.681,30.105],[-89.624,30.157],[-89.587,30.151],[-89.528,30.189],[-89.57,30.18],[-89.617,30.227],[-89.647,30.291],[-89.63,30.339],[-89.657,30.357],[-89.684,30.406],[-89.683,30.452],[-89.725,30.492],[-89.768,30.515],[-89.822,30.605],[-89.825,30.649],[-89.847,30.67],[-89.828,30.725],[-89.832,30.765],[-89.784,30.827],[-89.768,30.866],[-89.774,30.897],[-89.745,30.919],[-89.756,30.943],[-89.728,30.993],[-89.753,31.002],[-90.381,31],[-90.734,30.999],[-91.068,30.999],[-91.625,30.999],[-91.564,31.039],[-91.568,31.07],[-91.626,31.117],[-91.59,31.194],[-91.644,31.234],[-91.638,31.268],[-91.574,31.261],[-91.519,31.275],[-91.51,31.317],[-91.549,31.347],[-91.55,31.376],[-91.578,31.399],[-91.548,31.433],[-91.516,31.37],[-91.479,31.365],[-91.472,31.396],[-91.513,31.444],[-91.516,31.531],[-91.45,31.54],[-91.408,31.569],[-91.423,31.597],[-91.485,31.586],[-91.517,31.612],[-91.498,31.645],[-91.464,31.62],[-91.421,31.612],[-91.396,31.644],[-91.397,31.711],[-91.365,31.748],[-91.276,31.746],[-91.286,31.772],[-91.366,31.762],[-91.346,31.843],[-91.268,31.863],[-91.201,31.909],[-91.188,31.961],[-91.164,31.983],[-91.117,31.987],[-91.076,32.017],[-91.099,32.048],[-91.08,32.079],[-91.039,32.098],[-91.003,32.162],[-91.05,32.157],[-91.111,32.125],[-91.163,32.133],[-91.175,32.155],[-91.164,32.197],[-91.117,32.207],[-91.034,32.242],[-90.984,32.211],[-90.976,32.296],[-90.948,32.283],[-90.916,32.304],[-90.912,32.339],[-90.987,32.352],[-91.005,32.368],[-90.994,32.404],[-90.966,32.434],[-90.994,32.451],[-91.03,32.434],[-91.095,32.459],[-91.117,32.5],[-91.094,32.549],[-91.038,32.49],[-90.995,32.509],[-91.051,32.531],[-91.08,32.556],[-91.036,32.58],[-91.05,32.607],[-91.119,32.585],[-91.146,32.604],[-91.153,32.641],[-91.118,32.674],[-91.064,32.703],[-91.061,32.727],[-91.165,32.751],[-91.162,32.812],[-91.145,32.843],[-91.106,32.858],[-91.071,32.889],[-91.065,32.926],[-91.087,32.976],[-91.136,32.98],[-91.131,32.93],[-91.16,32.9],[-91.213,32.922],[-91.202,32.961],[-91.166,33.004],[-91.627,33.007],[-91.952,33.007],[-92.223,33.009],[-92.797,33.015],[-93.071,33.018],[-93.491,33.018],[-94.043,33.019]]]]},"properties":{"abbr":"LA","name":"Louisiana"}}]}